Time,Subject,Phase,Recording,Alarms,f,TVb,MVb,Penh,PAU,Rpef,Comp,PIFb,PEFb,Ti,Te,EF50,EIP,EEP,Tr,TB,TP,Tbody,Tc,RH,Rinx,BFCF
2025-12-30 09:46:13.936000,3d,Toxicity,Original,,293.2928466796875,0.1414446234703064,41.48469161987305,0.6866744756698608,0.8416687250137329,0.4112120270729065,11.153897285461426,2.463529586791992,1.989805817604065,0.1024366021156311,0.10213709622621536,0.16929861903190613,6.365042686462402,0,0.05655168741941452,18.026185989379883,15.94333553314209,37,25,30,90,
2025-12-30 09:46:17.936000,3d,Toxicity,Original,,71.22293090820312,0.7117030024528503,50.6895751953125,0.30713242292404175,0.3523487150669098,0.7982431650161743,11.153897285461426,3.2067177295684814,2.44315242767334,0.4440504312515259,0.39837485551834106,0.13514403998851776,12.693422317504883,0,0.3052278459072113,15.550680160522461,21.18072509765625,37,25,30,87.5,
2025-12-30 09:46:23.936000,3d,Toxicity,Original,,109.97379302978516,0.305549681186676,23.348899841308594,2.111741542816162,1.938688039779663,0.13289377093315125,11.153897285461426,2.3802876472473145,2.1180527210235596,0.22999240458011627,0.49221479892730713,0.12483235448598862,11.276572227478027,378.7257995605469,0.22075830399990082,12.589271545410156,2.125896692276001,37,25,30,80,
2025-12-30 09:46:27.936000,3d,Toxicity,Original,,112.77809143066406,0.2976762056350708,33.61781311035156,2.2785935401916504,3.736295461654663,0.144746333360672,11.153897285461426,4.813100337982178,2.541757583618164,0.17761939764022827,0.35565564036369324,0.19832082092761993,9.789007186889648,183.8380126953125,0.07443656772375107,4.541202068328857,59.122596740722656,37,25,30,77.77777862548828,
2025-12-30 09:46:29.936000,3d,Toxicity,Original,,232.39450073242188,0.156957745552063,38.82603073120117,0.5313242077827454,0.5618025660514832,0.5766702890396118,11.153897285461426,2.5323009490966797,2.3624165058135986,0.13513696193695068,0.13895489275455475,0.21039026975631714,12.548788070678711,0,0.09899300336837769,29.284221649169922,15.23310661315918,37,25,30,60,
2025-12-30 09:46:33.936000,3d,Toxicity,Original,,177.06497192382812,0.14383050799369812,25.467344284057617,1.3600538969039917,2.2231359481811523,0.11850648373365402,11.153897285461426,2.365281343460083,1.2938309907913208,0.10258467495441437,0.23627398908138275,0.08906383812427521,5.87405252456665,120.38574981689453,0.07419813424348831,6.057125568389893,39.41512680053711,37,25,30,87.5,
2025-12-30 09:46:35.936000,3d,Toxicity,Original,,207.97119140625,0.10425399988889694,21.68182945251465,0.35035285353660583,0.3340711295604706,0.7201665639877319,11.153897285461426,1.3258665800094604,1.4223120212554932,0.15519900619983673,0.1333024948835373,0.12702953815460205,9.532238960266113,0,0.10129662603139877,26.888946533203125,4.781126499176025,37,25,30,75,
2025-12-30 09:46:37.936000,3d,Toxicity,Original,,111.50664520263672,0.2045644074678421,22.810291290283203,0.07824371010065079,0.13026541471481323,0.8763570189476013,11.153897285461426,2.8723204135894775,1.8314989805221558,0.1934760957956314,0.3446084260940552,0.1439024955034256,141.55499267578125,0,0.3055163025856018,10.677756309509277,,37,25,30,80,
2025-12-30 09:46:39.936000,3d,Toxicity,Original,,152.30816650390625,0.18101148307323456,27.56952667236328,0.8762059211730957,0.8075176477432251,0.43194007873535156,11.153897285461426,2.086113214492798,2.075878381729126,0.171685129404068,0.22225305438041687,0.18334677815437317,44.29813003540039,27.823030471801758,0.12439394742250443,,,37,25,30,50,
2025-12-30 09:46:51.936000,3d,Toxicity,Original,,155.84181213378906,0.18211698532104492,25.691198348999023,2.3656508922576904,2.558699131011963,0.20766030251979828,11.153897285461426,2.6922481060028076,2.1411361694335938,0.1267709583044052,0.3285723030567169,0.12743647396564484,5.7344651222229,160.83251953125,0.08977938443422318,8.41433048248291,36.49980545043945,37,25,30,95.77465057373047,
2025-12-30 09:46:53.936000,3d,Toxicity,Original,,110.84159851074219,0.1308457851409912,14.503155708312988,3.2181692123413086,3.7320375442504883,0.41060927510261536,11.153897285461426,1.873957872390747,1.349780559539795,0.12242328375577927,0.41888973116874695,0.09278659522533417,5.4751996994018555,209.07530212402344,0.0893402248620987,2.6246304512023926,,37,25,30,50,
2025-12-30 09:46:53.936000,Measuring Baseline.,,,,,,,,,,,,,,,,,,,,,,,,,
2025-12-30 09:46:53.936000,Create measurement 'Baseline'. Duration: 00:07:54.3989115,,,,,,,,,,,,,,,,,,,,,,,,,
2025-12-30 09:46:55.936000,3d,Toxicity,Original,,117.35028076171875,0.16953089833259583,19.901769638061523,1.1543536186218262,1.0359339714050293,0.21759183704853058,11.153897285461426,1.509325385093689,1.3329980373382568,0.2318623960018158,0.2795540988445282,0.07244773954153061,11.253715515136719,98.47529602050781,0.15571312606334686,4.783984184265137,32.56733322143555,37,25,30,60,
2025-12-30 09:47:01.936000,3d,Toxicity,Original,,55.027645111083984,1.9823408126831055,101.73873901367188,0.5268354415893555,0.9043763279914856,0.7722890973091125,11.153897285461426,8.084577560424805,3.6180005073547363,0.5283204317092896,0.6819710731506348,0.20736274123191833,15.113653182983398,0,0.34745174646377563,,3.962299346923828,37,25,30,66.66666412353516,
2025-12-30 09:47:07.936000,3d,Toxicity,Original,,151.259765625,0.20892685651779175,25.191614151000977,0.5331515073776245,0.6036655902862549,0.5207543969154358,11.153897285461426,1.7521047592163086,1.637609601020813,0.19293732941150665,0.2847113609313965,0.09997604042291641,15.719079971313477,44.109100341796875,0.1982107162475586,7.8574934005737305,13.221136093139648,37,25,30,75,
2025-12-30 09:47:11.936000,3d,Toxicity,Original,,26.762495040893555,2.7951531410217285,74.8052749633789,0.855959415435791,1.3547101020812988,0.943404495716095,11.153897285461426,8.245781898498535,3.7823996543884277,0.6392374634742737,1.602705955505371,0.20495621860027313,15.477338790893555,0,0.693036675453186,,30.162275314331055,37,25,30,66.66666412353516,
2025-12-30 09:47:15.936000,3d,Toxicity,Original,,31.441722869873047,2.9630329608917236,93.1628646850586,1.9115829467773438,3.2955734729766846,0.44762182235717773,11.153897285461426,9.916322708129883,6.61969518661499,0.572343111038208,1.335949182510376,0.1921098679304123,20.06497573852539,463.63623046875,0.31649142503738403,7.566339015960693,7.163560390472412,37,25,30,80,
2025-12-30 09:47:23.936000,3d,Toxicity,Original,,50.89155578613281,2.5865252017974854,131.63229370117188,0.2473444938659668,0.5209523439407349,0.8440908789634705,11.153897285461426,9.584649085998535,5.997186660766602,0.47763121128082275,0.7013462781906128,0.23876893520355225,16.21803092956543,0,0.47715795040130615,18.02773666381836,,37,25,30,83.33333587646484,
2025-12-30 09:47:29.936000,3d,Toxicity,Original,,59.1223030090332,1.9634003639221191,116.08074951171875,0.5821117162704468,0.7501177191734314,0.4855411648750305,11.153897285461426,6.84847354888916,5.824579238891602,0.5411472320556641,0.4736982583999634,0.4971373677253723,72.76506805419922,0,0.2998635172843933,14.266491889953613,18.160974502563477,37,25,30,87.5,
2025-12-30 09:47:31.936000,3d,Toxicity,Original,,209.04550170898438,0.11550751328468323,24.146326065063477,1.0495320558547974,0.7556183934211731,0.4454882740974426,11.153897285461426,1.4549540281295776,1.931175947189331,0.13886679708957672,0.14815203845500946,0.16303414106369019,16.848817825317383,0,0.08712847530841827,19.97610092163086,16.751880645751953,37,25,30,50,
2025-12-30 09:47:33.936000,3d,Toxicity,Original,,146.42971801757812,0.2310527265071869,33.832984924316406,0.35014089941978455,1.104049563407898,0.45370715856552124,11.153897285461426,3.05338191986084,0.857587993144989,0.13204070925712585,0.2777121663093567,0.05953764542937279,10.86345100402832,68.35363006591797,0.133803129196167,6.604400157928467,24.891094207763672,37,25,30,87.5,
2025-12-30 09:47:37.936000,3d,Toxicity,Original,,193.70367431640625,0.1222362220287323,23.961353302001953,0.6537933349609375,0.6706252098083496,0.6009162664413452,11.153897285461426,1.2535845041275024,1.2608875036239624,0.16730061173439026,0.1500365287065506,0.10334258526563644,6.636762619018555,0,0.0931210070848465,10.1174955368042,12.517539978027344,37,25,30,80,
2025-12-30 09:47:41.936000,3d,Toxicity,Original,,269.6015319824219,0.23288097977638245,62.78506851196289,0.7005312442779541,0.9642009735107422,0.5133959650993347,11.153897285461426,3.172975540161133,2.3696656227111816,0.11347305774688721,0.10907760262489319,0.21212974190711975,4.694873809814453,0,0.05640309676527977,13.150656700134277,24.106050491333008,37,25,30,87.5,
2025-12-30 09:47:43.936000,3d,Toxicity,Original,,153.4848175048828,0.23464934527873993,36.015113830566406,3.147306203842163,3.6057608127593994,0.15249726176261902,11.153897285461426,3.5149126052856445,2.7490761280059814,0.12861834466457367,0.2622997760772705,0.21594186127185822,5.582632541656494,145.8090362548828,0.05779948830604553,9.441200256347656,,37,25,30,80,
2025-12-30 09:47:49.936000,3d,Toxicity,Original,,204.97488403320312,0.1300421953201294,27.4303035736084,1.5279885530471802,1.7757737636566162,0.36914077401161194,11.153897285461426,2.1034858226776123,1.6414334774017334,0.12604652345180511,0.17194148898124695,0.12746058404445648,5.30316686630249,24.535614013671875,0.06576201319694519,11.396544456481934,31.61212730407715,37,25,30,77.77777862548828,
2025-12-30 09:47:57.936000,3d,Toxicity,Original,,114.64225769042969,0.19645605981349945,22.522165298461914,2.311427593231201,2.283057928085327,0.14649711549282074,11.153897285461426,2.5626025199890137,2.2410356998443604,0.18206359446048737,0.34130364656448364,0.1592455506324768,7.155372619628906,191.89633178710938,0.10607931762933731,,,37,25,30,93.33333587646484,
2025-12-30 09:47:59.936000,3d,Toxicity,Original,,89.60896301269531,0.23850183188915253,21.371902465820312,0.16951027512550354,0.39646100997924805,0.7479711174964905,11.153897285461426,2.47636342048645,1.0712263584136963,0.13479585945606232,0.5347800254821777,0.04229089617729187,8.630147933959961,0,0.38220474123954773,7.285708427429199,,37,25,30,66.66666412353516,
2025-12-30 09:48:03.936000,3d,Toxicity,Original,,92.3115234375,0.18172739446163177,16.775531768798828,3.901825428009033,3.697679281234741,0.17394816875457764,11.153897285461426,2.355808973312378,2.2128496170043945,0.15557287633419037,0.49440014362335205,0.15001966059207916,10.569107055664062,330.80816650390625,0.10759913176298141,8.438164710998535,53.82248306274414,37,25,30,83.33333587646484,
2025-12-30 09:48:05.936000,3d,Toxicity,Original,,124.51473999023438,0.13921429216861725,17.334230422973633,3.862516403198242,3.773618221282959,0.3009842038154602,11.153897285461426,1.571372389793396,1.4905750751495361,0.1894965022802353,0.2923741638660431,0.11598630994558334,5.23720645904541,138.00250244140625,0.06202166900038719,9.842484474182129,12.677192687988281,37,25,30,50,
2025-12-30 09:48:09.936000,3d,Toxicity,Original,,20.245492935180664,2.4003853797912598,48.59698486328125,0.6479415893554688,1.349261999130249,0.8459882140159607,11.153897285461426,9.129241943359375,3.702021598815918,0.7177284359931946,2.245894193649292,0.1297074258327484,70.3447036743164,0,0.9849035739898682,1.4908599853515625,20.77777099609375,37,25,30,66.66666412353516,
2025-12-30 09:48:23.936000,3d,Toxicity,Original,,165.48757934570312,0.19662322103977203,32.538700103759766,1.8838577270507812,2.579246759414673,0.21325774490833282,11.153897285461426,2.3583014011383057,1.6940735578536987,0.13748523592948914,0.225079745054245,0.15159647166728973,7.719112873077393,88.84058380126953,0.06373085826635361,12.226593017578125,35.712154388427734,37,25,30,94.11764526367188,
2025-12-30 09:48:29.936000,3d,Toxicity,Original,,106.57840728759766,0.23190352320671082,24.71590805053711,3.5894217491149902,4.1641950607299805,0.17429062724113464,11.153897285461426,2.2118349075317383,1.6499135494232178,0.20723813772201538,0.3557276725769043,0.1409124881029129,6.372990131378174,227.6919708251953,0.07039929926395416,5.876926422119141,45.48442840576172,37,25,30,88.88888549804688,
2025-12-30 09:48:33.936000,3d,Toxicity,Original,,218.0312042236328,0.14687636494636536,32.02362823486328,1.1689797639846802,1.7199516296386719,0.2451966404914856,11.153897285461426,3.4695944786071777,2.1675469875335693,0.12021232396364212,0.15497764945030212,0.09218437224626541,7.002461910247803,0,0.05820346996188164,19.6187686920166,33.22952651977539,37,25,30,66.66666412353516,
2025-12-30 09:48:35.936000,3d,Toxicity,Original,,191.54815673828125,0.1649143397808075,31.589038848876953,2.3603720664978027,2.8986096382141113,0.3672333359718323,11.153897285461426,2.2097320556640625,1.749407410621643,0.12806877493858337,0.18516837060451508,0.1323283463716507,4.254560947418213,81.03974914550781,0.04794936254620552,6.687036037445068,28.476957321166992,37,25,30,80,
2025-12-30 09:48:37.936000,3d,Toxicity,Original,,151.3382568359375,0.2486354559659958,37.628055572509766,1.5966161489486694,1.9518980979919434,0.19941331446170807,11.153897285461426,2.461390495300293,1.8882673978805542,0.13569794595241547,0.2607649266719818,0.16360309720039368,4.453352928161621,145.69020080566406,0.08896592259407043,,14.350090980529785,37,25,30,0,
2025-12-30 09:48:37.936000,FinePointe Series WBP [SN 139781]  Site 4 Bias Flow is out of range.,,,,,,,,,,,,,,,,,,,,,,,,,
2025-12-30 09:48:53.936000,3d,Toxicity,Original,,420.1874084472656,0.20140519738197327,84.6279296875,0.1891680806875229,0.18909382820129395,0.8987066745758057,11.153897285461426,5.614598274230957,5.514228820800781,0.07380539923906326,0.06898802518844604,0.38905033469200134,5.237039089202881,0,0.05859271436929703,36.92007827758789,4.575915336608887,37,25,30,98.87640380859375,
2025-12-30 09:48:57.936000,3d,Toxicity,Original,,260.9366149902344,0.20462416112422943,53.39393615722656,0.2520339787006378,0.6282787919044495,0.6733132600784302,11.153897285461426,4.3957414627075195,1.747369408607483,0.10815510153770447,0.12178580462932587,0.08138027787208557,2.6341552734375,0,0.07518978416919708,,7.574207782745361,37,25,30,94.7368392944336,
2025-12-30 09:48:57.936000,FinePointe Series WBP [SN 139781]  Site 1 Bias Flow is out of range.,,,,,,,,,,,,,,,,,,,,,,,,,
2025-12-30 09:49:07.936000,3d,Toxicity,Original,,135.41346740722656,0.2260993868112564,29.75255584716797,1.329602837562561,1.5727589130401611,0.36008670926094055,11.153897285461426,2.5796191692352295,2.091439723968506,0.1673285961151123,0.35817432403564453,0.15666958689689636,6.79843807220459,165.19044494628906,0.1228131353855133,24.805795669555664,7.942021369934082,37,25,30,95.45454406738281,
2025-12-30 09:49:07.936000,FinePointe Series WBP [SN 139781]  Site 1 Bias Flow is out of range.,,,,,,,,,,,,,,,,,,,,,,,,,
2025-12-30 09:49:09.936000,3d,Toxicity,Original,,102.80599975585938,0.3294874429702759,30.141101837158203,0.5593231320381165,0.6079567670822144,0.3630731701850891,11.153897285461426,2.61965012550354,2.150820255279541,0.2708520293235779,0.3987342119216919,0.1364099234342575,31.35346221923828,141.96278381347656,0.2621103525161743,26.329416275024414,9.631884574890137,37,25,30,40,
2025-12-30 09:49:09.936000,FinePointe Series WBP [SN 139781]  Site 4 Bias Flow is out of range.,,,,,,,,,,,,,,,,,,,,,,,,,
2025-12-30 09:49:11.936000,3d,Toxicity,Original,,193.14637756347656,0.15181586146354675,29.32268524169922,2.1140389442443848,2.610509157180786,0.24924559891223907,11.153897285461426,3.0164942741394043,2.263406753540039,0.11003988236188889,0.2006053477525711,0.18402397632598877,9.438116073608398,101.41768646240234,0.057109180837869644,13.464984893798828,47.056270599365234,37,25,30,75,
2025-12-30 09:49:13.936000,3d,Toxicity,Original,,234.52542114257812,0.10973495244979858,25.735637664794922,0.4656933546066284,0.5878919959068298,0.1390301138162613,11.153897285461426,1.7982064485549927,1.3640027046203613,0.14075282216072083,0.1150829866528511,0.09780557453632355,2.288255214691162,83.29524993896484,0.07292580604553223,,,37,25,30,83.33333587646484,
2025-12-30 09:49:15.936000,3d,Toxicity,Original,,192.60330200195312,0.16689293086528778,32.14413070678711,0.5740779638290405,0.8005107641220093,0.4768245220184326,11.153897285461426,2.1563515663146973,1.4411553144454956,0.139550119638443,0.17197102308273315,0.12768875062465668,5.445478439331055,13.343332290649414,0.09636414051055908,18.006839752197266,16.614601135253906,37,25,30,75,
2025-12-30 09:49:15.936000,FinePointe Series WBP [SN 139781]  Site 1 Bias Flow is out of range.,,,,,,,,,,,,,,,,,,,,,,,,,
2025-12-30 09:49:15.936000,FinePointe Series WBP [SN 139781]  Site 4 Bias Flow is out of range.,,,,,,,,,,,,,,,,,,,,,,,,,
2025-12-30 09:49:15.936000,FinePointe Series WBP [SN 139781]  Site 4 Bias Flow is out of range.,,,,,,,,,,,,,,,,,,,,,,,,,
2025-12-30 09:49:15.936000,FinePointe Series WBP [SN 139781]  Site 1 Bias Flow is out of range.,,,,,,,,,,,,,,,,,,,,,,,,,
2025-12-30 09:49:31.936000,3d,Toxicity,Original,,163.106689453125,2.971160888671875,463.2003479003906,1.2849150896072388,1.6447162628173828,0.26553988456726074,11.153897285461426,46.41746520996094,33.653018951416016,0.17283734679222107,0.3087078928947449,2.408569574356079,5.237265110015869,36.47627639770508,0.11759471148252487,0.9062158465385437,27.982006072998047,37,25,30,98.26087188720703,
2025-12-30 09:49:37.936000,3d,Toxicity,Original,,140.5811004638672,1.2940101623535156,181.9133758544922,1.2194052934646606,1.519268274307251,0.11754707992076874,11.153897285461426,19.366498947143555,14.472733497619629,0.15456853806972504,0.2722313404083252,0.32391682267189026,2.4324352741241455,130.8024139404297,0.10845991969108582,,,37,25,30,95.65217590332031,
2025-12-30 09:49:37.936000,FinePointe Series WBP [SN 139781]  Site 4 Bias Flow is out of range.,,,,,,,,,,,,,,,,,,,,,,,,,
2025-12-30 09:49:49.936000,3d,Toxicity,Original,,213.34970092773438,0.1260036677122116,26.882844924926758,0.6869199275970459,0.6374994516372681,0.3158508837223053,11.153897285461426,1.0604830980300903,1.0984535217285156,0.17358268797397614,0.10764572769403458,0.0925900861620903,7.223410129547119,0,0.06897164136171341,15.56256103515625,11.291646957397461,37,25,30,98.21428680419922,
2025-12-30 09:49:49.936000,FinePointe Series WBP [SN 139781]  Site 4 Bias Flow is out of range.,,,,,,,,,,,,,,,,,,,,,,,,,
2025-12-30 09:49:51.936000,3d,Toxicity,Original,,130.84864807128906,0.16634757816791534,21.766355514526367,1.1668745279312134,3.0542802810668945,0.178867369890213,11.153897285461426,2.576456069946289,0.9407033324241638,0.11191950738430023,0.34662553668022156,0.07245740294456482,10.805011749267578,144.5684814453125,0.0866481363773346,5.741180419921875,0.6325350403785706,37,25,30,75,
2025-12-30 09:49:55.936000,3d,Toxicity,Original,,208.8339385986328,0.16692733764648438,33.1541748046875,0.9123919010162354,1.0221260786056519,0.4286503791809082,11.153897285461426,1.7824358940124512,1.5854642391204834,0.16242006421089172,0.13713011145591736,0.1316104233264923,6.325387954711914,0,0.0706712007522583,11.709599494934082,20.32915496826172,37,25,30,57.14285659790039,
2025-12-30 09:49:59.936000,3d,Toxicity,Original,,200.0430908203125,0.1313263326883316,26.270923614501953,0.6318299174308777,0.703350305557251,0.4839261770248413,11.153897285461426,2.0399980545043945,2.0409727096557617,0.1180894672870636,0.18184591829776764,0.18224658071994781,8.488100051879883,61.32143783569336,0.10700616240501404,14.850872039794922,37.95610046386719,37,25,30,88.88888549804688,
2025-12-30 09:49:59.936000,FinePointe Series WBP [SN 139781]  Site 4 Bias Flow is out of range.,,,,,,,,,,,,,,,,,,,,,,,,,
2025-12-30 09:50:01.936000,3d,Toxicity,Original,,124.6697998046875,0.19364066421985626,23.643081665039062,1.8526315689086914,2.382524251937866,0.47042059898376465,11.153897285461426,2.4471263885498047,1.7182197570800781,0.14015886187553406,0.34654781222343445,0.13088324666023254,11.854942321777344,107.31573486328125,0.17137056589126587,21.030635833740234,32.157623291015625,37,25,30,50,
2025-12-30 09:50:03.936000,3d,Toxicity,Original,,99.50685119628906,0.4454770088195801,44.3280143737793,1.078148365020752,2.3984999656677246,0.11201287060976028,11.153897285461426,4.615938186645508,1.64681077003479,0.21016158163547516,0.39281201362609863,0.09446373581886292,10.053853034973145,149.920166015625,0.11772365123033524,6.286164283752441,30.649927139282227,37,25,30,0,
2025-12-30 09:50:05.936000,3d,Toxicity,Original,,170.29002380371094,0.2455468624830246,41.814178466796875,0.8737180233001709,0.7470288276672363,0.4890498220920563,11.153897285461426,2.292574167251587,2.6522045135498047,0.20920537412166595,0.1431346982717514,0.23164479434490204,5.204282760620117,0,0.08296608924865723,20.123096466064453,18.920934677124023,37,25,30,83.33333587646484,
2025-12-30 09:50:07.936000,3d,Toxicity,Original,,196.97213745117188,0.26050278544425964,51.31179428100586,0.64644855260849,0.7728690505027771,0.3829008638858795,11.153897285461426,2.9137465953826904,2.4318594932556152,0.1844760775566101,0.12013553082942963,0.20187246799468994,5.739421367645264,0,0.06888732314109802,9.357752799987793,15.435413360595703,37,25,30,0,
2025-12-30 09:50:07.936000,FinePointe Series WBP [SN 139781]  Site 4 Bias Flow is out of range.,,,,,,,,,,,,,,,,,,,,,,,,,
2025-12-30 09:50:13.936000,3d,Toxicity,Original,,117.49402618408203,0.14369477331638336,16.883277893066406,0.7532056570053101,0.6633166074752808,0.6103456616401672,11.153897285461426,1.267228126525879,1.5334972143173218,0.19936524331569672,0.31129899621009827,0.12686829268932343,15.563033103942871,0,0.18936529755592346,22.05518913269043,15.602553367614746,37,25,30,87.5,
2025-12-30 09:50:19.936000,3d,Toxicity,Original,,125.39897918701172,0.2100154310464859,26.335721969604492,1.8004474639892578,1.908588171005249,0.32521191239356995,11.153897285461426,2.327136993408203,2.168344020843506,0.23247933387756348,0.2459934502840042,0.1942308247089386,11.20491886138916,82.94269561767578,0.086986243724823,15.91082763671875,12.449005126953125,37,25,30,90,
2025-12-30 09:50:19.936000,FinePointe Series WBP [SN 139781]  Site 4 Bias Flow is out of range.,,,,,,,,,,,,,,,,,,,,,,,,,
2025-12-30 09:50:21.936000,3d,Toxicity,Original,,123.48469543457031,0.18841707706451416,23.266626358032227,0.5652991533279419,1.0519824028015137,0.1599494367837906,11.153897285461426,1.5059477090835571,0.8526544570922852,0.22330717742443085,0.2625829875469208,0.06576895713806152,38.828468322753906,134.51222229003906,0.1298220306634903,12.000337600708008,23.062753677368164,37,25,30,66.66666412353516,
2025-12-30 09:50:27.936000,3d,Toxicity,Original,,173.50437927246094,0.14261341094970703,24.744050979614258,0.4231846034526825,0.9845205545425415,0.22354112565517426,11.153897285461426,2.6142358779907227,0.9707452654838562,0.12214010208845139,0.22367249429225922,0.07539194077253342,7.589841365814209,0,0.11560161411762238,3.7565724849700928,17.68015480041504,37,25,30,85.71428680419922,
2025-12-30 09:50:27.936000,FinePointe Series WBP [SN 139781]  Site 4 Bias Flow is out of range.,,,,,,,,,,,,,,,,,,,,,,,,,
2025-12-30 09:50:27.936000,FinePointe Series WBP [SN 139781]  Site 4 Bias Flow is out of range.,,,,,,,,,,,,,,,,,,,,,,,,,
2025-12-30 09:50:45.936000,3d,Toxicity,Original,,160.62310791015625,0.1687754988670349,27.1092472076416,1.0457156896591187,1.383057713508606,0.11833685636520386,11.153897285461426,2.2727243900299072,1.3004474639892578,0.12003166973590851,0.2535135746002197,0.04775601625442505,3.8867616653442383,176.96896362304688,0.10774461925029755,,21.404033660888672,37,25,30,92.85713958740234,
2025-12-30 09:50:47.936000,3d,Toxicity,Original,,117.53166198730469,0.5702458620071411,67.02194213867188,0.7828975915908813,1.131861925125122,0.24325330555438995,11.153897285461426,5.618256092071533,3.400879144668579,0.22273486852645874,0.28776589035987854,0.24196867644786835,11.26274585723877,0,0.13843396306037903,7.863179683685303,26.891637802124023,37,25,30,66.66666412353516,
2025-12-30 09:50:47.936000,FinePointe Series WBP [SN 139781]  Site 4 Bias Flow is out of range.,,,,,,,,,,,,,,,,,,,,,,,,,
2025-12-30 09:50:57.936000,3d,Toxicity,Original,,33.014923095703125,2.5215601921081543,83.24911499023438,0.578503429889679,0.6612564921379089,0.856257438659668,11.153897285461426,6.171844959259033,3.3689956665039062,0.8199962973594666,0.9973636269569397,0.22647124528884888,8.162866592407227,0,0.6199082136154175,3.7176339626312256,7.09258508682251,37,25,30,88.88888549804688,
2025-12-30 09:50:59.936000,3d,Toxicity,Original,,100.83448791503906,0.16036061942577362,16.169879913330078,6.970752239227295,7.773771286010742,0.07871837913990021,11.153897285461426,2.801226854324341,1.8350194692611694,0.16311505436897278,0.4319194555282593,0.11102022975683212,6.658006191253662,276.12298583984375,0.049947526305913925,7.098657131195068,,37,25,30,50,
2025-12-30 09:50:59.936000,FinePointe Series WBP [SN 139781]  Site 4 Bias Flow is out of range.,,,,,,,,,,,,,,,,,,,,,,,,,
2025-12-30 09:51:07.936000,3d,Toxicity,Original,,345.1062316894531,0.14118555188179016,48.72401809692383,0.5792825818061829,0.6182000041007996,0.6663421392440796,11.153897285461426,1.9268752336502075,1.8846839666366577,0.10482589900493622,0.06903360784053802,0.16242921352386475,3.809269905090332,0,0.043102093040943146,12.093234062194824,15.594538688659668,37,25,30,92.30769348144531,
2025-12-30 09:51:07.936000,FinePointe Series WBP [SN 139781]  Site 4 Bias Flow is out of range.,,,,,,,,,,,,,,,,,,,,,,,,,
2025-12-30 09:51:11.936000,3d,Toxicity,Original,,151.47393798828125,0.14771270751953125,21.911222457885742,0.5761710405349731,0.7913078665733337,0.5778443813323975,11.153897285461426,1.6379023790359497,1.0939524173736572,0.2134842574596405,0.1953849494457245,0.06168263405561447,22.096248626708984,3.8750929832458496,0.11107121407985687,11.375200271606445,7.699400424957275,37,25,30,66.66666412353516,
2025-12-30 09:51:11.936000,FinePointe Series WBP [SN 139781]  Site 4 Bias Flow is out of range.,,,,,,,,,,,,,,,,,,,,,,,,,
2025-12-30 09:51:25.936000,3d,Toxicity,Original,,331.22344970703125,0.15902388095855713,52.80693054199219,0.649978518486023,0.6987050771713257,0.580238938331604,11.153897285461426,2.5819311141967773,2.5104117393493652,0.09648096561431885,0.08516740798950195,0.2242138683795929,3.882784843444824,0,0.05061741918325424,13.573978424072266,14.554140090942383,37,25,30,86.66666412353516,
2025-12-30 09:51:25.936000,FinePointe Series WBP [SN 139781]  Site 4 Bias Flow is out of range.,,,,,,,,,,,,,,,,,,,,,,,,,
2025-12-30 09:51:33.936000,3d,Toxicity,Original,,251.36383056640625,0.14480343461036682,35.919921875,0.6249529719352722,0.7697497606277466,0.5398975014686584,11.153897285461426,2.0031912326812744,1.6308679580688477,0.11297191679477692,0.12661926448345184,0.13950219750404358,4.834087371826172,0,0.07264202833175659,11.721736907958984,17.167850494384766,37,25,30,84.61538696289062,
2025-12-30 09:51:33.936000,FinePointe Series WBP [SN 139781]  Site 4 Bias Flow is out of range.,,,,,,,,,,,,,,,,,,,,,,,,,
2025-12-30 09:51:49.936000,3d,Toxicity,Original,,266.7810974121094,0.11870457977056503,31.66813850402832,0.4521658420562744,0.6920549273490906,0.1564750075340271,11.153897285461426,2.4513869285583496,1.4975993633270264,0.10986914485692978,0.11503434926271439,0.0865611582994461,3.0320305824279785,82.42462921142578,0.06847433745861053,,,37,25,30,98.38710021972656,
2025-12-30 09:51:49.936000,FinePointe Series WBP [SN 139781]  Site 3 Bias Flow is out of range.,,,,,,,,,,,,,,,,,,,,,,,,,
2025-12-30 09:51:49.936000,FinePointe Series WBP [SN 139781]  Site 4 Bias Flow is out of range.,,,,,,,,,,,,,,,,,,,,,,,,,
2025-12-30 09:51:59.936000,3d,Toxicity,Original,,26.009296417236328,3.054874897003174,79.45514678955078,1.3111106157302856,1.4815393686294556,0.993006706237793,11.153897285461426,8.004171371459961,5.6550421714782715,0.7540078163146973,1.5528595447540283,0.25461360812187195,14.389803886413574,0,0.6472981572151184,,28.31012725830078,37,25,30,91.66666412353516,
2025-12-30 09:51:59.936000,FinePointe Series WBP [SN 139781]  Site 3 Bias Flow is out of range.,,,,,,,,,,,,,,,,,,,,,,,,,
2025-12-30 09:51:59.936000,FinePointe Series WBP [SN 139781]  Site 4 Bias Flow is out of range.,,,,,,,,,,,,,,,,,,,,,,,,,
2025-12-30 09:51:59.936000,FinePointe Series WBP [SN 139781]  Site 3 Bias Flow is out of range.,,,,,,,,,,,,,,,,,,,,,,,,,
2025-12-30 09:51:59.936000,FinePointe Series WBP [SN 139781]  Site 4 Bias Flow is out of range.,,,,,,,,,,,,,,,,,,,,,,,,,
2025-12-30 09:52:21.936000,3d,Toxicity,Original,,15.949300765991211,2.3203930854797363,37.00864791870117,5.476875305175781,6.109719276428223,0.5482176542282104,11.153897285461426,9.625053405761719,6.788344860076904,0.635424792766571,3.126495599746704,0.5957709550857544,42.41484451293945,932.5289916992188,0.46263808012008667,0.20771649479866028,,37,25,30,98.93617248535156,
2025-12-30 09:52:21.936000,FinePointe Series WBP [SN 139781]  Site 4 Bias Flow is out of range.,,,,,,,,,,,,,,,,,,,,,,,,,
2025-12-30 09:52:23.936000,3d,Toxicity,Original,,102.94886779785156,0.5357705950737,55.1569709777832,0.9418142437934875,0.6122214794158936,0.5946438312530518,11.153897285461426,4.770877361297607,7.38510799407959,0.3002915382385254,0.282522052526474,0.6455584168434143,63.23647689819336,25.906103134155273,0.17961366474628448,20.45602035522461,24.823434829711914,37,25,30,0,
2025-12-30 09:52:23.936000,FinePointe Series WBP [SN 139781]  Site 4 Bias Flow is out of range.,,,,,,,,,,,,,,,,,,,,,,,,,
2025-12-30 09:52:33.936000,3d,Toxicity,Original,,161.5881805419922,0.2953167259693146,47.71969223022461,0.229913130402565,0.34542763233184814,0.7715380787849426,11.153897285461426,3.397517681121826,2.484499454498291,0.16134408116340637,0.20997019112110138,0.2065063714981079,7.358670234680176,0,0.15772084891796112,34.237003326416016,10.328143119812012,37,25,30,92.85713958740234,
2025-12-30 09:52:39.936000,3d,Toxicity,Original,,238.42027282714844,0.15801937878131866,37.675025939941406,1.0924279689788818,1.2711378335952759,0.5792331695556641,11.153897285461426,3.223536252975464,2.647265911102295,0.11008996516466141,0.14156648516654968,0.162895068526268,2.7019519805908203,34.86164855957031,0.0628376305103302,1.3383995294570923,18.735546112060547,37,25,30,85.71428680419922,
2025-12-30 09:52:39.936000,FinePointe Series WBP [SN 139781]  Site 4 Bias Flow is out of range.,,,,,,,,,,,,,,,,,,,,,,,,,
2025-12-30 09:52:39.936000,FinePointe Series WBP [SN 10499C]  Site 1 Bias Flow is out of range.,,,,,,,,,,,,,,,,,,,,,,,,,
2025-12-30 09:52:45.936000,3d,Toxicity,Original,,72.44850158691406,0.22373472154140472,16.209245681762695,0.44716036319732666,0.750056266784668,0.03082233853638172,11.153897285461426,4.2281084060668945,2.5960891246795654,0.11440647393465042,0.7137680053710938,0.10251396894454956,3.9510364532470703,667.2275390625,0.4082483947277069,,,37,25,30,96.66666412353516,
2025-12-30 09:52:49.936000,3d,Toxicity,Original,,175.63796997070312,0.1938551515340805,34.04832458496094,0.9703673124313354,1.1648529767990112,0.14454425871372223,11.153897285461426,2.9361684322357178,2.0565345287323,0.12022630870342255,0.22138547897338867,0.09702473133802414,4.1327433586120605,0,0.10367005318403244,1.658212661743164,21.328413009643555,37,25,30,85.71428680419922,
2025-12-30 09:52:49.936000,FinePointe Series WBP [SN 139781]  Site 4 Bias Flow is out of range.,,,,,,,,,,,,,,,,,,,,,,,,,
2025-12-30 09:52:49.936000,FinePointe Series WBP [SN 10499C]  Site 1 Bias Flow is out of range.,,,,,,,,,,,,,,,,,,,,,,,,,
2025-12-30 09:52:49.936000,FinePointe Series WBP [SN 139781]  Site 4 Bias Flow is out of range.,,,,,,,,,,,,,,,,,,,,,,,,,
2025-12-30 09:52:49.936000,FinePointe Series WBP [SN 10499C]  Site 1 Bias Flow is out of range.,,,,,,,,,,,,,,,,,,,,,,,,,
2025-12-30 09:52:49.936000,FinePointe Series WBP [SN 139781]  Site 4 Bias Flow is out of range.,,,,,,,,,,,,,,,,,,,,,,,,,
2025-12-30 09:52:49.936000,FinePointe Series WBP [SN 10499C]  Site 1 Bias Flow is out of range.,,,,,,,,,,,,,,,,,,,,,,,,,
2025-12-30 09:52:49.936000,FinePointe Series WBP [SN 139781]  Site 4 Bias Flow is out of range.,,,,,,,,,,,,,,,,,,,,,,,,,
2025-12-30 09:53:21.936000,3d,Toxicity,Original,,123.75724792480469,0.28382012248039246,35.12479782104492,0.6377891898155212,0.8232537508010864,0.5182969570159912,11.153897285461426,2.1857168674468994,1.6828497648239136,0.20698705315589905,0.2778330147266388,0.12366031855344772,65.2295913696289,41.221229553222656,0.15485157072544098,18.354963302612305,17.488832473754883,37,25,30,93.33333587646484,
2025-12-30 09:53:21.936000,FinePointe Series WBP [SN 10499C]  Site 1 Bias Flow is out of range.,,,,,,,,,,,,,,,,,,,,,,,,,
2025-12-30 09:53:29.936000,3d,Toxicity,Original,,26.74063491821289,3.640734910964966,97.3555679321289,0.5307708978652954,0.7293462753295898,0.819927453994751,11.153897285461426,8.124549865722656,6.95313024520874,0.7290080189704895,1.514768123626709,0.156850665807724,39.02217102050781,0,0.9081766605377197,1.7605971097946167,,37,25,30,85.71428680419922,
2025-12-30 09:53:31.936000,3d,Toxicity,Original,,121.90435028076172,0.49778589606285095,60.68226623535156,0.467721164226532,0.8908379673957825,0.5353559851646423,11.153897285461426,3.362917184829712,1.6066614389419556,0.2680392265319824,0.2241499125957489,0.1188216358423233,9.110932350158691,0,0.12407131493091583,15.387239456176758,14.175003051757812,37,25,30,50,
2025-12-30 09:53:31.936000,FinePointe Series WBP [SN 139781]  Site 4 Bias Flow is out of range.,,,,,,,,,,,,,,,,,,,,,,,,,
2025-12-30 09:53:31.936000,FinePointe Series WBP [SN 10499C]  Site 1 Bias Flow is out of range.,,,,,,,,,,,,,,,,,,,,,,,,,
2025-12-30 09:53:33.936000,3d,Toxicity,Original,,51.98903274536133,2.9788331985473633,154.8666534423828,0.45543453097343445,0.41416263580322266,0.951577365398407,11.153897285461426,8.826172828674316,9.830741882324219,0.7148189544677734,0.43927064538002014,0.34674444794654846,14.288351058959961,0,0.31609469652175903,14.662091255187988,17.241058349609375,37,25,30,75,
2025-12-30 09:53:41.936000,3d,Toxicity,Original,,155.19790649414062,0.1693745106458664,26.286569595336914,0.5520406365394592,1.0795602798461914,0.4922780692577362,11.153897285461426,1.94083571434021,1.056376576423645,0.17940320074558258,0.20719996094703674,0.09224092960357666,40.06024169921875,42.808876037597656,0.10636339336633682,19.30893325805664,20.123842239379883,37,25,30,90,
2025-12-30 09:53:41.936000,FinePointe Series WBP [SN 139781]  Site 4 Bias Flow is out of range.,,,,,,,,,,,,,,,,,,,,,,,,,
2025-12-30 09:53:41.936000,FinePointe Series WBP [SN 10499C]  Site 1 Bias Flow is out of range.,,,,,,,,,,,,,,,,,,,,,,,,,
2025-12-30 09:53:41.936000,FinePointe Series WBP [SN 139781]  Site 4 Bias Flow is out of range.,,,,,,,,,,,,,,,,,,,,,,,,,
2025-12-30 09:53:41.936000,FinePointe Series WBP [SN 10499C]  Site 1 Bias Flow is out of range.,,,,,,,,,,,,,,,,,,,,,,,,,
2025-12-30 09:53:57.936000,3d,Toxicity,Original,,308.1692810058594,0.11478303372859955,35.37260437011719,0.6296265721321106,0.7405833005905151,0.3833445906639099,11.153897285461426,1.6882480382919312,1.431214451789856,0.11122238636016846,0.08347581326961517,0.10170914977788925,3.74314284324646,0,0.04834440350532532,13.96168041229248,11.262022972106934,37,25,30,93.33333587646484,
2025-12-30 09:53:57.936000,FinePointe Series WBP [SN 139781]  Site 4 Bias Flow is out of range.,,,,,,,,,,,,,,,,,,,,,,,,,
2025-12-30 09:54:01.936000,3d,Toxicity,Original,,21.75252914428711,4.314764022827148,93.8570327758789,0.38713839650154114,0.5944600105285645,0.902907133102417,11.153897285461426,9.238097190856934,8.125268936157227,0.8400516510009766,1.9182482957839966,0.05080700293183327,141.63690185546875,0,1.227997064590454,,,37,25,30,75,
2025-12-30 09:54:01.936000,FinePointe Series WBP [SN 10499C]  Site 1 Bias Flow is out of range.,,,,,,,,,,,,,,,,,,,,,,,,,
2025-12-30 09:54:05.936000,3d,Toxicity,Original,,112.54253387451172,0.2615486681461334,29.435348510742188,0.9905818700790405,0.9863814115524292,0.3824571669101715,11.153897285461426,2.7382192611694336,2.5726189613342285,0.20368310809135437,0.3294486701488495,0.21326784789562225,12.076960563659668,81.14588928222656,0.16916315257549286,19.97004508972168,22.18332862854004,37,25,30,50,
2025-12-30 09:54:05.936000,FinePointe Series WBP [SN 139781]  Site 4 Bias Flow is out of range.,,,,,,,,,,,,,,,,,,,,,,,,,
2025-12-30 09:54:05.936000,FinePointe Series WBP [SN 10499C]  Site 1 Bias Flow is out of range.,,,,,,,,,,,,,,,,,,,,,,,,,
2025-12-30 09:54:05.936000,FinePointe Series WBP [SN 139781]  Site 4 Bias Flow is out of range.,,,,,,,,,,,,,,,,,,,,,,,,,
2025-12-30 09:54:05.936000,FinePointe Series WBP [SN 10499C]  Site 1 Bias Flow is out of range.,,,,,,,,,,,,,,,,,,,,,,,,,
2025-12-30 09:54:23.936000,3d,Toxicity,Original,,218.6354217529297,0.11806842684745789,25.11349105834961,1.3639779090881348,1.439995527267456,0.5578151941299438,11.153897285461426,1.6220930814743042,1.4890077114105225,0.13600429892539978,0.18109698593616486,0.10839089751243591,6.6814374923706055,76.21150970458984,0.07221440970897675,12.154654502868652,25.294647216796875,37,25,30,81.81818389892578,
2025-12-30 09:54:31.936000,3d,Toxicity,Original,,214.4947052001953,0.20348680019378662,43.64684295654297,0.638519287109375,0.832401692867279,0.48455554246902466,11.153897285461426,2.3451921939849854,1.7238798141479492,0.1847948282957077,0.09493235498666763,0.15422645211219788,6.533674240112305,0,0.053297124803066254,15.726372718811035,13.103102684020996,37,25,30,88.88888549804688,
2025-12-30 09:54:31.936000,FinePointe Series WBP [SN 139781]  Site 4 Bias Flow is out of range.,,,,,,,,,,,,,,,,,,,,,,,,,
2025-12-30 09:54:31.936000,FinePointe Series WBP [SN 10499C]  Site 1 Bias Flow is out of range.,,,,,,,,,,,,,,,,,,,,,,,,,
2025-12-30 09:54:39.936000,3d,Toxicity,Original,,18.024473190307617,3.3841910362243652,60.998260498046875,1.968485951423645,3.7333719730377197,0.5132830142974854,11.153897285461426,8.665010452270508,5.888936996459961,0.7220583558082581,2.6067490577697754,0.4646342098712921,20.671295166015625,698.1394653320312,0.5614043474197388,0.28617024421691895,,37,25,30,83.33333587646484,
2025-12-30 09:54:41.936000,3d,Toxicity,Original,,145.3517303466797,0.18411993980407715,26.76215362548828,1.0604642629623413,1.0757962465286255,0.22249358892440796,11.153897285461426,1.4055626392364502,1.239357829093933,0.21503324806690216,0.1977585107088089,0.09843283146619797,6.675734519958496,105.61862182617188,0.09757231920957565,3.3981359004974365,4.931403636932373,37,25,30,66.66666412353516,
2025-12-30 09:54:41.936000,FinePointe Series WBP [SN 139781]  Site 4 Bias Flow is out of range.,,,,,,,,,,,,,,,,,,,,,,,,,
2025-12-30 09:54:41.936000,FinePointe Series WBP [SN 10499C]  Site 1 Bias Flow is out of range.,,,,,,,,,,,,,,,,,,,,,,,,,
2025-12-30 09:54:47.936000,3d,Toxicity,Original,,144.875244140625,0.23588883876800537,34.17445373535156,0.41207215189933777,0.33392176032066345,0.8081482648849487,11.153897285461426,1.8343145847320557,2.37532901763916,0.22606514394283295,0.18808430433273315,0.19908808171749115,72.21904754638672,0,0.14873695373535156,27.076759338378906,2.378580331802368,37,25,30,90.90908813476562,
2025-12-30 09:54:49.936000,3d,Toxicity,Original,,52.1392707824707,2.331721544265747,121.57425689697266,0.437533438205719,0.45763495564460754,0.9754018187522888,11.153897285461426,6.859358787536621,10.37193489074707,0.5212799310684204,0.6294841766357422,0.4829390347003937,25.312297821044922,0,0.4486441910266876,11.09747314453125,4.1924662590026855,37,25,30,50,
2025-12-30 09:54:49.936000,Site Acknowledgement Changed: True,,,,,,,,,,,,,,,,,,,,,,,,,
2025-12-30 09:54:49.936000,Deliver compound.,,,,,,,,,,,,,,,,,,,,,,,,,
2025-12-30 09:54:49.936000,Site Acknowledgement Changed: False,,,,,,,,,,,,,,,,,,,,,,,,,
2025-12-30 09:54:49.936000,FinePointe Series WBP [SN 139781]  Site 4 Bias Flow is out of range.,,,,,,,,,,,,,,,,,,,,,,,,,
2025-12-30 09:54:49.936000,Site Acknowledgement Changed: True,,,,,,,,,,,,,,,,,,,,,,,,,
2025-12-30 09:54:49.936000,Time Zero Set,,,,,,,,,,,,,,,,,,,,,,,,,
2025-12-30 09:54:49.936000,Measuring antidote.,,,,,,,,,,,,,,,,,,,,,,,,,
2025-12-30 09:54:49.936000,Create measurement 'antidote'. Duration: 00:01:00,,,,,,,,,,,,,,,,,,,,,,,,,
2025-12-30 09:54:49.936000,Site Acknowledgement Changed: False,,,,,,,,,,,,,,,,,,,,,,,,,
2025-12-30 09:54:49.936000,FinePointe Series WBP [SN 10499C]  Site 1 Bias Flow is out of range.,,,,,,,,,,,,,,,,,,,,,,,,,
2025-12-30 09:54:49.936000,FinePointe Series WBP [SN 139781]  Site 4 Bias Flow is out of range.,,,,,,,,,,,,,,,,,,,,,,,,,
2025-12-30 09:54:49.936000,FinePointe Series WBP [SN 139781]  Site 2 Bias Flow is out of range.,,,,,,,,,,,,,,,,,,,,,,,,,
2025-12-30 09:54:49.936000,FinePointe Series WBP [SN 10499C]  Site 1 Bias Flow is out of range.,,,,,,,,,,,,,,,,,,,,,,,,,
2025-12-30 09:54:49.936000,FinePointe Series WBP [SN 139781]  Site 4 Bias Flow is out of range.,,,,,,,,,,,,,,,,,,,,,,,,,
2025-12-30 09:54:49.936000,FinePointe Series WBP [SN 139781]  Site 2 Bias Flow is out of range.,,,,,,,,,,,,,,,,,,,,,,,,,
2025-12-30 09:55:12.461000,3d,Toxicity,Original,,349.2005920410156,0.5805982947349548,202.74526977539062,0.21048304438591003,0.5003001093864441,0.6793323159217834,11.153897285461426,14.316671371459961,6.07976770401001,0.06289052218198776,0.10893048346042633,0.502984344959259,5.033303737640381,0,0.07317706942558289,22.406280517578125,,37,25,30,88.88888549804688,
2025-12-30 09:55:12.461000,FinePointe Series WBP [SN 10499C]  Site 1 Bias Flow is out of range.,,,,,,,,,,,,,,,,,,,,,,,,,
2025-12-30 09:55:16.461000,3d,Toxicity,Original,,301.70318603515625,0.14571237564086914,43.961891174316406,0.7113505601882935,0.6015722751617432,0.6101091504096985,11.153897285461426,2.6623647212982178,3.1663174629211426,0.09724978357553482,0.10162115842103958,0.2806564271450043,11.655412673950195,0,0.06530293077230453,20.971847534179688,20.075523376464844,37,25,30,88.88888549804688,
2025-12-30 09:55:18.461000,3d,Toxicity,Original,,352.2486267089844,0.20665839314460754,72.7951431274414,0.29598677158355713,0.4724483788013458,0.24201953411102295,11.153897285461426,4.397154808044434,2.6694531440734863,0.07943248003721237,0.09090175479650497,0.07553759962320328,2.8403072357177734,58.764503479003906,0.06222791224718094,2.257050037384033,3.20965838432312,37,25,30,66.66666412353516,
2025-12-30 09:55:18.461000,FinePointe Series WBP [SN 139781]  Site 4 Bias Flow is out of range.,,,,,,,,,,,,,,,,,,,,,,,,,
2025-12-30 09:55:18.461000,FinePointe Series WBP [SN 10499C]  Site 1 Bias Flow is out of range.,,,,,,,,,,,,,,,,,,,,,,,,,
2025-12-30 09:55:18.461000,FinePointe Series WBP [SN 139781]  Site 4 Bias Flow is out of range.,,,,,,,,,,,,,,,,,,,,,,,,,
2025-12-30 09:55:18.461000,FinePointe Series WBP [SN 10499C]  Site 1 Bias Flow is out of range.,,,,,,,,,,,,,,,,,,,,,,,,,
2025-12-30 09:55:18.461000,FinePointe Series WBP [SN 139781]  Site 4 Bias Flow is out of range.,,,,,,,,,,,,,,,,,,,,,,,,,
2025-12-30 09:55:18.461000,FinePointe Series WBP [SN 10499C]  Site 1 Bias Flow is out of range.,,,,,,,,,,,,,,,,,,,,,,,,,
2025-12-30 09:55:18.461000,FinePointe Series WBP [SN 139781]  Site 4 Bias Flow is out of range.,,,,,,,,,,,,,,,,,,,,,,,,,
2025-12-30 09:55:18.461000,Measuring T30.,,,,,,,,,,,,,,,,,,,,,,,,,
2025-12-30 09:55:18.461000,Create measurement 'T30'. Duration: 00:29:00,,,,,,,,,,,,,,,,,,,,,,,,,
2025-12-30 09:55:18.461000,FinePointe Series WBP [SN 10499C]  Site 1 Bias Flow is out of range.,,,,,,,,,,,,,,,,,,,,,,,,,
2025-12-30 09:55:56.461000,3d,Toxicity,Original,,24.91290855407715,3.513991355895996,87.54374694824219,1.3051228523254395,1.6629021167755127,0.9632449746131897,11.153897285461426,9.634511947631836,6.0735554695129395,0.6725907325744629,1.7357993125915527,0.28245648741722107,30.041654586791992,0,0.6675022840499878,0.6212979555130005,21.30585479736328,37,25,30,98.30508422851562,
2025-12-30 09:55:58.461000,3d,Toxicity,Original,,32.88648223876953,3.972672700881958,130.64723205566406,0.8754084706306458,1.5026969909667969,0.4315490424633026,11.153897285461426,10.099655151367188,4.80216121673584,0.6751099824905396,1.1493479013442993,0.4305039942264557,135.73245239257812,0,0.47010698914527893,7.2801194190979,17.50029754638672,37,25,30,50,
2025-12-30 09:55:58.461000,FinePointe Series WBP [SN 139781]  Site 4 Bias Flow is out of range.,,,,,,,,,,,,,,,,,,,,,,,,,
2025-12-30 09:56:02.461000,3d,Toxicity,Original,,19.876121520996094,3.5135693550109863,69.83613586425781,3.1824569702148438,4.649610996246338,0.15067645907402039,11.153897285461426,10.214715957641602,3.6966772079467773,0.6427456140518188,2.3759517669677734,0.13574635982513428,92.37447357177734,670.4459228515625,0.4256427586078644,2.820711612701416,34.376548767089844,37,25,30,75,
2025-12-30 09:56:02.461000,FinePointe Series WBP [SN 10499C]  Site 1 Bias Flow is out of range.,,,,,,,,,,,,,,,,,,,,,,,,,
2025-12-30 09:56:04.461000,3d,Toxicity,Original,,29.282821655273438,3.403709888458252,99.67022705078125,1.583022117614746,1.836374044418335,0.8542309403419495,11.153897285461426,9.89417552947998,5.252426624298096,0.7238143682479858,1.325168490409851,0.2086513638496399,22.469804763793945,0,0.5092896819114685,3.830244779586792,24.562000274658203,37,25,30,66.66666412353516,
2025-12-30 09:56:08.461000,3d,Toxicity,Original,,20.958908081054688,3.443866491317749,72.17967987060547,3.102644443511963,5.574926376342773,0.15850770473480225,11.153897285461426,11.628334999084473,3.840115785598755,0.705120861530304,2.157623767852783,0.12658096849918365,47.053131103515625,880.8673706054688,0.3459065854549408,5.160507678985596,31.293664932250977,37,25,30,50,
2025-12-30 09:56:08.461000,FinePointe Series WBP [SN 139781]  Site 4 Bias Flow is out of range.,,,,,,,,,,,,,,,,,,,,,,,,,
2025-12-30 09:56:12.461000,3d,Toxicity,Original,,144.8450469970703,0.47257211804389954,68.4497299194336,0.46563419699668884,0.613211452960968,0.5405499935150146,11.153897285461426,3.3396949768066406,2.5949900150299072,0.22923901677131653,0.18499675393104553,0.22297947108745575,7.063716411590576,0,0.11697852611541748,10.552947998046875,16.631393432617188,37,25,30,75,
2025-12-30 09:56:12.461000,FinePointe Series WBP [SN 10499C]  Site 1 Bias Flow is out of range.,,,,,,,,,,,,,,,,,,,,,,,,,
2025-12-30 09:56:16.461000,3d,Toxicity,Original,,92.11039733886719,1.9516208171844482,53.203636169433594,2.566018581390381,2.986482620239258,0.32293087244033813,11.153897285461426,6.54958438873291,3.455289602279663,0.40678438544273376,1.355940580368042,0.1712198257446289,13.507474899291992,529.1669921875,0.27229857444763184,8.9579496383667,32.662513732910156,37,25,30,0,
2025-12-30 09:56:20.461000,3d,Toxicity,Original,,19.946151733398438,3.603024482727051,71.8664779663086,2.9876973628997803,4.614614486694336,0.2116081565618515,11.153897285461426,11.547515869140625,4.666792869567871,0.5979839563369751,2.4101150035858154,0.253763347864151,135.18280029296875,354.8544921875,0.43830543756484985,4.24294900894165,48.81615447998047,37,25,30,0,
2025-12-30 09:56:20.461000,FinePointe Series WBP [SN 139781]  Site 4 Bias Flow is out of range.,,,,,,,,,,,,,,,,,,,,,,,,,
2025-12-30 09:56:20.461000,FinePointe Series WBP [SN 10499C]  Site 1 Bias Flow is out of range.,,,,,,,,,,,,,,,,,,,,,,,,,
2025-12-30 09:56:24.461000,3d,Toxicity,Original,,186.87692260742188,0.19309817254543304,36.085594177246094,0.4498937726020813,0.6388810873031616,0.787240743637085,11.153897285461426,3.0321531295776367,2.2497193813323975,0.1330685317516327,0.18799839913845062,0.1857781708240509,11.25999641418457,0,0.11901193112134933,17.145736694335938,20.585651397705078,37,25,30,50,
2025-12-30 09:56:26.461000,3d,Toxicity,Original,,25.708051681518555,3.743873357772827,96.24768829345703,1.5429272651672363,2.3911666870117188,0.9956479668617249,11.153897285461426,11.406301498413086,5.200893402099609,0.6204421520233154,1.7134571075439453,0.33162322640419006,46.74967956542969,0,0.517217755317688,5.305698871612549,16.317638397216797,37,25,30,0,
2025-12-30 09:56:30.461000,3d,Toxicity,Original,,22.927719116210938,3.5440993309020996,81.25811767578125,1.6512938737869263,2.9466235637664795,0.5393964648246765,11.153897285461426,12.757844924926758,4.106242656707764,0.5924347043037415,2.0244851112365723,0.3034232258796692,72.97909545898438,0,0.5248620510101318,5.40748405456543,62.22538757324219,37,25,30,83.33333587646484,
2025-12-30 09:56:30.461000,FinePointe Series WBP [SN 139781]  Site 4 Bias Flow is out of range.,,,,,,,,,,,,,,,,,,,,,,,,,
2025-12-30 09:56:30.461000,FinePointe Series WBP [SN 10499C]  Site 1 Bias Flow is out of range.,,,,,,,,,,,,,,,,,,,,,,,,,
2025-12-30 09:56:34.461000,3d,Toxicity,Original,,116.93683624267578,1.9433635473251343,57.272579193115234,2.2295937538146973,3.417706251144409,0.26480501890182495,11.153897285461426,7.281946182250977,3.195411443710327,0.3751356601715088,1.1629717350006104,0.2054251730442047,64.96366882324219,375.8352355957031,0.20338448882102966,6.252636909484863,30.75185775756836,37,25,30,33.33333206176758,
2025-12-30 09:56:36.461000,3d,Toxicity,Original,,22.47833251953125,3.7084596157073975,83.3599853515625,1.7618792057037354,2.9331867694854736,0.5566401481628418,11.153897285461426,10.897608757019043,3.8836257457733154,0.628421425819397,2.040815830230713,0.28611689805984497,27.260143280029297,155.86087036132812,0.5330477952957153,3.5458457469940186,21.23243522644043,37,25,30,0,
2025-12-30 09:56:40.461000,3d,Toxicity,Original,,19.92715072631836,3.46621036529541,69.07169342041016,3.7124202251434326,5.265357971191406,0.26163530349731445,11.153897285461426,12.98584270477295,4.902007102966309,0.5953912138938904,2.415576219558716,0.29021650552749634,66.05841064453125,132.56982421875,0.39728862047195435,4.248676300048828,33.27686309814453,37,25,30,50,
2025-12-30 09:56:40.461000,FinePointe Series WBP [SN 139781]  Site 4 Bias Flow is out of range.,,,,,,,,,,,,,,,,,,,,,,,,,
2025-12-30 09:56:40.461000,FinePointe Series WBP [SN 10499C]  Site 1 Bias Flow is out of range.,,,,,,,,,,,,,,,,,,,,,,,,,
2025-12-30 09:56:44.461000,3d,Toxicity,Original,,66.25466918945312,1.9820737838745117,47.49217224121094,2.685523509979248,3.514558792114258,0.6245262622833252,11.153897285461426,6.895540237426758,3.2172842025756836,0.4267998933792114,1.4845263957977295,0.25576087832450867,141.23150634765625,600.9859008789062,0.2909543812274933,18.81673812866211,20.642501831054688,37,25,30,33.33333206176758,
2025-12-30 09:56:46.461000,3d,Toxicity,Original,,181.38026428222656,0.30359238386154175,55.06566619873047,0.5647817254066467,0.5821228623390198,0.6020140647888184,11.153897285461426,2.047943115234375,2.1509954929351807,0.20123164355754852,0.12956508994102478,0.19272693991661072,11.611017227172852,0,0.08487801253795624,12.602375984191895,14.632462501525879,37,25,30,66.66666412353516,
2025-12-30 09:56:48.461000,3d,Toxicity,Original,,36.11687088012695,3.4138906002044678,123.2990493774414,0.6892426013946533,1.1210083961486816,0.6835299730300903,11.153897285461426,10.63668441772461,5.685781478881836,0.5581762194633484,1.1030972003936768,0.3866691291332245,32.87961196899414,0,0.5324756503105164,6.153262615203857,16.96164321899414,37,25,30,0,
2025-12-30 09:56:48.461000,FinePointe Series WBP [SN 139781]  Site 4 Bias Flow is out of range.,,,,,,,,,,,,,,,,,,,,,,,,,
2025-12-30 09:56:52.461000,3d,Toxicity,Original,,23.397050857543945,3.881929397583008,90.82569885253906,2.528637170791626,4.388545989990234,0.2918487787246704,11.153897285461426,12.383577346801758,4.094203948974609,0.5976539254188538,1.9667719602584839,0.327087938785553,75.15624237060547,541.801025390625,0.371921181678772,4.21690034866333,39.17333984375,37,25,30,50,
2025-12-30 09:56:52.461000,FinePointe Series WBP [SN 10499C]  Site 1 Bias Flow is out of range.,,,,,,,,,,,,,,,,,,,,,,,,,
2025-12-30 09:56:56.461000,3d,Toxicity,Original,,23.54156494140625,3.497412919998169,82.3345718383789,2.8216302394866943,3.8518314361572266,0.21822044253349304,11.153897285461426,11.28079891204834,5.143742561340332,0.5507038831710815,1.9979796409606934,0.14212167263031006,38.7956428527832,738.7755126953125,0.42004257440567017,4.675504684448242,35.23740768432617,37,25,30,50,
2025-12-30 09:56:58.461000,3d,Toxicity,Original,,37.45118713378906,3.400372266769409,127.34796905517578,1.0400300025939941,1.2595809698104858,0.6267998814582825,11.153897285461426,11.401566505432129,7.263314723968506,0.5523085594177246,1.0497769117355347,0.5477722883224487,46.26821517944336,0,0.4945179522037506,7.992112636566162,22.935163497924805,37,25,30,66.66666412353516,
2025-12-30 09:56:58.461000,FinePointe Series WBP [SN 139781]  Site 4 Bias Flow is out of range.,,,,,,,,,,,,,,,,,,,,,,,,,
2025-12-30 09:57:02.461000,3d,Toxicity,Original,,33.44631576538086,3.6961655616760254,123.62311553955078,0.8025546669960022,1.3342969417572021,0.7135869860649109,11.153897285461426,11.634665489196777,6.11893367767334,0.5298832058906555,1.2640364170074463,0.47525811195373535,17.597007751464844,0,0.5565577149391174,6.476831436157227,22.312713623046875,37,25,30,66.66666412353516,
2025-12-30 09:57:02.461000,FinePointe Series WBP [SN 10499C]  Site 1 Bias Flow is out of range.,,,,,,,,,,,,,,,,,,,,,,,,,
2025-12-30 09:57:06.461000,3d,Toxicity,Original,,21.363229751586914,3.6892247200012207,78.81375122070312,2.884058713912964,4.6029558181762695,0.2475518435239792,11.153897285461426,12.556968688964844,4.936938762664795,0.5464117527008057,2.2621524333953857,0.2633076310157776,27.19818115234375,1038.7734375,0.4111599028110504,4.9128313064575195,78.17662048339844,37,25,30,50,
2025-12-30 09:57:08.461000,3d,Toxicity,Original,,20.68572998046875,3.6165714263916016,74.81141662597656,3.3651750087738037,4.818756580352783,0.3210647702217102,11.153897285461426,14.367663383483887,5.61260461807251,0.5334265828132629,2.367123603820801,0.34223899245262146,153.22109985351562,779.60888671875,0.41435813903808594,1.92599356174469,20.570730209350586,37,25,30,66.66666412353516,
2025-12-30 09:57:08.461000,FinePointe Series WBP [SN 139781]  Site 4 Bias Flow is out of range.,,,,,,,,,,,,,,,,,,,,,,,,,
2025-12-30 09:57:12.461000,3d,Toxicity,Original,,19.71797752380371,3.933910608291626,77.56875610351562,3.32413911819458,5.22860050201416,0.2820037603378296,11.153897285461426,12.999222755432129,5.297821998596191,0.539395809173584,2.5035126209259033,0.2667675018310547,57.58223342895508,1278.2490234375,0.4122219979763031,3.3027102947235107,41.53009796142578,37,25,30,66.66666412353516,
2025-12-30 09:57:12.461000,FinePointe Series WBP [SN 10499C]  Site 1 Bias Flow is out of range.,,,,,,,,,,,,,,,,,,,,,,,,,
2025-12-30 09:57:14.461000,3d,Toxicity,Original,,173.33331298828125,0.2577115595340729,44.66999816894531,1.2280831336975098,0.9698233008384705,0.2826686203479767,11.153897285461426,2.8741214275360107,3.1967411041259766,0.1904945820569992,0.15565930306911469,0.26733526587486267,4.921830654144287,0,0.08044314384460449,4.09262752532959,26.909191131591797,37,25,30,0,
2025-12-30 09:57:20.461000,3d,Toxicity,Original,,23.629640579223633,3.8617660999298096,91.25214385986328,2.589400291442871,4.126351356506348,0.33399054408073425,11.153897285461426,13.79681396484375,6.127338886260986,0.5271508693695068,2.012032985687256,0.4428948760032654,42.654361724853516,0,0.40272364020347595,3.87925386428833,36.84037780761719,37,25,30,75,
2025-12-30 09:57:20.461000,FinePointe Series WBP [SN 139781]  Site 4 Bias Flow is out of range.,,,,,,,,,,,,,,,,,,,,,,,,,
2025-12-30 09:57:22.461000,3d,Toxicity,Original,,38.38439178466797,3.3631415367126465,129.09214782714844,0.3255709111690521,0.848091721534729,0.7963104844093323,11.153897285461426,14.4987211227417,6.233490467071533,0.5007356405258179,1.0623997449874878,0.39386382699012756,67.54938507080078,0,0.5946834087371826,6.925536155700684,11.121037483215332,37,25,30,0,
2025-12-30 09:57:22.461000,FinePointe Series WBP [SN 10499C]  Site 1 Bias Flow is out of range.,,,,,,,,,,,,,,,,,,,,,,,,,
2025-12-30 09:57:26.461000,3d,Toxicity,Original,,21.570770263671875,3.8280467987060547,82.57392120361328,3.118074417114258,4.114565372467041,0.3313511908054352,11.153897285461426,13.248610496520996,6.021949291229248,0.5060105919837952,2.27553129196167,0.37215492129325867,184.80996704101562,0,0.4525707960128784,2.755768299102783,38.516780853271484,37,25,30,66.66666412353516,
2025-12-30 09:57:30.461000,3d,Toxicity,Original,,18.92477798461914,3.4169774055480957,64.66553497314453,6.73594331741333,10.555747985839844,0.31443503499031067,11.153897285461426,13.818716049194336,5.2056403160095215,0.5371524691581726,2.6332943439483643,0.17594484984874725,56.27680969238281,1272.189453125,0.2308313399553299,2.932587146759033,17.338924407958984,37,25,30,0,
2025-12-30 09:57:30.461000,FinePointe Series WBP [SN 139781]  Site 4 Bias Flow is out of range.,,,,,,,,,,,,,,,,,,,,,,,,,
2025-12-30 09:57:30.461000,FinePointe Series WBP [SN 10499C]  Site 1 Bias Flow is out of range.,,,,,,,,,,,,,,,,,,,,,,,,,
2025-12-30 09:57:34.461000,3d,Toxicity,Original,,151.8236083984375,0.11241628229618073,17.067445755004883,0.396059513092041,0.45724207162857056,0.17584075033664703,11.153897285461426,1.131065011024475,0.9205695390701294,0.19046474993228912,0.20473068952560425,0.005685470532625914,4.9718241691589355,129.07557678222656,0.14265215396881104,1.1009483337402344,12.996967315673828,37,25,30,50,
2025-12-30 09:57:40.461000,3d,Toxicity,Original,,29.189105987548828,3.8326830863952637,111.87259674072266,1.6040737628936768,2.219346284866333,0.4549062252044678,11.153897285461426,13.123617172241211,6.710787296295166,0.51238614320755,1.543175220489502,0.49045705795288086,27.272043228149414,0,0.4932504892349243,5.041379928588867,41.11399841308594,37,25,30,66.66666412353516,
2025-12-30 09:57:40.461000,FinePointe Series WBP [SN 139781]  Site 4 Bias Flow is out of range.,,,,,,,,,,,,,,,,,,,,,,,,,
2025-12-30 09:57:40.461000,FinePointe Series WBP [SN 10499C]  Site 1 Bias Flow is out of range.,,,,,,,,,,,,,,,,,,,,,,,,,
2025-12-30 09:57:44.461000,3d,Toxicity,Original,,23.80531120300293,3.6756818294525146,87.5007553100586,2.224808931350708,3.547617197036743,0.2541658580303192,11.153897285461426,14.082181930541992,6.953671455383301,0.5374886393547058,1.9829572439193726,0.5044558644294739,54.471702575683594,965.4962158203125,0.44966745376586914,9.149983406066895,41.76839828491211,37,25,30,66.66666412353516,
2025-12-30 09:57:46.461000,3d,Toxicity,Original,,41.256080627441406,3.4548802375793457,142.53482055664062,0.5793160200119019,0.9551479816436768,0.4820472300052643,11.153897285461426,14.033307075500488,7.293214797973633,0.454429030418396,0.999902069568634,0.5817944407463074,72.93544006347656,0,0.5293586254119873,5.989593505859375,21.58378028869629,37,25,30,0,
2025-12-30 09:57:46.461000,FinePointe Series WBP [SN 139781]  Site 4 Bias Flow is out of range.,,,,,,,,,,,,,,,,,,,,,,,,,
2025-12-30 09:57:52.461000,3d,Toxicity,Original,,42.14558410644531,3.235640287399292,136.36795043945312,0.7797573208808899,1.1419129371643066,0.46690547466278076,11.153897285461426,12.00120735168457,8.36618423461914,0.4170089662075043,1.0066277980804443,0.6041408181190491,154.9762420654297,0,0.4839034676551819,11.686502456665039,15.199104309082031,37,25,30,83.33333587646484,
2025-12-30 09:57:52.461000,FinePointe Series WBP [SN 10499C]  Site 1 Bias Flow is out of range.,,,,,,,,,,,,,,,,,,,,,,,,,
2025-12-30 09:57:54.461000,3d,Toxicity,Original,,57.87660598754883,3.8635940551757812,223.61170959472656,0.5295319557189941,0.5219237208366394,0.9598683714866638,11.153897285461426,11.835857391357422,13.445890426635742,0.4657766819000244,0.5709116458892822,1.0355626344680786,16.843740463256836,0,0.38017165660858154,10.768750190734863,27.580402374267578,37,25,30,50,
2025-12-30 09:57:58.461000,3d,Toxicity,Original,,43.148197174072266,4.0396904945373535,174.3053436279297,0.5668977499008179,1.1119298934936523,0.46634891629219055,11.153897285461426,13.969850540161133,6.660689353942871,0.5328294634819031,0.8577268719673157,0.5374371409416199,67.8191146850586,44.92704391479492,0.4137721657752991,12.288857460021973,18.152587890625,37,25,30,94.11764526367188,
2025-12-30 09:58:02.461000,3d,Toxicity,Original,,148.0884246826172,1.6876397132873535,87.96133422851562,0.982154369354248,1.0372321605682373,0.6378809809684753,11.153897285461426,8.991859436035156,6.187595844268799,0.2540907561779022,0.5637859106063843,0.4734935164451599,56.314842224121094,27.53526496887207,0.2840173542499542,12.849023818969727,35.0102424621582,37,25,30,83.33333587646484,
2025-12-30 09:58:02.461000,FinePointe Series WBP [SN 10499C]  Site 1 Bias Flow is out of range.,,,,,,,,,,,,,,,,,,,,,,,,,
2025-12-30 09:58:04.461000,3d,Toxicity,Original,,47.66777038574219,3.6550753116607666,174.2292938232422,0.8753408789634705,1.554290533065796,0.4711377024650574,11.153897285461426,13.741966247558594,7.626688003540039,0.4861142039299011,0.7725979089736938,0.6333152651786804,24.25876235961914,0,0.31833013892173767,10.98108196258545,12.612418174743652,37,25,30,0,
2025-12-30 09:58:04.461000,FinePointe Series WBP [SN 139781]  Site 4 Bias Flow is out of range.,,,,,,,,,,,,,,,,,,,,,,,,,
2025-12-30 09:58:06.461000,3d,Toxicity,Original,,105.6728286743164,2.024247407913208,96.86737060546875,1.1278407573699951,1.5881764888763428,0.4436674118041992,11.153897285461426,9.770709991455078,5.490872383117676,0.4446369707584381,0.6759511828422546,0.3652537167072296,22.818561553955078,193.90139770507812,0.2381664663553238,8.26535701751709,38.85450744628906,37,25,30,33.33333206176758,
2025-12-30 09:58:08.461000,3d,Toxicity,Original,,38.089317321777344,3.467545747756958,132.0764617919922,1.5451878309249878,2.1618833541870117,0.3143959641456604,11.153897285461426,12.940743446350098,7.464932918548584,0.45563748478889465,1.1196073293685913,0.5628215074539185,49.55848693847656,0,0.3647109270095825,7.633119106292725,40.380531311035156,37,25,30,0,
2025-12-30 09:58:12.461000,3d,Toxicity,Original,,33.41717529296875,3.428011655807495,114.55894470214844,1.5393534898757935,2.0497050285339355,0.40611591935157776,11.153897285461426,12.864776611328125,7.283308029174805,0.5324878096580505,1.265146255493164,0.554119348526001,91.64402770996094,29.13361358642578,0.4256018102169037,6.609957695007324,41.618858337402344,37,25,30,50,
2025-12-30 09:58:12.461000,FinePointe Series WBP [SN 10499C]  Site 1 Bias Flow is out of range.,,,,,,,,,,,,,,,,,,,,,,,,,
2025-12-30 09:58:14.461000,3d,Toxicity,Original,,32.85427474975586,3.4642763137817383,113.8162841796875,2.173142910003662,2.9678008556365967,0.17674461007118225,11.153897285461426,11.453530311584473,5.293455123901367,0.683354377746582,1.1428920030593872,0.39570966362953186,31.32839584350586,237.96255493164062,0.29886576533317566,4.683750629425049,40.48955535888672,37,25,30,0,
2025-12-30 09:58:14.461000,FinePointe Series WBP [SN 139781]  Site 4 Bias Flow is out of range.,,,,,,,,,,,,,,,,,,,,,,,,,
2025-12-30 09:58:16.461000,3d,Toxicity,Original,,148.5708770751953,1.6979926824569702,84.13346099853516,1.3538002967834473,1.8779070377349854,0.3543701767921448,11.153897285461426,9.597540855407715,5.415328502655029,0.28248557448387146,0.6855729818344116,0.3556372821331024,23.462066650390625,203.21437072753906,0.2160491794347763,9.25259780883789,47.613441467285156,37,25,30,33.33333206176758,
2025-12-30 09:58:18.461000,3d,Toxicity,Original,,45.799739837646484,3.844233274459839,176.0648956298828,1.3638588190078735,1.781909704208374,0.27653852105140686,11.153897285461426,13.113383293151855,9.261058807373047,0.4566437304019928,0.8534073233604431,0.7006158828735352,21.867210388183594,0,0.32222267985343933,8.540684700012207,11.891176223754883,37,25,30,0,
2025-12-30 09:58:20.461000,3d,Toxicity,Original,,54.219791412353516,3.0210840702056885,163.80255126953125,0.620212197303772,0.8107736110687256,0.5312530994415283,11.153897285461426,11.765089988708496,7.890745639801025,0.428963840007782,0.6776431202888489,0.6894351243972778,14.914191246032715,0,0.39146390557289124,9.291642189025879,20.230024337768555,37,25,30,66.66666412353516,
2025-12-30 09:58:22.461000,3d,Toxicity,Original,,46.43685531616211,3.1754941940307617,147.4599609375,0.6589826941490173,0.8175265192985535,0.6447528004646301,11.153897285461426,12.094099044799805,11.30346965789795,0.4793625473976135,0.8127145767211914,0.5883816480636597,133.3789825439453,0,0.46168947219848633,13.830711364746094,42.180908203125,37,25,30,50,
2025-12-30 09:58:22.461000,FinePointe Series WBP [SN 10499C]  Site 1 Bias Flow is out of range.,,,,,,,,,,,,,,,,,,,,,,,,,
2025-12-30 09:58:24.461000,3d,Toxicity,Original,,49.782474517822266,3.779489040374756,188.15231323242188,0.669783353805542,0.9646697640419006,0.17055857181549072,11.153897285461426,13.474448204040527,7.492421627044678,0.5720298886299133,0.6332135796546936,0.4736560881137848,15.479801177978516,0,0.3894631266593933,7.963677883148193,19.23686408996582,37,25,30,50,
2025-12-30 09:58:24.461000,FinePointe Series WBP [SN 139781]  Site 4 Bias Flow is out of range.,,,,,,,,,,,,,,,,,,,,,,,,,
2025-12-30 09:58:26.461000,3d,Toxicity,Original,,57.63058090209961,3.0788471698760986,177.4357452392578,0.5844475626945496,0.7115932703018188,0.6560083627700806,11.153897285461426,14.536920547485352,13.709297180175781,0.3795369863510132,0.6615769267082214,0.5105578303337097,8.134259223937988,0,0.3962786793708801,20.1693115234375,14.875728607177734,37,25,30,66.66666412353516,
2025-12-30 09:58:28.461000,3d,Toxicity,Original,,53.34996032714844,3.074488878250122,164.16036987304688,0.7314040660858154,0.9561755061149597,0.4383161962032318,11.153897285461426,13.437383651733398,8.24302864074707,0.43853259086608887,0.6873923540115356,0.6846714019775391,32.28669738769531,0,0.35665163397789,10.036867141723633,24.052345275878906,37,25,30,60,
2025-12-30 09:58:32.461000,3d,Toxicity,Original,,40.87428665161133,3.1491658687591553,128.71990966796875,2.1361746788024902,3.5370826721191406,0.3626303970813751,11.153897285461426,14.22416877746582,8.078434944152832,0.37589454650878906,1.0920209884643555,0.384295791387558,13.26514720916748,476.6801452636719,0.24527569115161896,6.50363302230835,30.269529342651367,37,25,30,88.88888549804688,
2025-12-30 09:58:32.461000,FinePointe Series WBP [SN 10499C]  Site 1 Bias Flow is out of range.,,,,,,,,,,,,,,,,,,,,,,,,,
2025-12-30 09:58:34.461000,3d,Toxicity,Original,,355.2171630859375,1.6416372060775757,186.38742065429688,0.4950438141822815,0.488101601600647,0.6396173238754272,11.153897285461426,11.156134605407715,13.43820571899414,0.21041187644004822,0.22579100728034973,1.1605452299118042,40.22465133666992,73.85210418701172,0.1636086404323578,14.626625061035156,16.288339614868164,37,25,30,80,
2025-12-30 09:58:36.461000,3d,Toxicity,Original,,63.353206634521484,2.525845527648926,160.02041625976562,0.9726610779762268,1.0531927347183228,0.3435836434364319,11.153897285461426,14.51114559173584,10.285917282104492,0.35915037989616394,0.5879208445549011,0.5769139528274536,4.271173000335693,0,0.28864750266075134,4.3004469871521,36.33920669555664,37,25,30,83.33333587646484,
2025-12-30 09:58:38.461000,3d,Toxicity,Original,,43.83489227294922,2.958920478820801,131.25648498535156,0.970072329044342,1.8644733428955078,0.5165863037109375,11.153897285461426,19.952028274536133,10.770578384399414,0.5067682266235352,0.9747135639190674,0.33047252893447876,12.670608520507812,448.2049865722656,0.3439772129058838,8.747221946716309,33.959617614746094,37,25,30,0,
2025-12-30 09:58:40.461000,3d,Toxicity,Original,,65.80819702148438,2.336169958114624,153.7391357421875,1.1037800312042236,0.9799533486366272,0.5111762881278992,11.153897285461426,10.94407844543457,11.669958114624023,0.37180933356285095,0.5399311780929565,1.0411261320114136,31.380979537963867,155.61126708984375,0.27993538975715637,9.647124290466309,33.33559799194336,37,25,30,80,
2025-12-30 09:58:42.461000,3d,Toxicity,Original,,67.66630554199219,2.5611987113952637,173.3068389892578,0.8555383682250977,0.8734452128410339,0.6642794013023376,11.153897285461426,11.7772216796875,12.653033256530762,0.35680675506591797,0.5298975110054016,0.8921284675598145,6.08861780166626,0,0.28627678751945496,5.3261871337890625,23.527090072631836,37,25,30,80,
2025-12-30 09:58:42.461000,FinePointe Series WBP [SN 10499C]  Site 1 Bias Flow is out of range.,,,,,,,,,,,,,,,,,,,,,,,,,
2025-12-30 09:58:44.461000,3d,Toxicity,Original,,72.40458679199219,2.9381747245788574,211.85498046875,0.7039517760276794,0.7394084930419922,0.3466525971889496,11.153897285461426,15.606075286865234,12.621747970581055,0.36732423305511475,0.46219247579574585,0.6038629412651062,11.117229461669922,17.79732322692871,0.27063512802124023,9.83910083770752,23.212158203125,37,25,30,75,
2025-12-30 09:58:46.461000,3d,Toxicity,Original,,553.9168090820312,0.27426522970199585,151.9201202392578,0.7537740468978882,0.7945305109024048,0.2483506202697754,11.153897285461426,7.939258098602295,7.247071266174316,0.06000073254108429,0.048318784683942795,0.4698523283004761,1.5099055767059326,0,0.027087600901722908,4.828426837921143,9.22150993347168,37,25,30,85.71428680419922,
2025-12-30 09:58:48.461000,3d,Toxicity,Original,,69.00131225585938,2.6130940914154053,180.3069305419922,0.7274865508079529,0.880632221698761,0.49868130683898926,11.153897285461426,10.85395622253418,9.976807594299316,0.36822646856307983,0.5013222098350525,0.7870975732803345,6.293966293334961,0,0.2713453471660614,5.186816692352295,31.245792388916016,37,25,30,87.5,
2025-12-30 09:58:50.461000,3d,Toxicity,Original,,61.59384536743164,2.9771406650543213,183.37355041503906,0.7383498549461365,0.7282000184059143,0.5127738118171692,11.153897285461426,11.634166717529297,13.109518051147461,0.5294827818870544,0.44464048743247986,0.5830703377723694,14.878549575805664,195.9167022705078,0.3292548954486847,15.035354614257812,35.87508773803711,37,25,30,66.66666412353516,
2025-12-30 09:58:52.461000,3d,Toxicity,Original,,60.37459182739258,2.8562891483306885,172.44729614257812,0.6950370073318481,0.9688388705253601,0.4745553433895111,11.153897285461426,12.396505355834961,7.197072505950928,0.4079839885234833,0.5858115553855896,0.5830363631248474,13.009565353393555,0,0.31311625242233276,9.462559700012207,32.473724365234375,37,25,30,90,
2025-12-30 09:58:52.461000,FinePointe Series WBP [SN 10499C]  Site 1 Bias Flow is out of range.,,,,,,,,,,,,,,,,,,,,,,,,,
2025-12-30 09:58:54.461000,3d,Toxicity,Original,,60.12297058105469,2.596494674682617,156.08303833007812,1.0087709426879883,1.1727197170257568,0.3255882263183594,11.153897285461426,11.1267728805542,7.6007513999938965,0.43864351511001587,0.5605192184448242,0.5296076536178589,17.922378540039062,7.823257923126221,0.27129799127578735,7.736571311950684,28.021963119506836,37,25,30,33.33333206176758,
2025-12-30 09:58:56.461000,3d,Toxicity,Original,,66.4122543334961,2.8010175228118896,186.02188110351562,0.8241741061210632,0.9825416803359985,0.3660765290260315,11.153897285461426,13.523421287536621,9.374919891357422,0.3680405616760254,0.5354071855545044,0.6019930839538574,9.04367733001709,0,0.2867467701435089,9.401971817016602,11.326077461242676,37,25,30,50,
2025-12-30 09:58:58.461000,3d,Toxicity,Original,,60.83998489379883,3.1202573776245117,189.83641052246094,0.7912710309028625,0.9042035937309265,0.6306887865066528,11.153897285461426,13.286651611328125,10.592260360717773,0.42173129320144653,0.5644622445106506,0.731331467628479,22.24812889099121,0,0.30177369713783264,6.048881530761719,23.504352569580078,37,25,30,66.66666412353516,
2025-12-30 09:59:00.461000,3d,Toxicity,Original,,91.3647232055664,2.0673017501831055,140.435302734375,0.714760959148407,0.9055850505828857,0.47585010528564453,11.153897285461426,9.743597030639648,7.042691230773926,0.3413298726081848,0.4384053945541382,0.5335224866867065,14.574267387390137,0,0.22941634058952332,12.206521034240723,13.90008544921875,37,25,30,66.66666412353516,
2025-12-30 09:59:00.461000,FinePointe Series WBP [SN 139781]  Site 4 Bias Flow is out of range.,,,,,,,,,,,,,,,,,,,,,,,,,
2025-12-30 09:59:02.461000,3d,Toxicity,Original,,53.4068489074707,3.0061237812042236,160.54759216308594,1.0497957468032837,1.3193193674087524,0.4567255675792694,11.153897285461426,12.36474609375,7.5956830978393555,0.4578438401222229,0.6656075716018677,0.637333333492279,22.59494972229004,0,0.3092769980430603,8.635100364685059,33.89663314819336,37,25,30,50,
2025-12-30 09:59:02.461000,FinePointe Series WBP [SN 10499C]  Site 1 Bias Flow is out of range.,,,,,,,,,,,,,,,,,,,,,,,,,
2025-12-30 09:59:04.461000,3d,Toxicity,Original,,52.932132720947266,2.9541361331939697,156.01431274414062,1.7022130489349365,1.7724707126617432,0.2897193133831024,11.153897285461426,11.536896705627441,7.942006587982178,0.49583178758621216,0.6471987962722778,0.6830103397369385,20.5049991607666,123.9928970336914,0.24923419952392578,7.579200744628906,26.591407775878906,37,25,30,0,
2025-12-30 09:59:06.461000,3d,Toxicity,Original,,88.58272552490234,2.261957883834839,200.37039184570312,0.5518385171890259,0.8055993914604187,0.9358486533164978,11.153897285461426,15.955026626586914,11.552718162536621,0.29051828384399414,0.386814683675766,0.8617794513702393,149.2698211669922,0,0.21692019701004028,7.034795761108398,29.833356857299805,37,25,30,80,
2025-12-30 09:59:08.461000,3d,Toxicity,Original,,60.790775299072266,2.9234557151794434,177.71914672851562,0.8315880298614502,1.0960241556167603,0.5106361508369446,11.153897285461426,12.649953842163086,7.449937343597412,0.48173972964286804,0.5052521228790283,0.5915583372116089,15.513230323791504,0,0.2576707601547241,8.644508361816406,19.675430297851562,37,25,30,85.71428680419922,
2025-12-30 09:59:10.461000,3d,Toxicity,Original,,89.6773910522461,1.5482417345046997,119.80581665039062,0.8800033926963806,0.9382955431938171,0.3505666255950928,11.153897285461426,6.7207794189453125,5.45426082611084,0.36490049958229065,0.34777507185935974,0.3854266405105591,12.297663688659668,0,0.18581902980804443,6.6404709815979,18.96150779724121,37,25,30,0,
2025-12-30 09:59:10.461000,FinePointe Series WBP [SN 139781]  Site 4 Bias Flow is out of range.,,,,,,,,,,,,,,,,,,,,,,,,,
2025-12-30 09:59:12.461000,3d,Toxicity,Original,,62.66130828857422,2.949584484100342,185.12872314453125,0.6963896751403809,0.952756404876709,0.4439091086387634,11.153897285461426,12.74950885772705,8.233757019042969,0.38881924748420715,0.5704169273376465,0.7035434246063232,23.856962203979492,0,0.30391860008239746,10.539336204528809,12.975351333618164,37,25,30,33.33333206176758,
2025-12-30 09:59:12.461000,FinePointe Series WBP [SN 10499C]  Site 1 Bias Flow is out of range.,,,,,,,,,,,,,,,,,,,,,,,,,
2025-12-30 09:59:14.461000,3d,Toxicity,Original,,64.30085754394531,2.6219642162323,168.59454345703125,1.1796094179153442,1.2463161945343018,0.36351439356803894,11.153897285461426,9.774391174316406,7.43290376663208,0.4599548578262329,0.47315868735313416,0.6257165670394897,12.11587142944336,0,0.22109590470790863,6.670925617218018,28.90619468688965,37,25,30,0,
2025-12-30 09:59:16.461000,3d,Toxicity,Original,,61.748565673828125,2.7373976707458496,168.71363830566406,1.1336696147918701,1.1442879438400269,0.46577349305152893,11.153897285461426,10.696091651916504,8.413933753967285,0.48939046263694763,0.4921572208404541,0.7408661842346191,17.278512954711914,5.64849328994751,0.23918816447257996,7.412871360778809,24.1804141998291,37,25,30,0,
2025-12-30 09:59:18.461000,3d,Toxicity,Original,,66.960693359375,2.7277822494506836,183.0328369140625,1.1594905853271484,0.7741842269897461,0.6747561097145081,11.153897285461426,9.397147178649902,15.95885944366455,0.5020655989646912,0.4059046804904938,0.6216138601303101,17.475318908691406,11.728036880493164,0.23400986194610596,7.036075592041016,19.511093139648438,37,25,30,0,
2025-12-30 09:59:20.461000,3d,Toxicity,Original,,72.47463989257812,2.674738883972168,193.86746215820312,0.7119308710098267,0.696151614189148,0.48585399985313416,11.153897285461426,12.010364532470703,13.311164855957031,0.3805036246776581,0.4481358528137207,0.9761729836463928,59.29418182373047,0,0.27412348985671997,16.597797393798828,12.477529525756836,37,25,30,60,
2025-12-30 09:59:22.461000,3d,Toxicity,Original,,65.4097900390625,2.7637627124786377,180.77713012695312,0.7943408489227295,0.995844304561615,0.49808642268180847,11.153897285461426,12.144553184509277,9.844679832458496,0.39931145310401917,0.5179824233055115,0.8177093267440796,29.761098861694336,0,0.2675500512123108,8.273773193359375,29.229116439819336,37,25,30,50,
2025-12-30 09:59:22.461000,FinePointe Series WBP [SN 10499C]  Site 3 Bias Flow is out of range.,,,,,,,,,,,,,,,,,,,,,,,,,
2025-12-30 09:59:22.461000,FinePointe Series WBP [SN 139781]  Site 4 Bias Flow is out of range.,,,,,,,,,,,,,,,,,,,,,,,,,
2025-12-30 09:59:22.461000,FinePointe Series WBP [SN 10499C]  Site 1 Bias Flow is out of range.,,,,,,,,,,,,,,,,,,,,,,,,,
2025-12-30 09:59:24.461000,3d,Toxicity,Original,,62.79468536376953,2.728156566619873,171.17935180664062,1.2541687488555908,1.2532215118408203,0.31278857588768005,11.153897285461426,10.649894714355469,8.39128303527832,0.45871198177337646,0.4973626136779785,0.6777381300926208,17.855741500854492,0,0.2291698157787323,9.26548957824707,28.025806427001953,37,25,30,50,
2025-12-30 09:59:26.461000,3d,Toxicity,Original,,58.85321807861328,2.677036762237549,157.56454467773438,1.4142308235168457,1.41144859790802,0.4409902095794678,11.153897285461426,10.238304138183594,8.57914924621582,0.5023017525672913,0.5172283053398132,0.6924713850021362,19.514638900756836,43.69694519042969,0.23240873217582703,8.855707168579102,22.20219612121582,37,25,30,0,
2025-12-30 09:59:28.461000,3d,Toxicity,Original,,68.60482025146484,2.684346914291382,184.15914916992188,0.7656594514846802,0.8553317189216614,0.18565037846565247,11.153897285461426,14.162249565124512,10.265416145324707,0.37901896238327026,0.4955551326274872,0.5663478970527649,4.819433689117432,0,0.2707258462905884,4.381389141082764,19.62405014038086,37,25,30,0,
2025-12-30 09:59:30.461000,3d,Toxicity,Original,,65.36094665527344,2.832218885421753,185.11651611328125,1.2042841911315918,1.02238130569458,0.25167468190193176,11.153897285461426,9.588241577148438,9.030673027038574,0.48885393142700195,0.4291253983974457,0.6805544495582581,26.026485443115234,0,0.233530193567276,8.413253784179688,15.843212127685547,37,25,30,80,
2025-12-30 09:59:32.461000,3d,Toxicity,Original,,68.91588592529297,2.925318479537964,201.82962036132812,0.8236619830131531,0.9436184167861938,0.42099714279174805,11.153897285461426,12.33200454711914,9.846694946289062,0.4165961742401123,0.45438671112060547,0.7620499730110168,14.122879028320312,0,0.24238097667694092,8.855831146240234,21.49869155883789,37,25,30,0,
2025-12-30 09:59:32.461000,FinePointe Series WBP [SN 139781]  Site 4 Bias Flow is out of range.,,,,,,,,,,,,,,,,,,,,,,,,,
2025-12-30 09:59:32.461000,FinePointe Series WBP [SN 10499C]  Site 1 Bias Flow is out of range.,,,,,,,,,,,,,,,,,,,,,,,,,
2025-12-30 09:59:34.461000,3d,Toxicity,Original,,62.27227020263672,2.7523202896118164,171.37258911132812,1.1939178705215454,1.0272223949432373,0.33090823888778687,11.153897285461426,9.108295440673828,8.634313583374023,0.5106798410415649,0.4528755247592926,0.5866060256958008,14.460220336914062,0,0.2344280481338501,7.3179144859313965,24.98294448852539,37,25,30,0,
2025-12-30 09:59:36.461000,3d,Toxicity,Original,,60.040283203125,2.752312183380127,165.24960327148438,0.7026105523109436,0.7587544322013855,0.7835270166397095,11.153897285461426,10.354984283447266,8.351598739624023,0.5194476842880249,0.4798813462257385,0.5211697816848755,14.279891967773438,0,0.2802464962005615,5.413510799407959,15.544122695922852,37,25,30,0,
2025-12-30 09:59:38.461000,3d,Toxicity,Original,,64.22187042236328,2.815239191055298,180.80239868164062,0.9182963967323303,1.0491528511047363,0.4847164750099182,11.153897285461426,11.635248184204102,8.464153289794922,0.46881943941116333,0.4656373858451843,0.717374861240387,13.467511177062988,0,0.235248401761055,7.214145660400391,24.179218292236328,37,25,30,33.33333206176758,
2025-12-30 09:59:38.461000,FinePointe Series WBP [SN 10499C]  Site 3 Bias Flow is out of range.,,,,,,,,,,,,,,,,,,,,,,,,,
2025-12-30 09:59:40.461000,3d,Toxicity,Original,,61.60858917236328,2.76234769821167,170.1906280517578,0.925007700920105,1.0407531261444092,0.4872218370437622,11.153897285461426,9.701993942260742,8.430256843566895,0.4997868239879608,0.4749416708946228,0.7319127321243286,12.81471061706543,0,0.2435840666294098,8.825520515441895,23.76087188720703,37,25,30,0,
2025-12-30 09:59:42.461000,3d,Toxicity,Original,,65.82601165771484,2.5568625926971436,167.9326629638672,1.1740193367004395,1.1143361330032349,0.33973079919815063,11.153897285461426,9.76286792755127,8.110417366027832,0.461883008480072,0.4522767961025238,0.6718086004257202,12.697209358215332,0,0.2242189347743988,8.27492904663086,25.750324249267578,37,25,30,0,
2025-12-30 09:59:42.461000,FinePointe Series WBP [SN 139781]  Site 4 Bias Flow is out of range.,,,,,,,,,,,,,,,,,,,,,,,,,
2025-12-30 09:59:42.461000,FinePointe Series WBP [SN 10499C]  Site 1 Bias Flow is out of range.,,,,,,,,,,,,,,,,,,,,,,,,,
2025-12-30 09:59:44.461000,3d,Toxicity,Original,,49.80533981323242,2.7594916820526123,137.43740844726562,2.6392405033111572,2.6071321964263916,0.2588835656642914,11.153897285461426,11.640071868896484,8.072722434997559,0.5016713738441467,0.7030187249183655,0.6695927381515503,14.95584487915039,267.3141174316406,0.20220975577831268,5.320164680480957,33.73336410522461,37,25,30,0,
2025-12-30 09:59:46.461000,3d,Toxicity,Original,,79.07099914550781,2.222698211669922,164.25689697265625,1.0499818325042725,1.1211390495300293,0.4386909604072571,11.153897285461426,9.541318893432617,7.703990936279297,0.3781859576702118,0.41901397705078125,0.6512748003005981,13.509284019470215,29.730478286743164,0.20123358070850372,7.490875720977783,20.889076232910156,37,25,30,0,
2025-12-30 09:59:48.461000,3d,Toxicity,Original,,69.01304626464844,2.6668245792388916,182.9642333984375,0.8906511664390564,0.9862706065177917,0.3788369297981262,11.153897285461426,11.256662368774414,9.166570663452148,0.3959873914718628,0.47578418254852295,0.7351859211921692,19.541336059570312,0,0.24858585000038147,9.907882690429688,22.67279815673828,37,25,30,0,
2025-12-30 09:59:48.461000,FinePointe Series WBP [SN 10499C]  Site 3 Bias Flow is out of range.,,,,,,,,,,,,,,,,,,,,,,,,,
2025-12-30 09:59:50.461000,3d,Toxicity,Original,,63.59619903564453,2.797470808029175,177.86346435546875,0.9743223190307617,0.969396710395813,0.4768674969673157,11.153897285461426,10.144647598266602,8.417760848999023,0.4965289533138275,0.44751060009002686,0.744426965713501,11.335687637329102,0,0.2395169734954834,6.517799377441406,23.746734619140625,37,25,30,0,
2025-12-30 09:59:52.461000,3d,Toxicity,Original,,65.8497314453125,2.4871320724487305,163.67068481445312,1.3811331987380981,1.426772117614746,0.32078808546066284,11.153897285461426,10.243001937866211,8.279213905334473,0.42491140961647034,0.48683083057403564,0.6862925291061401,13.021602630615234,74.08885192871094,0.214970663189888,8.103372573852539,24.164649963378906,37,25,30,0,
2025-12-30 09:59:52.461000,FinePointe Series WBP [SN 139781]  Site 4 Bias Flow is out of range.,,,,,,,,,,,,,,,,,,,,,,,,,
2025-12-30 09:59:52.461000,FinePointe Series WBP [SN 10499C]  Site 1 Bias Flow is out of range.,,,,,,,,,,,,,,,,,,,,,,,,,
2025-12-30 09:59:54.461000,3d,Toxicity,Original,,70.26010131835938,2.706026554107666,189.98777770996094,0.9396668672561646,0.9755227565765381,0.4667682647705078,11.153897285461426,10.645873069763184,9.549416542053223,0.44633549451828003,0.4088286757469177,0.8411267995834351,13.894536018371582,0,0.21835672855377197,10.799575805664062,24.74820327758789,37,25,30,0,
2025-12-30 09:59:56.461000,3d,Toxicity,Original,,62.40652084350586,2.8601181507110596,178.51260375976562,0.9958041310310364,0.9645822048187256,0.2939104735851288,11.153897285461426,9.899209976196289,7.980666160583496,0.527308464050293,0.434976190328598,0.6366488337516785,11.781145095825195,0,0.23227113485336304,6.525230884552002,21.348215103149414,37,25,30,0,
2025-12-30 09:59:58.461000,3d,Toxicity,Original,,66.72708129882812,2.7817955017089844,185.5309600830078,1.0229312181472778,0.9741050004959106,0.31508421897888184,11.153897285461426,10.647990226745605,9.049274444580078,0.4735676050186157,0.4265970289707184,0.6948012113571167,13.279806137084961,0,0.2318556010723114,9.095136642456055,19.868078231811523,37,25,30,0,
2025-12-30 09:59:58.461000,FinePointe Series WBP [SN 10499C]  Site 3 Bias Flow is out of range.,,,,,,,,,,,,,,,,,,,,,,,,,
2025-12-30 10:00:00.461000,3d,Toxicity,Original,,69.04136657714844,2.6762442588806152,184.54812622070312,1.1639515161514282,1.1319596767425537,0.40017765760421753,11.153897285461426,10.56650161743164,9.013612747192383,0.44054311513900757,0.4310300052165985,0.7877278923988342,13.076854705810547,23.70697021484375,0.21389953792095184,9.797069549560547,23.558128356933594,37,25,30,0,
2025-12-30 10:00:02.461000,3d,Toxicity,Original,,71.4952392578125,2.5711145401000977,183.31939697265625,1.1478674411773682,1.1376020908355713,0.41912174224853516,11.153897285461426,9.764245986938477,9.208939552307129,0.4314645230770111,0.4121503233909607,0.8067770004272461,13.022356033325195,45.832393646240234,0.2039211094379425,9.399425506591797,20.463857650756836,37,25,30,0,
2025-12-30 10:00:02.461000,FinePointe Series WBP [SN 139781]  Site 4 Bias Flow is out of range.,,,,,,,,,,,,,,,,,,,,,,,,,
2025-12-30 10:00:02.461000,FinePointe Series WBP [SN 10499C]  Site 1 Bias Flow is out of range.,,,,,,,,,,,,,,,,,,,,,,,,,
2025-12-30 10:00:04.461000,3d,Toxicity,Original,,72.91094207763672,2.456362724304199,178.79037475585938,1.0039291381835938,0.8690207004547119,0.3548482060432434,11.153897285461426,9.249933242797852,9.424070358276367,0.4320007264614105,0.3914363384246826,0.7712759971618652,14.482271194458008,0,0.22140833735466003,9.507566452026367,20.078001022338867,37,25,30,0,
2025-12-30 10:00:06.461000,3d,Toxicity,Original,,64.96078491210938,2.6217312812805176,170.29934692382812,1.1834356784820557,1.2353506088256836,0.40382856130599976,11.153897285461426,9.807913780212402,8.10163688659668,0.45713716745376587,0.4667215943336487,0.6617584228515625,14.426997184753418,38.13615798950195,0.2240835726261139,7.480876445770264,22.538013458251953,37,25,30,0,
2025-12-30 10:00:08.461000,3d,Toxicity,Original,,66.95756530761719,2.842421531677246,188.87530517578125,0.8945081233978271,0.834112286567688,0.5187345743179321,11.153897285461426,10.073690414428711,9.854349136352539,0.48007458448410034,0.42289674282073975,0.8614784479141235,18.274606704711914,0,0.24240858852863312,10.44837474822998,21.552202224731445,37,25,30,0,
2025-12-30 10:00:08.461000,FinePointe Series WBP [SN 10499C]  Site 3 Bias Flow is out of range.,,,,,,,,,,,,,,,,,,,,,,,,,
2025-12-30 10:00:10.461000,3d,Toxicity,Original,,72.17369842529297,2.5511646270751953,184.28016662597656,0.8817472457885742,0.8721489906311035,0.43697088956832886,11.153897285461426,9.344740867614746,8.821172714233398,0.43522343039512634,0.3983649015426636,0.781919002532959,12.758411407470703,0,0.22141461074352264,8.405343055725098,18.286495208740234,37,25,30,0,
2025-12-30 10:00:12.461000,3d,Toxicity,Original,,71.8539810180664,2.4930419921875,179.00717163085938,1.2475286722183228,1.0139555931091309,0.3593190610408783,11.153897285461426,9.141305923461914,9.58903980255127,0.44630324840545654,0.39061474800109863,0.7962167263031006,13.426118850708008,0,0.20350104570388794,8.157384872436523,21.31293296813965,37,25,30,0,
2025-12-30 10:00:12.461000,FinePointe Series WBP [SN 139781]  Site 4 Bias Flow is out of range.,,,,,,,,,,,,,,,,,,,,,,,,,
2025-12-30 10:00:12.461000,FinePointe Series WBP [SN 10499C]  Site 1 Bias Flow is out of range.,,,,,,,,,,,,,,,,,,,,,,,,,
2025-12-30 10:00:14.461000,3d,Toxicity,Original,,67.60028076171875,2.638941526412964,178.14169311523438,1.2249467372894287,1.1743673086166382,0.44692763686180115,11.153897285461426,10.523502349853516,8.786724090576172,0.46502456068992615,0.432507187128067,0.7350106835365295,12.753942489624023,48.008480072021484,0.20741620659828186,8.341961860656738,22.53752899169922,37,25,30,0,
2025-12-30 10:00:16.461000,3d,Toxicity,Original,,70.92755889892578,2.7603096961975098,195.88467407226562,0.8405040502548218,0.8579833507537842,0.46671396493911743,11.153897285461426,10.106891632080078,9.734495162963867,0.4206900894641876,0.4278627038002014,0.8436077833175659,17.050851821899414,0,0.2402614802122116,10.061079978942871,18.94402503967285,37,25,30,33.33333206176758,
2025-12-30 10:00:16.461000,FinePointe Series WBP [SN 10499C]  Site 3 Bias Flow is out of range.,,,,,,,,,,,,,,,,,,,,,,,,,
2025-12-30 10:00:18.461000,3d,Toxicity,Original,,69.9873275756836,2.580256223678589,180.08053588867188,1.1880854368209839,1.2955055236816406,0.4579474925994873,11.153897285461426,10.566076278686523,9.183066368103027,0.4029126763343811,0.4607155919075012,0.8120602965354919,12.662458419799805,63.21234893798828,0.20924542844295502,8.660654067993164,24.275970458984375,37,25,30,0,
2025-12-30 10:00:20.461000,3d,Toxicity,Original,,72.44639587402344,2.5475082397460938,183.48251342773438,0.9058107137680054,1.0080479383468628,0.5276775360107422,11.153897285461426,10.159677505493164,8.33028507232666,0.40615522861480713,0.43002742528915405,0.7184256315231323,12.212379455566406,0,0.22482432425022125,9.351940155029297,23.06581687927246,37,25,30,0,
2025-12-30 10:00:22.461000,3d,Toxicity,Original,,67.77237701416016,2.6365966796875,178.09132385253906,1.2156888246536255,1.286332368850708,0.3339250385761261,11.153897285461426,10.99269962310791,8.632959365844727,0.41685205698013306,0.4708092212677002,0.656984269618988,13.379107475280762,49.974910736083984,0.21685783565044403,8.597314834594727,23.572372436523438,37,25,30,0,
2025-12-30 10:00:22.461000,FinePointe Series WBP [SN 139781]  Site 4 Bias Flow is out of range.,,,,,,,,,,,,,,,,,,,,,,,,,
2025-12-30 10:00:22.461000,FinePointe Series WBP [SN 10499C]  Site 1 Bias Flow is out of range.,,,,,,,,,,,,,,,,,,,,,,,,,
2025-12-30 10:00:24.461000,3d,Toxicity,Original,,76.14555358886719,2.581542491912842,196.57601928710938,0.8290810585021973,0.9296051263809204,0.3764451742172241,11.153897285461426,11.301078796386719,9.104315757751465,0.3874974250793457,0.4005032181739807,0.7840143442153931,12.981216430664062,0,0.21849721670150757,10.350809097290039,20.278400421142578,37,25,30,0,
2025-12-30 10:00:26.461000,3d,Toxicity,Original,,74.58502960205078,2.6252987384796143,196.02197265625,0.838336169719696,0.8363557457923889,0.5390746593475342,11.153897285461426,10.262533187866211,9.79689884185791,0.42334264516830444,0.3817633092403412,0.8312566876411438,14.54472541809082,3.540050506591797,0.22014759480953217,10.9526948928833,18.719932556152344,37,25,30,0,
2025-12-30 10:00:28.461000,3d,Toxicity,Original,,74.17605590820312,2.6490767002105713,196.5417022705078,0.7509538531303406,0.8297470808029175,0.516281008720398,11.153897285461426,10.450899124145508,9.086471557617188,0.4275171160697937,0.3813844919204712,0.7935113906860352,16.641353607177734,0,0.21897803246974945,10.093528747558594,19.866844177246094,37,25,30,0,
2025-12-30 10:00:28.461000,FinePointe Series WBP [SN 10499C]  Site 3 Bias Flow is out of range.,,,,,,,,,,,,,,,,,,,,,,,,,
2025-12-30 10:00:30.461000,3d,Toxicity,Original,,70.58872985839844,2.700392961502075,190.05288696289062,1.0584862232208252,1.067445993423462,0.428056001663208,11.153897285461426,10.45394515991211,9.236797332763672,0.4332307279109955,0.4186561107635498,0.7756273746490479,12.410533905029297,0,0.21188165247440338,8.995333671569824,21.548017501831055,37,25,30,0,
2025-12-30 10:00:32.461000,3d,Toxicity,Original,,73.77315521240234,2.7234463691711426,201.06459045410156,1.0005686283111572,0.9566820859909058,0.4430887699127197,11.153897285461426,10.731870651245117,9.97671127319336,0.42780601978302,0.38963183760643005,0.8640953302383423,12.472692489624023,0,0.20934900641441345,9.465497970581055,21.70749282836914,37,25,30,0,
2025-12-30 10:00:32.461000,FinePointe Series WBP [SN 139781]  Site 4 Bias Flow is out of range.,,,,,,,,,,,,,,,,,,,,,,,,,
2025-12-30 10:00:32.461000,FinePointe Series WBP [SN 10499C]  Site 1 Bias Flow is out of range.,,,,,,,,,,,,,,,,,,,,,,,,,
2025-12-30 10:00:34.461000,3d,Toxicity,Original,,77.30503845214844,2.6838395595550537,207.255615234375,0.8801693916320801,0.8286212086677551,0.4956877827644348,11.153897285461426,10.801761627197266,10.15191650390625,0.41999557614326477,0.3580297827720642,0.885735809803009,12.706802368164062,0,0.20474421977996826,7.962943077087402,16.91140365600586,37,25,30,0,
2025-12-30 10:00:36.461000,3d,Toxicity,Original,,72.2587890625,2.721587896347046,196.7281951904297,0.9233425259590149,0.9272626042366028,0.5415915250778198,11.153897285461426,10.292813301086426,9.186501502990723,0.4442664682865143,0.38761213421821594,0.7789306044578552,14.002267837524414,0,0.2104431539773941,8.952216148376465,18.624103546142578,37,25,30,0,
2025-12-30 10:00:38.461000,3d,Toxicity,Original,,75.28658294677734,2.6684517860412598,200.9147186279297,0.8316799402236938,0.8025554418563843,0.5647974610328674,11.153897285461426,10.063272476196289,9.151939392089844,0.41812288761138916,0.3789365589618683,0.6658881306648254,12.18619155883789,0,0.2220706194639206,9.682103157043457,12.734968185424805,37,25,30,0,
2025-12-30 10:00:38.461000,FinePointe Series WBP [SN 10499C]  Site 3 Bias Flow is out of range.,,,,,,,,,,,,,,,,,,,,,,,,,
2025-12-30 10:00:40.461000,3d,Toxicity,Original,,76.53778076171875,2.5726797580718994,197.15460205078125,0.928709864616394,0.8685216903686523,0.5238168835639954,11.153897285461426,10.187629699707031,9.89626693725586,0.4163881242275238,0.3686597943305969,0.8415037989616394,11.01492977142334,0,0.20761017501354218,9.16693115234375,19.81131935119629,37,25,30,0,
2025-12-30 10:00:42.461000,3d,Toxicity,Original,,77.42164611816406,2.6830334663391113,207.73582458496094,0.7730740308761597,0.8292390704154968,0.49323219060897827,11.153897285461426,10.826475143432617,9.793819427490234,0.3982686400413513,0.3767159581184387,0.8699043989181519,13.41440200805664,0,0.21707658469676971,10.96491813659668,16.557422637939453,37,25,30,0,
2025-12-30 10:00:42.461000,FinePointe Series WBP [SN 139781]  Site 4 Bias Flow is out of range.,,,,,,,,,,,,,,,,,,,,,,,,,
2025-12-30 10:00:42.461000,FinePointe Series WBP [SN 10499C]  Site 1 Bias Flow is out of range.,,,,,,,,,,,,,,,,,,,,,,,,,
2025-12-30 10:00:44.461000,3d,Toxicity,Original,,77.18788146972656,2.72013258934021,209.9356689453125,0.959935188293457,0.8581731915473938,0.316956102848053,11.153897285461426,10.078682899475098,9.395185470581055,0.42899465560913086,0.348339706659317,0.8026015162467957,10.775849342346191,0,0.19893363118171692,9.991056442260742,16.081029891967773,37,25,30,0,
2025-12-30 10:00:46.461000,3d,Toxicity,Original,,72.78147888183594,2.722522497177124,198.41781616210938,0.9994449019432068,0.9169073700904846,0.41158127784729004,11.153897285461426,10.35421371459961,10.055031776428223,0.45038676261901855,0.37655630707740784,0.8429135084152222,10.982744216918945,0,0.20536652207374573,8.946953773498535,19.985675811767578,37,25,30,0,
2025-12-30 10:00:48.461000,3d,Toxicity,Original,,80.05326843261719,2.736044406890869,219.0362548828125,0.8921911716461182,0.8742597699165344,0.4031102657318115,11.153897285461426,11.039572715759277,9.899781227111816,0.37890365719795227,0.37059828639030457,0.8486478328704834,12.106762886047363,0,0.2062276303768158,8.627501487731934,18.010501861572266,37,25,30,0,
2025-12-30 10:00:48.461000,FinePointe Series WBP [SN 10499C]  Site 3 Bias Flow is out of range.,,,,,,,,,,,,,,,,,,,,,,,,,
2025-12-30 10:00:50.461000,3d,Toxicity,Original,,80.09465026855469,2.6858301162719727,214.88619995117188,0.9456390738487244,0.9523684978485107,0.48002156615257263,11.153897285461426,10.662261962890625,9.660578727722168,0.38771647214889526,0.36269617080688477,0.8541191220283508,11.732833862304688,0,0.19513070583343506,10.252572059631348,19.715869903564453,37,25,30,0,
2025-12-30 10:00:52.461000,3d,Toxicity,Original,,77.68970489501953,2.6353652477264404,204.7775115966797,0.8557033538818359,0.8884739875793457,0.4075494706630707,11.153897285461426,10.567850112915039,9.717578887939453,0.3919925093650818,0.380321741104126,0.8529800176620483,16.671478271484375,0,0.21101614832878113,10.986372947692871,17.021425247192383,37,25,30,0,
2025-12-30 10:00:52.461000,FinePointe Series WBP [SN 139781]  Site 4 Bias Flow is out of range.,,,,,,,,,,,,,,,,,,,,,,,,,
2025-12-30 10:00:52.461000,FinePointe Series WBP [SN 10499C]  Site 1 Bias Flow is out of range.,,,,,,,,,,,,,,,,,,,,,,,,,
2025-12-30 10:00:54.461000,3d,Toxicity,Original,,76.9261245727539,2.60809326171875,200.61627197265625,0.918881893157959,0.8708275556564331,0.4148646593093872,11.153897285461426,10.308582305908203,9.541780471801758,0.4090197682380676,0.37108033895492554,0.8217013478279114,13.106097221374512,0,0.20649708807468414,9.554142951965332,19.722156524658203,37,25,30,0,
2025-12-30 10:00:56.461000,3d,Toxicity,Original,,79.10749816894531,2.8809895515441895,229.39768981933594,0.7317728400230408,0.7072040438652039,0.4698062837123871,11.153897285461426,11.097796440124512,11.590919494628906,0.4074209928512573,0.35943034291267395,0.9957700371742249,16.40660285949707,0,0.22666646540164948,14.696856498718262,14.998980522155762,37,25,30,0,
2025-12-30 10:00:58.461000,3d,Toxicity,Original,,85.49508666992188,2.707777976989746,231.4725341796875,0.7262242436408997,0.7367877960205078,0.5876874327659607,11.153897285461426,11.672840118408203,10.744722366333008,0.3714810013771057,0.33055707812309265,0.9178326725959778,13.627739906311035,0,0.19950270652770996,11.286520004272461,18.752336502075195,37,25,30,33.33333206176758,
2025-12-30 10:00:58.461000,FinePointe Series WBP [SN 10499C]  Site 3 Bias Flow is out of range.,,,,,,,,,,,,,,,,,,,,,,,,,
2025-12-30 10:01:00.461000,3d,Toxicity,Original,,76.64746856689453,2.6709041595458984,204.0591583251953,0.9140677452087402,0.8208838105201721,0.5724341869354248,11.153897285461426,9.950017929077148,10.171415328979492,0.42149993777275085,0.36295947432518005,0.8386774063110352,12.219316482543945,0,0.2090013474225998,9.309664726257324,15.915932655334473,37,25,30,0,
2025-12-30 10:01:02.461000,3d,Toxicity,Original,,78.002685546875,2.679966688156128,209.0943145751953,1.0249189138412476,0.8685593605041504,0.4705287516117096,11.153897285461426,10.072193145751953,10.358389854431152,0.40199869871139526,0.36726242303848267,0.920170783996582,16.04265785217285,0,0.20608995854854584,10.936243057250977,15.639423370361328,37,25,30,0,
2025-12-30 10:01:02.461000,FinePointe Series WBP [SN 139781]  Site 4 Bias Flow is out of range.,,,,,,,,,,,,,,,,,,,,,,,,,
2025-12-30 10:01:02.461000,FinePointe Series WBP [SN 10499C]  Site 1 Bias Flow is out of range.,,,,,,,,,,,,,,,,,,,,,,,,,
2025-12-30 10:01:04.461000,3d,Toxicity,Original,,83.3620376586914,2.6421360969543457,220.099365234375,0.8299592733383179,0.8945707678794861,0.5665798783302307,11.153897285461426,11.151396751403809,10.373586654663086,0.36864960193634033,0.3516075909137726,0.8901552557945251,12.1958646774292,11.408886909484863,0.1932862102985382,10.880475997924805,20.413116455078125,37,25,30,0,
2025-12-30 10:01:06.461000,3d,Toxicity,Original,,79.14473724365234,2.7394418716430664,216.86968994140625,0.7867423295974731,0.7841989398002625,0.5898992419242859,11.153897285461426,10.850544929504395,10.496220588684082,0.41871267557144165,0.34335535764694214,0.8752477765083313,12.200652122497559,0,0.20250771939754486,10.528522491455078,17.35004425048828,37,25,30,0,
2025-12-30 10:01:08.461000,3d,Toxicity,Original,,72.25619506835938,2.847982883453369,205.92889404296875,0.6651973128318787,0.5826576948165894,0.6577504277229309,11.153897285461426,10.173735618591309,11.12269401550293,0.4540257751941681,0.37831294536590576,0.9629278779029846,11.333667755126953,0,0.2544311285018921,12.754007339477539,12.804023742675781,37,25,30,0,
2025-12-30 10:01:08.461000,FinePointe Series WBP [SN 10499C]  Site 3 Bias Flow is out of range.,,,,,,,,,,,,,,,,,,,,,,,,,
2025-12-30 10:01:10.461000,3d,Toxicity,Original,,77.66162109375,2.624173641204834,203.59368896484375,0.8687758445739746,0.9165840148925781,0.5485721230506897,11.153897285461426,10.52993106842041,10.274618148803711,0.40736278891563416,0.36707863211631775,0.8859893083572388,14.661367416381836,17.027456283569336,0.200471431016922,11.924102783203125,20.05562400817871,37,25,30,0,
2025-12-30 10:01:12.461000,3d,Toxicity,Original,,83.60702514648438,2.6228082180023193,219.0938262939453,0.8190702199935913,0.8159079551696777,0.6565122008323669,11.153897285461426,10.77932357788086,10.540950775146484,0.38403835892677307,0.3364417552947998,0.8468383550643921,10.726018905639648,0,0.19355851411819458,10.56820011138916,15.489692687988281,37,25,30,0,
2025-12-30 10:01:12.461000,FinePointe Series WBP [SN 139781]  Site 4 Bias Flow is out of range.,,,,,,,,,,,,,,,,,,,,,,,,,
2025-12-30 10:01:12.461000,FinePointe Series WBP [SN 10499C]  Site 1 Bias Flow is out of range.,,,,,,,,,,,,,,,,,,,,,,,,,
2025-12-30 10:01:14.461000,3d,Toxicity,Original,,81.32366180419922,2.5410666465759277,206.71340942382812,0.8710945844650269,0.7744538187980652,0.5032745003700256,11.153897285461426,9.889627456665039,10.55958366394043,0.40326789021492004,0.33499065041542053,0.9251958727836609,14.214374542236328,0,0.1982724815607071,10.356535911560059,12.686314582824707,37,25,30,0,
2025-12-30 10:01:16.461000,3d,Toxicity,Original,,81.86583709716797,2.6975059509277344,220.83114624023438,0.8751034140586853,0.8666101694107056,0.4537211060523987,11.153897285461426,10.874735832214355,10.260791778564453,0.38884878158569336,0.34408605098724365,0.8947998285293579,13.709990501403809,0,0.19342699646949768,11.220888137817383,19.18313217163086,37,25,30,0,
2025-12-30 10:01:18.461000,3d,Toxicity,Original,,76.47344970703125,2.6656112670898438,203.9229736328125,1.0850348472595215,1.0084234476089478,0.3943447172641754,11.153897285461426,10.259899139404297,10.14195728302002,0.4290755093097687,0.3555845618247986,0.8233458995819092,11.283230781555176,0,0.18538105487823486,8.832210540771484,20.940567016601562,37,25,30,0,
2025-12-30 10:01:18.461000,FinePointe Series WBP [SN 10499C]  Site 3 Bias Flow is out of range.,,,,,,,,,,,,,,,,,,,,,,,,,
2025-12-30 10:01:20.461000,3d,Toxicity,Original,,82.23241424560547,2.5778253078460693,211.94729614257812,0.8454469442367554,0.7965521216392517,0.6083850264549255,11.153897285461426,10.351402282714844,10.266855239868164,0.3907797932624817,0.33921483159065247,0.8784890174865723,12.95353889465332,0,0.19739295542240143,10.397204399108887,19.70347023010254,37,25,30,0,
2025-12-30 10:01:22.461000,3d,Toxicity,Original,,76.88611602783203,2.669804334640503,205.26881408691406,0.7589693665504456,0.777596116065979,0.5660543441772461,11.153897285461426,10.290623664855957,9.944302558898926,0.4420319199562073,0.33859342336654663,0.8448049426078796,11.268380165100098,0,0.20024150609970093,9.903923988342285,17.180662155151367,37,25,30,0,
2025-12-30 10:01:22.461000,FinePointe Series WBP [SN 139781]  Site 4 Bias Flow is out of range.,,,,,,,,,,,,,,,,,,,,,,,,,
2025-12-30 10:01:22.461000,FinePointe Series WBP [SN 10499C]  Site 1 Bias Flow is out of range.,,,,,,,,,,,,,,,,,,,,,,,,,
2025-12-30 10:01:24.461000,3d,Toxicity,Original,,80.09652709960938,2.665719509124756,213.55068969726562,0.8788926601409912,0.9683679342269897,0.6230348348617554,11.153897285461426,11.891304016113281,10.068199157714844,0.3775921165943146,0.37158507108688354,0.7997905015945435,12.925888061523438,29.379831314086914,0.19909298419952393,10.707845687866211,21.120361328125,37,25,30,0,
2025-12-30 10:01:26.461000,3d,Toxicity,Original,,79.35713195800781,2.6958935260772705,212.7908172607422,0.8745779991149902,0.7786667943000793,0.5347514152526855,11.153897285461426,10.219968795776367,11.280099868774414,0.4190240204334259,0.3406343460083008,0.9744653701782227,15.389824867248535,0,0.2022426426410675,11.722900390625,18.057092666625977,37,25,30,0,
2025-12-30 10:01:28.461000,3d,Toxicity,Original,,82.38848876953125,2.6879966259002686,221.51007080078125,0.7404446005821228,0.7521876692771912,0.46432459354400635,11.153897285461426,11.195565223693848,10.080548286437988,0.40453511476516724,0.3238425850868225,0.890369713306427,13.675451278686523,0,0.19393384456634521,11.453235626220703,18.837726593017578,37,25,30,0,
2025-12-30 10:01:28.461000,FinePointe Series WBP [SN 10499C]  Site 3 Bias Flow is out of range.,,,,,,,,,,,,,,,,,,,,,,,,,
2025-12-30 10:01:30.461000,3d,Toxicity,Original,,75.88581848144531,2.5594253540039062,192.98471069335938,1.5855004787445068,1.4066517353057861,0.38185960054397583,11.153897285461426,10.948936462402344,10.484613418579102,0.4005481004714966,0.4051467478275299,0.8793830275535583,11.058998107910156,71.07811737060547,0.17852410674095154,8.995332717895508,20.756074905395508,37,25,30,0,
2025-12-30 10:01:32.461000,3d,Toxicity,Original,,78.90767669677734,2.7012712955474854,213.20643615722656,0.8206517696380615,0.8400498032569885,0.5457185506820679,11.153897285461426,10.574277877807617,10.22744369506836,0.39678359031677246,0.36534446477890015,0.879167914390564,11.81002140045166,2.8637115955352783,0.209847554564476,10.879995346069336,17.615694046020508,37,25,30,0,
2025-12-30 10:01:32.461000,FinePointe Series WBP [SN 139781]  Site 4 Bias Flow is out of range.,,,,,,,,,,,,,,,,,,,,,,,,,
2025-12-30 10:01:32.461000,FinePointe Series WBP [SN 10499C]  Site 1 Bias Flow is out of range.,,,,,,,,,,,,,,,,,,,,,,,,,
2025-12-30 10:01:34.461000,3d,Toxicity,Original,,85.7439956665039,2.599172830581665,222.7377471923828,0.8203368186950684,0.7698951363563538,0.6228758692741394,11.153897285461426,10.855463027954102,11.039515495300293,0.36998215317726135,0.3306247889995575,0.9232472777366638,11.027012825012207,0,0.19517375528812408,10.756114959716797,15.442018508911133,37,25,30,0,
2025-12-30 10:01:36.461000,3d,Toxicity,Original,,85.35763549804688,2.7354483604431152,233.49453735351562,0.8573223948478699,0.8242738246917725,0.5304898023605347,11.153897285461426,11.140037536621094,10.73651123046875,0.38055357336997986,0.322380393743515,0.9024226069450378,13.077919960021973,0,0.18657100200653076,10.9398193359375,16.653762817382812,37,25,30,0,
2025-12-30 10:01:36.461000,FinePointe Series WBP [SN 10499C]  Site 3 Bias Flow is out of range.,,,,,,,,,,,,,,,,,,,,,,,,,
2025-12-30 10:01:40.461000,3d,Toxicity,Original,,82.34271240234375,3.169386863708496,260.7657775878906,0.7789421081542969,1.307571291923523,0.41106492280960083,11.153897285461426,17.03229331970215,9.958928108215332,0.31896165013313293,0.4098798334598541,0.8860812187194824,15.47728157043457,63.071136474609375,0.18807759881019592,6.980957508087158,26.682472229003906,37,25,30,60,
2025-12-30 10:01:42.461000,3d,Toxicity,Original,,80.3939437866211,2.688234806060791,216.2753448486328,1.2639490365982056,1.2900844812393188,0.43153709173202515,11.153897285461426,13.105401992797852,11.036020278930664,0.3471962809562683,0.39951613545417786,0.8527895212173462,8.722760200500488,53.94152069091797,0.17991438508033752,7.65079927444458,23.57436180114746,37,25,30,0,
2025-12-30 10:01:42.461000,FinePointe Series WBP [SN 139781]  Site 4 Bias Flow is out of range.,,,,,,,,,,,,,,,,,,,,,,,,,
2025-12-30 10:01:44.461000,3d,Toxicity,Original,,80.0918960571289,2.6192243099212646,209.7661590576172,1.1575477123260498,1.2197277545928955,0.4945755898952484,11.153897285461426,12.681689262390137,10.704577445983887,0.32505306601524353,0.4241097569465637,0.9191454648971558,14.833024024963379,58.30769729614258,0.1982947289943695,7.553670406341553,22.01104736328125,37,25,30,0,
2025-12-30 10:01:46.461000,3d,Toxicity,Original,,81.18705749511719,2.7893998622894287,226.44387817382812,0.966137170791626,0.9226447343826294,0.3451676070690155,11.153897285461426,11.909893035888672,10.078973770141602,0.37599098682403564,0.3634406328201294,0.8103275299072266,11.178056716918945,0,0.19610467553138733,7.195704460144043,17.54643440246582,37,25,30,0,
2025-12-30 10:01:48.461000,3d,Toxicity,Original,,80.09503936767578,2.8446221351623535,227.88046264648438,0.9165032505989075,0.861737847328186,0.3698459565639496,11.153897285461426,11.214695930480957,10.873845100402832,0.3867081105709076,0.3626368045806885,0.8795957565307617,9.737554550170898,0,0.20354247093200684,9.938043594360352,15.697991371154785,37,25,30,0,
2025-12-30 10:01:48.461000,FinePointe Series WBP [SN 10499C]  Site 3 Bias Flow is out of range.,,,,,,,,,,,,,,,,,,,,,,,,,
2025-12-30 10:01:48.461000,FinePointe Series WBP [SN 10499C]  Site 1 Bias Flow is out of range.,,,,,,,,,,,,,,,,,,,,,,,,,
2025-12-30 10:01:50.461000,3d,Toxicity,Original,,81.69488525390625,2.9186997413635254,238.44473266601562,0.888140857219696,0.8722423315048218,0.4513286054134369,11.153897285461426,11.306303977966309,10.67941951751709,0.39754781126976013,0.33690565824508667,0.8985910415649414,9.979034423828125,0,0.18755339086055756,9.896407127380371,16.034255981445312,37,25,30,0,
2025-12-30 10:01:52.461000,3d,Toxicity,Original,,81.66836547851562,2.8274998664855957,230.84034729003906,0.872319757938385,0.8565294742584229,0.4919546842575073,11.153897285461426,11.229022979736328,10.836350440979004,0.3872212767601013,0.3479739725589752,0.9556347727775574,9.648262023925781,0,0.1963968575000763,9.721010208129883,14.576065063476562,37,25,30,0,
2025-12-30 10:01:52.461000,FinePointe Series WBP [SN 139781]  Site 4 Bias Flow is out of range.,,,,,,,,,,,,,,,,,,,,,,,,,
2025-12-30 10:01:54.461000,3d,Toxicity,Original,,83.63395690917969,2.7257001399993896,228.228515625,1.0020520687103271,0.9738585948944092,0.5573722720146179,11.153897285461426,11.566837310791016,11.11827278137207,0.3655550181865692,0.35333961248397827,0.9432090520858765,8.578682899475098,3.6501026153564453,0.18577057123184204,8.795758247375488,19.680225372314453,37,25,30,0,
2025-12-30 10:01:56.461000,3d,Toxicity,Original,,80.98866271972656,2.7590956687927246,223.57984924316406,0.8750208020210266,0.8274636268615723,0.5011275410652161,11.153897285461426,10.89384651184082,10.150367736816406,0.4001450836658478,0.34329572319984436,0.8763775825500488,10.807915687561035,0,0.19521023333072662,8.905466079711914,17.062883377075195,37,25,30,0,
2025-12-30 10:01:58.461000,3d,Toxicity,Original,,81.04292297363281,2.791583299636841,225.75918579101562,1.0586497783660889,1.0345218181610107,0.360684335231781,11.153897285461426,11.56031322479248,10.702390670776367,0.38873305916786194,0.3542003333568573,0.8573684096336365,10.30391788482666,0,0.18048429489135742,8.511037826538086,20.209003448486328,37,25,30,0,
2025-12-30 10:01:58.461000,FinePointe Series WBP [SN 10499C]  Site 3 Bias Flow is out of range.,,,,,,,,,,,,,,,,,,,,,,,,,
2025-12-30 10:01:58.461000,FinePointe Series WBP [SN 10499C]  Site 1 Bias Flow is out of range.,,,,,,,,,,,,,,,,,,,,,,,,,
2025-12-30 10:02:00.461000,3d,Toxicity,Original,,79.61909484863281,2.8908870220184326,230.19921875,0.7894219160079956,0.8458799123764038,0.4571283161640167,11.153897285461426,11.40727424621582,9.894950866699219,0.36634913086891174,0.3872798681259155,0.7944945096969604,9.380711555480957,0,0.22005584836006165,9.016069412231445,15.851242065429688,37,25,30,0,
2025-12-30 10:02:02.461000,3d,Toxicity,Original,,78.22596740722656,2.8894965648651123,226.07070922851562,1.0536861419677734,0.931065022945404,0.3680487275123596,11.153897285461426,11.576635360717773,11.784263610839844,0.41402342915534973,0.3535407483577728,0.9401730895042419,10.27746295928955,6.179748058319092,0.190195694565773,11.242918968200684,17.179771423339844,37,25,30,0,
2025-12-30 10:02:02.461000,FinePointe Series WBP [SN 139781]  Site 4 Bias Flow is out of range.,,,,,,,,,,,,,,,,,,,,,,,,,
2025-12-30 10:02:04.461000,3d,Toxicity,Original,,81.78158569335938,2.787572145462036,227.97898864746094,0.8121122717857361,0.7850474119186401,0.43780118227005005,11.153897285461426,11.929722785949707,12.230167388916016,0.4041506052017212,0.33068960905075073,0.8439509868621826,8.649368286132812,0,0.19460563361644745,11.286991119384766,18.621416091918945,37,25,30,0,
2025-12-30 10:02:08.461000,3d,Toxicity,Original,,81.89334106445312,3.016462802886963,246.9764404296875,0.8523324728012085,0.8319849967956543,0.4678022563457489,11.153897285461426,14.04209041595459,14.204304695129395,0.3690742552280426,0.363987535238266,0.9193008542060852,14.777170181274414,0,0.20546022057533264,10.017144203186035,14.523995399475098,37,25,30,25,
2025-12-30 10:02:08.461000,FinePointe Series WBP [SN 10499C]  Site 3 Bias Flow is out of range.,,,,,,,,,,,,,,,,,,,,,,,,,
2025-12-30 10:02:10.461000,3d,Toxicity,Original,,82.10966491699219,2.8554067611694336,234.4480438232422,1.0215885639190674,1.0072224140167236,0.3601689338684082,11.153897285461426,12.787849426269531,12.203834533691406,0.3626503050327301,0.36879825592041016,0.8991701602935791,6.431434631347656,8.28395938873291,0.18939419090747833,8.959373474121094,16.41788673400879,37,25,30,0,
2025-12-30 10:02:10.461000,FinePointe Series WBP [SN 10499C]  Site 1 Bias Flow is out of range.,,,,,,,,,,,,,,,,,,,,,,,,,
2025-12-30 10:02:12.461000,3d,Toxicity,Original,,79.2139663696289,2.8138797283172607,222.67909240722656,0.7980232238769531,0.7991435527801514,0.551733136177063,11.153897285461426,12.085232734680176,12.492990493774414,0.39332345128059387,0.3669513463973999,1.0620088577270508,21.864511489868164,0,0.210010826587677,9.122421264648438,15.593742370605469,37,25,30,0,
2025-12-30 10:02:12.461000,FinePointe Series WBP [SN 139781]  Site 4 Bias Flow is out of range.,,,,,,,,,,,,,,,,,,,,,,,,,
2025-12-30 10:02:14.461000,3d,Toxicity,Original,,82.1132583618164,2.8660528659820557,235.36781311035156,0.951878547668457,0.9512290954589844,0.5936117172241211,11.153897285461426,12.123812675476074,10.998964309692383,0.36542218923568726,0.3666703402996063,0.8877115249633789,13.182799339294434,7.099185943603516,0.19575215876102448,8.971267700195312,16.162744522094727,37,25,30,0,
2025-12-30 10:02:16.461000,3d,Toxicity,Original,,83.34596252441406,2.7227563858032227,226.15328979492188,0.878921389579773,0.9064268469810486,0.48916590213775635,11.153897285461426,11.24227523803711,10.085886001586914,0.3745611310005188,0.34848684072494507,0.8496133089065552,9.52959156036377,2.368607759475708,0.18993167579174042,8.98110294342041,19.29574203491211,37,25,30,0,
2025-12-30 10:02:18.461000,3d,Toxicity,Original,,80.2149658203125,2.7362563610076904,219.3426513671875,0.8836678862571716,0.9764420390129089,0.5815439224243164,11.153897285461426,12.901188850402832,12.073734283447266,0.3554336726665497,0.394527792930603,0.7907243967056274,8.748189926147461,24.644447326660156,0.2052304595708847,8.735746383666992,15.224434852600098,37,25,30,0,
2025-12-30 10:02:18.461000,FinePointe Series WBP [SN 10499C]  Site 3 Bias Flow is out of range.,,,,,,,,,,,,,,,,,,,,,,,,,
2025-12-30 10:02:20.461000,3d,Toxicity,Original,,80.55290222167969,2.587106227874756,207.21151733398438,1.2039690017700195,1.1074105501174927,0.5213865041732788,11.153897285461426,12.982414245605469,12.033984184265137,0.37660157680511475,0.3789716958999634,0.9152631759643555,10.426802635192871,33.40400695800781,0.18771480023860931,9.060001373291016,14.775327682495117,37,25,30,0,
2025-12-30 10:02:22.461000,3d,Toxicity,Original,,80.4737777709961,2.8883023262023926,232.08706665039062,0.5668897032737732,0.736149251461029,0.5196229815483093,11.153897285461426,15.40800952911377,11.334460258483887,0.37218719720840454,0.37688517570495605,0.791495144367218,7.3932929039001465,0,0.22683775424957275,12.002702713012695,15.525674819946289,37,25,30,0,
2025-12-30 10:02:22.461000,FinePointe Series WBP [SN 139781]  Site 4 Bias Flow is out of range.,,,,,,,,,,,,,,,,,,,,,,,,,
2025-12-30 10:02:24.461000,3d,Toxicity,Original,,72.90886688232422,2.8801183700561523,209.99835205078125,0.9766024351119995,0.9300025105476379,0.6275384426116943,11.153897285461426,11.435663223266602,12.1824369430542,0.38214534521102905,0.4410862922668457,1.0169925689697266,13.273822784423828,35.452754974365234,0.2491602897644043,8.765125274658203,11.377880096435547,37,25,30,0,
2025-12-30 10:02:26.461000,3d,Toxicity,Original,,85.02313232421875,2.638688802719116,224.40664672851562,0.746915876865387,0.7461035251617432,0.38105830550193787,11.153897285461426,12.657505989074707,11.520599365234375,0.3866328299045563,0.321319043636322,0.8896327018737793,13.263862609863281,0,0.1940264105796814,11.58566665649414,19.768320083618164,37,25,30,0,
2025-12-30 10:02:28.461000,3d,Toxicity,Original,,82.57560729980469,2.7177531719207764,224.39320373535156,0.8321577310562134,0.7752082943916321,0.39848610758781433,11.153897285461426,11.03374195098877,10.801977157592773,0.39958202838897705,0.3275305926799774,0.8119477033615112,13.346394538879395,0,0.19358979165554047,10.874544143676758,12.719575881958008,37,25,30,0,
2025-12-30 10:02:28.461000,FinePointe Series WBP [SN 10499C]  Site 3 Bias Flow is out of range.,,,,,,,,,,,,,,,,,,,,,,,,,
2025-12-30 10:02:30.461000,3d,Toxicity,Original,,84.18739318847656,2.683500289916992,226.45782470703125,0.7349969148635864,0.7669730186462402,0.6223507523536682,11.153897285461426,11.520564079284668,10.751699447631836,0.3566252887248993,0.35844874382019043,0.8948821425437927,9.612805366516113,0,0.20980717241764069,9.054950714111328,15.287120819091797,37,25,30,0,
2025-12-30 10:02:32.461000,3d,Toxicity,Original,,83.0932846069336,2.8557980060577393,237.29830932617188,0.8004305958747864,0.8283616900444031,0.5336981415748596,11.153897285461426,11.542584419250488,10.566744804382324,0.40244853496551514,0.3198153078556061,0.895209550857544,9.184635162353516,0,0.18295735120773315,9.928519248962402,18.168733596801758,37,25,30,0,
2025-12-30 10:02:32.461000,FinePointe Series WBP [SN 139781]  Site 4 Bias Flow is out of range.,,,,,,,,,,,,,,,,,,,,,,,,,
2025-12-30 10:02:34.461000,3d,Toxicity,Original,,80.6829605102539,2.8749289512634277,231.787353515625,0.9310246109962463,0.8011679649353027,0.5212799310684204,11.153897285461426,11.502264022827148,11.373686790466309,0.40925461053848267,0.3346266448497772,0.8495595455169678,12.07068157196045,0,0.19369937479496002,9.78016471862793,15.637032508850098,37,25,30,0,
2025-12-30 10:02:36.461000,3d,Toxicity,Original,,87.85926055908203,2.6712541580200195,234.39512634277344,0.818226158618927,0.8383427858352661,0.35808905959129333,11.153897285461426,12.686300277709961,11.641780853271484,0.37505465745925903,0.3094267249107361,0.845874011516571,8.540387153625488,0,0.17871621251106262,11.572042465209961,16.803340911865234,37,25,30,0,
2025-12-30 10:02:38.461000,3d,Toxicity,Original,,84.54752349853516,2.7105565071105957,229.2761688232422,0.7916957139968872,0.8778555393218994,0.381575345993042,11.153897285461426,15.4364013671875,12.07030963897705,0.38019686937332153,0.330096960067749,0.9059022068977356,13.880646705627441,0,0.18088504672050476,9.915949821472168,15.324122428894043,37,25,30,0,
2025-12-30 10:02:38.461000,FinePointe Series WBP [SN 10499C]  Site 3 Bias Flow is out of range.,,,,,,,,,,,,,,,,,,,,,,,,,
2025-12-30 10:02:40.461000,3d,Toxicity,Original,,85.52079772949219,2.6771180629730225,228.99966430664062,0.79179447889328,0.7894614934921265,0.6289404034614563,11.153897285461426,13.634954452514648,13.844138145446777,0.34005457162857056,0.3616734445095062,1.01288902759552,26.225648880004883,0,0.20981109142303467,11.09927749633789,16.716697692871094,37,25,30,25,
2025-12-30 10:02:42.461000,3d,Toxicity,Original,,84.30997467041016,2.7829177379608154,234.58872985839844,0.8235518336296082,0.8355631232261658,0.4258759021759033,11.153897285461426,11.82223129272461,10.837315559387207,0.3942479193210602,0.31763941049575806,0.8568103909492493,10.759493827819824,0,0.1809978038072586,9.941060066223145,19.903902053833008,37,25,30,0,
2025-12-30 10:02:42.461000,FinePointe Series WBP [SN 139781]  Site 4 Bias Flow is out of range.,,,,,,,,,,,,,,,,,,,,,,,,,
2025-12-30 10:02:44.461000,3d,Toxicity,Original,,78.60902404785156,2.576249122619629,202.51425170898438,0.9045042991638184,0.8226648569107056,0.5637373924255371,11.153897285461426,9.912496566772461,10.065874099731445,0.4177060127258301,0.34556543827056885,0.8727505207061768,9.554140090942383,0,0.19818523526191711,10.10289192199707,15.65695571899414,37,25,30,0,
2025-12-30 10:02:46.461000,3d,Toxicity,Original,,82.18873596191406,2.8653767108917236,235.62876892089844,0.9044848680496216,0.8877442479133606,0.4125204086303711,11.153897285461426,11.70942497253418,10.672321319580078,0.39922910928726196,0.3318275213241577,0.8993138074874878,9.368067741394043,0,0.18273453414440155,9.42196273803711,18.703784942626953,37,25,30,0,
2025-12-30 10:02:48.461000,3d,Toxicity,Original,,84.0045166015625,2.6030631065368652,218.77821350097656,0.8549502491950989,0.8146498203277588,0.47067245841026306,11.153897285461426,10.746481895446777,10.347810745239258,0.3916286826133728,0.32271939516067505,0.9094237089157104,8.560469627380371,0,0.18655970692634583,10.742621421813965,15.180363655090332,37,25,30,0,
2025-12-30 10:02:48.461000,FinePointe Series WBP [SN 10499C]  Site 3 Bias Flow is out of range.,,,,,,,,,,,,,,,,,,,,,,,,,
2025-12-30 10:02:50.461000,3d,Toxicity,Original,,86.11673736572266,2.6556503772735596,228.6696014404297,0.9224267601966858,0.8713818192481995,0.45334720611572266,11.153897285461426,10.5574312210083,10.948840141296387,0.3765200674533844,0.3209209144115448,0.9664937257766724,8.78763198852539,0,0.17869067192077637,10.842476844787598,17.081409454345703,37,25,30,0,
2025-12-30 10:02:52.461000,3d,Toxicity,Original,,83.07557678222656,2.6884026527404785,223.48190307617188,0.8309221267700195,0.8368432521820068,0.4982345998287201,11.153897285461426,11.83542251586914,10.112321853637695,0.38385844230651855,0.33867311477661133,0.8779840469360352,11.358945846557617,0,0.19322511553764343,10.793268203735352,14.915769577026367,37,25,30,0,
2025-12-30 10:02:52.461000,FinePointe Series WBP [SN 139781]  Site 4 Bias Flow is out of range.,,,,,,,,,,,,,,,,,,,,,,,,,
2025-12-30 10:02:54.461000,3d,Toxicity,Original,,86.4344253540039,2.681169271469116,231.45738220214844,0.8073458075523376,0.8182841539382935,0.5709436535835266,11.153897285461426,11.13098430633545,10.620288848876953,0.36780595779418945,0.32686910033226013,0.8896763324737549,9.856554985046387,0,0.18709394335746765,10.364102363586426,16.00530242919922,37,25,30,0,
2025-12-30 10:02:56.461000,3d,Toxicity,Original,,85.03779602050781,2.686913013458252,228.5424346923828,0.8849626779556274,0.8798760771751404,0.42515474557876587,11.153897285461426,10.220794677734375,10.165706634521484,0.38005632162094116,0.3257025182247162,0.8960304856300354,8.743008613586426,0,0.18022102117538452,9.674211502075195,16.29503059387207,37,25,30,0,
2025-12-30 10:02:58.461000,3d,Toxicity,Original,,83.5625991821289,2.567309856414795,214.58839416503906,0.855334997177124,0.7803950309753418,0.5476021766662598,11.153897285461426,11.017576217651367,10.822521209716797,0.3941726088523865,0.32428717613220215,0.850830078125,11.237834930419922,0,0.1912597268819809,11.754464149475098,16.24429702758789,37,25,30,0,
2025-12-30 10:02:58.461000,FinePointe Series WBP [SN 10499C]  Site 3 Bias Flow is out of range.,,,,,,,,,,,,,,,,,,,,,,,,,
2025-12-30 10:03:00.461000,3d,Toxicity,Original,,81.550537109375,2.6843948364257812,219.00367736816406,0.8675867915153503,0.8194787502288818,0.41261833906173706,11.153897285461426,11.38332462310791,10.799901008605957,0.410165399312973,0.3259425163269043,0.8603793382644653,9.026318550109863,0,0.1871902048587799,11.222186088562012,14.726170539855957,37,25,30,0,
2025-12-30 10:03:02.461000,3d,Toxicity,Original,,85.8320541381836,2.708230495452881,232.75689697265625,0.7671359777450562,0.8501664400100708,0.5488477945327759,11.153897285461426,11.85000991821289,9.98431396484375,0.3592892587184906,0.34016555547714233,0.8751029372215271,9.74439811706543,0,0.19115929305553436,11.196693420410156,17.175355911254883,37,25,30,0,
2025-12-30 10:03:02.461000,FinePointe Series WBP [SN 139781]  Site 4 Bias Flow is out of range.,,,,,,,,,,,,,,,,,,,,,,,,,
2025-12-30 10:03:04.461000,3d,Toxicity,Original,,82.74969482421875,2.690646171569824,222.7162628173828,0.9203957319259644,0.9355672597885132,0.34494972229003906,11.153897285461426,10.9674654006958,9.778402328491211,0.38217779994010925,0.3436780571937561,0.8122782111167908,9.413177490234375,0,0.1846286654472351,9.049705505371094,19.58977699279785,37,25,30,0,
2025-12-30 10:03:06.461000,3d,Toxicity,Original,,81.59569549560547,2.636986255645752,215.21548461914062,0.8462817668914795,0.8177706599235535,0.4745156466960907,11.153897285461426,10.651744842529297,10.357734680175781,0.3966173827648163,0.3407284915447235,0.8684496283531189,8.74406623840332,0,0.19465769827365875,8.967957496643066,17.131999969482422,37,25,30,0,
2025-12-30 10:03:08.461000,3d,Toxicity,Original,,81.3591079711914,2.698664426803589,219.103759765625,0.8015174865722656,0.786167562007904,0.433097779750824,11.153897285461426,11.178577423095703,10.592047691345215,0.40129727125167847,0.3373517692089081,0.8769388794898987,12.242718696594238,0,0.19944548606872559,11.631468772888184,15.735136985778809,37,25,30,0,
2025-12-30 10:03:08.461000,FinePointe Series WBP [SN 10499C]  Site 3 Bias Flow is out of range.,,,,,,,,,,,,,,,,,,,,,,,,,
2025-12-30 10:03:10.461000,3d,Toxicity,Original,,83.67957305908203,2.796511173248291,233.97598266601562,0.9155597686767578,0.8650298714637756,0.3185481131076813,11.153897285461426,10.870317459106445,10.043344497680664,0.39818161725997925,0.31886574625968933,0.848705530166626,8.628868103027344,0,0.17867004871368408,9.847738265991211,15.015178680419922,37,25,30,0,
2025-12-30 10:03:12.461000,3d,Toxicity,Original,,86.2840347290039,2.6202728748321533,226.00509643554688,0.9075496196746826,0.8482707738876343,0.3796551525592804,11.153897285461426,11.058003425598145,10.593327522277832,0.3798395097255707,0.31567931175231934,0.8319817185401917,7.718166351318359,0,0.17685554921627045,8.747293472290039,17.45598793029785,37,25,30,0,
2025-12-30 10:03:12.461000,FinePointe Series WBP [SN 139781]  Site 4 Bias Flow is out of range.,,,,,,,,,,,,,,,,,,,,,,,,,
2025-12-30 10:03:14.461000,3d,Toxicity,Original,,86.6971206665039,2.627640962600708,227.86851501464844,0.8744862675666809,0.8365963697433472,0.32788071036338806,11.153897285461426,11.54587459564209,10.723432540893555,0.3719843626022339,0.32012882828712463,0.8823503255844116,9.368385314941406,0,0.18256039917469025,10.522859573364258,16.304311752319336,37,25,30,0,
2025-12-30 10:03:16.461000,3d,Toxicity,Original,,84.17092895507812,2.680905342102051,225.44488525390625,0.8278353214263916,0.8261258602142334,0.4854053258895874,11.153897285461426,11.238693237304688,11.007895469665527,0.3712797164916992,0.34264129400253296,0.9415119290351868,16.150564193725586,0,0.19521589577198029,10.266448020935059,14.322547912597656,37,25,30,0,
2025-12-30 10:03:18.461000,3d,Toxicity,Original,,86.98191833496094,2.795353651046753,243.27366638183594,0.7281472682952881,0.8148441314697266,0.5289676785469055,11.153897285461426,13.562141418457031,11.4380464553833,0.3554122745990753,0.3349027633666992,0.9057932496070862,10.051740646362305,0,0.19121836125850677,12.057466506958008,15.19191837310791,37,25,30,0,
2025-12-30 10:03:18.461000,FinePointe Series WBP [SN 10499C]  Site 3 Bias Flow is out of range.,,,,,,,,,,,,,,,,,,,,,,,,,
2025-12-30 10:03:20.461000,3d,Toxicity,Original,,84.6037368774414,2.538473606109619,214.95948791503906,1.0430550575256348,1.0029327869415283,0.4921308755874634,11.153897285461426,11.473393440246582,11.458162307739258,0.3597201406955719,0.35059624910354614,0.8091974854469299,13.194953918457031,0,0.18257485330104828,11.192837715148926,18.531997680664062,37,25,30,0,
2025-12-30 10:03:22.461000,3d,Toxicity,Original,,75.29862213134766,3.0177857875823975,227.57850646972656,0.5799532532691956,0.7763684391975403,0.677038848400116,11.153897285461426,15.377795219421387,10.54136848449707,0.3861910104751587,0.4155399203300476,0.6512190103530884,8.620305061340332,0,0.2401626855134964,9.061952590942383,15.347234725952148,37,25,30,0,
2025-12-30 10:03:22.461000,FinePointe Series WBP [SN 139781]  Site 4 Bias Flow is out of range.,,,,,,,,,,,,,,,,,,,,,,,,,
2025-12-30 10:03:24.461000,3d,Toxicity,Original,,82.54627227783203,2.534717559814453,209.2803497314453,0.7858444452285767,0.821502685546875,0.6118893623352051,11.153897285461426,10.752962112426758,10.423371315002441,0.3817704916000366,0.34674498438835144,0.8299548029899597,9.918590545654297,0,0.19794313609600067,9.841567993164062,17.641124725341797,37,25,30,0,
2025-12-30 10:03:26.461000,3d,Toxicity,Original,,78.08854675292969,2.733814239501953,212.29623413085938,0.8657712936401367,0.8571466207504272,0.3865123987197876,11.153897285461426,12.684242248535156,11.834831237792969,0.413479208946228,0.3587132692337036,0.9333749413490295,10.002817153930664,0,0.20063437521457672,9.565261840820312,16.645198822021484,37,25,30,0,
2025-12-30 10:03:28.461000,3d,Toxicity,Original,,84.99335479736328,2.729889392852783,231.9046630859375,0.8202281594276428,0.8438785672187805,0.433773010969162,11.153897285461426,11.308778762817383,10.260422706604004,0.386663556098938,0.3195969760417938,0.8399488925933838,8.966808319091797,0,0.1804642379283905,10.265995025634766,16.591800689697266,37,25,30,0,
2025-12-30 10:03:28.461000,FinePointe Series WBP [SN 10499C]  Site 3 Bias Flow is out of range.,,,,,,,,,,,,,,,,,,,,,,,,,
2025-12-30 10:03:30.461000,3d,Toxicity,Original,,85.32416534423828,2.5769901275634766,219.953125,0.9932594299316406,0.9158669114112854,0.34412917494773865,11.153897285461426,11.259786605834961,10.687527656555176,0.3694486916065216,0.333821564912796,0.9186241626739502,9.617506980895996,0,0.17954523861408234,9.334367752075195,16.861045837402344,37,25,30,0,
2025-12-30 10:03:32.461000,3d,Toxicity,Original,,82.83330535888672,2.6668059825897217,220.93508911132812,0.9583103060722351,0.8573464751243591,0.29196545481681824,11.153897285461426,11.13165283203125,10.825583457946777,0.4065428078174591,0.3178425133228302,0.8171327114105225,11.3941068649292,0,0.1781328022480011,9.830362319946289,17.167583465576172,37,25,30,0,
2025-12-30 10:03:32.461000,FinePointe Series WBP [SN 139781]  Site 4 Bias Flow is out of range.,,,,,,,,,,,,,,,,,,,,,,,,,
2025-12-30 10:03:34.461000,3d,Toxicity,Original,,88.95088195800781,2.531142234802246,225.15850830078125,0.8637028932571411,0.8680732846260071,0.43611425161361694,11.153897285461426,11.817612648010254,11.670167922973633,0.3508966267108917,0.32397207617759705,0.9655137658119202,9.049675941467285,0,0.17825815081596375,11.241680145263672,13.751896858215332,37,25,30,0,
2025-12-30 10:03:34.461000,FinePointe Series WBP [SN 10499C]  Site 4 Bias Flow is out of range.,,,,,,,,,,,,,,,,,,,,,,,,,
2025-12-30 10:03:36.461000,3d,Toxicity,Original,,80.70144653320312,2.753028392791748,222.56573486328125,0.7677476406097412,0.7038881778717041,0.3431835174560547,11.153897285461426,12.013917922973633,11.81564712524414,0.39462992548942566,0.35275545716285706,0.9559192061424255,13.8544340133667,0,0.22086438536643982,13.112951278686523,12.79607105255127,37,25,30,0,
2025-12-30 10:03:38.461000,3d,Toxicity,Original,,91.64339447021484,2.622784376144409,240.05316162109375,0.9313108921051025,0.9491453766822815,0.4994731843471527,11.153897285461426,14.03551959991455,12.113121032714844,0.32419562339782715,0.3349171280860901,0.9885884523391724,14.007658958435059,14.31800365447998,0.1753072440624237,9.013063430786133,15.38727855682373,37,25,30,0,
2025-12-30 10:03:38.461000,FinePointe Series WBP [SN 10499C]  Site 3 Bias Flow is out of range.,,,,,,,,,,,,,,,,,,,,,,,,,
2025-12-30 10:03:40.461000,3d,Toxicity,Original,,88.16300201416016,2.6069188117980957,229.82672119140625,0.8302628993988037,0.8756313323974609,0.5127540826797485,11.153897285461426,12.431050300598145,11.751164436340332,0.349978506565094,0.33168426156044006,0.8871714472770691,7.722298622131348,0,0.18232762813568115,11.120172500610352,15.159189224243164,37,25,30,0,
2025-12-30 10:03:42.461000,3d,Toxicity,Original,,90.54102325439453,2.425438404083252,219.44656372070312,0.947767972946167,0.8879114985466003,0.3711920976638794,11.153897285461426,11.249049186706543,11.082067489624023,0.34524980187416077,0.31838324666023254,0.79915851354599,9.022751808166504,8.521486282348633,0.17581090331077576,9.759976387023926,15.02955150604248,37,25,30,0,
2025-12-30 10:03:42.461000,FinePointe Series WBP [SN 139781]  Site 4 Bias Flow is out of range.,,,,,,,,,,,,,,,,,,,,,,,,,
2025-12-30 10:03:44.461000,3d,Toxicity,Original,,86.59027099609375,2.5149126052856445,217.66070556640625,0.8538846969604492,0.8429692983627319,0.23829513788223267,11.153897285461426,11.835859298706055,10.489880561828613,0.3701325058937073,0.3231223225593567,0.8687769174575806,11.086687088012695,0,0.18128512799739838,11.283468246459961,17.511159896850586,37,25,30,0,
2025-12-30 10:03:44.461000,FinePointe Series WBP [SN 10499C]  Site 4 Bias Flow is out of range.,,,,,,,,,,,,,,,,,,,,,,,,,
2025-12-30 10:03:46.461000,3d,Toxicity,Original,,85.91942596435547,2.640303611755371,226.88522338867188,1.0639245510101318,1.012939214706421,0.4264593720436096,11.153897285461426,12.077877044677734,11.690037727355957,0.36623266339302063,0.33211609721183777,0.9515174627304077,10.761001586914062,15.228165626525879,0.16974784433841705,9.508482933044434,17.876617431640625,37,25,30,0,
2025-12-30 10:03:48.461000,3d,Toxicity,Original,,89.00006866455078,2.561659097671509,228.00059509277344,0.9779971241950989,0.9042560458183289,0.40736594796180725,11.153897285461426,11.760326385498047,11.689763069152832,0.3644654452800751,0.3097149133682251,0.869681715965271,8.109870910644531,14.05938720703125,0.17163895070552826,10.051344871520996,15.752498626708984,37,25,30,0,
2025-12-30 10:03:50.461000,3d,Toxicity,Original,,93.67083740234375,2.5644335746765137,240.17872619628906,0.8280726671218872,0.8263798356056213,0.5658988356590271,11.153897285461426,12.978142738342285,12.394115447998047,0.3220767378807068,0.31858015060424805,1.0292246341705322,11.757055282592773,0,0.18078020215034485,11.560762405395508,14.223797798156738,37,25,30,0,
2025-12-30 10:03:52.461000,3d,Toxicity,Original,,90.45214080810547,2.571598768234253,232.68092346191406,0.8685244917869568,0.8645069599151611,0.4418852925300598,11.153897285461426,11.664665222167969,10.806246757507324,0.3539053797721863,0.3100767135620117,0.8519246578216553,8.267053604125977,0,0.17187973856925964,10.743595123291016,15.900166511535645,37,25,30,0,
2025-12-30 10:03:52.461000,FinePointe Series WBP [SN 139781]  Site 4 Bias Flow is out of range.,,,,,,,,,,,,,,,,,,,,,,,,,
2025-12-30 10:03:52.461000,FinePointe Series WBP [SN 10499C]  Site 3 Bias Flow is out of range.,,,,,,,,,,,,,,,,,,,,,,,,,
2025-12-30 10:03:54.461000,3d,Toxicity,Original,,89.0420913696289,2.6067051887512207,231.94876098632812,1.1332591772079468,1.0422629117965698,0.3112335801124573,11.153897285461426,11.703989028930664,11.703898429870605,0.34613117575645447,0.32796064019203186,0.870110034942627,8.64830493927002,12.819117546081543,0.16788460314273834,10.069196701049805,17.226547241210938,37,25,30,0,
2025-12-30 10:03:54.461000,FinePointe Series WBP [SN 10499C]  Site 4 Bias Flow is out of range.,,,,,,,,,,,,,,,,,,,,,,,,,
2025-12-30 10:03:56.461000,3d,Toxicity,Original,,88.92706298828125,2.626736640930176,233.67579650878906,0.6401854753494263,0.7177704572677612,0.6038492918014526,11.153897285461426,14.461641311645508,12.449950218200684,0.33139002323150635,0.34459519386291504,0.9044274091720581,30.65053939819336,15.674095153808594,0.20899775624275208,12.937704086303711,13.66496467590332,37,25,30,0,
2025-12-30 10:03:58.461000,3d,Toxicity,Original,,86.11332702636719,2.6087608337402344,224.6255645751953,0.8105698823928833,0.8798710703849792,0.3534906506538391,11.153897285461426,12.552977561950684,10.7019681930542,0.3594316244125366,0.33779510855674744,0.8550036549568176,7.237590312957764,0,0.18404436111450195,10.166516304016113,16.15388298034668,37,25,30,0,
2025-12-30 10:04:00.461000,3d,Toxicity,Original,,85.15464782714844,2.698791980743408,229.79151916503906,0.8033579587936401,0.8901820182800293,0.4510861039161682,11.153897285461426,13.003493309020996,11.516207695007324,0.35938113927841187,0.34569188952445984,0.9107879996299744,9.49338150024414,16.367734909057617,0.19009266793727875,11.036575317382812,15.522866249084473,37,25,30,0,
2025-12-30 10:04:02.461000,3d,Toxicity,Original,,84.26155853271484,2.435823678970337,205.13209533691406,0.8616536855697632,0.8398721218109131,0.4143890142440796,11.153897285461426,11.490616798400879,10.531017303466797,0.377936452627182,0.3348270356655121,0.797784686088562,8.331417083740234,3.3939220905303955,0.1892237812280655,8.502885818481445,19.570627212524414,37,25,30,0,
2025-12-30 10:04:02.461000,FinePointe Series WBP [SN 139781]  Site 4 Bias Flow is out of range.,,,,,,,,,,,,,,,,,,,,,,,,,
2025-12-30 10:04:02.461000,FinePointe Series WBP [SN 10499C]  Site 3 Bias Flow is out of range.,,,,,,,,,,,,,,,,,,,,,,,,,
2025-12-30 10:04:04.461000,3d,Toxicity,Original,,77.75914001464844,2.6108603477478027,202.96087646484375,1.0934698581695557,1.1947057247161865,0.26206788420677185,11.153897285461426,12.663251876831055,10.325899124145508,0.38334277272224426,0.3917214274406433,0.7208433151245117,14.029797554016113,46.31513214111328,0.1838042438030243,7.945913791656494,15.520553588867188,37,25,30,0,
2025-12-30 10:04:06.461000,3d,Toxicity,Original,,86.93914031982422,2.426135540008545,210.8854217529297,0.7192257642745972,0.780538022518158,0.32452392578125,11.153897285461426,13.116235733032227,11.283217430114746,0.34963029623031616,0.3419147729873657,0.8851826190948486,6.698294162750244,0,0.1974724978208542,10.681108474731445,15.856297492980957,37,25,30,0,
2025-12-30 10:04:08.461000,3d,Toxicity,Original,,88.9585189819336,2.636533498764038,234.79148864746094,0.874186098575592,0.778497040271759,0.35211965441703796,11.153897285461426,13.581435203552246,13.104477882385254,0.3447997570037842,0.3316972255706787,0.9989603757858276,12.04301643371582,0,0.1956762969493866,11.996391296386719,13.626114845275879,37,25,30,0,
2025-12-30 10:04:10.461000,3d,Toxicity,Original,,89.49844360351562,2.451533079147339,219.36309814453125,0.8014684915542603,0.9133744835853577,0.47472625970840454,11.153897285461426,12.50253963470459,10.687921524047852,0.32717132568359375,0.34340521693229675,0.8250747323036194,20.04916763305664,12.428452491760254,0.18637190759181976,10.978316307067871,16.113203048706055,37,25,30,0,
2025-12-30 10:04:12.461000,3d,Toxicity,Original,,90.26632690429688,2.522595167160034,227.72593688964844,0.7549949288368225,0.7972626686096191,0.572318434715271,11.153897285461426,11.854007720947266,10.800050735473633,0.3531569242477417,0.31262385845184326,0.843537449836731,10.980955123901367,0,0.18020272254943848,11.246322631835938,15.070420265197754,37,25,30,0,
2025-12-30 10:04:12.461000,FinePointe Series WBP [SN 139781]  Site 4 Bias Flow is out of range.,,,,,,,,,,,,,,,,,,,,,,,,,
2025-12-30 10:04:12.461000,FinePointe Series WBP [SN 10499C]  Site 3 Bias Flow is out of range.,,,,,,,,,,,,,,,,,,,,,,,,,
2025-12-30 10:04:14.461000,3d,Toxicity,Original,,87.96768188476562,2.532135009765625,221.955078125,0.8771954774856567,0.8737912178039551,0.3850141763687134,11.153897285461426,12.664143562316895,11.574034690856934,0.35230302810668945,0.3320865035057068,0.8736335039138794,9.070512771606445,7.226329326629639,0.18245317041873932,10.357851028442383,17.327913284301758,37,25,30,0,
2025-12-30 10:04:16.461000,3d,Toxicity,Original,,86.89724731445312,2.513484239578247,218.4767608642578,0.8394575119018555,0.8593478202819824,0.36967751383781433,11.153897285461426,13.276453018188477,12.292411804199219,0.35234174132347107,0.33878466486930847,0.98401939868927,6.209212303161621,3.3116719722747803,0.1864166110754013,10.535966873168945,15.194210052490234,37,25,30,0,
2025-12-30 10:04:18.461000,3d,Toxicity,Original,,91.10139465332031,2.6425774097442627,240.88560485839844,0.8770657181739807,0.861134946346283,0.338797003030777,11.153897285461426,12.358285903930664,11.782206535339355,0.35420021414756775,0.30548369884490967,0.7942982316017151,6.338994026184082,0,0.16892912983894348,9.492432594299316,15.46240520477295,37,25,30,0,
2025-12-30 10:04:20.461000,3d,Toxicity,Original,,91.45146942138672,2.434131383895874,222.63381958007812,0.8725118041038513,0.8765564560890198,0.3992123305797577,11.153897285461426,12.715516090393066,11.548063278198242,0.3447889983654022,0.3129047751426697,0.7331435084342957,8.924996376037598,0,0.1733676642179489,10.466923713684082,14.05712890625,37,25,30,0,
2025-12-30 10:04:22.461000,3d,Toxicity,Original,,97.34677124023438,2.532195568084717,246.46437072753906,0.7147010564804077,0.8508110642433167,0.4926708936691284,11.153897285461426,14.90423583984375,11.780771255493164,0.3151404559612274,0.30218520760536194,0.9016576409339905,7.721441268920898,4.2042131423950195,0.16793236136436462,10.189329147338867,15.999497413635254,37,25,30,0,
2025-12-30 10:04:22.461000,FinePointe Series WBP [SN 139781]  Site 4 Bias Flow is out of range.,,,,,,,,,,,,,,,,,,,,,,,,,
2025-12-30 10:04:24.461000,3d,Toxicity,Original,,90.48117065429688,2.3134937286376953,209.4648895263672,0.761292040348053,0.815075695514679,0.49088162183761597,11.153897285461426,11.269227981567383,9.613865852355957,0.34699517488479614,0.3166729211807251,0.7935724258422852,9.379936218261719,0,0.1820085048675537,10.367311477661133,15.644646644592285,37,25,30,0,
2025-12-30 10:04:24.461000,FinePointe Series WBP [SN 10499C]  Site 3 Bias Flow is out of range.,,,,,,,,,,,,,,,,,,,,,,,,,
2025-12-30 10:04:26.461000,3d,Toxicity,Original,,86.95537567138672,2.5243136882781982,219.4894561767578,1.0786489248275757,0.9167956113815308,0.6100661754608154,11.153897285461426,11.687169075012207,13.974344253540039,0.35723617672920227,0.33279260993003845,0.9484021067619324,13.402400970458984,19.219221115112305,0.1788887083530426,11.275078773498535,14.464900016784668,37,25,30,0,
2025-12-30 10:04:28.461000,3d,Toxicity,Original,,93.89196014404297,2.471646308898926,232.0772705078125,0.7631589770317078,0.9341713190078735,0.36613449454307556,11.153897285461426,14.266950607299805,11.447358131408691,0.3204706013202667,0.31997716426849365,0.8294719457626343,8.253453254699707,0,0.1703065186738968,9.917646408081055,15.582969665527344,37,25,30,0,
2025-12-30 10:04:30.461000,3d,Toxicity,Original,,89.60625457763672,2.4561893939971924,219.7232208251953,0.8577761650085449,0.847230851650238,0.49896228313446045,11.153897285461426,11.444196701049805,10.857297897338867,0.36610063910484314,0.3045051097869873,0.8358105421066284,9.764594078063965,0,0.171173095703125,10.551718711853027,16.395082473754883,37,25,30,0,
2025-12-30 10:04:32.461000,3d,Toxicity,Original,,94.8475341796875,2.410454034805298,228.59750366210938,0.7411500215530396,0.7956619262695312,0.45295122265815735,11.153897285461426,12.475811958312988,10.769620895385742,0.3215497136116028,0.31106987595558167,0.8459717035293579,21.595752716064453,0,0.1805088371038437,12.005352020263672,14.201976776123047,37,25,30,0,
2025-12-30 10:04:32.461000,FinePointe Series WBP [SN 139781]  Site 4 Bias Flow is out of range.,,,,,,,,,,,,,,,,,,,,,,,,,
2025-12-30 10:04:34.461000,3d,Toxicity,Original,,89.8555679321289,2.5140247344970703,226.37545776367188,0.7406457662582397,0.7221712470054626,0.4952014982700348,11.153897285461426,12.739338874816895,11.666935920715332,0.3327397108078003,0.33979254961013794,0.9253808259963989,11.196441650390625,0,0.2079208642244339,10.413931846618652,14.422107696533203,37,25,30,0,
2025-12-30 10:04:34.461000,FinePointe Series WBP [SN 10499C]  Site 3 Bias Flow is out of range.,,,,,,,,,,,,,,,,,,,,,,,,,
2025-12-30 10:04:36.461000,3d,Toxicity,Original,,89.00859069824219,2.3037188053131104,205.05076599121094,0.9833191633224487,0.932427167892456,0.43902942538261414,11.153897285461426,12.058052062988281,12.110946655273438,0.36431801319122314,0.3097742199897766,1.0505138635635376,8.816306114196777,0,0.16659356653690338,12.470479965209961,15.97870922088623,37,25,30,0,
2025-12-30 10:04:38.461000,3d,Toxicity,Original,,93.4765625,2.585378646850586,241.43104553222656,0.8412206768989563,0.9841445684432983,0.5243774056434631,11.153897285461426,14.52126693725586,12.080912590026855,0.3080865442752838,0.336162269115448,0.80826336145401,6.774399757385254,31.45960807800293,0.17214727401733398,10.093442916870117,12.664402961730957,37,25,30,25,
2025-12-30 10:04:40.461000,3d,Toxicity,Original,,96.83898162841797,2.4417812824249268,236.42507934570312,0.8953445553779602,0.8418424725532532,0.35345178842544556,11.153897285461426,13.913361549377441,13.570094108581543,0.32240697741508484,0.29727327823638916,0.9066259264945984,8.18287467956543,0,0.16882307827472687,12.009012222290039,15.006863594055176,37,25,30,0,
2025-12-30 10:04:42.461000,3d,Toxicity,Original,,93.56787872314453,2.4312968254089355,227.3561248779297,0.9336598515510559,0.9031779170036316,0.32742151618003845,11.153897285461426,11.357542991638184,10.668352127075195,0.3396115005016327,0.3018704354763031,0.7894222736358643,8.069576263427734,2.7588493824005127,0.16522866487503052,9.962869644165039,15.21458625793457,37,25,30,0,
2025-12-30 10:04:42.461000,FinePointe Series WBP [SN 139781]  Site 4 Bias Flow is out of range.,,,,,,,,,,,,,,,,,,,,,,,,,
2025-12-30 10:04:44.461000,3d,Toxicity,Original,,90.93709564208984,2.7005858421325684,245.48814392089844,0.8387357592582703,0.8651178479194641,0.3824450671672821,11.153897285461426,13.152107238769531,11.392136573791504,0.3593542277812958,0.3013017177581787,0.8301135897636414,5.426429271697998,0,0.16871359944343567,9.222697257995605,14.911273002624512,37,25,30,0,
2025-12-30 10:04:44.461000,FinePointe Series WBP [SN 10499C]  Site 3 Bias Flow is out of range.,,,,,,,,,,,,,,,,,,,,,,,,,
2025-12-30 10:04:46.461000,3d,Toxicity,Original,,87.34028625488281,2.366899251937866,207.51284790039062,0.8062981367111206,0.8118548393249512,0.52696692943573,11.153897285461426,11.010886192321777,10.654572486877441,0.3636990785598755,0.3313269317150116,0.8787572383880615,8.143048286437988,0,0.19065679609775543,11.47142219543457,15.637752532958984,37,25,30,0,
2025-12-30 10:04:48.461000,3d,Toxicity,Original,,88.87336730957031,2.634728193283081,233.89028930664062,0.8967148661613464,0.8768069744110107,0.31867516040802,11.153897285461426,11.65080738067627,11.017422676086426,0.36356809735298157,0.312066912651062,0.851453423500061,14.466039657592773,0,0.170932337641716,10.414090156555176,16.713665008544922,37,25,30,0,
2025-12-30 10:04:48.461000,FinePointe Series WBP [SN 10499C]  Site 4 Bias Flow is out of range.,,,,,,,,,,,,,,,,,,,,,,,,,
2025-12-30 10:04:50.461000,3d,Toxicity,Original,,92.53197479248047,2.498898506164551,231.1149444580078,0.7462726831436157,0.8045758008956909,0.6590737104415894,11.153897285461426,11.953621864318848,10.71719741821289,0.34037163853645325,0.3081451654434204,0.7948808670043945,8.874371528625488,0,0.17756198346614838,9.928726196289062,15.551619529724121,37,25,30,0,
2025-12-30 10:04:52.461000,3d,Toxicity,Original,,94.16827392578125,2.485260009765625,234.38858032226562,0.8384670615196228,0.7978512048721313,0.4535459280014038,11.153897285461426,11.954240798950195,12.404437065124512,0.3453342616558075,0.29291269183158875,1.042783498764038,11.679937362670898,0,0.16973121464252472,11.455228805541992,16.673114776611328,37,25,30,0,
2025-12-30 10:04:52.461000,FinePointe Series WBP [SN 139781]  Site 4 Bias Flow is out of range.,,,,,,,,,,,,,,,,,,,,,,,,,
2025-12-30 10:04:54.461000,3d,Toxicity,Original,,91.62881469726562,2.4369544982910156,223.59649658203125,1.0095551013946533,0.9323796033859253,0.30758577585220337,11.153897285461426,12.558961868286133,12.377460479736328,0.33141085505485535,0.32441478967666626,0.8807196021080017,10.868387222290039,14.989922523498535,0.1715661585330963,9.660382270812988,15.702838897705078,37,25,30,0,
2025-12-30 10:04:54.461000,FinePointe Series WBP [SN 10499C]  Site 3 Bias Flow is out of range.,,,,,,,,,,,,,,,,,,,,,,,,,
2025-12-30 10:04:56.461000,3d,Toxicity,Original,,90.54302978515625,2.5072014331817627,226.91758728027344,0.8291500210762024,0.8375208377838135,0.6464312076568604,11.153897285461426,12.340888023376465,12.042449951171875,0.35330989956855774,0.3095358908176422,0.8350554704666138,10.056034088134766,0,0.17642024159431458,10.766727447509766,15.004730224609375,37,25,30,0,
2025-12-30 10:04:58.461000,3d,Toxicity,Original,,93.19107055664062,2.5958571434020996,242.0843048095703,0.6876911520957947,0.8259257674217224,0.5637723803520203,11.153897285461426,15.165984153747559,11.260014533996582,0.32137948274612427,0.3248714506626129,0.8384290933609009,10.471781730651855,0,0.18376410007476807,10.854479789733887,15.399337768554688,37,25,30,0,
2025-12-30 10:05:00.461000,3d,Toxicity,Original,,94.15421295166016,2.5350966453552246,238.51901245117188,0.7597543597221375,0.8348438143730164,0.3812161087989807,11.153897285461426,12.097556114196777,10.087048530578613,0.33402496576309204,0.3036009967327118,0.8355919122695923,8.821306228637695,0,0.17088697850704193,10.717841148376465,15.744872093200684,37,25,30,0,
2025-12-30 10:05:02.461000,3d,Toxicity,Original,,88.65556335449219,2.45751690864563,217.87326049804688,0.7814217805862427,0.7796769142150879,0.44801318645477295,11.153897285461426,10.792001724243164,10.268317222595215,0.3501031696796417,0.32685092091560364,0.8429149985313416,10.15408992767334,0,0.190922349691391,10.749163627624512,12.738187789916992,37,25,30,0,
2025-12-30 10:05:02.461000,FinePointe Series WBP [SN 139781]  Site 4 Bias Flow is out of range.,,,,,,,,,,,,,,,,,,,,,,,,,
2025-12-30 10:05:04.461000,3d,Toxicity,Original,,95.10277557373047,2.5607073307037354,243.5110321044922,0.8196626901626587,0.8616323471069336,0.43108630180358887,11.153897285461426,13.445279121398926,11.717565536499023,0.32981523871421814,0.30148547887802124,0.8969573974609375,8.52774715423584,7.252464771270752,0.16812454164028168,10.347654342651367,14.868294715881348,37,25,30,0,
2025-12-30 10:05:06.461000,3d,Toxicity,Original,,96.65479278564453,2.474609136581421,238.99853515625,0.7550026774406433,0.8471575975418091,0.47546184062957764,11.153897285461426,16.90392303466797,14.374051094055176,0.3003512918949127,0.32123249769210815,1.1192632913589478,55.5920295715332,0,0.1779763251543045,12.819367408752441,13.441556930541992,37,25,30,0,
2025-12-30 10:05:08.461000,3d,Toxicity,Original,,93.34405517578125,2.4779469966888428,231.30331420898438,0.7916848063468933,0.8193358182907104,0.418906033039093,11.153897285461426,12.579237937927246,11.488391876220703,0.34572264552116394,0.2971266806125641,0.903525710105896,12.576825141906738,0,0.1753278225660324,11.69274616241455,14.388753890991211,37,25,30,0,
2025-12-30 10:05:08.461000,FinePointe Series WBP [SN 10499C]  Site 3 Bias Flow is out of range.,,,,,,,,,,,,,,,,,,,,,,,,,
2025-12-30 10:05:10.461000,3d,Toxicity,Original,,90.6172103881836,2.4878368377685547,225.65673828125,0.8058530688285828,0.7903492450714111,0.46241238713264465,11.153897285461426,10.742508888244629,10.21450138092041,0.3580198585987091,0.30469632148742676,0.8136782646179199,10.860200881958008,0,0.17690657079219818,10.201634407043457,14.059479713439941,37,25,30,0,
2025-12-30 10:05:12.461000,3d,Toxicity,Original,,93.32694244384766,2.552203893661499,237.88323974609375,0.6875981092453003,0.7431401014328003,0.4536362886428833,11.153897285461426,13.29091739654541,11.400032997131348,0.33047932386398315,0.31279146671295166,0.822388231754303,9.605367660522461,0,0.18813632428646088,11.195268630981445,14.051044464111328,37,25,30,0,
2025-12-30 10:05:12.461000,FinePointe Series WBP [SN 10499C]  Site 2 Bias Flow is out of range.,,,,,,,,,,,,,,,,,,,,,,,,,
2025-12-30 10:05:12.461000,FinePointe Series WBP [SN 139781]  Site 4 Bias Flow is out of range.,,,,,,,,,,,,,,,,,,,,,,,,,
2025-12-30 10:05:14.461000,3d,Toxicity,Original,,93.41952514648438,2.269822597503662,212.158935546875,0.8835390210151672,0.7693390846252441,0.5577757358551025,11.153897285461426,11.329634666442871,12.031420707702637,0.34216737747192383,0.3005128800868988,1.0230358839035034,10.260656356811523,0,0.17687742412090302,12.067357063293457,14.248045921325684,37,25,30,0,
2025-12-30 10:05:16.461000,3d,Toxicity,Original,,92.75865936279297,2.50400972366333,232.39976501464844,0.8201555013656616,0.8562373518943787,0.3290634751319885,11.153897285461426,11.457305908203125,10.238802909851074,0.3523766100406647,0.2946009635925293,0.8390905857086182,8.690199851989746,0,0.16759172081947327,11.47077465057373,15.544469833374023,37,25,30,0,
2025-12-30 10:05:18.461000,3d,Toxicity,Original,,92.08930969238281,2.3884902000427246,219.98013305664062,0.7457001209259033,0.7921277284622192,0.46389666199684143,11.153897285461426,10.831245422363281,10.227535247802734,0.3437235951423645,0.3081238567829132,0.8571777939796448,12.449775695800781,0,0.17829793691635132,11.26274299621582,14.505256652832031,37,25,30,0,
2025-12-30 10:05:18.461000,FinePointe Series WBP [SN 10499C]  Site 3 Bias Flow is out of range.,,,,,,,,,,,,,,,,,,,,,,,,,
2025-12-30 10:05:20.461000,3d,Toxicity,Original,,94.68087768554688,2.504403591156006,237.181396484375,0.8623791933059692,0.8669411540031433,0.4274458885192871,11.153897285461426,11.485995292663574,10.26034164428711,0.3369828164577484,0.2967764735221863,0.858066976070404,6.997625827789307,0,0.1648360788822174,9.425300598144531,16.34139060974121,37,25,30,0,
2025-12-30 10:05:20.461000,FinePointe Series WBP [SN 10499C]  Site 2 Bias Flow is out of range.,,,,,,,,,,,,,,,,,,,,,,,,,
2025-12-30 10:05:22.461000,3d,Toxicity,Original,,92.07445526123047,2.371915817260742,218.48077392578125,0.9587271213531494,0.8236919045448303,0.28837260603904724,11.153897285461426,10.718395233154297,11.180937767028809,0.34753817319869995,0.3041588068008423,0.8477979898452759,10.731748580932617,0,0.1737366020679474,11.01384449005127,14.495611190795898,37,25,30,0,
2025-12-30 10:05:22.461000,FinePointe Series WBP [SN 139781]  Site 4 Bias Flow is out of range.,,,,,,,,,,,,,,,,,,,,,,,,,
2025-12-30 10:05:24.461000,3d,Toxicity,Original,,91.52351379394531,2.498847484588623,228.2593994140625,0.7926732897758484,0.7933474183082581,0.41876542568206787,11.153897285461426,11.511884689331055,10.799165725708008,0.3522026538848877,0.30505654215812683,0.846793532371521,8.697953224182129,0,0.17810478806495667,10.93033218383789,14.063146591186523,37,25,30,0,
2025-12-30 10:05:26.461000,3d,Toxicity,Original,,91.53154754638672,2.6535604000091553,242.8601531982422,0.8445150256156921,0.8913964033126831,0.35949188470840454,11.153897285461426,11.602871894836426,10.439486503601074,0.3513476550579071,0.3053922653198242,0.9059151411056519,8.484102249145508,0,0.1684914529323578,11.25979232788086,15.63297176361084,37,25,30,0,
2025-12-30 10:05:28.461000,3d,Toxicity,Original,,93.05401611328125,2.491363525390625,231.76541137695312,0.8661201000213623,0.834348738193512,0.3737949728965759,11.153897285461426,11.078320503234863,10.53579330444336,0.33695369958877563,0.30810850858688354,0.8789651989936829,9.216358184814453,0,0.1753237098455429,9.999815940856934,15.962427139282227,37,25,30,0,
2025-12-30 10:05:28.461000,FinePointe Series WBP [SN 10499C]  Site 3 Bias Flow is out of range.,,,,,,,,,,,,,,,,,,,,,,,,,
2025-12-30 10:05:30.461000,3d,Toxicity,Original,,93.71175384521484,2.502213478088379,234.47158813476562,0.8898061513900757,0.9030751585960388,0.325827032327652,11.153897285461426,11.879456520080566,11.222370147705078,0.338620126247406,0.30199292302131653,0.9624134302139282,9.003421783447266,0,0.16646862030029297,12.017303466796875,16.101478576660156,37,25,30,0,
2025-12-30 10:05:30.461000,FinePointe Series WBP [SN 10499C]  Site 2 Bias Flow is out of range.,,,,,,,,,,,,,,,,,,,,,,,,,
2025-12-30 10:05:32.461000,3d,Toxicity,Original,,94.55917358398438,2.4457650184631348,231.22125244140625,0.8621338605880737,0.8030126690864563,0.3870762288570404,11.153897285461426,10.845996856689453,10.69559097290039,0.3446812629699707,0.2900584936141968,0.9019066095352173,7.93173360824585,0,0.16837266087532043,10.394564628601074,14.852449417114258,37,25,30,0,
2025-12-30 10:05:32.461000,FinePointe Series WBP [SN 139781]  Site 4 Bias Flow is out of range.,,,,,,,,,,,,,,,,,,,,,,,,,
2025-12-30 10:05:34.461000,3d,Toxicity,Original,,93.4766845703125,2.49307918548584,233.26950073242188,0.8264179825782776,0.8004331588745117,0.2801978588104248,11.153897285461426,11.751858711242676,10.69785213470459,0.3456943929195404,0.2965608239173889,0.8374549746513367,9.295614242553711,0,0.17132392525672913,11.69810962677002,12.727106094360352,37,25,30,0,
2025-12-30 10:05:36.461000,3d,Toxicity,Original,,94.49868774414062,2.514816999435425,237.30419921875,0.7718426585197449,0.8009137511253357,0.4983607232570648,11.153897285461426,10.684758186340332,10.24793529510498,0.34591880440711975,0.291475385427475,0.9099648594856262,8.588079452514648,0,0.1681140959262848,10.904098510742188,14.771953582763672,37,25,30,0,
2025-12-30 10:05:38.461000,3d,Toxicity,Original,,92.45872497558594,2.4732367992401123,228.7275390625,0.8906402587890625,0.8531135320663452,0.45814475417137146,11.153897285461426,11.31905746459961,10.495451927185059,0.3433438539505005,0.30563679337501526,0.860298752784729,8.796555519104004,0,0.17085020244121552,10.116211891174316,15.107563018798828,37,25,30,0,
2025-12-30 10:05:38.461000,FinePointe Series WBP [SN 10499C]  Site 3 Bias Flow is out of range.,,,,,,,,,,,,,,,,,,,,,,,,,
2025-12-30 10:05:40.461000,3d,Toxicity,Original,,89.49720764160156,2.439389944076538,218.44198608398438,0.6977561712265015,0.721164882183075,0.44398340582847595,11.153897285461426,11.667001724243164,10.833084106445312,0.33770275115966797,0.34204500913619995,0.9523971080780029,18.68299102783203,0,0.20903997123241425,12.831829071044922,12.65817928314209,37,25,30,0,
2025-12-30 10:05:40.461000,FinePointe Series WBP [SN 10499C]  Site 2 Bias Flow is out of range.,,,,,,,,,,,,,,,,,,,,,,,,,
2025-12-30 10:05:42.461000,3d,Toxicity,Original,,91.84176635742188,2.4255073070526123,223.01812744140625,0.8961259126663208,0.8068417906761169,0.30698108673095703,11.153897285461426,11.145726203918457,10.878377914428711,0.34221306443214417,0.31183865666389465,0.8052360415458679,9.429529190063477,0,0.17853082716464996,10.50993824005127,13.14307975769043,37,25,30,0,
2025-12-30 10:05:42.461000,FinePointe Series WBP [SN 139781]  Site 4 Bias Flow is out of range.,,,,,,,,,,,,,,,,,,,,,,,,,
2025-12-30 10:05:44.461000,3d,Toxicity,Original,,92.28618621826172,2.4718923568725586,227.94065856933594,0.8233849406242371,0.8191224932670593,0.45311039686203003,11.153897285461426,11.22667121887207,11.086896896362305,0.35375961661338806,0.2967950105667114,0.8323095440864563,7.196261882781982,0,0.17009888589382172,10.103364944458008,14.393630027770996,37,25,30,0,
2025-12-30 10:05:46.461000,3d,Toxicity,Original,,91.9161376953125,2.42760968208313,222.89947509765625,0.7851452827453613,0.8374444246292114,0.6240243911743164,11.153897285461426,11.935312271118164,10.221784591674805,0.34009355306625366,0.3132500648498535,0.7730219960212708,9.151073455810547,0,0.1769425868988037,10.653501510620117,14.860055923461914,37,25,30,0,
2025-12-30 10:05:48.461000,3d,Toxicity,Original,,91.73165130615234,2.408632755279541,221.04981994628906,0.8223127722740173,0.8863499164581299,0.31094056367874146,11.153897285461426,12.336060523986816,10.76861572265625,0.35281580686569214,0.3013204336166382,0.8468555808067322,9.629707336425781,0,0.1655319482088089,13.252853393554688,14.775443077087402,37,25,30,50,
2025-12-30 10:05:50.461000,3d,Toxicity,Original,,92.56201171875,2.360305070877075,218.64073181152344,0.7298278212547302,0.7676717042922974,0.4865787923336029,11.153897285461426,10.754150390625,10.011096954345703,0.35516777634620667,0.29353395104408264,0.8250361084938049,9.36623764038086,0,0.17384590208530426,12.06031608581543,14.445873260498047,37,25,30,0,
2025-12-30 10:05:50.461000,FinePointe Series WBP [SN 10499C]  Site 3 Bias Flow is out of range.,,,,,,,,,,,,,,,,,,,,,,,,,
2025-12-30 10:05:52.461000,3d,Toxicity,Original,,89.6256103515625,2.362610340118408,211.8404541015625,0.8068286180496216,0.8437497019767761,0.5062378644943237,11.153897285461426,10.985570907592773,10.023248672485352,0.35589978098869324,0.314857542514801,0.7958772778511047,7.97609281539917,0,0.17651426792144775,10.707990646362305,16.061464309692383,37,25,30,0,
2025-12-30 10:05:52.461000,FinePointe Series WBP [SN 139781]  Site 4 Bias Flow is out of range.,,,,,,,,,,,,,,,,,,,,,,,,,
2025-12-30 10:05:54.461000,3d,Toxicity,Original,,92.8810806274414,2.3526530265808105,218.3821258544922,0.8393487334251404,0.8199142217636108,0.45696666836738586,11.153897285461426,10.97586441040039,10.128623008728027,0.3383822739124298,0.3094954788684845,0.8245959877967834,10.122770309448242,0,0.17747965455055237,11.139665603637695,14.28217601776123,37,25,30,0,
2025-12-30 10:05:56.461000,3d,Toxicity,Original,,93.33747863769531,2.3249893188476562,217.04852294921875,0.8835527896881104,0.8435338139533997,0.3329838812351227,11.153897285461426,10.562775611877441,10.265485763549805,0.34313520789146423,0.30044299364089966,0.8459727168083191,8.930975914001465,0,0.17017467319965363,11.847240447998047,14.750031471252441,37,25,30,0,
2025-12-30 10:05:58.461000,3d,Toxicity,Original,,95.97188568115234,2.416888475418091,231.9524688720703,0.8632089495658875,0.8578649163246155,0.4520285725593567,11.153897285461426,11.151087760925293,10.211742401123047,0.3343602418899536,0.29083943367004395,0.8328469395637512,8.298064231872559,0,0.16249080002307892,10.354145050048828,14.113215446472168,37,25,30,0,
2025-12-30 10:06:00.461000,3d,Toxicity,Original,,94.9123306274414,2.276376724243164,216.02874755859375,0.8143123388290405,0.7952767014503479,0.44208934903144836,11.153897285461426,10.237027168273926,9.7903470993042,0.3346700966358185,0.29773852229118347,0.8244500756263733,9.502126693725586,0,0.17201320827007294,11.643851280212402,14.029913902282715,37,25,30,0,
2025-12-30 10:06:00.461000,FinePointe Series WBP [SN 10499C]  Site 3 Bias Flow is out of range.,,,,,,,,,,,,,,,,,,,,,,,,,
2025-12-30 10:06:02.461000,3d,Toxicity,Original,,93.8311996459961,2.4243593215942383,227.6625213623047,0.8038153648376465,0.8162090182304382,0.3818431496620178,11.153897285461426,10.895468711853027,10.17486572265625,0.3460540771484375,0.29380160570144653,0.8527320027351379,7.857789039611816,0,0.17013221979141235,11.30339527130127,15.059307098388672,37,25,30,0,
2025-12-30 10:06:02.461000,FinePointe Series WBP [SN 139781]  Site 4 Bias Flow is out of range.,,,,,,,,,,,,,,,,,,,,,,,,,
2025-12-30 10:06:04.461000,3d,Toxicity,Original,,91.74224853515625,2.302257776260376,211.26988220214844,0.7973500490188599,0.8071475625038147,0.3343407213687897,11.153897285461426,10.604852676391602,10.26290225982666,0.35241255164146423,0.30353212356567383,0.8580930233001709,9.224474906921387,0,0.1753893941640854,12.632364273071289,13.010541915893555,37,25,30,0,
2025-12-30 10:06:06.461000,3d,Toxicity,Original,,98.05513763427734,2.4183504581451416,237.27728271484375,0.7375434041023254,0.7822262048721313,0.3978220820426941,11.153897285461426,12.000604629516602,10.234447479248047,0.32468268275260925,0.2874392569065094,0.8490242958068848,10.137192726135254,0,0.16903427243232727,11.797533988952637,13.431329727172852,37,25,30,0,
2025-12-30 10:06:08.461000,3d,Toxicity,Original,,92.76307678222656,2.390289068222046,221.60955810546875,0.922301173210144,0.8751879334449768,0.29324817657470703,11.153897285461426,10.958658218383789,10.652480125427246,0.349435418844223,0.29863622784614563,0.8706048727035522,8.91286849975586,0,0.16628508269786835,11.081059455871582,15.400874137878418,37,25,30,0,
2025-12-30 10:06:10.461000,3d,Toxicity,Original,,90.20343780517578,2.4419522285461426,220.25485229492188,0.7067337036132812,0.7079551815986633,0.5081741213798523,11.153897285461426,10.41784954071045,10.270132064819336,0.35162264108657837,0.31813740730285645,0.8249773979187012,9.45283031463623,0,0.19715918600559235,10.439273834228516,11.60852336883545,37,25,30,0,
2025-12-30 10:06:10.461000,FinePointe Series WBP [SN 10499C]  Site 3 Bias Flow is out of range.,,,,,,,,,,,,,,,,,,,,,,,,,
2025-12-30 10:06:12.461000,3d,Toxicity,Original,,92.94910430908203,2.525846004486084,234.1786346435547,0.7586700916290283,0.7637572884559631,0.5277189612388611,11.153897285461426,10.685229301452637,10.854923248291016,0.3538224697113037,0.29383665323257446,0.85533207654953,8.654731750488281,0,0.17562232911586761,11.904415130615234,13.942471504211426,37,25,30,0,
2025-12-30 10:06:12.461000,FinePointe Series WBP [SN 139781]  Site 4 Bias Flow is out of range.,,,,,,,,,,,,,,,,,,,,,,,,,
2025-12-30 10:06:14.461000,3d,Toxicity,Original,,95.99406433105469,2.299448251724243,220.7618408203125,0.7928292155265808,0.7675456404685974,0.4331541955471039,11.153897285461426,11.216959953308105,10.754868507385254,0.3406592905521393,0.28529998660087585,0.8517053127288818,8.4334716796875,0,0.16824926435947418,11.746379852294922,13.231537818908691,37,25,30,0,
2025-12-30 10:06:16.461000,3d,Toxicity,Original,,98.31431579589844,2.3358211517333984,229.72547912597656,0.8156136870384216,0.7772404551506042,0.4939710199832916,11.153897285461426,10.538469314575195,11.112496376037598,0.33308789134025574,0.27758336067199707,0.9017003178596497,8.825492858886719,0,0.16218703985214233,11.841251373291016,14.876204490661621,37,25,30,0,
2025-12-30 10:06:18.461000,3d,Toxicity,Original,,93.11656188964844,2.378790855407715,221.4083251953125,0.7985115051269531,0.762927770614624,0.36394715309143066,11.153897285461426,11.115682601928711,10.857587814331055,0.3593389093875885,0.2853944003582001,0.8091875910758972,8.985031127929688,0,0.16951440274715424,12.780860900878906,13.490300178527832,37,25,30,0,
2025-12-30 10:06:20.461000,3d,Toxicity,Original,,97.69407653808594,2.3254358768463135,227.09925842285156,0.7666369676589966,0.7888600826263428,0.2981654703617096,11.153897285461426,11.396368026733398,10.102835655212402,0.33218809962272644,0.28216487169265747,0.8216889500617981,11.636497497558594,0,0.1649579256772995,13.016209602355957,13.101842880249023,37,25,30,0,
2025-12-30 10:06:20.461000,FinePointe Series WBP [SN 10499C]  Site 3 Bias Flow is out of range.,,,,,,,,,,,,,,,,,,,,,,,,,
2025-12-30 10:06:22.461000,3d,Toxicity,Original,,95.79322814941406,2.363081455230713,226.363525390625,0.7322030067443848,0.7484316229820251,0.5454228520393372,11.153897285461426,10.88997745513916,10.428762435913086,0.33919453620910645,0.28738200664520264,0.9040101170539856,9.777746200561523,0,0.1716451793909073,12.48354721069336,13.553394317626953,37,25,30,0,
2025-12-30 10:06:22.461000,FinePointe Series WBP [SN 139781]  Site 4 Bias Flow is out of range.,,,,,,,,,,,,,,,,,,,,,,,,,
2025-12-30 10:06:24.461000,3d,Toxicity,Original,,95.06063079833984,2.3872320652008057,226.79640197753906,0.8451523184776306,0.7960577011108398,0.3779730498790741,11.153897285461426,10.833635330200195,10.633983612060547,0.34502512216567993,0.28630176186561584,0.872143030166626,7.833186626434326,0,0.1663575917482376,11.064189910888672,14.120733261108398,37,25,30,0,
2025-12-30 10:06:26.461000,3d,Toxicity,Original,,93.38111877441406,2.418182373046875,225.7877197265625,0.8043624758720398,0.8134703636169434,0.31551384925842285,11.153897285461426,11.114924430847168,10.146171569824219,0.3445073664188385,0.2981075644493103,0.8407434821128845,8.963021278381348,0,0.1711113154888153,11.701678276062012,14.376150131225586,37,25,30,0,
2025-12-30 10:06:28.461000,3d,Toxicity,Original,,97.7769546508789,2.322479248046875,227.08517456054688,0.8659611940383911,0.8375149965286255,0.41258320212364197,11.153897285461426,10.670963287353516,10.879551887512207,0.3271753787994385,0.28729572892189026,0.9169139862060547,8.429266929626465,0,0.16246794164180756,11.465380668640137,13.927433013916016,37,25,30,0,
2025-12-30 10:06:30.461000,3d,Toxicity,Original,,96.34212493896484,2.276944160461426,219.50868225097656,0.9402115345001221,0.868375301361084,0.2613232135772705,11.153897285461426,10.632856369018555,10.631820678710938,0.33337298035621643,0.28967952728271484,0.8409398198127747,9.793853759765625,0,0.1623670607805252,11.59603214263916,15.374420166015625,37,25,30,0,
2025-12-30 10:06:30.461000,FinePointe Series WBP [SN 10499C]  Site 3 Bias Flow is out of range.,,,,,,,,,,,,,,,,,,,,,,,,,
2025-12-30 10:06:32.461000,3d,Toxicity,Original,,93.58399963378906,2.4390721321105957,228.64877319335938,0.8689554929733276,0.8302289247512817,0.3886662721633911,11.153897285461426,11.43783187866211,10.845259666442871,0.3538305461406708,0.2875097095966339,0.8914463520050049,8.926117897033691,0,0.1648193895816803,13.240071296691895,14.432551383972168,37,25,30,0,
2025-12-30 10:06:32.461000,FinePointe Series WBP [SN 139781]  Site 4 Bias Flow is out of range.,,,,,,,,,,,,,,,,,,,,,,,,,
2025-12-30 10:06:34.461000,3d,Toxicity,Original,,92.63831329345703,2.3226799964904785,215.10459899902344,0.8393465876579285,0.7748942971229553,0.47698983550071716,11.153897285461426,10.204004287719727,10.607678413391113,0.35416102409362793,0.29374927282333374,0.8495115041732788,9.865752220153809,0,0.1735009104013443,11.631707191467285,13.176897048950195,37,25,30,0,
2025-12-30 10:06:36.461000,3d,Toxicity,Original,,93.91525268554688,2.33581280708313,219.44741821289062,0.9410351514816284,0.8672248721122742,0.4197261333465576,11.153897285461426,10.705845832824707,10.597530364990234,0.3495124578475952,0.2895047664642334,0.872554361820221,8.269427299499512,0,0.16099868714809418,12.022990226745605,15.666728019714355,37,25,30,0,
2025-12-30 10:06:38.461000,3d,Toxicity,Original,,94.20880889892578,2.2787880897521973,214.71871948242188,0.8567059636116028,0.7797176241874695,0.4599868059158325,11.153897285461426,10.29728889465332,10.539257049560547,0.34835177659988403,0.28936052322387695,0.8677337169647217,10.830876350402832,0,0.17020753026008606,11.518852233886719,13.055012702941895,37,25,30,0,
2025-12-30 10:06:40.461000,3d,Toxicity,Original,,95.64247131347656,2.3776655197143555,227.37962341308594,0.8528009653091431,0.8188802003860474,0.38568514585494995,11.153897285461426,10.528532028198242,10.21807861328125,0.3428131937980652,0.28480860590934753,0.7675116062164307,7.807239532470703,0,0.16232919692993164,11.287135124206543,13.420616149902344,37,25,30,0,
2025-12-30 10:06:40.461000,FinePointe Series WBP [SN 10499C]  Site 3 Bias Flow is out of range.,,,,,,,,,,,,,,,,,,,,,,,,,
2025-12-30 10:06:42.461000,3d,Toxicity,Original,,94.33932495117188,2.2541182041168213,212.6157989501953,0.8465401530265808,0.7906502485275269,0.3510698676109314,11.153897285461426,10.306248664855957,10.26916790008545,0.3421337306499481,0.2940465211868286,0.8226234912872314,9.491146087646484,0,0.1723202019929886,11.614239692687988,13.407816886901855,37,25,30,0,
2025-12-30 10:06:42.461000,FinePointe Series WBP [SN 139781]  Site 4 Bias Flow is out of range.,,,,,,,,,,,,,,,,,,,,,,,,,
2025-12-30 10:06:44.461000,3d,Toxicity,Original,,93.67924499511719,2.430771589279175,227.77125549316406,0.7961791157722473,0.8047486543655396,0.6301806569099426,11.153897285461426,11.226338386535645,10.082313537597656,0.33797749876976013,0.3026246130466461,0.8258974552154541,8.355517387390137,0,0.17490020394325256,11.537121772766113,14.533695220947266,37,25,30,0,
2025-12-30 10:06:46.461000,3d,Toxicity,Original,,93.59629821777344,2.3985307216644287,224.55307006835938,0.8538957238197327,0.8349602818489075,0.34401166439056396,11.153897285461426,11.49564266204834,10.974555015563965,0.3476068079471588,0.2937640845775604,0.8598424792289734,10.249673843383789,0,0.16863131523132324,13.271629333496094,13.6886568069458,37,25,30,0,
2025-12-30 10:06:48.461000,3d,Toxicity,Original,,95.05191040039062,2.3954756259918213,227.88705444335938,0.811464250087738,0.8019613027572632,0.47832268476486206,11.153897285461426,11.068541526794434,10.629304885864258,0.35006338357925415,0.2815740406513214,0.8522505760192871,9.431329727172852,0,0.16286399960517883,12.26167106628418,14.16238784790039,37,25,30,0,
2025-12-30 10:06:50.461000,3d,Toxicity,Original,,92.74683380126953,2.359264612197876,218.36297607421875,0.807689905166626,0.7998339533805847,0.262531578540802,11.153897285461426,11.180957794189453,10.381943702697754,0.35122132301330566,0.2979094088077545,0.8608630895614624,8.821267127990723,0,0.17343324422836304,12.099726676940918,13.207768440246582,37,25,30,0,
2025-12-30 10:06:50.461000,FinePointe Series WBP [SN 10499C]  Site 3 Bias Flow is out of range.,,,,,,,,,,,,,,,,,,,,,,,,,
2025-12-30 10:06:52.461000,3d,Toxicity,Original,,94.83983612060547,2.3472750186920166,222.6298370361328,0.8744597434997559,0.8952940702438354,0.34437718987464905,11.153897285461426,10.971175193786621,10.31927490234375,0.3454589247703552,0.28723207116127014,0.8538125157356262,9.58585262298584,0,0.15907956659793854,12.192687034606934,15.665582656860352,37,25,30,0,
2025-12-30 10:06:52.461000,FinePointe Series WBP [SN 139781]  Site 4 Bias Flow is out of range.,,,,,,,,,,,,,,,,,,,,,,,,,
2025-12-30 10:06:54.461000,3d,Toxicity,Original,,91.8931655883789,2.319969654083252,213.2250213623047,0.9804930090904236,0.8240276575088501,0.27127784490585327,11.153897285461426,10.29008674621582,10.723434448242188,0.35974276065826416,0.29322192072868347,0.8728015422821045,9.011775970458984,0,0.16851884126663208,11.982144355773926,13.492046356201172,37,25,30,0,
2025-12-30 10:06:56.461000,3d,Toxicity,Original,,96.3741455078125,2.295687198638916,221.3758087158203,0.7423062920570374,0.7473752498626709,0.4052087068557739,11.153897285461426,10.413359642028809,10.077171325683594,0.3393729329109192,0.2837815284729004,0.7945774793624878,9.158084869384766,0,0.16956695914268494,12.59549331665039,12.189862251281738,37,25,30,0,
2025-12-30 10:06:58.461000,3d,Toxicity,Original,,94.26409912109375,2.329977035522461,219.5161895751953,0.8555458188056946,0.7940601110458374,0.38565948605537415,11.153897285461426,10.239102363586426,10.116369247436523,0.35009291768074036,0.2868630290031433,0.813572347164154,9.502545356750488,0,0.16689203679561615,12.002513885498047,14.626811981201172,37,25,30,0,
2025-12-30 10:07:00.461000,3d,Toxicity,Original,,95.0365982055664,2.2986202239990234,218.3997802734375,0.9124456644058228,0.8432672619819641,0.41319718956947327,11.153897285461426,10.6399507522583,11.000680923461914,0.34966549277305603,0.28182128071784973,0.9216709136962891,8.535117149353027,0,0.15973100066184998,12.427879333496094,14.52082633972168,37,25,30,0,
2025-12-30 10:07:00.461000,FinePointe Series WBP [SN 10499C]  Site 3 Bias Flow is out of range.,,,,,,,,,,,,,,,,,,,,,,,,,
2025-12-30 10:07:02.461000,3d,Toxicity,Original,,95.06742858886719,2.3717758655548096,225.51011657714844,0.8907115459442139,0.8314186334609985,0.396464467048645,11.153897285461426,10.32703685760498,10.690196990966797,0.3489660918712616,0.2822248637676239,0.8867642879486084,8.42744255065918,0,0.16114917397499084,12.053483009338379,14.06235122680664,37,25,30,0,
2025-12-30 10:07:02.461000,FinePointe Series WBP [SN 139781]  Site 4 Bias Flow is out of range.,,,,,,,,,,,,,,,,,,,,,,,,,
2025-12-30 10:07:04.461000,3d,Toxicity,Original,,95.86895751953125,2.272425889968872,217.53672790527344,0.8734434843063354,0.8240721225738525,0.36081206798553467,11.153897285461426,10.820330619812012,10.689455032348633,0.3405081331729889,0.28639423847198486,0.903737485408783,11.176764488220215,0,0.16479752957820892,13.10916805267334,15.035472869873047,37,25,30,0,
2025-12-30 10:07:06.461000,3d,Toxicity,Original,,94.52113342285156,2.3437252044677734,221.5666046142578,0.8297807574272156,0.7914193868637085,0.4224291741847992,11.153897285461426,10.213287353515625,10.502497673034668,0.34958207607269287,0.28548815846443176,0.879545271396637,9.55530071258545,0,0.16603223979473114,13.494738578796387,12.930276870727539,37,25,30,0,
2025-12-30 10:07:08.461000,3d,Toxicity,Original,,94.53462982177734,2.33400559425354,220.7013702392578,0.8481554388999939,0.8134787678718567,0.26332390308380127,11.153897285461426,11.0159330368042,10.324481010437012,0.3478449285030365,0.2870539724826813,0.8194036483764648,10.583799362182617,0,0.1669444441795349,13.847064971923828,14.25024700164795,37,25,30,0,
2025-12-30 10:07:10.461000,3d,Toxicity,Original,,94.44183349609375,2.2762680053710938,214.9112091064453,0.9017869830131531,0.7995499968528748,0.32306018471717834,11.153897285461426,10.51320743560791,10.751226425170898,0.34731608629226685,0.2880922257900238,0.8325951099395752,8.505661010742188,0,0.16726067662239075,12.514979362487793,13.93220043182373,37,25,30,0,
2025-12-30 10:07:10.461000,FinePointe Series WBP [SN 10499C]  Site 3 Bias Flow is out of range.,,,,,,,,,,,,,,,,,,,,,,,,,
2025-12-30 10:07:12.461000,3d,Toxicity,Original,,93.74710083007812,2.465240955352783,231.23953247070312,0.7871612310409546,0.7941914796829224,0.3613768219947815,11.153897285461426,11.319698333740234,10.955904006958008,0.3589005470275879,0.28132352232933044,0.8865676522254944,10.1138334274292,0,0.1665596216917038,13.161581993103027,13.246343612670898,37,25,30,0,
2025-12-30 10:07:12.461000,FinePointe Series WBP [SN 139781]  Site 4 Bias Flow is out of range.,,,,,,,,,,,,,,,,,,,,,,,,,
2025-12-30 10:07:14.461000,3d,Toxicity,Original,,85.24421691894531,2.3986897468566895,204.97535705566406,0.7039107084274292,0.6791129112243652,0.4810556471347809,11.153897285461426,9.92556381225586,9.919283866882324,0.3649683892726898,0.34009093046188354,0.741483211517334,10.977029800415039,0,0.2152169644832611,11.102181434631348,9.891759872436523,37,25,30,0,
2025-12-30 10:07:16.461000,3d,Toxicity,Original,,95.62882232666016,2.372976303100586,226.877685546875,0.9162934422492981,0.8205066323280334,0.3798328936100006,11.153897285461426,10.666648864746094,10.935807228088379,0.3440815210342407,0.28335967659950256,0.8385789394378662,9.9404935836792,0,0.16285735368728638,12.562788963317871,12.869245529174805,37,25,30,0,
2025-12-30 10:07:18.461000,3d,Toxicity,Original,,95.37914276123047,2.3024120330810547,219.7163848876953,0.8170762658119202,0.8012331128120422,0.4519008994102478,11.153897285461426,10.511802673339844,10.333246231079102,0.3428065776824951,0.2864246368408203,0.8514918088912964,9.114985466003418,0,0.1658840775489807,13.097005844116211,13.335222244262695,37,25,30,0,
2025-12-30 10:07:20.461000,3d,Toxicity,Original,,94.6239242553711,2.289872407913208,216.606689453125,0.8808801770210266,0.8404330015182495,0.39842045307159424,11.153897285461426,10.506312370300293,10.239777565002441,0.3473062217235565,0.28694087266921997,0.835885226726532,9.430773735046387,0,0.16423557698726654,13.52146053314209,14.176673889160156,37,25,30,0,
2025-12-30 10:07:20.461000,FinePointe Series WBP [SN 10499C]  Site 3 Bias Flow is out of range.,,,,,,,,,,,,,,,,,,,,,,,,,
2025-12-30 10:07:22.461000,3d,Toxicity,Original,,94.32991790771484,2.3287904262542725,219.69386291503906,0.951543927192688,0.8668215870857239,0.3360285758972168,11.153897285461426,10.611258506774902,10.740703582763672,0.34337514638900757,0.2929646372795105,0.8738535046577454,9.262173652648926,0,0.16443446278572083,12.339668273925781,15.14282512664795,37,25,30,0,
2025-12-30 10:07:22.461000,FinePointe Series WBP [SN 139781]  Site 4 Bias Flow is out of range.,,,,,,,,,,,,,,,,,,,,,,,,,
2025-12-30 10:07:24.461000,3d,Toxicity,Original,,94.5376968383789,2.2992632389068604,217.28872680664062,0.7965896725654602,0.8241801857948303,0.3575558364391327,11.153897285461426,10.65560531616211,9.677997589111328,0.34254905581474304,0.29242828488349915,0.8148817420005798,8.53917121887207,0,0.16768872737884521,12.386756896972656,13.901737213134766,37,25,30,0,
2025-12-30 10:07:26.461000,3d,Toxicity,Original,,95.80722045898438,2.281874179840088,218.7421417236328,0.8655677437782288,0.8068045973777771,0.2507092356681824,11.153897285461426,10.416934967041016,10.351001739501953,0.3398624360561371,0.2873084545135498,0.8006945848464966,8.630597114562988,0,0.166036456823349,11.64106559753418,13.110331535339355,37,25,30,0,
2025-12-30 10:07:28.461000,3d,Toxicity,Original,,93.99897003173828,2.3083009719848633,216.77996826171875,0.8951132893562317,0.800335168838501,0.29860496520996094,11.153897285461426,10.353145599365234,10.527002334594727,0.35447031259536743,0.28404903411865234,0.8825682997703552,9.9535551071167,0,0.16694766283035278,12.963932991027832,14.963113784790039,37,25,30,0,
2025-12-30 10:07:30.461000,3d,Toxicity,Original,,93.9811782836914,2.330540418624878,218.7883758544922,0.801307201385498,0.8193711042404175,0.405391663312912,11.153897285461426,10.872025489807129,10.210698127746582,0.3546850383281708,0.2843950092792511,0.8901048898696899,10.25528621673584,0,0.16290459036827087,14.059737205505371,13.357820510864258,37,25,30,0,
2025-12-30 10:07:30.461000,FinePointe Series WBP [SN 10499C]  Site 3 Bias Flow is out of range.,,,,,,,,,,,,,,,,,,,,,,,,,
2025-12-30 10:07:32.461000,3d,Toxicity,Original,,95.20361328125,2.306077003479004,219.70651245117188,0.850426435470581,0.8156484365463257,0.33340081572532654,11.153897285461426,10.649892807006836,10.578392028808594,0.34239980578422546,0.28818973898887634,0.8417555689811707,8.779802322387695,0,0.1655546873807907,12.733894348144531,13.59542465209961,37,25,30,0,
2025-12-30 10:07:32.461000,FinePointe Series WBP [SN 139781]  Site 4 Bias Flow is out of range.,,,,,,,,,,,,,,,,,,,,,,,,,
2025-12-30 10:07:34.461000,3d,Toxicity,Original,,93.14395141601562,2.330643892288208,216.95115661621094,0.7889516949653625,0.7733722925186157,0.3937724828720093,11.153897285461426,10.658321380615234,10.35120677947998,0.3567097783088684,0.28764477372169495,0.8556286096572876,10.701589584350586,0,0.17070986330509186,14.72516918182373,13.712461471557617,37,25,30,0,
2025-12-30 10:07:36.461000,3d,Toxicity,Original,,95.19420623779297,2.317347526550293,220.61712646484375,0.9220470786094666,0.8300684690475464,0.3199802339076996,11.153897285461426,10.37997055053711,10.537450790405273,0.35350465774536133,0.276961088180542,0.8693340420722961,7.770834922790527,0,0.1588570773601532,12.115312576293945,12.79692554473877,37,25,30,0,
2025-12-30 10:07:38.461000,3d,Toxicity,Original,,96.51791381835938,2.291840076446533,221.3424072265625,0.8724533915519714,0.8207038640975952,0.3101222515106201,11.153897285461426,10.843621253967285,10.87695026397705,0.3433690369129181,0.278899222612381,0.8846687078475952,8.359783172607422,0,0.15967246890068054,13.794020652770996,13.792709350585938,37,25,30,0,
2025-12-30 10:07:40.461000,3d,Toxicity,Original,,93.26807403564453,2.2725906372070312,212.16294860839844,0.7186423540115356,0.7192124128341675,0.51869797706604,11.153897285461426,9.790226936340332,10.164316177368164,0.3447210490703583,0.29910939931869507,0.8659932017326355,9.429071426391602,0,0.18366658687591553,13.766164779663086,12.01639461517334,37,25,30,0,
2025-12-30 10:07:40.461000,FinePointe Series WBP [SN 10499C]  Site 3 Bias Flow is out of range.,,,,,,,,,,,,,,,,,,,,,,,,,
2025-12-30 10:07:42.461000,3d,Toxicity,Original,,94.47614288330078,2.275064706802368,214.7861328125,0.7679527401924133,0.7851299047470093,0.5678541660308838,11.153897285461426,10.854033470153809,9.94282341003418,0.3442997336387634,0.291267067193985,0.8421664834022522,11.166478157043457,0,0.17176540195941925,14.367350578308105,13.741326332092285,37,25,30,0,
2025-12-30 10:07:42.461000,FinePointe Series WBP [SN 139781]  Site 4 Bias Flow is out of range.,,,,,,,,,,,,,,,,,,,,,,,,,
2025-12-30 10:07:44.461000,3d,Toxicity,Original,,93.85503387451172,2.291593074798584,215.0835723876953,0.8009584546089172,0.7869508266448975,0.48718956112861633,11.153897285461426,10.505619049072266,10.111042976379395,0.35045018792152405,0.28889864683151245,0.844618558883667,8.13070297241211,0,0.16814500093460083,12.297735214233398,14.544023513793945,37,25,30,0,
2025-12-30 10:07:46.461000,3d,Toxicity,Original,,96.73558807373047,2.30302357673645,222.90467834472656,0.8284900188446045,0.8093361854553223,0.3527757525444031,11.153897285461426,10.977218627929688,10.450887680053711,0.3401275873184204,0.28043675422668457,0.8854389190673828,10.31999397277832,0,0.16179385781288147,13.853360176086426,14.118778228759766,37,25,30,0,
2025-12-30 10:07:48.461000,3d,Toxicity,Original,,91.53657531738281,2.3162715435028076,212.05934143066406,0.7929661870002747,0.7772893905639648,0.4058733284473419,11.153897285461426,10.405179977416992,10.403533935546875,0.3576638698577881,0.2990720272064209,0.7963169813156128,9.099128723144531,0,0.1758413016796112,13.078813552856445,12.49207592010498,37,25,30,0,
2025-12-30 10:07:50.461000,3d,Toxicity,Original,,94.98621368408203,2.301461696624756,218.62286376953125,0.8285952210426331,0.761469841003418,0.3814273178577423,11.153897285461426,10.288389205932617,10.362469673156738,0.3490454852581024,0.282702773809433,0.8747665286064148,9.218469619750977,0,0.16794466972351074,13.126173973083496,12.497322082519531,37,25,30,0,
2025-12-30 10:07:50.461000,FinePointe Series WBP [SN 10499C]  Site 3 Bias Flow is out of range.,,,,,,,,,,,,,,,,,,,,,,,,,
2025-12-30 10:07:52.461000,3d,Toxicity,Original,,93.73395538330078,2.289381980895996,214.6134490966797,0.8139724135398865,0.7414367198944092,0.5212287902832031,11.153897285461426,9.689905166625977,10.513401985168457,0.35844025015830994,0.2819216847419739,0.8542811870574951,9.61774730682373,0,0.16959697008132935,12.716751098632812,11.9098482131958,37,25,30,0,
2025-12-30 10:07:54.461000,3d,Toxicity,Original,,94.27474975585938,2.2223737239837646,209.58229064941406,0.8741400837898254,0.8081614971160889,0.27225011587142944,11.153897285461426,9.6517915725708,9.770268440246582,0.3525066673755646,0.28398996591567993,0.7959152460098267,8.7221040725708,0,0.1649235486984253,12.506047248840332,13.203487396240234,37,25,30,0,
2025-12-30 10:07:54.461000,FinePointe Series WBP [SN 139781]  Site 4 Bias Flow is out of range.,,,,,,,,,,,,,,,,,,,,,,,,,
2025-12-30 10:07:56.461000,3d,Toxicity,Original,,92.4666748046875,2.265998601913452,209.43907165527344,0.7564380764961243,0.7812855243682861,0.47876912355422974,11.153897285461426,10.671711921691895,10.231171607971191,0.358464777469635,0.29054751992225647,0.8278776407241821,9.812614440917969,0,0.17137758433818817,14.211631774902344,14.357823371887207,37,25,30,0,
2025-12-30 10:07:58.461000,3d,Toxicity,Original,,94.31644439697266,2.3742496967315674,223.86685180664062,0.8329074382781982,0.8003389835357666,0.47492149472236633,11.153897285461426,10.511364936828613,10.197831153869629,0.3542023301124573,0.28202199935913086,0.843440592288971,9.570192337036133,0,0.16404473781585693,12.949377059936523,13.407472610473633,37,25,30,0,
2025-12-30 10:08:00.461000,3d,Toxicity,Original,,94.7019271850586,2.209500312805176,209.18197631835938,0.854161262512207,0.7988219261169434,0.41361668705940247,11.153897285461426,10.273115158081055,10.579830169677734,0.3508167564868927,0.28301119804382324,0.8852324485778809,9.96200942993164,0,0.16622260212898254,13.731609344482422,14.355122566223145,37,25,30,0,
2025-12-30 10:08:00.461000,FinePointe Series WBP [SN 10499C]  Site 3 Bias Flow is out of range.,,,,,,,,,,,,,,,,,,,,,,,,,
2025-12-30 10:08:02.461000,3d,Toxicity,Original,,92.3851547241211,2.3707356452941895,218.79563903808594,0.8039250373840332,0.7913597226142883,0.42549923062324524,11.153897285461426,10.435446739196777,10.055420875549316,0.3584650754928589,0.2919711172580719,0.8592057228088379,9.63889217376709,0,0.17159965634346008,13.07422161102295,13.802251815795898,37,25,30,0,
2025-12-30 10:08:02.461000,FinePointe Series WBP [SN 139781]  Site 4 Bias Flow is out of range.,,,,,,,,,,,,,,,,,,,,,,,,,
2025-12-30 10:08:04.461000,3d,Toxicity,Original,,92.40774536132812,2.2063355445861816,203.87789916992188,0.8724148273468018,0.8009197115898132,0.5146161317825317,11.153897285461426,9.677201271057129,10.065681457519531,0.35960543155670166,0.2897014021873474,0.8309812545776367,9.047248840332031,0,0.16871842741966248,13.466821670532227,12.920490264892578,37,25,30,0,
2025-12-30 10:08:06.461000,3d,Toxicity,Original,,94.2033920288086,2.2269513607025146,209.9385986328125,0.8864544034004211,0.8404091596603394,0.3395630121231079,11.153897285461426,10.207550048828125,10.263269424438477,0.35345688462257385,0.2839124798774719,0.8768985271453857,9.637182235717773,0,0.16387416422367096,14.765830039978027,14.910911560058594,37,25,30,0,
2025-12-30 10:08:08.461000,3d,Toxicity,Original,,95.81004333496094,2.2695062160491943,217.45074462890625,0.8417735695838928,0.7746456861495972,0.47717586159706116,11.153897285461426,9.893458366394043,10.050684928894043,0.3522999882698059,0.2739419639110565,0.8237173557281494,8.092673301696777,0,0.16231787204742432,11.343148231506348,13.091564178466797,37,25,30,0,
2025-12-30 10:08:10.461000,3d,Toxicity,Original,,95.51679229736328,2.2749183177948,217.14990234375,0.9001495242118835,0.8070027232170105,0.3749352991580963,11.153897285461426,9.907543182373047,10.367260932922363,0.34723958373069763,0.28139635920524597,0.8602020144462585,8.59787368774414,0,0.16246715188026428,11.91667366027832,12.333381652832031,37,25,30,0,
2025-12-30 10:08:10.461000,FinePointe Series WBP [SN 10499C]  Site 3 Bias Flow is out of range.,,,,,,,,,,,,,,,,,,,,,,,,,
2025-12-30 10:08:12.461000,3d,Toxicity,Original,,93.80240631103516,2.2721574306488037,212.93243408203125,0.825075089931488,0.7680729627609253,0.5040410161018372,11.153897285461426,9.669541358947754,10.197114944458008,0.3537943363189697,0.2864305078983307,0.824923574924469,9.286808967590332,0,0.17011123895645142,12.881836891174316,12.866968154907227,37,25,30,0,
2025-12-30 10:08:12.461000,FinePointe Series WBP [SN 139781]  Site 4 Bias Flow is out of range.,,,,,,,,,,,,,,,,,,,,,,,,,
2025-12-30 10:08:14.461000,3d,Toxicity,Original,,91.85899353027344,2.2481608390808105,206.50360107421875,0.7351585030555725,0.7754682302474976,0.5758251547813416,11.153897285461426,10.432747840881348,9.67288589477539,0.35709479451179504,0.2960858643054962,0.7785143256187439,9.807908058166504,0,0.17422404885292053,13.674034118652344,13.606832504272461,37,25,30,0,
2025-12-30 10:08:16.461000,3d,Toxicity,Original,,90.3367691040039,2.2024998664855957,198.63319396972656,0.855055570602417,0.8439467549324036,0.49121302366256714,11.153897285461426,9.465766906738281,9.713737487792969,0.36009448766708374,0.30442655086517334,0.8394457101821899,9.81127643585205,0,0.1734829992055893,12.757590293884277,13.85294246673584,37,25,30,0,
2025-12-30 10:08:18.461000,3d,Toxicity,Original,,94.71214294433594,2.279317855834961,215.8349609375,0.9107891321182251,0.8226631879806519,0.37601470947265625,11.153897285461426,10.162652969360352,10.771721839904785,0.3525075316429138,0.28121083974838257,0.884024977684021,9.629589080810547,0,0.16131475567817688,13.004449844360352,14.128044128417969,37,25,30,0,
2025-12-30 10:08:20.461000,3d,Toxicity,Original,,94.17755126953125,2.224778175354004,209.64590454101562,0.8247669339179993,0.7714139819145203,0.39093005657196045,11.153897285461426,9.893226623535156,10.100546836853027,0.35413435101509094,0.28307923674583435,0.8350059986114502,8.62940502166748,0,0.16943153738975525,12.703475952148438,11.668455123901367,37,25,30,0,
2025-12-30 10:08:20.461000,FinePointe Series WBP [SN 10499C]  Site 3 Bias Flow is out of range.,,,,,,,,,,,,,,,,,,,,,,,,,
2025-12-30 10:08:22.461000,3d,Toxicity,Original,,93.97322845458984,2.3160901069641113,217.73204040527344,0.8050738573074341,0.74986732006073,0.36514219641685486,11.153897285461426,10.211708068847656,10.473526000976562,0.355764240026474,0.2827776372432709,0.8216502070426941,9.054740905761719,0,0.1687493920326233,13.31834602355957,12.583584785461426,37,25,30,0,
2025-12-30 10:08:22.461000,FinePointe Series WBP [SN 139781]  Site 4 Bias Flow is out of range.,,,,,,,,,,,,,,,,,,,,,,,,,
2025-12-30 10:08:24.461000,3d,Toxicity,Original,,94.95556640625,2.250612735748291,213.71339416503906,0.8828869462013245,0.8092404007911682,0.3457610309123993,11.153897285461426,9.7406587600708,10.169259071350098,0.3530881106853485,0.27879801392555237,0.8188963532447815,9.974091529846191,0,0.16155631840229034,13.824422836303711,13.44287109375,37,25,30,0,
2025-12-30 10:08:26.461000,3d,Toxicity,Original,,90.1518783569336,2.2271227836608887,200.9138946533203,0.830327033996582,0.749862551689148,0.5902256965637207,11.153897285461426,9.18497371673584,10.215509414672852,0.3768251836299896,0.2889188826084137,0.8231546878814697,9.076091766357422,0,0.17331601679325104,14.494088172912598,10.88881778717041,37,25,30,0,
2025-12-30 10:08:28.461000,3d,Toxicity,Original,,96.41553497314453,2.2292094230651855,214.88230895996094,0.7608848214149475,0.7502065300941467,0.5407743453979492,11.153897285461426,9.929006576538086,10.257915496826172,0.34499090909957886,0.2775029242038727,0.8656876087188721,8.779804229736328,0,0.16540378332138062,13.283642768859863,12.282812118530273,37,25,30,0,
2025-12-30 10:08:30.461000,3d,Toxicity,Original,,94.26438903808594,2.2681596279144287,213.79861450195312,0.8225713968276978,0.7979867458343506,0.39841800928115845,11.153897285461426,10.341609001159668,10.526558876037598,0.36079829931259155,0.27594098448753357,0.9152254462242126,9.387378692626953,0,0.1616695076227188,15.467479705810547,13.14045524597168,37,25,30,0,
2025-12-30 10:08:32.461000,3d,Toxicity,Original,,96.03878021240234,2.2372055053710938,214.88282775878906,0.833251953125,0.7323731780052185,0.4326491057872772,11.153897285461426,10.471217155456543,10.932520866394043,0.34278661012649536,0.2824838161468506,0.8078328967094421,13.917469024658203,0,0.16904360055923462,13.05850601196289,12.107474327087402,37,25,30,0,
2025-12-30 10:08:32.461000,FinePointe Series WBP [SN 139781]  Site 4 Bias Flow is out of range.,,,,,,,,,,,,,,,,,,,,,,,,,
2025-12-30 10:08:34.461000,3d,Toxicity,Original,,90.37393188476562,2.2824807167053223,205.74366760253906,0.7071414589881897,0.7093487977981567,0.4697364270687103,11.153897285461426,10.685096740722656,10.413557052612305,0.35155653953552246,0.31957778334617615,0.8048780560493469,8.800311088562012,0,0.19669751822948456,14.583765983581543,11.115983009338379,37,25,30,0,
2025-12-30 10:08:36.461000,3d,Toxicity,Original,,90.55477905273438,2.2245445251464844,201.53797912597656,0.8018959164619446,0.7661537528038025,0.47940337657928467,11.153897285461426,9.934449195861816,10.133617401123047,0.37044721841812134,0.2930040955543518,0.8814372420310974,12.063488006591797,0,0.17611247301101685,16.35026741027832,12.22575569152832,37,25,30,0,
2025-12-30 10:08:38.461000,3d,Toxicity,Original,,95.02957153320312,2.3664329051971436,224.7923583984375,0.7698863744735718,0.7625493407249451,0.635770320892334,11.153897285461426,11.763646125793457,11.424820899963379,0.3579571843147278,0.2744044065475464,0.8818797469139099,7.633057117462158,0,0.1607346385717392,14.174461364746094,11.40675163269043,37,25,30,0,
2025-12-30 10:08:40.461000,3d,Toxicity,Original,,93.79008483886719,2.17140793800354,203.92230224609375,0.9054744839668274,0.764476478099823,0.3589375913143158,11.153897285461426,9.750776290893555,10.510096549987793,0.3638477325439453,0.27663493156433105,0.8492928743362427,8.807403564453125,0,0.1637464016675949,13.055078506469727,12.685994148254395,37,25,30,0,
2025-12-30 10:08:42.461000,3d,Toxicity,Original,,91.26699829101562,2.2649991512298584,206.69790649414062,0.8321694135665894,0.7617129683494568,0.4670450687408447,11.153897285461426,9.293747901916504,9.94161319732666,0.3676624894142151,0.28980305790901184,0.8540086150169373,11.191460609436035,0,0.173695370554924,14.122400283813477,12.916316986083984,37,25,30,0,
2025-12-30 10:08:42.461000,FinePointe Series WBP [SN 10499C]  Site 3 Bias Flow is out of range.,,,,,,,,,,,,,,,,,,,,,,,,,
2025-12-30 10:08:42.461000,FinePointe Series WBP [SN 139781]  Site 4 Bias Flow is out of range.,,,,,,,,,,,,,,,,,,,,,,,,,
2025-12-30 10:08:44.461000,3d,Toxicity,Original,,93.45702362060547,2.2864489555358887,213.62982177734375,0.7930381298065186,0.7755906581878662,0.34758585691452026,11.153897285461426,10.011448860168457,9.812201499938965,0.35504862666130066,0.2872987985610962,0.8160530924797058,9.816024780273438,0,0.16911554336547852,14.370218276977539,11.790329933166504,37,25,30,0,
2025-12-30 10:08:46.461000,3d,Toxicity,Original,,91.83086395263672,2.200488805770874,202.2876739501953,0.8431339263916016,0.747066080570221,0.4025005102157593,11.153897285461426,9.27667236328125,10.347688674926758,0.3758763372898102,0.2778230905532837,0.8665408492088318,8.145730018615723,0,0.16673870384693146,13.896751403808594,11.239463806152344,37,25,30,0,
2025-12-30 10:08:48.461000,3d,Toxicity,Original,,93.13542938232422,2.279146671295166,212.29933166503906,0.9228618741035461,0.8206655383110046,0.4926646649837494,11.153897285461426,9.898367881774902,10.759283065795898,0.36393266916275024,0.28032565116882324,0.9081109166145325,9.826504707336426,0,0.16459643840789795,13.75297737121582,13.966511726379395,37,25,30,0,
2025-12-30 10:08:50.461000,3d,Toxicity,Original,,91.80812072753906,2.3302488327026367,213.5454864501953,0.823910653591156,0.7670727372169495,0.40375250577926636,11.153897285461426,10.505467414855957,10.252355575561523,0.3754916787147522,0.27878671884536743,0.8425672054290771,9.845101356506348,0,0.17048664391040802,14.501060485839844,13.499714851379395,37,25,30,0,
2025-12-30 10:08:52.461000,3d,Toxicity,Original,,94.06468963623047,2.2521908283233643,211.68954467773438,0.8516296744346619,0.8145378828048706,0.3216794431209564,11.153897285461426,10.074603080749512,10.306356430053711,0.360379159450531,0.2778778672218323,0.8441094756126404,9.164261817932129,0,0.16091004014015198,13.457569122314453,11.90643310546875,37,25,30,0,
2025-12-30 10:08:52.461000,FinePointe Series WBP [SN 10499C]  Site 3 Bias Flow is out of range.,,,,,,,,,,,,,,,,,,,,,,,,,
2025-12-30 10:08:52.461000,FinePointe Series WBP [SN 139781]  Site 4 Bias Flow is out of range.,,,,,,,,,,,,,,,,,,,,,,,,,
2025-12-30 10:08:54.461000,3d,Toxicity,Original,,94.53742980957031,2.163332223892212,204.4930419921875,0.8177855610847473,0.7459916472434998,0.4436129331588745,11.153897285461426,9.817249298095703,10.252296447753906,0.3562697172164917,0.2786380648612976,0.8447952270507812,10.716741561889648,0,0.17327037453651428,15.27336311340332,11.814430236816406,37,25,30,0,
2025-12-30 10:08:56.461000,3d,Toxicity,Original,,92.20687866210938,2.321098804473877,213.9755859375,0.9177578091621399,0.8329901099205017,0.41993221640586853,11.153897285461426,11.987672805786133,11.86555004119873,0.36391597986221313,0.2868864834308624,0.7626044750213623,48.65462112426758,5.381136417388916,0.16251446306705475,12.929496765136719,12.218819618225098,37,25,30,0,
2025-12-30 10:08:58.461000,3d,Toxicity,Original,,97.3515625,2.271425247192383,221.0072784423828,0.7762914896011353,0.7867393493652344,0.453891396522522,11.153897285461426,11.954959869384766,11.995355606079102,0.34191960096359253,0.2747059166431427,0.8439605236053467,11.0154390335083,0,0.15959206223487854,16.607662200927734,12.623188018798828,37,25,30,33.33333206176758,
2025-12-30 10:09:00.461000,3d,Toxicity,Original,,92.42167663574219,2.3578336238861084,217.7147216796875,0.7301234006881714,0.74150151014328,0.5176454782485962,11.153897285461426,10.917952537536621,10.69482135772705,0.3589906394481659,0.2907046973705292,0.8121230602264404,11.877262115478516,0,0.17382420599460602,13.38787841796875,12.152739524841309,37,25,30,0,
2025-12-30 10:09:02.461000,3d,Toxicity,Original,,95.30879974365234,2.2745795249938965,216.697021484375,0.7313884496688843,0.7131092548370361,0.5208929181098938,11.153897285461426,10.176250457763672,10.723709106445312,0.36186856031417847,0.26773321628570557,0.8818718194961548,9.653918266296387,0,0.16419823467731476,14.86208724975586,11.054449081420898,37,25,30,0,
2025-12-30 10:09:02.461000,FinePointe Series WBP [SN 10499C]  Site 3 Bias Flow is out of range.,,,,,,,,,,,,,,,,,,,,,,,,,
2025-12-30 10:09:04.461000,3d,Toxicity,Original,,94.70376586914062,2.1522161960601807,203.90542602539062,0.8510845303535461,0.7501300573348999,0.38770973682403564,11.153897285461426,9.759239196777344,10.511246681213379,0.3524116575717926,0.2812774181365967,0.8657979369163513,10.958695411682129,0,0.17036983370780945,15.125534057617188,12.31855297088623,37,25,30,0,
2025-12-30 10:09:04.461000,FinePointe Series WBP [SN 139781]  Site 4 Bias Flow is out of range.,,,,,,,,,,,,,,,,,,,,,,,,,
2025-12-30 10:09:06.461000,3d,Toxicity,Original,,94.08767700195312,2.294600486755371,215.8585968017578,1.0126802921295166,0.8504178524017334,0.29714125394821167,11.153897285461426,10.143346786499023,10.98448657989502,0.3646377921104431,0.2731860280036926,0.8315244913101196,10.493193626403809,6.898451328277588,0.15502840280532837,13.927122116088867,11.91733169555664,37,25,30,0,
2025-12-30 10:09:08.461000,3d,Toxicity,Original,,93.79652404785156,2.2521843910217285,211.236328125,0.912899374961853,0.798995316028595,0.42376211285591125,11.153897285461426,10.630961418151855,11.683931350708008,0.36627715826034546,0.27373653650283813,0.9119921326637268,11.389578819274902,0,0.16606824100017548,13.80904769897461,11.658628463745117,37,25,30,0,
2025-12-30 10:09:10.461000,3d,Toxicity,Original,,93.74269104003906,2.324674606323242,217.57968139648438,0.7691320776939392,0.7625883221626282,0.47665369510650635,11.153897285461426,10.947355270385742,11.100777626037598,0.36443427205085754,0.27814817428588867,0.8869059085845947,10.815837860107422,0,0.16491706669330597,15.037566184997559,12.593905448913574,37,25,30,0,
2025-12-30 10:09:12.461000,3d,Toxicity,Original,,92.30875396728516,2.245938539505005,207.3168182373047,0.9360387921333313,0.8439003825187683,0.4431253969669342,11.153897285461426,9.896567344665527,11.018315315246582,0.3649479150772095,0.2858060896396637,0.840725302696228,11.881003379821777,0,0.16205579042434692,14.445046424865723,13.160262107849121,37,25,30,0,
2025-12-30 10:09:12.461000,FinePointe Series WBP [SN 139781]  Site 4 Bias Flow is out of range.,,,,,,,,,,,,,,,,,,,,,,,,,
2025-12-30 10:09:14.461000,3d,Toxicity,Original,,94.23527526855469,2.2011044025421143,207.15255737304688,0.8678754568099976,0.751968502998352,0.2632858157157898,11.153897285461426,10.024017333984375,10.453401565551758,0.35975706577301025,0.27747899293899536,0.8672409057617188,11.916473388671875,0,0.1690356731414795,15.201067924499512,12.225383758544922,37,25,30,0,
2025-12-30 10:09:16.461000,3d,Toxicity,Original,,95.41226196289062,2.1174044609069824,202.2176513671875,0.8112848401069641,0.7636208534240723,0.25571441650390625,11.153897285461426,11.318556785583496,10.517253875732422,0.35334816575050354,0.27564936876296997,0.7109194993972778,9.368062973022461,0,0.16517096757888794,15.267754554748535,11.8323335647583,37,25,30,33.33333206176758,
2025-12-30 10:09:18.461000,3d,Toxicity,Original,,91.15836334228516,2.3496899604797363,214.1528778076172,0.9981316924095154,0.855890154838562,0.44331270456314087,11.153897285461426,9.938838958740234,11.370274543762207,0.3716110289096832,0.2867814600467682,0.8223986625671387,9.208566665649414,2.9954416751861572,0.16476796567440033,12.155375480651855,13.65762710571289,37,25,30,0,
2025-12-30 10:09:20.461000,3d,Toxicity,Original,,91.8955307006836,2.2075815200805664,202.84857177734375,0.757752537727356,0.6989057064056396,0.3573022484779358,11.153897285461426,11.347358703613281,12.346617698669434,0.3420480787754059,0.31088706851005554,0.851858913898468,6.015402317047119,75.88530731201172,0.18804244697093964,15.8902006149292,11.77637004852295,37,25,30,0,
2025-12-30 10:09:22.461000,3d,Toxicity,Original,,93.15792846679688,2.227311611175537,207.5846405029297,0.7808941006660461,0.707495391368866,0.5657626986503601,11.153897285461426,9.776840209960938,10.135380744934082,0.3682895600795746,0.2759501039981842,0.8294363617897034,10.387969970703125,0,0.17001637816429138,15.080212593078613,10.280943870544434,37,25,30,0,
2025-12-30 10:09:22.461000,FinePointe Series WBP [SN 139781]  Site 4 Bias Flow is out of range.,,,,,,,,,,,,,,,,,,,,,,,,,
2025-12-30 10:09:24.461000,3d,Toxicity,Original,,91.79299926757812,2.3304669857025146,214.10267639160156,0.8354282379150391,0.7327311038970947,0.45973366498947144,11.153897285461426,9.064895629882812,10.166990280151367,0.3780699670314789,0.27658477425575256,0.8279559016227722,8.002594947814941,0,0.16783227026462555,13.192757606506348,10.781207084655762,37,25,30,0,
2025-12-30 10:09:24.461000,FinePointe Series WBP [SN 10499C]  Site 3 Bias Flow is out of range.,,,,,,,,,,,,,,,,,,,,,,,,,
2025-12-30 10:09:26.461000,3d,Toxicity,Original,,92.2882308959961,2.2237863540649414,205.1529083251953,0.9752078056335449,0.8330067992210388,0.3915480077266693,11.153897285461426,9.337878227233887,10.636836051940918,0.3711164891719818,0.2791000306606293,0.8748342394828796,9.033483505249023,0,0.159458190202713,14.104151725769043,13.535818099975586,37,25,30,0,
2025-12-30 10:09:28.461000,3d,Toxicity,Original,,93.91095733642578,2.147338628768921,201.53176879882812,0.8959531784057617,0.7788169980049133,0.36882248520851135,11.153897285461426,9.369241714477539,10.54930305480957,0.36238959431648254,0.27661967277526855,0.8513328433036804,9.99166202545166,0,0.16455809772014618,14.82727336883545,11.80606746673584,37,25,30,0,
2025-12-30 10:09:30.461000,3d,Toxicity,Original,,92.12696075439453,2.2655537128448486,208.6673126220703,0.7289857268333435,0.7298357486724854,0.5138701796531677,11.153897285461426,9.50451374053955,9.592041969299316,0.3712635040283203,0.28024372458457947,0.7896899580955505,11.484753608703613,0,0.1730688363313675,15.8060302734375,11.097968101501465,37,25,30,0,
2025-12-30 10:09:32.461000,3d,Toxicity,Original,,91.82733154296875,2.2142319679260254,203.22128295898438,0.7476556301116943,0.7274591326713562,0.6795085668563843,11.153897285461426,9.525303840637207,9.778783798217773,0.362726628780365,0.29151782393455505,0.7628155946731567,11.250618934631348,0,0.17773938179016113,15.110414505004883,9.509235382080078,37,25,30,0,
2025-12-30 10:09:32.461000,FinePointe Series WBP [SN 139781]  Site 4 Bias Flow is out of range.,,,,,,,,,,,,,,,,,,,,,,,,,
2025-12-30 10:09:32.461000,FinePointe Series WBP [SN 10499C]  Site 3 Bias Flow is out of range.,,,,,,,,,,,,,,,,,,,,,,,,,
2025-12-30 10:09:34.461000,3d,Toxicity,Original,,89.36726379394531,2.167062759399414,193.89208984375,0.9457737803459167,0.7788704037666321,0.3041221797466278,11.153897285461426,8.866040229797363,10.501701354980469,0.38631463050842285,0.2858692407608032,0.8270626068115234,10.695107460021973,0,0.17040495574474335,15.795675277709961,11.794014930725098,37,25,30,0,
2025-12-30 10:09:36.461000,3d,Toxicity,Original,,90.4398193359375,2.328822374343872,210.55316162109375,1.020018458366394,0.8197635412216187,0.29414045810699463,11.153897285461426,9.373682022094727,10.741138458251953,0.38127461075782776,0.2830541729927063,0.8329285383224487,10.330248832702637,0,0.1635417342185974,13.672391891479492,11.484575271606445,37,25,30,0,
2025-12-30 10:09:38.461000,3d,Toxicity,Original,,92.17288208007812,2.297581434249878,211.85072326660156,0.9138281345367432,0.8060506582260132,0.36228644847869873,11.153897285461426,9.367372512817383,10.584003448486328,0.37613552808761597,0.27500948309898376,0.9069791436195374,9.218957901000977,0,0.1591757982969284,14.655044555664062,12.91351318359375,37,25,30,0,
2025-12-30 10:09:40.461000,3d,Toxicity,Original,,93.47724914550781,2.1628599166870117,202.15623474121094,0.9262378215789795,0.772413969039917,0.2560405135154724,11.153897285461426,9.209833145141602,10.623517990112305,0.3711296617984772,0.27079614996910095,0.8777869343757629,9.293569564819336,0,0.16053861379623413,15.157841682434082,11.471139907836914,37,25,30,0,
2025-12-30 10:09:42.461000,3d,Toxicity,Original,,93.8636703491211,2.243089199066162,210.59454345703125,0.8654516339302063,0.7486959099769592,0.27783894538879395,11.153897285461426,9.468252182006836,10.530101776123047,0.36262112855911255,0.2767016589641571,0.828183114528656,9.770929336547852,0,0.1678425520658493,15.213180541992188,10.789628028869629,37,25,30,0,
2025-12-30 10:09:42.461000,FinePointe Series WBP [SN 139781]  Site 4 Bias Flow is out of range.,,,,,,,,,,,,,,,,,,,,,,,,,
2025-12-30 10:09:42.461000,FinePointe Series WBP [SN 10499C]  Site 3 Bias Flow is out of range.,,,,,,,,,,,,,,,,,,,,,,,,,
2025-12-30 10:09:44.461000,3d,Toxicity,Original,,94.18041229248047,2.2489211559295654,211.71426391601562,0.7935972809791565,0.7661944031715393,0.47900503873825073,11.153897285461426,9.548648834228516,9.930840492248535,0.3664763867855072,0.27084922790527344,0.8452361226081848,9.457378387451172,0,0.16324272751808167,14.116175651550293,11.214703559875488,37,25,30,0,
2025-12-30 10:09:46.461000,3d,Toxicity,Original,,90.95906066894531,2.1814048290252686,198.7696990966797,0.8136764168739319,0.7569522857666016,0.49557462334632874,11.153897285461426,9.517236709594727,10.442684173583984,0.3731127679347992,0.28826797008514404,0.8662273287773132,11.934067726135254,0,0.1747266799211502,16.41061019897461,11.750813484191895,37,25,30,0,
2025-12-30 10:09:48.461000,3d,Toxicity,Original,,92.4931411743164,2.188971996307373,202.46530151367188,0.867463231086731,0.784179151058197,0.42521944642066956,11.153897285461426,9.047557830810547,10.17442512512207,0.3701009452342987,0.2785961627960205,0.8464792966842651,11.10914421081543,0,0.16637201607227325,14.080208778381348,12.547143936157227,37,25,30,0,
2025-12-30 10:09:50.461000,3d,Toxicity,Original,,91.41511535644531,2.2053234577178955,201.599365234375,0.7587459683418274,0.7104030251502991,0.6393275260925293,11.153897285461426,9.026935577392578,10.2053861618042,0.37403303384780884,0.28308483958244324,0.8629694581031799,11.599509239196777,0,0.176144540309906,15.312840461730957,11.392337799072266,37,25,30,0,
2025-12-30 10:09:52.461000,3d,Toxicity,Original,,90.38091278076172,2.2171969413757324,200.37940979003906,0.8304200768470764,0.7590328454971313,0.37057700753211975,11.153897285461426,9.021064758300781,9.981654167175293,0.3922642767429352,0.2716369330883026,0.8408516049385071,9.969761848449707,0,0.1646001636981964,16.460912704467773,11.3729248046875,37,25,30,0,
2025-12-30 10:09:52.461000,FinePointe Series WBP [SN 139781]  Site 4 Bias Flow is out of range.,,,,,,,,,,,,,,,,,,,,,,,,,
2025-12-30 10:09:52.461000,FinePointe Series WBP [SN 10499C]  Site 3 Bias Flow is out of range.,,,,,,,,,,,,,,,,,,,,,,,,,
2025-12-30 10:09:54.461000,3d,Toxicity,Original,,91.83912658691406,2.180968761444092,200.20993041992188,0.8832060694694519,0.7666923999786377,0.4435047209262848,11.153897285461426,8.976296424865723,10.09549331665039,0.36965352296829224,0.28421998023986816,0.8427756428718567,9.235630989074707,0,0.16874834895133972,13.6140775680542,12.707989692687988,37,25,30,0,
2025-12-30 10:09:56.461000,3d,Toxicity,Original,,92.05641174316406,2.243370532989502,206.5542449951172,0.8327013850212097,0.7598444819450378,0.4427097737789154,11.153897285461426,9.616460800170898,10.424623489379883,0.37359461188316345,0.27875828742980957,0.8489382266998291,10.478041648864746,0,0.16634264588356018,14.772464752197266,12.589678764343262,37,25,30,0,
2025-12-30 10:09:58.461000,3d,Toxicity,Original,,92.6935043334961,2.204787015914917,204.45823669433594,0.8891261219978333,0.7885220050811768,0.41256052255630493,11.153897285461426,9.354682922363281,10.224745750427246,0.36667290329933167,0.28133657574653625,0.8098153471946716,9.674497604370117,0,0.16619105637073517,13.347160339355469,11.775309562683105,37,25,30,0,
2025-12-30 10:10:00.461000,3d,Toxicity,Original,,91.3372573852539,2.2040576934814453,201.2825469970703,0.8917184472084045,0.7710942625999451,0.32337287068367004,11.153897285461426,8.750386238098145,10.004610061645508,0.3774724006652832,0.27959248423576355,0.813750684261322,9.61459732055664,0,0.16483813524246216,13.334086418151855,10.873489379882812,37,25,30,0,
2025-12-30 10:10:02.461000,3d,Toxicity,Original,,89.6828842163086,2.1647825241088867,194.12823486328125,0.8111160397529602,0.7383866906166077,0.4699648916721344,11.153897285461426,9.135571479797363,10.146947860717773,0.3803997039794922,0.2896227240562439,0.7835801839828491,10.370099067687988,0,0.17586955428123474,14.103221893310547,12.281855583190918,37,25,30,0,
2025-12-30 10:10:04.461000,3d,Toxicity,Original,,90.51885986328125,2.2700140476226807,205.33338928222656,0.9504126906394958,0.8044899702072144,0.3928881883621216,11.153897285461426,8.864274978637695,9.896571159362793,0.3810214400291443,0.28205960988998413,0.8428260684013367,7.83280086517334,0,0.16548731923103333,12.449946403503418,12.067795753479004,37,25,30,0,
2025-12-30 10:10:04.461000,FinePointe Series WBP [SN 139781]  Site 4 Bias Flow is out of range.,,,,,,,,,,,,,,,,,,,,,,,,,
2025-12-30 10:10:04.461000,FinePointe Series WBP [SN 10499C]  Site 3 Bias Flow is out of range.,,,,,,,,,,,,,,,,,,,,,,,,,
2025-12-30 10:10:06.461000,3d,Toxicity,Original,,93.11676025390625,2.0766708850860596,193.2402801513672,0.9138398170471191,0.8007786273956299,0.4064335823059082,11.153897285461426,8.91172981262207,10.169703483581543,0.3666084408760071,0.2779030501842499,0.8307151794433594,8.87496566772461,0,0.16655482351779938,13.678837776184082,12.44948959350586,37,25,30,0,
2025-12-30 10:10:08.461000,3d,Toxicity,Original,,91.78840637207031,2.2362358570098877,205.32308959960938,0.8323521614074707,0.7618815898895264,0.4567461907863617,11.153897285461426,9.44366455078125,9.729774475097656,0.37505754828453064,0.27869343757629395,0.7982953786849976,9.324614524841309,0,0.16605381667613983,13.704209327697754,11.141485214233398,37,25,30,0,
2025-12-30 10:10:10.461000,3d,Toxicity,Original,,89.731201171875,2.3290514945983887,208.9694061279297,0.7635818719863892,0.7399464249610901,0.5615389347076416,11.153897285461426,8.861006736755371,9.980484962463379,0.38311439752578735,0.28566211462020874,0.8767098784446716,10.558006286621094,0,0.17280004918575287,13.835770606994629,11.069655418395996,37,25,30,0,
2025-12-30 10:10:12.461000,3d,Toxicity,Original,,92.63681030273438,2.1626815795898438,200.44320678710938,0.9287065267562866,0.7736026644706726,0.41991209983825684,11.153897285461426,9.247845649719238,10.861197471618652,0.3653348684310913,0.2826838195323944,0.8826344013214111,8.416780471801758,0,0.1662684977054596,15.517699241638184,10.63973617553711,37,25,30,0,
2025-12-30 10:10:14.461000,3d,Toxicity,Original,,91.17888641357422,2.1331393718719482,194.56878662109375,0.9822303056716919,0.803343653678894,0.33156904578208923,11.153897285461426,8.85019588470459,10.399815559387207,0.37700778245925903,0.2821052670478821,0.840294361114502,9.195226669311523,0,0.1653778851032257,14.302620887756348,11.99123477935791,37,25,30,0,
2025-12-30 10:10:14.461000,FinePointe Series WBP [SN 139781]  Site 4 Bias Flow is out of range.,,,,,,,,,,,,,,,,,,,,,,,,,
2025-12-30 10:10:14.461000,FinePointe Series WBP [SN 10499C]  Site 3 Bias Flow is out of range.,,,,,,,,,,,,,,,,,,,,,,,,,
2025-12-30 10:10:16.461000,3d,Toxicity,Original,,92.56835174560547,2.3148093223571777,214.3433837890625,0.8450337648391724,0.7478063702583313,0.2822093367576599,11.153897285461426,9.58847713470459,10.219439506530762,0.37715020775794983,0.2712417542934418,0.8105365037918091,9.2438383102417,0,0.1629077047109604,14.769261360168457,10.378293991088867,37,25,30,0,
2025-12-30 10:10:18.461000,3d,Toxicity,Original,,87.77274322509766,2.2338345050811768,195.75836181640625,0.6003251075744629,0.5981830954551697,0.674836277961731,11.153897285461426,9.17813777923584,9.857809066772461,0.370362251996994,0.31906962394714355,0.7860771417617798,9.566492080688477,0,0.2132646143436432,14.505041122436523,7.102118968963623,37,25,30,0,
2025-12-30 10:10:20.461000,3d,Toxicity,Original,,95.19254302978516,2.1890060901641846,208.26185607910156,0.7433655261993408,0.6929343342781067,0.5498514175415039,11.153897285461426,9.591119766235352,10.286637306213379,0.35900014638900757,0.27136069536209106,0.8342155814170837,14.049412727355957,0,0.17091362178325653,15.397231101989746,11.831779479980469,37,25,30,0,
2025-12-30 10:10:22.461000,3d,Toxicity,Original,,92.74420166015625,2.088865280151367,193.74566650390625,0.7796797156333923,0.6969027519226074,0.4112793803215027,11.153897285461426,9.021390914916992,10.114659309387207,0.3677752912044525,0.27935996651649475,0.8287878036499023,10.975255966186523,0,0.1760825216770172,15.017900466918945,10.821748733520508,37,25,30,0,
2025-12-30 10:10:22.461000,FinePointe Series WBP [SN 139781]  Site 4 Bias Flow is out of range.,,,,,,,,,,,,,,,,,,,,,,,,,
2025-12-30 10:10:24.461000,3d,Toxicity,Original,,92.08089447021484,2.1882545948028564,201.4718017578125,0.833532452583313,0.7685275077819824,0.38330331444740295,11.153897285461426,9.30010986328125,9.731571197509766,0.37354347109794617,0.2786008417606354,0.8535211086273193,10.50001335144043,0,0.16650058329105377,14.648141860961914,12.364967346191406,37,25,30,0,
2025-12-30 10:10:24.461000,FinePointe Series WBP [SN 10499C]  Site 3 Bias Flow is out of range.,,,,,,,,,,,,,,,,,,,,,,,,,
2025-12-30 10:10:26.461000,3d,Toxicity,Original,,93.24304962158203,2.0943617820739746,195.47962951660156,0.8731963634490967,0.7500313520431519,0.2601141333580017,11.153897285461426,9.458748817443848,10.094305992126465,0.3634587526321411,0.2802407145500183,0.828083336353302,9.043034553527832,0,0.1685781180858612,15.669831275939941,11.383174896240234,37,25,30,0,
2025-12-30 10:10:28.461000,3d,Toxicity,Original,,94.39427185058594,2.2820889949798584,215.60296630859375,0.8403680920600891,0.7692131996154785,0.49516260623931885,11.153897285461426,9.381258010864258,10.086213111877441,0.36478596925735474,0.27104827761650085,0.813538670539856,9.578022956848145,0,0.16006268560886383,13.210923194885254,11.965425491333008,37,25,30,0,
2025-12-30 10:10:30.461000,3d,Toxicity,Original,,91.43539428710938,2.257007360458374,206.28433227539062,0.9248546361923218,0.7749518752098083,0.2848583161830902,11.153897285461426,8.93256950378418,10.508123397827148,0.37613052129745483,0.28042879700660706,0.8094856142997742,9.055501937866211,0,0.16851310431957245,13.810619354248047,11.16909122467041,37,25,30,0,
2025-12-30 10:10:32.461000,3d,Toxicity,Original,,92.78414916992188,2.113546848297119,196.14053344726562,0.9229432940483093,0.7608289122581482,0.498717337846756,11.153897285461426,8.808053016662598,10.055856704711914,0.3639868199825287,0.2827455997467041,0.8406779766082764,9.6231689453125,0,0.17058715224266052,13.826944351196289,12.158215522766113,37,25,30,0,
2025-12-30 10:10:32.461000,FinePointe Series WBP [SN 139781]  Site 4 Bias Flow is out of range.,,,,,,,,,,,,,,,,,,,,,,,,,
2025-12-30 10:10:32.461000,FinePointe Series WBP [SN 10499C]  Site 3 Bias Flow is out of range.,,,,,,,,,,,,,,,,,,,,,,,,,
2025-12-30 10:10:34.461000,3d,Toxicity,Original,,93.6343994140625,2.189065456390381,204.91552734375,0.8193439245223999,0.7387314438819885,0.38416823744773865,11.153897285461426,9.19575309753418,9.822549819946289,0.3760414123535156,0.26489150524139404,0.8223233222961426,10.152300834655762,0,0.16102659702301025,15.04851245880127,10.800272941589355,37,25,30,0,
2025-12-30 10:10:36.461000,3d,Toxicity,Original,,93.7337646484375,2.2246603965759277,208.5216522216797,0.8137080669403076,0.7526262998580933,0.4125491678714752,11.153897285461426,9.594057083129883,9.940873146057129,0.3693051040172577,0.27086904644966125,0.8165751695632935,10.451310157775879,0,0.16299472749233246,14.562135696411133,11.28543472290039,37,25,30,0,
2025-12-30 10:10:38.461000,3d,Toxicity,Original,,92.64111328125,2.163606643676758,200.38650512695312,0.8466037511825562,0.7503975629806519,0.2925170063972473,11.153897285461426,9.238303184509277,10.271185874938965,0.37063226103782654,0.2775205075740814,0.854160726070404,9.925992012023926,0,0.1679352968931198,15.351179122924805,10.583990097045898,37,25,30,0,
2025-12-30 10:10:40.461000,3d,Toxicity,Original,,93.5256118774414,2.1521174907684326,201.2728729248047,0.8224313855171204,0.7185465097427368,0.3467332422733307,11.153897285461426,9.285228729248047,10.319578170776367,0.3705248534679413,0.2710757255554199,0.8529897928237915,10.712846755981445,0,0.16752521693706512,15.929585456848145,11.757025718688965,37,25,30,0,
2025-12-30 10:10:42.461000,3d,Toxicity,Original,,93.66382598876953,2.2422029972076416,209.9980010986328,0.7426957488059998,0.726891815662384,0.6412917971611023,11.153897285461426,9.799166679382324,10.013936042785645,0.36833736300468445,0.2722666561603546,0.8456363677978516,11.674139022827148,0,0.16638492047786713,15.691629409790039,11.040608406066895,37,25,30,0,
2025-12-30 10:10:42.461000,FinePointe Series WBP [SN 139781]  Site 4 Bias Flow is out of range.,,,,,,,,,,,,,,,,,,,,,,,,,
2025-12-30 10:10:42.461000,FinePointe Series WBP [SN 10499C]  Site 3 Bias Flow is out of range.,,,,,,,,,,,,,,,,,,,,,,,,,
2025-12-30 10:10:44.461000,3d,Toxicity,Original,,94.2917251586914,2.128432273864746,200.80882263183594,0.8138877153396606,0.7327196598052979,0.4233808219432831,11.153897285461426,9.239619255065918,10.312809944152832,0.36587417125701904,0.2707262635231018,0.8626313805580139,11.842994689941406,0,0.1685962975025177,16.60076141357422,11.099461555480957,37,25,30,0,
2025-12-30 10:10:46.461000,3d,Toxicity,Original,,93.05937194824219,2.116804361343384,196.97386169433594,0.8633862733840942,0.7227879762649536,0.4996705949306488,11.153897285461426,8.824016571044922,10.671919822692871,0.3768395483493805,0.26799479126930237,0.8580565452575684,10.676362037658691,0,0.16632385551929474,16.063907623291016,10.31361198425293,37,25,30,0,
2025-12-30 10:10:48.461000,3d,Toxicity,Original,,92.96366882324219,2.169729232788086,201.6996307373047,0.9886439442634583,0.7989933490753174,0.2671039402484894,11.153897285461426,9.060617446899414,10.330893516540527,0.37422338128089905,0.2713184356689453,0.7991769313812256,8.854616165161133,0,0.15703995525836945,14.068323135375977,11.431921005249023,37,25,30,0,
2025-12-30 10:10:50.461000,3d,Toxicity,Original,,91.26545715332031,2.264789342880249,206.7842254638672,0.8665015697479248,0.7788295149803162,0.39505720138549805,11.153897285461426,8.861547470092773,9.649276733398438,0.3761691749095917,0.2815544307231903,0.8286047577857971,10.57313346862793,0,0.16723841428756714,13.494817733764648,11.801375389099121,37,25,30,0,
2025-12-30 10:10:52.461000,3d,Toxicity,Original,,91.1083984375,2.1651177406311035,197.23123168945312,0.7442259788513184,0.6971875429153442,0.5345348715782166,11.153897285461426,9.405007362365723,10.653461456298828,0.3740914762020111,0.28459930419921875,0.8434502482414246,11.165173530578613,0,0.17854803800582886,16.89346694946289,9.539742469787598,37,25,30,0,
2025-12-30 10:10:52.461000,FinePointe Series WBP [SN 139781]  Site 4 Bias Flow is out of range.,,,,,,,,,,,,,,,,,,,,,,,,,
2025-12-30 10:10:52.461000,FinePointe Series WBP [SN 10499C]  Site 3 Bias Flow is out of range.,,,,,,,,,,,,,,,,,,,,,,,,,
2025-12-30 10:10:54.461000,3d,Toxicity,Original,,91.37470245361328,2.1968002319335938,200.63902282714844,0.9104205369949341,0.782887876033783,0.29531896114349365,11.153897285461426,8.842284202575684,9.772956848144531,0.3828505575656891,0.2738714814186096,0.8158630132675171,10.40035343170166,0,0.16342060267925262,14.589868545532227,12.257782936096191,37,25,30,0,
2025-12-30 10:10:56.461000,3d,Toxicity,Original,,90.9952163696289,2.198631525039673,200.04840087890625,0.8273188471794128,0.7279506325721741,0.36231300234794617,11.153897285461426,9.195680618286133,10.63268756866455,0.38670626282691956,0.2729480266571045,0.8961329460144043,11.554437637329102,0,0.17034411430358887,16.52153778076172,11.18526840209961,37,25,30,0,
2025-12-30 10:10:58.461000,3d,Toxicity,Original,,82.56928253173828,2.2869174480438232,188.43746948242188,0.7186008095741272,0.7029277682304382,0.5809052586555481,11.153897285461426,8.437209129333496,10.146257400512695,0.421176940202713,0.31416091322898865,0.7753366231918335,12.046333312988281,0,0.1988956779241562,16.6748046875,9.927225112915039,37,25,30,0,
2025-12-30 10:11:00.461000,3d,Toxicity,Original,,91.14680480957031,2.237239122390747,203.9757843017578,0.7365403175354004,0.7033050656318665,0.4746129810810089,11.153897285461426,9.168929100036621,9.680252075195312,0.3860839605331421,0.2725614011287689,0.7759999632835388,9.891202926635742,0,0.16831475496292114,14.991134643554688,11.453252792358398,37,25,30,0,
2025-12-30 10:11:02.461000,3d,Toxicity,Original,,93.77759552001953,2.0846006870269775,195.260009765625,0.890345573425293,0.8113331198692322,0.3505982756614685,11.153897285461426,9.588284492492676,9.742895126342773,0.3631942868232727,0.2770965099334717,0.8099910020828247,9.78610610961914,0,0.16035905480384827,15.502294540405273,12.225560188293457,37,25,30,0,
2025-12-30 10:11:04.461000,3d,Toxicity,Original,,90.52297973632812,2.1768784523010254,196.85748291015625,0.732574999332428,0.677390992641449,0.586285412311554,11.153897285461426,8.922469139099121,9.830717086791992,0.37471070885658264,0.2899521291255951,0.7726954817771912,11.477386474609375,0,0.18253418803215027,14.374003410339355,10.568864822387695,37,25,30,0,
2025-12-30 10:11:04.461000,FinePointe Series WBP [SN 139781]  Site 4 Bias Flow is out of range.,,,,,,,,,,,,,,,,,,,,,,,,,
2025-12-30 10:11:04.461000,FinePointe Series WBP [SN 10499C]  Site 3 Bias Flow is out of range.,,,,,,,,,,,,,,,,,,,,,,,,,
2025-12-30 10:11:06.461000,3d,Toxicity,Original,,93.12593841552734,2.0733282566070557,193.23321533203125,0.8508340120315552,0.7371701002120972,0.4384421408176422,11.153897285461426,8.661048889160156,9.8883056640625,0.3637576401233673,0.2807248830795288,0.8459427952766418,10.539456367492676,0,0.17017963528633118,14.609960556030273,11.125381469726562,37,25,30,0,
2025-12-30 10:11:08.461000,3d,Toxicity,Original,,91.69094848632812,2.1440927982330322,196.6271514892578,0.8802476525306702,0.7512848973274231,0.43452709913253784,11.153897285461426,8.71514892578125,10.528279304504395,0.3781172037124634,0.2765929102897644,0.8492926955223083,10.16543197631836,0,0.16699931025505066,14.691275596618652,11.022382736206055,37,25,30,0,
2025-12-30 10:11:10.461000,3d,Toxicity,Original,,93.46573638916016,2.1849372386932373,204.14962768554688,0.7747839093208313,0.7044900059700012,0.4316936731338501,11.153897285461426,9.40338134765625,10.105481147766113,0.3794005513191223,0.2633656859397888,0.8209892511367798,8.962862968444824,0,0.16194625198841095,16.1644229888916,10.776254653930664,37,25,30,0,
2025-12-30 10:11:12.461000,3d,Toxicity,Original,,94.4803237915039,2.1351430416107178,201.8482666015625,0.8864670991897583,0.7595284581184387,0.29331663250923157,11.153897285461426,9.02941608428955,9.967883110046387,0.36609312891960144,0.26942968368530273,0.8418284058570862,9.898643493652344,0,0.16120193898677826,14.755979537963867,10.418331146240234,37,25,30,0,
2025-12-30 10:11:14.461000,3d,Toxicity,Original,,95.4344482421875,2.0427544116973877,194.96685791015625,0.8531088829040527,0.7469238638877869,0.472411572933197,11.153897285461426,8.95899772644043,10.357511520385742,0.36508509516716003,0.2639657258987427,0.8918164968490601,10.607282638549805,0,0.16211943328380585,14.759125709533691,11.625981330871582,37,25,30,0,
2025-12-30 10:11:14.461000,FinePointe Series WBP [SN 139781]  Site 4 Bias Flow is out of range.,,,,,,,,,,,,,,,,,,,,,,,,,
2025-12-30 10:11:14.461000,FinePointe Series WBP [SN 10499C]  Site 3 Bias Flow is out of range.,,,,,,,,,,,,,,,,,,,,,,,,,
2025-12-30 10:11:16.461000,3d,Toxicity,Original,,95.60100555419922,2.125051498413086,203.2249755859375,0.813117265701294,0.7327803373336792,0.40055036544799805,11.153897285461426,8.850032806396484,9.503310203552246,0.3630453944206238,0.26495081186294556,0.8072983026504517,10.03955364227295,0,0.16118000447750092,14.233843803405762,11.238712310791016,37,25,30,0,
2025-12-30 10:11:18.461000,3d,Toxicity,Original,,90.63240051269531,2.1935513019561768,198.82717895507812,0.8736217617988586,0.7289301156997681,0.6209038496017456,11.153897285461426,9.133696556091309,10.476092338562012,0.38375285267829895,0.27887794375419617,0.7576120495796204,8.84747314453125,0,0.16894112527370453,14.902868270874023,9.889792442321777,37,25,30,0,
2025-12-30 10:11:20.461000,3d,Toxicity,Original,,94.50233459472656,2.2091307640075684,208.7939910888672,0.8756821751594543,0.7709475159645081,0.426093727350235,11.153897285461426,9.25674057006836,10.21444320678711,0.3675229251384735,0.26759782433509827,0.8579389452934265,10.072514533996582,0,0.15995939075946808,14.131452560424805,11.349501609802246,37,25,30,0,
2025-12-30 10:11:22.461000,3d,Toxicity,Original,,92.5086898803711,2.0228447914123535,187.17120361328125,0.8586971163749695,0.7224950790405273,0.5453184843063354,11.153897285461426,8.304397583007812,10.236712455749512,0.3734554648399353,0.27518346905708313,0.8515622615814209,10.239090919494629,0,0.16885912418365479,14.728533744812012,11.232926368713379,37,25,30,0,
2025-12-30 10:11:22.461000,FinePointe Series WBP [SN 139781]  Site 4 Bias Flow is out of range.,,,,,,,,,,,,,,,,,,,,,,,,,
2025-12-30 10:11:24.461000,3d,Toxicity,Original,,92.21728515625,2.1963658332824707,202.3729248046875,0.9058300852775574,0.7744577527046204,0.32756999135017395,11.153897285461426,8.80491828918457,9.828371047973633,0.3793778419494629,0.2722683846950531,0.8080840706825256,9.745654106140137,0,0.1625642329454422,14.271313667297363,13.410747528076172,37,25,30,0,
2025-12-30 10:11:24.461000,FinePointe Series WBP [SN 10499C]  Site 3 Bias Flow is out of range.,,,,,,,,,,,,,,,,,,,,,,,,,
2025-12-30 10:11:26.461000,3d,Toxicity,Original,,94.99021911621094,2.085258960723877,198.28985595703125,0.8762291669845581,0.7750370502471924,0.35398343205451965,11.153897285461426,8.979949951171875,9.688121795654297,0.36168181896209717,0.2702370882034302,0.8028789758682251,8.51756763458252,0,0.16133153438568115,13.62772274017334,11.032282829284668,37,25,30,0,
2025-12-30 10:11:28.461000,3d,Toxicity,Original,,94.07855987548828,2.138211727142334,201.22073364257812,0.8629111647605896,0.7288597226142883,0.4601357579231262,11.153897285461426,8.863011360168457,10.065908432006836,0.36434635519981384,0.2736595571041107,0.7962079644203186,8.805634498596191,0,0.16641655564308167,12.344649314880371,10.31532096862793,37,25,30,0,
2025-12-30 10:11:30.461000,3d,Toxicity,Original,,88.76753997802734,2.0828568935394287,186.2054901123047,0.7987746000289917,0.7064843773841858,0.5232964754104614,11.153897285461426,8.942487716674805,9.735098838806152,0.3629768490791321,0.3235374391078949,0.7544385194778442,10.312298774719238,0,0.20279937982559204,11.087614059448242,9.952463150024414,37,25,30,0,
2025-12-30 10:11:32.461000,3d,Toxicity,Original,,93.47281646728516,2.1753435134887695,203.29615783691406,0.816228985786438,0.7411834001541138,0.39323627948760986,11.153897285461426,9.03989028930664,9.946565628051758,0.38636621832847595,0.2556319832801819,0.8480453491210938,9.625617027282715,0,0.15524090826511383,16.064619064331055,11.113786697387695,37,25,30,0,
2025-12-30 10:11:32.461000,FinePointe Series WBP [SN 139781]  Site 4 Bias Flow is out of range.,,,,,,,,,,,,,,,,,,,,,,,,,
2025-12-30 10:11:34.461000,3d,Toxicity,Original,,89.87775421142578,2.1254286766052246,191.00196838378906,0.8107813000679016,0.749722421169281,0.3780604600906372,11.153897285461426,8.837807655334473,9.653894424438477,0.39155927300453186,0.2762566804885864,0.815298318862915,9.920945167541504,0,0.1693926900625229,17.4293270111084,10.994719505310059,37,25,30,0,
2025-12-30 10:11:34.461000,FinePointe Series WBP [SN 10499C]  Site 3 Bias Flow is out of range.,,,,,,,,,,,,,,,,,,,,,,,,,
2025-12-30 10:11:36.461000,3d,Toxicity,Original,,92.71344757080078,2.181060791015625,202.3204345703125,0.7966889142990112,0.7088570594787598,0.556460440158844,11.153897285461426,9.065949440002441,10.094711303710938,0.3734837770462036,0.2742542624473572,0.8039820194244385,10.33322525024414,0,0.1686452478170395,13.179746627807617,10.854753494262695,37,25,30,0,
2025-12-30 10:11:38.461000,3d,Toxicity,Original,,94.26396942138672,2.053402900695801,193.5640411376953,0.8821061253547668,0.7622970938682556,0.4516417980194092,11.153897285461426,8.969751358032227,9.792101860046387,0.3672410547733307,0.26930564641952515,0.8068936467170715,9.471121788024902,0,0.15960156917572021,15.610271453857422,11.28969955444336,37,25,30,0,
2025-12-30 10:11:40.461000,3d,Toxicity,Original,,94.444580078125,2.1315813064575195,201.3101806640625,0.9458761811256409,0.7643336057662964,0.29337915778160095,11.153897285461426,8.372410774230957,10.232173919677734,0.3686998784542084,0.26663443446159363,0.8478437066078186,9.223078727722168,0,0.15880006551742554,12.974458694458008,10.76133918762207,37,25,30,0,
2025-12-30 10:11:42.461000,3d,Toxicity,Original,,90.03184509277344,2.1700544357299805,195.0056610107422,0.968603789806366,0.7859533429145813,0.3121607005596161,11.153897285461426,8.683706283569336,10.502998352050781,0.38650932908058167,0.2806788384914398,0.8416640162467957,8.695378303527832,0,0.16508425772190094,13.191551208496094,10.696581840515137,37,25,30,0,
2025-12-30 10:11:42.461000,FinePointe Series WBP [SN 139781]  Site 4 Bias Flow is out of range.,,,,,,,,,,,,,,,,,,,,,,,,,
2025-12-30 10:11:42.461000,FinePointe Series WBP [SN 10499C]  Site 3 Bias Flow is out of range.,,,,,,,,,,,,,,,,,,,,,,,,,
2025-12-30 10:11:44.461000,3d,Toxicity,Original,,94.36787414550781,2.140564203262329,201.9421844482422,0.7906613945960999,0.7341325283050537,0.4735127091407776,11.153897285461426,8.984541893005371,9.51300048828125,0.3677803874015808,0.26838418841362,0.8037939071655273,9.021530151367188,0,0.1624782234430313,14.754037857055664,11.558878898620605,37,25,30,0,
2025-12-30 10:11:46.461000,3d,Toxicity,Original,,91.7305679321289,2.0685107707977295,189.74513244628906,0.8899289965629578,0.7600719332695007,0.4762236177921295,11.153897285461426,8.67934799194336,9.88119125366211,0.3760291039943695,0.27806365489959717,0.7598781585693359,8.937233924865723,0,0.16662058234214783,14.689717292785645,10.963714599609375,37,25,30,0,
2025-12-30 10:11:48.461000,3d,Toxicity,Original,,91.28507995605469,2.0866501331329346,190.4885711669922,0.8924251794815063,0.7260590195655823,0.42382633686065674,11.153897285461426,8.662650108337402,10.680566787719727,0.3850623071193695,0.2729099690914154,0.8792217373847961,10.618181228637695,0,0.1692458987236023,15.886091232299805,11.304121017456055,37,25,30,0,
2025-12-30 10:11:50.461000,3d,Toxicity,Original,,95.45165252685547,2.175386667251587,207.61004638671875,0.7448387145996094,0.7188806533813477,0.5695396661758423,11.153897285461426,9.49577522277832,10.182334899902344,0.3695499897003174,0.25917601585388184,0.8550591468811035,9.637970924377441,0,0.16036295890808105,16.01301383972168,12.110039710998535,37,25,30,0,
2025-12-30 10:11:52.461000,3d,Toxicity,Original,,91.30054473876953,2.0427942276000977,186.63232421875,0.8545530438423157,0.7232527136802673,0.5062658190727234,11.153897285461426,9.043753623962402,9.885869026184082,0.3812793791294098,0.27718764543533325,0.7806426286697388,10.001222610473633,0,0.17058946192264557,16.149595260620117,10.132405281066895,37,25,30,0,
2025-12-30 10:11:52.461000,FinePointe Series WBP [SN 139781]  Site 4 Bias Flow is out of range.,,,,,,,,,,,,,,,,,,,,,,,,,
2025-12-30 10:11:52.461000,FinePointe Series WBP [SN 10499C]  Site 3 Bias Flow is out of range.,,,,,,,,,,,,,,,,,,,,,,,,,
2025-12-30 10:11:54.461000,3d,Toxicity,Original,,93.5483627319336,2.227247476577759,208.45132446289062,0.765724241733551,0.7282630205154419,0.32727962732315063,11.153897285461426,9.534443855285645,10.10294246673584,0.38120993971824646,0.2603309750556946,0.8308352828025818,11.987319946289062,0,0.16757941246032715,17.214860916137695,10.781009674072266,37,25,30,0,
2025-12-30 10:11:56.461000,3d,Toxicity,Original,,93.34303283691406,2.0858993530273438,194.6722412109375,0.8740559816360474,0.7303681969642639,0.5118734240531921,11.153897285461426,8.43715763092041,10.20199203491211,0.3771858811378479,0.2656731903553009,0.857248067855835,10.479650497436523,0,0.16326455771923065,14.100034713745117,10.792609214782715,37,25,30,0,
2025-12-30 10:11:58.461000,3d,Toxicity,Original,,92.36812591552734,2.0700271129608154,191.20904541015625,1.0520529747009277,0.7895655632019043,0.33009135723114014,11.153897285461426,8.034451484680176,10.433954238891602,0.3826925456523895,0.2670426070690155,0.8693597316741943,8.422760009765625,0,0.1594008207321167,15.40076732635498,10.32021713256836,37,25,30,0,
2025-12-30 10:12:00.461000,3d,Toxicity,Original,,93.19599914550781,2.064901828765869,192.49208068847656,0.8264557719230652,0.7331168055534363,0.34682825207710266,11.153897285461426,8.520485877990723,9.447371482849121,0.37907877564430237,0.26570188999176025,0.7534034848213196,8.888402938842773,0,0.16205687820911407,14.35660171508789,10.98409366607666,37,25,30,0,
2025-12-30 10:12:02.461000,3d,Toxicity,Original,,94.06451416015625,2.136885404586792,201.16627502441406,0.7951980829238892,0.7326783537864685,0.4573846459388733,11.153897285461426,8.916642189025879,9.596070289611816,0.3702787458896637,0.26773369312286377,0.7817791700363159,7.036002159118652,0,0.16152870655059814,14.25592041015625,9.934678077697754,37,25,30,0,
2025-12-30 10:12:02.461000,FinePointe Series WBP [SN 139781]  Site 4 Bias Flow is out of range.,,,,,,,,,,,,,,,,,,,,,,,,,
2025-12-30 10:12:02.461000,FinePointe Series WBP [SN 10499C]  Site 3 Bias Flow is out of range.,,,,,,,,,,,,,,,,,,,,,,,,,
2025-12-30 10:12:04.461000,3d,Toxicity,Original,,93.54188537597656,2.0879099369049072,195.3086395263672,1.0358750820159912,0.7813155055046082,0.379608154296875,11.153897285461426,8.36343765258789,10.695183753967285,0.3700874447822571,0.2722182869911194,0.8323655724525452,9.747049331665039,0,0.1617908924818039,12.085387229919434,10.468435287475586,37,25,30,0,
2025-12-30 10:12:06.461000,3d,Toxicity,Original,,94.87257385253906,2.086480140686035,198.057373046875,0.8575950264930725,0.7603633403778076,0.4627833068370819,11.153897285461426,8.850940704345703,9.54644775390625,0.36479857563972473,0.26787978410720825,0.8162004947662354,10.01140308380127,0,0.15981997549533844,13.819948196411133,11.494277954101562,37,25,30,0,
2025-12-30 10:12:08.461000,3d,Toxicity,Original,,93.16835021972656,2.143260955810547,199.79364013671875,0.8566242456436157,0.7461310625076294,0.4588385820388794,11.153897285461426,8.871474266052246,10.054201126098633,0.3753827214241028,0.26907655596733093,0.8195322751998901,9.772200584411621,0,0.16394799947738647,13.879117965698242,10.637969017028809,37,25,30,0,
2025-12-30 10:12:10.461000,3d,Toxicity,Original,,93.95964050292969,2.021669864654541,189.7400665283203,0.7435398101806641,0.6872458457946777,0.6089832186698914,11.153897285461426,8.682552337646484,9.99002742767334,0.36127039790153503,0.27778542041778564,0.8600733876228333,12.58913516998291,0,0.1756003201007843,15.605134963989258,10.574555397033691,37,25,30,0,
2025-12-30 10:12:12.461000,3d,Toxicity,Original,,93.43595123291016,2.106858730316162,196.86776733398438,0.7622406482696533,0.7095600366592407,0.4255048930644989,11.153897285461426,9.402361869812012,10.22304916381836,0.3758487403392792,0.26632025837898254,0.8388992547988892,11.020539283752441,0,0.165180504322052,17.961212158203125,11.009418487548828,37,25,30,0,
2025-12-30 10:12:14.461000,3d,Toxicity,Original,,91.93578338623047,2.1417198181152344,197.03810119628906,0.8287776708602905,0.7554129958152771,0.35787633061408997,11.153897285461426,8.762574195861816,9.307916641235352,0.38010290265083313,0.27332770824432373,0.7671300172805786,9.827227592468262,0,0.16463534533977509,14.567649841308594,9.846114158630371,37,25,30,0,
2025-12-30 10:12:14.461000,FinePointe Series WBP [SN 139781]  Site 4 Bias Flow is out of range.,,,,,,,,,,,,,,,,,,,,,,,,,
2025-12-30 10:12:14.461000,FinePointe Series WBP [SN 10499C]  Site 3 Bias Flow is out of range.,,,,,,,,,,,,,,,,,,,,,,,,,
2025-12-30 10:12:16.461000,3d,Toxicity,Original,,91.57524871826172,2.091200590133667,191.5015106201172,0.8165848255157471,0.724361002445221,0.46950170397758484,11.153897285461426,8.51993465423584,9.633968353271484,0.3770892322063446,0.27810972929000854,0.7856675982475281,10.937662124633789,0,0.1706867516040802,15.183781623840332,11.054954528808594,37,25,30,0,
2025-12-30 10:12:18.461000,3d,Toxicity,Original,,93.39482116699219,2.130173683166504,198.99807739257812,0.7929627299308777,0.6852431297302246,0.49037235975265503,11.153897285461426,8.673554420471191,9.952730178833008,0.3717191815376282,0.2712421417236328,0.8210288286209106,10.577118873596191,0,0.17020347714424133,14.960092544555664,9.786259651184082,37,25,30,0,
2025-12-30 10:12:20.461000,3d,Toxicity,Original,,91.93557739257812,2.0278666019439697,186.22377014160156,0.8388222455978394,0.7702255845069885,0.5072181820869446,11.153897285461426,8.908931732177734,9.907712936401367,0.3811842203140259,0.27181118726730347,0.8487573266029358,10.050387382507324,0,0.16300271451473236,16.93031883239746,12.106649398803711,37,25,30,0,
2025-12-30 10:12:22.461000,3d,Toxicity,Original,,90.58857727050781,2.095226526260376,189.69839477539062,0.8082097172737122,0.734890878200531,0.44484880566596985,11.153897285461426,9.191981315612793,9.750205039978027,0.3892427980899811,0.2743152678012848,0.8134218454360962,9.188937187194824,0,0.16724584996700287,16.128005981445312,11.899985313415527,37,25,30,0,
2025-12-30 10:12:24.461000,3d,Toxicity,Original,,95.09654235839844,2.107067346572876,200.3560791015625,0.7955287098884583,0.7474305033683777,0.4849444031715393,11.153897285461426,9.291098594665527,9.717584609985352,0.3659113049507141,0.2652946710586548,0.8200787305831909,10.609695434570312,0,0.16008862853050232,15.187142372131348,11.96830940246582,37,25,30,0,
2025-12-30 10:12:24.461000,FinePointe Series WBP [SN 139781]  Site 4 Bias Flow is out of range.,,,,,,,,,,,,,,,,,,,,,,,,,
2025-12-30 10:12:24.461000,FinePointe Series WBP [SN 10499C]  Site 3 Bias Flow is out of range.,,,,,,,,,,,,,,,,,,,,,,,,,
2025-12-30 10:12:26.461000,3d,Toxicity,Original,,94.36724853515625,2.1528823375701904,203.08058166503906,0.7489209771156311,0.6841963529586792,0.5472691059112549,11.153897285461426,8.867952346801758,10.244278907775879,0.364990770816803,0.2710901200771332,0.8103988766670227,9.476215362548828,0,0.17067426443099976,13.862968444824219,10.703577041625977,37,25,30,0,
2025-12-30 10:12:28.461000,3d,Toxicity,Original,,93.54827880859375,2.060422897338867,192.74850463867188,0.8861550688743591,0.7322931885719299,0.4865341782569885,11.153897285461426,8.565641403198242,10.427959442138672,0.36365142464637756,0.2781290113925934,0.8117660284042358,9.17940616607666,0,0.16915473341941833,13.920774459838867,10.475629806518555,37,25,30,0,
2025-12-30 10:12:30.461000,3d,Toxicity,Original,,94.46493530273438,2.0433900356292725,192.78253173828125,0.8936852812767029,0.7508692741394043,0.5233718752861023,11.153897285461426,8.029129028320312,9.428924560546875,0.36201703548431396,0.27352389693260193,0.7687288522720337,9.116461753845215,0,0.16283726692199707,12.340202331542969,11.399894714355469,37,25,30,0,
2025-12-30 10:12:32.461000,3d,Toxicity,Original,,91.0516128540039,2.1481266021728516,195.2088165283203,0.8429766893386841,0.7256568670272827,0.5469651818275452,11.153897285461426,8.803102493286133,9.596502304077148,0.36994242668151855,0.29670432209968567,0.7072913646697998,7.010583400726318,0,0.18119360506534576,11.873590469360352,8.32585620880127,37,25,30,0,
2025-12-30 10:12:32.461000,FinePointe Series WBP [SN 139781]  Site 4 Bias Flow is out of range.,,,,,,,,,,,,,,,,,,,,,,,,,
2025-12-30 10:12:34.461000,3d,Toxicity,Original,,94.69730377197266,1.963470220565796,185.9722442626953,0.931501030921936,0.7513849139213562,0.2907325327396393,11.153897285461426,8.270934104919434,10.017354011535645,0.3768744468688965,0.25679486989974976,0.8369455933570862,8.309288024902344,0,0.15659217536449432,14.97881031036377,11.222857475280762,37,25,30,0,
2025-12-30 10:12:34.461000,FinePointe Series WBP [SN 10499C]  Site 3 Bias Flow is out of range.,,,,,,,,,,,,,,,,,,,,,,,,,
2025-12-30 10:12:36.461000,3d,Toxicity,Original,,93.07325744628906,2.0599782466888428,191.72560119628906,1.1645662784576416,0.9022553563117981,0.31066247820854187,11.153897285461426,8.950139999389648,10.76797103881836,0.3712773621082306,0.273491770029068,0.7871533632278442,9.017168998718262,12.912131309509277,0.1508847326040268,13.43035888671875,11.566640853881836,37,25,30,0,
2025-12-30 10:12:38.461000,3d,Toxicity,Original,,92.0087890625,1.9951043128967285,183.56712341308594,0.4826529324054718,0.6773316860198975,0.8710024356842041,11.153897285461426,11.103113174438477,7.527886867523193,0.30079230666160583,0.3513193428516388,0.5605461597442627,17.71832275390625,0,0.21651799976825714,12.915657997131348,10.48507308959961,37,25,30,66.66666412353516,
2025-12-30 10:12:40.461000,3d,Toxicity,Original,,94.15564727783203,2.192039728164673,206.3800506591797,0.7193760275840759,0.7113839983940125,0.4333915114402771,11.153897285461426,9.201172828674316,9.357662200927734,0.37490081787109375,0.2625333368778229,0.7857661843299866,11.503962516784668,0,0.1645490676164627,17.226940155029297,10.865234375,37,25,30,0,
2025-12-30 10:12:40.461000,FinePointe Series WBP [SN 10499C]  Site 4 Bias Flow is out of range.,,,,,,,,,,,,,,,,,,,,,,,,,
2025-12-30 10:12:42.461000,3d,Toxicity,Original,,95.48782348632812,1.9299800395965576,184.44851684570312,0.7645836472511292,0.7020255327224731,0.37288254499435425,11.153897285461426,9.166779518127441,9.539880752563477,0.3552468419075012,0.2734571397304535,0.7866094708442688,11.032417297363281,0,0.17030304670333862,16.456432342529297,10.797337532043457,37,25,30,0,
2025-12-30 10:12:42.461000,FinePointe Series WBP [SN 139781]  Site 4 Bias Flow is out of range.,,,,,,,,,,,,,,,,,,,,,,,,,
2025-12-30 10:12:44.461000,3d,Toxicity,Original,,93.78475952148438,1.9776915311813354,185.43698120117188,0.8994701504707336,0.7396297454833984,0.3178196847438812,11.153897285461426,8.407325744628906,9.59910774230957,0.3645622134208679,0.27521491050720215,0.790439784526825,10.140445709228516,0,0.16691423952579498,13.706343650817871,10.874200820922852,37,25,30,0,
2025-12-30 10:12:44.461000,FinePointe Series WBP [SN 10499C]  Site 3 Bias Flow is out of range.,,,,,,,,,,,,,,,,,,,,,,,,,
2025-12-30 10:12:46.461000,3d,Toxicity,Original,,95.0646743774414,2.120426893234253,201.55577087402344,0.817496120929718,0.7078307867050171,0.4839465320110321,11.153897285461426,8.661808013916016,10.349100112915039,0.3736390173435211,0.2576526999473572,0.8541107773780823,9.297149658203125,0,0.16075792908668518,15.122185707092285,10.868971824645996,37,25,30,0,
2025-12-30 10:12:48.461000,3d,Toxicity,Original,,94.43254852294922,2.108609676361084,199.02056884765625,0.6989812850952148,0.6884549856185913,0.6364884376525879,11.153897285461426,9.579249382019043,9.941157341003418,0.3662510812282562,0.26930251717567444,0.8336833715438843,11.15555191040039,0,0.16984613239765167,16.786540985107422,10.129618644714355,37,25,30,0,
2025-12-30 10:12:50.461000,3d,Toxicity,Original,,96.22660827636719,2.0593414306640625,198.1876678466797,0.7594219446182251,0.7058647274971008,0.48731729388237,11.153897285461426,8.953813552856445,9.735873222351074,0.36296191811561584,0.2607716917991638,0.8078100085258484,8.978423118591309,0,0.16179202497005463,15.835025787353516,9.79362678527832,37,25,30,0,
2025-12-30 10:12:50.461000,FinePointe Series WBP [SN 10499C]  Site 4 Bias Flow is out of range.,,,,,,,,,,,,,,,,,,,,,,,,,
2025-12-30 10:12:52.461000,3d,Toxicity,Original,,97.33037567138672,2.020777702331543,196.5205841064453,0.7246703505516052,0.6729816198348999,0.5506846308708191,11.153897285461426,9.140228271484375,10.282184600830078,0.3492549955844879,0.2676742672920227,0.8342429399490356,13.740224838256836,0,0.1691216677427292,15.748575210571289,9.293371200561523,37,25,30,0,
2025-12-30 10:12:52.461000,FinePointe Series WBP [SN 139781]  Site 4 Bias Flow is out of range.,,,,,,,,,,,,,,,,,,,,,,,,,
2025-12-30 10:12:52.461000,FinePointe Series WBP [SN 10499C]  Site 3 Bias Flow is out of range.,,,,,,,,,,,,,,,,,,,,,,,,,
2025-12-30 10:12:54.461000,3d,Toxicity,Original,,96.63382720947266,2.0932013988494873,201.7982177734375,0.7423976063728333,0.6859310269355774,0.6312219500541687,11.153897285461426,9.330927848815918,10.422163963317871,0.3619425594806671,0.2594364881515503,0.8179450631141663,10.112497329711914,0,0.16201312839984894,16.396350860595703,9.26904582977295,37,25,30,0,
2025-12-30 10:12:56.461000,3d,Toxicity,Original,,98.584716796875,1.9392563104629517,191.0489501953125,0.8623613119125366,0.714677095413208,0.32449769973754883,11.153897285461426,8.914186477661133,10.245925903320312,0.36642053723335266,0.24301712214946747,0.8927096128463745,11.103915214538574,0,0.15803508460521698,17.494714736938477,11.704000473022461,37,25,30,0,
2025-12-30 10:12:58.461000,3d,Toxicity,Original,,97.64645385742188,2.045121431350708,199.82884216308594,0.6928467154502869,0.641491711139679,0.4198797941207886,11.153897285461426,10.06854248046875,10.670004844665527,0.3556273579597473,0.259851336479187,0.8701314926147461,15.195507049560547,0,0.1668366640806198,18.741291046142578,10.007288932800293,37,25,30,0,
2025-12-30 10:13:00.461000,3d,Toxicity,Original,,84.24424743652344,2.2172584533691406,186.791259765625,0.40878039598464966,0.5552411675453186,0.7462432980537415,11.153897285461426,10.596750259399414,8.771639823913574,0.385243684053421,0.3269711136817932,0.5402080416679382,10.896461486816406,0,0.21522697806358337,16.391572952270508,5.7851033210754395,37,25,30,0,
2025-12-30 10:13:02.461000,3d,Toxicity,Original,,99.15213775634766,1.889435887336731,186.33456420898438,0.5266884565353394,0.5995491147041321,0.6654223799705505,11.153897285461426,10.000157356262207,9.46593189239502,0.33408123254776,0.2723664939403534,0.7890005111694336,18.42778205871582,0,0.18539895117282867,20.736488342285156,9.476099967956543,37,25,30,40,
2025-12-30 10:13:02.461000,FinePointe Series WBP [SN 139781]  Site 4 Bias Flow is out of range.,,,,,,,,,,,,,,,,,,,,,,,,,
2025-12-30 10:13:02.461000,FinePointe Series WBP [SN 10499C]  Site 3 Bias Flow is out of range.,,,,,,,,,,,,,,,,,,,,,,,,,
2025-12-30 10:13:04.461000,3d,Toxicity,Original,,94.39488220214844,2.057175636291504,194.2865753173828,0.6032052636146545,0.6344876289367676,0.7318389415740967,11.153897285461426,9.215497016906738,9.84982967376709,0.3639150857925415,0.27286863327026367,0.7865065336227417,10.667779922485352,0,0.17692072689533234,17.235797882080078,8.306126594543457,37,25,30,0,
2025-12-30 10:13:06.461000,3d,Toxicity,Original,,95.83378601074219,2.019268274307251,193.64186096191406,0.8236488103866577,0.7072282433509827,0.3122439682483673,11.153897285461426,8.736465454101562,9.901885032653809,0.3717099726200104,0.25471261143684387,0.8288944363594055,8.531390190124512,0,0.15704278647899628,15.38857364654541,10.10110092163086,37,25,30,0,
2025-12-30 10:13:08.461000,3d,Toxicity,Original,,97.00641632080078,1.998437762260437,193.97093200683594,0.7817025184631348,0.6685574054718018,0.46264976263046265,11.153897285461426,8.847777366638184,10.414837837219238,0.3628528118133545,0.2558533847332001,0.8756766319274902,10.663153648376465,0,0.16253748536109924,16.357040405273438,9.672189712524414,37,25,30,0,
2025-12-30 10:13:10.461000,3d,Toxicity,Original,,92.57042694091797,2.1407978534698486,197.60504150390625,0.6172719597816467,0.6548815965652466,0.7187121510505676,11.153897285461426,8.987878799438477,9.384414672851562,0.37098342180252075,0.2783244550228119,0.710139274597168,11.804892539978027,0,0.1773710399866104,14.717276573181152,10.111675262451172,37,25,30,0,
2025-12-30 10:13:12.461000,3d,Toxicity,Original,,95.30865478515625,2.118649482727051,201.91427612304688,0.7978082299232483,0.7170698642730713,0.4834645092487335,11.153897285461426,9.383891105651855,10.176878929138184,0.3706502318382263,0.2589130699634552,0.8395642638206482,9.200303077697754,0,0.15963491797447205,16.120119094848633,10.015204429626465,37,25,30,0,
2025-12-30 10:13:14.461000,3d,Toxicity,Original,,98.2187271118164,1.953248381614685,191.78453063964844,0.8361886739730835,0.7133350372314453,0.5698171257972717,11.153897285461426,8.39627456665039,10.349085807800293,0.3539767861366272,0.2570986747741699,0.8635079264640808,9.45562744140625,0,0.15736079216003418,15.667338371276855,10.0957670211792,37,25,30,0,
2025-12-30 10:13:14.461000,FinePointe Series WBP [SN 139781]  Site 4 Bias Flow is out of range.,,,,,,,,,,,,,,,,,,,,,,,,,
2025-12-30 10:13:14.461000,FinePointe Series WBP [SN 10499C]  Site 3 Bias Flow is out of range.,,,,,,,,,,,,,,,,,,,,,,,,,
2025-12-30 10:13:16.461000,3d,Toxicity,Original,,98.21549987792969,2.0618815422058105,202.4217987060547,0.7689391374588013,0.7157142162322998,0.4341895878314972,11.153897285461426,9.117371559143066,9.884509086608887,0.3531457483768463,0.2577993869781494,0.7924673557281494,9.182514190673828,0,0.15673354268074036,14.473421096801758,9.225781440734863,37,25,30,0,
2025-12-30 10:13:18.461000,3d,Toxicity,Original,,93.80204010009766,2.154081344604492,201.97552490234375,0.818903923034668,0.7453203201293945,0.2764165997505188,11.153897285461426,9.070609092712402,9.680037498474121,0.37386491894721985,0.26646336913108826,0.7792514562606812,9.203845977783203,0,0.16168883442878723,15.061172485351562,11.066147804260254,37,25,30,0,
2025-12-30 10:13:20.461000,3d,Toxicity,Original,,100.69973754882812,2.009636878967285,202.58731079101562,0.7149499654769897,0.655292272567749,0.6054010987281799,11.153897285461426,9.803556442260742,10.94987964630127,0.350544810295105,0.24662970006465912,0.9313285946846008,11.075223922729492,0,0.15875966846942902,20.244029998779297,8.79338264465332,37,25,30,0,
2025-12-30 10:13:22.461000,3d,Toxicity,Original,,98.22960662841797,2.0429813861846924,200.70001220703125,0.8017192482948303,0.6892867684364319,0.5662606954574585,11.153897285461426,8.577459335327148,10.69648551940918,0.36284956336021423,0.24802489578723907,0.8912152647972107,10.088984489440918,0,0.15520930290222168,16.675188064575195,9.83215618133545,37,25,30,0,
2025-12-30 10:13:24.461000,3d,Toxicity,Original,,98.88853454589844,2.0791890621185303,205.5751495361328,0.7147775292396545,0.6746200323104858,0.7145958542823792,11.153897285461426,8.992156982421875,9.73249626159668,0.3483770191669464,0.2583892345428467,0.8014535307884216,8.694083213806152,0,0.161644846200943,13.331888198852539,8.768892288208008,37,25,30,0,
2025-12-30 10:13:24.461000,FinePointe Series WBP [SN 139781]  Site 4 Bias Flow is out of range.,,,,,,,,,,,,,,,,,,,,,,,,,
2025-12-30 10:13:24.461000,FinePointe Series WBP [SN 10499C]  Site 3 Bias Flow is out of range.,,,,,,,,,,,,,,,,,,,,,,,,,
2025-12-30 10:13:26.461000,3d,Toxicity,Original,,98.57117462158203,2.0543060302734375,202.61862182617188,0.7926476001739502,0.6920863389968872,0.5862956047058105,11.153897285461426,8.264524459838867,10.050329208374023,0.3523682951927185,0.25637754797935486,0.8479600548744202,11.390921592712402,0,0.15982505679130554,15.404234886169434,10.148226737976074,37,25,30,0,
2025-12-30 10:13:28.461000,3d,Toxicity,Original,,96.1063003540039,2.0063698291778564,192.8495330810547,0.9419052004814148,0.742404580116272,0.3908731937408447,11.153897285461426,8.521105766296387,10.857759475708008,0.3649240732192993,0.2594105303287506,0.8850611448287964,8.80073070526123,0,0.15652528405189514,14.785722732543945,10.580204963684082,37,25,30,0,
2025-12-30 10:13:30.461000,3d,Toxicity,Original,,95.49093627929688,2.120527982711792,201.7124481201172,0.4898796081542969,0.5879735946655273,0.7274155020713806,11.153897285461426,10.360322952270508,9.880729675292969,0.34314465522766113,0.29588374495506287,0.7479150295257568,9.648088455200195,0,0.20051559805870056,14.839104652404785,7.17618989944458,37,25,30,0,
2025-12-30 10:13:32.461000,3d,Toxicity,Original,,101.04740905761719,2.1193954944610596,214.36767578125,0.7228526473045349,0.684401273727417,0.5221875309944153,11.153897285461426,9.654725074768066,10.275444984436035,0.3441712558269501,0.24972639977931976,0.8373145461082458,9.071599960327148,0,0.15575286746025085,17.42474365234375,9.210165023803711,37,25,30,0,
2025-12-30 10:13:32.461000,FinePointe Series WBP [SN 139781]  Site 4 Bias Flow is out of range.,,,,,,,,,,,,,,,,,,,,,,,,,
2025-12-30 10:13:34.461000,3d,Toxicity,Original,,102.8411636352539,2.0505740642547607,210.91677856445312,0.710390567779541,0.6762164235115051,0.49381184577941895,11.153897285461426,9.981673240661621,10.662850379943848,0.3333861827850342,0.25008803606033325,0.8835631608963013,10.217208862304688,0,0.15694430470466614,17.943265914916992,9.597147941589355,37,25,30,0,
2025-12-30 10:13:34.461000,FinePointe Series WBP [SN 10499C]  Site 3 Bias Flow is out of range.,,,,,,,,,,,,,,,,,,,,,,,,,
2025-12-30 10:13:36.461000,3d,Toxicity,Original,,99.35322570800781,2.0876801013946533,207.43704223632812,0.7214770317077637,0.7061777710914612,0.4748629629611969,11.153897285461426,10.024557113647461,10.591976165771484,0.35139408707618713,0.2525325417518616,0.8654489517211914,10.238825798034668,0,0.15602536499500275,18.003793716430664,11.4015531539917,37,25,30,0,
2025-12-30 10:13:38.461000,3d,Toxicity,Original,,96.4947509765625,2.022207498550415,195.13360595703125,0.8568328022956848,0.6912282109260559,0.4204208552837372,11.153897285461426,8.82641315460205,11.120246887207031,0.3727317750453949,0.24913489818572998,0.9475786685943604,10.2992582321167,0,0.15517832338809967,18.341562271118164,9.602315902709961,37,25,30,0,
2025-12-30 10:13:40.461000,3d,Toxicity,Original,,98.45793151855469,2.0418479442596436,200.73556518554688,0.7099729776382446,0.6775937080383301,0.6341142654418945,11.153897285461426,8.910816192626953,10.158466339111328,0.35597050189971924,0.2546338438987732,0.892122745513916,9.672831535339355,0,0.1612388640642166,14.896574974060059,9.737430572509766,37,25,30,0,
2025-12-30 10:13:42.461000,3d,Toxicity,Original,,101.97701263427734,2.1152353286743164,215.558837890625,0.714372992515564,0.6678463816642761,0.6995379328727722,11.153897285461426,9.215375900268555,10.23629379272461,0.3471428155899048,0.24209359288215637,0.8653542399406433,9.607014656066895,0,0.1513940840959549,15.12014389038086,10.082563400268555,37,25,30,0,
2025-12-30 10:13:42.461000,FinePointe Series WBP [SN 139781]  Site 4 Bias Flow is out of range.,,,,,,,,,,,,,,,,,,,,,,,,,
2025-12-30 10:13:44.461000,3d,Toxicity,Original,,97.98081970214844,1.9954960346221924,195.32330322265625,0.966184139251709,0.7686082720756531,0.39994657039642334,11.153897285461426,8.736103057861328,10.967494010925293,0.35863903164863586,0.2546537220478058,0.8643059134483337,11.52908706665039,0,0.15180429816246033,14.833406448364258,11.364533424377441,37,25,30,0,
2025-12-30 10:13:44.461000,FinePointe Series WBP [SN 10499C]  Site 3 Bias Flow is out of range.,,,,,,,,,,,,,,,,,,,,,,,,,
2025-12-30 10:13:46.461000,3d,Toxicity,Original,,99.1505126953125,1.8959760665893555,187.75135803222656,0.8589766025543213,0.6977187991142273,0.4961363673210144,11.153897285461426,8.3010835647583,10.385345458984375,0.3592642843723297,0.24613337218761444,0.8776413202285767,11.809589385986328,0,0.15659739077091217,17.401338577270508,10.52149772644043,37,25,30,0,
2025-12-30 10:13:48.461000,3d,Toxicity,Original,,98.72689819335938,2.002781391143799,197.7151641845703,0.8815006017684937,0.7425041794776917,0.4803219139575958,11.153897285461426,8.439661026000977,10.189945220947266,0.3558107316493988,0.2520381808280945,0.8771070241928101,8.50277042388916,0,0.15095867216587067,14.280984878540039,10.358972549438477,37,25,30,0,
2025-12-30 10:13:50.461000,3d,Toxicity,Original,,95.36701202392578,2.126858711242676,200.71461486816406,0.6632615327835083,0.6547339558601379,0.45481184124946594,11.153897285461426,9.503087997436523,9.883210182189941,0.3599233031272888,0.2831791639328003,0.7877857685089111,12.110650062561035,0,0.18519702553749084,15.246185302734375,8.6732177734375,37,25,30,0,
2025-12-30 10:13:52.461000,3d,Toxicity,Original,,101.47589111328125,2.0665812492370605,208.9951629638672,0.6862326860427856,0.6797673106193542,0.6343990564346313,11.153897285461426,8.810620307922363,9.55191421508789,0.3478154242038727,0.24594086408615112,0.8354489207267761,8.530926704406738,0,0.1527414470911026,16.307575225830078,9.562305450439453,37,25,30,0,
2025-12-30 10:13:52.461000,FinePointe Series WBP [SN 139781]  Site 4 Bias Flow is out of range.,,,,,,,,,,,,,,,,,,,,,,,,,
2025-12-30 10:13:52.461000,FinePointe Series WBP [SN 10499C]  Site 3 Bias Flow is out of range.,,,,,,,,,,,,,,,,,,,,,,,,,
2025-12-30 10:13:54.461000,3d,Toxicity,Original,,99.70954895019531,2.066087007522583,206.01849365234375,0.8321274518966675,0.7072440385818481,0.46306371688842773,11.153897285461426,8.730047225952148,10.313850402832031,0.3532842993736267,0.248500257730484,0.8634811639785767,7.6108808517456055,0,0.15219025313854218,14.06130313873291,9.704291343688965,37,25,30,0,
2025-12-30 10:13:56.461000,3d,Toxicity,Original,,100.0854721069336,1.9775335788726807,197.8819580078125,0.7410694360733032,0.6710344552993774,0.5444005131721497,11.153897285461426,8.905129432678223,10.663890838623047,0.3528568744659424,0.24716073274612427,0.9301658868789673,9.435739517211914,0,0.15620644390583038,16.78375816345215,10.60457992553711,37,25,30,0,
2025-12-30 10:13:58.461000,3d,Toxicity,Original,,103.12181091308594,2.0328481197357178,209.6131134033203,0.7859623432159424,0.710727334022522,0.5364622473716736,11.153897285461426,9.445164680480957,10.799818992614746,0.3431282043457031,0.23903419077396393,0.9357022643089294,9.31646728515625,0,0.14825840294361115,17.19913673400879,11.000480651855469,37,25,30,0,
2025-12-30 10:14:00.461000,3d,Toxicity,Original,,102.37323760986328,1.9440780878067017,198.86431884765625,0.8438396453857422,0.6999799609184265,0.5265977382659912,11.153897285461426,8.49755859375,10.622907638549805,0.33847296237945557,0.2479005753993988,0.8826024532318115,9.89738941192627,0,0.15332825481891632,14.14168930053711,10.104610443115234,37,25,30,0,
2025-12-30 10:14:02.461000,3d,Toxicity,Original,,100.50114440917969,1.944100022315979,195.3017120361328,0.8506220579147339,0.7085450291633606,0.6175820231437683,11.153897285461426,8.134966850280762,10.062299728393555,0.35290321707725525,0.2441459745168686,0.8627356290817261,9.047388076782227,0,0.1494486927986145,14.683024406433105,9.900790214538574,37,25,30,0,
2025-12-30 10:14:02.461000,FinePointe Series WBP [SN 139781]  Site 4 Bias Flow is out of range.,,,,,,,,,,,,,,,,,,,,,,,,,
2025-12-30 10:14:02.461000,FinePointe Series WBP [SN 10499C]  Site 3 Bias Flow is out of range.,,,,,,,,,,,,,,,,,,,,,,,,,
2025-12-30 10:14:04.461000,3d,Toxicity,Original,,100.62987518310547,2.0206689834594727,203.18661499023438,0.7546913623809814,0.6955745816230774,0.6521836519241333,11.153897285461426,8.944052696228027,9.940143585205078,0.3490491807460785,0.2478652149438858,0.8480231761932373,9.345617294311523,0,0.15337257087230682,15.189573287963867,10.603401184082031,37,25,30,0,
2025-12-30 10:14:06.461000,3d,Toxicity,Original,,101.1489486694336,2.038097858428955,205.89772033691406,0.6833711266517639,0.676331102848053,0.6215740442276001,11.153897285461426,9.698939323425293,10.452533721923828,0.3427809774875641,0.2512463629245758,0.8527980446815491,8.86300277709961,0,0.16002047061920166,16.30617904663086,10.303272247314453,37,25,30,0,
2025-12-30 10:14:08.461000,3d,Toxicity,Original,,101.33895111083984,2.0526580810546875,207.79034423828125,0.6920932531356812,0.6840581893920898,0.5946972370147705,11.153897285461426,10.009175300598145,10.19959831237793,0.32664400339126587,0.26649031043052673,0.7883943319320679,9.9296293258667,0,0.16620908677577972,14.763290405273438,8.626760482788086,37,25,30,0,
2025-12-30 10:14:10.461000,3d,Toxicity,Original,,104.30712127685547,1.9964094161987305,208.35646057128906,0.6357829570770264,0.6445260047912598,0.6271823048591614,11.153897285461426,9.770583152770996,10.230751991271973,0.3306414484977722,0.24531544744968414,0.8463812470436096,11.642175674438477,0,0.16055984795093536,17.20256233215332,9.321447372436523,37,25,30,0,
2025-12-30 10:14:12.461000,3d,Toxicity,Original,,102.26072692871094,1.9781079292297363,202.1300048828125,0.7138137221336365,0.6563541889190674,0.511207640171051,11.153897285461426,9.066081047058105,10.49933910369873,0.34727242588996887,0.23995967209339142,0.8958353400230408,10.388465881347656,0,0.1537800282239914,17.71437644958496,9.686558723449707,37,25,30,0,
2025-12-30 10:14:14.461000,3d,Toxicity,Original,,102.80741119384766,2.0401062965393066,209.7263946533203,0.7997366189956665,0.6769323945045471,0.5474542379379272,11.153897285461426,8.762788772583008,10.696996688842773,0.34325936436653137,0.24086490273475647,0.8805794715881348,7.629309177398682,0,0.15044128894805908,14.830156326293945,8.976310729980469,37,25,30,0,
2025-12-30 10:14:14.461000,FinePointe Series WBP [SN 139781]  Site 4 Bias Flow is out of range.,,,,,,,,,,,,,,,,,,,,,,,,,
2025-12-30 10:14:14.461000,FinePointe Series WBP [SN 10499C]  Site 3 Bias Flow is out of range.,,,,,,,,,,,,,,,,,,,,,,,,,
2025-12-30 10:14:16.461000,3d,Toxicity,Original,,101.24371337890625,1.9187943935394287,194.07815551757812,0.8079073429107666,0.6954178214073181,0.6283510327339172,11.153897285461426,8.264708518981934,10.214128494262695,0.345192551612854,0.24758723378181458,0.8697115182876587,8.797065734863281,0,0.15393802523612976,13.81259536743164,9.867646217346191,37,25,30,0,
2025-12-30 10:14:18.461000,3d,Toxicity,Original,,103.75947570800781,2.0845258235931396,216.06568908691406,0.7437044978141785,0.6982361078262329,0.3985126316547394,11.153897285461426,9.608277320861816,10.323845863342285,0.3404499888420105,0.23844650387763977,0.8494287729263306,8.498336791992188,0,0.14730767905712128,16.02775001525879,10.122425079345703,37,25,30,0,
2025-12-30 10:14:20.461000,3d,Toxicity,Original,,102.06974792480469,1.9955792427062988,203.6316680908203,0.825753927230835,0.7080257534980774,0.6041156053543091,11.153897285461426,9.104473114013672,10.38139820098877,0.3446670174598694,0.24364861845970154,0.8657660484313965,10.609513282775879,0,0.1502836048603058,15.240385055541992,10.442194938659668,37,25,30,0,
2025-12-30 10:14:22.461000,3d,Toxicity,Original,,105.24468231201172,2.025965690612793,213.2861328125,0.7494031190872192,0.6855524182319641,0.6051315665245056,11.153897285461426,9.493535041809082,10.686241149902344,0.33813074231147766,0.23306836187839508,0.8980178833007812,9.90011215209961,0,0.14887116849422455,15.315260887145996,10.272735595703125,37,25,30,0,
2025-12-30 10:14:24.461000,3d,Toxicity,Original,,101.94058990478516,1.9318434000015259,196.9234161376953,0.8927078247070312,0.6938577890396118,0.6054744124412537,11.153897285461426,8.577568054199219,11.13093376159668,0.34337344765663147,0.2452780157327652,0.9011927247047424,8.149297714233398,0,0.15117205679416656,15.319092750549316,10.281265258789062,37,25,30,0,
2025-12-30 10:14:24.461000,FinePointe Series WBP [SN 139781]  Site 4 Bias Flow is out of range.,,,,,,,,,,,,,,,,,,,,,,,,,
2025-12-30 10:14:24.461000,FinePointe Series WBP [SN 10499C]  Site 3 Bias Flow is out of range.,,,,,,,,,,,,,,,,,,,,,,,,,
2025-12-30 10:14:26.461000,3d,Toxicity,Original,,101.46704864501953,2.016862630844116,204.72398376464844,0.7978466749191284,0.6826655864715576,0.5572721362113953,11.153897285461426,8.570133209228516,10.572087287902832,0.34149131178855896,0.24991315603256226,0.8453848958015442,8.609673500061035,0,0.15487021207809448,13.177881240844727,8.739995002746582,37,25,30,0,
2025-12-30 10:14:28.461000,3d,Toxicity,Original,,99.40169525146484,2.0025455951690674,199.0118865966797,0.8939992785453796,0.7276044487953186,0.4274108409881592,11.153897285461426,8.055588722229004,10.150057792663574,0.3560391366481781,0.2482725828886032,0.9031338691711426,7.9494123458862305,0,0.15090399980545044,13.477606773376465,10.605270385742188,37,25,30,0,
2025-12-30 10:14:30.461000,3d,Toxicity,Original,,104.65966796875,1.9273046255111694,201.76797485351562,0.803327739238739,0.7240148782730103,0.4435807466506958,11.153897285461426,9.321501731872559,10.57431697845459,0.3301137089729309,0.24325498938560486,0.8882102370262146,10.471901893615723,0,0.1492806375026703,16.345529556274414,12.157905578613281,37,25,30,0,
2025-12-30 10:14:32.461000,3d,Toxicity,Original,,100.26107025146484,2.034574508666992,204.14134216308594,0.5906649827957153,0.6104333400726318,0.6247445940971375,11.153897285461426,10.101009368896484,9.62544059753418,0.3228420615196228,0.2855767607688904,0.725162148475647,9.424102783203125,0,0.1896573156118393,11.959919929504395,8.275484085083008,37,25,30,0,
2025-12-30 10:14:34.461000,3d,Toxicity,Original,,104.25347137451172,1.9202378988265991,200.1729278564453,0.6859220266342163,0.6737515330314636,0.5214414000511169,11.153897285461426,9.534537315368652,10.003870964050293,0.3253006637096405,0.2503683567047119,0.8368963599205017,10.367351531982422,0,0.1575043797492981,17.253265380859375,9.376649856567383,37,25,30,0,
2025-12-30 10:14:34.461000,FinePointe Series WBP [SN 139781]  Site 4 Bias Flow is out of range.,,,,,,,,,,,,,,,,,,,,,,,,,
2025-12-30 10:14:34.461000,FinePointe Series WBP [SN 10499C]  Site 3 Bias Flow is out of range.,,,,,,,,,,,,,,,,,,,,,,,,,
2025-12-30 10:14:36.461000,3d,Toxicity,Original,,108.67039489746094,1.903249979019165,206.7377166748047,0.7040610313415527,0.6516240835189819,0.5537020564079285,11.153897285461426,9.524850845336914,10.685956954956055,0.3096756339073181,0.2430933117866516,0.9126734733581543,9.840829849243164,0,0.1547580063343048,16.648866653442383,10.071292877197266,37,25,30,0,
2025-12-30 10:14:38.461000,3d,Toxicity,Original,,104.96576690673828,1.9947611093521118,209.26910400390625,0.7123725414276123,0.6672793626785278,0.6280379295349121,11.153897285461426,9.162619590759277,10.184627532958984,0.3384767770767212,0.2344268411397934,0.8593636751174927,9.0675048828125,0,0.15070004761219025,15.758810997009277,10.828505516052246,37,25,30,0,
2025-12-30 10:14:40.461000,3d,Toxicity,Original,,104.13806915283203,1.8620339632034302,193.92941284179688,0.8350125551223755,0.6963599920272827,0.6077956557273865,11.153897285461426,8.366774559020996,10.124195098876953,0.3342755138874054,0.2422461062669754,0.8357110619544983,7.925681114196777,0,0.14963069558143616,13.285141944885254,8.78966236114502,37,25,30,0,
2025-12-30 10:14:42.461000,3d,Toxicity,Original,,100.17565155029297,2.002302646636963,200.61940002441406,0.7574105262756348,0.6934072375297546,0.5260714292526245,11.153897285461426,8.38567066192627,9.830684661865234,0.3523150682449341,0.24676375091075897,0.8053052425384521,8.758678436279297,0,0.15309111773967743,13.14606761932373,9.587117195129395,37,25,30,0,
2025-12-30 10:14:42.461000,FinePointe Series WBP [SN 139781]  Site 4 Bias Flow is out of range.,,,,,,,,,,,,,,,,,,,,,,,,,
2025-12-30 10:14:44.461000,3d,Toxicity,Original,,104.89041900634766,1.9659684896469116,206.18707275390625,0.6480874419212341,0.6469660401344299,0.5684447884559631,11.153897285461426,9.657402038574219,9.98616886138916,0.3221263289451599,0.25087857246398926,0.8410703539848328,11.528932571411133,0,0.16274631023406982,16.720014572143555,8.604083061218262,37,25,30,0,
2025-12-30 10:14:44.461000,FinePointe Series WBP [SN 10499C]  Site 3 Bias Flow is out of range.,,,,,,,,,,,,,,,,,,,,,,,,,
2025-12-30 10:14:46.461000,3d,Toxicity,Original,,100.13479614257812,2.0526022911071777,205.46490478515625,0.810207188129425,0.708672046661377,0.4394550621509552,11.153897285461426,8.815299987792969,10.156017303466797,0.3581034541130066,0.24122433364391327,0.857525110244751,9.080299377441406,0,0.15037325024604797,15.758345603942871,9.215646743774414,37,25,30,0,
2025-12-30 10:14:48.461000,3d,Toxicity,Original,,100.82113647460938,1.9438626766204834,195.98809814453125,0.8250044584274292,0.6981709003448486,0.5522570013999939,11.153897285461426,8.478652954101562,10.431350708007812,0.3484593331813812,0.24666064977645874,0.8521537780761719,8.745923042297363,0,0.15554799139499664,15.808870315551758,9.817825317382812,37,25,30,0,
2025-12-30 10:14:50.461000,3d,Toxicity,Original,,104.0397720336914,1.8809314966201782,195.78530883789062,0.8487399816513062,0.7033254504203796,0.4399624168872833,11.153897285461426,8.12057876586914,9.998273849487305,0.3350940942764282,0.2418147623538971,0.8419473767280579,8.601394653320312,0,0.14772987365722656,14.335949897766113,9.905157089233398,37,25,30,0,
2025-12-30 10:14:52.461000,3d,Toxicity,Original,,107.15567016601562,1.9609737396240234,210.3174591064453,0.7064999341964722,0.6408788561820984,0.5551280975341797,11.153897285461426,9.49585247039795,10.066375732421875,0.314627468585968,0.2488553375005722,0.8117831945419312,9.325491905212402,0,0.15881946682929993,14.76864242553711,8.578758239746094,37,25,30,0,
2025-12-30 10:14:52.461000,FinePointe Series WBP [SN 139781]  Site 4 Bias Flow is out of range.,,,,,,,,,,,,,,,,,,,,,,,,,
2025-12-30 10:14:54.461000,3d,Toxicity,Original,,109.16302490234375,1.9910223484039307,217.29966735839844,0.6326994895935059,0.6643659472465515,0.6160379648208618,11.153897285461426,9.989140510559082,9.082785606384277,0.30370163917541504,0.24642474949359894,0.7704508900642395,11.345259666442871,0,0.1553136259317398,14.355576515197754,8.8088960647583,37,25,30,0,
2025-12-30 10:14:54.461000,FinePointe Series WBP [SN 10499C]  Site 3 Bias Flow is out of range.,,,,,,,,,,,,,,,,,,,,,,,,,
2025-12-30 10:14:56.461000,3d,Toxicity,Original,,104.80545806884766,1.9761738777160645,206.76632690429688,0.6293612718582153,0.6416904926300049,0.7177573442459106,11.153897285461426,9.701079368591309,10.035890579223633,0.31753072142601013,0.2570075988769531,0.8171089887619019,9.474078178405762,0,0.16384541988372803,16.06583595275879,9.169811248779297,37,25,30,0,
2025-12-30 10:14:58.461000,3d,Toxicity,Original,,117.79203796386719,1.7554216384887695,206.64309692382812,0.6836135983467102,0.6463074088096619,0.5365760326385498,11.153897285461426,9.746947288513184,10.455790519714355,0.27815762162208557,0.23283830285072327,0.8881661891937256,11.13287353515625,0,0.1483791619539261,15.655521392822266,10.002363204956055,37,25,30,0,
2025-12-30 10:15:00.461000,3d,Toxicity,Original,,99.6904296875,2.0284652709960938,201.92556762695312,0.725641131401062,0.6644688844680786,0.5415120720863342,11.153897285461426,9.414554595947266,10.625261306762695,0.34405168890953064,0.25864070653915405,0.8901782035827637,7.917284965515137,0,0.16121304035186768,15.813604354858398,9.462605476379395,37,25,30,0,
2025-12-30 10:15:02.461000,3d,Toxicity,Original,,109.23423767089844,1.8868731260299683,205.77174377441406,0.6892499923706055,0.6473610997200012,0.6795383095741272,11.153897285461426,9.069875717163086,10.34244441986084,0.3185914158821106,0.2324436753988266,0.8789880275726318,9.290717124938965,0,0.1481909453868866,15.668542861938477,9.020968437194824,37,25,30,0,
2025-12-30 10:15:02.461000,FinePointe Series WBP [SN 139781]  Site 4 Bias Flow is out of range.,,,,,,,,,,,,,,,,,,,,,,,,,
2025-12-30 10:15:02.461000,FinePointe Series WBP [SN 10499C]  Site 3 Bias Flow is out of range.,,,,,,,,,,,,,,,,,,,,,,,,,
2025-12-30 10:15:04.461000,3d,Toxicity,Original,,102.10376739501953,1.9525243043899536,199.3883056640625,0.7204588651657104,0.6275291442871094,0.6833176016807556,11.153897285461426,8.186388969421387,10.465456008911133,0.33962881565093994,0.24810239672660828,0.8526255488395691,10.846100807189941,0,0.16160175204277039,15.049468040466309,8.1752347946167,37,25,30,0,
2025-12-30 10:15:06.461000,3d,Toxicity,Original,,100.10900115966797,2.004798412322998,200.8068084716797,0.9038695693016052,0.7750470042228699,0.3507108986377716,11.153897285461426,9.124314308166504,10.577858924865723,0.3502779006958008,0.24931663274765015,0.8834133744239807,9.242868423461914,0,0.14743004739284515,15.306182861328125,11.356785774230957,37,25,30,0,
2025-12-30 10:15:08.461000,3d,Toxicity,Original,,104.40837097167969,1.9967525005340576,208.3965301513672,0.6908807158470154,0.652103066444397,0.6516200304031372,11.153897285461426,8.870187759399414,10.17508316040039,0.32638636231422424,0.24859222769737244,0.8374568223953247,9.328201293945312,0,0.15789449214935303,14.22818660736084,8.775633811950684,37,25,30,0,
2025-12-30 10:15:10.461000,3d,Toxicity,Original,,99.46040344238281,2.025724172592163,201.39364624023438,1.0114109516143799,0.7408463358879089,0.31055301427841187,11.153897285461426,8.126331329345703,10.70644760131836,0.3583642244338989,0.24510781466960907,0.8454779386520386,7.9909281730651855,0,0.14711764454841614,13.312664985656738,9.419045448303223,37,25,30,0,
2025-12-30 10:15:12.461000,3d,Toxicity,Original,,101.32133483886719,2.0005009174346924,202.5584716796875,0.7802250385284424,0.6991209387779236,0.6475160121917725,11.153897285461426,8.639412879943848,10.129164695739746,0.34455442428588867,0.24780885875225067,0.8431770205497742,8.166565895080566,0,0.15161408483982086,13.91358470916748,10.545605659484863,37,25,30,0,
2025-12-30 10:15:12.461000,FinePointe Series WBP [SN 139781]  Site 4 Bias Flow is out of range.,,,,,,,,,,,,,,,,,,,,,,,,,
2025-12-30 10:15:12.461000,FinePointe Series WBP [SN 10499C]  Site 3 Bias Flow is out of range.,,,,,,,,,,,,,,,,,,,,,,,,,
2025-12-30 10:15:14.461000,3d,Toxicity,Original,,102.61131286621094,2.0136773586273193,206.63900756835938,0.7449946999549866,0.6838607788085938,0.645798921585083,11.153897285461426,9.09472942352295,10.015259742736816,0.335747092962265,0.2489994615316391,0.825035572052002,8.98663330078125,0,0.15565069019794464,13.798307418823242,9.168156623840332,37,25,30,0,
2025-12-30 10:15:16.461000,3d,Toxicity,Original,,108.68003845214844,1.8900187015533447,205.30886840820312,0.6671348214149475,0.6389263272285461,0.6118221282958984,11.153897285461426,9.453824996948242,10.755681991577148,0.3158058226108551,0.23653385043144226,0.9107083082199097,9.385995864868164,0,0.15195582807064056,17.48095703125,8.317482948303223,37,25,30,0,
2025-12-30 10:15:18.461000,3d,Toxicity,Original,,107.1941146850586,1.9597723484039307,209.9558563232422,0.7027777433395386,0.6894189715385437,0.5908951163291931,11.153897285461426,10.035024642944336,10.260749816894531,0.31392693519592285,0.24652285873889923,0.8911923170089722,10.020684242248535,0,0.15257570147514343,16.348142623901367,11.018815994262695,37,25,30,0,
2025-12-30 10:15:20.461000,3d,Toxicity,Original,,102.92530059814453,1.9753773212432861,203.37672424316406,0.7397164702415466,0.688697874546051,0.5601862072944641,11.153897285461426,8.9790678024292,10.240397453308105,0.3402574062347412,0.24293604493141174,0.838715672492981,9.204328536987305,0,0.15216492116451263,15.53438663482666,9.207149505615234,37,25,30,0,
2025-12-30 10:15:22.461000,3d,Toxicity,Original,,103.0545883178711,1.9584217071533203,201.88018798828125,0.8840644359588623,0.7311376333236694,0.3608783483505249,11.153897285461426,8.431609153747559,10.065414428710938,0.33895349502563477,0.2433762401342392,0.8624613881111145,8.618307113647461,0,0.14765621721744537,13.669246673583984,10.590609550476074,37,25,30,0,
2025-12-30 10:15:24.461000,3d,Toxicity,Original,,103.62284851074219,1.8935401439666748,196.2320098876953,0.7422263026237488,0.6857954263687134,0.5785712003707886,11.153897285461426,8.917754173278809,9.87865924835205,0.33166974782943726,0.24742938578128815,0.8180286288261414,9.583194732666016,0,0.15395738184452057,15.015256881713867,9.711393356323242,37,25,30,0,
2025-12-30 10:15:24.461000,FinePointe Series WBP [SN 139781]  Site 4 Bias Flow is out of range.,,,,,,,,,,,,,,,,,,,,,,,,,
2025-12-30 10:15:24.461000,FinePointe Series WBP [SN 10499C]  Site 3 Bias Flow is out of range.,,,,,,,,,,,,,,,,,,,,,,,,,
2025-12-30 10:15:26.461000,3d,Toxicity,Original,,104.34957885742188,1.9901809692382812,207.3712158203125,0.6595796346664429,0.6415019035339355,0.598635196685791,11.153897285461426,9.552206039428711,10.042093276977539,0.33059370517730713,0.24604186415672302,0.8528667688369751,9.826053619384766,0,0.15698391199111938,16.452903747558594,9.86418628692627,37,25,30,0,
2025-12-30 10:15:28.461000,3d,Toxicity,Original,,106.54552459716797,1.881454348564148,200.4238739013672,0.742074191570282,0.690682053565979,0.5595940351486206,11.153897285461426,9.235926628112793,10.379764556884766,0.3260399103164673,0.23759393393993378,0.9094452857971191,10.949590682983398,0,0.14959484338760376,17.195068359375,10.361594200134277,37,25,30,0,
2025-12-30 10:15:30.461000,3d,Toxicity,Original,,109.77499389648438,1.964337944984436,215.64315795898438,0.6573917269706726,0.6890695691108704,0.5659595131874084,11.153897285461426,10.58263874053955,10.120713233947754,0.2977984845638275,0.2492753565311432,0.8560656309127808,9.849390029907227,0,0.15410007536411285,15.79673957824707,10.55165958404541,37,25,30,0,
2025-12-30 10:15:32.461000,3d,Toxicity,Original,,109.17919921875,1.9242498874664307,210.12588500976562,0.7279718518257141,0.6737086176872253,0.6200810074806213,11.153897285461426,9.528990745544434,10.532583236694336,0.31044089794158936,0.23953698575496674,0.880711555480957,9.545845985412598,0,0.15050238370895386,15.49160099029541,9.460057258605957,37,25,30,0,
2025-12-30 10:15:34.461000,3d,Toxicity,Original,,102.05266571044922,1.9823501110076904,202.3054656982422,0.8370883464813232,0.7517143487930298,0.5345088839530945,11.153897285461426,9.17949104309082,10.288236618041992,0.34299179911613464,0.245030015707016,0.8768861293792725,8.745874404907227,0,0.14759394526481628,13.750523567199707,11.419365882873535,37,25,30,0,
2025-12-30 10:15:34.461000,FinePointe Series WBP [SN 139781]  Site 4 Bias Flow is out of range.,,,,,,,,,,,,,,,,,,,,,,,,,
2025-12-30 10:15:34.461000,FinePointe Series WBP [SN 10499C]  Site 3 Bias Flow is out of range.,,,,,,,,,,,,,,,,,,,,,,,,,
2025-12-30 10:15:36.461000,3d,Toxicity,Original,,102.17025756835938,1.9393322467803955,198.04849243164062,0.8809726238250732,0.7606294751167297,0.4717327058315277,11.153897285461426,8.808879852294922,9.985005378723145,0.3351658284664154,0.25238972902297974,0.8142565488815308,8.586463928222656,0,0.1496429443359375,13.95837116241455,12.041131973266602,37,25,30,0,
2025-12-30 10:15:38.461000,3d,Toxicity,Original,,105.6894302368164,1.9036195278167725,201.20907592773438,0.6612339615821838,0.633230984210968,0.6649788022041321,11.153897285461426,9.419029235839844,10.127232551574707,0.3128684163093567,0.2554328143596649,0.8160549402236938,10.24975872039795,0,0.16327305138111115,15.218765258789062,8.437895774841309,37,25,30,0,
2025-12-30 10:15:40.461000,3d,Toxicity,Original,,100.0615005493164,2.0470635890960693,205.09544372558594,0.5261792540550232,0.5671652555465698,0.6444850564002991,11.153897285461426,9.892561912536621,9.66211223602295,0.31904059648513794,0.2944125533103943,0.7695484161376953,8.121343612670898,0,0.19976814091205597,12.357649803161621,9.833412170410156,37,25,30,0,
2025-12-30 10:15:42.461000,3d,Toxicity,Original,,111.91607666015625,1.891696810722351,211.64273071289062,0.6410542726516724,0.6339420080184937,0.6095998883247375,11.153897285461426,9.909002304077148,10.168047904968262,0.3005579710006714,0.23609022796154022,0.8593527674674988,11.061649322509766,0,0.15372179448604584,16.57870101928711,9.364339828491211,37,25,30,0,
2025-12-30 10:15:44.461000,3d,Toxicity,Original,,104.96505737304688,1.8434034585952759,193.36178588867188,0.8378755450248718,0.7222111821174622,0.5330911874771118,11.153897285461426,8.455994606018066,10.284809112548828,0.3308768570423126,0.24094480276107788,0.9026294350624084,9.568955421447754,0,0.14754943549633026,15.370180130004883,10.604521751403809,37,25,30,0,
2025-12-30 10:15:44.461000,FinePointe Series WBP [SN 139781]  Site 4 Bias Flow is out of range.,,,,,,,,,,,,,,,,,,,,,,,,,
2025-12-30 10:15:44.461000,FinePointe Series WBP [SN 10499C]  Site 3 Bias Flow is out of range.,,,,,,,,,,,,,,,,,,,,,,,,,
2025-12-30 10:15:46.461000,3d,Toxicity,Original,,105.72344207763672,1.923295021057129,203.03457641601562,0.8140891790390015,0.6991671919822693,0.5754132866859436,11.153897285461426,8.456930160522461,10.070910453796387,0.3356004059314728,0.2329934984445572,0.8809563517570496,8.546037673950195,0,0.14411841332912445,15.546142578125,10.163313865661621,37,25,30,0,
2025-12-30 10:15:48.461000,3d,Toxicity,Original,,104.0286865234375,1.9505455493927002,202.84439086914062,0.806340217590332,0.7068653106689453,0.5061826109886169,11.153897285461426,8.742181777954102,9.960271835327148,0.3356934189796448,0.24145081639289856,0.8280221819877625,8.503226280212402,0,0.1489536166191101,13.608438491821289,9.952527046203613,37,25,30,0,
2025-12-30 10:15:50.461000,3d,Toxicity,Original,,102.61431884765625,1.9254026412963867,197.4399871826172,0.698056161403656,0.6522261500358582,0.6409602165222168,11.153897285461426,8.836040496826172,10.060674667358398,0.3353254795074463,0.2496110498905182,0.8436676859855652,9.593907356262207,0,0.15882407128810883,15.0534086227417,9.165465354919434,37,25,30,0,
2025-12-30 10:15:52.461000,3d,Toxicity,Original,,103.18107604980469,1.803099513053894,185.96343994140625,0.7587778568267822,0.7550686597824097,0.439765065908432,11.153897285461426,9.118380546569824,9.032079696655273,0.30664438009262085,0.2787882685661316,0.6700186729431152,9.189054489135742,0,0.16556701064109802,13.167028427124023,11.361428260803223,37,25,30,0,
2025-12-30 10:15:52.461000,FinePointe Series WBP [SN 139781]  Site 4 Bias Flow is out of range.,,,,,,,,,,,,,,,,,,,,,,,,,
2025-12-30 10:15:54.461000,3d,Toxicity,Original,,108.44645690917969,2.022691249847412,219.3330078125,0.6112504005432129,0.6421858668327332,0.6172490119934082,11.153897285461426,9.877809524536133,9.87152099609375,0.3102636933326721,0.24325278401374817,0.7973161935806274,9.877729415893555,0,0.15485180914402008,15.085418701171875,9.236783981323242,37,25,30,0,
2025-12-30 10:15:54.461000,FinePointe Series WBP [SN 10499C]  Site 3 Bias Flow is out of range.,,,,,,,,,,,,,,,,,,,,,,,,,
2025-12-30 10:15:56.461000,3d,Toxicity,Original,,110.46748352050781,1.8269271850585938,202.48390197753906,0.7582529783248901,0.660047709941864,0.6017317771911621,11.153897285461426,9.386069297790527,10.478713989257812,0.30717065930366516,0.23701247572898865,0.9102662801742554,9.284676551818848,0,0.15106581151485443,15.906497955322266,9.573904037475586,37,25,30,0,
2025-12-30 10:15:58.461000,3d,Toxicity,Original,,106.24076080322266,1.8572485446929932,197.31883239746094,0.8072617650032043,0.7204293012619019,0.5863147974014282,11.153897285461426,8.823002815246582,9.756601333618164,0.3228170573711395,0.24220231175422668,0.8034992218017578,9.024374961853027,0,0.14795233309268951,12.958529472351074,11.110974311828613,37,25,30,0,
2025-12-30 10:16:00.461000,3d,Toxicity,Original,,102.24542236328125,1.9393316507339478,198.36131286621094,0.7948130369186401,0.6977463960647583,0.5298997163772583,11.153897285461426,8.24754810333252,9.980035781860352,0.34296539425849915,0.24396586418151855,0.8199726343154907,7.5978779792785645,0,0.1501566618680954,12.600245475769043,9.24188232421875,37,25,30,0,
2025-12-30 10:16:02.461000,3d,Toxicity,Original,,104.27855682373047,1.9266154766082764,200.7418975830078,0.7457734942436218,0.6751875877380371,0.5557810664176941,11.153897285461426,8.642268180847168,9.79472827911377,0.3332791030406952,0.2427006959915161,0.8196913003921509,10.097249031066895,0,0.15199014544487,14.933320999145508,10.044719696044922,37,25,30,0,
2025-12-30 10:16:02.461000,FinePointe Series WBP [SN 139781]  Site 4 Bias Flow is out of range.,,,,,,,,,,,,,,,,,,,,,,,,,
2025-12-30 10:16:04.461000,3d,Toxicity,Original,,106.79106140136719,1.882236123085022,200.8492889404297,0.6710618734359741,0.652412474155426,0.6540971994400024,11.153897285461426,8.710014343261719,9.848869323730469,0.3184426426887512,0.24594251811504364,0.8008419275283813,7.845635414123535,0,0.15489591658115387,13.175825119018555,9.40552806854248,37,25,30,0,
2025-12-30 10:16:04.461000,FinePointe Series WBP [SN 10499C]  Site 3 Bias Flow is out of range.,,,,,,,,,,,,,,,,,,,,,,,,,
2025-12-30 10:16:06.461000,3d,Toxicity,Original,,103.72358703613281,1.8644275665283203,193.36778259277344,0.7255644798278809,0.6595662236213684,0.6558900475502014,11.153897285461426,8.21873664855957,9.4447660446167,0.3334815800189972,0.24498312175273895,0.7974217534065247,8.87768840789795,0,0.15495143830776215,14.030471801757812,8.111259460449219,37,25,30,0,
2025-12-30 10:16:08.461000,3d,Toxicity,Original,,103.11551666259766,1.886750340461731,194.57699584960938,0.8604410290718079,0.7405579090118408,0.4416743516921997,11.153897285461426,8.739175796508789,10.22464370727539,0.33212149143218994,0.24979911744594574,0.8062388300895691,7.724621295928955,0,0.14934062957763672,13.791327476501465,10.295248985290527,37,25,30,0,
2025-12-30 10:16:10.461000,3d,Toxicity,Original,,108.8519287109375,1.8325544595718384,199.2743682861328,0.638181209564209,0.6507712602615356,0.5906294584274292,11.153897285461426,9.506487846374512,9.747100830078125,0.30523616075515747,0.2462494969367981,0.7988603711128235,9.33777904510498,0,0.1567542552947998,15.629910469055176,9.49420166015625,37,25,30,0,
2025-12-30 10:16:12.461000,3d,Toxicity,Original,,109.72254943847656,1.9573851823806763,214.4432373046875,0.5986714959144592,0.6378709673881531,0.7154346704483032,11.153897285461426,9.681259155273438,9.88663101196289,0.295683354139328,0.252346932888031,0.7575618028640747,9.580280303955078,0,0.16021743416786194,12.930535316467285,8.750146865844727,37,25,30,0,
2025-12-30 10:16:12.461000,FinePointe Series WBP [SN 139781]  Site 4 Bias Flow is out of range.,,,,,,,,,,,,,,,,,,,,,,,,,
2025-12-30 10:16:12.461000,FinePointe Series WBP [SN 10499C]  Site 3 Bias Flow is out of range.,,,,,,,,,,,,,,,,,,,,,,,,,
2025-12-30 10:16:14.461000,3d,Toxicity,Original,,108.81188201904297,1.965624451637268,213.18310546875,0.6074317693710327,0.647089421749115,0.6776980757713318,11.153897285461426,9.841853141784668,9.743571281433105,0.3009558618068695,0.2533005177974701,0.8111772537231445,8.239688873291016,0,0.1595402956008911,12.985203742980957,8.533930778503418,37,25,30,0,
2025-12-30 10:16:16.461000,3d,Toxicity,Original,,110.07442474365234,1.8964009284973145,208.53346252441406,0.6835334300994873,0.6706671714782715,0.6476501226425171,11.153897285461426,9.514276504516602,9.922701835632324,0.30968397855758667,0.23732444643974304,0.8331925868988037,8.873534202575684,0,0.1499159038066864,15.10571002960205,10.371356964111328,37,25,30,0,
2025-12-30 10:16:18.461000,3d,Toxicity,Original,,106.60548400878906,1.8355711698532104,195.6204071044922,0.7809051871299744,0.6654280424118042,0.6259180903434753,11.153897285461426,8.19876766204834,9.975175857543945,0.3223356604576111,0.24072915315628052,0.8261464834213257,8.458293914794922,0,0.15061062574386597,12.8522367477417,8.752571105957031,37,25,30,0,
2025-12-30 10:16:20.461000,3d,Toxicity,Original,,104.52616119384766,1.8685652017593384,195.3039093017578,0.8009755611419678,0.704789936542511,0.5650162696838379,11.153897285461426,8.120864868164062,9.571837425231934,0.3337876498699188,0.24037563800811768,0.8186898827552795,8.527308464050293,0,0.14780323207378387,13.79446792602539,9.252161979675293,37,25,30,0,
2025-12-30 10:16:22.461000,3d,Toxicity,Original,,106.62027740478516,1.937748670578003,206.59793090820312,0.6969730854034424,0.6689265966415405,0.6333253383636475,11.153897285461426,8.98145580291748,9.534704208374023,0.3165391683578491,0.24753805994987488,0.8110425472259521,8.811197280883789,0,0.1550171673297882,13.501886367797852,9.148046493530273,37,25,30,0,
2025-12-30 10:16:24.461000,3d,Toxicity,Original,,102.87530517578125,1.8008936643600464,185.05726623535156,0.7749293446540833,0.6751218438148499,0.5549721717834473,11.153897285461426,7.856512069702148,9.517526626586914,0.3318825960159302,0.25197839736938477,0.8054852485656738,9.713109016418457,0,0.15861783921718597,13.147439956665039,9.404958724975586,37,25,30,0,
2025-12-30 10:16:24.461000,FinePointe Series WBP [SN 139781]  Site 4 Bias Flow is out of range.,,,,,,,,,,,,,,,,,,,,,,,,,
2025-12-30 10:16:24.461000,FinePointe Series WBP [SN 10499C]  Site 3 Bias Flow is out of range.,,,,,,,,,,,,,,,,,,,,,,,,,
2025-12-30 10:16:26.461000,3d,Toxicity,Original,,109.51943969726562,1.916320562362671,209.60659790039062,0.617335319519043,0.6527882814407349,0.6925417184829712,11.153897285461426,9.735780715942383,9.646285057067871,0.296775221824646,0.251564621925354,0.7553848028182983,9.053245544433594,0,0.15935862064361572,13.478788375854492,8.483410835266113,37,25,30,0,
2025-12-30 10:16:28.461000,3d,Toxicity,Original,,104.62723541259766,1.8812562227249146,196.72882080078125,0.66717129945755,0.6396583318710327,0.6996508240699768,11.153897285461426,8.833808898925781,9.523737907409668,0.32322633266448975,0.2504342496395111,0.7841282486915588,10.062529563903809,0,0.16071641445159912,14.41710376739502,10.214481353759766,37,25,30,0,
2025-12-30 10:16:30.461000,3d,Toxicity,Original,,99.43575286865234,2.060419797897339,199.2351837158203,0.6808607578277588,0.6801497936248779,0.5087878704071045,11.153897285461426,9.206561088562012,9.144721984863281,0.33621764183044434,0.29621776938438416,0.7324820160865784,14.507119178771973,0,0.18458439409732819,12.243220329284668,9.91104507446289,37,25,30,0,
2025-12-30 10:16:32.461000,3d,Toxicity,Original,,104.48861694335938,1.9302842617034912,201.05499267578125,0.5604362487792969,0.5967693328857422,0.7662914395332336,11.153897285461426,9.499377250671387,9.383872985839844,0.299721360206604,0.2851031422615051,0.6713061332702637,7.756218910217285,0,0.18763785064220428,10.184586524963379,9.294718742370605,37,25,30,0,
2025-12-30 10:16:34.461000,3d,Toxicity,Original,,109.03678131103516,1.8055912256240845,196.47335815429688,0.7531697750091553,0.66458660364151,0.5211154818534851,11.153897285461426,8.554607391357422,9.719511985778809,0.3111242651939392,0.2404622584581375,0.796253502368927,9.950246810913086,0,0.1506832093000412,13.255374908447266,9.756187438964844,37,25,30,0,
2025-12-30 10:16:34.461000,FinePointe Series WBP [SN 139781]  Site 4 Bias Flow is out of range.,,,,,,,,,,,,,,,,,,,,,,,,,
2025-12-30 10:16:34.461000,FinePointe Series WBP [SN 10499C]  Site 3 Bias Flow is out of range.,,,,,,,,,,,,,,,,,,,,,,,,,
2025-12-30 10:16:36.461000,3d,Toxicity,Original,,118.0423812866211,1.9335685968399048,227.56890869140625,0.5380295515060425,0.6327484250068665,0.6649889945983887,11.153897285461426,10.509334564208984,9.6219482421875,0.26830336451530457,0.24177144467830658,0.7524141669273376,8.492307662963867,0,0.15388309955596924,13.123525619506836,8.57535457611084,37,25,30,0,
2025-12-30 10:16:38.461000,3d,Toxicity,Original,,112.28863525390625,1.8169296979904175,203.97628784179688,0.6992253065109253,0.6496967077255249,0.5096569061279297,11.153897285461426,9.156391143798828,10.354488372802734,0.2920522093772888,0.2428528368473053,0.8370736837387085,8.390971183776855,0,0.15372979640960693,13.52261734008789,8.784431457519531,37,25,30,0,
2025-12-30 10:16:40.461000,3d,Toxicity,Original,,112.2497329711914,1.792625904083252,200.8036346435547,0.7261695265769958,0.6687718033790588,0.6098248958587646,11.153897285461426,8.7362060546875,9.770467758178711,0.30229422450065613,0.2338026463985443,0.8071004152297974,8.765148162841797,0,0.1459065079689026,13.39999771118164,9.552366256713867,37,25,30,0,
2025-12-30 10:16:42.461000,3d,Toxicity,Original,,108.65838623046875,1.9296796321868896,209.59507751464844,0.665993332862854,0.6569133400917053,0.7074768543243408,11.153897285461426,8.76333999633789,9.400558471679688,0.31377872824668884,0.23907239735126495,0.7890198826789856,8.70327091217041,0,0.1510458141565323,12.69632339477539,8.647263526916504,37,25,30,0,
2025-12-30 10:16:44.461000,3d,Toxicity,Original,,102.68017578125,1.8586702346801758,190.90179443359375,0.7865088582038879,0.6763854026794434,0.6094937920570374,11.153897285461426,7.999393939971924,10.178857803344727,0.33394286036491394,0.2504718601703644,0.844764769077301,8.411201477050781,0,0.15570074319839478,13.220661163330078,8.717456817626953,37,25,30,0,
2025-12-30 10:16:44.461000,FinePointe Series WBP [SN 139781]  Site 4 Bias Flow is out of range.,,,,,,,,,,,,,,,,,,,,,,,,,
2025-12-30 10:16:44.461000,FinePointe Series WBP [SN 10499C]  Site 3 Bias Flow is out of range.,,,,,,,,,,,,,,,,,,,,,,,,,
2025-12-30 10:16:46.461000,3d,Toxicity,Original,,104.2890625,1.8704676628112793,194.74400329589844,0.7257881760597229,0.649955689907074,0.6770296692848206,11.153897285461426,8.240607261657715,9.88940715789795,0.32667818665504456,0.24920158088207245,0.8217198848724365,8.186755180358887,0,0.15883304178714752,12.625229835510254,9.563699722290039,37,25,30,0,
2025-12-30 10:16:48.461000,3d,Toxicity,Original,,105.95613098144531,1.934633731842041,204.6950225830078,0.6456459760665894,0.688885509967804,0.5181432366371155,11.153897285461426,9.204137802124023,8.819231986999512,0.3118036985397339,0.255242258310318,0.7346327304840088,8.785782814025879,0,0.15787923336029053,12.873551368713379,9.900732040405273,37,25,30,0,
2025-12-30 10:16:50.461000,3d,Toxicity,Original,,108.27469635009766,1.9124870300292969,207.2421875,0.6085155606269836,0.644099771976471,0.6460442543029785,11.153897285461426,10.172574996948242,10.062079429626465,0.2986231744289398,0.25578776001930237,0.8231662511825562,9.785429000854492,0,0.16148138046264648,14.961811065673828,9.980586051940918,37,25,30,0,
2025-12-30 10:16:52.461000,3d,Toxicity,Original,,106.96334838867188,1.873395323753357,200.4278564453125,0.6210007071495056,0.6093629598617554,0.7015295624732971,11.153897285461426,8.9313383102417,9.918206214904785,0.30809417366981506,0.2535334825515747,0.7659121751785278,8.85383415222168,0,0.16421784460544586,13.007977485656738,7.717736721038818,37,25,30,0,
2025-12-30 10:16:54.461000,3d,Toxicity,Original,,112.0108642578125,1.7725553512573242,198.54161071777344,0.7696941494941711,0.7009585499763489,0.5681448578834534,11.153897285461426,9.235725402832031,9.97858715057373,0.29755353927612305,0.23840780556201935,0.837108314037323,8.889323234558105,0,0.14651426672935486,13.46877670288086,10.834395408630371,37,25,30,0,
2025-12-30 10:16:54.461000,FinePointe Series WBP [SN 139781]  Site 4 Bias Flow is out of range.,,,,,,,,,,,,,,,,,,,,,,,,,
2025-12-30 10:16:54.461000,FinePointe Series WBP [SN 10499C]  Site 3 Bias Flow is out of range.,,,,,,,,,,,,,,,,,,,,,,,,,
2025-12-30 10:16:56.461000,3d,Toxicity,Original,,106.62530517578125,1.9155669212341309,204.0972442626953,0.7095322608947754,0.6855682730674744,0.6439046263694763,11.153897285461426,8.776741981506348,9.42211627960205,0.3178548216819763,0.2450203150510788,0.801068902015686,8.495316505432129,0,0.15113066136837006,12.830169677734375,10.607575416564941,37,25,30,0,
2025-12-30 10:16:58.461000,3d,Toxicity,Original,,103.86492156982422,1.9077273607254028,198.07785034179688,0.7695325613021851,0.7070302367210388,0.6368933916091919,11.153897285461426,8.543676376342773,9.472187042236328,0.3255365192890167,0.2531787157058716,0.7869503498077393,7.944775104522705,0,0.15439292788505554,12.040132522583008,9.882787704467773,37,25,30,0,
2025-12-30 10:17:00.461000,3d,Toxicity,Original,,107.0712890625,1.8589223623275757,199.0543212890625,0.8420901894569397,0.7548428177833557,0.4184185266494751,11.153897285461426,8.561393737792969,9.46302604675293,0.3146961033344269,0.2456967532634735,0.772106945514679,7.551775932312012,0,0.14609739184379578,11.528193473815918,11.037637710571289,37,25,30,0,
2025-12-30 10:17:02.461000,3d,Toxicity,Original,,106.74797058105469,1.9200348854064941,204.85011291503906,0.6441031694412231,0.6741587519645691,0.6567428112030029,11.153897285461426,9.524781227111816,9.520076751708984,0.31278151273727417,0.24983802437782288,0.808777391910553,8.564714431762695,0,0.155682772397995,14.101237297058105,9.554577827453613,37,25,30,0,
2025-12-30 10:17:02.461000,FinePointe Series WBP [SN 139781]  Site 4 Bias Flow is out of range.,,,,,,,,,,,,,,,,,,,,,,,,,
2025-12-30 10:17:04.461000,3d,Toxicity,Original,,104.67869567871094,1.924625277519226,201.3257598876953,0.7154776453971863,0.6733748316764832,0.5464254021644592,11.153897285461426,8.977466583251953,9.651164054870605,0.3087581992149353,0.2646109461784363,0.7860385775566101,8.520495414733887,0,0.16406936943531036,11.891112327575684,9.556690216064453,37,25,30,0,
2025-12-30 10:17:04.461000,FinePointe Series WBP [SN 10499C]  Site 3 Bias Flow is out of range.,,,,,,,,,,,,,,,,,,,,,,,,,
2025-12-30 10:17:06.461000,3d,Toxicity,Original,,105.71588134765625,1.8346247673034668,193.9285888671875,0.7360339164733887,0.6791834831237793,0.617422878742218,11.153897285461426,8.314416885375977,9.292680740356445,0.3137364387512207,0.2540231943130493,0.7499756813049316,7.908729553222656,0,0.15718507766723633,11.877300262451172,8.605049133300781,37,25,30,0,
2025-12-30 10:17:08.461000,3d,Toxicity,Original,,106.9520263671875,1.9629260301589966,209.6559295654297,0.6516410112380981,0.6704440116882324,0.5949325561523438,11.153897285461426,9.20353889465332,9.64898681640625,0.304431289434433,0.25738951563835144,0.830163836479187,8.21927261352539,0,0.15961337089538574,13.393961906433105,8.968111991882324,37,25,30,0,
2025-12-30 10:17:10.461000,3d,Toxicity,Original,,109.86613464355469,1.89254629611969,207.84024047851562,0.6067748069763184,0.6408131122589111,0.5793410539627075,11.153897285461426,9.679340362548828,9.45583724975586,0.29543203115463257,0.25079551339149475,0.7717621922492981,9.548177719116211,0,0.16039322316646576,13.529790878295898,9.10436725616455,37,25,30,0,
2025-12-30 10:17:12.461000,3d,Toxicity,Original,,111.40054321289062,1.8932812213897705,210.97866821289062,0.6156816482543945,0.6567947864532471,0.6917262077331543,11.153897285461426,9.843487739562988,9.261421203613281,0.2920701801776886,0.24804647266864777,0.7770835161209106,9.278779983520508,0,0.15640944242477417,13.009202003479004,9.258166313171387,37,25,30,0,
2025-12-30 10:17:12.461000,FinePointe Series WBP [SN 139781]  Site 4 Bias Flow is out of range.,,,,,,,,,,,,,,,,,,,,,,,,,
2025-12-30 10:17:14.461000,3d,Toxicity,Original,,109.90229797363281,1.8880665302276611,207.59603881835938,0.6321479678153992,0.6687865853309631,0.6356370449066162,11.153897285461426,10.04028606414795,9.482723236083984,0.2891350984573364,0.2578384280204773,0.7939584851264954,9.330697059631348,0,0.16066643595695496,13.246326446533203,10.20211410522461,37,25,30,0,
2025-12-30 10:17:14.461000,FinePointe Series WBP [SN 10499C]  Site 3 Bias Flow is out of range.,,,,,,,,,,,,,,,,,,,,,,,,,
2025-12-30 10:17:16.461000,3d,Toxicity,Original,,107.86749267578125,1.8285049200057983,196.686279296875,0.6379546523094177,0.6564866900444031,0.6114528179168701,11.153897285461426,9.724149703979492,9.447829246520996,0.30592408776283264,0.25279951095581055,0.77243572473526,11.461615562438965,0,0.16010618209838867,14.894911766052246,10.022780418395996,37,25,30,0,
2025-12-30 10:17:18.461000,3d,Toxicity,Original,,105.50706481933594,1.9178407192230225,202.36447143554688,0.7239648103713989,0.6756556630134583,0.6257836818695068,11.153897285461426,8.430567741394043,9.42198371887207,0.31792765855789185,0.2508898377418518,0.7903051376342773,9.377057075500488,0,0.1561233401298523,10.982479095458984,9.866944313049316,37,25,30,0,
2025-12-30 10:17:20.461000,3d,Toxicity,Original,,99.08516693115234,1.898964524269104,187.55934143066406,0.5411763191223145,0.5723558664321899,0.6311280727386475,11.153897285461426,9.00253677368164,9.283714294433594,0.3078240156173706,0.3059517443180084,0.7119766473770142,8.605729103088379,0,0.20642265677452087,9.657495498657227,6.023504257202148,37,25,30,0,
2025-12-30 10:17:22.461000,3d,Toxicity,Original,,108.84456634521484,1.814103603363037,197.50067138671875,0.7864151000976562,0.697345495223999,0.4345302879810333,11.153897285461426,8.797321319580078,9.87441635131836,0.304727703332901,0.24689717590808868,0.8073632717132568,8.521501541137695,0,0.1517488658428192,12.934269905090332,9.726590156555176,37,25,30,0,
2025-12-30 10:17:22.461000,FinePointe Series WBP [SN 139781]  Site 4 Bias Flow is out of range.,,,,,,,,,,,,,,,,,,,,,,,,,
2025-12-30 10:17:22.461000,FinePointe Series WBP [SN 10499C]  Site 3 Bias Flow is out of range.,,,,,,,,,,,,,,,,,,,,,,,,,
2025-12-30 10:17:24.461000,3d,Toxicity,Original,,105.775390625,1.9307395219802856,204.1217803955078,0.7108697295188904,0.689349353313446,0.6023419499397278,11.153897285461426,8.833008766174316,8.947994232177734,0.3189980983734131,0.24851134419441223,0.7463297247886658,7.382565498352051,0,0.15257135033607483,12.334001541137695,9.291180610656738,37,25,30,0,
2025-12-30 10:17:26.461000,3d,Toxicity,Original,,108.66809844970703,1.8744373321533203,203.53131103515625,0.6836899518966675,0.6746575236320496,0.5392529964447021,11.153897285461426,9.34836483001709,9.56795597076416,0.3012423515319824,0.2512356638908386,0.7516652345657349,8.620072364807129,0,0.1567421704530716,12.572904586791992,10.014402389526367,37,25,30,0,
2025-12-30 10:17:28.461000,3d,Toxicity,Original,,105.38825988769531,1.8654237985610962,196.60650634765625,0.7674962878227234,0.7221671342849731,0.4681594967842102,11.153897285461426,9.023008346557617,9.373997688293457,0.3203709125518799,0.24895800650119781,0.7868475914001465,8.319612503051758,0,0.1507273018360138,13.576398849487305,10.867193222045898,37,25,30,0,
2025-12-30 10:17:30.461000,3d,Toxicity,Original,,103.08190155029297,1.9323843717575073,199.04083251953125,0.6488389372825623,0.6755623817443848,0.5399710536003113,11.153897285461426,9.292383193969727,9.520780563354492,0.3179362416267395,0.26481831073760986,0.7776556015014648,8.239801406860352,0,0.16439136862754822,12.439603805541992,10.48351764678955,37,25,30,0,
2025-12-30 10:17:32.461000,3d,Toxicity,Original,,105.93927764892578,1.899339199066162,201.24554443359375,0.6770576238632202,0.6825200319290161,0.6486741304397583,11.153897285461426,9.308119773864746,9.373477935791016,0.3145201802253723,0.2531355023384094,0.8058828711509705,8.92982006072998,0,0.15811438858509064,14.04202938079834,10.231977462768555,37,25,30,0,
2025-12-30 10:17:34.461000,3d,Toxicity,Original,,108.04916381835938,1.8912794589996338,204.33753967285156,0.714917004108429,0.7085832357406616,0.36126571893692017,11.153897285461426,9.270593643188477,8.897296905517578,0.3067263662815094,0.24887441098690033,0.7403968572616577,8.784037590026855,0,0.15177695453166962,12.869489669799805,10.345196723937988,37,25,30,0,
2025-12-30 10:17:34.461000,FinePointe Series WBP [SN 139781]  Site 4 Bias Flow is out of range.,,,,,,,,,,,,,,,,,,,,,,,,,
2025-12-30 10:17:34.461000,FinePointe Series WBP [SN 10499C]  Site 3 Bias Flow is out of range.,,,,,,,,,,,,,,,,,,,,,,,,,
2025-12-30 10:17:36.461000,3d,Toxicity,Original,,110.34029388427734,1.7959932088851929,197.88967895507812,0.7059992551803589,0.699280858039856,0.4702225923538208,11.153897285461426,9.767410278320312,9.436532974243164,0.28265145421028137,0.26255521178245544,0.8267829418182373,9.161421775817871,0,0.1601702868938446,13.174149513244629,11.03505802154541,37,25,30,0,
2025-12-30 10:17:38.461000,3d,Toxicity,Original,,106.90525817871094,1.8735735416412354,200.33294677734375,0.7620234489440918,0.7068246006965637,0.5200746059417725,11.153897285461426,8.879449844360352,9.710216522216797,0.3147243857383728,0.24690476059913635,0.8194081783294678,8.408239364624023,0,0.15171653032302856,12.705158233642578,10.54581356048584,37,25,30,0,
2025-12-30 10:17:40.461000,3d,Toxicity,Original,,103.94965362548828,1.888084888458252,196.21304321289062,0.7573889493942261,0.7227804660797119,0.4217768609523773,11.153897285461426,8.600602149963379,8.845871925354004,0.3169359862804413,0.26032838225364685,0.7025220394134521,7.985162734985352,0,0.15683932602405548,11.179394721984863,9.439990997314453,37,25,30,0,
2025-12-30 10:17:42.461000,3d,Toxicity,Original,,105.30599975585938,1.8475016355514526,194.25112915039062,0.6978411674499512,0.6780072450637817,0.5872045755386353,11.153897285461426,8.833346366882324,9.160755157470703,0.31860554218292236,0.2515341341495514,0.7094370722770691,7.817268371582031,0,0.15655624866485596,12.067826271057129,9.946626663208008,37,25,30,0,
2025-12-30 10:17:44.461000,3d,Toxicity,Original,,108.66854095458984,1.8446226119995117,200.55975341796875,0.6093380451202393,0.6155543327331543,0.7416176199913025,11.153897285461426,9.248529434204102,9.890156745910645,0.2893567979335785,0.2631414234638214,0.741860568523407,8.287983894348145,0,0.16921408474445343,11.979532241821289,8.26659870147705,37,25,30,0,
2025-12-30 10:17:44.461000,FinePointe Series WBP [SN 139781]  Site 4 Bias Flow is out of range.,,,,,,,,,,,,,,,,,,,,,,,,,
2025-12-30 10:17:44.461000,FinePointe Series WBP [SN 10499C]  Site 3 Bias Flow is out of range.,,,,,,,,,,,,,,,,,,,,,,,,,
2025-12-30 10:17:46.461000,3d,Toxicity,Original,,104.22784423828125,1.9178287982940674,199.86314392089844,0.6514941453933716,0.684073805809021,0.5926768779754639,11.153897285461426,9.105029106140137,8.65677261352539,0.31716132164001465,0.25890374183654785,0.7169740200042725,8.716985702514648,0,0.15942350029945374,12.842248916625977,9.976361274719238,37,25,30,0,
2025-12-30 10:17:48.461000,3d,Toxicity,Original,,105.07476043701172,1.861510992050171,195.58633422851562,0.6469430923461914,0.6491845846176147,0.7211436629295349,11.153897285461426,8.94279670715332,9.325333595275879,0.31247374415397644,0.25883975625038147,0.7343729138374329,9.631308555603027,0,0.16320909559726715,11.348052024841309,8.52164077758789,37,25,30,0,
2025-12-30 10:17:50.461000,3d,Toxicity,Original,,106.69699096679688,1.8519266843795776,197.04029846191406,0.6584567427635193,0.6552280783653259,0.6720208525657654,11.153897285461426,8.770360946655273,9.456088066101074,0.3008759617805481,0.26294395327568054,0.755237340927124,7.644263744354248,0,0.16533121466636658,10.638772964477539,9.020289421081543,37,25,30,0,
2025-12-30 10:17:52.461000,3d,Toxicity,Original,,107.11973571777344,1.8832249641418457,201.80194091796875,0.6513121724128723,0.6822198033332825,0.4827287793159485,11.153897285461426,9.470010757446289,8.752010345458984,0.3009331524372101,0.2594776749610901,0.7166683077812195,8.144262313842773,0,0.15968286991119385,11.779337882995605,9.81442642211914,37,25,30,0,
2025-12-30 10:17:54.461000,3d,Toxicity,Original,,109.90782165527344,1.7644509077072144,193.9867706298828,0.6543799042701721,0.690902590751648,0.6098241806030273,11.153897285461426,9.38508415222168,8.921929359436035,0.28712722659111023,0.25882259011268616,0.7654750347137451,10.438846588134766,0,0.15930749475955963,13.094823837280273,11.74280071258545,37,25,30,0,
2025-12-30 10:17:54.461000,FinePointe Series WBP [SN 139781]  Site 4 Bias Flow is out of range.,,,,,,,,,,,,,,,,,,,,,,,,,
2025-12-30 10:17:54.461000,FinePointe Series WBP [SN 10499C]  Site 3 Bias Flow is out of range.,,,,,,,,,,,,,,,,,,,,,,,,,
2025-12-30 10:17:56.461000,3d,Toxicity,Original,,105.91670227050781,1.8482730388641357,195.84536743164062,0.6246496438980103,0.6530177593231201,0.6814358830451965,11.153897285461426,8.914198875427246,8.629056930541992,0.308168888092041,0.2584189474582672,0.7016066908836365,9.270920753479004,0,0.1627301424741745,12.57820987701416,9.026935577392578,37,25,30,0,
2025-12-30 10:17:58.461000,3d,Toxicity,Original,,109.55125427246094,1.8739274740219116,205.32220458984375,0.6248002052307129,0.6664532423019409,0.6593677401542664,11.153897285461426,9.30663013458252,9.123250961303711,0.28569018840789795,0.26221251487731934,0.7512294054031372,7.725199222564697,0,0.1629837453365326,10.970511436462402,9.40102767944336,37,25,30,0,
2025-12-30 10:18:00.461000,3d,Toxicity,Original,,100.8194351196289,1.8877564668655396,190.29403686523438,0.7951884865760803,0.740204393863678,0.5260286927223206,11.153897285461426,8.511399269104004,8.681604385375977,0.33017057180404663,0.2651016116142273,0.7284576892852783,7.843108654022217,0,0.1585548371076584,11.450545310974121,10.023965835571289,37,25,30,0,
2025-12-30 10:18:02.461000,3d,Toxicity,Original,,105.83961486816406,1.8323630094528198,193.95199584960938,0.6857553124427795,0.6941191554069519,0.5955718159675598,11.153897285461426,8.959465026855469,8.805242538452148,0.3103787302970886,0.2565250098705292,0.6838855147361755,7.777148246765137,0,0.1569705307483673,11.715129852294922,10.97668743133545,37,25,30,0,
2025-12-30 10:18:02.461000,FinePointe Series WBP [SN 139781]  Site 4 Bias Flow is out of range.,,,,,,,,,,,,,,,,,,,,,,,,,
2025-12-30 10:18:04.461000,3d,Toxicity,Original,,107.34100341796875,1.787819266319275,191.746337890625,0.6505886316299438,0.6706440448760986,0.5710780620574951,11.153897285461426,9.490887641906738,9.252859115600586,0.2978081703186035,0.26180848479270935,0.7711743116378784,10.014457702636719,0,0.16394715011119843,13.79998779296875,11.627394676208496,37,25,30,0,
2025-12-30 10:18:04.461000,FinePointe Series WBP [SN 10499C]  Site 3 Bias Flow is out of range.,,,,,,,,,,,,,,,,,,,,,,,,,
2025-12-30 10:18:06.461000,3d,Toxicity,Original,,103.6466293334961,1.8486988544464111,191.6639862060547,0.7952659726142883,0.7487401366233826,0.4167358875274658,11.153897285461426,8.473824501037598,8.659167289733887,0.32001087069511414,0.2589598000049591,0.7440952658653259,6.747950553894043,0,0.15423330664634705,11.201465606689453,11.106912612915039,37,25,30,0,
2025-12-30 10:18:08.461000,3d,Toxicity,Original,,105.2459487915039,1.882936716079712,198.25144958496094,0.5942552089691162,0.6668930053710938,0.5619034171104431,11.153897285461426,9.667787551879883,8.720779418945312,0.2994003891944885,0.27102598547935486,0.6633434295654297,8.272775650024414,0,0.16862082481384277,12.014756202697754,9.552494049072266,37,25,30,0,
2025-12-30 10:18:10.461000,3d,Toxicity,Original,,103.90567016601562,1.897728443145752,197.21649169921875,0.5523331761360168,0.6271477937698364,0.7869896292686462,11.153897285461426,9.29632568359375,8.611236572265625,0.3045234680175781,0.2729589343070984,0.6254715919494629,8.568347930908203,0,0.17421479523181915,10.781089782714844,8.20133113861084,37,25,30,0,
2025-12-30 10:18:12.461000,3d,Toxicity,Original,,102.53834533691406,1.8456659317016602,188.469970703125,0.5093162655830383,0.5930591225624084,0.6799184083938599,11.153897285461426,9.58055591583252,8.77905559539795,0.2894783020019531,0.3065778613090515,0.656721293926239,8.84027099609375,0,0.20284415781497955,9.82941722869873,9.467024803161621,37,25,30,0,
2025-12-30 10:18:12.461000,FinePointe Series WBP [SN 139781]  Site 4 Bias Flow is out of range.,,,,,,,,,,,,,,,,,,,,,,,,,
2025-12-30 10:18:14.461000,3d,Toxicity,Original,,116.61605072021484,1.8100491762161255,211.41384887695312,0.5584169030189514,0.6502524018287659,0.5996960997581482,11.153897285461426,10.435415267944336,9.17210578918457,0.27093666791915894,0.2439548671245575,0.7360720038414001,8.823163986206055,0,0.15325000882148743,13.3381986618042,10.717835426330566,37,25,30,0,
2025-12-30 10:18:14.461000,FinePointe Series WBP [SN 10499C]  Site 3 Bias Flow is out of range.,,,,,,,,,,,,,,,,,,,,,,,,,
2025-12-30 10:18:16.461000,3d,Toxicity,Original,,105.63916015625,1.7439978122711182,184.21678161621094,0.706295371055603,0.6585781574249268,0.492235004901886,11.153897285461426,8.231578826904297,8.897735595703125,0.31556522846221924,0.2527167797088623,0.7209305167198181,7.959330081939697,0,0.1592428982257843,12.570247650146484,9.004228591918945,37,25,30,0,
2025-12-30 10:18:18.461000,3d,Toxicity,Original,,103.97943878173828,1.824693202972412,189.7422332763672,0.7327678799629211,0.6815124750137329,0.609924852848053,11.153897285461426,8.622922897338867,9.218449592590332,0.31933343410491943,0.25791627168655396,0.7181062698364258,8.364351272583008,0,0.15953603386878967,11.491694450378418,8.977097511291504,37,25,30,0,
2025-12-30 10:18:20.461000,3d,Toxicity,Original,,103.78584289550781,1.8889716863632202,195.95120239257812,0.6716174483299255,0.6890119314193726,0.606913685798645,11.153897285461426,9.028499603271484,8.690797805786133,0.3196425437927246,0.2588825821876526,0.7379207611083984,8.28574275970459,0,0.15996043384075165,13.015008926391602,10.395227432250977,37,25,30,0,
2025-12-30 10:18:22.461000,3d,Toxicity,Original,,111.23821258544922,1.8722560405731201,207.98251342773438,0.646319568157196,0.6806241869926453,0.6341818571090698,11.153897285461426,9.67100715637207,9.236066818237305,0.2782334089279175,0.2632704973220825,0.6762354969978333,7.211612224578857,0,0.1617298275232315,8.83293342590332,10.266118049621582,37,25,30,0,
2025-12-30 10:18:22.461000,FinePointe Series WBP [SN 139781]  Site 4 Bias Flow is out of range.,,,,,,,,,,,,,,,,,,,,,,,,,
2025-12-30 10:18:22.461000,FinePointe Series WBP [SN 10499C]  Site 3 Bias Flow is out of range.,,,,,,,,,,,,,,,,,,,,,,,,,
2025-12-30 10:18:24.461000,3d,Toxicity,Original,,103.05899047851562,1.7662564516067505,181.99546813964844,0.7894524335861206,0.7297239303588867,0.531351625919342,11.153897285461426,8.600666999816895,9.052230834960938,0.315703809261322,0.266528457403183,0.7297604084014893,8.673741340637207,0,0.16119536757469177,11.449823379516602,9.365524291992188,37,25,30,0,
2025-12-30 10:18:26.461000,3d,Toxicity,Original,,106.52106475830078,1.8833303451538086,200.48094177246094,0.6911150217056274,0.7134357690811157,0.6672587394714355,11.153897285461426,8.834532737731934,8.823958396911621,0.2975337505340576,0.2664501667022705,0.7048627734184265,6.953202724456787,0,0.1611933559179306,9.927840232849121,10.327923774719238,37,25,30,0,
2025-12-30 10:18:28.461000,3d,Toxicity,Original,,102.97863006591797,1.9310777187347412,198.63768005371094,0.7097920775413513,0.6819930076599121,0.7088136076927185,11.153897285461426,8.80521011352539,9.130830764770508,0.32296639680862427,0.25989681482315063,0.7206732034683228,7.035251617431641,0,0.16012558341026306,10.708385467529297,9.046341896057129,37,25,30,0,
2025-12-30 10:18:30.461000,3d,Toxicity,Original,,104.40003204345703,1.8409924507141113,192.3964385986328,0.724479079246521,0.6910759806632996,0.5859149098396301,11.153897285461426,8.53771686553955,8.35223388671875,0.31545576453208923,0.25961267948150635,0.6709771752357483,8.628312110900879,0,0.16096092760562897,11.613409042358398,9.930665016174316,37,25,30,0,
2025-12-30 10:18:32.461000,3d,Toxicity,Original,,104.5664291381836,1.8192665576934814,190.18582153320312,0.7071048617362976,0.6861396431922913,0.6592620015144348,11.153897285461426,8.872989654541016,9.301948547363281,0.30747613310813904,0.2666320502758026,0.7810616493225098,9.131701469421387,0,0.16504879295825958,12.595932006835938,10.990703582763672,37,25,30,0,
2025-12-30 10:18:34.461000,3d,Toxicity,Original,,106.1581039428711,1.9230583906173706,204.01181030273438,0.5815088152885437,0.6644790172576904,0.6869259476661682,11.153897285461426,9.66795825958252,8.767805099487305,0.3021436333656311,0.2646509110927582,0.7222629189491272,7.719768524169922,0,0.16453270614147186,12.309511184692383,9.583250045776367,37,25,30,0,
2025-12-30 10:18:34.461000,FinePointe Series WBP [SN 139781]  Site 4 Bias Flow is out of range.,,,,,,,,,,,,,,,,,,,,,,,,,
2025-12-30 10:18:34.461000,FinePointe Series WBP [SN 10499C]  Site 3 Bias Flow is out of range.,,,,,,,,,,,,,,,,,,,,,,,,,
2025-12-30 10:18:36.461000,3d,Toxicity,Original,,104.3429946899414,1.8399245738983154,192.0059356689453,0.6903479695320129,0.693960428237915,0.5882277488708496,11.153897285461426,8.872811317443848,8.640010833740234,0.31177380681037903,0.2635338604450226,0.6871101260185242,7.75417947769165,0,0.161182701587677,12.359254837036133,9.925956726074219,37,25,30,0,
2025-12-30 10:18:38.461000,3d,Toxicity,Original,,112.43426513671875,1.7385878562927246,195.30467224121094,0.5837557315826416,0.6895977854728699,0.6558828949928284,11.153897285461426,9.995443344116211,8.462895393371582,0.2692248821258545,0.26459547877311707,0.6865317225456238,8.59398365020752,0,0.16234049201011658,11.963780403137207,9.610387802124023,37,25,30,0,
2025-12-30 10:18:40.461000,3d,Toxicity,Original,,107.2982406616211,1.8941898345947266,203.2991485595703,0.5645250678062439,0.6363468766212463,0.6662455201148987,11.153897285461426,9.393974304199219,8.845979690551758,0.2968926429748535,0.26244208216667175,0.6904385089874268,7.556889057159424,0,0.16570241749286652,10.779623031616211,9.326850891113281,37,25,30,0,
2025-12-30 10:18:42.461000,3d,Toxicity,Original,,104.37326049804688,1.8478217124938965,192.8310546875,0.6840324401855469,0.6728370785713196,0.6792629361152649,11.153897285461426,8.687164306640625,8.879348754882812,0.3162890672683716,0.2586557865142822,0.7089977860450745,7.599864959716797,0,0.16025692224502563,11.087153434753418,8.233567237854004,37,25,30,0,
2025-12-30 10:18:44.461000,3d,Toxicity,Original,,102.15597534179688,1.8400310277938843,187.82241821289062,0.7925260066986084,0.7240902185440063,0.422907292842865,11.153897285461426,8.238655090332031,8.742429733276367,0.3215261697769165,0.2660629153251648,0.6929932236671448,7.171867847442627,0,0.1606072187423706,10.220222473144531,10.208109855651855,37,25,30,0,
2025-12-30 10:18:44.461000,FinePointe Series WBP [SN 139781]  Site 4 Bias Flow is out of range.,,,,,,,,,,,,,,,,,,,,,,,,,
2025-12-30 10:18:44.461000,FinePointe Series WBP [SN 10499C]  Site 3 Bias Flow is out of range.,,,,,,,,,,,,,,,,,,,,,,,,,
2025-12-30 10:18:46.461000,3d,Toxicity,Original,,101.30679321289062,1.8777731657028198,190.0739288330078,0.727111279964447,0.7065291404724121,0.6344841122627258,11.153897285461426,8.512200355529785,9.169455528259277,0.3232211172580719,0.2694087326526642,0.7320790886878967,6.272379398345947,0,0.1637490838766098,10.366811752319336,10.565288543701172,37,25,30,0,
2025-12-30 10:18:48.461000,3d,Toxicity,Original,,105.44698333740234,1.8329724073410034,193.22329711914062,0.6861655712127686,0.6928903460502625,0.6179144382476807,11.153897285461426,8.871042251586914,8.644801139831543,0.30847039818763733,0.26056477427482605,0.6783249378204346,7.3018012046813965,0,0.15946105122566223,10.374267578125,9.886957168579102,37,25,30,0,
2025-12-30 10:18:50.461000,3d,Toxicity,Original,,106.74990844726562,1.8513569831848145,197.53372192382812,0.5909383296966553,0.6670743227005005,0.680428147315979,11.153897285461426,9.536169052124023,8.410087585449219,0.2925800085067749,0.2704220414161682,0.6914018988609314,7.802285671234131,0,0.16802704334259033,11.677872657775879,9.214926719665527,37,25,30,0,
2025-12-30 10:18:52.461000,3d,Toxicity,Original,,104.71478271484375,1.8069548606872559,189.13040161132812,0.6306191682815552,0.6358245611190796,0.7191852927207947,11.153897285461426,8.534502029418945,8.798788070678711,0.30121201276779175,0.2719172537326813,0.6571692228317261,7.425693035125732,0,0.17235328257083893,9.637301445007324,7.650927543640137,37,25,30,0,
2025-12-30 10:18:54.461000,3d,Toxicity,Original,,105.8200454711914,1.883856177330017,199.3817901611328,0.6258184313774109,0.6645653247833252,0.6839505434036255,11.153897285461426,9.168045997619629,8.6379976272583,0.2981210947036743,0.26959195733070374,0.6553509831428528,8.38492202758789,0,0.16763339936733246,10.156028747558594,8.90501594543457,37,25,30,0,
2025-12-30 10:18:54.461000,FinePointe Series WBP [SN 139781]  Site 4 Bias Flow is out of range.,,,,,,,,,,,,,,,,,,,,,,,,,
2025-12-30 10:18:54.461000,FinePointe Series WBP [SN 10499C]  Site 3 Bias Flow is out of range.,,,,,,,,,,,,,,,,,,,,,,,,,
2025-12-30 10:18:56.461000,3d,Toxicity,Original,,106.9211654663086,1.8500059843063354,198.07107543945312,0.45407983660697937,0.5470248460769653,0.8159923553466797,11.153897285461426,10.060757637023926,8.427098274230957,0.2631000876426697,0.3075636029243469,0.5959447026252747,7.214498519897461,0,0.20954711735248566,7.712728023529053,8.716132164001465,37,25,30,0,
2025-12-30 10:18:58.461000,3d,Toxicity,Original,,109.42204284667969,1.7432432174682617,190.6807861328125,0.6787630319595337,0.7153722047805786,0.6466368436813354,11.153897285461426,9.140376091003418,8.334647178649902,0.2873164713382721,0.26168379187583923,0.7305659055709839,7.503664970397949,0,0.15767242014408112,11.159821510314941,11.194326400756836,37,25,30,0,
2025-12-30 10:19:00.461000,3d,Toxicity,Original,,107.76325225830078,1.7503111362457275,188.58065795898438,0.6534975171089172,0.666252076625824,0.7196254730224609,11.153897285461426,8.654155731201172,8.641300201416016,0.30257195234298706,0.25447285175323486,0.7225756049156189,9.657994270324707,0,0.1589888483285904,12.776973724365234,11.6314697265625,37,25,30,0,
2025-12-30 10:19:02.461000,3d,Toxicity,Original,,104.93841552734375,1.7379298210144043,181.95286560058594,0.642470121383667,0.6764378547668457,0.6489538550376892,11.153897285461426,8.771080017089844,8.565122604370117,0.3003352880477905,0.2718808948993683,0.6897632479667664,7.76450252532959,0,0.16848286986351013,11.837576866149902,10.47987174987793,37,25,30,0,
2025-12-30 10:19:04.461000,3d,Toxicity,Original,,107.46293640136719,1.8390583992004395,197.168701171875,0.5830317139625549,0.6237887740135193,0.7699323892593384,11.153897285461426,8.705794334411621,8.986848831176758,0.29472091794013977,0.26574158668518066,0.6554203033447266,7.330379962921143,0,0.16891799867153168,8.995718002319336,7.664693832397461,37,25,30,0,
2025-12-30 10:19:04.461000,FinePointe Series WBP [SN 139781]  Site 4 Bias Flow is out of range.,,,,,,,,,,,,,,,,,,,,,,,,,
2025-12-30 10:19:04.461000,FinePointe Series WBP [SN 10499C]  Site 3 Bias Flow is out of range.,,,,,,,,,,,,,,,,,,,,,,,,,
2025-12-30 10:19:06.461000,3d,Toxicity,Original,,104.2723388671875,1.8456919193267822,192.4081573486328,0.702281653881073,0.6982693076133728,0.6437050700187683,11.153897285461426,8.70787525177002,8.462346076965332,0.3094557821750641,0.26603129506111145,0.6713711023330688,7.304009914398193,0,0.16257575154304504,9.683244705200195,10.04261302947998,37,25,30,0,
2025-12-30 10:19:08.461000,3d,Toxicity,Original,,110.76058197021484,1.7566777467727661,194.2169189453125,0.5960100889205933,0.6723401546478271,0.5908448100090027,11.153897285461426,9.962444305419922,8.784732818603516,0.26923850178718567,0.273334264755249,0.6997597217559814,8.144197463989258,0,0.16906997561454773,9.895435333251953,10.112691879272461,37,25,30,0,
2025-12-30 10:19:10.461000,3d,Toxicity,Original,,104.41844177246094,1.9000566005706787,198.35565185546875,0.7164901494979858,0.7130818367004395,0.6165313720703125,11.153897285461426,8.66903018951416,8.611917495727539,0.3095575273036957,0.26544177532196045,0.6790096759796143,7.092066764831543,0,0.16046583652496338,9.709301948547363,9.688752174377441,37,25,30,0,
2025-12-30 10:19:12.461000,3d,Toxicity,Original,,106.61835479736328,1.8913737535476685,201.537353515625,0.5889134407043457,0.6747400760650635,0.5454245805740356,11.153897285461426,9.546652793884277,8.578314781188965,0.2956765294075012,0.2673170268535614,0.7381735444068909,7.59989595413208,0,0.16491812467575073,12.215799331665039,9.7622652053833,37,25,30,0,
2025-12-30 10:19:12.461000,FinePointe Series WBP [SN 139781]  Site 4 Bias Flow is out of range.,,,,,,,,,,,,,,,,,,,,,,,,,
2025-12-30 10:19:14.461000,3d,Toxicity,Original,,102.95145416259766,1.819193959236145,187.1295166015625,0.6494772434234619,0.666200578212738,0.5569450259208679,11.153897285461426,8.701521873474121,8.65731430053711,0.3082987666130066,0.27508410811424255,0.6750734448432922,8.369014739990234,0,0.17090432345867157,11.839390754699707,8.667186737060547,37,25,30,0,
2025-12-30 10:19:14.461000,FinePointe Series WBP [SN 10499C]  Site 3 Bias Flow is out of range.,,,,,,,,,,,,,,,,,,,,,,,,,
2025-12-30 10:19:16.461000,3d,Toxicity,Original,,107.78497314453125,1.7401306629180908,187.5289306640625,0.6975277662277222,0.7259184718132019,0.48280996084213257,11.153897285461426,8.643230438232422,8.19363784790039,0.29471904039382935,0.2621045410633087,0.6892756819725037,6.935653209686279,0,0.15678690373897552,11.035354614257812,10.915072441101074,37,25,30,0,
2025-12-30 10:19:18.461000,3d,Toxicity,Original,,103.84014892578125,1.8449429273605347,191.52633666992188,0.7462089657783508,0.7090021371841431,0.5075138211250305,11.153897285461426,8.638007164001465,8.525495529174805,0.31429430842399597,0.263650506734848,0.6454306244850159,6.531914234161377,0,0.15952542424201965,9.923160552978516,8.812763214111328,37,25,30,0,
2025-12-30 10:19:20.461000,3d,Toxicity,Original,,105.68538665771484,1.8493367433547974,195.28623962402344,0.6767885088920593,0.6978076100349426,0.5133307576179504,11.153897285461426,9.164523124694824,8.362454414367676,0.2979849576950073,0.27131161093711853,0.6996119618415833,7.282592296600342,0,0.16613774001598358,9.802058219909668,10.080826759338379,37,25,30,0,
2025-12-30 10:19:22.461000,3d,Toxicity,Original,,102.81853485107422,1.8770583868026733,192.94932556152344,0.7119803428649902,0.731452465057373,0.4875085949897766,11.153897285461426,8.815744400024414,8.407105445861816,0.31783759593963623,0.26580938696861267,0.6746055483818054,6.927731513977051,0,0.15943871438503265,11.031882286071777,10.577057838439941,37,25,30,0,
2025-12-30 10:19:22.461000,FinePointe Series WBP [SN 139781]  Site 4 Bias Flow is out of range.,,,,,,,,,,,,,,,,,,,,,,,,,
2025-12-30 10:19:24.461000,3d,Toxicity,Original,,105.09852600097656,1.8072248697280884,190.0846405029297,0.694530189037323,0.7052335143089294,0.8087660074234009,11.153897285461426,8.819089889526367,8.184900283813477,0.2994197905063629,0.2718047797679901,0.6505427956581116,6.763120174407959,0,0.16584627330303192,9.165226936340332,8.120963096618652,37,25,30,0,
2025-12-30 10:19:24.461000,FinePointe Series WBP [SN 10499C]  Site 3 Bias Flow is out of range.,,,,,,,,,,,,,,,,,,,,,,,,,
2025-12-30 10:19:26.461000,3d,Toxicity,Original,,105.77458190917969,1.8566092252731323,196.37808227539062,0.6133791208267212,0.6752551198005676,0.6930041313171387,11.153897285461426,9.486966133117676,8.706816673278809,0.30009451508522034,0.26718923449516296,0.6940529346466064,7.73566198348999,0,0.1657332479953766,10.39806842803955,10.404985427856445,37,25,30,0,
2025-12-30 10:19:28.461000,3d,Toxicity,Original,,114.29942321777344,1.8341723680496216,209.53955078125,0.6165281534194946,0.6731533408164978,0.610481321811676,11.153897285461426,9.966463088989258,8.913191795349121,0.2653161585330963,0.2640511095523834,0.6999647617340088,7.750764846801758,0,0.16227200627326965,9.111970901489258,9.426835060119629,37,25,30,0,
2025-12-30 10:19:30.461000,3d,Toxicity,Original,,117.63697814941406,1.742987871170044,204.8083953857422,0.49877381324768066,0.639894962310791,0.7740499377250671,11.153897285461426,10.643280982971191,8.721868515014648,0.2455480992794037,0.2654755115509033,0.6481166481971741,7.9850969314575195,0,0.16739006340503693,10.611008644104004,9.17081356048584,37,25,30,0,
2025-12-30 10:19:32.461000,3d,Toxicity,Original,,106.29073333740234,1.799045443534851,191.23318481445312,0.5676306486129761,0.6851724982261658,0.6776796579360962,11.153897285461426,9.547952651977539,7.782851696014404,0.289191871881485,0.2753027081489563,0.6520912051200867,7.593417644500732,0,0.1683904379606247,10.702547073364258,10.27845287322998,37,25,30,0,
2025-12-30 10:19:34.461000,3d,Toxicity,Original,,104.88374328613281,1.8512001037597656,194.08248901367188,0.6818361878395081,0.6864150762557983,0.6685566902160645,11.153897285461426,8.890329360961914,8.484771728515625,0.2994106113910675,0.27297496795654297,0.6699813008308411,6.894956111907959,0,0.16715826094150543,9.654537200927734,9.524031639099121,37,25,30,0,
2025-12-30 10:19:34.461000,FinePointe Series WBP [SN 139781]  Site 4 Bias Flow is out of range.,,,,,,,,,,,,,,,,,,,,,,,,,
2025-12-30 10:19:34.461000,FinePointe Series WBP [SN 10499C]  Site 3 Bias Flow is out of range.,,,,,,,,,,,,,,,,,,,,,,,,,
2025-12-30 10:19:36.461000,3d,Toxicity,Original,,106.42162322998047,1.9217562675476074,204.5164337158203,0.667499303817749,0.7021322250366211,0.23779849708080292,11.153897285461426,9.507299423217773,8.564964294433594,0.2946597635746002,0.269135445356369,0.7136540412902832,6.915708541870117,0,0.16345012187957764,10.5440673828125,7.3766069412231445,37,25,30,0,
2025-12-30 10:19:38.461000,3d,Toxicity,Original,,23.889284133911133,3.8279144763946533,91.44613647460938,11.880532264709473,7.095772743225098,0.02431732416152954,11.153897285461426,15.387121200561523,8.058649063110352,0.6199308037757874,1.8916555643081665,0.2649119794368744,4.245416164398193,133.707763671875,0.2351137101650238,,33.226505279541016,37,25,30,0,
2025-12-30 10:19:40.461000,3d,Toxicity,Original,,110.80601501464844,1.7564046382904053,194.165771484375,0.8040855526924133,0.9035087823867798,0.4001562297344208,11.153897285461426,10.076541900634766,7.863712310791016,0.25465187430381775,0.2872623801231384,0.6321831941604614,5.173458099365234,0,0.15368430316448212,4.967672348022461,16.70835304260254,37,25,30,33.33333206176758,
2025-12-30 10:19:42.461000,3d,Toxicity,Original,,114.38008880615234,1.4733797311782837,168.48390197753906,0.935667872428894,0.8581638932228088,0.4160749614238739,11.153897285461426,8.7734956741333,9.127485275268555,0.24353981018066406,0.28103819489479065,0.774224042892456,5.746338367462158,0,0.15446671843528748,7.395008563995361,15.571314811706543,37,25,30,0,
2025-12-30 10:19:44.461000,3d,Toxicity,Original,,111.09400177001953,1.7026469707489014,188.99937438964844,0.7316662073135376,0.8230621814727783,0.5843110084533691,11.153897285461426,9.674529075622559,7.993126392364502,0.2648875117301941,0.27633991837501526,0.6727645993232727,5.428484916687012,0,0.1549108922481537,6.538979530334473,15.053125381469727,37,25,30,0,
2025-12-30 10:19:44.461000,FinePointe Series WBP [SN 139781]  Site 4 Bias Flow is out of range.,,,,,,,,,,,,,,,,,,,,,,,,,
2025-12-30 10:19:44.461000,FinePointe Series WBP [SN 10499C]  Site 3 Bias Flow is out of range.,,,,,,,,,,,,,,,,,,,,,,,,,
2025-12-30 10:19:46.461000,3d,Toxicity,Original,,109.28912353515625,1.8672325611114502,203.8434600830078,0.6609569787979126,0.7621500492095947,0.6152932643890381,11.153897285461426,10.144351959228516,7.703588008880615,0.2744100093841553,0.27494049072265625,0.5749825835227966,5.912298679351807,0,0.16005757451057434,5.433237552642822,12.702325820922852,37,25,30,0,
2025-12-30 10:19:48.461000,3d,Toxicity,Original,,106.60105895996094,1.8200680017471313,193.77737426757812,0.6263183355331421,0.7530735731124878,0.5112407207489014,11.153897285461426,9.861550331115723,7.66565465927124,0.2810533046722412,0.2823736071586609,0.6096786260604858,6.895077228546143,0,0.16536934673786163,7.290320873260498,12.381414413452148,37,25,30,0,
2025-12-30 10:19:50.461000,3d,Toxicity,Original,,106.93075561523438,1.7070636749267578,182.38653564453125,0.8428932428359985,0.8325297236442566,0.3994479775428772,11.153897285461426,8.645865440368652,8.13827133178711,0.2868017554283142,0.27449774742126465,0.6790647506713867,5.643306732177734,0,0.1539168357849121,7.808379650115967,13.648233413696289,37,25,30,0,
2025-12-30 10:19:52.461000,3d,Toxicity,Original,,104.91964721679688,1.766216516494751,185.2516632080078,0.8313916921615601,0.7901519536972046,0.26535627245903015,11.153897285461426,8.8079833984375,8.130254745483398,0.2945980131626129,0.2773057222366333,0.6641209125518799,6.550747871398926,0,0.15911081433296204,7.948190689086914,11.917110443115234,37,25,30,0,
2025-12-30 10:19:54.461000,3d,Toxicity,Original,,106.58679962158203,1.780221939086914,189.53048706054688,0.7410456538200378,0.7556092739105225,0.5856179594993591,11.153897285461426,9.466111183166504,7.906722068786621,0.28533700108528137,0.2777898907661438,0.6226993799209595,6.108563423156738,0,0.16254043579101562,6.425204277038574,12.835539817810059,37,25,30,0,
2025-12-30 10:19:54.461000,FinePointe Series WBP [SN 139781]  Site 4 Bias Flow is out of range.,,,,,,,,,,,,,,,,,,,,,,,,,
2025-12-30 10:19:54.461000,FinePointe Series WBP [SN 10499C]  Site 3 Bias Flow is out of range.,,,,,,,,,,,,,,,,,,,,,,,,,
2025-12-30 10:19:56.461000,3d,Toxicity,Original,,104.95582580566406,1.7487998008728027,183.5728302001953,0.6795313358306885,0.7805163860321045,0.39608412981033325,11.153897285461426,9.008999824523926,7.335548400878906,0.28948602080345154,0.28272193670272827,0.6100292801856995,6.349419593811035,0,0.16275794804096222,7.59623908996582,12.682095527648926,37,25,30,0,
2025-12-30 10:19:58.461000,3d,Toxicity,Original,,104.11289978027344,1.8378815650939941,191.33543395996094,0.6896120309829712,0.7425987720489502,0.5406221747398376,11.153897285461426,9.655279159545898,8.01383113861084,0.2814713418483734,0.2949124574661255,0.5886555910110474,5.777998924255371,0,0.17354126274585724,5.566987991333008,10.881620407104492,37,25,30,0,
2025-12-30 10:20:00.461000,3d,Toxicity,Original,,106.08906555175781,1.8381294012069702,194.89759826660156,0.6108078360557556,0.6856265664100647,0.7414261102676392,11.153897285461426,9.169100761413574,8.297638893127441,0.28577205538749695,0.280123770236969,0.617806077003479,6.263152122497559,0,0.17094063758850098,8.500287055969238,9.726621627807617,37,25,30,0,
2025-12-30 10:20:02.461000,3d,Toxicity,Original,,103.83203125,1.8036991357803345,187.04940795898438,0.6390810012817383,0.7178049683570862,0.570241391658783,11.153897285461426,9.264142036437988,7.568132400512695,0.2867227792739868,0.2915668487548828,0.6261820793151855,6.608617782592773,0,0.1742008924484253,6.793746471405029,12.059121131896973,37,25,30,0,
2025-12-30 10:20:04.461000,3d,Toxicity,Original,,102.52140808105469,1.8438535928726196,188.78128051757812,0.6297899484634399,0.716264009475708,0.780728816986084,11.153897285461426,9.788562774658203,7.763852119445801,0.29139092564582825,0.29417574405670166,0.5901436805725098,7.597263336181641,0,0.17689533531665802,8.050836563110352,11.399618148803711,37,25,30,0,
2025-12-30 10:20:04.461000,FinePointe Series WBP [SN 139781]  Site 4 Bias Flow is out of range.,,,,,,,,,,,,,,,,,,,,,,,,,
2025-12-30 10:20:04.461000,FinePointe Series WBP [SN 10499C]  Site 3 Bias Flow is out of range.,,,,,,,,,,,,,,,,,,,,,,,,,
2025-12-30 10:20:06.461000,3d,Toxicity,Original,,103.52910614013672,1.813688039779663,187.63206481933594,0.728007435798645,0.7841880321502686,0.5746603012084961,11.153897285461426,9.493534088134766,7.768921852111816,0.2940059304237366,0.286220908164978,0.6471396088600159,6.712088584899902,0,0.16449207067489624,7.739513874053955,12.814519882202148,37,25,30,0,
2025-12-30 10:20:08.461000,3d,Toxicity,Original,,112.59989929199219,1.6645911931991577,187.69052124023438,0.6344138979911804,0.738162636756897,0.3931511640548706,11.153897285461426,10.224495887756348,7.742711067199707,0.24337613582611084,0.2901241183280945,0.5907555818557739,6.463560581207275,0,0.1710645705461502,6.585630893707275,12.339130401611328,37,25,30,0,
2025-12-30 10:20:10.461000,3d,Toxicity,Original,,104.12147521972656,1.7848234176635742,185.7502899169922,0.6936087012290955,0.7879366278648376,0.42456918954849243,11.153897285461426,9.253996849060059,7.458987712860107,0.2910952866077423,0.28537848591804504,0.6153568625450134,6.755776882171631,0,0.16432508826255798,7.822720527648926,12.230405807495117,37,25,30,0,
2025-12-30 10:20:12.461000,3d,Toxicity,Original,,101.08301544189453,1.8403706550598145,185.97108459472656,0.7077383399009705,0.7508376836776733,0.56064772605896,11.153897285461426,9.165691375732422,7.409440517425537,0.2975304126739502,0.2962961196899414,0.5740548372268677,6.492450714111328,0,0.1741493195295334,5.981985092163086,10.87258243560791,37,25,30,0,
2025-12-30 10:20:14.461000,3d,Toxicity,Original,,100.23780822753906,1.7882765531539917,179.28897094726562,0.8354764580726624,0.8511305451393127,0.41562068462371826,11.153897285461426,9.32636547088623,7.969977378845215,0.2950829863548279,0.3041377365589142,0.5843767523765564,6.079299449920654,0,0.1685371994972229,5.753997802734375,13.412269592285156,37,25,30,0,
2025-12-30 10:20:14.461000,FinePointe Series WBP [SN 139781]  Site 4 Bias Flow is out of range.,,,,,,,,,,,,,,,,,,,,,,,,,
2025-12-30 10:20:14.461000,FinePointe Series WBP [SN 10499C]  Site 3 Bias Flow is out of range.,,,,,,,,,,,,,,,,,,,,,,,,,
2025-12-30 10:20:16.461000,3d,Toxicity,Original,,95.42232513427734,1.8170114755630493,173.39407348632812,0.5170590877532959,0.628898561000824,0.7317901849746704,11.153897285461426,9.372711181640625,7.502506732940674,0.2872103154659271,0.3519575893878937,0.5078027844429016,6.532321453094482,0,0.22577539086341858,7.127062797546387,8.648477554321289,37,25,30,0,
2025-12-30 10:20:18.461000,3d,Toxicity,Original,,103.1463394165039,1.884545087814331,194.2889862060547,0.6334481835365295,0.7493173480033875,0.5228530764579773,11.153897285461426,9.943814277648926,7.25349760055542,0.2921602427959442,0.28959721326828003,0.5619319677352905,5.888761520385742,0,0.1695699840784073,6.085625171661377,11.52059268951416,37,25,30,0,
2025-12-30 10:20:20.461000,3d,Toxicity,Original,,100.0196533203125,1.787319302558899,178.56690979003906,0.6550431847572327,0.7525707483291626,0.3911491632461548,11.153897285461426,9.388633728027344,7.009903430938721,0.282818466424942,0.3178436756134033,0.5529195666313171,6.719706058502197,0,0.18656805157661438,5.801845073699951,11.475796699523926,37,25,30,0,
2025-12-30 10:20:22.461000,3d,Toxicity,Original,,102.44296264648438,1.8666164875030518,191.29110717773438,0.7678806185722351,0.7797296047210693,0.5195266604423523,11.153897285461426,9.373950004577637,8.029020309448242,0.2872737944126129,0.29864606261253357,0.60993891954422,5.336617469787598,0,0.1722206473350525,5.29625940322876,12.084249496459961,37,25,30,0,
2025-12-30 10:20:22.461000,FinePointe Series WBP [SN 139781]  Site 4 Bias Flow is out of range.,,,,,,,,,,,,,,,,,,,,,,,,,
2025-12-30 10:20:24.461000,3d,Toxicity,Original,,102.61575317382812,1.8809031248092651,192.87306213378906,0.7330054044723511,0.755606472492218,0.5798464417457581,11.153897285461426,9.416824340820312,7.748054027557373,0.2895129919052124,0.29542481899261475,0.5507808327674866,6.46028995513916,0,0.1721198856830597,5.277928352355957,10.510769844055176,37,25,30,0,
2025-12-30 10:20:24.461000,FinePointe Series WBP [SN 10499C]  Site 3 Bias Flow is out of range.,,,,,,,,,,,,,,,,,,,,,,,,,
2025-12-30 10:20:26.461000,3d,Toxicity,Original,,100.50125122070312,1.8262122869491577,183.13453674316406,0.6863602995872498,0.7348312139511108,0.5035372376441956,11.153897285461426,8.969061851501465,7.584621906280518,0.2944962680339813,0.30390816926956177,0.5890769362449646,5.619621276855469,0,0.17924892902374268,5.78222131729126,10.983179092407227,37,25,30,0,
2025-12-30 10:20:28.461000,3d,Toxicity,Original,,100.41056823730469,1.826016902923584,183.38885498046875,0.7614241242408752,0.7566171288490295,0.4085865914821625,11.153897285461426,8.943387031555176,7.644472122192383,0.3030123710632324,0.29462316632270813,0.5764641761779785,6.504774570465088,0,0.172536239027977,6.207278728485107,11.592798233032227,37,25,30,0,
2025-12-30 10:20:30.461000,3d,Toxicity,Original,,102.76720428466797,1.822490930557251,187.22378540039062,0.8127477169036865,0.7791136503219604,0.3525340259075165,11.153897285461426,8.949193000793457,7.882899284362793,0.29699164628982544,0.2869427800178528,0.5780242085456848,5.732171058654785,0,0.16534960269927979,6.151055335998535,12.062957763671875,37,25,30,0,
2025-12-30 10:20:32.461000,3d,Toxicity,Original,,102.13211059570312,1.8330481052398682,187.21981811523438,0.6908518075942993,0.7347118258476257,0.64485764503479,11.153897285461426,9.494285583496094,7.763706684112549,0.2863576114177704,0.3013383150100708,0.571925163269043,5.732958793640137,0,0.17792074382305145,4.864155292510986,10.797571182250977,37,25,30,0,
2025-12-30 10:20:32.461000,FinePointe Series WBP [SN 139781]  Site 4 Bias Flow is out of range.,,,,,,,,,,,,,,,,,,,,,,,,,
2025-12-30 10:20:34.461000,3d,Toxicity,Original,,100.40798950195312,1.8619470596313477,186.77093505859375,0.7632385492324829,0.8133499026298523,0.33379650115966797,11.153897285461426,9.359883308410645,7.604362487792969,0.2996344566345215,0.29825419187545776,0.5546095371246338,5.496683120727539,0,0.16857872903347015,5.802462577819824,12.59043025970459,37,25,30,0,
2025-12-30 10:20:34.461000,FinePointe Series WBP [SN 10499C]  Site 3 Bias Flow is out of range.,,,,,,,,,,,,,,,,,,,,,,,,,
2025-12-30 10:20:36.461000,3d,Toxicity,Original,,101.9541015625,1.829324722290039,186.33135986328125,0.665061891078949,0.7151097655296326,0.6217785477638245,11.153897285461426,9.96235466003418,7.819007396697998,0.2866552770137787,0.3023067116737366,0.5579289793968201,6.019958972930908,0,0.18056216835975647,4.9787492752075195,10.71570873260498,37,25,30,0,
2025-12-30 10:20:38.461000,3d,Toxicity,Original,,100.94775390625,1.854965090751648,187.19387817382812,0.6306279897689819,0.7189250588417053,0.5744602680206299,11.153897285461426,9.769227027893066,7.508177280426025,0.28496605157852173,0.30952727794647217,0.5342243909835815,6.260688781738281,0,0.18500693142414093,5.125239372253418,9.477689743041992,37,25,30,0,
2025-12-30 10:20:40.461000,3d,Toxicity,Original,,101.7735366821289,1.9248874187469482,195.9552001953125,0.6106509566307068,0.7127792835235596,0.6166999340057373,11.153897285461426,9.928101539611816,7.7595648765563965,0.28429099917411804,0.3060571551322937,0.4923974871635437,6.259222030639648,0,0.18331681191921234,4.129486560821533,9.193628311157227,37,25,30,0,
2025-12-30 10:20:42.461000,3d,Toxicity,Original,,104.14094543457031,1.8690898418426514,194.44979858398438,0.6676116585731506,0.7466921210289001,0.4644237756729126,11.153897285461426,9.753266334533691,7.625910758972168,0.27712714672088623,0.2992424964904785,0.5930734276771545,5.323315620422363,0,0.17507481575012207,5.43906307220459,10.483723640441895,37,25,30,0,
2025-12-30 10:20:44.461000,3d,Toxicity,Original,,98.66805267333984,1.8777546882629395,185.11888122558594,0.8072283864021301,0.8010610938072205,0.3827097415924072,11.153897285461426,9.30870532989502,7.860898971557617,0.2989661395549774,0.3092990517616272,0.5724079608917236,5.56697416305542,0,0.176432266831398,4.93953800201416,12.53827953338623,37,25,30,0,
2025-12-30 10:20:44.461000,FinePointe Series WBP [SN 139781]  Site 4 Bias Flow is out of range.,,,,,,,,,,,,,,,,,,,,,,,,,
2025-12-30 10:20:44.461000,FinePointe Series WBP [SN 10499C]  Site 3 Bias Flow is out of range.,,,,,,,,,,,,,,,,,,,,,,,,,
2025-12-30 10:20:46.461000,3d,Toxicity,Original,,99.77638244628906,1.878128170967102,187.37017822265625,0.8473386764526367,0.8439341187477112,0.19238483905792236,11.153897285461426,9.014142990112305,7.690462112426758,0.3033200204372406,0.2980434000492096,0.5469934940338135,4.792311191558838,0,0.16499848663806915,4.4387335777282715,12.847670555114746,37,25,30,0,
2025-12-30 10:20:48.461000,3d,Toxicity,Original,,100.96054077148438,1.8335113525390625,184.9710693359375,0.811475932598114,0.7910351157188416,0.4727858304977417,11.153897285461426,9.034987449645996,7.852521896362305,0.2976352274417877,0.2967967987060547,0.5652697682380676,5.6960368156433105,0,0.17019078135490417,4.957967758178711,11.718962669372559,37,25,30,0,
2025-12-30 10:20:50.461000,3d,Toxicity,Original,,99.67880249023438,1.9136403799057007,190.72793579101562,0.938508152961731,0.8782721161842346,0.21956992149353027,11.153897285461426,9.12834644317627,8.022546768188477,0.2987619638442993,0.30365562438964844,0.5488988161087036,5.064324855804443,0,0.16515982151031494,3.6841046810150146,12.778383255004883,37,25,30,0,
2025-12-30 10:20:52.461000,3d,Toxicity,Original,,100.24916076660156,1.8819886445999146,188.6787872314453,0.7452225685119629,0.7778507471084595,0.622209370136261,11.153897285461426,9.491378784179688,7.560426235198975,0.2933575212955475,0.30563977360725403,0.5969908833503723,5.610235691070557,0,0.17600765824317932,4.871160984039307,10.795550346374512,37,25,30,0,
2025-12-30 10:20:54.461000,3d,Toxicity,Original,,100.02113342285156,1.8628559112548828,186.24427795410156,0.7459455132484436,0.7845953702926636,0.39944562315940857,11.153897285461426,9.678228378295898,7.249198913574219,0.28550976514816284,0.3149050176143646,0.5775371193885803,5.666114330291748,0,0.18047907948493958,4.444014072418213,12.639992713928223,37,25,30,0,
2025-12-30 10:20:54.461000,FinePointe Series WBP [SN 139781]  Site 4 Bias Flow is out of range.,,,,,,,,,,,,,,,,,,,,,,,,,
2025-12-30 10:20:54.461000,FinePointe Series WBP [SN 10499C]  Site 3 Bias Flow is out of range.,,,,,,,,,,,,,,,,,,,,,,,,,
2025-12-30 10:20:56.461000,3d,Toxicity,Original,,100.58819580078125,1.8371399641036987,184.7469482421875,0.6933621764183044,0.7885410189628601,0.23302678763866425,11.153897285461426,9.723340034484863,7.30701208114624,0.2866647243499756,0.3099159598350525,0.5152037143707275,5.765758514404297,0,0.1775355041027069,6.057521343231201,11.394407272338867,37,25,30,0,
2025-12-30 10:20:58.461000,3d,Toxicity,Original,,99.45858001708984,1.883207082748413,187.19085693359375,0.7043508887290955,0.746196985244751,0.3956914246082306,11.153897285461426,8.97683334350586,7.625387191772461,0.2993749976158142,0.30466195940971375,0.6018942594528198,5.930761814117432,0,0.17836196720600128,6.568048000335693,12.04992961883545,37,25,30,0,
2025-12-30 10:21:00.461000,3d,Toxicity,Original,,99.81582641601562,1.781247615814209,177.7852783203125,0.633966326713562,0.7362773418426514,0.5596946477890015,11.153897285461426,9.396888732910156,7.423739433288574,0.2923082113265991,0.30918771028518677,0.5889277458190918,5.548520088195801,0,0.1819479614496231,6.323746681213379,11.759492874145508,37,25,30,0,
2025-12-30 10:21:02.461000,3d,Toxicity,Original,,97.25772094726562,1.9414441585540771,188.59909057617188,0.67874675989151,0.7839860916137695,0.386182576417923,11.153897285461426,9.65775203704834,7.169129848480225,0.29852357506752014,0.31943634152412415,0.5558958053588867,5.964677333831787,0,0.18356847763061523,5.240862846374512,13.43085765838623,37,25,30,0,
2025-12-30 10:21:04.461000,3d,Toxicity,Original,,98.81517791748047,1.8735029697418213,185.09185791015625,0.6675283312797546,0.759658932685852,0.37874945998191833,11.153897285461426,9.74935531616211,7.3312788009643555,0.28557610511779785,0.32168135046958923,0.4946858584880829,5.2413835525512695,0,0.1867467314004898,3.5502400398254395,10.594255447387695,37,25,30,0,
2025-12-30 10:21:04.461000,FinePointe Series WBP [SN 139781]  Site 4 Bias Flow is out of range.,,,,,,,,,,,,,,,,,,,,,,,,,
2025-12-30 10:21:04.461000,FinePointe Series WBP [SN 10499C]  Site 3 Bias Flow is out of range.,,,,,,,,,,,,,,,,,,,,,,,,,
2025-12-30 10:21:06.461000,3d,Toxicity,Original,,93.09207916259766,1.818328857421875,169.2394256591797,0.5176947116851807,0.6241850852966309,0.7903861403465271,11.153897285461426,9.335223197937012,7.23140287399292,0.2841806411743164,0.36799156665802,0.4767775535583496,5.154138088226318,0,0.2362358570098877,5.3779778480529785,10.30803108215332,37,25,30,0,
2025-12-30 10:21:08.461000,3d,Toxicity,Original,,100.3005142211914,1.896471619606018,190.27960205078125,0.6459649801254272,0.7588776350021362,0.4939110279083252,11.153897285461426,9.886548042297363,7.479938983917236,0.27813515067100525,0.3203306794166565,0.4952269196510315,5.503841400146484,0,0.18645934760570526,4.235062599182129,10.463667869567871,37,25,30,0,
2025-12-30 10:21:10.461000,3d,Toxicity,Original,,98.31076049804688,1.900415301322937,186.7729949951172,0.739575982093811,0.7753031253814697,0.5505146980285645,11.153897285461426,9.388781547546387,7.7189741134643555,0.291248619556427,0.31908687949180603,0.6126986145973206,5.370236396789551,0,0.18447041511535645,4.151970386505127,11.000054359436035,37,25,30,0,
2025-12-30 10:21:12.461000,3d,Toxicity,Original,,103.41120910644531,1.8832095861434937,194.5001983642578,0.6143079996109009,0.7587205171585083,0.49198997020721436,11.153897285461426,10.704861640930176,7.23347282409668,0.26528000831604004,0.3151630163192749,0.4848550856113434,5.660618782043457,0,0.18409624695777893,3.8855249881744385,11.075212478637695,37,25,30,0,
2025-12-30 10:21:14.461000,3d,Toxicity,Original,,96.96265411376953,1.838071584701538,178.1632080078125,0.7359902858734131,0.7926403284072876,0.2600758969783783,11.153897285461426,9.652314186096191,7.305658340454102,0.3000105917453766,0.31899118423461914,0.5083484053611755,5.682375431060791,0,0.1821373552083969,4.463738441467285,12.14494800567627,37,25,30,0,
2025-12-30 10:21:14.461000,FinePointe Series WBP [SN 139781]  Site 4 Bias Flow is out of range.,,,,,,,,,,,,,,,,,,,,,,,,,
2025-12-30 10:21:14.461000,FinePointe Series WBP [SN 10499C]  Site 3 Bias Flow is out of range.,,,,,,,,,,,,,,,,,,,,,,,,,
2025-12-30 10:21:16.461000,3d,Toxicity,Original,,95.32317352294922,1.8885732889175415,180.03538513183594,0.7061043381690979,0.7195395827293396,0.35722917318344116,11.153897285461426,8.946380615234375,7.431972503662109,0.306265264749527,0.32320699095726013,0.4904975891113281,4.951933860778809,0,0.1918051689863205,3.8754260540008545,10.059537887573242,37,25,30,0,
2025-12-30 10:21:18.461000,3d,Toxicity,Original,,96.39981842041016,1.962561011314392,189.26048278808594,0.694040060043335,0.7541928291320801,0.5937609672546387,11.153897285461426,9.379459381103516,7.251306056976318,0.3065049350261688,0.316074013710022,0.5087805986404419,5.456192493438721,0,0.18426287174224854,4.313340187072754,10.368203163146973,37,25,30,0,
2025-12-30 10:21:20.461000,3d,Toxicity,Original,,101.79308319091797,1.8453426361083984,187.6793670654297,0.6208806037902832,0.7112847566604614,0.5921664237976074,11.153897285461426,9.524137496948242,7.6299662590026855,0.2828543782234192,0.3070898950099945,0.5430543422698975,6.076936721801758,0,0.18404081463813782,5.24920654296875,10.671226501464844,37,25,30,0,
2025-12-30 10:21:22.461000,3d,Toxicity,Original,,98.55653381347656,1.8546098470687866,182.76113891601562,0.6636322140693665,0.7636692523956299,0.49528080224990845,11.153897285461426,9.705476760864258,7.212885856628418,0.2854927182197571,0.323501855134964,0.5443247556686401,5.665104866027832,0,0.18768912553787231,5.3485107421875,10.842202186584473,37,25,30,0,
2025-12-30 10:21:22.461000,FinePointe Series WBP [SN 139781]  Site 4 Bias Flow is out of range.,,,,,,,,,,,,,,,,,,,,,,,,,
2025-12-30 10:21:24.461000,3d,Toxicity,Original,,98.2344970703125,1.884070873260498,185.12998962402344,0.7787442803382874,0.8402087688446045,0.39625340700149536,11.153897285461426,9.19015884399414,7.347504615783691,0.30017706751823425,0.3106580674648285,0.5458362698554993,5.665682315826416,0,0.17301853001117706,5.428640365600586,12.572592735290527,37,25,30,0,
2025-12-30 10:21:24.461000,FinePointe Series WBP [SN 10499C]  Site 3 Bias Flow is out of range.,,,,,,,,,,,,,,,,,,,,,,,,,
2025-12-30 10:21:26.461000,3d,Toxicity,Original,,99.4598388671875,1.8718618154525757,186.2036590576172,0.7792292237281799,0.8375803232192993,0.25315675139427185,11.153897285461426,9.98625659942627,7.78054141998291,0.28701794147491455,0.3163590133190155,0.5795580148696899,6.081714153289795,0,0.1760517656803131,5.102074146270752,12.993736267089844,37,25,30,0,
2025-12-30 10:21:28.461000,3d,Toxicity,Original,,94.37818145751953,1.8219406604766846,171.59640502929688,0.7749602794647217,0.8097067475318909,0.15410833060741425,11.153897285461426,9.067556381225586,7.25390625,0.30794239044189453,0.3284989297389984,0.5224295854568481,5.814239025115967,0,0.18614551424980164,5.11207914352417,12.23540210723877,37,25,30,0,
2025-12-30 10:21:30.461000,3d,Toxicity,Original,,100.11769104003906,1.888861060142517,189.1283721923828,0.6312694549560547,0.7269052863121033,0.5963395833969116,11.153897285461426,9.346551895141602,7.259479999542236,0.28889501094818115,0.3107929229736328,0.5383759140968323,5.582497596740723,0,0.18394385278224945,5.145923614501953,9.288317680358887,37,25,30,0,
2025-12-30 10:21:32.461000,3d,Toxicity,Original,,97.99577331542969,1.8970614671707153,185.85073852539062,0.580009400844574,0.7042443752288818,0.6521189212799072,11.153897285461426,9.687393188476562,7.688216209411621,0.30030620098114014,0.3124280571937561,0.566957414150238,6.019053936004639,0,0.1877601593732834,7.4192891120910645,10.620851516723633,37,25,30,0,
2025-12-30 10:21:32.461000,FinePointe Series WBP [SN 139781]  Site 4 Bias Flow is out of range.,,,,,,,,,,,,,,,,,,,,,,,,,
2025-12-30 10:21:34.461000,3d,Toxicity,Original,,102.3083724975586,1.90195631980896,194.0734405517578,0.6159629225730896,0.7208102941513062,0.8463393449783325,11.153897285461426,10.976533889770508,7.801506996154785,0.2680227756500244,0.31989267468452454,0.563322126865387,5.874419689178467,0,0.18934966623783112,3.6732163429260254,9.443084716796875,37,25,30,0,
2025-12-30 10:21:34.461000,FinePointe Series WBP [SN 10499C]  Site 3 Bias Flow is out of range.,,,,,,,,,,,,,,,,,,,,,,,,,
2025-12-30 10:21:36.461000,3d,Toxicity,Original,,98.0482177734375,1.9393619298934937,190.11317443847656,0.6574814915657043,0.7567146420478821,0.42018795013427734,11.153897285461426,10.13720703125,7.189135551452637,0.28243353962898254,0.32988354563713074,0.5650094747543335,5.479345798492432,0,0.19158534705638885,3.167124032974243,11.348048210144043,37,25,30,0,
2025-12-30 10:21:38.461000,3d,Toxicity,Original,,96.57133483886719,1.9164950847625732,184.94798278808594,0.7401437759399414,0.8076807856559753,0.36055079102516174,11.153897285461426,9.865707397460938,6.90680456161499,0.29327455163002014,0.3284464180469513,0.5216478109359741,5.274539470672607,0,0.18574649095535278,2.7231295108795166,12.033174514770508,37,25,30,0,
2025-12-30 10:21:40.461000,3d,Toxicity,Original,,96.913330078125,1.9035884141921997,184.21859741210938,0.610169529914856,0.7327824234962463,0.6923484802246094,11.153897285461426,10.173598289489746,8.0638427734375,0.2891237437725067,0.3305647075176239,0.6225552558898926,7.273703575134277,0,0.1970783919095993,6.898830413818359,10.41627025604248,37,25,30,0,
2025-12-30 10:21:42.461000,3d,Toxicity,Original,,97.27188110351562,1.9496009349822998,189.82534790039062,0.7314625382423401,0.8253452181816101,0.518332839012146,11.153897285461426,9.896312713623047,7.146588325500488,0.2910907566547394,0.3263028860092163,0.558648407459259,5.18131160736084,0,0.18305151164531708,5.037101745605469,13.549100875854492,37,25,30,0,
2025-12-30 10:21:44.461000,3d,Toxicity,Original,,94.46505737304688,1.9005638360977173,179.47003173828125,0.7771341800689697,0.820232629776001,0.25650113821029663,11.153897285461426,9.261972427368164,7.0847883224487305,0.3097352683544159,0.3255535364151001,0.5418233871459961,6.130767822265625,0,0.1832210123538971,4.154313564300537,12.363645553588867,37,25,30,0,
2025-12-30 10:21:44.461000,FinePointe Series WBP [SN 139781]  Site 4 Bias Flow is out of range.,,,,,,,,,,,,,,,,,,,,,,,,,
2025-12-30 10:21:44.461000,FinePointe Series WBP [SN 10499C]  Site 3 Bias Flow is out of range.,,,,,,,,,,,,,,,,,,,,,,,,,
2025-12-30 10:21:46.461000,3d,Toxicity,Original,,93.9439926147461,1.938523530960083,182.01104736328125,0.7011383771896362,0.8184881210327148,0.22540432214736938,11.153897285461426,10.015663146972656,7.106720924377441,0.30189523100852966,0.33731529116630554,0.5056753754615784,6.598690032958984,0,0.19025692343711853,4.332717418670654,11.651384353637695,37,25,30,0,
2025-12-30 10:21:48.461000,3d,Toxicity,Original,,95.9148178100586,1.8536112308502197,177.54901123046875,0.8136944770812988,0.8274781107902527,0.4419754445552826,11.153897285461426,8.699799537658691,7.436673164367676,0.3070101737976074,0.3188619613647461,0.6178140044212341,5.358255386352539,0,0.17862163484096527,5.117766380310059,11.153738021850586,37,25,30,0,
2025-12-30 10:21:50.461000,3d,Toxicity,Original,,95.4168472290039,1.8495750427246094,176.38136291503906,0.8260813355445862,0.7901501059532166,0.5935972929000854,11.153897285461426,8.820152282714844,7.676425457000732,0.3018248677253723,0.32767847180366516,0.5258340835571289,5.222750186920166,0,0.18749016523361206,4.0970659255981445,11.256131172180176,37,25,30,0,
2025-12-30 10:21:52.461000,3d,Toxicity,Original,,96.83211517333984,1.887606143951416,182.7014617919922,0.6523513197898865,0.766502857208252,0.4197186827659607,11.153897285461426,9.605359077453613,7.305822372436523,0.29786157608032227,0.3220362961292267,0.46820998191833496,5.669504165649414,0,0.18765957653522491,5.095409393310547,10.987467765808105,37,25,30,0,
2025-12-30 10:21:54.461000,3d,Toxicity,Original,,90.57478332519531,1.96548593044281,178.33944702148438,0.5897640585899353,0.6818270683288574,0.4897159934043884,11.153897285461426,9.304071426391602,7.346622467041016,0.30405354499816895,0.36140432953834534,0.5177709460258484,5.805798530578613,0,0.22767944633960724,5.72340202331543,9.139508247375488,37,25,30,0,
2025-12-30 10:21:54.461000,FinePointe Series WBP [SN 139781]  Site 4 Bias Flow is out of range.,,,,,,,,,,,,,,,,,,,,,,,,,
2025-12-30 10:21:54.461000,FinePointe Series WBP [SN 10499C]  Site 3 Bias Flow is out of range.,,,,,,,,,,,,,,,,,,,,,,,,,
2025-12-30 10:21:56.461000,3d,Toxicity,Original,,97.76795959472656,1.9060194492340088,186.23133850097656,0.5951817035675049,0.7463600039482117,0.6657492518424988,11.153897285461426,10.894238471984863,7.663996696472168,0.27621352672576904,0.3387483060359955,0.5084854364395142,6.48394775390625,0,0.19812968373298645,5.398604393005371,9.976264953613281,37,25,30,0,
2025-12-30 10:21:58.461000,3d,Toxicity,Original,,155.1907958984375,1.5441124439239502,220.2819061279297,0.5105374455451965,0.6561490893363953,0.7268672585487366,11.153897285461426,11.133147239685059,8.768310546875,0.21471355855464935,0.22042633593082428,0.5778157711029053,6.088411331176758,3.7391786575317383,0.1321478635072708,8.283255577087402,8.494791030883789,37,25,30,25,
2025-12-30 10:22:02.461000,3d,Toxicity,Original,,299.86309814453125,0.6359121799468994,190.6865997314453,0.4454178810119629,0.6145432591438293,0.6470263600349426,11.153897285461426,12.354840278625488,9.572015762329102,0.10117724537849426,0.09891405701637268,0.846958339214325,11.104486465454102,0,0.06261087208986282,20.697185516357422,16.16824722290039,37,25,30,87.5,
2025-12-30 10:22:04.461000,3d,Toxicity,Original,,261.0281066894531,1.445849895477295,303.82403564453125,0.3703696131706238,0.45998507738113403,0.770203173160553,11.153897285461426,17.221454620361328,14.078970909118652,0.13274893164634705,0.1558956801891327,1.0400338172912598,10.013345718383789,0,0.11384761333465576,15.86129379272461,5.713082313537598,37,25,30,80,
2025-12-30 10:22:04.461000,FinePointe Series WBP [SN 139781]  Site 4 Bias Flow is out of range.,,,,,,,,,,,,,,,,,,,,,,,,,
2025-12-30 10:22:04.461000,FinePointe Series WBP [SN 139781]  Site 1 Bias Flow is out of range.,,,,,,,,,,,,,,,,,,,,,,,,,
2025-12-30 10:22:04.461000,FinePointe Series WBP [SN 10499C]  Site 3 Bias Flow is out of range.,,,,,,,,,,,,,,,,,,,,,,,,,
2025-12-30 10:22:06.461000,3d,Toxicity,Original,,346.30279541015625,0.9321051836013794,320.8015441894531,0.49939781427383423,0.6019560098648071,0.6381911039352417,11.153897285461426,19.137779235839844,16.298171997070312,0.08845723420381546,0.08639892935752869,1.2794420719146729,5.026610851287842,0,0.05539412796497345,17.55904769897461,10.69765853881836,37,25,30,80,
2025-12-30 10:22:10.461000,3d,Toxicity,Original,,266.5245361328125,1.1084426641464233,264.541015625,0.4943266808986664,0.6088282465934753,0.6377371549606323,11.153897285461426,14.713809967041016,11.826992988586426,0.11428552865982056,0.13850583136081696,1.0401562452316284,7.072216033935547,0,0.0885995402932167,14.822758674621582,12.070841789245605,37,25,30,73.91304016113281,
2025-12-30 10:22:12.461000,3d,Toxicity,Original,,207.66793823242188,1.7734932899475098,325.4165344238281,0.2928808927536011,0.5191704034805298,0.765893816947937,11.153897285461426,14.861406326293945,8.871963500976562,0.17074377834796906,0.14758074283599854,0.713597297668457,8.812694549560547,0,0.10022149980068207,14.621991157531738,7.510709762573242,37,25,30,60,
2025-12-30 10:22:14.461000,3d,Toxicity,Original,,320.52239990234375,1.000388741493225,311.67572021484375,0.4917862117290497,0.5948936343193054,0.6059775352478027,11.153897285461426,14.726783752441406,11.561430931091309,0.104155033826828,0.08864157646894455,1.0114282369613647,6.070949554443359,0,0.05719167739152908,17.525630950927734,10.632360458374023,37,25,30,28.571428298950195,
2025-12-30 10:22:14.461000,FinePointe Series WBP [SN 139781]  Site 4 Bias Flow is out of range.,,,,,,,,,,,,,,,,,,,,,,,,,
2025-12-30 10:22:14.461000,FinePointe Series WBP [SN 139781]  Site 1 Bias Flow is out of range.,,,,,,,,,,,,,,,,,,,,,,,,,
2025-12-30 10:22:14.461000,FinePointe Series WBP [SN 10499C]  Site 3 Bias Flow is out of range.,,,,,,,,,,,,,,,,,,,,,,,,,
2025-12-30 10:22:16.461000,3d,Toxicity,Original,,209.4346160888672,2.1076600551605225,326.4714050292969,0.8485509157180786,0.8395094871520996,0.4301225244998932,11.153897285461426,17.837997436523438,13.96932315826416,0.17044927179813385,0.20767153799533844,1.033902645111084,5.789539337158203,0,0.10236665606498718,15.327054023742676,12.653398513793945,37,25,30,37.5,
2025-12-30 10:22:18.461000,3d,Toxicity,Original,,297.80120849609375,1.0291719436645508,301.943603515625,0.74151211977005,1.0682811737060547,0.2750958502292633,11.153897285461426,19.546430587768555,12.111954689025879,0.08005993813276291,0.12538255751132965,0.9598491191864014,3.28674054145813,0,0.061423107981681824,7.026998996734619,19.914043426513672,37,25,30,50,
2025-12-30 10:22:20.461000,3d,Toxicity,Original,,210.806640625,1.4554059505462646,294.2979736328125,0.33552324771881104,0.7071459889411926,0.6841034293174744,11.153897285461426,17.36087417602539,8.621336936950684,0.12375113368034363,0.17159557342529297,0.669154167175293,5.768054485321045,0,0.10327474027872086,9.407554626464844,13.095942497253418,37,25,30,28.571428298950195,
2025-12-30 10:22:22.461000,3d,Toxicity,Original,,131.1034698486328,2.3601317405700684,309.29254150390625,0.4167326092720032,0.6838246583938599,0.6574080586433411,11.153897285461426,16.57874298095703,9.622340202331543,0.21753056347370148,0.2408003956079483,0.7612380981445312,7.0377607345581055,0,0.14634859561920166,7.08860969543457,13.538748741149902,37,25,30,0,
2025-12-30 10:22:24.461000,3d,Toxicity,Original,,175.22085571289062,1.642142653465271,265.9283447265625,0.5618036389350891,0.6591885685920715,0.611454963684082,11.153897285461426,15.29553508758545,12.794209480285645,0.18739895522594452,0.20280557870864868,1.0330301523208618,10.252914428710938,0,0.12481842935085297,11.758682250976562,13.01870059967041,37,25,30,33.33333206176758,
2025-12-30 10:22:24.461000,FinePointe Series WBP [SN 139781]  Site 4 Bias Flow is out of range.,,,,,,,,,,,,,,,,,,,,,,,,,
2025-12-30 10:22:24.461000,FinePointe Series WBP [SN 139781]  Site 1 Bias Flow is out of range.,,,,,,,,,,,,,,,,,,,,,,,,,
2025-12-30 10:22:24.461000,FinePointe Series WBP [SN 10499C]  Site 3 Bias Flow is out of range.,,,,,,,,,,,,,,,,,,,,,,,,,
2025-12-30 10:22:26.461000,3d,Toxicity,Original,,270.6582946777344,1.136173963546753,301.5098876953125,0.44010257720947266,0.5121851563453674,0.6669207811355591,11.153897285461426,18.665199279785156,15.674009323120117,0.10969148576259613,0.12768584489822388,0.9798344373703003,10.564766883850098,0,0.08742866665124893,12.425002098083496,8.873523712158203,37,25,30,44.44444274902344,
2025-12-30 10:22:28.461000,3d,Toxicity,Original,,287.3404541015625,0.977820098400116,273.02178955078125,0.7476910948753357,0.7587432861328125,0.5967277884483337,11.153897285461426,18.13630485534668,17.124176025390625,0.0989735871553421,0.11859898269176483,1.2540717124938965,8.574417114257812,6.169697284698486,0.07312527298927307,16.81785774230957,14.61292839050293,37,25,30,60,
2025-12-30 10:22:32.461000,3d,Toxicity,Original,,173.04702758789062,1.6122698783874512,264.7777099609375,0.5462830662727356,0.6717783808708191,0.6370272040367126,11.153897285461426,15.291112899780273,12.4398193359375,0.1708056479692459,0.21274399757385254,0.9420256614685059,5.408206462860107,0,0.12886574864387512,8.711066246032715,12.311409950256348,37,25,30,85.71428680419922,
2025-12-30 10:22:32.461000,FinePointe Series WBP [SN 139781]  Site 4 Bias Flow is out of range.,,,,,,,,,,,,,,,,,,,,,,,,,
2025-12-30 10:22:34.461000,3d,Toxicity,Original,,119.11762237548828,2.090170383453369,249.04983520507812,0.5622434020042419,0.6741304993629456,0.7264390587806702,11.153897285461426,13.715700149536133,11.277978897094727,0.2303207367658615,0.2734133005142212,0.9190983772277832,6.99514102935791,0,0.16711477935314178,7.107733726501465,12.330452919006348,37,25,30,0,
2025-12-30 10:22:34.461000,FinePointe Series WBP [SN 139781]  Site 1 Bias Flow is out of range.,,,,,,,,,,,,,,,,,,,,,,,,,
2025-12-30 10:22:34.461000,FinePointe Series WBP [SN 139781]  Site 3 Bias Flow is out of range.,,,,,,,,,,,,,,,,,,,,,,,,,
2025-12-30 10:22:34.461000,FinePointe Series WBP [SN 10499C]  Site 3 Bias Flow is out of range.,,,,,,,,,,,,,,,,,,,,,,,,,
2025-12-30 10:22:36.461000,3d,Toxicity,Original,,119.88562774658203,2.1615021228790283,258.91168212890625,0.605654239654541,0.7087004780769348,0.6786144971847534,11.153897285461426,13.522104263305664,11.058995246887207,0.23535948991775513,0.26541826128959656,0.8771738409996033,5.972841262817383,0,0.15864689648151398,6.443896293640137,11.937498092651367,37,25,30,0,
2025-12-30 10:22:38.461000,3d,Toxicity,Original,,120.74467468261719,2.2961883544921875,277.158447265625,0.5198777318000793,0.7058649659156799,0.6234056949615479,11.153897285461426,14.43946361541748,10.154655456542969,0.23811691999435425,0.2589234411716461,0.849016010761261,6.158898830413818,0,0.1551719605922699,7.521364212036133,13.34623908996582,37,25,30,0,
2025-12-30 10:22:40.461000,3d,Toxicity,Original,,144.99671936035156,2.1122143268585205,288.8375244140625,0.4328182339668274,0.6305114030838013,0.7090109586715698,11.153897285461426,14.966658592224121,10.478473663330078,0.21074853837490082,0.22604095935821533,0.8933627009391785,6.766256809234619,0,0.14084795117378235,9.939087867736816,11.34866714477539,37,25,30,0,
2025-12-30 10:22:42.461000,3d,Toxicity,Original,,234.28140258789062,1.290379285812378,302.6256408691406,0.41618749499320984,0.5638636946678162,0.7369226813316345,11.153897285461426,14.657275199890137,10.975164413452148,0.13185985386371613,0.12441657483577728,0.9182592034339905,6.539732456207275,0,0.08146759122610092,13.719018936157227,10.240667343139648,37,25,30,0,
2025-12-30 10:22:42.461000,FinePointe Series WBP [SN 139781]  Site 4 Bias Flow is out of range.,,,,,,,,,,,,,,,,,,,,,,,,,
2025-12-30 10:22:44.461000,3d,Toxicity,Original,,186.80941772460938,1.4913294315338135,272.2704162597656,0.28177109360694885,0.48824629187583923,0.8157095313072205,11.153897285461426,15.995292663574219,9.71385383605957,0.1420871615409851,0.1958790272474289,0.698904812335968,6.945249080657959,0,0.1357637643814087,10.819531440734863,6.720973014831543,37,25,30,25,
2025-12-30 10:22:44.461000,FinePointe Series WBP [SN 139781]  Site 1 Bias Flow is out of range.,,,,,,,,,,,,,,,,,,,,,,,,,
2025-12-30 10:22:44.461000,FinePointe Series WBP [SN 139781]  Site 3 Bias Flow is out of range.,,,,,,,,,,,,,,,,,,,,,,,,,
2025-12-30 10:22:44.461000,FinePointe Series WBP [SN 10499C]  Site 3 Bias Flow is out of range.,,,,,,,,,,,,,,,,,,,,,,,,,
2025-12-30 10:22:46.461000,3d,Toxicity,Original,,209.9478302001953,1.1923871040344238,241.84161376953125,0.4275452494621277,0.49572551250457764,0.7604414820671082,11.153897285461426,14.127840042114258,12.316446304321289,0.1262529343366623,0.17515362799167633,0.9444061517715454,6.681006908416748,0,0.1219358742237091,12.241022109985352,6.8864665031433105,37,25,30,14.285714149475098,
2025-12-30 10:22:48.461000,3d,Toxicity,Original,,129.29258728027344,1.8861314058303833,240.79928588867188,0.31672415137290955,0.47253257036209106,0.8527562618255615,11.153897285461426,15.44123649597168,10.311857223510742,0.18481555581092834,0.3077967166900635,0.4746711552143097,5.960176944732666,0,0.20991408824920654,4.192870616912842,6.259066104888916,37,25,30,0,
2025-12-30 10:22:50.461000,3d,Toxicity,Original,,96.84241485595703,2.3387584686279297,226.30758666992188,0.4449838697910309,0.6285544633865356,0.8350815176963806,11.153897285461426,13.800395011901855,8.554964065551758,0.25486019253730774,0.36963117122650146,0.48687565326690674,5.218289852142334,0,0.2316684126853943,1.4326305389404297,7.350412845611572,37,25,30,0,
2025-12-30 10:22:52.461000,3d,Toxicity,Original,,106.9208755493164,2.354813814163208,251.61849975585938,0.4683753252029419,0.6383730173110962,0.8007498979568481,11.153897285461426,14.017118453979492,9.794503211975098,0.24860219657421112,0.3129832446575165,0.6722620129585266,6.115630626678467,0,0.19499561190605164,4.312914848327637,8.798690795898438,37,25,30,0,
2025-12-30 10:22:54.461000,3d,Toxicity,Original,,123.52159118652344,2.1917800903320312,269.78179931640625,0.4042867422103882,0.5993030071258545,0.837347149848938,11.153897285461426,15.492202758789062,10.407587051391602,0.2099619060754776,0.2785361707210541,0.7300173044204712,5.526965618133545,0,0.17750342190265656,5.321499824523926,8.336164474487305,37,25,30,0,
2025-12-30 10:22:54.461000,FinePointe Series WBP [SN 139781]  Site 4 Bias Flow is out of range.,,,,,,,,,,,,,,,,,,,,,,,,,
2025-12-30 10:22:54.461000,FinePointe Series WBP [SN 10499C]  Site 3 Bias Flow is out of range.,,,,,,,,,,,,,,,,,,,,,,,,,
2025-12-30 10:22:54.461000,FinePointe Series WBP [SN 139781]  Site 1 Bias Flow is out of range.,,,,,,,,,,,,,,,,,,,,,,,,,
2025-12-30 10:22:54.461000,FinePointe Series WBP [SN 139781]  Site 3 Bias Flow is out of range.,,,,,,,,,,,,,,,,,,,,,,,,,
2025-12-30 10:22:56.461000,3d,Toxicity,Original,,97.2862319946289,2.2178804874420166,215.56887817382812,0.4475071430206299,0.6351336240768433,0.588954508304596,11.153897285461426,13.65638256072998,8.823826789855957,0.24268008768558502,0.37443628907203674,0.47075793147087097,5.311922073364258,0,0.23275931179523468,1.6901488304138184,6.994784832000732,37,25,30,0,
2025-12-30 10:22:58.461000,3d,Toxicity,Original,,104.31048583984375,2.2486515045166016,234.4921875,0.4790128469467163,0.646730363368988,0.8456360697746277,11.153897285461426,13.360367774963379,9.245348930358887,0.2511560320854187,0.32420605421066284,0.615086555480957,5.4639129638671875,0,0.2009192705154419,3.734769821166992,8.519844055175781,37,25,30,0,
2025-12-30 10:23:00.461000,3d,Toxicity,Original,,197.17593383789062,1.5037705898284912,281.1734313964844,0.43566960096359253,0.5783072113990784,0.6723836064338684,11.153897285461426,14.588654518127441,10.881611824035645,0.15416468679904938,0.17833134531974792,0.7989892959594727,5.846680641174316,0,0.11641494184732437,9.66364574432373,10.187848091125488,37,25,30,0,
2025-12-30 10:23:02.461000,3d,Toxicity,Original,,243.63348388671875,1.1438093185424805,275.91864013671875,0.43736159801483154,0.5594422817230225,0.6705374717712402,11.153897285461426,13.71998405456543,10.219144821166992,0.12277009338140488,0.12528182566165924,0.8420138359069824,5.746546745300293,0,0.08233382552862167,13.854697227478027,9.524346351623535,37,25,30,0,
2025-12-30 10:23:04.461000,3d,Toxicity,Original,,120.36094665527344,1.8520258665084839,209.93728637695312,0.37664783000946045,0.5448652505874634,0.6707285642623901,11.153897285461426,14.972946166992188,10.246150016784668,0.18608354032039642,0.36794474720954895,0.5348402261734009,6.264021396636963,0,0.23737266659736633,10.233195304870605,3.805220127105713,37,25,30,20,
2025-12-30 10:23:04.461000,FinePointe Series WBP [SN 139781]  Site 4 Bias Flow is out of range.,,,,,,,,,,,,,,,,,,,,,,,,,
2025-12-30 10:23:04.461000,FinePointe Series WBP [SN 139781]  Site 1 Bias Flow is out of range.,,,,,,,,,,,,,,,,,,,,,,,,,
2025-12-30 10:23:04.461000,FinePointe Series WBP [SN 10499C]  Site 3 Bias Flow is out of range.,,,,,,,,,,,,,,,,,,,,,,,,,
2025-12-30 10:23:04.461000,FinePointe Series WBP [SN 139781]  Site 3 Bias Flow is out of range.,,,,,,,,,,,,,,,,,,,,,,,,,
2025-12-30 10:23:06.461000,3d,Toxicity,Original,,96.95989990234375,2.413978338241577,234.08419799804688,0.39629220962524414,0.6299698948860168,0.8392680287361145,11.153897285461426,13.516589164733887,8.021125793457031,0.2646397054195404,0.35426637530326843,0.4018362760543823,5.439680099487305,0,0.22103023529052734,1.005502462387085,6.203044891357422,37,25,30,0,
2025-12-30 10:23:08.461000,3d,Toxicity,Original,,103.72518920898438,2.1956775188446045,227.7472686767578,0.49167582392692566,0.6487312912940979,0.7972966432571411,11.153897285461426,12.564166069030762,8.913002967834473,0.25218257308006287,0.3264949917793274,0.5612789988517761,5.263248920440674,0,0.20159539580345154,3.5659666061401367,7.713174343109131,37,25,30,0,
2025-12-30 10:23:10.461000,3d,Toxicity,Original,,106.58795166015625,2.183222770690918,232.7919921875,0.5853832364082336,0.6665573120117188,0.7810165286064148,11.153897285461426,12.134233474731445,9.833759307861328,0.2564983069896698,0.30673444271087646,0.7309971451759338,5.212155818939209,0,0.18754585087299347,4.1815009117126465,9.839651107788086,37,25,30,0,
2025-12-30 10:23:12.461000,3d,Toxicity,Original,,107.6900863647461,2.2329111099243164,240.49819946289062,0.5988662838935852,0.686492383480072,0.6503500938415527,11.153897285461426,12.789745330810547,9.562742233276367,0.2570233643054962,0.30040156841278076,0.6557091474533081,5.416079521179199,0,0.18161913752555847,3.4408621788024902,9.560223579406738,37,25,30,0,
2025-12-30 10:23:14.461000,3d,Toxicity,Original,,109.92241668701172,2.2201006412506104,243.99472045898438,0.5356287360191345,0.6903425455093384,0.8080006837844849,11.153897285461426,13.201650619506836,9.044931411743164,0.25553658604621887,0.2904529571533203,0.6606395244598389,5.525660991668701,0,0.17534740269184113,4.4361138343811035,10.113836288452148,37,25,30,0,
2025-12-30 10:23:14.461000,FinePointe Series WBP [SN 139781]  Site 4 Bias Flow is out of range.,,,,,,,,,,,,,,,,,,,,,,,,,
2025-12-30 10:23:14.461000,FinePointe Series WBP [SN 139781]  Site 1 Bias Flow is out of range.,,,,,,,,,,,,,,,,,,,,,,,,,
2025-12-30 10:23:14.461000,FinePointe Series WBP [SN 139781]  Site 3 Bias Flow is out of range.,,,,,,,,,,,,,,,,,,,,,,,,,
2025-12-30 10:23:14.461000,FinePointe Series WBP [SN 10499C]  Site 3 Bias Flow is out of range.,,,,,,,,,,,,,,,,,,,,,,,,,
2025-12-30 10:23:16.461000,3d,Toxicity,Original,,104.68293762207031,2.280081272125244,238.67083740234375,0.49146828055381775,0.6836566925048828,0.6967224478721619,11.153897285461426,12.977794647216797,8.337100982666016,0.2576304078102112,0.31578147411346436,0.6085286140441895,6.110108375549316,0,0.19128595292568207,4.348407745361328,10.739256858825684,37,25,30,0,
2025-12-30 10:23:18.461000,3d,Toxicity,Original,,103.03429412841797,2.187166929244995,225.40797424316406,0.5034735202789307,0.7089255452156067,0.8269798755645752,11.153897285461426,12.658474922180176,8.413273811340332,0.2551409900188446,0.32724255323410034,0.6297850608825684,5.899197578430176,0,0.19534021615982056,5.351016044616699,10.316166877746582,37,25,30,0,
2025-12-30 10:23:20.461000,3d,Toxicity,Original,,166.91793823242188,1.5620509386062622,242.3109130859375,0.3754009008407593,0.5538131594657898,0.7968118190765381,11.153897285461426,12.70281982421875,9.199987411499023,0.179780513048172,0.2138882577419281,0.6630352139472961,6.502657890319824,0,0.14020219445228577,9.587282180786133,8.06616497039795,37,25,30,0,
2025-12-30 10:23:22.461000,3d,Toxicity,Original,,143.03282165527344,1.560245156288147,209.4947967529297,0.37724125385284424,0.5233901739120483,0.8332041501998901,11.153897285461426,14.359538078308105,10.424131393432617,0.16464848816394806,0.2760833501815796,0.6070775389671326,5.035023212432861,0,0.18277302384376526,4.293224811553955,4.182976245880127,37,25,30,25,
2025-12-30 10:23:24.461000,3d,Toxicity,Original,,82.40357971191406,2.3746438026428223,195.26397705078125,0.331038236618042,0.5094719529151917,0.8845056295394897,11.153897285461426,14.545747756958008,7.584485054016113,0.24749404191970825,0.4834895133972168,0.1941545456647873,4.763357162475586,0,0.3236426115036011,,,37,25,30,0,
2025-12-30 10:23:24.461000,FinePointe Series WBP [SN 139781]  Site 4 Bias Flow is out of range.,,,,,,,,,,,,,,,,,,,,,,,,,
2025-12-30 10:23:24.461000,FinePointe Series WBP [SN 139781]  Site 1 Bias Flow is out of range.,,,,,,,,,,,,,,,,,,,,,,,,,
2025-12-30 10:23:24.461000,FinePointe Series WBP [SN 139781]  Site 3 Bias Flow is out of range.,,,,,,,,,,,,,,,,,,,,,,,,,
2025-12-30 10:23:24.461000,FinePointe Series WBP [SN 10499C]  Site 3 Bias Flow is out of range.,,,,,,,,,,,,,,,,,,,,,,,,,
2025-12-30 10:23:26.461000,3d,Toxicity,Original,,93.4269027709961,2.2911672592163086,213.80014038085938,0.48117566108703613,0.6683760285377502,0.8720117807388306,11.153897285461426,12.414595603942871,7.962775230407715,0.26588279008865356,0.3777443468570709,0.4139942526817322,5.145147323608398,0,0.2300906479358673,1.7007360458374023,6.769351482391357,37,25,30,0,
2025-12-30 10:23:28.461000,3d,Toxicity,Original,,128.352294921875,1.9779269695281982,246.528564453125,0.457819402217865,0.5976847410202026,0.757975697517395,11.153897285461426,13.281009674072266,9.80163288116455,0.22144588828086853,0.2660716474056244,0.725103497505188,5.315548896789551,0,0.16887779533863068,6.250062465667725,8.226123809814453,37,25,30,0,
2025-12-30 10:23:30.461000,3d,Toxicity,Original,,91.45056915283203,2.0090866088867188,182.01031494140625,0.4536208510398865,0.6208324432373047,0.8694773316383362,11.153897285461426,12.304508209228516,8.274311065673828,0.23694895207881927,0.42673563957214355,0.40629148483276367,5.170031547546387,0,0.26648545265197754,2.0155789852142334,5.145473957061768,37,25,30,0,
2025-12-30 10:23:32.461000,3d,Toxicity,Original,,94.76448059082031,2.2333285808563232,211.65451049804688,0.38393521308898926,0.5919736623764038,0.843170166015625,11.153897285461426,12.341552734375,7.919071197509766,0.2656730115413666,0.36783188581466675,0.40501558780670166,4.766748428344727,0,0.2348865419626236,1.0620192289352417,5.7389678955078125,37,25,30,0,
2025-12-30 10:23:34.461000,3d,Toxicity,Original,,96.5740737915039,2.15040922164917,207.60862731933594,0.47692301869392395,0.6652382612228394,0.8404678106307983,11.153897285461426,12.278411865234375,7.776588439941406,0.26140180230140686,0.3600328266620636,0.47695717215538025,5.286378860473633,0,0.21995505690574646,1.9017524719238281,7.6862359046936035,37,25,30,0,
2025-12-30 10:23:34.461000,FinePointe Series WBP [SN 139781]  Site 4 Bias Flow is out of range.,,,,,,,,,,,,,,,,,,,,,,,,,
2025-12-30 10:23:34.461000,FinePointe Series WBP [SN 139781]  Site 1 Bias Flow is out of range.,,,,,,,,,,,,,,,,,,,,,,,,,
2025-12-30 10:23:34.461000,FinePointe Series WBP [SN 139781]  Site 3 Bias Flow is out of range.,,,,,,,,,,,,,,,,,,,,,,,,,
2025-12-30 10:23:34.461000,FinePointe Series WBP [SN 10499C]  Site 3 Bias Flow is out of range.,,,,,,,,,,,,,,,,,,,,,,,,,
2025-12-30 10:23:36.461000,3d,Toxicity,Original,,99.07659912109375,2.112656354904175,209.3291778564453,0.49511948227882385,0.6358481049537659,0.7811662554740906,11.153897285461426,11.898730278015137,8.492082595825195,0.26523908972740173,0.3408210575580597,0.5275179147720337,5.354001522064209,0,0.21207714080810547,3.058683156967163,8.619706153869629,37,25,30,0,
2025-12-30 10:23:38.461000,3d,Toxicity,Original,,99.1365966796875,2.1568799018859863,213.79910278320312,0.5103947520256042,0.6550973057746887,0.8301659822463989,11.153897285461426,11.853052139282227,8.565284729003906,0.26279953122138977,0.34288862347602844,0.5444013476371765,5.404097557067871,0,0.2108999341726303,2.8766350746154785,7.911449432373047,37,25,30,0,
2025-12-30 10:23:40.461000,3d,Toxicity,Original,,97.47501373291016,2.239032745361328,218.3562774658203,0.5121511220932007,0.7045243978500366,0.8279805779457092,11.153897285461426,12.540167808532715,7.684106826782227,0.2660831809043884,0.34962397813796997,0.505951464176178,5.392380237579346,0,0.20886926352977753,1.7222440242767334,9.09388256072998,37,25,30,0,
2025-12-30 10:23:42.461000,3d,Toxicity,Original,,99.91211700439453,2.2380785942077637,223.64495849609375,0.47684261202812195,0.6628947257995605,0.8008456230163574,11.153897285461426,11.920804977416992,8.385241508483887,0.2701251208782196,0.3306461572647095,0.5541715025901794,5.274415969848633,0,0.20279860496520996,4.390258312225342,7.885329723358154,37,25,30,0,
2025-12-30 10:23:42.461000,FinePointe Series WBP [SN 139781]  Site 4 Bias Flow is out of range.,,,,,,,,,,,,,,,,,,,,,,,,,
2025-12-30 10:23:44.461000,3d,Toxicity,Original,,137.9762420654297,1.589812994003296,214.46778869628906,0.3994613289833069,0.6262643933296204,0.7992869019508362,11.153897285461426,13.170799255371094,8.34134292602539,0.18085359036922455,0.28075161576271057,0.5770864486694336,5.577076435089111,0,0.17591723799705505,5.981009483337402,7.721632480621338,37,25,30,0,
2025-12-30 10:23:44.461000,FinePointe Series WBP [SN 139781]  Site 1 Bias Flow is out of range.,,,,,,,,,,,,,,,,,,,,,,,,,
2025-12-30 10:23:44.461000,FinePointe Series WBP [SN 139781]  Site 3 Bias Flow is out of range.,,,,,,,,,,,,,,,,,,,,,,,,,
2025-12-30 10:23:44.461000,FinePointe Series WBP [SN 10499C]  Site 3 Bias Flow is out of range.,,,,,,,,,,,,,,,,,,,,,,,,,
2025-12-30 10:23:46.461000,3d,Toxicity,Original,,142.68601989746094,1.5707573890686035,221.412353515625,0.28199464082717896,0.46790269017219543,0.8743888735771179,11.153897285461426,13.69784927368164,8.692779541015625,0.16953806579113007,0.2647435665130615,0.44210827350616455,5.878723621368408,0,0.18153151869773865,5.637962818145752,2.8232016563415527,37,25,30,0,
2025-12-30 10:23:48.461000,3d,Toxicity,Original,,137.41075134277344,1.5105974674224854,207.95230102539062,0.26136019825935364,0.4642476737499237,0.8961316347122192,11.153897285461426,14.707082748413086,8.791522026062012,0.15465092658996582,0.2959076166152954,0.40041589736938477,5.550922393798828,0,0.20361129939556122,3.7028887271881104,3.916332960128784,37,25,30,0,
2025-12-30 10:23:50.461000,3d,Toxicity,Original,,74.7846908569336,2.151362419128418,161.674072265625,0.4242035448551178,0.5874801874160767,0.8987712264060974,11.153897285461426,13.413837432861328,7.596130847930908,0.24379052221775055,0.5632753372192383,0.2417168915271759,4.625299453735352,0,0.3604802191257477,,0.8904728293418884,37,25,30,0,
2025-12-30 10:23:52.461000,3d,Toxicity,Original,,86.25006103515625,2.2902095317840576,197.2706298828125,0.4400063157081604,0.6147155165672302,0.852700412273407,11.153897285461426,12.660436630249023,7.416869163513184,0.2801409065723419,0.4175155758857727,0.3263537585735321,5.260549545288086,0,0.2633797526359558,2.584104061126709,5.701911449432373,37,25,30,0,
2025-12-30 10:23:54.461000,3d,Toxicity,Original,,91.27252197265625,2.111781120300293,192.343994140625,0.495753675699234,0.5942796468734741,0.6143314242362976,11.153897285461426,11.148113250732422,8.376445770263672,0.2619479298591614,0.39651966094970703,0.41389381885528564,4.811227798461914,0,0.2520974576473236,,4.114408016204834,37,25,30,0,
2025-12-30 10:23:54.461000,FinePointe Series WBP [SN 139781]  Site 4 Bias Flow is out of range.,,,,,,,,,,,,,,,,,,,,,,,,,
2025-12-30 10:23:54.461000,FinePointe Series WBP [SN 139781]  Site 1 Bias Flow is out of range.,,,,,,,,,,,,,,,,,,,,,,,,,
2025-12-30 10:23:54.461000,FinePointe Series WBP [SN 139781]  Site 3 Bias Flow is out of range.,,,,,,,,,,,,,,,,,,,,,,,,,
2025-12-30 10:23:54.461000,FinePointe Series WBP [SN 10499C]  Site 3 Bias Flow is out of range.,,,,,,,,,,,,,,,,,,,,,,,,,
2025-12-30 10:23:56.461000,3d,Toxicity,Original,,95.60231018066406,2.1326630115509033,203.98948669433594,0.5323097109794617,0.6448317170143127,0.8451034426689148,11.153897285461426,11.820718765258789,8.216135025024414,0.2705004811286926,0.35856807231903076,0.4547151029109955,4.748746871948242,0,0.2212541550397873,3.1247615814208984,7.099042892456055,37,25,30,0,
2025-12-30 10:23:58.461000,3d,Toxicity,Original,,92.25455474853516,2.1399128437042236,197.4466094970703,0.4627818465232849,0.6302883625030518,0.8403072357177734,11.153897285461426,11.817296981811523,7.763375759124756,0.26368674635887146,0.38714849948883057,0.41178399324417114,5.242149353027344,0,0.24154233932495117,1.3201372623443604,7.201816082000732,37,25,30,0,
2025-12-30 10:24:00.461000,3d,Toxicity,Original,,92.74736022949219,2.252779483795166,208.72154235839844,0.49411919713020325,0.6349406242370605,0.7863588333129883,11.153897285461426,12.131072998046875,8.299907684326172,0.2704581022262573,0.3771195113658905,0.45973917841911316,5.717919826507568,0,0.2351894974708557,1.566864252090454,6.271511554718018,37,25,30,0,
2025-12-30 10:24:02.461000,3d,Toxicity,Original,,95.8650894165039,2.172579050064087,208.23826599121094,0.5511680841445923,0.6465222835540771,0.3329152464866638,11.153897285461426,11.961910247802734,8.325565338134766,0.2719474136829376,0.35409337282180786,0.4697095453739166,5.249734401702881,0,0.2190636694431305,1.297968864440918,6.845458030700684,37,25,30,0,
2025-12-30 10:24:04.461000,3d,Toxicity,Original,,95.57835388183594,2.1652987003326416,206.98187255859375,0.42325255274772644,0.630197286605835,0.8248176574707031,11.153897285461426,12.032838821411133,7.897586345672607,0.2651953399181366,0.36296311020851135,0.45420902967453003,5.785414218902588,0,0.22683578729629517,3.3133344650268555,7.627493381500244,37,25,30,0,
2025-12-30 10:24:04.461000,FinePointe Series WBP [SN 139781]  Site 4 Bias Flow is out of range.,,,,,,,,,,,,,,,,,,,,,,,,,
2025-12-30 10:24:04.461000,FinePointe Series WBP [SN 139781]  Site 1 Bias Flow is out of range.,,,,,,,,,,,,,,,,,,,,,,,,,
2025-12-30 10:24:04.461000,FinePointe Series WBP [SN 10499C]  Site 3 Bias Flow is out of range.,,,,,,,,,,,,,,,,,,,,,,,,,
2025-12-30 10:24:04.461000,FinePointe Series WBP [SN 139781]  Site 3 Bias Flow is out of range.,,,,,,,,,,,,,,,,,,,,,,,,,
2025-12-30 10:24:06.461000,3d,Toxicity,Original,,94.41007995605469,2.14420223236084,202.39682006835938,0.4800032675266266,0.6039533615112305,0.8331501483917236,11.153897285461426,11.523107528686523,8.2637939453125,0.2694775462150574,0.36625373363494873,0.4627903997898102,5.378481864929199,0,0.23252072930335999,1.5169757604599,6.54633903503418,37,25,30,0,
2025-12-30 10:24:08.461000,3d,Toxicity,Original,,94.14350891113281,2.0950543880462646,197.01112365722656,0.5359600186347961,0.67305588722229,0.619410514831543,11.153897285461426,11.52076244354248,7.619102954864502,0.2743041217327118,0.36425715684890747,0.4755972921848297,4.907426834106445,0,0.22125758230686188,2.1772937774658203,8.214147567749023,37,25,30,0,
2025-12-30 10:24:10.461000,3d,Toxicity,Original,,93.83538055419922,2.0915322303771973,196.11109924316406,0.47260338068008423,0.6337758302688599,0.5617412328720093,11.153897285461426,11.831605911254883,7.735100269317627,0.27496716380119324,0.36463847756385803,0.42923620343208313,5.751988410949707,0,0.22853991389274597,3.6795525550842285,8.430474281311035,37,25,30,0,
2025-12-30 10:24:12.461000,3d,Toxicity,Original,,90.56315612792969,2.1728055477142334,196.697509765625,0.4731055796146393,0.6533209085464478,0.7960197329521179,11.153897285461426,11.455252647399902,7.284907817840576,0.27698028087615967,0.3868587911128998,0.4283193051815033,4.976744651794434,0,0.2381904572248459,1.3335216045379639,8.060325622558594,37,25,30,0,
2025-12-30 10:24:14.461000,3d,Toxicity,Original,,92.0002670288086,2.2164976596832275,203.76254272460938,0.40716859698295593,0.5920702219009399,0.8124743700027466,11.153897285461426,11.972940444946289,7.710052490234375,0.2775985598564148,0.3751711845397949,0.4309037923812866,5.818608283996582,0,0.2399733066558838,2.220876455307007,6.355771064758301,37,25,30,0,
2025-12-30 10:24:14.461000,FinePointe Series WBP [SN 139781]  Site 4 Bias Flow is out of range.,,,,,,,,,,,,,,,,,,,,,,,,,
2025-12-30 10:24:14.461000,FinePointe Series WBP [SN 139781]  Site 1 Bias Flow is out of range.,,,,,,,,,,,,,,,,,,,,,,,,,
2025-12-30 10:24:14.461000,FinePointe Series WBP [SN 139781]  Site 3 Bias Flow is out of range.,,,,,,,,,,,,,,,,,,,,,,,,,
2025-12-30 10:24:14.461000,FinePointe Series WBP [SN 10499C]  Site 3 Bias Flow is out of range.,,,,,,,,,,,,,,,,,,,,,,,,,
2025-12-30 10:24:16.461000,3d,Toxicity,Original,,91.82804107666016,2.1003873348236084,192.87025451660156,0.549039363861084,0.6948803067207336,0.5793761610984802,11.153897285461426,11.24315357208252,7.4388885498046875,0.2719092071056366,0.38259440660476685,0.46825459599494934,5.14457893371582,0,0.22925972938537598,2.764108657836914,8.590350151062012,37,25,30,0,
2025-12-30 10:24:18.461000,3d,Toxicity,Original,,89.66271209716797,2.0698113441467285,185.60130310058594,0.5401557683944702,0.6601269245147705,0.5650942921638489,11.153897285461426,10.991127967834473,7.452306270599365,0.27710390090942383,0.39237672090530396,0.40434786677360535,5.196820259094238,0,0.24034468829631805,1.0668236017227173,7.405808448791504,37,25,30,0,
2025-12-30 10:24:20.461000,3d,Toxicity,Original,,91.74760437011719,2.1600611209869385,198.0910186767578,0.4673368036746979,0.6642739772796631,0.79499751329422,11.153897285461426,12.062638282775879,7.448461055755615,0.2747389078140259,0.38004910945892334,0.36894890666007996,5.661811351776123,0,0.23247148096561432,1.0874974727630615,6.708071708679199,37,25,30,0,
2025-12-30 10:24:22.461000,3d,Toxicity,Original,,90.79717254638672,2.150583028793335,195.0959930419922,0.5040643811225891,0.6486107110977173,0.845983624458313,11.153897285461426,11.384934425354004,7.3793110847473145,0.27326029539108276,0.38811755180358887,0.4564092755317688,4.514886379241943,0,0.2389526218175888,2.1362311840057373,7.377505302429199,37,25,30,0,
2025-12-30 10:24:24.461000,3d,Toxicity,Original,,93.43942260742188,2.11601185798645,197.9734344482422,0.5222910046577454,0.6580641269683838,0.8552518486976624,11.153897285461426,11.047143936157227,7.5859856605529785,0.27481260895729065,0.3686143755912781,0.44158709049224854,5.316908359527588,0,0.22605973482131958,2.144015312194824,6.013768196105957,37,25,30,0,
2025-12-30 10:24:24.461000,FinePointe Series WBP [SN 139781]  Site 4 Bias Flow is out of range.,,,,,,,,,,,,,,,,,,,,,,,,,
2025-12-30 10:24:24.461000,FinePointe Series WBP [SN 139781]  Site 1 Bias Flow is out of range.,,,,,,,,,,,,,,,,,,,,,,,,,
2025-12-30 10:24:24.461000,FinePointe Series WBP [SN 139781]  Site 3 Bias Flow is out of range.,,,,,,,,,,,,,,,,,,,,,,,,,
2025-12-30 10:24:24.461000,FinePointe Series WBP [SN 10499C]  Site 3 Bias Flow is out of range.,,,,,,,,,,,,,,,,,,,,,,,,,
2025-12-30 10:24:26.461000,3d,Toxicity,Original,,89.81053161621094,2.1654932498931885,194.62501525878906,0.4959620237350464,0.6322741508483887,0.5878197550773621,11.153897285461426,12.079632759094238,7.901134490966797,0.2693309783935547,0.3993789851665497,0.41311874985694885,4.886167526245117,0,0.2488301545381546,0.09557366371154785,5.574563026428223,37,25,30,0,
2025-12-30 10:24:28.461000,3d,Toxicity,Original,,94.21150970458984,2.1382203102111816,201.2126922607422,0.5098205804824829,0.6560131311416626,0.5322872400283813,11.153897285461426,11.255897521972656,7.603363513946533,0.2816474437713623,0.3556975722312927,0.4523411691188812,5.510735988616943,0,0.21892336010932922,2.223985433578491,8.414077758789062,37,25,30,0,
2025-12-30 10:24:30.461000,3d,Toxicity,Original,,90.3512191772461,2.116055488586426,191.04202270507812,0.4602741599082947,0.6224148273468018,0.5852405428886414,11.153897285461426,10.750895500183105,7.236638069152832,0.2738797664642334,0.3907170295715332,0.38440972566604614,5.383744239807129,0,0.24551920592784882,0.44960716366767883,6.190021514892578,37,25,30,0,
2025-12-30 10:24:32.461000,3d,Toxicity,Original,,92.46340942382812,2.057776927947998,190.326904296875,0.5731288194656372,0.7016221284866333,0.8399953246116638,11.153897285461426,10.936784744262695,7.379957675933838,0.2832033634185791,0.3657653033733368,0.43260711431503296,5.054245471954346,0,0.21878011524677277,2.263850212097168,9.591581344604492,37,25,30,0,
2025-12-30 10:24:34.461000,3d,Toxicity,Original,,92.9473876953125,2.0956437587738037,194.78353881835938,0.5210986137390137,0.6378384232521057,0.5679433941841125,11.153897285461426,11.295561790466309,7.648752212524414,0.278411328792572,0.3671233654022217,0.4438082277774811,5.280711650848389,0,0.22829550504684448,1.3396514654159546,7.918467044830322,37,25,30,0,
2025-12-30 10:24:34.461000,FinePointe Series WBP [SN 139781]  Site 4 Bias Flow is out of range.,,,,,,,,,,,,,,,,,,,,,,,,,
2025-12-30 10:24:34.461000,FinePointe Series WBP [SN 139781]  Site 1 Bias Flow is out of range.,,,,,,,,,,,,,,,,,,,,,,,,,
2025-12-30 10:24:34.461000,FinePointe Series WBP [SN 139781]  Site 3 Bias Flow is out of range.,,,,,,,,,,,,,,,,,,,,,,,,,
2025-12-30 10:24:34.461000,FinePointe Series WBP [SN 10499C]  Site 3 Bias Flow is out of range.,,,,,,,,,,,,,,,,,,,,,,,,,
2025-12-30 10:24:36.461000,3d,Toxicity,Original,,94.50653076171875,2.078136444091797,196.4603729248047,0.36930838227272034,0.5578755736351013,0.8401859402656555,11.153897285461426,12.07869815826416,8.239645957946777,0.2588871717453003,0.3767758309841156,0.36769431829452515,5.952896595001221,0,0.2459983229637146,1.8937734365463257,4.9082112312316895,37,25,30,0,
2025-12-30 10:24:38.461000,3d,Toxicity,Original,,89.46958923339844,2.086672782897949,186.70571899414062,0.5583674311637878,0.6878873109817505,0.8518607020378113,11.153897285461426,10.808027267456055,6.883717060089111,0.281782865524292,0.3892444372177124,0.45538845658302307,5.259519100189209,0,0.23473936319351196,0.8814767599105835,8.165102005004883,37,25,30,0,
2025-12-30 10:24:40.461000,3d,Toxicity,Original,,89.63944244384766,2.088050365447998,187.07025146484375,0.4652423560619354,0.6251410245895386,0.8022838830947876,11.153897285461426,10.70339298248291,7.45017671585083,0.2879049479961395,0.3824460804462433,0.4135449230670929,5.894921779632568,0,0.23983371257781982,2.0410470962524414,8.072870254516602,37,25,30,0,
2025-12-30 10:24:42.461000,3d,Toxicity,Original,,94.39718627929688,2.0244333744049072,191.1510772705078,0.4834180474281311,0.6282775402069092,0.6086299419403076,11.153897285461426,10.929876327514648,7.736448764801025,0.2727862000465393,0.3629057705402374,0.4880971610546112,5.537754535675049,0,0.22686882317066193,3.5997281074523926,6.840867519378662,37,25,30,0,
2025-12-30 10:24:42.461000,FinePointe Series WBP [SN 139781]  Site 4 Bias Flow is out of range.,,,,,,,,,,,,,,,,,,,,,,,,,
2025-12-30 10:24:44.461000,3d,Toxicity,Original,,91.85179138183594,2.169495105743408,199.13682556152344,0.5402989387512207,0.6622161865234375,0.6007080674171448,11.153897285461426,10.75512981414795,7.141578674316406,0.2829298973083496,0.37048959732055664,0.4524816572666168,4.653923034667969,0,0.22658862173557281,1.3414307832717896,7.777098178863525,37,25,30,0,
2025-12-30 10:24:44.461000,FinePointe Series WBP [SN 139781]  Site 1 Bias Flow is out of range.,,,,,,,,,,,,,,,,,,,,,,,,,
2025-12-30 10:24:44.461000,FinePointe Series WBP [SN 139781]  Site 3 Bias Flow is out of range.,,,,,,,,,,,,,,,,,,,,,,,,,
2025-12-30 10:24:44.461000,FinePointe Series WBP [SN 10499C]  Site 3 Bias Flow is out of range.,,,,,,,,,,,,,,,,,,,,,,,,,
2025-12-30 10:24:46.461000,3d,Toxicity,Original,,91.83787536621094,2.08208966255188,190.85630798339844,0.40171223878860474,0.5537523031234741,0.6029203534126282,11.153897285461426,12.350614547729492,8.17530632019043,0.2513197064399719,0.40415388345718384,0.38700753450393677,5.112783432006836,0,0.2643626034259796,1.7231578826904297,4.246757507324219,37,25,30,0,
2025-12-30 10:24:48.461000,3d,Toxicity,Original,,85.98975372314453,2.0909476280212402,179.80587768554688,0.4642539322376251,0.6367990970611572,0.8019896745681763,11.153897285461426,11.310038566589355,7.015721321105957,0.2823808193206787,0.41548633575439453,0.33646345138549805,5.30635404586792,0,0.25785043835639954,1.2250759601593018,7.694676876068115,37,25,30,0,
2025-12-30 10:24:50.461000,3d,Toxicity,Original,,82.91261291503906,2.1691815853118896,179.8604736328125,0.5344505906105042,0.6988133788108826,0.8654522895812988,11.153897285461426,11.30732536315918,6.844979763031006,0.2981632351875305,0.4258463978767395,0.36203470826148987,5.352505683898926,0,0.25500452518463135,1.4443305730819702,6.756567478179932,37,25,30,0,
2025-12-30 10:24:50.461000,Record signals and tables.,,,,,,,,,,,,,,,,,,,,,,,,,
2025-12-30 10:24:50.461000,Experiment Complete.,,,,,,,,,,,,,,,,,,,,,,,,,
2025-12-30 10:24:52.461000,3d,Toxicity,Original,,88.17090606689453,2.1422975063323975,188.9109344482422,0.509842574596405,0.6284857988357544,0.86655193567276,11.153897285461426,11.137567520141602,7.921875953674316,0.28880348801612854,0.3934563100337982,0.42181599140167236,5.873224258422852,0,0.24584290385246277,2.4952375888824463,6.327256202697754,37,25,30,0,
