Time,Subject,Phase,Recording,Alarms,f,TVb,MVb,Penh,PAU,Rpef,Comp,PIFb,PEFb,Ti,Te,EF50,EIP,EEP,Tr,TB,TP,Tbody,Tc,RH,Rinx,BFCF
2025-12-30 09:39:38.421000,4d,Toxicity,Original,,67.4327621459961,0.38162535429000854,25.734050750732422,6.911078453063965,5.109135150909424,0.0813184455037117,11.153897285461426,4.313770771026611,4.998449802398682,0.1765299290418625,0.7132453322410583,0.2007122039794922,15.254276275634766,545.2982177734375,0.11843162775039673,2.1447970867156982,72.075927734375,37,25,30,99.65397644042969,
2025-12-30 09:39:38.421000,FinePointe Series WBP [SN 139781]  Site 3 Bias Flow is out of range.,,,,,,,,,,,,,,,,,,,,,,,,,
2025-12-30 09:39:48.421000,4d,Toxicity,Original,,461.335205078125,0.5020046830177307,231.59242248535156,1.2290338277816772,1.6632447242736816,0.23054584860801697,11.153897285461426,12.841256141662598,9.062613487243652,0.0693318322300911,0.06072544679045677,0.760090172290802,1.9075024127960205,0,0.02294853702187538,2.1618785858154297,20.668582916259766,37,25,30,96.29629516601562,
2025-12-30 09:39:50.421000,4d,Toxicity,Original,,321.168701171875,0.1311631053686142,42.125484466552734,0.7445229887962341,0.854896605014801,0.3397234082221985,11.153897285461426,2.0764670372009277,1.766284704208374,0.11617199331521988,0.07064570486545563,0.1476636826992035,4.523527145385742,0,0.03880264237523079,18.727561950683594,11.60500431060791,37,25,30,80,
2025-12-30 09:39:50.421000,FinePointe Series WBP [SN 139781]  Site 3 Bias Flow is out of range.,,,,,,,,,,,,,,,,,,,,,,,,,
2025-12-30 09:39:50.421000,FinePointe Series WBP [SN 139781]  Site 3 Bias Flow is out of range.,,,,,,,,,,,,,,,,,,,,,,,,,
2025-12-30 09:39:50.421000,FinePointe Series WBP [SN 139781]  Site 3 Bias Flow is out of range.,,,,,,,,,,,,,,,,,,,,,,,,,
2025-12-30 09:39:50.421000,FinePointe Series WBP [SN 139781]  Site 3 Bias Flow is out of range.,,,,,,,,,,,,,,,,,,,,,,,,,
2025-12-30 09:39:50.421000,Measuring Baseline.,,,,,,,,,,,,,,,,,,,,,,,,,
2025-12-30 09:39:50.421000,Create measurement 'Baseline'. Duration: 00:08:00,,,,,,,,,,,,,,,,,,,,,,,,,
2025-12-30 09:39:50.421000,FinePointe Series WBP [SN 139781]  Site 3 Bias Flow is out of range.,,,,,,,,,,,,,,,,,,,,,,,,,
2025-12-30 09:39:50.421000,FinePointe Series WBP [SN 139781]  Site 3 Bias Flow is out of range.,,,,,,,,,,,,,,,,,,,,,,,,,
2025-12-30 09:39:50.421000,FinePointe Series WBP [SN 139781]  Site 3 Bias Flow is out of range.,,,,,,,,,,,,,,,,,,,,,,,,,
2025-12-30 09:39:50.421000,FinePointe Series WBP [SN 139781]  Site 3 Bias Flow is out of range.,,,,,,,,,,,,,,,,,,,,,,,,,
2025-12-30 09:39:50.421000,FinePointe Series WBP [SN 139781]  Site 3 Bias Flow is out of range.,,,,,,,,,,,,,,,,,,,,,,,,,
2025-12-30 09:39:50.421000,FinePointe Series WBP [SN 139781]  Site 3 Bias Flow is out of range.,,,,,,,,,,,,,,,,,,,,,,,,,
2025-12-30 09:41:32.421000,4d,Toxicity,Original,,137.6279296875,0.10186045616865158,14.018843650817871,0.3987984359264374,0.8256542086601257,0.49639496207237244,11.153897285461426,1.7599852085113525,0.8375217318534851,0.10557593405246735,0.3303820788860321,0.0644364133477211,4.706639289855957,104.16874694824219,0.18190336227416992,,12.559651374816895,37,25,30,99.53916931152344,
2025-12-30 09:41:32.421000,FinePointe Series WBP [SN 139781]  Site 3 Bias Flow is out of range.,,,,,,,,,,,,,,,,,,,,,,,,,
2025-12-30 09:41:40.421000,4d,Toxicity,Original,,311.25030517578125,0.10931630432605743,34.02473449707031,0.47150304913520813,0.6172473430633545,0.7154600620269775,11.153897285461426,1.8220508098602295,1.4517443180084229,0.10052255541086197,0.09224833548069,0.1259516328573227,8.629737854003906,0,0.05876719951629639,17.935640335083008,13.086681365966797,37,25,30,95,
2025-12-30 09:41:40.421000,FinePointe Series WBP [SN 139781]  Site 3 Bias Flow is out of range.,,,,,,,,,,,,,,,,,,,,,,,,,
2025-12-30 09:41:46.421000,4d,Toxicity,Original,,323.6541442871094,0.12761448323726654,41.302955627441406,0.5937734246253967,1.0753908157348633,0.45051440596580505,11.153897285461426,3.2258248329162598,1.747633457183838,0.11435315012931824,0.0710299164056778,0.15429754555225372,33.69424819946289,0,0.03516588360071182,23.768648147583008,16.536155700683594,37,25,30,92.85713958740234,
2025-12-30 09:41:46.421000,FinePointe Series WBP [SN 139781]  Site 3 Bias Flow is out of range.,,,,,,,,,,,,,,,,,,,,,,,,,
2025-12-30 09:41:46.421000,FinePointe Series WBP [SN 139781]  Site 3 Bias Flow is out of range.,,,,,,,,,,,,,,,,,,,,,,,,,
2025-12-30 09:41:46.421000,FinePointe Series WBP [SN 139781]  Site 3 Bias Flow is out of range.,,,,,,,,,,,,,,,,,,,,,,,,,
2025-12-30 09:41:46.421000,FinePointe Series WBP [SN 139781]  Site 3 Bias Flow is out of range.,,,,,,,,,,,,,,,,,,,,,,,,,
2025-12-30 09:42:28.421000,4d,Toxicity,Original,,121.73594665527344,0.508010983467102,51.48277282714844,0.3409668505191803,0.6595519781112671,0.5511993169784546,11.153897285461426,7.463581085205078,2.565175771713257,0.24470284581184387,0.27422019839286804,0.12919430434703827,44.876800537109375,18.50392723083496,0.1653885543346405,10.941483497619629,9.903278350830078,37,25,30,97.7272720336914,
2025-12-30 09:42:32.421000,4d,Toxicity,Original,,296.736572265625,0.2603811025619507,77.26459503173828,2.045644521713257,3.639251708984375,0.5230773091316223,11.153897285461426,9.686100006103516,5.392544269561768,0.060729045420885086,0.14147049188613892,0.37755903601646423,1.5222697257995605,45.82112503051758,0.030571362003684044,,,37,25,30,90.90908813476562,
2025-12-30 09:42:42.421000,4d,Toxicity,Original,,211.2158203125,9.035598754882812,1908.4613037109375,0.6035066843032837,0.5764157176017761,0.5929506421089172,11.153897285461426,145.8267059326172,150.98097229003906,0.15252411365509033,0.1315455138683319,13.487048149108887,15.927393913269043,0,0.08578365296125412,18.582643508911133,10.375069618225098,37,25,30,92.30769348144531,
2025-12-30 09:42:48.421000,4d,Toxicity,Original,,216.0850372314453,11.149845123291016,2409.31494140625,1.43869948387146,1.1442217826843262,0.23282882571220398,11.153897285461426,158.26687622070312,181.5343475341797,0.11445842683315277,0.16321003437042236,11.05675220489502,4.839507579803467,0,0.07733552157878876,6.41456937789917,16.64788055419922,37,25,30,88.88888549804688,
2025-12-30 09:43:06.421000,4d,Toxicity,Original,,132.4210205078125,5.335832595825195,345.24383544921875,0.6496260166168213,1.2050672769546509,0.6875244379043579,11.153897285461426,41.50959777832031,18.37290382385254,0.23067142069339752,0.5360231399536133,0.7332743406295776,31.70315933227539,0,0.2327578216791153,8.99351978302002,20.232383728027344,37,25,30,86.66666412353516,
2025-12-30 09:43:16.421000,4d,Toxicity,Original,,85.34878540039062,3.205965042114258,87.94027709960938,1.3254696130752563,1.7497789859771729,0.6725453734397888,11.153897285461426,12.496088027954102,5.346190452575684,0.38412371277809143,1.1515389680862427,0.34607869386672974,57.48849868774414,0,0.3733440041542053,2.7249627113342285,18.47805404663086,37,25,30,77.77777862548828,
2025-12-30 09:43:36.421000,4d,Toxicity,Original,,42.072975158691406,2.0357747077941895,85.6511001586914,0.5348578095436096,0.9505568742752075,0.5086968541145325,11.153897285461426,5.207937240600586,3.141633987426758,0.6437023282051086,0.7823912501335144,0.1808246523141861,165.60055541992188,246.89744567871094,0.4221882224082947,1.5797024965286255,,37,25,30,96.42857360839844,
2025-12-30 09:43:40.421000,4d,Toxicity,Original,,284.52496337890625,0.2219523787498474,63.1509895324707,2.07627272605896,1.823077917098999,0.2718704044818878,11.153897285461426,4.361057281494141,5.027400016784668,0.10788756608963013,0.10299024730920792,0.4424114525318146,53.77325439453125,53.898902893066406,0.03678209334611893,,2.31813383102417,37,25,30,96.875,
2025-12-30 09:43:50.421000,4d,Toxicity,Original,,351.65509033203125,0.12702405452728271,44.66865539550781,0.9613645672798157,0.9640740156173706,0.3666081130504608,11.153897285461426,1.9768582582473755,1.9140605926513672,0.09970130771398544,0.0709204152226448,0.16755229234695435,3.071269989013672,0,0.03660063445568085,10.962318420410156,14.695110321044922,37,25,30,96.66666412353516,
2025-12-30 09:43:52.421000,4d,Toxicity,Original,,119.71968078613281,0.13918986916542053,16.172531127929688,10.077215194702148,4.176609516143799,0.15475066006183624,11.153897285461426,1.6105427742004395,3.372431993484497,0.20601436495780945,0.33640003204345703,0.285700261592865,8.561849594116211,196.1201171875,0.06484179943799973,9.243327140808105,27.3205509185791,37,25,30,66.66666412353516,
2025-12-30 09:43:54.421000,4d,Toxicity,Original,,147.01315307617188,0.2813906669616699,41.36812973022461,1.84425687789917,1.8101459741592407,0.17106731235980988,11.153897285461426,1.9627273082733154,2.0117642879486084,0.2093745768070221,0.19875216484069824,0.1338290572166443,4.489980220794678,38.0523567199707,0.0717887207865715,3.218456745147705,22.28757095336914,37,25,30,50,
2025-12-30 09:43:58.421000,4d,Toxicity,Original,,141.69131469726562,0.15049943327903748,21.167367935180664,2.000258445739746,1.7400532960891724,0.2124290019273758,11.153897285461426,1.8518898487091064,1.693382740020752,0.1465674340724945,0.27824094891548157,0.13234364986419678,5.7566728591918945,173.94210815429688,0.12360551953315735,12.18074893951416,5.171889305114746,37,25,30,90,
2025-12-30 09:44:08.421000,4d,Toxicity,Original,,22.292949676513672,9.131864547729492,203.57620239257812,7.686534881591797,7.468580722808838,0.03619910776615143,11.153897285461426,33.717586517333984,14.693310737609863,0.7024346590042114,1.988999366760254,0.571440577507019,15.125439643859863,824.073486328125,0.2443857043981552,2.0442557334899902,12.259499549865723,37,25,30,96.29629516601562,
2025-12-30 09:44:14.421000,4d,Toxicity,Original,,270.6759033203125,0.12173958122730255,32.951969146728516,0.6970982551574707,0.7175650000572205,0.43489110469818115,11.153897285461426,1.5923748016357422,1.5198248624801636,0.11589371412992477,0.10577360540628433,0.12969468533992767,4.825159072875977,0,0.06287175416946411,11.451737403869629,10.132426261901855,37,25,30,85.71428680419922,
2025-12-30 09:44:18.421000,4d,Toxicity,Original,,112.15221405029297,0.10313045978546143,11.566308975219727,5.224672317504883,5.382462501525879,0.10777163505554199,11.153897285461426,1.9405945539474487,1.6360156536102295,0.10815875232219696,0.42682844400405884,0.06866546720266342,7.689450740814209,336.5301513671875,0.0675492212176323,,,37,25,30,85.71428680419922,
2025-12-30 09:44:20.421000,4d,Toxicity,Original,,164.93722534179688,0.12823355197906494,21.267967224121094,1.6279668807983398,1.8241997957229614,0.48887985944747925,11.153897285461426,1.9353587627410889,1.3643364906311035,0.12273114919662476,0.2419210821390152,0.11336779594421387,6.0238494873046875,75.45382690429688,0.10453658550977707,7.133979320526123,28.796669006347656,37,25,30,80,
2025-12-30 09:44:22.421000,4d,Toxicity,Original,,161.49407958984375,0.17685386538505554,28.56085205078125,0.2761445939540863,0.34775134921073914,0.7471197247505188,11.153897285461426,1.8215694427490234,1.43740713596344,0.15737487375736237,0.21415577828884125,0.12281189858913422,9.558429718017578,0,0.16127966344356537,27.108030319213867,6.987641334533691,37,25,30,0,
2025-12-30 09:44:24.421000,4d,Toxicity,Original,,58.283260345458984,1.3818317651748657,74.87257385253906,0.5199235081672668,0.8550500869750977,0.5850110054016113,11.153897285461426,5.853051662445068,3.515104293823242,0.4356003999710083,0.671173632144928,0.12319332361221313,19.199296951293945,310.1258850097656,0.35690581798553467,6.517430305480957,15.718682289123535,37,25,30,60,
2025-12-30 09:44:30.421000,4d,Toxicity,Original,,38.082698822021484,2.088829517364502,79.54826354980469,1.2406980991363525,1.3207470178604126,0.12964770197868347,11.153897285461426,7.702204704284668,4.404045581817627,0.5882276296615601,0.9872909188270569,0.24417001008987427,26.726314544677734,0,0.4419418275356293,,18.68086051940918,37,25,30,87.5,
2025-12-30 09:44:32.421000,4d,Toxicity,Original,,65.76681518554688,1.1292941570281982,74.27008056640625,0.5368261933326721,0.605273425579071,0.25576716661453247,11.153897285461426,4.735884189605713,3.8311164379119873,0.4587767422199249,0.4535374641418457,0.2999667227268219,13.951269149780273,253.80615234375,0.30478739738464355,4.220794200897217,32.7388916015625,37,25,30,66.66666412353516,
2025-12-30 09:44:34.421000,4d,Toxicity,Original,,162.50564575195312,0.37492644786834717,33.219940185546875,3.173877239227295,2.3711752891540527,0.4143863320350647,11.153897285461426,2.6011223793029785,2.557034969329834,0.22466689348220825,0.35794928669929504,0.17830802500247955,7.021456241607666,77.85245513916016,0.15234556794166565,16.46118927001953,16.441627502441406,37,25,30,57.14285659790039,
2025-12-30 09:44:36.421000,4d,Toxicity,Original,,85.02555847167969,0.26173436641693115,22.25411033630371,0.9317139387130737,0.8612561225891113,0.6133235692977905,11.153897285461426,2.1530213356018066,2.2782111167907715,0.23609748482704163,0.46957269310951233,0.1618340164422989,8.726675033569336,127.93380737304688,0.2555646300315857,4.985098838806152,11.499125480651855,37,25,30,80,
2025-12-30 09:44:38.421000,4d,Toxicity,Original,,276.73504638671875,0.1478194147348404,40.90681076049805,0.626815915107727,0.7359204292297363,0.5927846431732178,11.153897285461426,2.3130078315734863,1.9787384271621704,0.1155966967344284,0.10121719539165497,0.16800105571746826,5.925302028656006,0,0.0594913475215435,14.161775588989258,14.211040496826172,37,25,30,50,
2025-12-30 09:44:44.421000,4d,Toxicity,Original,,150.69532775878906,0.1429193615913391,21.537281036376953,0.7331993579864502,0.7701736092567444,0.5448104739189148,11.153897285461426,1.208172082901001,1.2174639701843262,0.25131428241729736,0.14684006571769714,0.10490994155406952,4.820328712463379,0,0.08360914885997772,2.295569896697998,11.02188777923584,37,25,30,66.66666412353516,
2025-12-30 09:44:46.421000,4d,Toxicity,Original,,111.83128356933594,0.3922640085220337,43.86738586425781,0.27341219782829285,0.4122501015663147,0.7762957215309143,11.153897285461426,3.178713798522949,2.2263355255126953,0.19902226328849792,0.3375002443790436,0.0837724506855011,49.851226806640625,5.185489177703857,0.24211619794368744,18.832382202148438,27.790971755981445,37,25,30,75,
2025-12-30 09:44:50.421000,4d,Toxicity,Original,,56.96406555175781,0.8182987570762634,46.61362075805664,0.8523375391960144,0.8306612372398376,0.51164710521698,11.153897285461426,3.6553499698638916,4.241847515106201,0.5021345019340515,0.5511611104011536,0.3722788691520691,28.267135620117188,0,0.3173711597919464,14.794453620910645,30.66517448425293,37,25,30,75,
2025-12-30 09:44:54.421000,4d,Toxicity,Original,,298.1703186035156,0.1591971218585968,47.39402770996094,0.4531378746032715,0.6333348751068115,0.6073703169822693,11.153897285461426,2.525491952896118,1.872053623199463,0.10836859047412872,0.09286586940288544,0.16037073731422424,5.530966758728027,0,0.057978205382823944,13.902957916259766,15.435691833496094,37,25,30,75,
2025-12-30 09:44:58.420000,4d,Toxicity,Original,,55.58650207519531,0.6283207535743713,34.926151275634766,0.8254355788230896,1.1365106105804443,0.07693898677825928,11.153897285461426,2.954946279525757,2.493603229522705,0.3515492379665375,0.7278494834899902,0.2205163985490799,11.911928176879883,496.5466613769531,0.34459003806114197,4.241617679595947,35.77919387817383,37,25,30,75,
2025-12-30 09:45:16.421000,4d,Toxicity,Original,,115.75373840332031,0.1591433584690094,18.421438217163086,2.659107208251953,2.0775883197784424,0.23067326843738556,11.153897285461426,1.5858502388000488,1.8299497365951538,0.2582336366176605,0.26010817289352417,0.07815109938383102,5.588002681732178,169.3839111328125,0.08548922836780548,,3.840409517288208,37,25,30,96.7741928100586,
2025-12-30 09:45:20.421000,4d,Toxicity,Original,,277.310546875,0.12974564731121063,35.979835510253906,0.6618584394454956,0.7777836918830872,0.501703679561615,11.153897285461426,1.9493141174316406,1.669086217880249,0.11271709948778152,0.10364683717489243,0.1495974212884903,5.78188419342041,0,0.05942234769463539,13.539416313171387,22.000329971313477,37,25,30,85.71428680419922,
2025-12-30 09:45:22.421000,4d,Toxicity,Original,,276.5781555175781,0.20530295372009277,56.782310485839844,0.6065853834152222,0.8479161858558655,0.42265835404396057,11.153897285461426,3.0536911487579346,2.10703182220459,0.11283387988805771,0.10410299897193909,0.18862389028072357,6.287663459777832,7.079334259033203,0.05750468373298645,15.836003303527832,16.367145538330078,37,25,30,83.33333587646484,
2025-12-30 09:45:24.421000,4d,Toxicity,Original,,229.57205200195312,0.19259488582611084,39.87416076660156,0.773475706577301,0.8263635039329529,0.47786980867385864,11.153897285461426,2.5696029663085938,2.2703847885131836,0.1421860158443451,0.14152002334594727,0.2009122371673584,8.70361328125,0,0.08086858689785004,18.03414535522461,17.14932632446289,37,25,30,71.42857360839844,
2025-12-30 09:45:26.421000,4d,Toxicity,Original,,103.13658905029297,0.3219498097896576,33.20480728149414,0.4897443950176239,0.8305842876434326,0.07974837720394135,11.153897285461426,2.169433355331421,1.0463560819625854,0.2557273805141449,0.32602542638778687,0.0016336856642737985,6.480744361877441,243.852294921875,0.18093164265155792,,11.894979476928711,37,25,30,50,
2025-12-30 09:45:28.421000,4d,Toxicity,Original,,136.1687774658203,0.25423964858055115,34.619503021240234,0.46913382411003113,0.5544667840003967,0.7607376575469971,11.153897285461426,2.4507205486297607,2.1712028980255127,0.19875915348529816,0.24187050759792328,0.0870543047785759,5.412402629852295,0,0.15797863900661469,3.140375852584839,,37,25,30,87.5,
2025-12-30 09:45:30.421000,4d,Toxicity,Original,,178.76669311523438,0.1519981324672699,27.057222366333008,1.2165645360946655,1.961068868637085,0.2216869294643402,11.153897285461426,1.9506473541259766,1.2551755905151367,0.1352050006389618,0.200493723154068,0.08896249532699585,5.974993705749512,67.0002670288086,0.07647870481014252,9.06628131866455,16.99373435974121,37,25,30,50,
2025-12-30 09:45:32.421000,4d,Toxicity,Original,,592.7863159179688,0.13962136209011078,82.76564025878906,0.4518090486526489,0.5645961165428162,0.7637540698051453,11.153897285461426,4.988848686218262,4.054887771606445,0.067174531519413,0.034042373299598694,0.2911067008972168,4.146523952484131,0,0.021899595856666565,3.9460086822509766,7.662267208099365,37,25,30,90,
2025-12-30 09:45:38.421000,4d,Toxicity,Original,,221.27178955078125,0.12297816574573517,27.211599349975586,1.4193886518478394,1.0202016830444336,0.5435784459114075,11.153897285461426,1.768937349319458,2.489231824874878,0.10559025406837463,0.1655694842338562,0.1642921268939972,16.015148162841797,41.24790954589844,0.08351368457078934,14.12588882446289,9.187745094299316,37,25,30,98.33333587646484,
2025-12-30 09:45:40.421000,4d,Toxicity,Original,,60.39124298095703,14.088449478149414,850.8190307617188,0.775480329990387,0.7543228268623352,0.2704554498195648,11.153897285461426,58.54452133178711,69.30279541015625,0.3945319354534149,0.5989896059036255,2.7147154808044434,58.482730865478516,423.8781433105469,0.3542114794254303,11.295419692993164,30.486438751220703,37,25,30,91.66666412353516,
2025-12-30 09:45:42.421000,4d,Toxicity,Original,,371.2447814941406,0.633475661277771,235.1745147705078,0.5427034497261047,0.5969336032867432,0.633365273475647,11.153897285461426,9.758264541625977,9.3145170211792,0.10162146389484406,0.05999697372317314,0.8160688877105713,4.08594274520874,0,0.03805666044354439,13.191039085388184,15.032811164855957,37,25,30,88.88888549804688,
2025-12-30 09:45:52.420000,4d,Toxicity,Original,,68.02506256103516,2.1417365074157715,145.69175720214844,0.6806700229644775,1.321892499923706,0.3610433340072632,11.153897285461426,11.862227439880371,5.140002727508545,0.3834727704524994,0.49855512380599976,0.3799992799758911,13.890148162841797,0,0.22030387818813324,8.177148818969727,36.69043731689453,37,25,30,97.5,
2025-12-30 09:45:54.421000,4d,Toxicity,Original,,354.01007080078125,0.11821854114532471,41.850555419921875,0.5153396725654602,0.6244767308235168,0.5840833783149719,11.153897285461426,2.0605664253234863,1.680687427520752,0.09415499866008759,0.07533171027898788,0.1464902013540268,6.427160263061523,0,0.04742167145013809,18.526596069335938,20.654468536376953,37,25,30,75,
2025-12-30 09:45:56.421000,4d,Toxicity,Original,,67.79353332519531,2.147137403488159,145.56202697753906,0.5748851895332336,0.5101661086082458,0.6962121725082397,11.153897285461426,10.263035774230957,12.659005165100098,0.32773882150650024,0.55730140209198,0.6283940076828003,18.927743911743164,139.19552612304688,0.37959733605384827,14.4917573928833,32.316898345947266,37,25,30,0,
2025-12-30 09:45:58.421000,4d,Toxicity,Original,,159.19467163085938,0.1686210334300995,24.24045753479004,1.299349308013916,1.3450266122817993,0.40084654092788696,11.153897285461426,1.9534571170806885,1.715853214263916,0.15804192423820496,0.2427416741847992,0.12068542838096619,5.894673824310303,71.12391662597656,0.10270780324935913,12.425925254821777,26.92390251159668,37,25,30,81.81818389892578,
2025-12-30 09:46:02.421000,4d,Toxicity,Original,,30.21062469482422,3.4593658447265625,107.50528717041016,0.8479394912719727,1.4362064599990845,0.5091927647590637,11.153897285461426,14.508098602294922,6.581742286682129,0.7257735133171082,1.3355460166931152,0.4363802671432495,168.47555541992188,278.51953125,0.5613484978675842,3.866769790649414,35.56024932861328,37,25,30,33.33333206176758,
2025-12-30 09:46:06.421000,4d,Toxicity,Original,,88.26005554199219,1.1567927598953247,59.5080451965332,0.47433000802993774,0.5348936319351196,0.7390958070755005,11.153897285461426,4.777586936950684,4.49134635925293,0.3957497477531433,0.5356242060661316,0.34668654203414917,10.478216171264648,0,0.35210758447647095,15.632041931152344,4.721945762634277,37,25,30,66.66666412353516,
2025-12-30 09:46:14.421000,4d,Toxicity,Original,,31.594528198242188,2.453824281692505,77.52742004394531,0.8013064861297607,0.978918194770813,0.7013585567474365,11.153897285461426,6.979409217834473,7.78424072265625,0.6072843670845032,1.2917786836624146,0.49100422859191895,211.03050231933594,103.08232116699219,0.6685776114463806,7.409852981567383,12.345877647399902,37,25,30,87.5,
2025-12-30 09:46:16.421000,4d,Toxicity,Original,,177.8909454345703,0.14609026908874512,25.988134384155273,0.20688945055007935,0.3380059003829956,0.8323252201080322,11.153897285461426,2.2190449237823486,1.4150274991989136,0.10660625249147415,0.23067905008792877,0.04671066999435425,10.70266342163086,0,0.17462724447250366,8.315234184265137,,37,25,30,83.33333587646484,
2025-12-30 09:46:26.421000,4d,Toxicity,Original,,43.159881591796875,2.6290667057037354,113.47020721435547,0.6463775038719177,0.8058487176895142,0.5569620728492737,11.153897285461426,7.575246334075928,4.48134183883667,0.7689527273178101,0.6212272047996521,0.24394042789936066,18.398527145385742,23.596973419189453,0.3835057020187378,7.100785732269287,42.89644241333008,37,25,30,85.71428680419922,
2025-12-30 09:46:38.421000,4d,Toxicity,Original,,85.66503143310547,0.908366858959198,77.81527709960938,0.9508326649665833,0.5894331336021423,0.6180832386016846,11.153897285461426,4.053443908691406,7.114014148712158,0.4318302571773529,0.26857224106788635,0.6117651462554932,23.613542556762695,0,0.1761055737733841,9.58210277557373,14.85117244720459,37,25,30,94.11764526367188,
2025-12-30 09:47:08.421000,4d,Toxicity,Original,,21.435558319091797,4.7182111740112305,101.13748168945312,0.3415907919406891,0.7650415301322937,0.8276836276054382,11.153897285461426,13.222935676574707,7.364483833312988,0.7959065437316895,2.003180980682373,0.4213900864124298,209.76124572753906,0,1.170905351638794,1.413939118385315,,37,25,30,98.07691955566406,
2025-12-30 09:47:12.421000,4d,Toxicity,Original,,199.42022705078125,0.13897165656089783,27.71375846862793,0.8490042090415955,1.5003790855407715,0.31279218196868896,11.153897285461426,2.1383752822875977,1.1221692562103271,0.12183958292007446,0.1790326088666916,0.06267601996660233,17.42296028137207,0,0.07444874942302704,13.409111976623535,26.92414665222168,37,25,30,80,
2025-12-30 09:47:26.421000,4d,Toxicity,Original,,28.994075775146484,3.280327558517456,95.11006927490234,0.44457700848579407,0.717972993850708,0.9641401171684265,11.153897285461426,8.96400260925293,6.399092674255371,0.6297635436058044,1.4396247863769531,0.1976911872625351,13.080216407775879,0,0.8498679995536804,,13.398458480834961,37,25,30,93.75,
2025-12-30 09:47:32.421000,4d,Toxicity,Original,,72.486083984375,2.067992925643921,62.36562728881836,0.9772486686706543,1.351716160774231,0.5392981767654419,11.153897285461426,7.2117414474487305,5.0249223709106445,0.49068111181259155,1.1033270359039307,0.3727858066558838,126.83972930908203,222.71737670898438,0.48198068141937256,12.228480339050293,29.515727996826172,37,25,30,71.42857360839844,
2025-12-30 09:47:36.421000,4d,Toxicity,Original,,73.63026428222656,1.9680039882659912,69.33495330810547,1.1048414707183838,1.2827825546264648,0.5445548295974731,11.153897285461426,7.19118070602417,6.480124473571777,0.4655304551124573,1.0185470581054688,0.46747615933418274,106.6346664428711,242.59783935546875,0.40542325377464294,8.94635009765625,23.55889320373535,37,25,30,50,
2025-12-30 09:47:42.421000,4d,Toxicity,Original,,119.16057586669922,0.4991212487220764,59.4755744934082,0.35037338733673096,0.6897273063659668,0.7072550058364868,11.153897285461426,5.298377990722656,2.5364136695861816,0.2433614879846573,0.26016074419021606,0.20216873288154602,15.599177360534668,0,0.16011102497577667,10.643132209777832,17.19413185119629,37,25,30,66.66666412353516,
2025-12-30 09:47:48.421000,4d,Toxicity,Original,,81.39165496826172,0.6250766515731812,50.87602615356445,0.9682577252388,0.5029752254486084,0.6205194592475891,11.153897285461426,3.1662657260894775,6.3413166999816895,0.47288161516189575,0.26429468393325806,0.5438146591186523,20.564260482788086,0,0.18029510974884033,10.152647972106934,12.2628812789917,37,25,30,80,
2025-12-30 09:47:52.421000,4d,Toxicity,Original,,26.888498306274414,3.828540802001953,102.94371032714844,0.30385690927505493,0.491441547870636,0.8482759594917297,11.153897285461426,10.389699935913086,9.123188972473145,0.5928196310997009,1.6386176347732544,0.36927926540374756,182.1527862548828,0,1.1289719343185425,,,37,25,30,50,
2025-12-30 09:47:54.421000,4d,Toxicity,Original,,44.114444732666016,3.1065244674682617,137.0426025390625,0.6624297499656677,0.7660406827926636,0.6240504384040833,11.153897285461426,8.21860408782959,7.146280765533447,0.597339928150177,0.7627588510513306,0.5416750311851501,18.497312545776367,0,0.46719443798065186,7.624166965484619,44.25724792480469,37,25,30,66.66666412353516,
2025-12-30 09:48:04.421000,4d,Toxicity,Original,,46.69876480102539,3.5999372005462646,168.1126251220703,0.5268723368644714,0.5462335348129272,0.6431940197944641,11.153897285461426,10.147661209106445,7.3792500495910645,0.6940290331840515,0.590801477432251,0.6030160188674927,21.319454193115234,0,0.3945496678352356,13.53417682647705,31.402433395385742,37,25,30,85.71428680419922,
2025-12-30 09:48:06.421000,4d,Toxicity,Original,,112.40206909179688,1.5656085014343262,86.30989837646484,0.36566200852394104,0.809043288230896,0.6806893348693848,11.153897285461426,7.391216278076172,3.328932762145996,0.3538176119327545,0.5669061541557312,0.2373824417591095,15.463665008544922,0,0.31556880474090576,6.579948425292969,18.27597427368164,37,25,30,60,
2025-12-30 09:48:08.421000,4d,Toxicity,Original,,99.06907653808594,2.005882501602173,59.7262077331543,1.3998725414276123,2.320528268814087,0.533622145652771,11.153897285461426,7.385308265686035,4.372650623321533,0.40148842334747314,1.079477071762085,0.27659285068511963,70.22119903564453,422.60662841796875,0.2506727874279022,10.459654808044434,13.52546215057373,37,25,30,0,
2025-12-30 09:48:10.421000,4d,Toxicity,Original,,58.35600280761719,3.3694303035736084,196.62649536132812,0.6722248196601868,0.7050414085388184,0.3601562976837158,11.153897285461426,9.125640869140625,6.697514057159424,0.6172391176223755,0.410932719707489,0.5650162696838379,27.615201950073242,7.731042861938477,0.27010756731033325,1.710674524307251,1.5840139389038086,37,25,30,66.66666412353516,
2025-12-30 09:48:12.421000,4d,Toxicity,Original,,49.05012130737305,2.055365562438965,100.81592559814453,0.44219866394996643,0.9302941560745239,0.7476642727851868,11.153897285461426,10.294808387756348,5.080833911895752,0.34583941102027893,0.877399206161499,0.2968669533729553,14.907539367675781,0,0.4654482305049896,1.6424952745437622,5.337305545806885,37,25,30,50,
2025-12-30 09:48:16.421000,4d,Toxicity,Original,,78.09417724609375,2.092863082885742,81.70698547363281,1.1360447406768799,1.5144665241241455,0.6630855798721313,11.153897285461426,7.965255260467529,4.761394023895264,0.3725576400756836,0.8173947930335999,0.3257436752319336,13.685989379882812,50.40400314331055,0.41814303398132324,6.866702079772949,33.5930061340332,37,25,30,33.33333206176758,
2025-12-30 09:48:18.421000,4d,Toxicity,Original,,138.04702758789062,1.9391030073165894,89.89703369140625,0.7459890246391296,1.1505060195922852,0.5996593832969666,11.153897285461426,7.666594505310059,3.9066686630249023,0.39290422201156616,0.6985307931900024,0.2491510659456253,10.792579650878906,79.69839477539062,0.3093523383140564,11.545540809631348,24.577922821044922,37,25,30,0,
2025-12-30 09:48:20.421000,4d,Toxicity,Original,,37.397640228271484,3.8331193923950195,143.34962463378906,0.9365159273147583,1.133603572845459,0.20342178642749786,11.153897285461426,11.528498649597168,7.002941131591797,0.7785090208053589,0.8258702754974365,0.24794024229049683,27.80001449584961,0,0.46513092517852783,5.872859001159668,44.816375732421875,37,25,30,50,
2025-12-30 09:48:22.421000,4d,Toxicity,Original,,59.57464599609375,2.750800132751465,164.40591430664062,0.5867482423782349,0.7932617664337158,0.4944143295288086,11.153897285461426,9.04491138458252,5.953413963317871,0.49945032596588135,0.5081093907356262,0.48430049419403076,21.09283447265625,16.016536712646484,0.2963157892227173,4.650887489318848,14.04061508178711,37,25,30,50,
2025-12-30 09:48:26.421000,4d,Toxicity,Original,,47.60295486450195,3.0084421634674072,143.2107391357422,0.5341333746910095,0.7548598051071167,0.7453776001930237,11.153897285461426,10.655656814575195,6.798404216766357,0.4983960688114166,0.7620298862457275,0.5659374594688416,9.068047523498535,0,0.4441283941268921,8.158246994018555,,37,25,30,66.66666412353516,
2025-12-30 09:48:28.421000,4d,Toxicity,Original,,79.2117919921875,1.988656997680664,89.40603637695312,0.621395468711853,0.9506006240844727,0.49303120374679565,11.153897285461426,8.163383483886719,5.2378249168396,0.3892209529876709,0.6806814670562744,0.3193802237510681,24.81059455871582,0,0.3434649109840393,6.934963226318359,19.375011444091797,37,25,30,50,
2025-12-30 09:48:30.421000,4d,Toxicity,Original,,33.14815902709961,3.4869744777679443,115.58677673339844,2.373185157775879,3.5417277812957764,0.4024682939052582,11.153897285461426,11.345780372619629,4.333911418914795,0.6223841905593872,1.187671184539795,0.22265313565731049,14.114434242248535,588.0325317382812,0.27027007937431335,3.4220566749572754,10.26644515991211,37,25,30,0,
2025-12-30 09:48:30.421000,Deliver compound.,,,,,,,,,,,,,,,,,,,,,,,,,
2025-12-30 09:48:32.420000,4d,Toxicity,Original,,34.248695373535156,3.043178081512451,104.22488403320312,2.540780782699585,2.3559656143188477,0.20232278108596802,11.153897285461426,10.419008255004883,6.915196895599365,0.5953236818313599,1.1565678119659424,0.2545784115791321,18.705188751220703,0,0.35969340801239014,4.852097988128662,20.54435920715332,37,25,30,75,
2025-12-30 09:48:34.421000,4d,Toxicity,Original,,104.3362045288086,0.25264832377433777,26.360366821289062,1.4724791049957275,2.3145639896392822,0.3570064306259155,11.153897285461426,2.8023476600646973,1.9778085947036743,0.2389356642961502,0.3361283838748932,0.16096501052379608,20.85009002685547,68.99871063232422,0.1039402186870575,3.9108493328094482,26.65247917175293,37,25,30,66.66666412353516,
2025-12-30 09:48:36.421000,4d,Toxicity,Original,,44.50672149658203,3.108004570007324,138.00411987304688,1.001004934310913,1.281935691833496,0.3804148733615875,11.153897285461426,10.910512924194336,6.4462056159973145,0.5770644545555115,0.7918992042541504,0.44635462760925293,26.00255012512207,0,0.36037108302116394,5.9454193115234375,47.59422302246094,37,25,30,33.33333206176758,
2025-12-30 09:48:40.421000,4d,Toxicity,Original,,150.3943328857422,0.33191296458244324,49.91782760620117,0.48171350359916687,0.7797885537147522,0.6174758672714233,11.153897285461426,5.712364196777344,3.0842392444610596,0.10096383094787598,0.2979873716831207,0.2579817473888397,2.4833056926727295,37.88840866088867,0.1684245467185974,,13.8853759765625,37,25,30,90,
2025-12-30 09:48:44.421000,4d,Toxicity,Original,,105.9564437866211,3.538829803466797,425.4380798339844,0.825882077217102,1.4119987487792969,0.15924689173698425,11.153897285461426,57.95569610595703,24.478073120117188,0.2728039622306824,0.5282005071640015,1.7366937398910522,7.123022556304932,0,0.22949053347110748,3.3526620864868164,44.232421875,37,25,30,86.66666412353516,
2025-12-30 09:48:44.421000,FinePointe Series WBP [SN 139781]  Site 4 Bias Flow is out of range.,,,,,,,,,,,,,,,,,,,,,,,,,
2025-12-30 09:48:46.421000,4d,Toxicity,Original,,326.0140380859375,3.467740297317505,1130.5321044921875,0.7300087809562683,1.3532562255859375,0.2696075439453125,11.153897285461426,75.8659896850586,39.933834075927734,0.07276829332113266,0.11127285659313202,3.2296252250671387,3.821787118911743,6.679625511169434,0.047704752534627914,10.603257179260254,47.42757797241211,37,25,30,80,
2025-12-30 09:48:48.421000,4d,Toxicity,Original,,157.0532989501953,0.3700266480445862,58.11390686035156,0.8928436040878296,1.8479984998703003,0.3743908405303955,11.153897285461426,7.266328811645508,3.2484359741210938,0.12561936676502228,0.25641652941703796,0.25194215774536133,6.201778888702393,125.45662689208984,0.09124695509672165,7.924655437469482,30.67881965637207,37,25,30,85.71428680419922,
2025-12-30 09:48:54.421000,4d,Toxicity,Original,,612.4462280273438,0.1753098964691162,107.36788940429688,0.6727102398872375,0.6660394072532654,0.6090055704116821,11.153897285461426,4.609688758850098,4.673348903656006,0.06512735784053802,0.03284042328596115,0.40505197644233704,2.761988878250122,0,0.01995915174484253,16.262468338012695,8.79466724395752,37,25,30,97.7272720336914,
2025-12-30 09:48:56.421000,4d,Toxicity,Original,,69.90480041503906,2.855578899383545,199.61865234375,0.42640694975852966,0.43241217732429504,0.6931087970733643,11.153897285461426,11.557767868041992,10.017024040222168,0.5005019903182983,0.3578082025051117,0.61552494764328,26.77549934387207,77.38665771484375,0.2656359374523163,7.55250358581543,16.908782958984375,37,25,30,66.66666412353516,
2025-12-30 09:48:58.421000,4d,Toxicity,Original,,49.50428771972656,2.5357770919799805,125.53184509277344,0.39334791898727417,0.6964557766914368,0.597392737865448,11.153897285461426,10.764147758483887,6.49808406829834,0.39513319730758667,0.8168830275535583,0.5788511037826538,4.180627346038818,0,0.4840947389602661,0.5440611243247986,29.850217819213867,37,25,30,90,
2025-12-30 09:48:58.421000,FinePointe Series WBP [SN 139781]  Site 1 Bias Flow is out of range.,,,,,,,,,,,,,,,,,,,,,,,,,
2025-12-30 09:49:00.421000,4d,Toxicity,Original,,210.5754852294922,0.23820003867149353,50.15909194946289,0.4524015784263611,0.496802419424057,0.7265041470527649,11.153897285461426,4.693670272827148,4.5448479652404785,0.13352343440055847,0.15141001343727112,0.30519983172416687,49.64858627319336,0,0.10351768881082535,26.135133743286133,6.998659133911133,37,25,30,80,
2025-12-30 09:49:02.421000,4d,Toxicity,Original,,40.749305725097656,3.2728006839752197,133.36434936523438,1.258461833000183,1.6366069316864014,0.45383337140083313,11.153897285461426,14.714510917663574,8.184918403625488,0.5822231769561768,0.8901945948600769,0.5862978100776672,58.58705139160156,335.7765808105469,0.3413144052028656,3.7542476654052734,,37,25,30,0,
2025-12-30 09:49:04.421000,4d,Toxicity,Original,,43.12257385253906,3.2665598392486572,140.8624725341797,0.6456469893455505,0.9952484965324402,0.6349982619285583,11.153897285461426,13.435515403747559,6.617364883422852,0.5630339980125427,0.828348696231842,0.3437105119228363,13.53708267211914,0,0.43026742339134216,2.877079725265503,4.115207672119141,37,25,30,85.71428680419922,
2025-12-30 09:49:06.421000,4d,Toxicity,Original,,54.5157356262207,2.835341215133667,154.5707244873047,0.666667103767395,0.7982388138771057,0.46101561188697815,11.153897285461426,11.225336074829102,7.393196105957031,0.4672154486179352,0.6333841681480408,0.3880910575389862,37.76201248168945,0,0.3584044575691223,0.1586218774318695,24.996747970581055,37,25,30,90,
2025-12-30 09:49:06.421000,FinePointe Series WBP [SN 139781]  Site 1 Bias Flow is out of range.,,,,,,,,,,,,,,,,,,,,,,,,,
2025-12-30 09:49:06.421000,FinePointe Series WBP [SN 139781]  Site 4 Bias Flow is out of range.,,,,,,,,,,,,,,,,,,,,,,,,,
2025-12-30 09:49:10.421000,4d,Toxicity,Original,,33.80164337158203,2.9998703002929688,101.40054321289062,2.871628522872925,3.2562413215637207,0.18237267434597015,11.153897285461426,10.047723770141602,5.326559066772461,0.5248743891716003,1.2501872777938843,0.33404460549354553,12.551457405090332,433.4755859375,0.29799237847328186,2.8278892040252686,0.6107572317123413,37,25,30,83.33333587646484,
2025-12-30 09:49:12.421000,4d,Toxicity,Original,,52.47026824951172,2.7846062183380127,146.10902404785156,0.7660835385322571,0.8787763714790344,0.5144311189651489,11.153897285461426,9.965715408325195,7.367003917694092,0.4631415009498596,0.6803632378578186,0.6544481515884399,10.254056930541992,0,0.3705335259437561,3.8141205310821533,43.684871673583984,37,25,30,66.66666412353516,
2025-12-30 09:49:14.421000,4d,Toxicity,Original,,33.18217849731445,2.7691826820373535,91.88751220703125,1.693615198135376,2.620845317840576,0.43571236729621887,11.153897285461426,11.366434097290039,4.3640947341918945,0.5504891276359558,1.2577104568481445,0.2947327196598053,35.92633819580078,454.7794494628906,0.35714057087898254,4.016313552856445,15.403778076171875,37,25,30,66.66666412353516,
2025-12-30 09:49:16.421000,4d,Toxicity,Original,,50.81001281738281,3.055293083190918,155.23947143554688,0.7128410935401917,0.5210132598876953,0.9618537425994873,11.153897285461426,12.927556991577148,17.980154037475586,0.6152951121330261,0.565574586391449,0.9882321357727051,24.56576919555664,0,0.3781414330005646,10.053656578063965,21.760986328125,37,25,30,75,
2025-12-30 09:49:16.421000,FinePointe Series WBP [SN 139781]  Site 1 Bias Flow is out of range.,,,,,,,,,,,,,,,,,,,,,,,,,
2025-12-30 09:49:16.421000,FinePointe Series WBP [SN 139781]  Site 4 Bias Flow is out of range.,,,,,,,,,,,,,,,,,,,,,,,,,
2025-12-30 09:49:20.421000,4d,Toxicity,Original,,54.40605926513672,3.429626703262329,186.5924835205078,0.7019281387329102,0.4911130964756012,0.9820452332496643,11.153897285461426,12.201455116271973,16.16790771484375,0.5509089231491089,0.5519093871116638,0.8022680878639221,49.975547790527344,0,0.3782956302165985,2.7634541988372803,23.33403968811035,37,25,30,93.33333587646484,
2025-12-30 09:49:22.421000,4d,Toxicity,Original,,56.958309173583984,2.4667446613311768,140.50160217285156,0.7812712788581848,0.8825932741165161,0.4466170370578766,11.153897285461426,12.188592910766602,9.19124984741211,0.37720751762390137,0.6761945486068726,0.6196920871734619,55.60074234008789,0,0.3643520474433899,6.067281246185303,33.015506744384766,37,25,30,92.30769348144531,
2025-12-30 09:49:24.421000,4d,Toxicity,Original,,57.63926696777344,2.44984769821167,141.20742797851562,0.9221234917640686,0.856142520904541,0.6440437436103821,11.153897285461426,10.57056713104248,10.340692520141602,0.5254641175270081,0.5154929161071777,0.7920936942100525,27.43328285217285,154.7404022216797,0.283841073513031,9.109419822692871,48.481040954589844,37,25,30,75,
2025-12-30 09:49:26.420000,4d,Toxicity,Original,,178.54843139648438,0.2700277268886566,48.21302795410156,0.14387528598308563,0.3685940206050873,0.7518028020858765,11.153897285461426,5.602304935455322,2.4115989208221436,0.11790097504854202,0.2181423008441925,0.21192912757396698,25.546436309814453,0,0.16186709702014923,7.725383758544922,,37,25,30,66.66666412353516,
2025-12-30 09:49:28.421000,4d,Toxicity,Original,,547.0264282226562,0.16719870269298553,91.46210479736328,0.6942843794822693,0.5390456318855286,0.5915706753730774,11.153897285461426,4.445321559906006,5.763542652130127,0.06911395490169525,0.040569961071014404,0.5161306262016296,9.054425239562988,0,0.027108145877718925,18.186893463134766,8.118103981018066,37,25,30,83.33333587646484,
2025-12-30 09:49:28.421000,FinePointe Series WBP [SN 139781]  Site 4 Bias Flow is out of range.,,,,,,,,,,,,,,,,,,,,,,,,,
2025-12-30 09:49:28.421000,FinePointe Series WBP [SN 139781]  Site 1 Bias Flow is out of range.,,,,,,,,,,,,,,,,,,,,,,,,,
2025-12-30 09:49:38.421000,4d,Toxicity,Original,,42.02101516723633,2.7754173278808594,113.20121765136719,1.6051304340362549,2.125762701034546,0.14629092812538147,11.153897285461426,13.827033996582031,7.548354148864746,0.44420087337493896,1.0884557962417603,0.3989936113357544,13.410049438476562,904.0863037109375,0.35470277070999146,1.0009514093399048,40.9340705871582,37,25,30,96.82539367675781,
2025-12-30 09:49:40.421000,4d,Toxicity,Original,,124.40313720703125,0.32819998264312744,40.82910919189453,0.37118133902549744,0.5267019867897034,0.5800747275352478,11.153897285461426,2.541814088821411,1.8199853897094727,0.25474604964256287,0.22755689918994904,0.13398005068302155,27.38203239440918,0,0.15214106440544128,10.088690757751465,27.850812911987305,37,25,30,50,
2025-12-30 09:49:40.421000,FinePointe Series WBP [SN 139781]  Site 4 Bias Flow is out of range.,,,,,,,,,,,,,,,,,,,,,,,,,
2025-12-30 09:49:48.421000,4d,Toxicity,Original,,40.759239196777344,2.699073553085327,110.0121841430664,1.2085193395614624,1.8767485618591309,0.3179505467414856,11.153897285461426,12.191835403442383,7.34475564956665,0.4341616630554199,1.0378972291946411,0.29532578587532043,17.293169021606445,0,0.37037646770477295,1.7616150379180908,43.46122360229492,37,25,30,97.22222137451172,
2025-12-30 09:49:50.421000,4d,Toxicity,Original,,43.024139404296875,3.0557382106781006,131.4705047607422,1.1048823595046997,1.1651849746704102,0.42696961760520935,11.153897285461426,11.616348266601562,7.00801944732666,0.7013081908226013,0.693257749080658,0.621813178062439,29.032575607299805,0,0.33125630021095276,3.7546536922454834,31.93170928955078,37,25,30,83.33333587646484,
2025-12-30 09:49:50.421000,FinePointe Series WBP [SN 139781]  Site 4 Bias Flow is out of range.,,,,,,,,,,,,,,,,,,,,,,,,,
2025-12-30 09:49:52.421000,4d,Toxicity,Original,,323.42791748046875,0.1184019222855568,38.29448699951172,0.6137821674346924,0.7930961847305298,0.4995976984500885,11.153897285461426,1.9937539100646973,1.51720130443573,0.09744187444448471,0.08807086199522018,0.13600680232048035,4.481955528259277,0,0.049939919263124466,13.257699012756348,17.743980407714844,37,25,30,75,
2025-12-30 09:49:54.421000,4d,Toxicity,Original,,37.651851654052734,2.806220293045044,105.65938568115234,1.158932089805603,1.1893527507781982,0.284345418214798,11.153897285461426,11.04388427734375,7.014157295227051,0.6580651998519897,0.9354819655418396,0.6032441258430481,5.747014999389648,253.4300994873047,0.44081565737724304,3.9811971187591553,25.792757034301758,37,25,30,75,
2025-12-30 09:49:58.421000,4d,Toxicity,Original,,166.5477752685547,1.3961560726165771,75.31377410888672,1.2211357355117798,1.4837658405303955,0.33511412143707275,11.153897285461426,6.676405906677246,3.7823517322540283,0.32353752851486206,0.5103491544723511,0.2906962037086487,11.979642868041992,21.866708755493164,0.217490553855896,4.876051425933838,18.585081100463867,37,25,30,60,
2025-12-30 09:50:00.421000,4d,Toxicity,Original,,153.45399475097656,1.2907806634902954,65.60157775878906,1.0406577587127686,1.4072017669677734,0.2584038972854614,11.153897285461426,7.64876651763916,4.099026679992676,0.2614727318286896,0.618748128414154,0.16200536489486694,6.841437339782715,0,0.23305046558380127,3.6736252307891846,27.053470611572266,37,25,30,80,
2025-12-30 09:50:00.421000,FinePointe Series WBP [SN 139781]  Site 4 Bias Flow is out of range.,,,,,,,,,,,,,,,,,,,,,,,,,
2025-12-30 09:50:02.421000,4d,Toxicity,Original,,47.8740348815918,3.0267367362976074,144.902099609375,0.7986343502998352,1.1150707006454468,0.22530114650726318,11.153897285461426,12.533686637878418,5.2604851722717285,0.5431283116340637,0.7101606130599976,0.44572582840919495,11.98536205291748,0,0.34394049644470215,,42.31611251831055,37,25,30,75,
2025-12-30 09:50:04.421000,4d,Toxicity,Original,,134.12106323242188,0.30765554308891296,41.263084411621094,1.023034691810608,1.2291818857192993,0.7094073295593262,11.153897285461426,3.615189552307129,2.5899012088775635,0.15133529901504517,0.2960217595100403,0.0643787831068039,6.108872413635254,34.32454299926758,0.1347963958978653,,15.801267623901367,37,25,30,75,
2025-12-30 09:50:06.421000,4d,Toxicity,Original,,33.97393798828125,2.7493975162506104,93.4078598022461,1.715436339378357,2.0815367698669434,0.4152615964412689,11.153897285461426,10.183610916137695,5.137396335601807,0.6438754796981812,1.122184157371521,0.4333527088165283,31.132780075073242,197.1012725830078,0.3762807846069336,2.352410316467285,13.683844566345215,37,25,30,0,
2025-12-30 09:50:08.421000,4d,Toxicity,Original,,241.11309814453125,0.16791625320911407,35.481689453125,0.8536291122436523,0.753065824508667,0.4896894097328186,11.153897285461426,2.068809986114502,2.366075038909912,0.14508052170276642,0.13058367371559143,0.19901087880134583,6.1405415534973145,0,0.07522483915090561,15.164449691772461,20.040817260742188,37,25,30,66.66666412353516,
2025-12-30 09:50:10.421000,4d,Toxicity,Original,,174.63113403320312,1.5907073020935059,72.62886810302734,1.121537685394287,1.6036906242370605,0.4035406708717346,11.153897285461426,7.171459197998047,3.272059440612793,0.37259548902511597,0.6192867755889893,0.24683618545532227,10.454146385192871,215.3394317626953,0.19157926738262177,10.202579498291016,18.228912353515625,37,25,30,33.33333206176758,
2025-12-30 09:50:10.421000,FinePointe Series WBP [SN 139781]  Site 4 Bias Flow is out of range.,,,,,,,,,,,,,,,,,,,,,,,,,
2025-12-30 09:50:12.421000,4d,Toxicity,Original,,127.6908950805664,1.281144142150879,69.1158676147461,0.793212354183197,1.085565209388733,0.5061066150665283,11.153897285461426,6.398911952972412,3.283857822418213,0.40278539061546326,0.5558504462242126,0.1833355873823166,16.261348724365234,0,0.2411929816007614,12.890336990356445,14.531338691711426,37,25,30,50,
2025-12-30 09:50:14.421000,4d,Toxicity,Original,,119.79505920410156,0.3037300407886505,36.38535690307617,1.3085923194885254,1.7311955690383911,0.49771520495414734,11.153897285461426,2.4189324378967285,1.921863079071045,0.21957002580165863,0.2812853753566742,0.11936020106077194,6.8148698806762695,67.79918670654297,0.10491100698709488,8.106680870056152,23.400779724121094,37,25,30,66.66666412353516,
2025-12-30 09:50:16.421000,4d,Toxicity,Original,,43.37592697143555,2.7517282962799072,119.35877227783203,1.0115326642990112,1.0121428966522217,0.48087894916534424,11.153897285461426,9.481878280639648,8.275829315185547,0.6179903149604797,0.7652653455734253,0.7285124659538269,24.810321807861328,0,0.3914279043674469,4.378962516784668,26.175132751464844,37,25,30,0,
2025-12-30 09:50:20.420000,4d,Toxicity,Original,,32.71837615966797,2.5689899921417236,84.05318450927734,2.491753101348877,2.0282063484191895,0.29429373145103455,11.153897285461426,9.076053619384766,7.188943862915039,0.5697885751724243,1.2640432119369507,0.2595573961734772,45.6812629699707,234.73260498046875,0.4286695122718811,6.00169563293457,16.796175003051758,37,25,30,75,
2025-12-30 09:50:20.420000,FinePointe Series WBP [SN 139781]  Site 4 Bias Flow is out of range.,,,,,,,,,,,,,,,,,,,,,,,,,
2025-12-30 09:50:22.421000,4d,Toxicity,Original,,167.39930725097656,0.19164690375328064,32.424285888671875,0.6242551207542419,0.5913571715354919,0.6708301305770874,11.153897285461426,2.1872639656066895,2.2282207012176514,0.1546359807252884,0.20970873534679413,0.18080537021160126,26.903091430664062,19.03130531311035,0.14129537343978882,19.496591567993164,14.727717399597168,37,25,30,50,
2025-12-30 09:50:28.421000,4d,Toxicity,Original,,31.488059997558594,4.859720706939697,153.02316284179688,1.2595083713531494,1.524248719215393,0.18334822356700897,11.153897285461426,15.027466773986816,7.306132793426514,0.7055816650390625,1.1999025344848633,0.45874205231666565,20.7769832611084,0,0.5017239451408386,4.5529985427856445,37.41024398803711,37,25,30,83.33333587646484,
2025-12-30 09:50:28.421000,FinePointe Series WBP [SN 139781]  Site 4 Bias Flow is out of range.,,,,,,,,,,,,,,,,,,,,,,,,,
2025-12-30 09:50:32.421000,4d,Toxicity,Original,,205.5436553955078,0.20104138553142548,41.32278060913086,0.7221251130104065,0.8395549058914185,0.4506504237651825,11.153897285461426,2.066467761993408,1.7167878150939941,0.16320593655109406,0.12870286405086517,0.15295550227165222,6.519460678100586,0,0.07185381650924683,13.60968017578125,16.65547752380371,37,25,30,66.66666412353516,
2025-12-30 09:50:40.421000,4d,Toxicity,Original,,33.237728118896484,3.8484995365142822,127.91537475585938,0.982906699180603,1.5004525184631348,0.33650603890419006,11.153897285461426,10.15054702758789,5.404487609863281,0.6402654051780701,1.164912223815918,0.33089834451675415,20.621368408203125,0,0.4847254753112793,4.1407928466796875,23.80246925354004,37,25,30,90,
2025-12-30 09:50:40.421000,FinePointe Series WBP [SN 139781]  Site 4 Bias Flow is out of range.,,,,,,,,,,,,,,,,,,,,,,,,,
2025-12-30 09:50:42.421000,4d,Toxicity,Original,,171.69216918945312,0.1584954410791397,27.212427139282227,0.3140835165977478,0.3973550498485565,0.8461958169937134,11.153897285461426,2.044151782989502,1.6946475505828857,0.1698351949453354,0.1796274483203888,0.10856705904006958,12.192056655883789,0,0.13193325698375702,18.70836639404297,5.4480180740356445,37,25,30,50,
2025-12-30 09:50:48.421000,4d,Toxicity,Original,,29.047252655029297,4.026359558105469,116.9546890258789,1.4325265884399414,2.162971258163452,0.37169593572616577,11.153897285461426,12.431721687316895,4.854341506958008,0.6450839042663574,1.4205158948898315,0.17424488067626953,60.611576080322266,341.87738037109375,0.4580925405025482,2.8096866607666016,12.21454906463623,37,25,30,90,
2025-12-30 09:50:50.421000,4d,Toxicity,Original,,113.61898040771484,0.4599527418613434,42.770751953125,2.994347333908081,2.9406566619873047,0.40516290068626404,11.153897285461426,3.578587293624878,2.654999017715454,0.22393229603767395,0.3475785255432129,0.20359179377555847,12.128666877746582,141.65957641601562,0.09638501703739166,4.240273952484131,17.591167449951172,37,25,30,75,
2025-12-30 09:50:50.421000,FinePointe Series WBP [SN 139781]  Site 4 Bias Flow is out of range.,,,,,,,,,,,,,,,,,,,,,,,,,
2025-12-30 09:50:56.421000,4d,Toxicity,Original,,175.61337280273438,0.19247248768806458,33.800743103027344,1.2056605815887451,1.3386287689208984,0.34943994879722595,11.153897285461426,2.6268656253814697,2.320742607116699,0.12989220023155212,0.21176742017269135,0.2061362862586975,8.80193042755127,0,0.09240277111530304,11.846943855285645,30.32848358154297,37,25,30,50,
2025-12-30 09:50:56.421000,FinePointe Series WBP [SN 139781]  Site 4 Bias Flow is out of range.,,,,,,,,,,,,,,,,,,,,,,,,,
2025-12-30 09:51:04.421000,4d,Toxicity,Original,,83.76702880859375,2.115366220474243,87.208984375,0.9019148349761963,1.16581130027771,0.40917837619781494,11.153897285461426,8.092915534973145,4.169195652008057,0.4110443890094757,0.718995213508606,0.3047446608543396,18.860736846923828,0,0.31944775581359863,5.136489391326904,28.81976318359375,37,25,30,71.42857360839844,
2025-12-30 09:51:04.421000,FinePointe Series WBP [SN 139781]  Site 4 Bias Flow is out of range.,,,,,,,,,,,,,,,,,,,,,,,,,
2025-12-30 09:51:12.421000,4d,Toxicity,Original,,93.1462173461914,0.3408307731151581,31.74709701538086,0.988526463508606,1.4391592741012573,0.433549165725708,11.153897285461426,3.220388650894165,2.133171319961548,0.1782267540693283,0.4659217894077301,0.18234500288963318,8.718193054199219,60.32792663574219,0.19341060519218445,11.766313552856445,40.30244064331055,37,25,30,90.90908813476562,
2025-12-30 09:51:18.421000,4d,Toxicity,Original,,30.35344123840332,3.837947130203247,116.4948959350586,1.6951390504837036,2.2252156734466553,0.2215060293674469,11.153897285461426,11.832243919372559,5.588339328765869,0.6313758492469788,1.345335841178894,0.41980913281440735,20.2542667388916,110.8673324584961,0.43142664432525635,2.694735288619995,17.73150634765625,37,25,30,80,
2025-12-30 09:51:20.421000,4d,Toxicity,Original,,123.3005599975586,0.3295230567455292,40.63037872314453,1.2107386589050293,0.950946569442749,0.270878404378891,11.153897285461426,2.2712175846099854,2.538180351257324,0.2429640144109726,0.24365176260471344,0.1321900337934494,6.786394119262695,0,0.1275099813938141,,11.27929401397705,37,25,30,66.66666412353516,
2025-12-30 09:51:20.421000,FinePointe Series WBP [SN 139781]  Site 4 Bias Flow is out of range.,,,,,,,,,,,,,,,,,,,,,,,,,
2025-12-30 09:51:22.421000,4d,Toxicity,Original,,32.93946838378906,3.3190860748291016,109.32893371582031,1.4883791208267212,1.7329697608947754,0.2196279913187027,11.153897285461426,13.292986869812012,7.135993957519531,0.5830652117729187,1.2384577989578247,0.4265453517436981,30.09104347229004,0,0.4684080481529236,1.1015647649765015,10.516802787780762,37,25,30,0,
2025-12-30 09:51:24.421000,4d,Toxicity,Original,,192.95986938476562,0.24324581027030945,46.93667984008789,0.6727161407470703,0.7608746886253357,0.5638788342475891,11.153897285461426,2.1355581283569336,1.9460846185684204,0.190352201461792,0.12059328705072403,0.16421742737293243,8.734484672546387,0,0.07123711705207825,17.634479522705078,12.248496055603027,37,25,30,75,
2025-12-30 09:51:26.421000,4d,Toxicity,Original,,40.455135345458984,3.799262523651123,153.69967651367188,0.7233537435531616,0.9452635049819946,0.5408913493156433,11.153897285461426,12.330348014831543,7.865604400634766,0.5883052349090576,0.8948192000389099,0.6588016152381897,37.20122528076172,0,0.4813956320285797,7.078420162200928,26.52621841430664,37,25,30,75,
2025-12-30 09:51:26.421000,Site Acknowledgement Changed: True,,,,,,,,,,,,,,,,,,,,,,,,,
2025-12-30 09:51:26.421000,Time Zero Set,,,,,,,,,,,,,,,,,,,,,,,,,
2025-12-30 09:51:26.421000,Measuring antidote.,,,,,,,,,,,,,,,,,,,,,,,,,
2025-12-30 09:51:26.421000,Create measurement 'antidote'. Duration: 00:01:00,,,,,,,,,,,,,,,,,,,,,,,,,
2025-12-30 09:51:26.421000,Site Acknowledgement Changed: False,,,,,,,,,,,,,,,,,,,,,,,,,
2025-12-30 09:51:30.806000,4d,Toxicity,Original,,39.84348678588867,3.7044920921325684,147.59986877441406,1.0878612995147705,1.2210246324539185,0.27691662311553955,11.153897285461426,13.299863815307617,7.1521687507629395,0.5019800066947937,1.003912329673767,0.32181617617607117,23.396562576293945,0,0.4630795419216156,,26.539779663085938,37,25,30,75,
2025-12-30 09:51:30.806000,FinePointe Series WBP [SN 139781]  Site 4 Bias Flow is out of range.,,,,,,,,,,,,,,,,,,,,,,,,,
2025-12-30 09:51:34.806000,4d,Toxicity,Original,,101.82422637939453,1.8884267807006836,62.526214599609375,1.7673594951629639,2.0931320190429688,0.3870423436164856,11.153897285461426,7.470264434814453,3.9702744483947754,0.3570484220981598,0.9584199786186218,0.21239018440246582,17.97183609008789,0,0.25090542435646057,8.829968452453613,16.11319351196289,37,25,30,71.42857360839844,
2025-12-30 09:51:36.806000,4d,Toxicity,Original,,294.18084716796875,0.13055850565433502,38.40781021118164,0.6305943131446838,0.9381720423698425,0.46640247106552124,11.153897285461426,2.098203182220459,1.4229183197021484,0.10961704701185226,0.09433912485837936,0.12756457924842834,11.202009201049805,0,0.05031435936689377,19.456897735595703,20.924955368041992,37,25,30,0,
2025-12-30 09:51:36.806000,FinePointe Series WBP [SN 139781]  Site 4 Bias Flow is out of range.,,,,,,,,,,,,,,,,,,,,,,,,,
2025-12-30 09:51:42.806000,4d,Toxicity,Original,,44.945716857910156,3.349478006362915,150.54469299316406,0.6784170866012573,0.897235095500946,0.528221845626831,11.153897285461426,9.754741668701172,8.921429634094238,0.513319194316864,0.8216244578361511,0.7996115684509277,53.256591796875,0,0.4432253837585449,5.581610202789307,44.960575103759766,37,25,30,92.85713958740234,
2025-12-30 09:51:42.806000,FinePointe Series WBP [SN 139781]  Site 3 Bias Flow is out of range.,,,,,,,,,,,,,,,,,,,,,,,,,
2025-12-30 09:51:42.806000,FinePointe Series WBP [SN 139781]  Site 4 Bias Flow is out of range.,,,,,,,,,,,,,,,,,,,,,,,,,
2025-12-30 09:51:42.806000,FinePointe Series WBP [SN 139781]  Site 3 Bias Flow is out of range.,,,,,,,,,,,,,,,,,,,,,,,,,
2025-12-30 09:51:42.806000,FinePointe Series WBP [SN 139781]  Site 4 Bias Flow is out of range.,,,,,,,,,,,,,,,,,,,,,,,,,
2025-12-30 09:52:04.806000,4d,Toxicity,Original,,174.34426879882812,0.35588157176971436,62.04591751098633,3.488325834274292,4.730681896209717,0.14059697091579437,11.153897285461426,6.108170986175537,4.724023342132568,0.10232067108154297,0.24182599782943726,0.37087398767471313,15.59794807434082,157.2619171142578,0.04229724779725075,8.943843841552734,,37,25,30,87.5,
2025-12-30 09:52:04.806000,FinePointe Series WBP [SN 139781]  Site 3 Bias Flow is out of range.,,,,,,,,,,,,,,,,,,,,,,,,,
2025-12-30 09:52:04.806000,FinePointe Series WBP [SN 139781]  Site 4 Bias Flow is out of range.,,,,,,,,,,,,,,,,,,,,,,,,,
2025-12-30 09:52:04.806000,FinePointe Series WBP [SN 139781]  Site 4 Bias Flow is out of range.,,,,,,,,,,,,,,,,,,,,,,,,,
2025-12-30 09:52:04.806000,Measuring T30.,,,,,,,,,,,,,,,,,,,,,,,,,
2025-12-30 09:52:04.806000,Create measurement 'T30'. Duration: 00:29:00,,,,,,,,,,,,,,,,,,,,,,,,,
2025-12-30 09:52:04.806000,FinePointe Series WBP [SN 139781]  Site 4 Bias Flow is out of range.,,,,,,,,,,,,,,,,,,,,,,,,,
2025-12-30 09:52:04.806000,FinePointe Series WBP [SN 139781]  Site 4 Bias Flow is out of range.,,,,,,,,,,,,,,,,,,,,,,,,,
2025-12-30 09:52:04.806000,FinePointe Series WBP [SN 10499C]  Site 1 Bias Flow is out of range.,,,,,,,,,,,,,,,,,,,,,,,,,
2025-12-30 09:52:46.806000,4d,Toxicity,Original,,54.37217712402344,3.2258729934692383,175.39773559570312,0.46059051156044006,0.8611822724342346,0.9097384214401245,11.153897285461426,12.863173484802246,4.989508628845215,0.47695186734199524,0.6265537142753601,0.34835508465766907,13.954912185668945,0,0.34848424792289734,0.8942838311195374,,37,25,30,98,
2025-12-30 09:52:48.806000,4d,Toxicity,Original,,147.52342224121094,0.35724160075187683,52.70150375366211,0.839775025844574,0.7168116569519043,0.5620596408843994,11.153897285461426,2.812795877456665,3.5203452110290527,0.22523967921733856,0.18147540092468262,0.28807535767555237,14.022067070007324,0,0.11144265532493591,25.999980926513672,12.579166412353516,37,25,30,75,
2025-12-30 09:52:50.806000,4d,Toxicity,Original,,156.1562957763672,0.16890598833560944,26.375734329223633,1.1078801155090332,0.783850371837616,0.573015034198761,11.153897285461426,1.9509332180023193,2.804837942123413,0.16434091329574585,0.21988950669765472,0.17861971259117126,9.294092178344727,48.68235397338867,0.12695159018039703,12.172489166259766,25.070362091064453,37,25,30,0,
2025-12-30 09:52:50.806000,FinePointe Series WBP [SN 139781]  Site 4 Bias Flow is out of range.,,,,,,,,,,,,,,,,,,,,,,,,,
2025-12-30 09:52:50.806000,FinePointe Series WBP [SN 10499C]  Site 1 Bias Flow is out of range.,,,,,,,,,,,,,,,,,,,,,,,,,
2025-12-30 09:52:52.806000,4d,Toxicity,Original,,288.9873352050781,0.11177496612071991,32.301551818847656,0.5145214796066284,0.534997284412384,0.5824857354164124,11.153897285461426,1.5941238403320312,1.6076605319976807,0.12178253382444382,0.08583901077508926,0.14237292110919952,8.545543670654297,0,0.056803204119205475,16.845626831054688,14.546616554260254,37,25,30,90,
2025-12-30 09:52:54.806000,4d,Toxicity,Original,,46.433372497558594,3.768458366394043,174.98223876953125,0.650739848613739,1.046391248703003,0.47927987575531006,11.153897285461426,14.172183990478516,6.780935764312744,0.545220136642456,0.7469539642333984,0.5443130135536194,27.992155075073242,0,0.3783763349056244,4.030442237854004,43.11604690551758,37,25,30,50,
2025-12-30 09:52:56.806000,4d,Toxicity,Original,,50.6468620300293,2.569152593612671,130.11952209472656,0.6063403487205505,1.022663950920105,0.4693290591239929,11.153897285461426,12.280708312988281,5.571558952331543,0.455973744392395,0.728699803352356,0.4852827191352844,24.512340545654297,0,0.37070637941360474,2.0148208141326904,39.66024398803711,37,25,30,50,
2025-12-30 09:52:58.806000,4d,Toxicity,Original,,54.763423919677734,3.3806021213531494,185.1333465576172,0.5081672072410583,0.49491187930107117,0.9355788230895996,11.153897285461426,10.549668312072754,13.740859985351562,0.48423558473587036,0.6113861799240112,0.5810693502426147,92.88174438476562,0,0.42766979336738586,16.693584442138672,23.58759307861328,37,25,30,50,
2025-12-30 09:52:58.806000,FinePointe Series WBP [SN 139781]  Site 4 Bias Flow is out of range.,,,,,,,,,,,,,,,,,,,,,,,,,
2025-12-30 09:52:58.806000,FinePointe Series WBP [SN 10499C]  Site 1 Bias Flow is out of range.,,,,,,,,,,,,,,,,,,,,,,,,,
2025-12-30 09:52:58.806000,FinePointe Series WBP [SN 139781]  Site 4 Bias Flow is out of range.,,,,,,,,,,,,,,,,,,,,,,,,,
2025-12-30 09:52:58.806000,FinePointe Series WBP [SN 10499C]  Site 1 Bias Flow is out of range.,,,,,,,,,,,,,,,,,,,,,,,,,
2025-12-30 09:53:20.806000,4d,Toxicity,Original,,44.621482849121094,3.486172914505005,155.55819702148438,0.9844731688499451,1.4564752578735352,0.30673184990882874,11.153897285461426,16.141828536987305,8.237506866455078,0.4317944049835205,0.9128494262695312,0.565213680267334,51.80718994140625,0,0.391674280166626,10.821351051330566,36.345680236816406,37,25,30,95.65217590332031,
2025-12-30 09:53:20.806000,FinePointe Series WBP [SN 139781]  Site 4 Bias Flow is out of range.,,,,,,,,,,,,,,,,,,,,,,,,,
2025-12-30 09:53:22.806000,4d,Toxicity,Original,,51.22443771362305,2.8376052379608154,145.46432495117188,0.810969889163971,1.12276291847229,0.3231041729450226,11.153897285461426,13.475266456604004,7.5512213706970215,0.4753710925579071,0.7023663520812988,0.5560519695281982,31.079051971435547,0,0.347830593585968,10.338552474975586,20.225341796875,37,25,30,0,
2025-12-30 09:53:22.806000,FinePointe Series WBP [SN 10499C]  Site 1 Bias Flow is out of range.,,,,,,,,,,,,,,,,,,,,,,,,,
2025-12-30 09:53:24.806000,4d,Toxicity,Original,,46.85365676879883,3.4729607105255127,162.7209014892578,0.8262431025505066,1.208047866821289,0.42681533098220825,11.153897285461426,15.025866508483887,7.0602312088012695,0.6105040311813354,0.6700789928436279,0.5270794034004211,17.261531829833984,0,0.31892624497413635,4.448252201080322,22.19535255432129,37,25,30,50,
2025-12-30 09:53:26.806000,4d,Toxicity,Original,,190.45921325683594,0.7447818517684937,63.36493682861328,0.4608505964279175,0.6837097406387329,0.567776083946228,11.153897285461426,4.974928379058838,3.2113890647888184,0.2651558220386505,0.28815093636512756,0.1591910719871521,8.191898345947266,0,0.17481091618537903,14.678823471069336,25.09486198425293,37,25,30,0,
2025-12-30 09:53:28.806000,4d,Toxicity,Original,,49.65348815917969,2.8194189071655273,139.97576904296875,1.0972726345062256,1.3578791618347168,0.2778449058532715,11.153897285461426,12.336599349975586,7.215883731842041,0.42796677350997925,0.7804241180419922,0.5418283939361572,27.080245971679688,0,0.3423788249492645,3.6935834884643555,25.275299072265625,37,25,30,0,
2025-12-30 09:53:28.806000,FinePointe Series WBP [SN 139781]  Site 4 Bias Flow is out of range.,,,,,,,,,,,,,,,,,,,,,,,,,
2025-12-30 09:53:32.806000,4d,Toxicity,Original,,46.29611587524414,2.8390536308288574,131.44259643554688,0.9552721977233887,1.3891663551330566,0.42993712425231934,11.153897285461426,12.380485534667969,6.771092891693115,0.44901853799819946,0.8481426239013672,0.5481521487236023,52.845298767089844,0,0.36500096321105957,5.980658054351807,40.867469787597656,37,25,30,66.66666412353516,
2025-12-30 09:53:32.806000,FinePointe Series WBP [SN 10499C]  Site 1 Bias Flow is out of range.,,,,,,,,,,,,,,,,,,,,,,,,,
2025-12-30 09:53:34.806000,4d,Toxicity,Original,,180.61477661132812,0.6946726441383362,125.46815490722656,0.25715550780296326,0.24654006958007812,0.8168888092041016,11.153897285461426,10.117205619812012,11.225013732910156,0.16081677377223969,0.17138195037841797,0.7886427640914917,72.41887664794922,0,0.1388075202703476,19.017108917236328,,37,25,30,66.66666412353516,
2025-12-30 09:53:36.806000,4d,Toxicity,Original,,52.51447296142578,2.484185218811035,130.4556884765625,0.512778639793396,0.7999871373176575,0.6928764581680298,11.153897285461426,11.835991859436035,7.286330699920654,0.3747285008430481,0.7678136229515076,0.4388178288936615,49.97583770751953,0,0.4365535378456116,12.806252479553223,23.911659240722656,37,25,30,87.5,
2025-12-30 09:53:38.806000,4d,Toxicity,Original,,56.71147918701172,2.5687732696533203,145.677490234375,0.9219369888305664,1.1007720232009888,0.3655643165111542,11.153897285461426,11.209056854248047,7.172389984130859,0.4719579815864563,0.586037278175354,0.5532817840576172,22.4503231048584,0,0.2887308597564697,5.198609352111816,31.982173919677734,37,25,30,0,
2025-12-30 09:53:40.806000,4d,Toxicity,Original,,51.58329391479492,2.471379280090332,125.9563980102539,0.7187657952308655,1.0641542673110962,0.4746408462524414,11.153897285461426,10.815598487854004,5.3522629737854,0.49370676279067993,0.6815158128738403,0.36406421661376953,22.58089828491211,0,0.3414326310157776,2.881013870239258,24.8156795501709,37,25,30,33.33333206176758,
2025-12-30 09:53:40.806000,FinePointe Series WBP [SN 139781]  Site 4 Bias Flow is out of range.,,,,,,,,,,,,,,,,,,,,,,,,,
2025-12-30 09:53:42.806000,4d,Toxicity,Original,,51.658424377441406,3.1047067642211914,160.38424682617188,0.9859351515769958,1.3135117292404175,0.19418282806873322,11.153897285461426,11.9558687210083,7.509512424468994,0.5126026272773743,0.6488730311393738,0.43724268674850464,15.855856895446777,0,0.29652008414268494,9.6453275680542,31.2974796295166,37,25,30,0,
2025-12-30 09:53:42.806000,FinePointe Series WBP [SN 10499C]  Site 1 Bias Flow is out of range.,,,,,,,,,,,,,,,,,,,,,,,,,
2025-12-30 09:53:44.806000,4d,Toxicity,Original,,54.835792541503906,2.120683431625366,116.43617248535156,0.9934815168380737,1.3412805795669556,0.23653864860534668,11.153897285461426,10.26833724975586,5.274628639221191,0.419569730758667,0.6810672879219055,0.35911810398101807,21.014892578125,29.776681900024414,0.3008514642715454,5.282472610473633,23.90339469909668,37,25,30,0,
2025-12-30 09:53:46.806000,4d,Toxicity,Original,,55.56963348388672,2.6915602684020996,149.4795379638672,0.7959862947463989,1.0358332395553589,0.5047740936279297,11.153897285461426,11.498590469360352,7.21068000793457,0.4809876084327698,0.5990985631942749,0.5601676106452942,15.498771667480469,0,0.30589449405670166,1.5261536836624146,20.38438606262207,37,25,30,0,
2025-12-30 09:53:48.806000,4d,Toxicity,Original,,55.57367706298828,2.539858818054199,140.71861267089844,1.3122674226760864,1.5343403816223145,0.45885902643203735,11.153897285461426,11.550907135009766,6.753929138183594,0.41572725772857666,0.6785256862640381,0.46457886695861816,11.733708381652832,0,0.2722527086734772,1.7751516103744507,28.02947425842285,37,25,30,33.33333206176758,
2025-12-30 09:53:50.806000,4d,Toxicity,Original,,58.261688232421875,2.6570804119110107,154.646728515625,0.9940364360809326,1.2319248914718628,0.4751378297805786,11.153897285461426,11.106199264526367,6.812359809875488,0.42677563428878784,0.6033403873443604,0.4565541744232178,18.602108001708984,63.5249137878418,0.29181578755378723,4.573472499847412,24.093046188354492,37,25,30,0,
2025-12-30 09:53:50.806000,FinePointe Series WBP [SN 139781]  Site 4 Bias Flow is out of range.,,,,,,,,,,,,,,,,,,,,,,,,,
2025-12-30 09:53:52.806000,4d,Toxicity,Original,,60.08345031738281,2.5290579795837402,152.223388671875,1.005690336227417,1.0696074962615967,0.37160491943359375,11.153897285461426,10.725072860717773,7.504286766052246,0.43227657675743103,0.5671147108078003,0.5907208919525146,19.946706771850586,0,0.28399771451950073,5.290384769439697,26.345396041870117,37,25,30,0,
2025-12-30 09:53:52.806000,FinePointe Series WBP [SN 10499C]  Site 1 Bias Flow is out of range.,,,,,,,,,,,,,,,,,,,,,,,,,
2025-12-30 09:53:54.806000,4d,Toxicity,Original,,138.38916015625,1.6251188516616821,116.48448181152344,1.0285884141921997,1.41733980178833,0.339511513710022,11.153897285461426,9.14448070526123,5.709208965301514,0.3114157021045685,0.4214947521686554,0.42171305418014526,10.685909271240234,81.70145416259766,0.15972231328487396,9.920883178710938,37.33394241333008,37,25,30,0,
2025-12-30 09:53:56.806000,4d,Toxicity,Original,,56.07036590576172,3.2526073455810547,182.3748779296875,1.3141148090362549,1.9112098217010498,0.3914427161216736,11.153897285461426,13.530497550964355,7.220442771911621,0.4365302324295044,0.6335537433624268,0.5784329771995544,17.1882266998291,135.96458435058594,0.22735382616519928,6.687182426452637,25.586151123046875,37,25,30,0,
2025-12-30 09:53:58.806000,4d,Toxicity,Original,,63.39326095581055,2.7389190196990967,173.70309448242188,0.6063855886459351,0.9242944717407227,0.6462703943252563,11.153897285461426,13.000394821166992,7.065961837768555,0.44727420806884766,0.5005662441253662,0.5806549191474915,18.304397583007812,0,0.27079176902770996,5.230008125305176,19.253108978271484,37,25,30,33.33333206176758,
2025-12-30 09:54:00.806000,4d,Toxicity,Original,,57.78657913208008,2.7560789585113525,158.02633666992188,0.9916434288024902,1.0029144287109375,0.28075477480888367,11.153897285461426,10.930179595947266,8.14366340637207,0.4064726233482361,0.6522384881973267,0.5249191522598267,23.564897537231445,0,0.333060085773468,7.72111177444458,19.506500244140625,37,25,30,33.33333206176758,
2025-12-30 09:54:00.806000,FinePointe Series WBP [SN 139781]  Site 4 Bias Flow is out of range.,,,,,,,,,,,,,,,,,,,,,,,,,
2025-12-30 09:54:00.806000,FinePointe Series WBP [SN 10499C]  Site 1 Bias Flow is out of range.,,,,,,,,,,,,,,,,,,,,,,,,,
2025-12-30 09:54:02.806000,4d,Toxicity,Original,,53.05696105957031,3.1729156970977783,168.3452606201172,1.3352972269058228,1.6082804203033447,0.3738662004470825,11.153897285461426,11.68857192993164,7.271946430206299,0.440773606300354,0.6900864243507385,0.6473682522773743,17.8276309967041,115.51285552978516,0.27376410365104675,5.158635139465332,24.48809814453125,37,25,30,0,
2025-12-30 09:54:04.806000,4d,Toxicity,Original,,57.50695037841797,2.2639341354370117,129.32687377929688,1.0982825756072998,1.5928969383239746,0.19484317302703857,11.153897285461426,10.907535552978516,5.503297805786133,0.3600797653198242,0.6845986843109131,0.3579215407371521,14.919721603393555,61.95758056640625,0.27705979347229004,3.584951400756836,25.146392822265625,37,25,30,0,
2025-12-30 09:54:06.806000,4d,Toxicity,Original,,62.836917877197266,2.4802112579345703,155.70159912109375,0.9151099324226379,1.2028934955596924,0.4876660108566284,11.153897285461426,11.483563423156738,6.866678237915039,0.4314451813697815,0.5239165425300598,0.5482099652290344,16.886371612548828,45.95721435546875,0.2501603662967682,6.243539333343506,27.780498504638672,37,25,30,0,
2025-12-30 09:54:08.806000,4d,Toxicity,Original,,64.26373291015625,2.4596357345581055,157.23251342773438,0.9388539791107178,0.9922668933868408,0.4650390148162842,11.153897285461426,10.465496063232422,8.555988311767578,0.4115122854709625,0.5231583118438721,0.6659438610076904,13.320576667785645,0,0.2713403105735779,5.202521324157715,20.70372772216797,37,25,30,0,
2025-12-30 09:54:10.806000,4d,Toxicity,Original,,64.70832061767578,2.661496162414551,172.52328491210938,0.9695881009101868,1.2555075883865356,0.5385836362838745,11.153897285461426,10.828451156616211,6.77371883392334,0.396976113319397,0.5308010578155518,0.5385915040969849,14.339649200439453,0,0.24329325556755066,4.907870292663574,37.128868103027344,37,25,30,33.33333206176758,
2025-12-30 09:54:10.806000,FinePointe Series WBP [SN 139781]  Site 4 Bias Flow is out of range.,,,,,,,,,,,,,,,,,,,,,,,,,
2025-12-30 09:54:10.806000,FinePointe Series WBP [SN 10499C]  Site 1 Bias Flow is out of range.,,,,,,,,,,,,,,,,,,,,,,,,,
2025-12-30 09:54:12.806000,4d,Toxicity,Original,,64.52223205566406,2.5304770469665527,163.19296264648438,0.6616483926773071,0.8961985111236572,0.5735257863998413,11.153897285461426,11.081802368164062,7.21446418762207,0.4415105879306793,0.48901498317718506,0.5757182836532593,11.730270385742188,0,0.26549386978149414,4.237738132476807,17.739303588867188,37,25,30,0,
2025-12-30 09:54:14.806000,4d,Toxicity,Original,,60.62992477416992,2.636540412902832,160.47323608398438,1.033884048461914,1.363476037979126,0.4818141460418701,11.153897285461426,11.89198112487793,7.628207206726074,0.40271371603012085,0.597003698348999,0.6053910255432129,14.779882431030273,44.878936767578125,0.25939884781837463,6.62251615524292,26.36953353881836,37,25,30,0,
2025-12-30 09:54:16.806000,4d,Toxicity,Original,,64.41924285888672,2.5707459449768066,165.6260223388672,1.2617801427841187,1.3280686140060425,0.32469314336776733,11.153897285461426,11.092737197875977,7.701635360717773,0.402310311794281,0.529102087020874,0.6180714964866638,10.399858474731445,0,0.23331362009048462,3.058180332183838,25.327098846435547,37,25,30,0,
2025-12-30 09:54:18.806000,4d,Toxicity,Original,,64.81550598144531,2.5929486751556396,167.41966247558594,1.0396658182144165,1.1780322790145874,0.48128610849380493,11.153897285461426,10.749292373657227,8.39720630645752,0.3916884660720825,0.5373193025588989,0.7259265184402466,11.667073249816895,0,0.2545776963233948,5.151974678039551,26.07836151123047,37,25,30,0,
2025-12-30 09:54:20.806000,4d,Toxicity,Original,,68.83415222167969,2.7409656047821045,188.51852416992188,0.7428889870643616,0.860165536403656,0.5726839900016785,11.153897285461426,11.204853057861328,9.64207935333252,0.4056326746940613,0.4673241376876831,0.8170790672302246,16.71282196044922,0,0.26202353835105896,6.719810962677002,20.181428909301758,37,25,30,0,
2025-12-30 09:54:20.806000,FinePointe Series WBP [SN 139781]  Site 4 Bias Flow is out of range.,,,,,,,,,,,,,,,,,,,,,,,,,
2025-12-30 09:54:22.806000,4d,Toxicity,Original,,60.72008514404297,2.63863468170166,159.70773315429688,1.0566673278808594,1.1431578397750854,0.49718981981277466,11.153897285461426,9.628223419189453,7.5772528648376465,0.46468430757522583,0.5255546569824219,0.4773911237716675,18.52562141418457,47.67559051513672,0.2679145634174347,6.390294075012207,18.654142379760742,37,25,30,0,
2025-12-30 09:54:22.806000,FinePointe Series WBP [SN 10499C]  Site 1 Bias Flow is out of range.,,,,,,,,,,,,,,,,,,,,,,,,,
2025-12-30 09:54:24.806000,4d,Toxicity,Original,,65.50149536132812,2.618722438812256,171.31898498535156,0.9572307467460632,1.1326864957809448,0.4332883358001709,11.153897285461426,11.098801612854004,7.85245418548584,0.3883860409259796,0.5284126400947571,0.6303948760032654,11.605159759521484,0,0.2565023899078369,5.423296928405762,24.03304100036621,37,25,30,0,
2025-12-30 09:54:26.806000,4d,Toxicity,Original,,65.92720031738281,2.575498580932617,169.83938598632812,0.9225389361381531,1.138892650604248,0.4387223720550537,11.153897285461426,10.300971984863281,7.591104984283447,0.41330546140670776,0.49682995676994324,0.5904022455215454,22.14796257019043,29.54934310913086,0.2415628433227539,8.519815444946289,21.173656463623047,37,25,30,0,
2025-12-30 09:54:28.806000,4d,Toxicity,Original,,61.5347900390625,2.4358253479003906,147.70968627929688,1.350496768951416,1.4864492416381836,0.2861509919166565,11.153897285461426,11.331804275512695,8.234321594238281,0.43168017268180847,0.5586037635803223,0.5024712085723877,20.47760009765625,53.65110778808594,0.23662003874778748,7.681427955627441,25.83991241455078,37,25,30,0,
2025-12-30 09:54:30.806000,4d,Toxicity,Original,,66.89129638671875,2.5648488998413086,171.15802001953125,1.0693632364273071,1.051792025566101,0.5400511026382446,11.153897285461426,10.82172966003418,8.177680969238281,0.4037337303161621,0.4944438636302948,0.6013177633285522,15.172564506530762,0,0.25044482946395874,5.240961074829102,21.52047348022461,37,25,30,0,
2025-12-30 09:54:30.806000,FinePointe Series WBP [SN 139781]  Site 4 Bias Flow is out of range.,,,,,,,,,,,,,,,,,,,,,,,,,
2025-12-30 09:54:32.806000,4d,Toxicity,Original,,66.9544677734375,2.5488028526306152,170.7297821044922,0.7646543979644775,0.9455560445785522,0.6585988998413086,11.153897285461426,10.779535293579102,9.523573875427246,0.4035190939903259,0.49326449632644653,0.7371441125869751,13.89787483215332,5.439152240753174,0.2648218870162964,10.107070922851562,19.420013427734375,37,25,30,0,
2025-12-30 09:54:32.806000,FinePointe Series WBP [SN 10499C]  Site 1 Bias Flow is out of range.,,,,,,,,,,,,,,,,,,,,,,,,,
2025-12-30 09:54:34.806000,4d,Toxicity,Original,,66.66810607910156,2.719972848892212,181.1245880126953,0.9864970445632935,1.1737313270568848,0.3493461608886719,11.153897285461426,12.025638580322266,7.385491371154785,0.3782973885536194,0.5232293605804443,0.5595282316207886,15.801356315612793,0,0.2486509084701538,4.528452396392822,23.015705108642578,37,25,30,0,
2025-12-30 09:54:36.806000,4d,Toxicity,Original,,67.47665405273438,2.5450353622436523,172.18080139160156,1.0374011993408203,1.0850276947021484,0.41933169960975647,11.153897285461426,10.03104305267334,8.42345142364502,0.39847564697265625,0.49155253171920776,0.6686622500419617,12.367822647094727,0,0.24476711452007294,5.430694580078125,22.417869567871094,37,25,30,0,
2025-12-30 09:54:38.806000,4d,Toxicity,Original,,68.6253662109375,2.7177834510803223,184.27056884765625,0.7499151229858398,0.9696673154830933,0.5844271183013916,11.153897285461426,11.234651565551758,7.986990451812744,0.4262087941169739,0.46076270937919617,0.6374928951263428,14.772417068481445,0,0.24273568391799927,7.329063892364502,22.194496154785156,37,25,30,0,
2025-12-30 09:54:40.806000,4d,Toxicity,Original,,69.46749877929688,2.665648937225342,185.55569458007812,1.1713969707489014,1.1926112174987793,0.2959669828414917,11.153897285461426,11.272832870483398,8.34904670715332,0.38532131910324097,0.4795778691768646,0.6716768741607666,10.886008262634277,0,0.22719579935073853,5.278128147125244,22.663074493408203,37,25,30,0,
2025-12-30 09:54:40.806000,FinePointe Series WBP [SN 139781]  Site 4 Bias Flow is out of range.,,,,,,,,,,,,,,,,,,,,,,,,,
2025-12-30 09:54:42.806000,4d,Toxicity,Original,,68.36727142333984,2.5903189182281494,176.8420867919922,0.9559861421585083,1.0337584018707275,0.5116534233093262,11.153897285461426,10.542739868164062,8.834683418273926,0.4021894037723541,0.4755752682685852,0.752236008644104,9.933056831359863,0,0.24153317511081696,5.528293609619141,22.54478645324707,37,25,30,0,
2025-12-30 09:54:42.806000,FinePointe Series WBP [SN 10499C]  Site 1 Bias Flow is out of range.,,,,,,,,,,,,,,,,,,,,,,,,,
2025-12-30 09:54:44.806000,4d,Toxicity,Original,,67.54107666015625,2.8802690505981445,194.3251953125,0.8619868755340576,1.1167628765106201,0.5085828304290771,11.153897285461426,12.055123329162598,8.325416564941406,0.41193509101867676,0.47706687450408936,0.6921089887619019,16.594749450683594,0,0.23348575830459595,7.361059665679932,24.49956512451172,37,25,30,0,
2025-12-30 09:54:46.806000,4d,Toxicity,Original,,71.12583923339844,2.5383377075195312,180.5408477783203,1.1163146495819092,1.0046144723892212,0.5586955547332764,11.153897285461426,10.60188102722168,9.767413139343262,0.38862329721450806,0.4549520015716553,0.8204226493835449,12.13515853881836,0,0.23524227738380432,5.585422992706299,23.454086303710938,37,25,30,0,
2025-12-30 09:54:48.806000,4d,Toxicity,Original,,55.15990447998047,2.7317771911621094,150.6845703125,1.26029634475708,1.6934027671813965,0.101319320499897,11.153897285461426,10.875219345092773,6.0073323249816895,0.4166012108325958,0.6711454391479492,0.4873131513595581,9.806217193603516,171.00209045410156,0.2541501820087433,1.6476900577545166,16.631994247436523,37,25,30,0,
2025-12-30 09:54:50.806000,4d,Toxicity,Original,,75.4332275390625,2.5130419731140137,189.56686401367188,0.8464251160621643,0.9987892508506775,0.5009006857872009,11.153897285461426,10.454550743103027,8.207366943359375,0.4280671775341034,0.36733829975128174,0.38829728960990906,16.632164001464844,168.6504669189453,0.1891126185655594,5.356985092163086,33.51940155029297,37,25,30,85.71428680419922,
2025-12-30 09:54:50.806000,FinePointe Series WBP [SN 139781]  Site 4 Bias Flow is out of range.,,,,,,,,,,,,,,,,,,,,,,,,,
2025-12-30 09:54:50.806000,FinePointe Series WBP [SN 10499C]  Site 1 Bias Flow is out of range.,,,,,,,,,,,,,,,,,,,,,,,,,
2025-12-30 09:54:54.806000,4d,Toxicity,Original,,586.0169067382812,0.3846830725669861,225.43077087402344,1.1010463237762451,0.7402598857879639,0.5392781496047974,11.153897285461426,12.800151824951172,18.8648681640625,0.06529951840639114,0.0370866134762764,1.6726140975952148,3.32804799079895,0,0.021621333435177803,16.229087829589844,10.08123779296875,37,25,30,96.875,
2025-12-30 09:54:58.806000,4d,Toxicity,Original,,69.59589385986328,2.4306461811065674,166.4156951904297,0.6303979754447937,0.7838501930236816,0.6307717561721802,11.153897285461426,11.533910751342773,8.460580825805664,0.3768523037433624,0.49961531162261963,0.6264875531196594,15.809944152832031,0,0.2835269570350647,5.691168785095215,25.511402130126953,37,25,30,86.66666412353516,
2025-12-30 09:55:00.806000,4d,Toxicity,Original,,152.760986328125,1.27628755569458,73.3638916015625,1.2794512510299683,1.3089759349822998,0.3939768075942993,11.153897285461426,6.339590072631836,4.912269592285156,0.3549423813819885,0.44731301069259644,0.3243805766105652,10.208028793334961,100.70587921142578,0.1690770387649536,10.842564582824707,25.760984420776367,37,25,30,60,
2025-12-30 09:55:00.806000,FinePointe Series WBP [SN 139781]  Site 4 Bias Flow is out of range.,,,,,,,,,,,,,,,,,,,,,,,,,
2025-12-30 09:55:00.806000,FinePointe Series WBP [SN 139781]  Site 2 Bias Flow is out of range.,,,,,,,,,,,,,,,,,,,,,,,,,
2025-12-30 09:55:02.806000,4d,Toxicity,Original,,57.36336898803711,1.8710339069366455,107.32880401611328,1.0790178775787354,1.0099132061004639,0.5112185478210449,11.153897285461426,8.199581146240234,6.163815498352051,0.42783278226852417,0.6181309223175049,0.5518419742584229,16.19150733947754,0,0.3172534108161926,3.558445930480957,9.030668258666992,37,25,30,0,
2025-12-30 09:55:02.806000,FinePointe Series WBP [SN 10499C]  Site 1 Bias Flow is out of range.,,,,,,,,,,,,,,,,,,,,,,,,,
2025-12-30 09:55:04.806000,4d,Toxicity,Original,,54.22566604614258,2.4526684284210205,132.99758911132812,1.4762523174285889,1.5549591779708862,0.47724559903144836,11.153897285461426,8.896711349487305,8.245584487915039,0.4485448896884918,0.6579421758651733,0.5379796624183655,16.907875061035156,116.53836822509766,0.2650870680809021,6.47248649597168,24.47197914123535,37,25,30,50,
2025-12-30 09:55:06.806000,4d,Toxicity,Original,,65.7187728881836,2.204008102416992,145.832275390625,0.9550713300704956,1.0482004880905151,0.3266177177429199,11.153897285461426,9.392597198486328,6.682493209838867,0.4103616774082184,0.506197452545166,0.560559868812561,11.21969985961914,0,0.2543416917324066,2.986772298812866,26.814682006835938,37,25,30,0,
2025-12-30 09:55:08.806000,4d,Toxicity,Original,,58.45390319824219,1.9083865880966187,111.53965759277344,0.922174334526062,1.1871509552001953,0.5583282709121704,11.153897285461426,8.922626495361328,5.144876480102539,0.47360020875930786,0.5547888278961182,0.38302838802337646,16.61178207397461,0,0.2627200484275818,2.9180712699890137,26.030973434448242,37,25,30,33.33333206176758,
2025-12-30 09:55:08.806000,FinePointe Series WBP [SN 139781]  Site 4 Bias Flow is out of range.,,,,,,,,,,,,,,,,,,,,,,,,,
2025-12-30 09:55:08.806000,FinePointe Series WBP [SN 139781]  Site 2 Bias Flow is out of range.,,,,,,,,,,,,,,,,,,,,,,,,,
2025-12-30 09:55:08.806000,FinePointe Series WBP [SN 10499C]  Site 1 Bias Flow is out of range.,,,,,,,,,,,,,,,,,,,,,,,,,
2025-12-30 09:55:12.806000,4d,Toxicity,Original,,76.80670166015625,1.5103957653045654,116.0085220336914,0.5548278093338013,0.7007039785385132,0.9877548813819885,11.153897285461426,12.95361042022705,11.202594757080078,0.3053552806377411,0.47582656145095825,0.6181896328926086,7.637878894805908,0,0.28452616930007935,4.705337047576904,24.634204864501953,37,25,30,93.33333587646484,
2025-12-30 09:55:14.806000,4d,Toxicity,Original,,77.97177124023438,2.1539461612701416,167.94699096679688,0.4585970342159271,0.5579547882080078,0.7952927350997925,11.153897285461426,13.455286979675293,11.488877296447754,0.3419937193393707,0.42751553654670715,0.4505879878997803,4.222731113433838,0,0.27693411707878113,,7.585494041442871,37,25,30,75,
2025-12-30 09:55:16.806000,4d,Toxicity,Original,,59.327999114990234,2.363729476928711,140.23533630371094,0.5734863877296448,1.0196329355239868,0.4899565279483795,11.153897285461426,15.299525260925293,9.009331703186035,0.3622897267341614,0.6490371823310852,0.4789344072341919,5.418423652648926,0,0.3297049403190613,2.747840642929077,24.26318359375,37,25,30,85.71428680419922,
2025-12-30 09:55:18.806000,4d,Toxicity,Original,,64.66145324707031,2.348458766937256,151.85475158691406,0.673541247844696,0.6818690299987793,0.6791143417358398,11.153897285461426,16.328062057495117,15.71428394317627,0.41547781229019165,0.5124320983886719,0.2533668875694275,47.745208740234375,158.2855987548828,0.311432808637619,1.9126715660095215,15.288684844970703,37,25,30,0,
2025-12-30 09:55:18.806000,FinePointe Series WBP [SN 139781]  Site 4 Bias Flow is out of range.,,,,,,,,,,,,,,,,,,,,,,,,,
2025-12-30 09:55:18.806000,FinePointe Series WBP [SN 10499C]  Site 1 Bias Flow is out of range.,,,,,,,,,,,,,,,,,,,,,,,,,
2025-12-30 09:55:24.806000,4d,Toxicity,Original,,77.15301513671875,2.4718751907348633,183.92178344726562,0.46370449662208557,0.5601249933242798,0.6329470276832581,11.153897285461426,12.954638481140137,9.006841659545898,0.42671167850494385,0.37493687868118286,0.4841775894165039,32.96901321411133,0,0.24844670295715332,7.640340805053711,16.823524475097656,37,25,30,93.93939208984375,
2025-12-30 09:55:26.806000,4d,Toxicity,Original,,501.5108947753906,0.5182210803031921,259.8935241699219,0.5839711427688599,0.8803555965423584,0.28857728838920593,11.153897285461426,14.517547607421875,9.530074119567871,0.06419406086206436,0.055444419384002686,0.697767972946167,2.6898560523986816,0,0.029767779633402824,9.919013977050781,10.7410249710083,37,25,30,91.66666412353516,
2025-12-30 09:55:30.806000,4d,Toxicity,Original,,57.412841796875,2.8874351978302,165.77586364746094,1.1183810234069824,1.2668825387954712,0.3591556251049042,11.153897285461426,13.369770050048828,9.853914260864258,0.4325145184993744,0.6125478148460388,0.4349832534790039,34.19282531738281,0,0.27511411905288696,2.840622901916504,41.242637634277344,37,25,30,96.42857360839844,
2025-12-30 09:55:30.806000,FinePointe Series WBP [SN 139781]  Site 4 Bias Flow is out of range.,,,,,,,,,,,,,,,,,,,,,,,,,
2025-12-30 09:55:32.806000,4d,Toxicity,Original,,68.65066528320312,2.125776529312134,145.9359893798828,0.9621722102165222,1.103372573852539,0.39443179965019226,11.153897285461426,8.392672538757324,7.772449970245361,0.39228448271751404,0.48170557618141174,0.6356338858604431,17.437618255615234,0,0.23843255639076233,7.029788970947266,45.742801666259766,37,25,30,50,
2025-12-30 09:55:32.806000,FinePointe Series WBP [SN 10499C]  Site 1 Bias Flow is out of range.,,,,,,,,,,,,,,,,,,,,,,,,,
2025-12-30 09:55:34.806000,4d,Toxicity,Original,,54.45507049560547,2.781118631362915,151.52587890625,1.0595961809158325,1.049663782119751,0.24129067361354828,11.153897285461426,12.807957649230957,8.810020446777344,0.48308199644088745,0.6187639832496643,0.6620312929153442,9.127788543701172,0,0.3085628151893616,3.157688617706299,19.734525680541992,37,25,30,33.33333206176758,
2025-12-30 09:55:36.806000,4d,Toxicity,Original,,52.17101287841797,2.3739895820617676,123.63372039794922,2.582681655883789,2.894866704940796,0.5530650615692139,11.153897285461426,10.056098937988281,5.758959770202637,0.47769153118133545,0.6725271940231323,0.34194672107696533,11.007768630981445,198.38262939453125,0.19319717586040497,1.1163313388824463,27.61309814453125,37,25,30,0,
2025-12-30 09:55:38.806000,4d,Toxicity,Original,,57.4261589050293,2.41070556640625,138.29678344726562,1.1163463592529297,1.345707654953003,0.4940544366836548,11.153897285461426,11.323934555053711,7.651724815368652,0.43824705481529236,0.6070573925971985,0.5670871138572693,18.571456909179688,9.74458122253418,0.2647143602371216,3.8975467681884766,22.982830047607422,37,25,30,0,
2025-12-30 09:55:40.806000,4d,Toxicity,Original,,66.68498992919922,2.8865041732788086,192.4864959716797,0.9817373156547546,1.047985315322876,0.182197704911232,11.153897285461426,13.031705856323242,11.246371269226074,0.3728525936603546,0.5269001722335815,0.82145094871521,8.632776260375977,46.13210678100586,0.26170650124549866,3.277311325073242,30.11354637145996,37,25,30,0,
2025-12-30 09:55:40.806000,FinePointe Series WBP [SN 139781]  Site 4 Bias Flow is out of range.,,,,,,,,,,,,,,,,,,,,,,,,,
2025-12-30 09:55:42.806000,4d,Toxicity,Original,,56.4732666015625,2.296536922454834,129.71771240234375,2.5001449584960938,2.350137233734131,0.16189590096473694,11.153897285461426,11.10941219329834,8.926956176757812,0.39301422238349915,0.6699352264404297,0.4365249276161194,22.596548080444336,305.5679931640625,0.20714017748832703,3.9407196044921875,32.79503631591797,37,25,30,50,
2025-12-30 09:55:42.806000,FinePointe Series WBP [SN 10499C]  Site 1 Bias Flow is out of range.,,,,,,,,,,,,,,,,,,,,,,,,,
2025-12-30 09:55:44.806000,4d,Toxicity,Original,,70.84397888183594,2.308025598526001,163.5097198486328,0.573108971118927,0.7635694146156311,0.9449496865272522,11.153897285461426,12.74276351928711,12.341638565063477,0.39399734139442444,0.4529341757297516,0.5282577276229858,38.61922836303711,0,0.26213565468788147,11.034323692321777,12.963882446289062,37,25,30,0,
2025-12-30 09:55:46.806000,4d,Toxicity,Original,,67.60606384277344,1.9225915670394897,129.5214080810547,1.1439919471740723,1.1613377332687378,0.4438059329986572,11.153897285461426,9.704779624938965,8.20291519165039,0.3892138600349426,0.49845588207244873,0.46486759185791016,9.174294471740723,119.35350036621094,0.23430800437927246,7.521397113800049,30.628093719482422,37,25,30,50,
2025-12-30 09:55:50.806000,4d,Toxicity,Original,,155.61178588867188,1.6722757816314697,121.30377197265625,1.2834861278533936,1.2079519033432007,0.6857640147209167,11.153897285461426,9.097987174987793,7.558234214782715,0.2936798930168152,0.38444313406944275,0.548188328742981,5.307267189025879,60.98415756225586,0.1729634404182434,5.393895149230957,23.22549819946289,37,25,30,70,
2025-12-30 09:55:50.806000,FinePointe Series WBP [SN 139781]  Site 4 Bias Flow is out of range.,,,,,,,,,,,,,,,,,,,,,,,,,
2025-12-30 09:55:52.806000,4d,Toxicity,Original,,65.02911376953125,2.3379974365234375,150.7904052734375,1.1940100193023682,1.5439897775650024,0.19405151903629303,11.153897285461426,11.625910758972168,7.644715785980225,0.34364771842956543,0.5945680737495422,0.41860371828079224,12.35592269897461,91.2842025756836,0.24210333824157715,7.731616020202637,25.259681701660156,37,25,30,0,
2025-12-30 09:55:52.806000,FinePointe Series WBP [SN 10499C]  Site 1 Bias Flow is out of range.,,,,,,,,,,,,,,,,,,,,,,,,,
2025-12-30 09:55:54.806000,4d,Toxicity,Original,,59.6213493347168,2.9404587745666504,175.6973419189453,1.0851256847381592,1.177316665649414,0.4760529398918152,11.153897285461426,11.623199462890625,8.507073402404785,0.450839638710022,0.5561354160308838,0.597161591053009,15.438783645629883,0,0.2635229825973511,6.176708221435547,20.64505386352539,37,25,30,0,
2025-12-30 09:55:56.806000,4d,Toxicity,Original,,62.1460075378418,2.0867061614990234,130.37086486816406,1.3708293437957764,1.6107710599899292,0.37769055366516113,11.153897285461426,9.118894577026367,6.842080116271973,0.4412474036216736,0.5296392440795898,0.47112607955932617,9.084468841552734,54.31468963623047,0.2113618701696396,7.683230876922607,30.231964111328125,37,25,30,0,
2025-12-30 09:55:58.806000,4d,Toxicity,Original,,63.51213836669922,2.6251559257507324,164.84402465820312,1.3636586666107178,1.24420166015625,0.256334513425827,11.153897285461426,9.094759941101074,8.224787712097168,0.4796242415904999,0.48261624574661255,0.6036405563354492,13.212568283081055,48.225311279296875,0.2240474820137024,7.15258264541626,21.092220306396484,37,25,30,0,
2025-12-30 09:56:00.806000,4d,Toxicity,Original,,64.66571044921875,2.3196401596069336,149.38414001464844,1.1741374731063843,1.270074486732483,0.41716569662094116,11.153897285461426,9.591509819030762,7.851141929626465,0.424291729927063,0.5097386837005615,0.5393487215042114,14.932868957519531,71.95335388183594,0.23167812824249268,6.4546732902526855,15.693344116210938,37,25,30,0,
2025-12-30 09:56:00.806000,FinePointe Series WBP [SN 139781]  Site 4 Bias Flow is out of range.,,,,,,,,,,,,,,,,,,,,,,,,,
2025-12-30 09:56:02.806000,4d,Toxicity,Original,,64.5968017578125,2.393498420715332,154.54656982421875,1.0310235023498535,1.0317025184631348,0.5224176049232483,11.153897285461426,9.257144927978516,8.564329147338867,0.44099587202072144,0.48807069659233093,0.7287272214889526,12.06488037109375,0,0.2497653067111969,5.730444431304932,21.893308639526367,37,25,30,33.33333206176758,
2025-12-30 09:56:02.806000,FinePointe Series WBP [SN 10499C]  Site 1 Bias Flow is out of range.,,,,,,,,,,,,,,,,,,,,,,,,,
2025-12-30 09:56:04.806000,4d,Toxicity,Original,,67.05116271972656,2.4014618396759033,162.0662384033203,1.1460984945297241,1.103347659111023,0.33748123049736023,11.153897285461426,9.040115356445312,7.997169494628906,0.45182234048843384,0.4455469846725464,0.5600034594535828,11.964682579040527,0,0.22017593681812286,7.194309234619141,18.944114685058594,37,25,30,0,
2025-12-30 09:56:06.806000,4d,Toxicity,Original,,134.09442138671875,1.4102575778961182,107.07180786132812,0.8601699471473694,1.0324796438217163,0.5574423670768738,11.153897285461426,7.445128917694092,5.5453901290893555,0.287941038608551,0.3623889982700348,0.44151780009269714,15.051259994506836,50.19042205810547,0.1741851568222046,9.521384239196777,27.31771469116211,37,25,30,0,
2025-12-30 09:56:08.806000,4d,Toxicity,Original,,62.341712951660156,2.525742530822754,157.2165985107422,1.0275005102157593,1.13311767578125,0.35968703031539917,11.153897285461426,9.72774887084961,6.858530521392822,0.4450318217277527,0.5334737300872803,0.4942508339881897,13.755514144897461,0,0.257689505815506,5.332718849182129,25.195405960083008,37,25,30,0,
2025-12-30 09:56:10.806000,4d,Toxicity,Original,,64.953857421875,2.327366352081299,150.96798706054688,1.0732344388961792,1.2133921384811401,0.3798011541366577,11.153897285461426,9.997507095336914,7.747091770172119,0.4319640100002289,0.4921228587627411,0.5580716133117676,10.45218563079834,56.14799499511719,0.23435889184474945,7.533584117889404,17.763273239135742,37,25,30,0,
2025-12-30 09:56:10.806000,FinePointe Series WBP [SN 139781]  Site 4 Bias Flow is out of range.,,,,,,,,,,,,,,,,,,,,,,,,,
2025-12-30 09:56:12.806000,4d,Toxicity,Original,,68.14330291748047,2.486262083053589,169.2034454345703,0.8510624766349792,0.7916414737701416,0.47183340787887573,11.153897285461426,8.47708511352539,7.7864227294921875,0.472703754901886,0.4201916754245758,0.5279747247695923,14.13990592956543,0,0.24464073777198792,5.884972095489502,11.033163070678711,37,25,30,0,
2025-12-30 09:56:12.806000,FinePointe Series WBP [SN 10499C]  Site 1 Bias Flow is out of range.,,,,,,,,,,,,,,,,,,,,,,,,,
2025-12-30 09:56:14.806000,4d,Toxicity,Original,,63.204627990722656,2.3636391162872314,149.97900390625,1.9389126300811768,1.7095770835876465,0.3529401123523712,11.153897285461426,9.15772533416748,8.164711952209473,0.42084652185440063,0.5300748348236084,0.5756257772445679,10.70510482788086,90.84042358398438,0.21379292011260986,4.660320281982422,23.61484146118164,37,25,30,0,
2025-12-30 09:56:16.806000,4d,Toxicity,Original,,67.38761901855469,2.3140220642089844,155.72137451171875,1.3023940324783325,1.420285940170288,0.18672925233840942,11.153897285461426,10.547922134399414,7.468438148498535,0.41226765513420105,0.48119062185287476,0.44512033462524414,11.732271194458008,65.45108795166016,0.20807906985282898,7.864034652709961,22.566354751586914,37,25,30,0,
2025-12-30 09:56:18.806000,4d,Toxicity,Original,,68.39857482910156,2.2425942420959473,153.11880493164062,0.8589292168617249,0.8792475461959839,0.5031582713127136,11.153897285461426,8.879390716552734,7.658140182495117,0.428996205329895,0.4504300653934479,0.5771672129631042,11.724071502685547,0,0.25053825974464417,7.5800395011901855,16.08185386657715,37,25,30,0,
2025-12-30 09:56:20.806000,4d,Toxicity,Original,,70.48342895507812,2.2780373096466064,159.11489868164062,1.0681416988372803,1.0644516944885254,0.439604252576828,11.153897285461426,9.59553050994873,8.35025405883789,0.3919132947921753,0.4708355665206909,0.6365313529968262,13.60162353515625,0,0.236959308385849,8.566217422485352,20.24075698852539,37,25,30,0,
2025-12-30 09:56:20.806000,FinePointe Series WBP [SN 139781]  Site 4 Bias Flow is out of range.,,,,,,,,,,,,,,,,,,,,,,,,,
2025-12-30 09:56:20.806000,FinePointe Series WBP [SN 10499C]  Site 1 Bias Flow is out of range.,,,,,,,,,,,,,,,,,,,,,,,,,
2025-12-30 09:56:22.806000,4d,Toxicity,Original,,70.4257583618164,2.3779296875,167.4126434326172,0.7274528741836548,0.7983677387237549,0.5603366494178772,11.153897285461426,9.87601089477539,8.313177108764648,0.4808880686759949,0.37565183639526367,0.6924363374710083,18.62061882019043,0,0.21953463554382324,9.382654190063477,20.576637268066406,37,25,30,0,
2025-12-30 09:56:24.806000,4d,Toxicity,Original,,66.63948822021484,2.4005050659179688,160.37310791015625,0.9550580978393555,0.9967307448387146,0.4604145586490631,11.153897285461426,8.816783905029297,7.152523517608643,0.46583861112594604,0.43737006187438965,0.6008899807929993,14.279096603393555,0,0.22848479449748993,6.6137871742248535,21.562471389770508,37,25,30,0,
2025-12-30 09:56:26.806000,4d,Toxicity,Original,,68.43148803710938,2.3028268814086914,157.33485412597656,1.2190595865249634,1.1221826076507568,0.5277929902076721,11.153897285461426,11.751157760620117,10.500371932983398,0.40035372972488403,0.4809384047985077,0.687421441078186,25.479942321777344,0,0.23381878435611725,8.698566436767578,26.375320434570312,37,25,30,0,
2025-12-30 09:56:28.806000,4d,Toxicity,Original,,63.86246109008789,2.4877254962921143,159.18727111816406,0.8383947610855103,1.1723371744155884,0.29543188214302063,11.153897285461426,12.240739822387695,6.756038665771484,0.44457972049713135,0.49530208110809326,0.4938298463821411,18.199607849121094,0,0.23888567090034485,8.503795623779297,20.230819702148438,37,25,30,0,
2025-12-30 09:56:30.806000,4d,Toxicity,Original,,66.10087585449219,2.4050135612487793,158.88958740234375,1.234622597694397,1.2577956914901733,0.2241063416004181,11.153897285461426,9.481367111206055,7.760631561279297,0.4034729599952698,0.5043203234672546,0.5433582067489624,11.761913299560547,6.454284191131592,0.23135870695114136,5.105170249938965,25.6697940826416,37,25,30,0,
2025-12-30 09:56:30.806000,FinePointe Series WBP [SN 139781]  Site 4 Bias Flow is out of range.,,,,,,,,,,,,,,,,,,,,,,,,,
2025-12-30 09:56:32.806000,4d,Toxicity,Original,,70.96245574951172,2.3477840423583984,166.75357055664062,0.9957939982414246,1.0869574546813965,0.43202975392341614,11.153897285461426,10.633780479431152,8.465102195739746,0.41293495893478394,0.436225026845932,0.6570329666137695,16.34971046447754,24.936981201171875,0.2210860550403595,9.372528076171875,18.684795379638672,37,25,30,0,
2025-12-30 09:56:32.806000,FinePointe Series WBP [SN 10499C]  Site 1 Bias Flow is out of range.,,,,,,,,,,,,,,,,,,,,,,,,,
2025-12-30 09:56:34.806000,4d,Toxicity,Original,,73.05042266845703,2.2740683555603027,164.90037536621094,0.8585317730903625,0.9607895612716675,0.598466157913208,11.153897285461426,9.878728866577148,7.830328464508057,0.41242820024490356,0.41941267251968384,0.629636287689209,10.91445541381836,0,0.21979793906211853,4.804405212402344,20.063631057739258,37,25,30,0,
2025-12-30 09:56:36.806000,4d,Toxicity,Original,,73.35891723632812,2.1680338382720947,159.27410888671875,0.8624669909477234,0.925917387008667,0.4754064679145813,11.153897285461426,8.604166030883789,8.005237579345703,0.41868042945861816,0.40143370628356934,0.6850469708442688,11.872841835021973,0,0.21644851565361023,9.906017303466797,20.227985382080078,37,25,30,0,
2025-12-30 09:56:38.806000,4d,Toxicity,Original,,69.69326782226562,2.3066365718841553,160.74388122558594,0.9680038094520569,0.9785627722740173,0.4390558898448944,11.153897285461426,9.533905982971191,8.42310619354248,0.4251384139060974,0.43735751509666443,0.5806551575660706,13.422572135925293,0,0.23361320793628693,6.867086887359619,17.455732345581055,37,25,30,0,
2025-12-30 09:56:40.806000,4d,Toxicity,Original,,70.92918395996094,2.439472198486328,174.17184448242188,1.0729453563690186,1.081359624862671,0.3616740107536316,11.153897285461426,9.828336715698242,8.474000930786133,0.42199838161468506,0.42836156487464905,0.7015281915664673,10.915739059448242,0,0.21465224027633667,8.005654335021973,22.009750366210938,37,25,30,0,
2025-12-30 09:56:40.806000,FinePointe Series WBP [SN 139781]  Site 4 Bias Flow is out of range.,,,,,,,,,,,,,,,,,,,,,,,,,
2025-12-30 09:56:42.806000,4d,Toxicity,Original,,73.41878509521484,2.4273335933685303,178.3861541748047,0.7366266250610352,0.7965877652168274,0.5249265432357788,11.153897285461426,9.537252426147461,8.037069320678711,0.4260764718055725,0.39399638772010803,0.5886698961257935,17.311567306518555,0,0.230508953332901,9.665664672851562,19.533979415893555,37,25,30,0,
2025-12-30 09:56:42.806000,FinePointe Series WBP [SN 10499C]  Site 1 Bias Flow is out of range.,,,,,,,,,,,,,,,,,,,,,,,,,
2025-12-30 09:56:44.806000,4d,Toxicity,Original,,67.20236206054688,2.280935049057007,153.1884002685547,1.2354187965393066,1.145862340927124,0.48592838644981384,11.153897285461426,9.536747932434082,8.608824729919434,0.4283667802810669,0.4652373790740967,0.7550826072692871,12.072820663452148,0,0.22418612241744995,6.826128959655762,22.588768005371094,37,25,30,0,
2025-12-30 09:56:46.806000,4d,Toxicity,Original,,71.54029083251953,2.342076063156128,168.0135955810547,1.2103524208068848,1.3404216766357422,0.34321922063827515,11.153897285461426,10.970139503479004,8.768318176269531,0.3955332934856415,0.44508373737335205,0.6704937219619751,14.355381965637207,53.01191711425781,0.19806316494941711,10.897597312927246,27.00418472290039,37,25,30,0,
2025-12-30 09:56:48.806000,4d,Toxicity,Original,,70.68594360351562,2.3860368728637695,167.18045043945312,0.9926357269287109,0.9596539735794067,0.415083110332489,11.153897285461426,9.746963500976562,8.49323844909668,0.4221060872077942,0.437529981136322,0.6425107717514038,14.319979667663574,0,0.23097339272499084,6.131590366363525,19.57634735107422,37,25,30,0,
2025-12-30 09:56:50.806000,4d,Toxicity,Original,,71.18379974365234,2.387524366378784,170.19808959960938,0.8655739426612854,0.8582378625869751,0.3856973946094513,11.153897285461426,9.268658638000488,8.073384284973145,0.47574615478515625,0.37022140622138977,0.6608982682228088,12.974566459655762,0,0.20953114330768585,9.982810974121094,18.469709396362305,37,25,30,0,
2025-12-30 09:56:50.806000,FinePointe Series WBP [SN 139781]  Site 4 Bias Flow is out of range.,,,,,,,,,,,,,,,,,,,,,,,,,
2025-12-30 09:56:52.806000,4d,Toxicity,Original,,79.32051086425781,2.337230682373047,185.36721801757812,0.7725255489349365,0.7869954109191895,0.5844930410385132,11.153897285461426,9.86813735961914,8.865264892578125,0.37189412117004395,0.38460010290145874,0.6951451301574707,12.223766326904297,0,0.2248203158378601,8.536197662353516,22.323030471801758,37,25,30,33.33333206176758,
2025-12-30 09:56:52.806000,FinePointe Series WBP [SN 10499C]  Site 1 Bias Flow is out of range.,,,,,,,,,,,,,,,,,,,,,,,,,
2025-12-30 09:56:54.806000,4d,Toxicity,Original,,71.55094909667969,2.4800970554351807,177.67393493652344,1.1348283290863037,1.1878571510314941,0.406425416469574,11.153897285461426,9.889697074890137,8.866530418395996,0.39703232049942017,0.44757720828056335,0.712033212184906,11.45280933380127,35.12285232543945,0.21356414258480072,7.453538417816162,23.457599639892578,37,25,30,0,
2025-12-30 09:56:56.806000,4d,Toxicity,Original,,67.326171875,2.4754693508148193,166.6109619140625,1.054016351699829,1.0811405181884766,0.46683698892593384,11.153897285461426,10.601892471313477,8.228042602539062,0.4490864872932434,0.4424293041229248,0.7264347076416016,10.336575508117676,0,0.22013768553733826,7.303079605102539,19.826847076416016,37,25,30,0,
2025-12-30 09:56:58.806000,4d,Toxicity,Original,,73.33676147460938,2.3344528675079346,170.92495727539062,0.6658239364624023,0.7646226286888123,0.43182000517845154,11.153897285461426,9.926824569702148,7.62973690032959,0.4163972735404968,0.4053853750228882,0.6153675317764282,13.409969329833984,0,0.2403501719236374,9.178857803344727,15.781503677368164,37,25,30,0,
2025-12-30 09:57:00.806000,4d,Toxicity,Original,,70.49061584472656,2.295610189437866,161.65321350097656,1.0268256664276123,1.0237504243850708,0.44946807622909546,11.153897285461426,9.974035263061523,8.486839294433594,0.42599523067474365,0.429661363363266,0.6822804808616638,10.230071067810059,21.699857711791992,0.21957460045814514,7.1752848625183105,18.32489776611328,37,25,30,0,
2025-12-30 09:57:00.806000,FinePointe Series WBP [SN 139781]  Site 4 Bias Flow is out of range.,,,,,,,,,,,,,,,,,,,,,,,,,
2025-12-30 09:57:02.806000,4d,Toxicity,Original,,66.39448547363281,2.5046558380126953,166.24078369140625,1.0016601085662842,1.0539989471435547,0.5158733129501343,11.153897285461426,9.53780746459961,9.569620132446289,0.4019189476966858,0.5018774271011353,0.7397829294204712,12.81229019165039,0,0.2556820213794708,7.1550493240356445,22.221572875976562,37,25,30,0,
2025-12-30 09:57:02.806000,FinePointe Series WBP [SN 10499C]  Site 1 Bias Flow is out of range.,,,,,,,,,,,,,,,,,,,,,,,,,
2025-12-30 09:57:04.806000,4d,Toxicity,Original,,67.8945541381836,2.5447516441345215,172.7060089111328,0.9082428216934204,1.132322072982788,0.44029706716537476,11.153897285461426,9.920297622680664,7.356308937072754,0.4167352318763733,0.4673023819923401,0.6081873178482056,11.01181411743164,12.149752616882324,0.22730174660682678,6.9700517654418945,21.631389617919922,37,25,30,0,
2025-12-30 09:57:06.806000,4d,Toxicity,Original,,71.84973907470703,2.521183967590332,180.66372680664062,1.1425509452819824,1.1477758884429932,0.3984087109565735,11.153897285461426,10.46133041381836,8.967662811279297,0.42604655027389526,0.4109760522842407,0.7810324430465698,10.30784797668457,0,0.1997237503528595,6.460799217224121,22.758180618286133,37,25,30,0,
2025-12-30 09:57:08.806000,4d,Toxicity,Original,,70.9851303100586,2.4015772342681885,170.3251495361328,1.2304617166519165,1.0340975522994995,0.31276553869247437,11.153897285461426,9.22961711883545,9.092087745666504,0.4047989249229431,0.4430977404117584,0.6413664817810059,11.935806274414062,0,0.22758615016937256,7.537891387939453,17.727413177490234,37,25,30,0,
2025-12-30 09:57:10.806000,4d,Toxicity,Original,,75.30368041992188,2.498603105545044,188.256591796875,0.7797269225120544,0.8731111884117126,0.595981240272522,11.153897285461426,10.26099967956543,8.734161376953125,0.41855669021606445,0.3799701929092407,0.7107508182525635,13.285331726074219,0,0.21148592233657837,9.305488586425781,20.15064239501953,37,25,30,0,
2025-12-30 09:57:10.806000,FinePointe Series WBP [SN 139781]  Site 4 Bias Flow is out of range.,,,,,,,,,,,,,,,,,,,,,,,,,
2025-12-30 09:57:12.806000,4d,Toxicity,Original,,75.81060028076172,2.5727217197418213,195.18328857421875,0.7399150133132935,0.7831007242202759,0.6985582113265991,11.153897285461426,9.812067031860352,7.9281463623046875,0.41979047656059265,0.3723149597644806,0.6512684226036072,10.4570894241333,0,0.21724872291088104,7.22023868560791,14.54818344116211,37,25,30,0,
2025-12-30 09:57:12.806000,FinePointe Series WBP [SN 10499C]  Site 1 Bias Flow is out of range.,,,,,,,,,,,,,,,,,,,,,,,,,
2025-12-30 09:57:14.806000,4d,Toxicity,Original,,69.11579895019531,2.300476551055908,158.83148193359375,1.2401340007781982,1.207046627998352,0.4148593842983246,11.153897285461426,9.181129455566406,8.68819522857666,0.4245961308479309,0.44393491744995117,0.775985062122345,13.240346908569336,43.92502212524414,0.20988330245018005,9.180482864379883,20.910049438476562,37,25,30,0,
2025-12-30 09:57:16.806000,4d,Toxicity,Original,,71.84476470947266,2.262373208999634,161.250732421875,1.101117491722107,1.1810051202774048,0.5162167549133301,11.153897285461426,9.303110122680664,8.169589042663574,0.3825155198574066,0.4572974443435669,0.6772137880325317,11.512211799621582,38.4479866027832,0.21795544028282166,9.67216682434082,20.545244216918945,37,25,30,0,
2025-12-30 09:57:18.806000,4d,Toxicity,Original,,78.76385498046875,2.203660726547241,173.40203857421875,0.8860341906547546,0.9033768177032471,0.5259308218955994,11.153897285461426,9.304183959960938,9.261302947998047,0.3926973342895508,0.37589460611343384,0.7006798982620239,10.956351280212402,35.5838737487793,0.20488974452018738,10.156124114990234,17.852420806884766,37,25,30,0,
2025-12-30 09:57:20.806000,4d,Toxicity,Original,,77.63166809082031,2.2916557788848877,177.43612670898438,0.7500635385513306,0.8741779923439026,0.561553418636322,11.153897285461426,10.357295989990234,8.187036514282227,0.3864339292049408,0.3893216848373413,0.6448913812637329,13.442127227783203,0,0.21674831211566925,10.429177284240723,17.704818725585938,37,25,30,0,
2025-12-30 09:57:20.806000,FinePointe Series WBP [SN 139781]  Site 4 Bias Flow is out of range.,,,,,,,,,,,,,,,,,,,,,,,,,
2025-12-30 09:57:20.806000,FinePointe Series WBP [SN 10499C]  Site 1 Bias Flow is out of range.,,,,,,,,,,,,,,,,,,,,,,,,,
2025-12-30 09:57:22.806000,4d,Toxicity,Original,,77.07429504394531,2.367035150527954,182.2730712890625,0.8286696672439575,0.9316798448562622,0.5171349048614502,11.153897285461426,10.065621376037598,9.103605270385742,0.37167203426361084,0.40846574306488037,0.8018618822097778,13.586315155029297,0,0.2190130054950714,9.015348434448242,19.575101852416992,37,25,30,0,
2025-12-30 09:57:24.806000,4d,Toxicity,Original,,75.10855102539062,2.445955514907837,184.0135955810547,0.9006655812263489,0.9654873013496399,0.5254493951797485,11.153897285461426,10.055496215820312,8.511737823486328,0.40239834785461426,0.39788174629211426,0.6847638487815857,14.306619644165039,0,0.21101070940494537,8.939208984375,20.58571434020996,37,25,30,0,
2025-12-30 09:57:26.806000,4d,Toxicity,Original,,80.10073852539062,2.3327460289001465,186.79063415527344,0.7292947769165039,0.7421303987503052,0.5467060208320618,11.153897285461426,10.373598098754883,8.323419570922852,0.39049410820007324,0.35858336091041565,0.6808254718780518,14.402759552001953,0,0.21583494544029236,9.363224983215332,17.50503158569336,37,25,30,0,
2025-12-30 09:57:28.806000,4d,Toxicity,Original,,74.51311492919922,2.3459672927856445,174.7109375,0.7921428084373474,0.7649843692779541,0.6343116760253906,11.153897285461426,9.546518325805664,8.685775756835938,0.43853560090065,0.3687942326068878,0.6482453942298889,10.643472671508789,0,0.21803498268127441,8.67903995513916,18.76068115234375,37,25,30,0,
2025-12-30 09:57:30.806000,4d,Toxicity,Original,,71.80486297607422,2.422607421875,173.924560546875,0.929236888885498,0.8852040767669678,0.4848291873931885,11.153897285461426,10.168554306030273,9.33848762512207,0.45301803946495056,0.38276392221450806,0.7765067219734192,15.171615600585938,0,0.21427106857299805,9.305306434631348,17.126018524169922,37,25,30,0,
2025-12-30 09:57:30.806000,FinePointe Series WBP [SN 139781]  Site 4 Bias Flow is out of range.,,,,,,,,,,,,,,,,,,,,,,,,,
2025-12-30 09:57:30.806000,FinePointe Series WBP [SN 10499C]  Site 1 Bias Flow is out of range.,,,,,,,,,,,,,,,,,,,,,,,,,
2025-12-30 09:57:32.806000,4d,Toxicity,Original,,78.54414367675781,2.353452682495117,184.4754180908203,0.9266377091407776,1.0251277685165405,0.43037018179893494,11.153897285461426,10.468756675720215,8.585287094116211,0.37247133255004883,0.3931032121181488,0.7512445449829102,13.295559883117676,20.278108596801758,0.20589251816272736,10.378253936767578,19.434337615966797,37,25,30,0,
2025-12-30 09:57:34.806000,4d,Toxicity,Original,,76.25943756103516,2.4115002155303955,183.86843872070312,0.827913224697113,0.8871883153915405,0.3429199755191803,11.153897285461426,10.298778533935547,8.95119571685791,0.4100361168384552,0.3774591386318207,0.7092112898826599,10.65845775604248,0,0.20825839042663574,10.443523406982422,19.874155044555664,37,25,30,0,
2025-12-30 09:57:36.806000,4d,Toxicity,Original,,74.36448669433594,2.344492197036743,174.38885498046875,0.7275671362876892,0.842394232749939,0.5445538759231567,11.153897285461426,10.086770057678223,8.314363479614258,0.3957892060279846,0.4115540087223053,0.7271426916122437,13.201391220092773,0,0.23163250088691711,9.88742446899414,14.699752807617188,37,25,30,0,
2025-12-30 09:57:38.806000,4d,Toxicity,Original,,77.58866119384766,2.4515750408172607,189.63746643066406,0.7863362431526184,0.843026876449585,0.489178329706192,11.153897285461426,10.192105293273926,8.61064624786377,0.3994176685810089,0.3780857026576996,0.675632894039154,13.534329414367676,0,0.21473249793052673,9.631341934204102,19.06424903869629,37,25,30,0,
2025-12-30 09:57:40.806000,4d,Toxicity,Original,,77.57659149169922,2.5278849601745605,196.24916076660156,0.7654791474342346,0.8336622714996338,0.49604034423828125,11.153897285461426,11.288341522216797,10.32635498046875,0.4133906364440918,0.36047232151031494,0.8480886220932007,13.746355056762695,0,0.2050333172082901,11.381906509399414,16.28479766845703,37,25,30,0,
2025-12-30 09:57:40.806000,FinePointe Series WBP [SN 139781]  Site 4 Bias Flow is out of range.,,,,,,,,,,,,,,,,,,,,,,,,,
2025-12-30 09:57:42.806000,4d,Toxicity,Original,,76.15498352050781,2.3964757919311523,181.8079833984375,0.8575623035430908,1.0028008222579956,0.4776883125305176,11.153897285461426,10.542892456054688,8.851120948791504,0.3836449086666107,0.408331036567688,0.786536693572998,14.31937313079834,4.300197124481201,0.21375323832035065,10.21682071685791,19.674171447753906,37,25,30,0,
2025-12-30 09:57:42.806000,FinePointe Series WBP [SN 10499C]  Site 1 Bias Flow is out of range.,,,,,,,,,,,,,,,,,,,,,,,,,
2025-12-30 09:57:44.806000,4d,Toxicity,Original,,79.25502014160156,2.441206932067871,193.41026306152344,0.7631174325942993,0.7835614681243896,0.5173055529594421,11.153897285461426,9.610898971557617,9.282915115356445,0.4035692811012268,0.35359591245651245,0.6710977554321289,11.006452560424805,0,0.20642587542533875,8.676137924194336,19.36794662475586,37,25,30,0,
2025-12-30 09:57:46.806000,4d,Toxicity,Original,,75.50776672363281,2.3160603046417236,174.98890686035156,0.8728575706481934,0.8257180452346802,0.3430961072444916,11.153897285461426,10.08747673034668,9.367281913757324,0.4305233955383301,0.3661876916885376,0.7511959075927734,15.848997116088867,0,0.2115948647260666,12.899758338928223,16.434127807617188,37,25,30,0,
2025-12-30 09:57:48.806000,4d,Toxicity,Original,,81.787109375,2.45672869682312,200.93423461914062,0.7238326072692871,0.8374610543251038,0.5399381518363953,11.153897285461426,11.280916213989258,9.547204971313477,0.3782213628292084,0.3553982377052307,0.704150915145874,10.632590293884277,0,0.20050004124641418,11.21377944946289,17.48468017578125,37,25,30,0,
2025-12-30 09:57:50.806000,4d,Toxicity,Original,,76.55914306640625,2.255807876586914,173.47030639648438,0.7511997818946838,0.8164724111557007,0.45945507287979126,11.153897285461426,11.279489517211914,9.902620315551758,0.36430925130844116,0.42405563592910767,0.7809613943099976,14.569337844848633,0,0.24404391646385193,9.777939796447754,16.269256591796875,37,25,30,0,
2025-12-30 09:57:50.806000,FinePointe Series WBP [SN 139781]  Site 4 Bias Flow is out of range.,,,,,,,,,,,,,,,,,,,,,,,,,
2025-12-30 09:57:52.806000,4d,Toxicity,Original,,67.55934143066406,2.5330967903137207,171.67648315429688,1.3395107984542847,1.3817930221557617,0.45164191722869873,11.153897285461426,9.272916793823242,8.414529800415039,0.4485415816307068,0.44450974464416504,0.6934978365898132,12.188247680664062,70.4291763305664,0.19639627635478973,7.977849960327148,20.842830657958984,37,25,30,0,
2025-12-30 09:57:52.806000,FinePointe Series WBP [SN 10499C]  Site 1 Bias Flow is out of range.,,,,,,,,,,,,,,,,,,,,,,,,,
2025-12-30 09:57:54.806000,4d,Toxicity,Original,,85.45939636230469,2.0677642822265625,176.7098846435547,0.8618149757385254,0.8321129083633423,0.7246984243392944,11.153897285461426,13.570585250854492,12.996077537536621,0.3377983272075653,0.36428946256637573,0.8683534264564514,6.555646896362305,0,0.20124024152755737,7.567922592163086,11.476770401000977,37,25,30,0,
2025-12-30 09:58:02.806000,4d,Toxicity,Original,,59.867679595947266,3.208552360534668,191.84561157226562,0.7825950384140015,0.7650106549263,0.6895775198936462,11.153897285461426,11.591334342956543,12.736959457397461,0.49997657537460327,0.5024031400680542,0.6538116335868835,18.077104568481445,26.729747772216797,0.2945581078529358,12.001893997192383,9.80447769165039,37,25,30,93.33333587646484,
2025-12-30 09:58:02.806000,FinePointe Series WBP [SN 10499C]  Site 1 Bias Flow is out of range.,,,,,,,,,,,,,,,,,,,,,,,,,
2025-12-30 09:58:02.806000,FinePointe Series WBP [SN 139781]  Site 4 Bias Flow is out of range.,,,,,,,,,,,,,,,,,,,,,,,,,
2025-12-30 09:58:06.806000,4d,Toxicity,Original,,60.590309143066406,2.420029640197754,146.74258422851562,0.7383014559745789,0.7715075612068176,0.6829864978790283,11.153897285461426,8.756839752197266,8.89512825012207,0.48068249225616455,0.5097556114196777,0.7093831300735474,15.501279830932617,0,0.3035508990287781,10.697961807250977,14.922941207885742,37,25,30,50,
2025-12-30 09:58:08.806000,4d,Toxicity,Original,,63.854461669921875,2.7457520961761475,175.26646423339844,0.5603375434875488,0.7117366790771484,0.6427431106567383,11.153897285461426,9.4967679977417,7.90669059753418,0.4701547920703888,0.4695936441421509,0.6282097101211548,19.57061004638672,0,0.2933945059776306,12.010461807250977,15.899393081665039,37,25,30,0,
2025-12-30 09:58:10.806000,4d,Toxicity,Original,,59.45232391357422,3.2580313682556152,193.69717407226562,0.545527458190918,0.8754405975341797,0.5485476851463318,11.153897285461426,10.945481300354004,6.903307914733887,0.518600583076477,0.4906746447086334,0.5739088654518127,17.7178955078125,0,0.2756139636039734,10.077981948852539,15.374255180358887,37,25,30,0,
2025-12-30 09:58:12.806000,4d,Toxicity,Original,,63.10327911376953,2.731055736541748,173.21615600585938,0.5483103394508362,0.7002696394920349,0.6542906761169434,11.153897285461426,9.724288940429688,7.239611625671387,0.4735009968280792,0.4821860194206238,0.5925755500793457,24.414827346801758,0,0.2996706962585449,11.505338668823242,15.759471893310547,37,25,30,0,
2025-12-30 09:58:12.806000,FinePointe Series WBP [SN 10499C]  Site 1 Bias Flow is out of range.,,,,,,,,,,,,,,,,,,,,,,,,,
2025-12-30 09:58:14.806000,4d,Toxicity,Original,,61.3620491027832,2.7445409297943115,168.3719482421875,0.6978902220726013,0.8395470380783081,0.5142354965209961,11.153897285461426,9.645040512084961,8.924126625061035,0.4787573218345642,0.4993833899497986,0.7879151105880737,17.088342666625977,0,0.2883240580558777,10.852973937988281,14.511530876159668,37,25,30,0,
2025-12-30 09:58:14.806000,FinePointe Series WBP [SN 139781]  Site 4 Bias Flow is out of range.,,,,,,,,,,,,,,,,,,,,,,,,,
2025-12-30 09:58:16.806000,4d,Toxicity,Original,,62.463340759277344,2.6433026790618896,165.19407653808594,0.925665557384491,0.8022178411483765,0.5790402293205261,11.153897285461426,10.625011444091797,10.470026969909668,0.456411212682724,0.5059363842010498,0.8008993864059448,16.49017333984375,25.435985565185547,0.2902039885520935,11.075931549072266,15.885797500610352,37,25,30,0,
2025-12-30 09:58:18.806000,4d,Toxicity,Original,,62.67731475830078,2.8539910316467285,178.56655883789062,0.6252893209457397,0.7574876546859741,0.5841110348701477,11.153897285461426,10.648881912231445,8.053010940551758,0.5263075828552246,0.4320192337036133,0.44508230686187744,31.161149978637695,0,0.3062540292739868,9.198715209960938,13.41452407836914,37,25,30,0,
2025-12-30 09:58:20.806000,4d,Toxicity,Original,,65.62677764892578,2.8126187324523926,184.5528564453125,0.5750652551651001,0.7443902492523193,0.6786912679672241,11.153897285461426,11.170257568359375,8.114039421081543,0.4719674587249756,0.4424245357513428,0.5287094712257385,15.174036026000977,0,0.26771023869514465,11.94687557220459,14.49924373626709,37,25,30,0,
2025-12-30 09:58:22.806000,4d,Toxicity,Original,,63.591121673583984,2.7595107555389404,176.2969970703125,0.5677530169487,0.7842736840248108,0.6121388673782349,11.153897285461426,12.386361122131348,9.029358863830566,0.4537564814090729,0.49225229024887085,0.6786259412765503,16.27328109741211,0,0.2838543951511383,11.111210823059082,13.761773109436035,37,25,30,0,
2025-12-30 09:58:22.806000,FinePointe Series WBP [SN 10499C]  Site 1 Bias Flow is out of range.,,,,,,,,,,,,,,,,,,,,,,,,,
2025-12-30 09:58:22.806000,FinePointe Series WBP [SN 139781]  Site 4 Bias Flow is out of range.,,,,,,,,,,,,,,,,,,,,,,,,,
2025-12-30 09:58:24.806000,4d,Toxicity,Original,,58.82168197631836,2.9353342056274414,172.6613006591797,1.0850681066513062,1.6546143293380737,0.6681996583938599,11.153897285461426,15.56899356842041,8.58322811126709,0.48426398634910583,0.5357680320739746,0.6531291604042053,6.122482776641846,105.30673217773438,0.2142637073993683,10.21090316772461,14.542182922363281,37,25,30,0,
2025-12-30 09:58:26.806000,4d,Toxicity,Original,,81.64579772949219,7.12213134765625,502.9339294433594,1.4564403295516968,1.5030889511108398,0.14641055464744568,11.153897285461426,76.07820892333984,37.30658721923828,0.27171429991722107,0.5477826595306396,2.292487382888794,45.93083572387695,75.83648681640625,0.2342613935470581,6.961240768432617,35.43797302246094,37,25,30,50,
2025-12-30 09:58:28.806000,4d,Toxicity,Original,,65.78974914550781,3.4250738620758057,225.33474731445312,0.8011252284049988,0.7867405414581299,0.3873172998428345,11.153897285461426,13.687921524047852,12.210490226745605,0.42660605907440186,0.4853901267051697,0.30878305435180664,61.745811462402344,282.0826110839844,0.2829194664955139,10.35786247253418,9.692678451538086,37,25,30,66.66666412353516,
2025-12-30 09:58:28.806000,FinePointe Series WBP [SN 10499C]  Site 1 Bias Flow is out of range.,,,,,,,,,,,,,,,,,,,,,,,,,
2025-12-30 09:58:32.806000,4d,Toxicity,Original,,67.56239318847656,2.6590442657470703,178.08531188964844,0.6326066255569458,0.7803364992141724,0.45962682366371155,11.153897285461426,18.370237350463867,15.291735649108887,0.39131486415863037,0.5054224729537964,1.1837348937988281,106.36466979980469,25.452077865600586,0.2883087992668152,12.087366104125977,14.059510231018066,37,25,30,60,
2025-12-30 09:58:38.806000,4d,Toxicity,Original,,68.68083190917969,2.805875062942505,192.71104431152344,0.5372509956359863,0.3998993933200836,0.5395289063453674,11.153897285461426,10.069225311279297,13.850431442260742,0.45255446434020996,0.42159342765808105,0.6796882748603821,17.923683166503906,0,0.3147226572036743,2.778209686279297,8.115087509155273,37,25,30,88.23529052734375,
2025-12-30 09:58:38.806000,FinePointe Series WBP [SN 10499C]  Site 1 Bias Flow is out of range.,,,,,,,,,,,,,,,,,,,,,,,,,
2025-12-30 09:58:46.806000,4d,Toxicity,Original,,398.1012268066406,0.35831135511398315,142.64418029785156,0.7070565819740295,0.5125584006309509,0.7464886903762817,11.153897285461426,8.852842330932617,12.447345733642578,0.09177280962467194,0.05894262343645096,1.0336356163024902,3.676839590072632,0,0.039388008415699005,15.16026496887207,12.055774688720703,37,25,30,95,
2025-12-30 09:58:46.806000,FinePointe Series WBP [SN 10499C]  Site 1 Bias Flow is out of range.,,,,,,,,,,,,,,,,,,,,,,,,,
2025-12-30 09:58:54.806000,4d,Toxicity,Original,,68.1618881225586,2.650989294052124,180.69644165039062,0.5991619229316711,0.7113285660743713,0.8159387111663818,11.153897285461426,10.715715408325195,9.001086235046387,0.4390477240085602,0.441209614276886,0.47583624720573425,12.984914779663086,0,0.26325321197509766,8.716852188110352,8.556598663330078,37,25,30,95.83333587646484,
2025-12-30 09:58:56.806000,4d,Toxicity,Original,,69.68384552001953,2.2949557304382324,160.6699676513672,0.8214489817619324,0.8668558597564697,0.6354773044586182,11.153897285461426,12.216081619262695,10.779040336608887,0.3445238769054413,0.5239609479904175,0.9147434234619141,16.37578582763672,100.72293853759766,0.29241853952407837,5.73834753036499,9.531595230102539,37,25,30,0,
2025-12-30 09:59:00.806000,4d,Toxicity,Original,,69.97334289550781,2.4582936763763428,172.61441040039062,0.5564917325973511,0.7703579068183899,0.6298437118530273,11.153897285461426,11.421854019165039,8.787250518798828,0.40077632665634155,0.4580390453338623,0.730006992816925,24.759201049804688,0,0.2701179087162018,14.425708770751953,14.091133117675781,37,25,30,80,
2025-12-30 09:59:00.806000,FinePointe Series WBP [SN 139781]  Site 4 Bias Flow is out of range.,,,,,,,,,,,,,,,,,,,,,,,,,
2025-12-30 09:59:02.806000,4d,Toxicity,Original,,71.18456268310547,2.8450493812561035,202.2393035888672,0.5884705781936646,0.8387768268585205,0.5921568274497986,11.153897285461426,11.255999565124512,7.4838480949401855,0.4281609356403351,0.4159723222255707,0.5603458881378174,15.977275848388672,0,0.23374707996845245,9.681665420532227,17.960241317749023,37,25,30,0,
2025-12-30 09:59:02.806000,FinePointe Series WBP [SN 10499C]  Site 1 Bias Flow is out of range.,,,,,,,,,,,,,,,,,,,,,,,,,
2025-12-30 09:59:04.806000,4d,Toxicity,Original,,76.91329193115234,2.49141788482666,190.1278533935547,0.6994888782501221,0.6598365902900696,0.771240234375,11.153897285461426,12.070793151855469,13.59405517578125,0.39022690057754517,0.39954644441604614,0.6061208248138428,17.802961349487305,0,0.2444840520620346,9.218376159667969,11.758190155029297,37,25,30,0,
2025-12-30 09:59:06.806000,4d,Toxicity,Original,,91.2875747680664,2.1714210510253906,198.2237548828125,0.546491801738739,0.4371381402015686,0.7548646330833435,11.153897285461426,12.880398750305176,18.089065551757812,0.3181299567222595,0.3391336500644684,1.0131558179855347,37.488006591796875,54.11032485961914,0.24099110066890717,16.00310516357422,5.1896538734436035,37,25,30,87.5,
2025-12-30 09:59:08.806000,4d,Toxicity,Original,,71.66201782226562,2.6622509956359863,190.53286743164062,0.6659719347953796,0.7743371725082397,0.4642226994037628,11.153897285461426,9.832686424255371,8.258575439453125,0.4076523780822754,0.4306500256061554,0.6887363791465759,12.811650276184082,0,0.2516358196735382,8.635372161865234,12.82018756866455,37,25,30,75,
2025-12-30 09:59:10.806000,4d,Toxicity,Original,,71.90328979492188,2.505373477935791,180.22061157226562,0.832565426826477,0.9158707857131958,0.5516325235366821,11.153897285461426,9.138270378112793,8.175434112548828,0.40452438592910767,0.43021416664123535,0.6988742351531982,10.581295013427734,0,0.23165461421012878,8.690543174743652,16.503002166748047,37,25,30,0,
2025-12-30 09:59:10.806000,FinePointe Series WBP [SN 139781]  Site 4 Bias Flow is out of range.,,,,,,,,,,,,,,,,,,,,,,,,,
2025-12-30 09:59:12.806000,4d,Toxicity,Original,,74.21975708007812,2.4964911937713623,185.23251342773438,0.6585808396339417,0.7922018766403198,0.4445675015449524,11.153897285461426,10.780176162719727,8.361769676208496,0.40067213773727417,0.40878427028656006,0.6411378979682922,16.527015686035156,0,0.23879790306091309,12.09360122680664,15.491620063781738,37,25,30,0,
2025-12-30 09:59:12.806000,FinePointe Series WBP [SN 10499C]  Site 1 Bias Flow is out of range.,,,,,,,,,,,,,,,,,,,,,,,,,
2025-12-30 09:59:14.806000,4d,Toxicity,Original,,75.26170349121094,2.534773111343384,190.78610229492188,0.7947232127189636,0.8769093751907349,0.5746097564697266,11.153897285461426,9.890380859375,8.860151290893555,0.3966534733772278,0.4005775451660156,0.6877410411834717,12.042808532714844,5.399415969848633,0.22091682255268097,9.627264022827148,15.990278244018555,37,25,30,0,
2025-12-30 09:59:16.806000,4d,Toxicity,Original,,76.37532806396484,2.335819721221924,178.0272674560547,0.6873144507408142,0.8232293725013733,0.6138961911201477,11.153897285461426,11.15802001953125,10.048603057861328,0.3912263512611389,0.39626261591911316,0.6861414313316345,8.889548301696777,2.2392592430114746,0.2322646677494049,12.80156135559082,14.773442268371582,37,25,30,0,
2025-12-30 09:59:18.806000,4d,Toxicity,Original,,71.80073547363281,2.3494813442230225,168.69448852539062,1.1362167596817017,1.2397657632827759,0.33051303029060364,11.153897285461426,10.078237533569336,9.310261726379395,0.3818061351776123,0.45383986830711365,0.5861016511917114,11.048137664794922,41.907493591308594,0.21176207065582275,12.986733436584473,20.029098510742188,37,25,30,0,
2025-12-30 09:59:20.806000,4d,Toxicity,Original,,72.3521499633789,2.6834003925323486,194.11846923828125,0.5272133350372314,0.8208713531494141,0.7829967737197876,11.153897285461426,13.614249229431152,9.666223526000977,0.3700104355812073,0.45933717489242554,0.7453503608703613,15.005151748657227,13.918011665344238,0.26778197288513184,12.189730644226074,14.729413986206055,37,25,30,66.66666412353516,
2025-12-30 09:59:20.806000,FinePointe Series WBP [SN 10499C]  Site 3 Bias Flow is out of range.,,,,,,,,,,,,,,,,,,,,,,,,,
2025-12-30 09:59:22.806000,4d,Toxicity,Original,,68.33207702636719,2.604179859161377,178.12216186523438,1.1495925188064575,0.8658707141876221,0.729477047920227,11.153897285461426,12.130414962768555,12.409995079040527,0.4196709990501404,0.45888757705688477,0.6362301111221313,6.021646976470947,38.50465774536133,0.24867020547389984,6.800894737243652,10.649890899658203,37,25,30,0,
2025-12-30 09:59:22.806000,FinePointe Series WBP [SN 139781]  Site 4 Bias Flow is out of range.,,,,,,,,,,,,,,,,,,,,,,,,,
2025-12-30 09:59:22.806000,FinePointe Series WBP [SN 10499C]  Site 1 Bias Flow is out of range.,,,,,,,,,,,,,,,,,,,,,,,,,
2025-12-30 09:59:24.806000,4d,Toxicity,Original,,76.94490051269531,2.326571226119995,178.39495849609375,0.764680802822113,0.7860588431358337,0.4412056505680084,11.153897285461426,10.228826522827148,9.372686386108398,0.37709200382232666,0.40515533089637756,0.7540382146835327,10.997086524963379,0,0.23641648888587952,9.265427589416504,13.80044174194336,37,25,30,0,
2025-12-30 09:59:26.806000,4d,Toxicity,Original,,74.2014389038086,2.4719862937927246,183.34771728515625,0.7819703817367554,0.9052281379699707,0.37211790680885315,11.153897285461426,10.611528396606445,8.96957778930664,0.3950980305671692,0.41618043184280396,0.5754233598709106,12.082595825195312,0,0.22303420305252075,8.444866180419922,19.647594451904297,37,25,30,0,
2025-12-30 09:59:30.806000,4d,Toxicity,Original,,83.33511352539062,2.6244070529937744,218.70526123046875,0.5141618251800537,0.62022864818573,0.7296303510665894,11.153897285461426,11.78378677368164,9.800588607788086,0.3499341905117035,0.3700504004955292,0.6583012342453003,13.428991317749023,0,0.23553280532360077,10.41335391998291,17.962553024291992,37,25,30,90.90908813476562,
2025-12-30 09:59:32.806000,4d,Toxicity,Original,,79.22996520996094,2.403024673461914,190.14181518554688,0.5402713418006897,0.738994836807251,0.55833500623703,11.153897285461426,12.545493125915527,9.417257308959961,0.3753458261489868,0.3833109140396118,0.7609277367591858,9.561339378356934,0,0.22631941735744476,10.820090293884277,17.10870361328125,37,25,30,25,
2025-12-30 09:59:32.806000,FinePointe Series WBP [SN 139781]  Site 4 Bias Flow is out of range.,,,,,,,,,,,,,,,,,,,,,,,,,
2025-12-30 09:59:32.806000,FinePointe Series WBP [SN 10499C]  Site 1 Bias Flow is out of range.,,,,,,,,,,,,,,,,,,,,,,,,,
2025-12-30 09:59:34.806000,4d,Toxicity,Original,,73.33818054199219,2.3758420944213867,174.12460327148438,0.654083788394928,0.7896132469177246,0.6254031658172607,11.153897285461426,10.201778411865234,9.341711044311523,0.39762887358665466,0.4205641746520996,0.7589435577392578,17.02928924560547,0,0.243581622838974,11.282114028930664,14.794647216796875,37,25,30,0,
2025-12-30 09:59:36.806000,4d,Toxicity,Original,,74.1472396850586,2.1334047317504883,158.18606567382812,0.5914045572280884,0.7877511978149414,0.5470618605613708,11.153897285461426,11.98001766204834,8.804888725280762,0.36683759093284607,0.4423631429672241,0.7883340120315552,20.443227767944336,0,0.2519432008266449,9.117498397827148,14.704176902770996,37,25,30,75,
2025-12-30 09:59:36.806000,FinePointe Series WBP [SN 10499C]  Site 3 Bias Flow is out of range.,,,,,,,,,,,,,,,,,,,,,,,,,
2025-12-30 09:59:38.806000,4d,Toxicity,Original,,75.71397399902344,2.4338302612304688,184.2714080810547,0.7702804803848267,0.8401716947555542,0.45516395568847656,11.153897285461426,9.514081001281738,8.523725509643555,0.4068354666233063,0.38562071323394775,0.6950191259384155,14.886337280273438,0,0.22403012216091156,10.111942291259766,16.469383239746094,37,25,30,0,
2025-12-30 09:59:40.806000,4d,Toxicity,Original,,77.91484069824219,2.268573045730591,176.8486328125,0.7482145428657532,0.8391878604888916,0.4789087772369385,11.153897285461426,9.521117210388184,8.403965950012207,0.39530250430107117,0.3757972717285156,0.7299836874008179,14.175593376159668,0,0.21412193775177002,11.939541816711426,17.174654006958008,37,25,30,0,
2025-12-30 09:59:42.806000,4d,Toxicity,Original,,78.98539733886719,2.201364517211914,173.8543701171875,0.7391119003295898,0.7856776714324951,0.5240063667297363,11.153897285461426,9.895862579345703,8.826324462890625,0.40333127975463867,0.356407105922699,0.740321695804596,15.390089988708496,0,0.2152463048696518,13.478935241699219,14.889158248901367,37,25,30,0,
2025-12-30 09:59:42.806000,FinePointe Series WBP [SN 139781]  Site 4 Bias Flow is out of range.,,,,,,,,,,,,,,,,,,,,,,,,,
2025-12-30 09:59:42.806000,FinePointe Series WBP [SN 10499C]  Site 1 Bias Flow is out of range.,,,,,,,,,,,,,,,,,,,,,,,,,
2025-12-30 09:59:44.806000,4d,Toxicity,Original,,77.4109878540039,2.327332019805908,180.0880889892578,0.804047703742981,0.8140473365783691,0.5319778323173523,11.153897285461426,9.886375427246094,9.068717002868652,0.4086446166038513,0.36654093861579895,0.72381192445755,13.446028709411621,0,0.20939671993255615,11.567602157592773,17.333786010742188,37,25,30,0,
2025-12-30 09:59:46.806000,4d,Toxicity,Original,,79.52454376220703,2.434471845626831,193.31707763671875,0.6743217706680298,0.7705576419830322,0.5413682460784912,11.153897285461426,10.455406188964844,9.176040649414062,0.3731462061405182,0.382114976644516,0.7563737034797668,16.75556182861328,0,0.22440242767333984,13.169636726379395,15.004401206970215,37,25,30,0,
2025-12-30 09:59:48.806000,4d,Toxicity,Original,,79.35570526123047,2.3506431579589844,186.52365112304688,0.8574589490890503,0.8721287846565247,0.5169664621353149,11.153897285461426,10.097537994384766,9.782561302185059,0.3968299627304077,0.35952770709991455,0.7287511825561523,10.453384399414062,0,0.20156461000442505,11.21776008605957,16.624832153320312,37,25,30,0,
2025-12-30 09:59:48.806000,FinePointe Series WBP [SN 10499C]  Site 3 Bias Flow is out of range.,,,,,,,,,,,,,,,,,,,,,,,,,
2025-12-30 09:59:50.806000,4d,Toxicity,Original,,76.5313949584961,2.4086339473724365,184.35006713867188,0.5642383098602295,0.7463471293449402,0.6636601090431213,11.153897285461426,10.517244338989258,8.546416282653809,0.3898049592971802,0.3947199583053589,0.64005446434021,13.247838973999023,0,0.2398524135351181,12.89348316192627,16.17657470703125,37,25,30,0,
2025-12-30 09:59:52.806000,4d,Toxicity,Original,,77.2507553100586,2.3834166526794434,184.2818145751953,0.7731337547302246,0.7903450727462769,0.6222037076950073,11.153897285461426,9.667564392089844,9.045080184936523,0.4181177318096161,0.35918354988098145,0.7416883707046509,10.185463905334473,0,0.21081896126270294,9.16335678100586,14.883516311645508,37,25,30,0,
2025-12-30 09:59:52.806000,FinePointe Series WBP [SN 139781]  Site 4 Bias Flow is out of range.,,,,,,,,,,,,,,,,,,,,,,,,,
2025-12-30 09:59:52.806000,FinePointe Series WBP [SN 10499C]  Site 1 Bias Flow is out of range.,,,,,,,,,,,,,,,,,,,,,,,,,
2025-12-30 09:59:54.806000,4d,Toxicity,Original,,78.12496185302734,2.2827553749084473,178.4886016845703,0.7744150161743164,0.7935071587562561,0.45736661553382874,11.153897285461426,9.894697189331055,8.939427375793457,0.3961678743362427,0.37342751026153564,0.669221043586731,14.424972534179688,0,0.21781496703624725,11.62777042388916,14.57774829864502,37,25,30,0,
2025-12-30 09:59:56.806000,4d,Toxicity,Original,,78.31848907470703,2.445958137512207,191.4640350341797,0.6644846200942993,0.747700035572052,0.6418241262435913,11.153897285461426,9.730765342712402,9.018754959106445,0.3866325318813324,0.37996408343315125,0.6718066334724426,11.359615325927734,0,0.22562836110591888,8.325669288635254,13.463385581970215,37,25,30,0,
2025-12-30 09:59:58.806000,4d,Toxicity,Original,,79.42164611816406,2.368563652038574,188.11544799804688,0.6440118551254272,0.71012282371521,0.7354404926300049,11.153897285461426,10.40125846862793,9.17276668548584,0.38961756229400635,0.3658439517021179,0.5652916431427002,13.689884185791016,0,0.2254655361175537,11.272441864013672,14.032910346984863,37,25,30,0,
2025-12-30 09:59:58.806000,FinePointe Series WBP [SN 10499C]  Site 3 Bias Flow is out of range.,,,,,,,,,,,,,,,,,,,,,,,,,
2025-12-30 10:00:00.806000,4d,Toxicity,Original,,72.52825164794922,2.3846001625061035,172.75711059570312,0.9742966890335083,1.0839262008666992,0.4150715470314026,11.153897285461426,10.56032657623291,8.207298278808594,0.3875284194946289,0.4407399892807007,0.7109957337379456,11.762250900268555,9.858429908752441,0.22207896411418915,9.345508575439453,18.462926864624023,37,25,30,0,
2025-12-30 10:00:02.806000,4d,Toxicity,Original,,74.74510192871094,2.482020854949951,185.1701202392578,0.6484022736549377,0.7658441066741943,0.6109436750411987,11.153897285461426,9.15017318725586,8.033169746398926,0.4053165316581726,0.3979666233062744,0.5764681696891785,16.67290687561035,6.912760257720947,0.23756618797779083,11.262571334838867,16.911937713623047,37,25,30,0,
2025-12-30 10:00:02.806000,FinePointe Series WBP [SN 139781]  Site 4 Bias Flow is out of range.,,,,,,,,,,,,,,,,,,,,,,,,,
2025-12-30 10:00:02.806000,FinePointe Series WBP [SN 10499C]  Site 1 Bias Flow is out of range.,,,,,,,,,,,,,,,,,,,,,,,,,
2025-12-30 10:00:04.806000,4d,Toxicity,Original,,74.91963195800781,2.4241013526916504,181.0687255859375,0.6723054051399231,0.7801868319511414,0.6744083166122437,11.153897285461426,9.981285095214844,8.308847427368164,0.4071069657802582,0.3957752287387848,0.6689534187316895,13.154126167297363,0,0.2323942631483078,11.199588775634766,13.417820930480957,37,25,30,0,
2025-12-30 10:00:06.806000,4d,Toxicity,Original,,79.0350570678711,2.281076669692993,179.97218322753906,0.7222350835800171,0.8703895807266235,0.48416203260421753,11.153897285461426,10.128467559814453,8.897067070007324,0.3712860941886902,0.3894907832145691,0.774941623210907,10.788795471191406,0,0.21514767408370972,10.00656795501709,19.95478057861328,37,25,30,0,
2025-12-30 10:00:08.806000,4d,Toxicity,Original,,75.58271026611328,2.3257927894592285,176.03663635253906,0.7621588706970215,0.864281177520752,0.461987167596817,11.153897285461426,9.392853736877441,8.695314407348633,0.39449748396873474,0.3997168242931366,0.7459869384765625,15.423478126525879,0,0.22477038204669952,13.363407135009766,15.925646781921387,37,25,30,0,
2025-12-30 10:00:08.806000,FinePointe Series WBP [SN 10499C]  Site 3 Bias Flow is out of range.,,,,,,,,,,,,,,,,,,,,,,,,,
2025-12-30 10:00:10.806000,4d,Toxicity,Original,,80.18601989746094,2.3636624813079834,189.236572265625,0.6710056066513062,0.7349172830581665,0.5506427884101868,11.153897285461426,10.40841007232666,8.690471649169922,0.3808159828186035,0.36936646699905396,0.7457239627838135,13.058130264282227,0,0.2241208404302597,12.215860366821289,13.870407104492188,37,25,30,0,
2025-12-30 10:00:12.806000,4d,Toxicity,Original,,77.74214935302734,2.2714223861694336,176.00741577148438,0.7737157940864563,0.8843734264373779,0.5873907208442688,11.153897285461426,9.496919631958008,8.676513671875,0.36942246556282043,0.4047614336013794,0.6697512865066528,12.442660331726074,30.4906063079834,0.2252117395401001,10.647659301757812,14.64707088470459,37,25,30,0,
2025-12-30 10:00:12.806000,FinePointe Series WBP [SN 139781]  Site 4 Bias Flow is out of range.,,,,,,,,,,,,,,,,,,,,,,,,,
2025-12-30 10:00:12.806000,FinePointe Series WBP [SN 10499C]  Site 1 Bias Flow is out of range.,,,,,,,,,,,,,,,,,,,,,,,,,
2025-12-30 10:00:14.806000,4d,Toxicity,Original,,80.14320373535156,2.334951400756836,187.00535583496094,0.6632956266403198,0.7804798483848572,0.6288384795188904,11.153897285461426,9.979328155517578,8.994823455810547,0.38073620200157166,0.36866727471351624,0.7409200668334961,11.799461364746094,0,0.21629613637924194,10.862874984741211,15.906243324279785,37,25,30,0,
2025-12-30 10:00:16.806000,4d,Toxicity,Original,,77.82716369628906,2.330472946166992,180.82315063476562,0.6075507998466492,0.75588059425354,0.7330136895179749,11.153897285461426,10.128738403320312,8.44599437713623,0.39453771710395813,0.37767788767814636,0.6543611884117126,13.482175827026367,0,0.22633101046085358,13.363916397094727,14.923025131225586,37,25,30,0,
2025-12-30 10:00:16.806000,FinePointe Series WBP [SN 10499C]  Site 3 Bias Flow is out of range.,,,,,,,,,,,,,,,,,,,,,,,,,
2025-12-30 10:00:18.806000,4d,Toxicity,Original,,77.46330261230469,2.269770383834839,176.1126708984375,0.7697423100471497,0.7780028581619263,0.6934859156608582,11.153897285461426,8.986320495605469,8.424421310424805,0.39881792664527893,0.37642768025398254,0.6726911067962646,11.03560733795166,0,0.2208089977502823,10.40240478515625,13.86977767944336,37,25,30,0,
2025-12-30 10:00:20.806000,4d,Toxicity,Original,,76.80230712890625,2.426382541656494,186.36358642578125,0.7582916021347046,0.7736639380455017,0.6247214078903198,11.153897285461426,10.411497116088867,8.518263816833496,0.41576603055000305,0.36546534299850464,0.7053566575050354,11.585280418395996,0,0.2207575887441635,8.157112121582031,10.536866188049316,37,25,30,0,
2025-12-30 10:00:22.806000,4d,Toxicity,Original,,78.69617462158203,2.400242328643799,188.7287139892578,0.6452550888061523,0.7487117052078247,0.6203656196594238,11.153897285461426,9.637470245361328,9.071516036987305,0.3969113230705261,0.36582398414611816,0.7573837041854858,12.586132049560547,0,0.21855272352695465,10.077356338500977,14.559142112731934,37,25,30,0,
2025-12-30 10:00:22.806000,FinePointe Series WBP [SN 139781]  Site 4 Bias Flow is out of range.,,,,,,,,,,,,,,,,,,,,,,,,,
2025-12-30 10:00:22.806000,FinePointe Series WBP [SN 10499C]  Site 1 Bias Flow is out of range.,,,,,,,,,,,,,,,,,,,,,,,,,
2025-12-30 10:00:24.806000,4d,Toxicity,Original,,78.75020599365234,2.3241591453552246,183.15155029296875,0.5868027210235596,0.7091900706291199,0.5319593548774719,11.153897285461426,10.044520378112793,8.318138122558594,0.39773526787757874,0.36572861671447754,0.6722403168678284,14.919557571411133,0,0.22743730247020721,13.285595893859863,13.673855781555176,37,25,30,0,
2025-12-30 10:00:26.806000,4d,Toxicity,Original,,77.19248962402344,2.3820018768310547,183.6771697998047,0.639621376991272,0.76093590259552,0.7063612937927246,11.153897285461426,10.674251556396484,9.195478439331055,0.40619584918022156,0.3712577223777771,0.7417861223220825,10.419068336486816,0,0.21971163153648376,10.526265144348145,17.538951873779297,37,25,30,0,
2025-12-30 10:00:26.806000,FinePointe Series WBP [SN 10499C]  Site 3 Bias Flow is out of range.,,,,,,,,,,,,,,,,,,,,,,,,,
2025-12-30 10:00:28.806000,4d,Toxicity,Original,,76.8493423461914,2.4428882598876953,187.6451873779297,0.6734047532081604,0.775977611541748,0.5698816776275635,11.153897285461426,9.937098503112793,9.055859565734863,0.40699145197868347,0.374582439661026,0.7711270451545715,15.57236385345459,2.0111091136932373,0.22516867518424988,13.248434066772461,14.52075481414795,37,25,30,0,
2025-12-30 10:00:30.806000,4d,Toxicity,Original,,79.43885040283203,2.3272223472595215,184.86392211914062,0.6103216409683228,0.804928183555603,0.5920976996421814,11.153897285461426,9.958856582641602,7.80478572845459,0.38418594002723694,0.371478408575058,0.651094913482666,11.417720794677734,0,0.2150401771068573,10.803089141845703,13.208612442016602,37,25,30,0,
2025-12-30 10:00:32.806000,4d,Toxicity,Original,,80.58248138427734,2.292050838470459,184.8129425048828,0.6879083514213562,0.7199175953865051,0.5569655299186707,11.153897285461426,9.427947044372559,9.048004150390625,0.3777276277542114,0.3680140972137451,0.7978959679603577,14.891816139221191,0,0.22453437745571136,12.90054988861084,13.864288330078125,37,25,30,0,
2025-12-30 10:00:32.806000,FinePointe Series WBP [SN 139781]  Site 4 Bias Flow is out of range.,,,,,,,,,,,,,,,,,,,,,,,,,
2025-12-30 10:00:32.806000,FinePointe Series WBP [SN 10499C]  Site 1 Bias Flow is out of range.,,,,,,,,,,,,,,,,,,,,,,,,,
2025-12-30 10:00:34.806000,4d,Toxicity,Original,,77.40166473388672,2.354851722717285,182.05943298339844,0.6871722936630249,0.8640923500061035,0.6125141382217407,11.153897285461426,10.964083671569824,8.612122535705566,0.38910436630249023,0.38893160223960876,0.6713410019874573,11.634547233581543,0,0.2185789793729782,12.804445266723633,15.775714874267578,37,25,30,0,
2025-12-30 10:00:36.806000,4d,Toxicity,Original,,77.32205963134766,2.5191268920898438,194.87051391601562,0.7209977507591248,0.9017508029937744,0.5577868223190308,11.153897285461426,10.259078025817871,8.649242401123047,0.39422982931137085,0.3818475008010864,0.728224515914917,12.865409851074219,17.533653259277344,0.20869532227516174,11.259038925170898,16.716501235961914,37,25,30,0,
2025-12-30 10:00:36.806000,FinePointe Series WBP [SN 10499C]  Site 3 Bias Flow is out of range.,,,,,,,,,,,,,,,,,,,,,,,,,
2025-12-30 10:00:38.806000,4d,Toxicity,Original,,79.58927154541016,2.2357020378112793,178.1278076171875,0.6824207305908203,0.7929516434669495,0.5807814598083496,11.153897285461426,9.628304481506348,8.36913776397705,0.3809341490268707,0.37362146377563477,0.7348383665084839,14.139764785766602,0,0.21780240535736084,13.2548828125,14.592293739318848,37,25,30,0,
2025-12-30 10:00:40.806000,4d,Toxicity,Original,,78.16095733642578,2.231689453125,173.68739318847656,0.7319508194923401,0.8080100417137146,0.5011079907417297,11.153897285461426,9.41356086730957,8.954769134521484,0.39399081468582153,0.3756052851676941,0.7941100597381592,15.702812194824219,0,0.2176842838525772,14.786420822143555,14.961669921875,37,25,30,0,
2025-12-30 10:00:42.806000,4d,Toxicity,Original,,80.52640533447266,2.3601090908050537,190.14837646484375,0.696677565574646,0.7301629781723022,0.7062065601348877,11.153897285461426,9.025247573852539,8.862207412719727,0.40513086318969727,0.3403432369232178,0.7323687672615051,14.369241714477539,0,0.2077828347682953,11.875703811645508,15.14181137084961,37,25,30,0,
2025-12-30 10:00:42.806000,FinePointe Series WBP [SN 139781]  Site 4 Bias Flow is out of range.,,,,,,,,,,,,,,,,,,,,,,,,,
2025-12-30 10:00:42.806000,FinePointe Series WBP [SN 10499C]  Site 1 Bias Flow is out of range.,,,,,,,,,,,,,,,,,,,,,,,,,
2025-12-30 10:00:44.806000,4d,Toxicity,Original,,79.67823028564453,2.384697914123535,189.88262939453125,0.8414866328239441,0.7638159990310669,0.4991929233074188,11.153897285461426,9.262994766235352,9.543717384338379,0.3992881774902344,0.3539244532585144,0.7427699565887451,11.849233627319336,0,0.2088301181793213,11.614221572875977,13.541837692260742,37,25,30,0,
2025-12-30 10:00:46.806000,4d,Toxicity,Original,,80.62822723388672,2.2667031288146973,182.81082153320312,0.6014910936355591,0.730295717716217,0.6156764030456543,11.153897285461426,10.400875091552734,8.923988342285156,0.38075122237205505,0.3636324107646942,0.7298460602760315,14.28415298461914,0,0.2195853888988495,13.641571998596191,15.358268737792969,37,25,30,0,
2025-12-30 10:00:48.806000,4d,Toxicity,Original,,78.76701354980469,2.410059928894043,189.7689208984375,0.6511694192886353,0.7511652708053589,0.6716674566268921,11.153897285461426,10.329292297363281,8.480504035949707,0.3837777376174927,0.3787767291069031,0.6869094371795654,15.27073860168457,0,0.22550983726978302,12.302988052368164,15.200693130493164,37,25,30,0,
2025-12-30 10:00:48.806000,FinePointe Series WBP [SN 10499C]  Site 3 Bias Flow is out of range.,,,,,,,,,,,,,,,,,,,,,,,,,
2025-12-30 10:00:50.806000,4d,Toxicity,Original,,80.20525360107422,2.2765488624572754,182.4060821533203,0.6154380440711975,0.7290447950363159,0.6211983561515808,11.153897285461426,9.423175811767578,8.626981735229492,0.37573984265327454,0.3727568984031677,0.6552057266235352,12.635237693786621,0,0.22717083990573883,10.53238296508789,11.908734321594238,37,25,30,0,
2025-12-30 10:00:52.806000,4d,Toxicity,Original,,81.02870178222656,2.2252094745635986,180.2628173828125,0.6218605041503906,0.7419952750205994,0.5852924585342407,11.153897285461426,10.097740173339844,8.474437713623047,0.3924548327922821,0.3490862250328064,0.6822032928466797,11.365973472595215,0,0.2089989185333252,11.767375946044922,15.881477355957031,37,25,30,0,
2025-12-30 10:00:52.806000,FinePointe Series WBP [SN 139781]  Site 4 Bias Flow is out of range.,,,,,,,,,,,,,,,,,,,,,,,,,
2025-12-30 10:00:52.806000,FinePointe Series WBP [SN 10499C]  Site 1 Bias Flow is out of range.,,,,,,,,,,,,,,,,,,,,,,,,,
2025-12-30 10:00:54.806000,4d,Toxicity,Original,,80.28462219238281,2.469224691390991,198.2852783203125,0.6509983539581299,0.740666925907135,0.4701867699623108,11.153897285461426,9.752239227294922,9.030908584594727,0.3869912624359131,0.3603617548942566,0.7718623876571655,11.148334503173828,0,0.21592600643634796,12.658248901367188,13.87855339050293,37,25,30,0,
2025-12-30 10:00:56.806000,4d,Toxicity,Original,,80.82659149169922,2.392343044281006,193.7034149169922,0.7646033763885498,0.7145094275474548,0.5786393880844116,11.153897285461426,9.656903266906738,9.631068229675293,0.4024331867694855,0.3407879173755646,0.6794178485870361,11.418932914733887,0,0.20689232647418976,10.309985160827637,12.81013298034668,37,25,30,0,
2025-12-30 10:00:58.806000,4d,Toxicity,Original,,79.48509216308594,2.4652364253997803,195.97036743164062,0.6881750822067261,0.802377462387085,0.4370017945766449,11.153897285461426,10.84575366973877,8.931743621826172,0.3882370591163635,0.36736464500427246,0.7704769372940063,13.78449821472168,0,0.21622002124786377,13.949410438537598,15.182051658630371,37,25,30,0,
2025-12-30 10:00:58.806000,FinePointe Series WBP [SN 10499C]  Site 3 Bias Flow is out of range.,,,,,,,,,,,,,,,,,,,,,,,,,
2025-12-30 10:01:00.806000,4d,Toxicity,Original,,80.35873413085938,2.2833573818206787,183.4813995361328,0.6950927376747131,0.7104641795158386,0.6607133150100708,11.153897285461426,9.271872520446777,9.796903610229492,0.38478967547416687,0.3619205057621002,0.8088099956512451,14.045473098754883,0,0.22234933078289032,12.662464141845703,15.444674491882324,37,25,30,0,
2025-12-30 10:01:02.806000,4d,Toxicity,Original,,81.47538757324219,2.3776462078094482,193.71827697753906,0.6888719201087952,0.7394894957542419,0.5486202239990234,11.153897285461426,9.618409156799316,9.133065223693848,0.38353052735328674,0.353672057390213,0.7694874405860901,12.723499298095703,0,0.2109731286764145,11.191906929016113,14.873913764953613,37,25,30,0,
2025-12-30 10:01:02.806000,FinePointe Series WBP [SN 139781]  Site 4 Bias Flow is out of range.,,,,,,,,,,,,,,,,,,,,,,,,,
2025-12-30 10:01:02.806000,FinePointe Series WBP [SN 10499C]  Site 1 Bias Flow is out of range.,,,,,,,,,,,,,,,,,,,,,,,,,
2025-12-30 10:01:04.806000,4d,Toxicity,Original,,79.888427734375,2.3318753242492676,186.06265258789062,0.5754983425140381,0.6813316941261292,0.6249449849128723,11.153897285461426,9.988001823425293,8.442221641540527,0.4002823829650879,0.3514240086078644,0.6950916647911072,20.37682342529297,0,0.22029827535152435,13.314416885375977,12.951889991760254,37,25,30,0,
2025-12-30 10:01:06.806000,4d,Toxicity,Original,,77.99859619140625,2.2001519203186035,171.37994384765625,0.7824523448944092,0.7419006824493408,0.5172531008720398,11.153897285461426,9.267472267150879,8.759634017944336,0.38545405864715576,0.3842606544494629,0.7766134142875671,13.614587783813477,0,0.23412978649139404,11.034634590148926,13.344197273254395,37,25,30,0,
2025-12-30 10:01:08.806000,4d,Toxicity,Original,,79.9927978515625,2.22198486328125,177.7981719970703,0.5962405204772949,0.6750412583351135,0.6525168418884277,11.153897285461426,8.986879348754883,8.861998558044434,0.3918330669403076,0.35826021432876587,0.7495875358581543,15.832047462463379,0,0.22542980313301086,14.276734352111816,12.105903625488281,37,25,30,0,
2025-12-30 10:01:08.806000,FinePointe Series WBP [SN 10499C]  Site 3 Bias Flow is out of range.,,,,,,,,,,,,,,,,,,,,,,,,,
2025-12-30 10:01:10.806000,4d,Toxicity,Original,,80.88463592529297,2.4281296730041504,196.30677795410156,0.661585807800293,0.7065750360488892,0.5832046270370483,11.153897285461426,9.47496223449707,9.377900123596191,0.39683717489242554,0.34520789980888367,0.8267239332199097,15.325491905212402,0,0.21221265196800232,14.635781288146973,12.21606731414795,37,25,30,0,
2025-12-30 10:01:12.806000,4d,Toxicity,Original,,80.86175537109375,2.1948952674865723,177.4080810546875,0.760235071182251,0.7264050841331482,0.5485072135925293,11.153897285461426,9.259443283081055,9.603799819946289,0.3953874707221985,0.34670189023017883,0.7935063242912292,13.876447677612305,0,0.2120998501777649,14.447325706481934,13.665915489196777,37,25,30,0,
2025-12-30 10:01:12.806000,FinePointe Series WBP [SN 139781]  Site 4 Bias Flow is out of range.,,,,,,,,,,,,,,,,,,,,,,,,,
2025-12-30 10:01:12.806000,FinePointe Series WBP [SN 10499C]  Site 1 Bias Flow is out of range.,,,,,,,,,,,,,,,,,,,,,,,,,
2025-12-30 10:01:14.806000,4d,Toxicity,Original,,81.73668670654297,2.243880271911621,183.46829223632812,0.6486095190048218,0.7217946648597717,0.5779302716255188,11.153897285461426,9.728275299072266,9.189896583557129,0.38109055161476135,0.35366854071617126,0.7740845084190369,13.682845115661621,0,0.21516618132591248,13.18725872039795,13.52763843536377,37,25,30,0,
2025-12-30 10:01:16.806000,4d,Toxicity,Original,,79.43769836425781,2.290635108947754,182.0747833251953,0.5926060676574707,0.6664833426475525,0.5890458226203918,11.153897285461426,9.652331352233887,9.225664138793945,0.40837669372558594,0.3472699224948883,0.7081167697906494,16.448116302490234,0,0.225223109126091,15.622142791748047,12.813132286071777,37,25,30,0,
2025-12-30 10:01:18.806000,4d,Toxicity,Original,,82.13362121582031,2.3551249504089355,193.691162109375,0.6479892134666443,0.7026257514953613,0.5660800933837891,11.153897285461426,9.717845916748047,9.039834976196289,0.3927125930786133,0.3379339277744293,0.6522648334503174,11.923681259155273,0,0.206406831741333,11.198249816894531,11.632307052612305,37,25,30,0,
2025-12-30 10:01:18.806000,FinePointe Series WBP [SN 10499C]  Site 3 Bias Flow is out of range.,,,,,,,,,,,,,,,,,,,,,,,,,
2025-12-30 10:01:20.806000,4d,Toxicity,Original,,82.23650360107422,2.214979887008667,182.18902587890625,0.5723914504051208,0.6231891512870789,0.6807111501693726,11.153897285461426,9.005229949951172,9.177151679992676,0.38478976488113403,0.3450270891189575,0.7371559143066406,14.761239051818848,0,0.22712866961956024,13.670984268188477,11.90127182006836,37,25,30,0,
2025-12-30 10:01:22.806000,4d,Toxicity,Original,,77.62801361083984,2.370121717453003,183.9326171875,0.6149820685386658,0.7024491429328918,0.6011883616447449,11.153897285461426,9.847614288330078,8.745319366455078,0.4033757746219635,0.3697359561920166,0.7044394016265869,13.490520477294922,0,0.22602450847625732,12.127876281738281,11.335553169250488,37,25,30,0,
2025-12-30 10:01:22.806000,FinePointe Series WBP [SN 139781]  Site 4 Bias Flow is out of range.,,,,,,,,,,,,,,,,,,,,,,,,,
2025-12-30 10:01:22.806000,FinePointe Series WBP [SN 10499C]  Site 1 Bias Flow is out of range.,,,,,,,,,,,,,,,,,,,,,,,,,
2025-12-30 10:01:24.806000,4d,Toxicity,Original,,78.65129089355469,2.477620840072632,195.00531005859375,0.675582766532898,0.7795971035957336,0.6692262887954712,11.153897285461426,9.707244873046875,8.365522384643555,0.4017978012561798,0.3612402081489563,0.6701798439025879,12.190145492553711,0,0.2116752564907074,12.53982162475586,14.616537094116211,37,25,30,0,
2025-12-30 10:01:26.806000,4d,Toxicity,Original,,81.51860809326172,2.23856782913208,182.36346435546875,0.6157289147377014,0.669130802154541,0.6215823292732239,11.153897285461426,10.16208553314209,9.721759796142578,0.38061442971229553,0.35546359419822693,0.8400943875312805,15.363003730773926,0,0.2247864156961441,14.367732048034668,13.859249114990234,37,25,30,0,
2025-12-30 10:01:26.806000,FinePointe Series WBP [SN 10499C]  Site 3 Bias Flow is out of range.,,,,,,,,,,,,,,,,,,,,,,,,,
2025-12-30 10:01:28.806000,4d,Toxicity,Original,,80.44176483154297,2.325728178024292,187.1778106689453,0.5958757400512695,0.66426020860672,0.7073461413383484,11.153897285461426,9.706954002380371,9.075922966003418,0.397971510887146,0.3488021790981293,0.686180830001831,13.085872650146484,0,0.21938464045524597,12.474852561950684,12.469358444213867,37,25,30,0,
2025-12-30 10:01:30.806000,4d,Toxicity,Original,,76.91817474365234,2.3903987407684326,183.87603759765625,0.6155745983123779,0.6440675258636475,0.6663428544998169,11.153897285461426,8.93917465209961,9.77196216583252,0.40054166316986084,0.37962961196899414,0.7100814580917358,10.789950370788574,0,0.23976051807403564,9.985710144042969,10.82383918762207,37,25,30,0,
2025-12-30 10:01:32.806000,4d,Toxicity,Original,,79.94464111328125,2.415656566619873,192.97769165039062,0.6048454642295837,0.7268397212028503,0.6248995065689087,11.153897285461426,10.020523071289062,8.791986465454102,0.40007829666137695,0.3517870008945465,0.7283160090446472,12.843820571899414,0,0.21537847816944122,13.540842056274414,15.056207656860352,37,25,30,0,
2025-12-30 10:01:32.806000,FinePointe Series WBP [SN 139781]  Site 4 Bias Flow is out of range.,,,,,,,,,,,,,,,,,,,,,,,,,
2025-12-30 10:01:32.806000,FinePointe Series WBP [SN 10499C]  Site 1 Bias Flow is out of range.,,,,,,,,,,,,,,,,,,,,,,,,,
2025-12-30 10:01:34.806000,4d,Toxicity,Original,,82.4115982055664,2.2167818546295166,182.38848876953125,0.7016748189926147,0.722671627998352,0.5041983723640442,11.153897285461426,9.53674602508545,9.047274589538574,0.38144955039024353,0.347035676240921,0.7630993723869324,12.786663055419922,0,0.21262575685977936,12.762358665466309,13.455309867858887,37,25,30,0,
2025-12-30 10:01:36.806000,4d,Toxicity,Original,,81.09271240234375,2.200688362121582,178.4530487060547,0.6317338943481445,0.695290207862854,0.548681378364563,11.153897285461426,9.383790969848633,8.267419815063477,0.40069836378097534,0.3392653465270996,0.7222330570220947,23.02300262451172,0,0.2127486765384674,16.081119537353516,12.209575653076172,37,25,30,0,
2025-12-30 10:01:36.806000,FinePointe Series WBP [SN 10499C]  Site 3 Bias Flow is out of range.,,,,,,,,,,,,,,,,,,,,,,,,,
2025-12-30 10:01:38.806000,4d,Toxicity,Original,,83.62488555908203,2.319636583328247,192.28009033203125,0.5464508533477783,0.6207166910171509,0.7066605687141418,11.153897285461426,10.673667907714844,10.340003967285156,0.3848777413368225,0.34298384189605713,0.8205368518829346,19.400033950805664,0,0.2202516347169876,14.24240493774414,12.232605934143066,37,25,30,0,
2025-12-30 10:01:40.806000,4d,Toxicity,Original,,73.88270568847656,2.4560203552246094,181.45741271972656,0.4601166844367981,0.5625432133674622,0.8544600009918213,11.153897285461426,12.052349090576172,12.600560188293457,0.3907793164253235,0.42131873965263367,0.5083333253860474,7.472476005554199,0,0.27467960119247437,18.369789123535156,4.398812770843506,37,25,30,66.66666412353516,
2025-12-30 10:01:42.806000,4d,Toxicity,Original,,81.4744873046875,2.483710289001465,202.00955200195312,0.5422744750976562,0.7342264652252197,0.6735459566116333,11.153897285461426,11.319552421569824,9.839740753173828,0.3880908489227295,0.34974977374076843,0.6936410665512085,14.353437423706055,0,0.21214571595191956,14.473943710327148,11.65467643737793,37,25,30,0,
2025-12-30 10:01:42.806000,FinePointe Series WBP [SN 139781]  Site 4 Bias Flow is out of range.,,,,,,,,,,,,,,,,,,,,,,,,,
2025-12-30 10:01:44.806000,4d,Toxicity,Original,,80.10759735107422,2.4841248989105225,198.98638916015625,0.6077660918235779,0.7290568351745605,0.6479004621505737,11.153897285461426,11.922036170959473,10.306934356689453,0.4037231206893921,0.34558460116386414,0.7500218152999878,18.159835815429688,0,0.20740754902362823,14.43813419342041,13.078782081604004,37,25,30,0,
2025-12-30 10:01:46.806000,4d,Toxicity,Original,,83.52714538574219,2.327888011932373,194.3641357421875,0.6383286714553833,0.6644734740257263,0.6505898237228394,11.153897285461426,10.510854721069336,10.811243057250977,0.3793667256832123,0.3393763303756714,0.8436963558197021,16.308635711669922,0,0.21469153463840485,15.894207954406738,13.063496589660645,37,25,30,0,
2025-12-30 10:01:48.806000,4d,Toxicity,Original,,75.32183837890625,2.3314526081085205,175.1746063232422,0.5671991109848022,0.6142261028289795,0.7317866683006287,11.153897285461426,9.843109130859375,10.287520408630371,0.38859254121780396,0.41729748249053955,0.8524608612060547,9.460165023803711,0,0.27395766973495483,13.071651458740234,10.046154022216797,37,25,30,0,
2025-12-30 10:01:48.806000,FinePointe Series WBP [SN 10499C]  Site 3 Bias Flow is out of range.,,,,,,,,,,,,,,,,,,,,,,,,,
2025-12-30 10:01:48.806000,FinePointe Series WBP [SN 10499C]  Site 1 Bias Flow is out of range.,,,,,,,,,,,,,,,,,,,,,,,,,
2025-12-30 10:01:50.806000,4d,Toxicity,Original,,82.89328002929688,2.4480414390563965,202.64120483398438,0.5743162035942078,0.7103400230407715,0.6353075504302979,11.153897285461426,10.258909225463867,8.932724952697754,0.39013102650642395,0.33408769965171814,0.7390009164810181,13.575155258178711,0,0.2062332034111023,15.405043601989746,12.945728302001953,37,25,30,0,
2025-12-30 10:01:52.806000,4d,Toxicity,Original,,83.7385025024414,2.3724732398986816,198.70669555664062,0.6366034746170044,0.6713926196098328,0.664714515209198,11.153897285461426,9.76934814453125,10.084555625915527,0.3968293368816376,0.3198569118976593,0.8462087512016296,14.313190460205078,0,0.20086956024169922,14.91480827331543,14.46414566040039,37,25,30,0,
2025-12-30 10:01:52.806000,FinePointe Series WBP [SN 139781]  Site 4 Bias Flow is out of range.,,,,,,,,,,,,,,,,,,,,,,,,,
2025-12-30 10:01:54.806000,4d,Toxicity,Original,,83.06707000732422,2.3229408264160156,193.20167541503906,0.5921750664710999,0.6598575711250305,0.6945194602012634,11.153897285461426,10.350626945495605,9.867091178894043,0.40903666615486145,0.3140471577644348,0.7856888771057129,10.907007217407227,0,0.19737987220287323,16.54656219482422,11.828235626220703,37,25,30,0,
2025-12-30 10:01:56.806000,4d,Toxicity,Original,,83.23320007324219,2.1677005290985107,180.37310791015625,0.7276434302330017,0.7108777165412903,0.5502294301986694,11.153897285461426,9.416302680969238,9.649811744689941,0.394304096698761,0.32673510909080505,0.7172480225563049,11.680089950561523,0,0.20303979516029358,13.781355857849121,11.983980178833008,37,25,30,0,
2025-12-30 10:01:58.806000,4d,Toxicity,Original,,82.63395690917969,2.3740272521972656,196.1558837890625,0.5800517201423645,0.6461358666419983,0.7086700797080994,11.153897285461426,10.510122299194336,9.939136505126953,0.41057509183883667,0.31618982553482056,0.7215901613235474,13.861754417419434,0,0.20373857021331787,15.264448165893555,12.979467391967773,37,25,30,0,
2025-12-30 10:01:58.806000,FinePointe Series WBP [SN 10499C]  Site 3 Bias Flow is out of range.,,,,,,,,,,,,,,,,,,,,,,,,,
2025-12-30 10:01:58.806000,FinePointe Series WBP [SN 10499C]  Site 1 Bias Flow is out of range.,,,,,,,,,,,,,,,,,,,,,,,,,
2025-12-30 10:02:00.806000,4d,Toxicity,Original,,81.06163024902344,2.3831028938293457,193.175537109375,0.5791378021240234,0.6478373408317566,0.6222447752952576,11.153897285461426,10.306492805480957,10.273313522338867,0.3907463848590851,0.3498881161212921,0.864311933517456,18.46124267578125,0,0.22726783156394958,14.681008338928223,10.636302947998047,37,25,30,0,
2025-12-30 10:02:02.806000,4d,Toxicity,Original,,83.32191467285156,2.4043021202087402,200.40858459472656,0.62838214635849,0.7103893756866455,0.6711235642433167,11.153897285461426,10.630387306213379,10.582423210144043,0.3897787928581238,0.33072224259376526,0.7977505922317505,13.319615364074707,0,0.20455878973007202,13.348368644714355,12.476884841918945,37,25,30,0,
2025-12-30 10:02:02.806000,FinePointe Series WBP [SN 139781]  Site 4 Bias Flow is out of range.,,,,,,,,,,,,,,,,,,,,,,,,,
2025-12-30 10:02:04.806000,4d,Toxicity,Original,,84.5621109008789,2.3435556888580322,198.18637084960938,0.6883217692375183,0.7236884832382202,0.647444486618042,11.153897285461426,10.464107513427734,11.850749969482422,0.3827064037322998,0.32706528902053833,0.9220253229141235,14.977951049804688,7.772383213043213,0.20457103848457336,15.688302993774414,11.810498237609863,37,25,30,0,
2025-12-30 10:02:08.806000,4d,Toxicity,Original,,82.18025970458984,2.1834447383880615,179.43605041503906,0.47894126176834106,0.5948750972747803,0.8773242831230164,11.153897285461426,12.672199249267578,11.450560569763184,0.3699162006378174,0.3601861000061035,0.6774234771728516,10.731574058532715,0,0.23357480764389038,17.840356826782227,7.443704605102539,37,25,30,80,
2025-12-30 10:02:08.806000,FinePointe Series WBP [SN 10499C]  Site 3 Bias Flow is out of range.,,,,,,,,,,,,,,,,,,,,,,,,,
2025-12-30 10:02:10.806000,4d,Toxicity,Original,,83.10913848876953,2.3858158588409424,198.28309631347656,0.6043010354042053,0.595279335975647,0.7453924417495728,11.153897285461426,10.51417350769043,11.104681968688965,0.39728105068206787,0.3246611952781677,0.6151635646820068,21.320266723632812,0,0.208097904920578,15.092913627624512,11.566415786743164,37,25,30,50,
2025-12-30 10:02:10.806000,FinePointe Series WBP [SN 10499C]  Site 1 Bias Flow is out of range.,,,,,,,,,,,,,,,,,,,,,,,,,
2025-12-30 10:02:12.806000,4d,Toxicity,Original,,79.28101348876953,2.4513678550720215,194.35829162597656,0.6657606959342957,0.7118393182754517,0.673125147819519,11.153897285461426,13.042402267456055,13.51502799987793,0.3892710208892822,0.367531955242157,0.9270684719085693,6.164617538452148,0,0.21800847351551056,16.465633392333984,10.28468132019043,37,25,30,0,
2025-12-30 10:02:12.806000,FinePointe Series WBP [SN 139781]  Site 4 Bias Flow is out of range.,,,,,,,,,,,,,,,,,,,,,,,,,
2025-12-30 10:02:16.806000,4d,Toxicity,Original,,82.08087921142578,2.3405191898345947,191.51393127441406,0.5517810583114624,0.6824935078620911,0.7554406523704529,11.153897285461426,10.325163841247559,9.79909610748291,0.38558724522590637,0.3462922275066376,0.6741557121276855,14.941457748413086,4.297407627105713,0.2216278463602066,14.377056121826172,9.746986389160156,37,25,30,40,
2025-12-30 10:02:18.806000,4d,Toxicity,Original,,79.96697235107422,2.2356667518615723,178.91326904296875,0.9813443422317505,0.9049631357192993,0.49995940923690796,11.153897285461426,10.003652572631836,10.755008697509766,0.366471529006958,0.384208619594574,0.8026533126831055,15.063285827636719,30.83727264404297,0.20972731709480286,16.875709533691406,11.528191566467285,37,25,30,0,
2025-12-30 10:02:18.806000,FinePointe Series WBP [SN 10499C]  Site 3 Bias Flow is out of range.,,,,,,,,,,,,,,,,,,,,,,,,,
2025-12-30 10:02:20.806000,4d,Toxicity,Original,,84.8336410522461,2.3020131587982178,195.2967529296875,0.7676020860671997,0.6364312767982483,0.7403131127357483,11.153897285461426,10.413532257080078,13.722095489501953,0.37122082710266113,0.336046040058136,0.8647283911705017,8.36294174194336,0,0.20896777510643005,10.690399169921875,9.820828437805176,37,25,30,0,
2025-12-30 10:02:22.806000,4d,Toxicity,Original,,88.60185241699219,2.346670150756836,205.59793090820312,0.6061582565307617,0.6757068634033203,0.7308394908905029,11.153897285461426,12.248115539550781,12.64654541015625,0.36489129066467285,0.3188917338848114,0.5438230037689209,37.18255615234375,11.681108474731445,0.19354642927646637,12.39858627319336,14.08148193359375,37,25,30,66.66666412353516,
2025-12-30 10:02:22.806000,FinePointe Series WBP [SN 139781]  Site 4 Bias Flow is out of range.,,,,,,,,,,,,,,,,,,,,,,,,,
2025-12-30 10:02:24.806000,4d,Toxicity,Original,,84.69953155517578,2.2160820960998535,187.51910400390625,0.8253539204597473,0.823418378829956,0.570336639881134,11.153897285461426,11.039203643798828,12.602851867675781,0.3630369305610657,0.34609436988830566,1.0302482843399048,21.72005271911621,19.890047073364258,0.19391894340515137,18.06884002685547,11.677691459655762,37,25,30,0,
2025-12-30 10:02:26.806000,4d,Toxicity,Original,,84.64712524414062,2.442002534866333,206.81358337402344,0.5366460680961609,0.6533540487289429,0.6633270978927612,11.153897285461426,10.580739974975586,10.136675834655762,0.3957802951335907,0.31364527344703674,0.8291618824005127,10.073990821838379,0,0.20004278421401978,17.37987518310547,11.814502716064453,37,25,30,0,
2025-12-30 10:02:28.806000,4d,Toxicity,Original,,83.48106384277344,2.114508867263794,176.31057739257812,0.6130779385566711,0.7029116153717041,0.6498806476593018,11.153897285461426,9.985041618347168,10.087586402893066,0.379824161529541,0.3394499123096466,0.8060629963874817,11.375946998596191,0,0.20724065601825714,16.514347076416016,10.923504829406738,37,25,30,0,
2025-12-30 10:02:28.806000,FinePointe Series WBP [SN 10499C]  Site 3 Bias Flow is out of range.,,,,,,,,,,,,,,,,,,,,,,,,,
2025-12-30 10:02:30.806000,4d,Toxicity,Original,,84.94835662841797,2.1761045455932617,184.75384521484375,0.6090142130851746,0.6411992907524109,0.666419267654419,11.153897285461426,11.300886154174805,11.592667579650879,0.384810209274292,0.3222677707672119,0.8159373998641968,25.692974090576172,0,0.20155584812164307,15.584322929382324,10.865875244140625,37,25,30,0,
2025-12-30 10:02:32.806000,4d,Toxicity,Original,,87.51104736328125,2.3568572998046875,206.22283935546875,0.6289139986038208,0.7302107214927673,0.5093294382095337,11.153897285461426,10.282598495483398,9.487224578857422,0.3697681128978729,0.3166843056678772,0.8191891312599182,13.277602195739746,0,0.19206468760967255,14.737218856811523,12.974827766418457,37,25,30,0,
2025-12-30 10:02:32.806000,FinePointe Series WBP [SN 139781]  Site 4 Bias Flow is out of range.,,,,,,,,,,,,,,,,,,,,,,,,,
2025-12-30 10:02:34.806000,4d,Toxicity,Original,,85.96075439453125,2.331645965576172,200.32406616210938,0.6121864914894104,0.6529210209846497,0.603652834892273,11.153897285461426,10.206524848937988,10.398743629455566,0.37225255370140076,0.32586920261383057,0.844622790813446,22.17425537109375,0,0.20492413640022278,15.814346313476562,10.396127700805664,37,25,30,0,
2025-12-30 10:02:36.806000,4d,Toxicity,Original,,84.85220336914062,2.2528738975524902,191.22979736328125,0.6941567659378052,0.7255643606185913,0.6908175349235535,11.153897285461426,11.592676162719727,11.255298614501953,0.3707718849182129,0.3364180326461792,0.9556213021278381,24.911338806152344,0,0.2026228904724121,17.063434600830078,11.284282684326172,37,25,30,0,
2025-12-30 10:02:36.806000,FinePointe Series WBP [SN 10499C]  Site 3 Bias Flow is out of range.,,,,,,,,,,,,,,,,,,,,,,,,,
2025-12-30 10:02:38.806000,4d,Toxicity,Original,,82.84614562988281,2.2510008811950684,186.45298767089844,0.6841928958892822,0.6275812387466431,0.6805828809738159,11.153897285461426,10.789024353027344,12.706279754638672,0.36669468879699707,0.3576757609844208,0.9364850521087646,10.27495002746582,0,0.22570733726024628,16.437755584716797,10.027763366699219,37,25,30,40,
2025-12-30 10:02:40.806000,4d,Toxicity,Original,,96.27693939208984,2.5002853870391846,240.71983337402344,0.469958633184433,0.3425348699092865,0.8229986429214478,11.153897285461426,10.90466022491455,17.54916000366211,0.4117802083492279,0.21142198145389557,0.8299265503883362,8.316596984863281,0,0.16313289105892181,21.440414428710938,4.036897659301758,37,25,30,0,
2025-12-30 10:02:42.806000,4d,Toxicity,Original,,83.7184829711914,2.4634246826171875,206.31649780273438,0.511496365070343,0.6101672649383545,0.7096118927001953,11.153897285461426,11.012916564941406,10.66203784942627,0.38771387934684753,0.32917001843452454,0.7315528988838196,22.4266300201416,0,0.2144809365272522,15.8228178024292,10.522872924804688,37,25,30,57.14285659790039,
2025-12-30 10:02:42.806000,FinePointe Series WBP [SN 139781]  Site 4 Bias Flow is out of range.,,,,,,,,,,,,,,,,,,,,,,,,,
2025-12-30 10:02:44.806000,4d,Toxicity,Original,,84.31916046142578,2.3911895751953125,201.7014617919922,0.6607537865638733,0.6709075570106506,0.5761527419090271,11.153897285461426,10.261974334716797,10.387313842773438,0.3859747350215912,0.3256697952747345,0.8356768488883972,14.951581954956055,0,0.20730793476104736,13.650083541870117,11.037367820739746,37,25,30,0,
2025-12-30 10:02:46.806000,4d,Toxicity,Original,,80.92326354980469,2.2511372566223145,182.14474487304688,0.6881043314933777,0.7050694823265076,0.5108768343925476,11.153897285461426,9.369172096252441,10.021101951599121,0.4108867347240448,0.33118972182273865,0.8851051926612854,18.569299697875977,0,0.20669585466384888,18.31467628479004,12.817028999328613,37,25,30,0,
2025-12-30 10:02:46.806000,FinePointe Series WBP [SN 10499C]  Site 3 Bias Flow is out of range.,,,,,,,,,,,,,,,,,,,,,,,,,
2025-12-30 10:02:48.806000,4d,Toxicity,Original,,84.37711334228516,2.2818634510040283,192.586181640625,0.6454374194145203,0.6682255268096924,0.6201808452606201,11.153897285461426,9.645564079284668,10.146101951599121,0.39374157786369324,0.31774041056632996,0.859850287437439,12.61715030670166,0,0.20226052403450012,17.074247360229492,12.350647926330566,37,25,30,0,
2025-12-30 10:02:50.806000,4d,Toxicity,Original,,84.25703430175781,2.279029130935669,192.3030548095703,0.62557452917099,0.659151554107666,0.4241721034049988,11.153897285461426,9.038623809814453,9.174114227294922,0.4023277759552002,0.3108338713645935,0.7850601673126221,17.00188446044922,0,0.2021181285381317,17.459712982177734,10.266016006469727,37,25,30,0,
2025-12-30 10:02:52.806000,4d,Toxicity,Original,,86.2783203125,2.254225254058838,194.58460998535156,0.6989341378211975,0.678546667098999,0.6040952205657959,11.153897285461426,10.215295791625977,10.932238578796387,0.4082786440849304,0.28802523016929626,0.9248683452606201,13.120148658752441,0,0.1912759393453598,19.18855857849121,13.249878883361816,37,25,30,0,
2025-12-30 10:02:52.806000,FinePointe Series WBP [SN 139781]  Site 4 Bias Flow is out of range.,,,,,,,,,,,,,,,,,,,,,,,,,
2025-12-30 10:02:54.806000,4d,Toxicity,Original,,81.26576232910156,2.3836429119110107,193.43060302734375,0.6586271524429321,0.7285123467445374,0.579209566116333,11.153897285461426,9.977448463439941,9.860753059387207,0.4003380239009857,0.33929213881492615,0.8586921095848083,15.457791328430176,0,0.21099919080734253,16.90080451965332,12.501448631286621,37,25,30,0,
2025-12-30 10:02:56.806000,4d,Toxicity,Original,,83.69302368164062,2.257751941680908,188.8383331298828,0.6505427956581116,0.6743259429931641,0.7001793384552002,11.153897285461426,9.40297794342041,9.218528747558594,0.40586087107658386,0.31129056215286255,0.7613213062286377,14.96424388885498,0,0.19840717315673828,17.15853500366211,11.09988021850586,37,25,30,0,
2025-12-30 10:02:58.806000,4d,Toxicity,Original,,85.39724731445312,2.260415554046631,193.08543395996094,0.6681064963340759,0.6664996147155762,0.5301957726478577,11.153897285461426,9.669787406921387,10.080573081970215,0.38353797793388367,0.3190852105617523,0.8804596066474915,14.222753524780273,0,0.2070358246564865,15.40560531616211,11.789185523986816,37,25,30,0,
2025-12-30 10:02:58.806000,FinePointe Series WBP [SN 10499C]  Site 3 Bias Flow is out of range.,,,,,,,,,,,,,,,,,,,,,,,,,
2025-12-30 10:03:00.806000,4d,Toxicity,Original,,85.54743957519531,2.3587212562561035,201.85574340820312,0.6400220394134521,0.6797942519187927,0.5885729789733887,11.153897285461426,9.645476341247559,9.908823013305664,0.392435759305954,0.30897849798202515,0.8269994258880615,12.879308700561523,0,0.19796207547187805,16.94506072998047,9.923262596130371,37,25,30,0,
2025-12-30 10:03:02.806000,4d,Toxicity,Original,,84.492919921875,2.2761974334716797,192.33535766601562,0.6184736490249634,0.6740926504135132,0.7326194047927856,11.153897285461426,9.242371559143066,9.48653793334961,0.3973998427391052,0.312882661819458,0.7626746892929077,12.144296646118164,0,0.1958293318748474,15.19930648803711,11.62022876739502,37,25,30,0,
2025-12-30 10:03:02.806000,FinePointe Series WBP [SN 139781]  Site 4 Bias Flow is out of range.,,,,,,,,,,,,,,,,,,,,,,,,,
2025-12-30 10:03:04.806000,4d,Toxicity,Original,,86.56839752197266,2.2637269496917725,196.028076171875,0.5699689984321594,0.639040470123291,0.6941158771514893,11.153897285461426,9.47617244720459,9.758417129516602,0.38641640543937683,0.3067696988582611,0.769251823425293,12.399024963378906,0,0.20046651363372803,16.429189682006836,11.473570823669434,37,25,30,25,
2025-12-30 10:03:06.806000,4d,Toxicity,Original,,83.59652709960938,2.1774754524230957,182.03219604492188,0.7052144408226013,0.7292017936706543,0.592233419418335,11.153897285461426,9.327146530151367,9.384842872619629,0.3975940942764282,0.32040417194366455,0.8176218867301941,13.6647310256958,0,0.195921391248703,16.115140914916992,10.41191291809082,37,25,30,0,
2025-12-30 10:03:08.806000,4d,Toxicity,Original,,84.48436737060547,2.328925848007202,196.74258422851562,0.6505811810493469,0.6746479868888855,0.622241735458374,11.153897285461426,9.287564277648926,10.386921882629395,0.3986690938472748,0.3115769326686859,0.869703471660614,13.579319953918457,0,0.1990046352148056,14.55604076385498,12.522761344909668,37,25,30,0,
2025-12-30 10:03:08.806000,FinePointe Series WBP [SN 10499C]  Site 3 Bias Flow is out of range.,,,,,,,,,,,,,,,,,,,,,,,,,
2025-12-30 10:03:10.806000,4d,Toxicity,Original,,83.29939270019531,2.33612322807312,194.74319458007812,0.7697193026542664,0.7367345094680786,0.5437976121902466,11.153897285461426,9.508506774902344,9.655763626098633,0.4068151116371155,0.3135526776313782,0.7913837432861328,14.67882251739502,0,0.18930038809776306,14.79734992980957,14.48627758026123,37,25,30,0,
2025-12-30 10:03:12.806000,4d,Toxicity,Original,,84.2903060913086,2.344876766204834,197.4884796142578,0.642512857913971,0.6466358304023743,0.6534714698791504,11.153897285461426,9.72474193572998,10.894919395446777,0.40165162086486816,0.3103007674217224,0.8221193552017212,13.33023738861084,0,0.19878779351711273,14.791207313537598,12.486300468444824,37,25,30,0,
2025-12-30 10:03:12.806000,FinePointe Series WBP [SN 139781]  Site 4 Bias Flow is out of range.,,,,,,,,,,,,,,,,,,,,,,,,,
2025-12-30 10:03:14.806000,4d,Toxicity,Original,,85.24242401123047,2.168680191040039,184.58226013183594,0.6143811941146851,0.6386851668357849,0.549622118473053,11.153897285461426,9.24881649017334,10.0481538772583,0.38431334495544434,0.3201262056827545,0.8343504071235657,19.318859100341797,0,0.21400074660778046,16.86648178100586,11.520804405212402,37,25,30,0,
2025-12-30 10:03:16.806000,4d,Toxicity,Original,,84.269775390625,2.320359945297241,195.5362091064453,0.6777357459068298,0.6605092287063599,0.6900925040245056,11.153897285461426,10.435100555419922,10.817076683044434,0.39320120215415955,0.3187978267669678,0.696384847164154,23.602258682250977,0,0.2007618099451065,13.679390907287598,7.410118579864502,37,25,30,0,
2025-12-30 10:03:18.806000,4d,Toxicity,Original,,88.88186645507812,2.5325980186462402,224.6656494140625,0.5216411352157593,0.6992965936660767,0.6292167901992798,11.153897285461426,12.892681121826172,9.828699111938477,0.349210262298584,0.32630032300949097,0.7971915006637573,31.106815338134766,0,0.19952544569969177,16.24204444885254,13.84709358215332,37,25,30,50,
2025-12-30 10:03:18.806000,FinePointe Series WBP [SN 10499C]  Site 3 Bias Flow is out of range.,,,,,,,,,,,,,,,,,,,,,,,,,
2025-12-30 10:03:20.806000,4d,Toxicity,Original,,95.06684112548828,2.2177469730377197,210.83419799804688,0.5376864671707153,0.5752562284469604,0.7510830760002136,11.153897285461426,10.267979621887207,11.684371948242188,0.3142591714859009,0.31687572598457336,0.8275033831596375,13.290438652038574,0,0.20821209251880646,11.974871635437012,16.587480545043945,37,25,30,0,
2025-12-30 10:03:22.806000,4d,Toxicity,Original,,70.95669555664062,2.684703826904297,189.75149536132812,0.45084595680236816,0.612331748008728,0.5878007411956787,11.153897285461426,11.75528335571289,9.453170776367188,0.40260374546051025,0.45766010880470276,0.7064202427864075,53.18970489501953,0,0.29357925057411194,18.788467407226562,11.464062690734863,37,25,30,33.33333206176758,
2025-12-30 10:03:22.806000,FinePointe Series WBP [SN 139781]  Site 4 Bias Flow is out of range.,,,,,,,,,,,,,,,,,,,,,,,,,
2025-12-30 10:03:24.806000,4d,Toxicity,Original,,84.98865509033203,2.2523510456085205,191.49310302734375,0.6447315216064453,0.6041509509086609,0.7117500901222229,11.153897285461426,10.458898544311523,12.526369094848633,0.378770649433136,0.3274376690387726,0.8429697155952454,16.39952850341797,0,0.2106536626815796,17.184791564941406,8.871393203735352,37,25,30,0,
2025-12-30 10:03:26.806000,4d,Toxicity,Original,,85.64178466796875,2.3390350341796875,200.21563720703125,0.6509706974029541,0.6683336496353149,0.620533287525177,11.153897285461426,9.639500617980957,10.763954162597656,0.3854258060455322,0.3152275085449219,0.9127783179283142,10.160845756530762,0,0.19781947135925293,14.319964408874512,11.691380500793457,37,25,30,0,
2025-12-30 10:03:28.806000,4d,Toxicity,Original,,86.1327133178711,2.3964695930480957,206.22860717773438,0.6659408807754517,0.6460705995559692,0.6280166506767273,11.153897285461426,9.942367553710938,11.421594619750977,0.39335647225379944,0.30630770325660706,0.9071041345596313,12.65359115600586,0,0.1943294256925583,13.429534912109375,14.78732681274414,37,25,30,0,
2025-12-30 10:03:28.806000,FinePointe Series WBP [SN 10499C]  Site 3 Bias Flow is out of range.,,,,,,,,,,,,,,,,,,,,,,,,,
2025-12-30 10:03:30.806000,4d,Toxicity,Original,,88.01707458496094,2.277594804763794,200.51658630371094,0.6422562599182129,0.6404868364334106,0.6723200678825378,11.153897285461426,10.406288146972656,11.553494453430176,0.37868010997772217,0.3033127188682556,0.9466116428375244,13.895233154296875,0,0.19469061493873596,16.722461700439453,10.367744445800781,37,25,30,0,
2025-12-30 10:03:32.806000,4d,Toxicity,Original,,84.63202667236328,2.262173652648926,191.61732482910156,0.6682761311531067,0.6473153829574585,0.7484179139137268,11.153897285461426,8.917970657348633,9.954988479614258,0.4026317298412323,0.30679240822792053,0.7595499157905579,9.707904815673828,0,0.20149564743041992,17.042722702026367,9.97862434387207,37,25,30,0,
2025-12-30 10:03:32.806000,FinePointe Series WBP [SN 139781]  Site 4 Bias Flow is out of range.,,,,,,,,,,,,,,,,,,,,,,,,,
2025-12-30 10:03:34.806000,4d,Toxicity,Original,,85.61650848388672,2.238037109375,191.55120849609375,0.7040969133377075,0.6868886351585388,0.6111717224121094,11.153897285461426,10.666657447814941,11.623129844665527,0.3920704126358032,0.3088163435459137,0.9290473461151123,5.598337173461914,0,0.19112522900104523,14.914348602294922,10.591300964355469,37,25,30,0,
2025-12-30 10:03:34.806000,FinePointe Series WBP [SN 10499C]  Site 4 Bias Flow is out of range.,,,,,,,,,,,,,,,,,,,,,,,,,
2025-12-30 10:03:36.806000,4d,Toxicity,Original,,84.82355499267578,2.5391077995300293,215.22836303710938,0.6784747838973999,0.7594984769821167,0.6023150682449341,11.153897285461426,11.745689392089844,11.213848114013672,0.3821963667869568,0.32521241903305054,0.8866077661514282,18.963138580322266,10.97392749786377,0.19103775918483734,14.199366569519043,11.738380432128906,37,25,30,0,
2025-12-30 10:03:38.806000,4d,Toxicity,Original,,88.26697540283203,2.434467077255249,214.88304138183594,0.41187745332717896,0.4951106011867523,0.7111656069755554,11.153897285461426,12.289673805236816,11.516571998596191,0.3816537857055664,0.29810217022895813,0.836613655090332,40.42948532104492,0,0.21632428467273712,23.987239837646484,10.295031547546387,37,25,30,75,
2025-12-30 10:03:38.806000,FinePointe Series WBP [SN 10499C]  Site 3 Bias Flow is out of range.,,,,,,,,,,,,,,,,,,,,,,,,,
2025-12-30 10:03:40.806000,4d,Toxicity,Original,,87.6618881225586,2.2388126850128174,196.05001831054688,0.7764078378677368,0.6360785365104675,0.6095553040504456,11.153897285461426,10.649200439453125,13.338068008422852,0.3787308633327484,0.3064221739768982,0.9324600100517273,18.151195526123047,0,0.19446459412574768,16.82770538330078,10.58661937713623,37,25,30,0,
2025-12-30 10:03:42.806000,4d,Toxicity,Original,,85.10863494873047,2.3424172401428223,199.31509399414062,0.6712816953659058,0.7176127433776855,0.6941842436790466,11.153897285461426,10.847418785095215,11.044537544250488,0.3903683125972748,0.3154970407485962,0.8338178992271423,14.833137512207031,9.305827140808105,0.19151443243026733,16.96347427368164,10.318259239196777,37,25,30,0,
2025-12-30 10:03:42.806000,FinePointe Series WBP [SN 139781]  Site 4 Bias Flow is out of range.,,,,,,,,,,,,,,,,,,,,,,,,,
2025-12-30 10:03:44.806000,4d,Toxicity,Original,,87.24443817138672,2.326251983642578,203.0772705078125,0.5820261836051941,0.6083730459213257,0.680400013923645,11.153897285461426,11.686567306518555,12.132091522216797,0.3758803606033325,0.31275081634521484,0.9294897317886353,27.07730484008789,0,0.20388884842395782,18.483903884887695,11.875658988952637,37,25,30,33.33333206176758,
2025-12-30 10:03:44.806000,FinePointe Series WBP [SN 10499C]  Site 4 Bias Flow is out of range.,,,,,,,,,,,,,,,,,,,,,,,,,
2025-12-30 10:03:46.806000,4d,Toxicity,Original,,88.06320190429688,2.2100350856781006,195.06654357910156,0.6434651613235474,0.702180027961731,0.5555859208106995,11.153897285461426,10.547664642333984,10.599838256835938,0.39157459139823914,0.29056352376937866,0.8579034805297852,15.052796363830566,0,0.18139325082302094,19.804035186767578,12.033821105957031,37,25,30,0,
2025-12-30 10:03:48.806000,4d,Toxicity,Original,,83.36936950683594,2.416659355163574,201.35617065429688,0.6690752506256104,0.6058319807052612,0.6782989501953125,11.153897285461426,9.808817863464355,13.446146965026855,0.4092895984649658,0.3115348219871521,0.8770667910575867,11.51868724822998,0,0.2052505910396576,18.036392211914062,10.10146713256836,37,25,30,0,
2025-12-30 10:03:50.806000,4d,Toxicity,Original,,84.3661880493164,2.385408878326416,201.24783325195312,0.5930606126785278,0.612573504447937,0.6650309562683105,11.153897285461426,11.429350852966309,11.673187255859375,0.3773663640022278,0.33381906151771545,1.0067811012268066,24.55604362487793,0,0.2134580761194229,20.823076248168945,11.42265510559082,37,25,30,75,
2025-12-30 10:03:52.806000,4d,Toxicity,Original,,89.90360260009766,2.3889124393463135,214.81675720214844,0.613426148891449,0.5941405296325684,0.539534330368042,11.153897285461426,10.85544204711914,12.26949691772461,0.3793387711048126,0.2880885899066925,1.0748752355575562,14.541234970092773,0,0.19203141331672668,19.315799713134766,11.797416687011719,37,25,30,0,
2025-12-30 10:03:52.806000,FinePointe Series WBP [SN 139781]  Site 4 Bias Flow is out of range.,,,,,,,,,,,,,,,,,,,,,,,,,
2025-12-30 10:03:52.806000,FinePointe Series WBP [SN 10499C]  Site 3 Bias Flow is out of range.,,,,,,,,,,,,,,,,,,,,,,,,,
2025-12-30 10:03:54.806000,4d,Toxicity,Original,,87.0748291015625,2.3649840354919434,205.93057250976562,0.5556191802024841,0.6844568848609924,0.6675238609313965,11.153897285461426,12.765381813049316,10.724617004394531,0.4014323055744171,0.287630170583725,0.8443397879600525,8.3871431350708,0,0.1774226725101471,18.087888717651367,8.1946439743042,37,25,30,0,
2025-12-30 10:03:54.806000,FinePointe Series WBP [SN 10499C]  Site 4 Bias Flow is out of range.,,,,,,,,,,,,,,,,,,,,,,,,,
2025-12-30 10:03:56.806000,4d,Toxicity,Original,,85.96659088134766,2.4024481773376465,206.53028869628906,0.8675022125244141,0.7033431529998779,0.4434657096862793,11.153897285461426,11.657855987548828,14.044425964355469,0.3822503387928009,0.315695196390152,1.1636990308761597,27.69566535949707,0,0.1946040540933609,19.083730697631836,8.462028503417969,37,25,30,80,
2025-12-30 10:03:58.806000,4d,Toxicity,Original,,72.74420928955078,2.3234214782714844,169.42930603027344,0.5023806095123291,0.6311416029930115,0.6186677813529968,11.153897285461426,12.535282135009766,9.169353485107422,0.37207698822021484,0.4745330214500427,0.5125919580459595,15.320379257202148,0,0.29975569248199463,14.414896011352539,7.142795562744141,37,25,30,0,
2025-12-30 10:04:00.806000,4d,Toxicity,Original,,85.86390686035156,2.4124691486358643,207.32589721679688,0.48787498474121094,0.6105436682701111,0.686582088470459,11.153897285461426,12.74388599395752,12.071245193481445,0.3729020357131958,0.3262782692909241,0.9813603162765503,22.1130428314209,0,0.21618369221687317,22.687524795532227,8.80809211730957,37,25,30,50,
2025-12-30 10:04:02.806000,4d,Toxicity,Original,,87.82289123535156,2.3411450386047363,205.81234741210938,0.5381633639335632,0.605514407157898,0.6328368186950684,11.153897285461426,11.834381103515625,11.097267150878906,0.3592891991138458,0.3240586519241333,0.8485310077667236,34.94523620605469,0,0.20891013741493225,17.965103149414062,10.191925048828125,37,25,30,0,
2025-12-30 10:04:02.806000,FinePointe Series WBP [SN 139781]  Site 4 Bias Flow is out of range.,,,,,,,,,,,,,,,,,,,,,,,,,
2025-12-30 10:04:02.806000,FinePointe Series WBP [SN 10499C]  Site 3 Bias Flow is out of range.,,,,,,,,,,,,,,,,,,,,,,,,,
2025-12-30 10:04:04.806000,4d,Toxicity,Original,,81.62315368652344,2.4102370738983154,196.6042938232422,0.7547152638435364,0.7563008666038513,0.47375166416168213,11.153897285461426,10.79686164855957,11.330205917358398,0.3961092531681061,0.33910247683525085,0.8848525285720825,8.25573444366455,8.266289710998535,0.20731496810913086,17.096675872802734,11.634062767028809,37,25,30,0,
2025-12-30 10:04:06.806000,4d,Toxicity,Original,,86.90467834472656,2.289180040359497,198.26011657714844,0.959267258644104,0.6965277194976807,0.6340007185935974,11.153897285461426,11.544907569885254,16.252178192138672,0.3846777081489563,0.3083413541316986,0.8686953783035278,9.5135498046875,24.3135986328125,0.18743698298931122,15.946702003479004,9.594772338867188,37,25,30,0,
2025-12-30 10:04:08.806000,4d,Toxicity,Original,,86.31586456298828,2.2608866691589355,194.81785583496094,0.5905713438987732,0.6601381301879883,0.6275947093963623,11.153897285461426,14.260990142822266,14.140013694763184,0.3575085997581482,0.3383472263813019,1.058569312095642,5.729148864746094,0,0.20660394430160522,18.314531326293945,8.160062789916992,37,25,30,0,
2025-12-30 10:04:10.806000,4d,Toxicity,Original,,87.2425308227539,2.4663023948669434,215.01820373535156,0.5362674593925476,0.5729240775108337,0.7486386895179749,11.153897285461426,11.225630760192871,12.39288330078125,0.3833323121070862,0.3045998513698578,0.9197357296943665,19.54051971435547,0,0.20408540964126587,18.985862731933594,9.345071792602539,37,25,30,40,
2025-12-30 10:04:12.806000,4d,Toxicity,Original,,88.84976196289062,2.291583776473999,203.6988525390625,0.6670762896537781,0.6566182971000671,0.5878342390060425,11.153897285461426,11.134302139282227,12.09080982208252,0.37016797065734863,0.30521097779273987,1.038623332977295,16.643659591674805,2.6426427364349365,0.19306117296218872,19.21839141845703,10.857518196105957,37,25,30,0,
2025-12-30 10:04:12.806000,FinePointe Series WBP [SN 139781]  Site 4 Bias Flow is out of range.,,,,,,,,,,,,,,,,,,,,,,,,,
2025-12-30 10:04:12.806000,FinePointe Series WBP [SN 10499C]  Site 3 Bias Flow is out of range.,,,,,,,,,,,,,,,,,,,,,,,,,
2025-12-30 10:04:14.806000,4d,Toxicity,Original,,86.5884017944336,2.3125298023223877,200.23825073242188,0.7972854375839233,0.6425734162330627,0.5304037928581238,11.153897285461426,9.959196090698242,12.496451377868652,0.3761936128139496,0.3167397975921631,1.0048749446868896,39.60312271118164,0,0.1996617168188095,18.02437400817871,7.5940656661987305,37,25,30,0,
2025-12-30 10:04:16.806000,4d,Toxicity,Original,,86.83464050292969,2.3052737712860107,200.2034912109375,0.7843327522277832,0.7955799102783203,0.5293341279029846,11.153897285461426,11.110322952270508,11.886204719543457,0.3746166229248047,0.3165304660797119,1.043431043624878,10.34390926361084,25.200971603393555,0.1851404309272766,17.810165405273438,12.865851402282715,37,25,30,40,
2025-12-30 10:04:18.806000,4d,Toxicity,Original,,90.60507202148438,2.270989418029785,205.65945434570312,0.5867289304733276,0.6201081275939941,0.652418315410614,11.153897285461426,12.572793960571289,13.736055374145508,0.3741799592971802,0.2880856394767761,0.9872125387191772,10.783584594726562,2.831719398498535,0.18577031791210175,19.89670181274414,9.720900535583496,37,25,30,50,
2025-12-30 10:04:22.806000,4d,Toxicity,Original,,89.75066375732422,2.3814661502838135,213.08506774902344,0.6024373173713684,0.6580962538719177,0.6772306561470032,11.153897285461426,12.608534812927246,13.156994819641113,0.3737386465072632,0.297666072845459,0.974014937877655,11.557636260986328,7.861295700073242,0.1850598305463791,21.711532592773438,8.993852615356445,37,25,30,50,
2025-12-30 10:04:22.806000,FinePointe Series WBP [SN 139781]  Site 4 Bias Flow is out of range.,,,,,,,,,,,,,,,,,,,,,,,,,
2025-12-30 10:04:24.806000,4d,Toxicity,Original,,90.16798400878906,2.183077812194824,196.73513793945312,0.6517840027809143,0.6520897150039673,0.7115632891654968,11.153897285461426,10.828290939331055,11.108928680419922,0.3885778486728668,0.2768693268299103,0.9609262943267822,14.244184494018555,0,0.17468778789043427,19.504854202270508,9.428032875061035,37,25,30,0,
2025-12-30 10:04:24.806000,FinePointe Series WBP [SN 10499C]  Site 3 Bias Flow is out of range.,,,,,,,,,,,,,,,,,,,,,,,,,
2025-12-30 10:04:26.806000,4d,Toxicity,Original,,88.47870635986328,2.495288372039795,220.7799072265625,0.4762832522392273,0.64927077293396,0.7263083457946777,11.153897285461426,13.930000305175781,12.266850471496582,0.3642129898071289,0.31391623616218567,0.9355083107948303,25.196186065673828,0,0.19445578753948212,16.173614501953125,8.971238136291504,37,25,30,80,
2025-12-30 10:04:28.806000,4d,Toxicity,Original,,88.56620788574219,2.351781129837036,208.1651611328125,0.7917985916137695,0.6965376138687134,0.6218151450157166,11.153897285461426,10.505533218383789,13.130294799804688,0.38744038343429565,0.29034462571144104,1.0485856533050537,21.298616409301758,0,0.181919664144516,20.79966163635254,9.513672828674316,37,25,30,0,
2025-12-30 10:04:30.806000,4d,Toxicity,Original,,88.90797424316406,2.174962043762207,193.52508544921875,0.7023962736129761,0.6403935551643372,0.6587532162666321,11.153897285461426,9.38132095336914,12.088737487792969,0.3841318190097809,0.2909119129180908,0.9510020017623901,14.107818603515625,0,0.18408441543579102,16.977989196777344,10.241133689880371,37,25,30,0,
2025-12-30 10:04:32.806000,4d,Toxicity,Original,,89.54037475585938,2.406057357788086,215.22866821289062,0.7944177389144897,0.7586431503295898,0.4359601140022278,11.153897285461426,10.617097854614258,11.651908874511719,0.3811284899711609,0.28948456048965454,0.9634775519371033,15.37352180480957,0,0.17001736164093018,17.01930809020996,11.714349746704102,37,25,30,50,
2025-12-30 10:04:32.806000,FinePointe Series WBP [SN 139781]  Site 4 Bias Flow is out of range.,,,,,,,,,,,,,,,,,,,,,,,,,
2025-12-30 10:04:34.806000,4d,Toxicity,Original,,90.17880249023438,2.296907901763916,207.0540008544922,0.6594628095626831,0.6016626954078674,0.595360517501831,11.153897285461426,11.713963508605957,14.103795051574707,0.3971722722053528,0.2687157094478607,0.9647608995437622,11.853954315185547,6.803781509399414,0.19158509373664856,21.448564529418945,12.160231590270996,37,25,30,0,
2025-12-30 10:04:34.806000,FinePointe Series WBP [SN 10499C]  Site 3 Bias Flow is out of range.,,,,,,,,,,,,,,,,,,,,,,,,,
2025-12-30 10:04:36.806000,4d,Toxicity,Original,,92.70408630371094,2.2490296363830566,208.4793701171875,0.7472091913223267,0.6374490261077881,0.6692795157432556,11.153897285461426,10.156845092773438,13.303187370300293,0.376540869474411,0.27196812629699707,1.1036195755004883,9.452374458312988,0,0.17713116109371185,16.759641647338867,9.469528198242188,37,25,30,0,
2025-12-30 10:04:38.806000,4d,Toxicity,Original,,84.38138580322266,2.1846282482147217,184.3419647216797,1.0673625469207764,1.067775011062622,0.4109565019607544,11.153897285461426,11.464668273925781,12.327313423156738,0.35578852891921997,0.3552687466144562,1.0776177644729614,38.94680404663086,65.75176239013672,0.18495193123817444,13.95531940460205,9.73518180847168,37,25,30,0,
2025-12-30 10:04:40.806000,4d,Toxicity,Original,,92.89436340332031,2.493886947631836,231.66802978515625,0.7545584440231323,0.6242112517356873,0.6640760898590088,11.153897285461426,10.588022232055664,14.636197090148926,0.3929119110107422,0.25298306345939636,1.1442056894302368,10.055380821228027,0,0.16116072237491608,19.073143005371094,8.397636413574219,37,25,30,83.33333587646484,
2025-12-30 10:04:42.806000,4d,Toxicity,Original,,87.3414306640625,2.3328475952148438,203.90440368652344,0.6407566070556641,0.6415595412254333,0.6387174129486084,11.153897285461426,10.508724212646484,12.214004516601562,0.39378345012664795,0.29330316185951233,0.9689980745315552,10.8514404296875,0,0.18686586618423462,22.353954315185547,11.125326156616211,37,25,30,0,
2025-12-30 10:04:42.806000,FinePointe Series WBP [SN 139781]  Site 4 Bias Flow is out of range.,,,,,,,,,,,,,,,,,,,,,,,,,
2025-12-30 10:04:44.806000,4d,Toxicity,Original,,80.60366821289062,2.585883140563965,208.43167114257812,0.4908008873462677,0.6131160259246826,0.8188510537147522,11.153897285461426,12.676206588745117,11.823486328125,0.4317498207092285,0.3126331865787506,0.9714052677154541,13.713698387145996,0,0.19912736117839813,27.891456604003906,6.686000347137451,37,25,30,66.66666412353516,
2025-12-30 10:04:44.806000,FinePointe Series WBP [SN 10499C]  Site 3 Bias Flow is out of range.,,,,,,,,,,,,,,,,,,,,,,,,,
2025-12-30 10:04:46.806000,4d,Toxicity,Original,,92.05419158935547,2.311950445175171,212.79898071289062,0.6060905456542969,0.5990217924118042,0.6967302560806274,11.153897285461426,10.033024787902832,11.939741134643555,0.3804759085178375,0.2714187800884247,0.9690285325050354,10.677677154541016,0,0.18014788627624512,18.7624568939209,10.386526107788086,37,25,30,0,
2025-12-30 10:04:48.806000,4d,Toxicity,Original,,88.88121795654297,2.3997886180877686,212.90670776367188,0.6253455877304077,0.6753115057945251,0.5867232084274292,11.153897285461426,12.019383430480957,11.658717155456543,0.38861340284347534,0.2872392237186432,0.9559811353683472,12.386465072631836,0,0.17892269790172577,19.688840866088867,10.890155792236328,37,25,30,0,
2025-12-30 10:04:48.806000,FinePointe Series WBP [SN 10499C]  Site 4 Bias Flow is out of range.,,,,,,,,,,,,,,,,,,,,,,,,,
2025-12-30 10:04:50.806000,4d,Toxicity,Original,,94.68797302246094,2.240994930267334,212.65052795410156,0.7142279148101807,0.6136974692344666,0.6433359980583191,11.153897285461426,9.565624237060547,12.395790100097656,0.3843093514442444,0.2505072355270386,1.0108282566070557,9.673501968383789,0,0.1654251664876938,18.23783302307129,8.55684757232666,37,25,30,0,
2025-12-30 10:04:52.806000,4d,Toxicity,Original,,126.36955261230469,1.5914154052734375,196.99508666992188,0.5550675988197327,0.5531291961669922,0.5938421487808228,11.153897285461426,11.219871520996094,11.001852035522461,0.25749561190605164,0.22129009664058685,0.7688060402870178,6.931289196014404,0,0.15064924955368042,10.650880813598633,10.439004898071289,37,25,30,50,
2025-12-30 10:04:52.806000,FinePointe Series WBP [SN 139781]  Site 4 Bias Flow is out of range.,,,,,,,,,,,,,,,,,,,,,,,,,
2025-12-30 10:04:54.806000,4d,Toxicity,Original,,102.79496765136719,2.3309731483459473,238.8931427001953,0.5182819962501526,0.5946143865585327,0.7296741008758545,11.153897285461426,13.973226547241211,12.308850288391113,0.3175639510154724,0.26694056391716003,0.8923571109771729,13.67785930633545,0,0.17100004851818085,12.214723587036133,9.992115020751953,37,25,30,0,
2025-12-30 10:04:54.806000,FinePointe Series WBP [SN 10499C]  Site 3 Bias Flow is out of range.,,,,,,,,,,,,,,,,,,,,,,,,,
2025-12-30 10:04:56.806000,4d,Toxicity,Original,,101.538818359375,2.098219633102417,212.3905029296875,0.5432860255241394,0.5697799324989319,0.7026402950286865,11.153897285461426,12.974316596984863,12.962727546691895,0.29786375164985657,0.29511579871177673,0.965938925743103,38.86400604248047,6.084347248077393,0.19449087977409363,14.743391036987305,9.508772850036621,37,25,30,0,
2025-12-30 10:04:58.806000,4d,Toxicity,Original,,99.25167846679688,2.118190050125122,210.4093017578125,0.531601071357727,0.5599043965339661,0.713726282119751,11.153897285461426,11.767085075378418,12.694390296936035,0.3355421721935272,0.26936566829681396,0.9201846122741699,19.127365112304688,0,0.18175914883613586,20.528167724609375,8.461347579956055,37,25,30,0,
2025-12-30 10:05:00.806000,4d,Toxicity,Original,,99.94309997558594,2.195966958999634,219.60714721679688,0.549331545829773,0.5689566135406494,0.6728314757347107,11.153897285461426,10.890742301940918,11.173444747924805,0.33237719535827637,0.2687685787677765,0.9255959391593933,14.934350967407227,0,0.18002665042877197,16.69797706604004,10.792960166931152,37,25,30,0,
2025-12-30 10:05:02.806000,4d,Toxicity,Original,,102.953857421875,2.119731903076172,217.9485321044922,0.74872225522995,0.6353743076324463,0.5848445892333984,11.153897285461426,9.971811294555664,12.05569076538086,0.3397112786769867,0.24447324872016907,1.0256215333938599,12.085548400878906,0,0.15946468710899353,16.349191665649414,11.741477012634277,37,25,30,0,
2025-12-30 10:05:02.806000,FinePointe Series WBP [SN 139781]  Site 4 Bias Flow is out of range.,,,,,,,,,,,,,,,,,,,,,,,,,
2025-12-30 10:05:04.806000,4d,Toxicity,Original,,106.73969268798828,2.0260190963745117,215.9781036376953,0.7195004820823669,0.6215556859970093,0.6772428750991821,11.153897285461426,11.357377052307129,14.739739418029785,0.31688761711120605,0.24810434877872467,1.0530962944030762,14.722393989562988,7.58872652053833,0.16259917616844177,14.736444473266602,9.853495597839355,37,25,30,0,
2025-12-30 10:05:06.806000,4d,Toxicity,Original,,125.80146789550781,2.1102747917175293,265.49432373046875,0.48856478929519653,0.5644456148147583,0.6391751766204834,11.153897285461426,18.2398681640625,15.319631576538086,0.2551576495170593,0.22179266810417175,1.304718255996704,33.198158264160156,0,0.14467719197273254,16.517210006713867,8.784085273742676,37,25,30,33.33333206176758,
2025-12-30 10:05:08.806000,4d,Toxicity,Original,,85.4094467163086,1.7763159275054932,153.53941345214844,1.7956676483154297,1.471850872039795,0.5507329702377319,11.153897285461426,10.072511672973633,11.778687477111816,0.3274615705013275,0.38892412185668945,0.7942389249801636,51.01329040527344,81.80084228515625,0.17246215045452118,17.362552642822266,8.943581581115723,37,25,30,25,
2025-12-30 10:05:08.806000,FinePointe Series WBP [SN 10499C]  Site 3 Bias Flow is out of range.,,,,,,,,,,,,,,,,,,,,,,,,,
2025-12-30 10:05:10.806000,4d,Toxicity,Original,,88.83882141113281,2.1152100563049316,187.86572265625,0.611316442489624,0.6469996571540833,0.6655001640319824,11.153897285461426,9.46738052368164,10.037152290344238,0.38607075810432434,0.28938567638397217,0.830605685710907,15.455710411071777,0,0.1831921488046646,17.01319122314453,11.938244819641113,37,25,30,0,
2025-12-30 10:05:12.806000,4d,Toxicity,Original,,88.32933044433594,2.0412378311157227,180.33285522460938,0.6461609601974487,0.5397243499755859,0.7116950750350952,11.153897285461426,9.995829582214355,13.371761322021484,0.40693697333335876,0.27351903915405273,1.1324567794799805,7.860918045043945,0,0.18846586346626282,18.330711364746094,3.359828233718872,37,25,30,0,
2025-12-30 10:05:12.806000,FinePointe Series WBP [SN 10499C]  Site 2 Bias Flow is out of range.,,,,,,,,,,,,,,,,,,,,,,,,,
2025-12-30 10:05:12.806000,FinePointe Series WBP [SN 139781]  Site 4 Bias Flow is out of range.,,,,,,,,,,,,,,,,,,,,,,,,,
2025-12-30 10:05:14.806000,4d,Toxicity,Original,,72.60293579101562,2.0567398071289062,151.76278686523438,1.6307837963104248,1.6656602621078491,0.5160447955131531,11.153897285461426,9.388154983520508,10.08254337310791,0.3877366781234741,0.5307575464248657,0.757258951663971,14.931988716125488,6.650315761566162,0.19400635361671448,13.445442199707031,10.852222442626953,37,25,30,0,
2025-12-30 10:05:16.806000,4d,Toxicity,Original,,86.86446380615234,2.0719940662384033,179.94764709472656,0.8807594180107117,0.7639369368553162,0.428576797246933,11.153897285461426,8.158015251159668,9.739620208740234,0.4009513556957245,0.2899969816207886,0.8273104429244995,14.434267044067383,0,0.1730542629957199,15.809496879577637,10.533323287963867,37,25,30,0,
2025-12-30 10:05:18.806000,4d,Toxicity,Original,,86.56827545166016,1.9426369667053223,168.23085021972656,0.8157785534858704,0.6851582527160645,0.4389261305332184,11.153897285461426,7.82807731628418,9.686573028564453,0.40930551290512085,0.28388211131095886,0.8480695486068726,10.188222885131836,0,0.1825774610042572,16.8919734954834,9.44185733795166,37,25,30,0,
2025-12-30 10:05:18.806000,FinePointe Series WBP [SN 10499C]  Site 3 Bias Flow is out of range.,,,,,,,,,,,,,,,,,,,,,,,,,
2025-12-30 10:05:20.806000,4d,Toxicity,Original,,85.44660186767578,2.111797571182251,180.4256591796875,0.7400574684143066,0.7369385957717896,0.5083869695663452,11.153897285461426,8.139325141906738,8.6054048538208,0.41560858488082886,0.28682321310043335,0.7550853490829468,10.713581085205078,0,0.17985643446445465,15.513802528381348,12.730730056762695,37,25,30,0,
2025-12-30 10:05:20.806000,FinePointe Series WBP [SN 10499C]  Site 2 Bias Flow is out of range.,,,,,,,,,,,,,,,,,,,,,,,,,
2025-12-30 10:05:22.806000,4d,Toxicity,Original,,84.19218444824219,1.9975963830947876,168.1499481201172,0.693744421005249,0.6484323740005493,0.7408798933029175,11.153897285461426,8.054841995239258,9.435712814331055,0.4140244126319885,0.2988525629043579,0.7010729312896729,13.055418968200684,0,0.18836423754692078,14.316793441772461,9.266805648803711,37,25,30,0,
2025-12-30 10:05:22.806000,FinePointe Series WBP [SN 139781]  Site 4 Bias Flow is out of range.,,,,,,,,,,,,,,,,,,,,,,,,,
2025-12-30 10:05:24.806000,4d,Toxicity,Original,,84.09860229492188,2.0410349369049072,171.57701110839844,0.6336365938186646,0.6069225668907166,0.6614236831665039,11.153897285461426,8.275055885314941,10.3851900100708,0.40564975142478943,0.3081411123275757,0.8569180369377136,16.672422409057617,0,0.20499587059020996,18.394868850708008,9.558274269104004,37,25,30,0,
2025-12-30 10:05:26.806000,4d,Toxicity,Original,,86.27562713623047,2.0461339950561523,176.3151092529297,0.6084703803062439,0.6622065305709839,0.6299182176589966,11.153897285461426,9.51204776763916,9.54753589630127,0.4010118842124939,0.2946571111679077,0.8019504547119141,14.857865333557129,0,0.19202446937561035,17.95208740234375,13.317676544189453,37,25,30,0,
2025-12-30 10:05:28.806000,4d,Toxicity,Original,,84.19987487792969,1.8631457090377808,157.35098266601562,0.6046678423881531,0.6179697513580322,0.6951324343681335,11.153897285461426,8.238492965698242,8.387752532958984,0.417432576417923,0.29560428857803345,0.6882686018943787,13.584612846374512,0,0.1945255547761917,16.94573402404785,11.16960334777832,37,25,30,0,
2025-12-30 10:05:28.806000,FinePointe Series WBP [SN 10499C]  Site 3 Bias Flow is out of range.,,,,,,,,,,,,,,,,,,,,,,,,,
2025-12-30 10:05:30.806000,4d,Toxicity,Original,,71.61054992675781,2.0860109329223633,148.69778442382812,0.782439112663269,0.8490440249443054,0.4141717851161957,11.153897285461426,9.159271240234375,8.30074691772461,0.4369170665740967,0.4077131748199463,0.6126166582107544,13.273538589477539,0,0.2296508550643921,15.757009506225586,15.040456771850586,37,25,30,0,
2025-12-30 10:05:30.806000,FinePointe Series WBP [SN 10499C]  Site 2 Bias Flow is out of range.,,,,,,,,,,,,,,,,,,,,,,,,,
2025-12-30 10:05:32.806000,4d,Toxicity,Original,,81.56822204589844,1.9720195531845093,160.90509033203125,0.743599534034729,0.6967380046844482,0.56601881980896,11.153897285461426,8.0361909866333,9.107409477233887,0.4202675521373749,0.3155302405357361,0.7960789799690247,11.842979431152344,0,0.19597934186458588,18.170560836791992,10.998085021972656,37,25,30,0,
2025-12-30 10:05:32.806000,FinePointe Series WBP [SN 139781]  Site 4 Bias Flow is out of range.,,,,,,,,,,,,,,,,,,,,,,,,,
2025-12-30 10:05:34.806000,4d,Toxicity,Original,,83.5938491821289,2.0491816997528076,171.33355712890625,0.6833486557006836,0.6442350149154663,0.5335251092910767,11.153897285461426,8.13823127746582,9.491131782531738,0.4206671118736267,0.2981519103050232,0.7971462607383728,14.875040054321289,0,0.19429931044578552,19.226360321044922,8.668383598327637,37,25,30,0,
2025-12-30 10:05:36.806000,4d,Toxicity,Original,,83.26325988769531,2.305460214614868,191.93682861328125,0.6423324346542358,0.6197565793991089,0.7271840572357178,11.153897285461426,8.24516773223877,10.223249435424805,0.4222422242164612,0.29864561557769775,0.7829505205154419,8.151049613952637,0,0.19220949709415436,17.12786865234375,8.260244369506836,37,25,30,0,
2025-12-30 10:05:38.806000,4d,Toxicity,Original,,88.10850524902344,2.0559744834899902,181.26307678222656,0.7764593958854675,0.6818339824676514,0.6192426085472107,11.153897285461426,8.842486381530762,10.350757598876953,0.3864823579788208,0.29477784037590027,0.8763790130615234,18.448484420776367,0,0.1839645504951477,16.653743743896484,10.611133575439453,37,25,30,0,
2025-12-30 10:05:38.806000,FinePointe Series WBP [SN 10499C]  Site 3 Bias Flow is out of range.,,,,,,,,,,,,,,,,,,,,,,,,,
2025-12-30 10:05:40.806000,4d,Toxicity,Original,,87.3797378540039,2.052361011505127,179.0044708251953,0.6693074107170105,0.6244370341300964,0.7421821355819702,11.153897285461426,8.586243629455566,10.086671829223633,0.3932296931743622,0.29415789246559143,0.6792392730712891,18.99974822998047,0,0.19004833698272705,15.641008377075195,8.16311264038086,37,25,30,0,
2025-12-30 10:05:40.806000,FinePointe Series WBP [SN 10499C]  Site 2 Bias Flow is out of range.,,,,,,,,,,,,,,,,,,,,,,,,,
2025-12-30 10:05:42.806000,4d,Toxicity,Original,,90.07215881347656,2.0767130851745605,187.23928833007812,0.7725964188575745,0.7044855356216431,0.5838348269462585,11.153897285461426,9.738126754760742,10.903789520263672,0.3989829123020172,0.26830485463142395,0.8507342338562012,9.82234001159668,5.738131999969482,0.17239834368228912,18.622005462646484,11.51274299621582,37,25,30,0,
2025-12-30 10:05:42.806000,FinePointe Series WBP [SN 139781]  Site 4 Bias Flow is out of range.,,,,,,,,,,,,,,,,,,,,,,,,,
2025-12-30 10:05:44.806000,4d,Toxicity,Original,,88.16346740722656,2.113046169281006,186.61874389648438,0.6800063252449036,0.6958010196685791,0.6476012468338013,11.153897285461426,10.715221405029297,10.796504974365234,0.395230770111084,0.28601497411727905,0.8288531303405762,8.890252113342285,0,0.17448396980762482,17.14202880859375,12.152127265930176,37,25,30,0,
2025-12-30 10:05:46.806000,4d,Toxicity,Original,,86.69886779785156,1.9941375255584717,172.89356994628906,0.6518713235855103,0.6275800466537476,0.6594173908233643,11.153897285461426,8.971193313598633,10.07080364227295,0.3845254182815552,0.30753588676452637,0.8834079504013062,16.758289337158203,0,0.20039857923984528,16.935062408447266,12.796272277832031,37,25,30,0,
2025-12-30 10:05:48.806000,4d,Toxicity,Original,,87.07896423339844,2.075413942337036,180.7566375732422,0.5024821162223816,0.5135270953178406,0.6540173888206482,11.153897285461426,11.679631233215332,11.767011642456055,0.3983187675476074,0.29231691360473633,0.9810656309127808,65.46914672851562,0,0.20177295804023743,23.344934463500977,8.758318901062012,37,25,30,0,
2025-12-30 10:05:50.806000,4d,Toxicity,Original,,85.48662567138672,2.101346015930176,179.66615295410156,0.7074132561683655,0.6513687968254089,0.72269606590271,11.153897285461426,7.957550048828125,9.746685981750488,0.4176320731639862,0.2843053340911865,0.7791761159896851,9.389557838439941,0,0.1804724633693695,17.05682945251465,8.732220649719238,37,25,30,0,
2025-12-30 10:05:50.806000,FinePointe Series WBP [SN 10499C]  Site 3 Bias Flow is out of range.,,,,,,,,,,,,,,,,,,,,,,,,,
2025-12-30 10:05:52.806000,4d,Toxicity,Original,,87.76760864257812,2.0946388244628906,183.7003631591797,0.8160971403121948,0.6484611630439758,0.5835756063461304,11.153897285461426,7.9514312744140625,10.910905838012695,0.41010621190071106,0.2736775577068329,0.961517333984375,12.213017463684082,0,0.17886357009410858,20.036108016967773,10.387104988098145,37,25,30,0,
2025-12-30 10:05:52.806000,FinePointe Series WBP [SN 139781]  Site 4 Bias Flow is out of range.,,,,,,,,,,,,,,,,,,,,,,,,,
2025-12-30 10:05:54.806000,4d,Toxicity,Original,,86.05091094970703,2.150395631790161,184.99530029296875,0.7137484550476074,0.6276077628135681,0.6140497326850891,11.153897285461426,8.410560607910156,10.074209213256836,0.40341508388519287,0.2938883900642395,0.8483859300613403,16.47891616821289,0,0.19268885254859924,17.431364059448242,9.967744827270508,37,25,30,0,
2025-12-30 10:05:56.806000,4d,Toxicity,Original,,87.92902374267578,2.116399049758911,186.13462829589844,0.6289354562759399,0.5846843123435974,0.6995996236801147,11.153897285461426,8.318923950195312,10.226991653442383,0.3918669521808624,0.2906596064567566,0.8360536694526672,13.505105972290039,0,0.19468361139297485,16.536121368408203,9.57954216003418,37,25,30,0,
2025-12-30 10:05:58.806000,4d,Toxicity,Original,,87.13392639160156,2.097292423248291,182.75064086914062,0.8308950662612915,0.7441975474357605,0.5865209102630615,11.153897285461426,9.023824691772461,10.233773231506348,0.4051351547241211,0.2834627032279968,0.8836662769317627,10.618729591369629,0,0.17156827449798584,17.699951171875,12.721282958984375,37,25,30,0,
2025-12-30 10:06:00.806000,4d,Toxicity,Original,,88.63790893554688,2.0382120609283447,180.53440856933594,0.7895022630691528,0.6772288084030151,0.5702545046806335,11.153897285461426,7.621004104614258,9.78796672821045,0.39001932740211487,0.2873976230621338,0.8618199229240417,11.570425033569336,0,0.1794307678937912,14.510883331298828,10.659651756286621,37,25,30,0,
2025-12-30 10:06:00.806000,FinePointe Series WBP [SN 10499C]  Site 3 Bias Flow is out of range.,,,,,,,,,,,,,,,,,,,,,,,,,
2025-12-30 10:06:02.806000,4d,Toxicity,Original,,87.22203826904297,2.1777143478393555,190.4081573486328,0.7750668525695801,0.6621428728103638,0.5534546375274658,11.153897285461426,8.369962692260742,10.821602821350098,0.40614238381385803,0.28265196084976196,0.9356992840766907,13.38791275024414,0,0.17971578240394592,17.220035552978516,9.808976173400879,37,25,30,0,
2025-12-30 10:06:02.806000,FinePointe Series WBP [SN 139781]  Site 4 Bias Flow is out of range.,,,,,,,,,,,,,,,,,,,,,,,,,
2025-12-30 10:06:04.806000,4d,Toxicity,Original,,87.6102066040039,2.1403300762176514,187.5308380126953,0.817185640335083,0.6627074480056763,0.5903666019439697,11.153897285461426,7.948163032531738,10.88552474975586,0.39842158555984497,0.28656134009361267,0.8970680236816406,12.242243766784668,0,0.1832669973373413,15.602140426635742,9.961197853088379,37,25,30,0,
2025-12-30 10:06:06.806000,4d,Toxicity,Original,,85.72503662109375,2.350677251815796,201.4558563232422,0.6963056921958923,0.6631132364273071,0.7055187225341797,11.153897285461426,8.883400917053223,10.024833679199219,0.413399338722229,0.2867022156715393,0.8129429221153259,11.598763465881348,0,0.18078488111495972,15.486549377441406,9.04587173461914,37,25,30,0,
2025-12-30 10:06:08.806000,4d,Toxicity,Original,,87.87063598632812,2.0347766876220703,178.84170532226562,0.8534820079803467,0.7209146022796631,0.5512683987617493,11.153897285461426,8.648788452148438,10.659660339355469,0.39273568987846375,0.2901917099952698,0.9242844581604004,15.014808654785156,0,0.17989327013492584,18.670520782470703,13.787751197814941,37,25,30,0,
2025-12-30 10:06:10.806000,4d,Toxicity,Original,,85.82238006591797,2.1536381244659424,184.8063507080078,0.7986502647399902,0.6844376921653748,0.5616623759269714,11.153897285461426,8.272077560424805,10.330759048461914,0.40225517749786377,0.29688090085983276,0.917772114276886,13.991963386535645,0,0.18714956939220428,16.01530647277832,12.005940437316895,37,25,30,0,
2025-12-30 10:06:10.806000,FinePointe Series WBP [SN 10499C]  Site 3 Bias Flow is out of range.,,,,,,,,,,,,,,,,,,,,,,,,,
2025-12-30 10:06:12.806000,4d,Toxicity,Original,,80.66171264648438,2.2493784427642822,180.798828125,0.7867310643196106,0.694799542427063,0.5068787336349487,11.153897285461426,8.169966697692871,10.090617179870605,0.46186286211013794,0.28619134426116943,0.8707760572433472,15.123988151550293,0,0.19327010214328766,13.240297317504883,9.783324241638184,37,25,30,0,
2025-12-30 10:06:12.806000,FinePointe Series WBP [SN 139781]  Site 4 Bias Flow is out of range.,,,,,,,,,,,,,,,,,,,,,,,,,
2025-12-30 10:06:14.806000,4d,Toxicity,Original,,81.4576416015625,2.2427897453308105,182.81903076171875,0.6644992232322693,0.5739297866821289,0.6178265810012817,11.153897285461426,8.385528564453125,10.459478378295898,0.4332345128059387,0.30408841371536255,0.8514878749847412,19.827526092529297,0,0.20933833718299866,15.569682121276855,7.125306129455566,37,25,30,0,
2025-12-30 10:06:16.806000,4d,Toxicity,Original,,84.34329986572266,2.200261116027832,185.55941772460938,0.6983019709587097,0.6448482275009155,0.5904458165168762,11.153897285461426,8.632233619689941,10.314132690429688,0.42590969800949097,0.28547751903533936,0.82450932264328,10.369865417480469,0,0.18572524189949036,19.53144645690918,9.177596092224121,37,25,30,0,
2025-12-30 10:06:18.806000,4d,Toxicity,Original,,81.17242431640625,2.2218220233917236,180.28897094726562,0.565451979637146,0.5508665442466736,0.705589771270752,11.153897285461426,9.157578468322754,10.913158416748047,0.4002082645893097,0.3463122248649597,0.8939564824104309,51.31117630004883,0,0.2392611801624298,20.111122131347656,8.601078033447266,37,25,30,0,
2025-12-30 10:06:20.806000,4d,Toxicity,Original,,87.66062927246094,2.250265598297119,197.09234619140625,0.8684393763542175,0.7006580829620361,0.5006303787231445,11.153897285461426,8.562225341796875,11.091979026794434,0.40493080019950867,0.2797870635986328,0.9233404397964478,14.488633155822754,0,0.17722362279891968,15.99920654296875,10.728827476501465,37,25,30,0,
2025-12-30 10:06:20.806000,FinePointe Series WBP [SN 10499C]  Site 3 Bias Flow is out of range.,,,,,,,,,,,,,,,,,,,,,,,,,
2025-12-30 10:06:22.806000,4d,Toxicity,Original,,91.30684661865234,2.214245557785034,202.15663146972656,0.6568307876586914,0.5998786687850952,0.6489117741584778,11.153897285461426,9.41787338256836,10.896329879760742,0.3882042467594147,0.26916563510894775,0.8824944496154785,11.986983299255371,0,0.17933496832847595,18.58686637878418,8.644644737243652,37,25,30,0,
2025-12-30 10:06:22.806000,FinePointe Series WBP [SN 139781]  Site 4 Bias Flow is out of range.,,,,,,,,,,,,,,,,,,,,,,,,,
2025-12-30 10:06:24.806000,4d,Toxicity,Original,,90.3709945678711,2.1304142475128174,192.71417236328125,0.7445145845413208,0.6535515189170837,0.653056800365448,11.153897285461426,8.93599796295166,10.859285354614258,0.39291149377822876,0.27113059163093567,0.9551675319671631,11.541411399841309,0,0.1731063276529312,17.506593704223633,10.68533992767334,37,25,30,0,
2025-12-30 10:06:26.806000,4d,Toxicity,Original,,88.20614624023438,2.148676633834839,189.56314086914062,0.7400657534599304,0.6535425186157227,0.6799014210700989,11.153897285461426,8.577444076538086,10.289606094360352,0.3911833167076111,0.2892652451992035,0.8430972099304199,14.613858222961426,0,0.18722689151763916,17.403675079345703,8.642505645751953,37,25,30,0,
2025-12-30 10:06:28.806000,4d,Toxicity,Original,,86.95197296142578,2.1762301921844482,189.29649353027344,0.7842470407485962,0.7078351378440857,0.5327866077423096,11.153897285461426,8.313651084899902,10.251004219055176,0.40431642532348633,0.2859139144420624,0.8749489784240723,12.446533203125,0,0.18100504577159882,17.95334815979004,10.287433624267578,37,25,30,0,
2025-12-30 10:06:30.806000,4d,Toxicity,Original,,89.38713073730469,1.9826937913894653,177.23318481445312,0.7459929585456848,0.6403383016586304,0.599017858505249,11.153897285461426,8.028581619262695,10.721683502197266,0.3927629888057709,0.2785435616970062,0.9234537482261658,14.12281608581543,0,0.18162882328033447,18.45402717590332,12.257763862609863,37,25,30,0,
2025-12-30 10:06:30.806000,FinePointe Series WBP [SN 10499C]  Site 3 Bias Flow is out of range.,,,,,,,,,,,,,,,,,,,,,,,,,
2025-12-30 10:06:32.806000,4d,Toxicity,Original,,84.98192596435547,2.121816873550415,180.23135375976562,0.6372455954551697,0.6060493588447571,0.5397939682006836,11.153897285461426,9.43214225769043,10.324958801269531,0.43069711327552795,0.27546900510787964,0.9072296619415283,15.531427383422852,0,0.18417738378047943,22.059734344482422,11.727727890014648,37,25,30,0,
2025-12-30 10:06:32.806000,FinePointe Series WBP [SN 139781]  Site 4 Bias Flow is out of range.,,,,,,,,,,,,,,,,,,,,,,,,,
2025-12-30 10:06:34.806000,4d,Toxicity,Original,,85.37738037109375,2.2233550548553467,189.81773376464844,0.666885495185852,0.5840216279029846,0.6858961582183838,11.153897285461426,8.773152351379395,11.730219841003418,0.4142897427082062,0.2886688709259033,0.9568204283714294,14.086585998535156,0,0.19256074726581573,19.685155868530273,10.053934097290039,37,25,30,0,
2025-12-30 10:06:36.806000,4d,Toxicity,Original,,88.06244659423828,2.149848222732544,189.38560485839844,0.8469542860984802,0.6989290714263916,0.6120716333389282,11.153897285461426,8.590060234069824,10.247267723083496,0.39763301610946655,0.28380656242370605,0.8275088667869568,11.628862380981445,0,0.17642129957675934,16.646039962768555,9.97824764251709,37,25,30,0,
2025-12-30 10:06:38.806000,4d,Toxicity,Original,,86.59491729736328,2.2713747024536133,196.76870727539062,0.649829089641571,0.5847543478012085,0.6833270192146301,11.153897285461426,9.173565864562988,11.454155921936035,0.40569308400154114,0.28803521394729614,0.9223131537437439,12.369293212890625,0,0.19200114905834198,17.697303771972656,10.422929763793945,37,25,30,0,
2025-12-30 10:06:40.806000,4d,Toxicity,Original,,89.71082305908203,2.215054750442505,198.51205444335938,0.6904443502426147,0.6491473913192749,0.5715739727020264,11.153897285461426,9.303425788879395,10.575465202331543,0.39490070939064026,0.27445879578590393,0.90208899974823,11.560771942138672,0,0.17565514147281647,17.75466537475586,10.260323524475098,37,25,30,0,
2025-12-30 10:06:40.806000,FinePointe Series WBP [SN 10499C]  Site 3 Bias Flow is out of range.,,,,,,,,,,,,,,,,,,,,,,,,,
2025-12-30 10:06:42.806000,4d,Toxicity,Original,,87.6386489868164,2.161635160446167,189.53713989257812,0.781603991985321,0.6712880730628967,0.5443598031997681,11.153897285461426,8.849321365356445,10.703557014465332,0.39556434750556946,0.2891410291194916,0.9490772485733032,14.891242027282715,0,0.1832791268825531,17.560205459594727,12.564326286315918,37,25,30,0,
2025-12-30 10:06:42.806000,FinePointe Series WBP [SN 139781]  Site 4 Bias Flow is out of range.,,,,,,,,,,,,,,,,,,,,,,,,,
2025-12-30 10:06:44.806000,4d,Toxicity,Original,,86.0890884399414,2.3026702404022217,198.10398864746094,0.7053375840187073,0.6562415957450867,0.6407217979431152,11.153897285461426,8.831798553466797,10.788527488708496,0.40035662055015564,0.2974303960800171,0.9059835076332092,12.036246299743652,0,0.19026491045951843,14.748184204101562,10.433547973632812,37,25,30,0,
2025-12-30 10:06:46.806000,4d,Toxicity,Original,,85.50444030761719,2.3093678951263428,197.33787536621094,0.647636353969574,0.5928168296813965,0.6667762994766235,11.153897285461426,9.19919490814209,11.285144805908203,0.4162408113479614,0.2858733534812927,0.913573145866394,11.313892364501953,0,0.1891726851463318,17.256084442138672,9.020634651184082,37,25,30,0,
2025-12-30 10:06:48.806000,4d,Toxicity,Original,,86.27141571044922,2.25935697555542,194.89041137695312,0.6481011509895325,0.6671612858772278,0.6572960019111633,11.153897285461426,8.890840530395508,9.989209175109863,0.3996114730834961,0.2960160970687866,0.8324269652366638,11.528045654296875,0,0.1859295666217804,16.724138259887695,11.889111518859863,37,25,30,0,
2025-12-30 10:06:50.806000,4d,Toxicity,Original,,87.90043640136719,1.8831812143325806,165.5762939453125,0.716040849685669,0.6082654595375061,0.5673448443412781,11.153897285461426,8.680208206176758,10.723743438720703,0.3915150761604309,0.2911224067211151,0.9550371170043945,19.06902503967285,0,0.19541724026203156,20.961986541748047,10.447952270507812,37,25,30,0,
2025-12-30 10:06:50.806000,FinePointe Series WBP [SN 10499C]  Site 3 Bias Flow is out of range.,,,,,,,,,,,,,,,,,,,,,,,,,
2025-12-30 10:06:52.806000,4d,Toxicity,Original,,86.84327697753906,2.2914493083953857,198.91098022460938,0.6125020384788513,0.6474955677986145,0.5919003486633301,11.153897285461426,9.050756454467773,9.595771789550781,0.4047362506389618,0.2863366901874542,0.8311218023300171,14.463224411010742,0,0.18671996891498566,16.326148986816406,11.607210159301758,37,25,30,0,
2025-12-30 10:06:52.806000,FinePointe Series WBP [SN 139781]  Site 4 Bias Flow is out of range.,,,,,,,,,,,,,,,,,,,,,,,,,
2025-12-30 10:06:54.806000,4d,Toxicity,Original,,84.42050170898438,2.1411988735198975,180.63882446289062,0.7071231007575989,0.6170757412910461,0.7286813855171204,11.153897285461426,8.180863380432129,10.41116714477539,0.41071638464927673,0.3004114627838135,0.8611647486686707,11.69102668762207,0,0.1963420957326889,17.49399757385254,8.759099006652832,37,25,30,0,
2025-12-30 10:06:56.806000,4d,Toxicity,Original,,86.90874481201172,2.2234768867492676,193.35824584960938,0.6688164472579956,0.6442331671714783,0.5763792991638184,11.153897285461426,8.842386245727539,10.33283805847168,0.395309716463089,0.29527267813682556,0.875397801399231,12.923986434936523,0,0.19193106889724731,16.122879028320312,11.910542488098145,37,25,30,0,
2025-12-30 10:06:58.806000,4d,Toxicity,Original,,87.11569213867188,2.29225492477417,199.91845703125,0.6504502296447754,0.62418532371521,0.7268550395965576,11.153897285461426,9.097115516662598,10.359917640686035,0.39962485432624817,0.28948214650154114,0.8229725360870361,9.709595680236816,0,0.18755535781383514,15.167460441589355,9.415658950805664,37,25,30,0,
2025-12-30 10:07:00.806000,4d,Toxicity,Original,,88.63739776611328,2.235217332839966,198.30809020996094,0.7393436431884766,0.660388708114624,0.6210834383964539,11.153897285461426,9.051916122436523,10.846967697143555,0.3949049711227417,0.2824374735355377,0.8734219670295715,10.553327560424805,0,0.17899267375469208,17.158435821533203,9.60464859008789,37,25,30,0,
2025-12-30 10:07:00.806000,FinePointe Series WBP [SN 10499C]  Site 3 Bias Flow is out of range.,,,,,,,,,,,,,,,,,,,,,,,,,
2025-12-30 10:07:02.806000,4d,Toxicity,Original,,88.37278747558594,2.178839921951294,192.36904907226562,0.7007633447647095,0.6889031529426575,0.5739130973815918,11.153897285461426,9.191617012023926,10.359065055847168,0.37600037455558777,0.3033841550350189,0.9113636016845703,13.673171997070312,0,0.19120854139328003,15.99376392364502,12.782015800476074,37,25,30,0,
2025-12-30 10:07:02.806000,FinePointe Series WBP [SN 139781]  Site 4 Bias Flow is out of range.,,,,,,,,,,,,,,,,,,,,,,,,,
2025-12-30 10:07:04.806000,4d,Toxicity,Original,,88.72562408447266,2.120481491088867,188.22503662109375,0.6933821439743042,0.662411093711853,0.7193602323532104,11.153897285461426,8.826408386230469,10.558347702026367,0.3967568874359131,0.2796477675437927,0.8625354170799255,10.848363876342773,0,0.17641611397266388,16.059307098388672,10.88343620300293,37,25,30,0,
2025-12-30 10:07:06.806000,4d,Toxicity,Original,,87.53507995605469,2.189429759979248,191.54946899414062,0.7050524950027466,0.6688133478164673,0.574546217918396,11.153897285461426,8.5781888961792,10.485118865966797,0.39420801401138306,0.29206034541130066,0.9045979976654053,13.58450698852539,0,0.1851368248462677,16.7531795501709,11.953129768371582,37,25,30,0,
2025-12-30 10:07:08.806000,4d,Toxicity,Original,,86.88375091552734,2.186521291732788,189.818115234375,0.7144322991371155,0.640762209892273,0.5878025889396667,11.153897285461426,8.321648597717285,10.201017379760742,0.40059664845466614,0.2906663417816162,0.8752964735031128,14.674659729003906,0,0.19198159873485565,16.568307876586914,11.212453842163086,37,25,30,0,
2025-12-30 10:07:10.806000,4d,Toxicity,Original,,85.54669952392578,2.1544065475463867,184.25473022460938,0.6924854516983032,0.6330511569976807,0.5611591339111328,11.153897285461426,8.67977523803711,9.960186004638672,0.39652979373931885,0.3048971891403198,0.8470484018325806,13.328256607055664,0,0.1986364722251892,14.631906509399414,7.593717575073242,37,25,30,0,
2025-12-30 10:07:10.806000,FinePointe Series WBP [SN 10499C]  Site 3 Bias Flow is out of range.,,,,,,,,,,,,,,,,,,,,,,,,,
2025-12-30 10:07:12.806000,4d,Toxicity,Original,,84.97103881835938,2.1480672359466553,182.41456604003906,0.6383095383644104,0.6139653921127319,0.7172989249229431,11.153897285461426,8.636096000671387,10.928004264831543,0.4161835014820099,0.29042065143585205,0.8808394074440002,13.638554573059082,0,0.18850785493850708,21.5413818359375,7.887890338897705,37,25,30,0,
2025-12-30 10:07:12.806000,FinePointe Series WBP [SN 139781]  Site 4 Bias Flow is out of range.,,,,,,,,,,,,,,,,,,,,,,,,,
2025-12-30 10:07:14.806000,4d,Toxicity,Original,,80.61357116699219,2.429517984390259,196.01742553710938,0.5310627222061157,0.5737745761871338,0.7766880393028259,11.153897285461426,9.25044059753418,9.721552848815918,0.4156917333602905,0.3321572542190552,0.7653696537017822,16.319263458251953,0,0.22449597716331482,15.824746131896973,9.221670150756836,37,25,30,0,
2025-12-30 10:07:16.806000,4d,Toxicity,Original,,84.24481201171875,2.1895077228546143,184.2011260986328,0.7271168828010559,0.6057013273239136,0.6432812213897705,11.153897285461426,8.169418334960938,11.494564056396484,0.41391345858573914,0.30047881603240967,0.957984447479248,13.130650520324707,0,0.19877223670482635,18.09534454345703,10.223602294921875,37,25,30,0,
2025-12-30 10:07:18.806000,4d,Toxicity,Original,,87.0715103149414,2.13503360748291,185.82032775878906,0.6904616951942444,0.6079725623130798,0.6095684170722961,11.153897285461426,8.624412536621094,10.850469589233398,0.40609312057495117,0.2831502854824066,0.9362295269966125,13.926807403564453,0,0.18888770043849945,19.001327514648438,10.762808799743652,37,25,30,0,
2025-12-30 10:07:20.806000,4d,Toxicity,Original,,87.36172485351562,2.281611204147339,199.1358184814453,0.6329376101493835,0.631422758102417,0.6477642059326172,11.153897285461426,8.539360046386719,9.873588562011719,0.3987238109111786,0.28819942474365234,0.8416464924812317,11.86484432220459,0,0.19236843287944794,15.171995162963867,9.580699920654297,37,25,30,0,
2025-12-30 10:07:20.806000,FinePointe Series WBP [SN 10499C]  Site 3 Bias Flow is out of range.,,,,,,,,,,,,,,,,,,,,,,,,,
2025-12-30 10:07:22.806000,4d,Toxicity,Original,,79.06007385253906,2.2202463150024414,175.13314819335938,0.5722721219062805,0.5623030066490173,0.6716436147689819,11.153897285461426,7.908016204833984,9.803773880004883,0.39497363567352295,0.37141361832618713,0.8333133459091187,11.380290985107422,0,0.25074446201324463,14.88449764251709,5.4773101806640625,37,25,30,0,
2025-12-30 10:07:22.806000,FinePointe Series WBP [SN 139781]  Site 4 Bias Flow is out of range.,,,,,,,,,,,,,,,,,,,,,,,,,
2025-12-30 10:07:24.806000,4d,Toxicity,Original,,86.18375396728516,2.272181272506714,195.8613739013672,0.6988791227340698,0.6362611055374146,0.7388646602630615,11.153897285461426,8.156705856323242,10.338691711425781,0.40691447257995605,0.2893485128879547,0.8656879663467407,10.340313911437988,0,0.18637286126613617,16.37731170654297,8.026301383972168,37,25,30,0,
2025-12-30 10:07:26.806000,4d,Toxicity,Original,,88.1058578491211,2.2410531044006348,197.4348907470703,0.7471928596496582,0.6478663682937622,0.5519748330116272,11.153897285461426,8.771284103393555,10.670575141906738,0.4018673300743103,0.2792063355445862,0.9049490094184875,11.781468391418457,0,0.18026474118232727,16.823711395263672,11.23826789855957,37,25,30,0,
2025-12-30 10:07:28.806000,4d,Toxicity,Original,,89.19471740722656,2.2763733863830566,203.16233825683594,0.6565433144569397,0.6220194697380066,0.6633592844009399,11.153897285461426,9.127874374389648,10.935072898864746,0.39301201701164246,0.2797639071941376,0.9159014821052551,12.453226089477539,0,0.18228037655353546,16.908157348632812,11.223610877990723,37,25,30,0,
2025-12-30 10:07:30.806000,4d,Toxicity,Original,,88.99283599853516,2.2657535076141357,201.75015258789062,0.6496118307113647,0.6338174343109131,0.6680651903152466,11.153897285461426,9.432366371154785,10.782320022583008,0.39624106884002686,0.2783900797367096,0.8762301206588745,11.006900787353516,0,0.18114517629146576,16.79306411743164,9.154638290405273,37,25,30,0,
2025-12-30 10:07:30.806000,FinePointe Series WBP [SN 10499C]  Site 3 Bias Flow is out of range.,,,,,,,,,,,,,,,,,,,,,,,,,
2025-12-30 10:07:32.806000,4d,Toxicity,Original,,86.46478271484375,2.1959116458892822,189.8953094482422,0.8293740153312683,0.6598067879676819,0.5514422655105591,11.153897285461426,8.571880340576172,11.082592010498047,0.4052693247795105,0.28867268562316895,0.9396718144416809,13.6202974319458,0,0.18473944067955017,15.902657508850098,9.941733360290527,37,25,30,0,
2025-12-30 10:07:32.806000,FinePointe Series WBP [SN 139781]  Site 4 Bias Flow is out of range.,,,,,,,,,,,,,,,,,,,,,,,,,
2025-12-30 10:07:34.806000,4d,Toxicity,Original,,89.00897216796875,2.138319492340088,190.17831420898438,0.7933799624443054,0.6189476251602173,0.636965811252594,11.153897285461426,8.127416610717773,11.287822723388672,0.3919948637485504,0.282614529132843,0.9636560678482056,11.024627685546875,0,0.18644151091575623,15.53030776977539,9.485687255859375,37,25,30,0,
2025-12-30 10:07:36.806000,4d,Toxicity,Original,,87.87189483642578,2.3419647216796875,205.8399200439453,0.7025598287582397,0.6346573829650879,0.6587152481079102,11.153897285461426,9.188846588134766,11.494485855102539,0.39806240797042847,0.28548240661621094,0.9797272086143494,13.055912971496582,0,0.1858256310224533,16.249008178710938,12.192328453063965,37,25,30,0,
2025-12-30 10:07:38.806000,4d,Toxicity,Original,,86.10113525390625,2.255129814147949,194.24185180664062,0.6579538583755493,0.5810036063194275,0.6381560564041138,11.153897285461426,8.771408081054688,11.45810317993164,0.41099363565444946,0.28615421056747437,0.9856740236282349,13.340831756591797,0,0.19124165177345276,20.11859130859375,8.823780059814453,37,25,30,0,
2025-12-30 10:07:40.806000,4d,Toxicity,Original,,86.65790557861328,2.2652809619903564,196.30140686035156,0.5421546697616577,0.5534524321556091,0.7963014841079712,11.153897285461426,9.020220756530762,10.730711936950684,0.40201327204704285,0.2903811037540436,0.8352290987968445,15.77975845336914,0,0.2059204876422882,18.75238609313965,6.939300060272217,37,25,30,0,
2025-12-30 10:07:40.806000,FinePointe Series WBP [SN 10499C]  Site 3 Bias Flow is out of range.,,,,,,,,,,,,,,,,,,,,,,,,,
2025-12-30 10:07:42.806000,4d,Toxicity,Original,,89.18791961669922,2.1588637828826904,192.5612335205078,0.6604018807411194,0.62596195936203,0.6402453780174255,11.153897285461426,8.97930908203125,10.95763874053955,0.38877034187316895,0.283975213766098,0.9506595134735107,16.521207809448242,0,0.18631550669670105,19.35684585571289,10.095429420471191,37,25,30,0,
2025-12-30 10:07:42.806000,FinePointe Series WBP [SN 139781]  Site 4 Bias Flow is out of range.,,,,,,,,,,,,,,,,,,,,,,,,,
2025-12-30 10:07:44.806000,4d,Toxicity,Original,,86.7760009765625,2.175757884979248,188.68479919433594,0.596371054649353,0.6094071865081787,0.6765979528427124,11.153897285461426,9.483648300170898,10.595298767089844,0.40189021825790405,0.2896715998649597,0.8569843769073486,12.916296005249023,0,0.18840664625167847,19.239879608154297,10.608907699584961,37,25,30,0,
2025-12-30 10:07:46.806000,4d,Toxicity,Original,,87.04427337646484,2.2963321208953857,199.8506317138672,0.7211852073669434,0.6417698860168457,0.5625336766242981,11.153897285461426,8.891707420349121,10.570775985717773,0.4037008583545685,0.2856220006942749,0.935234785079956,11.449880599975586,0,0.18208026885986328,17.17221450805664,9.91903018951416,37,25,30,0,
2025-12-30 10:07:48.806000,4d,Toxicity,Original,,86.06853485107422,2.362340211868286,203.24903869628906,0.6294671297073364,0.5692492723464966,0.7529215216636658,11.153897285461426,8.718843460083008,11.650118827819824,0.4113028645515442,0.28589823842048645,0.8546615242958069,12.28302001953125,0,0.19206735491752625,17.30179214477539,7.477977275848389,37,25,30,0,
2025-12-30 10:07:50.806000,4d,Toxicity,Original,,86.826904296875,2.2889199256896973,198.74099731445312,0.6364465951919556,0.6212931871414185,0.6464463472366333,11.153897285461426,9.073572158813477,10.7850341796875,0.3927493393421173,0.29836657643318176,0.9091176390647888,13.415972709655762,0,0.19731047749519348,17.525270462036133,10.248083114624023,37,25,30,0,
2025-12-30 10:07:50.806000,FinePointe Series WBP [SN 10499C]  Site 3 Bias Flow is out of range.,,,,,,,,,,,,,,,,,,,,,,,,,
2025-12-30 10:07:52.806000,4d,Toxicity,Original,,87.62105560302734,2.2108652591705322,193.69638061523438,0.7215993404388428,0.6588060855865479,0.5553526878356934,11.153897285461426,9.122843742370605,10.807024002075195,0.40542659163475037,0.27974265813827515,0.9355562329292297,12.572778701782227,0,0.17952579259872437,19.081628799438477,10.681746482849121,37,25,30,0,
2025-12-30 10:07:52.806000,FinePointe Series WBP [SN 139781]  Site 4 Bias Flow is out of range.,,,,,,,,,,,,,,,,,,,,,,,,,
2025-12-30 10:07:54.806000,4d,Toxicity,Original,,86.83930206298828,2.2610764503479004,196.4214630126953,0.687802791595459,0.6568281650543213,0.5220218300819397,11.153897285461426,9.211485862731934,10.56002426147461,0.3948892056941986,0.29609227180480957,0.9044187068939209,15.66718578338623,0,0.1898764818906784,17.358835220336914,10.802811622619629,37,25,30,0,
2025-12-30 10:07:56.806000,4d,Toxicity,Original,,85.70915222167969,2.1869351863861084,187.4627685546875,0.5987374782562256,0.5815719962120056,0.7911149859428406,11.153897285461426,8.025236129760742,10.248211860656738,0.40337657928466797,0.297069787979126,0.8339902758598328,15.994314193725586,0,0.1986115723848343,17.88726234436035,7.569447040557861,37,25,30,0,
2025-12-30 10:07:58.806000,4d,Toxicity,Original,,88.2037353515625,2.0928618907928467,183.29263305664062,0.577120304107666,0.5497506260871887,0.6460208892822266,11.153897285461426,9.415312767028809,10.754236221313477,0.3760775923728943,0.3065507709980011,0.9153385162353516,19.588802337646484,0,0.2109592705965042,20.35405731201172,9.831742286682129,37,25,30,0,
2025-12-30 10:08:00.806000,4d,Toxicity,Original,,87.17284393310547,2.34480881690979,204.1481475830078,0.5300295948982239,0.5635173320770264,0.6794955134391785,11.153897285461426,9.49380111694336,10.802223205566406,0.39633235335350037,0.29247841238975525,0.8861580491065979,14.70458698272705,0,0.20068062841892242,18.574256896972656,8.853684425354004,37,25,30,0,
2025-12-30 10:08:00.806000,FinePointe Series WBP [SN 10499C]  Site 3 Bias Flow is out of range.,,,,,,,,,,,,,,,,,,,,,,,,,
2025-12-30 10:08:02.806000,4d,Toxicity,Original,,85.09977722167969,2.275404930114746,193.65167236328125,0.6736164093017578,0.6049469709396362,0.6514965295791626,11.153897285461426,8.245359420776367,10.473743438720703,0.4120171070098877,0.29321569204330444,0.8566713929176331,12.7824068069458,0,0.19179341197013855,17.460500717163086,9.93498706817627,37,25,30,0,
2025-12-30 10:08:02.806000,FinePointe Series WBP [SN 139781]  Site 4 Bias Flow is out of range.,,,,,,,,,,,,,,,,,,,,,,,,,
2025-12-30 10:08:04.806000,4d,Toxicity,Original,,86.2822494506836,2.2760112285614014,196.3837127685547,0.6627321243286133,0.6020240187644958,0.6313836574554443,11.153897285461426,8.829286575317383,10.881753921508789,0.40107637643814087,0.294466495513916,0.9462435245513916,10.712894439697266,0,0.19390155375003815,15.604896545410156,9.197609901428223,37,25,30,0,
2025-12-30 10:08:06.806000,4d,Toxicity,Original,,88.91902160644531,2.1621017456054688,192.1256103515625,0.6190989017486572,0.6192905306816101,0.715884804725647,11.153897285461426,8.625306129455566,10.03699779510498,0.38668718934059143,0.2884744703769684,0.7943572998046875,13.135319709777832,0,0.18830658495426178,16.638511657714844,9.071200370788574,37,25,30,0,
2025-12-30 10:08:08.806000,4d,Toxicity,Original,,90.04886627197266,2.236668586730957,201.31109619140625,0.6932278275489807,0.6260023713111877,0.7246782779693604,11.153897285461426,9.184844017028809,10.875998497009277,0.3802061676979065,0.2862527072429657,0.838088870048523,9.997989654541016,0,0.18350782990455627,12.5849027633667,10.279601097106934,37,25,30,0,
2025-12-30 10:08:10.806000,4d,Toxicity,Original,,88.7972183227539,2.249178886413574,199.40182495117188,0.7934756278991699,0.6270582675933838,0.600523054599762,11.153897285461426,8.604425430297852,11.533403396606445,0.39281681180000305,0.28342291712760925,0.9835500717163086,13.869902610778809,0,0.184406116604805,16.47018051147461,9.718461990356445,37,25,30,0,
2025-12-30 10:08:10.806000,FinePointe Series WBP [SN 10499C]  Site 3 Bias Flow is out of range.,,,,,,,,,,,,,,,,,,,,,,,,,
2025-12-30 10:08:12.806000,4d,Toxicity,Original,,87.20232391357422,2.2169835567474365,193.37985229492188,0.7400237917900085,0.6760358214378357,0.6482475996017456,11.153897285461426,8.315125465393066,10.04870319366455,0.39810264110565186,0.2899825870990753,0.8465563654899597,9.842459678649902,0,0.18182122707366943,12.81929874420166,11.368247985839844,37,25,30,0,
2025-12-30 10:08:12.806000,FinePointe Series WBP [SN 139781]  Site 4 Bias Flow is out of range.,,,,,,,,,,,,,,,,,,,,,,,,,
2025-12-30 10:08:14.806000,4d,Toxicity,Original,,85.22885131835938,2.2308871746063232,190.02438354492188,0.6705335974693298,0.5962767004966736,0.7381221055984497,11.153897285461426,8.76827335357666,11.058990478515625,0.4155654013156891,0.28890758752822876,0.8920646905899048,10.644989013671875,0,0.19007594883441925,17.989524841308594,7.710158824920654,37,25,30,0,
2025-12-30 10:08:16.806000,4d,Toxicity,Original,,87.32945251464844,2.2407608032226562,195.68679809570312,0.7510579228401184,0.634499728679657,0.7072007060050964,11.153897285461426,8.318291664123535,10.556631088256836,0.39648565649986267,0.2906288802623749,0.833995521068573,11.297895431518555,0,0.1869102269411087,15.335230827331543,7.758960723876953,37,25,30,0,
2025-12-30 10:08:18.806000,4d,Toxicity,Original,,88.46391296386719,2.348602294921875,207.736083984375,0.6034086346626282,0.5986531376838684,0.5666365623474121,11.153897285461426,9.523492813110352,10.277251243591309,0.4006200432777405,0.27771562337875366,0.8970824480056763,16.063138961791992,0,0.19577829539775848,18.139123916625977,10.430624961853027,37,25,30,0,
2025-12-30 10:08:20.806000,4d,Toxicity,Original,,89.31901550292969,2.117856740951538,189.14944458007812,0.7196170687675476,0.6346340775489807,0.6020081043243408,11.153897285461426,8.357999801635742,10.589193344116211,0.38323286175727844,0.28896039724349976,0.8946932554244995,12.184488296508789,0,0.18696315586566925,15.25160026550293,11.70477294921875,37,25,30,0,
2025-12-30 10:08:20.806000,FinePointe Series WBP [SN 10499C]  Site 3 Bias Flow is out of range.,,,,,,,,,,,,,,,,,,,,,,,,,
2025-12-30 10:08:22.806000,4d,Toxicity,Original,,86.73519134521484,2.210911512374878,191.6546630859375,0.7588101029396057,0.6063247919082642,0.5845020413398743,11.153897285461426,8.353719711303711,10.552576065063477,0.39721956849098206,0.29490578174591064,0.9246051907539368,12.11729907989502,0,0.19918732345104218,16.36071014404297,9.310077667236328,37,25,30,0,
2025-12-30 10:08:22.806000,FinePointe Series WBP [SN 139781]  Site 4 Bias Flow is out of range.,,,,,,,,,,,,,,,,,,,,,,,,,
2025-12-30 10:08:24.806000,4d,Toxicity,Original,,90.42469787597656,2.1996707916259766,199.009521484375,0.6477841734886169,0.6221095323562622,0.6663628220558167,11.153897285461426,8.74569320678711,10.480003356933594,0.3779480457305908,0.2857123911380768,0.8718134164810181,11.416330337524414,0,0.18481463193893433,15.839828491210938,11.576641082763672,37,25,30,0,
2025-12-30 10:08:26.806000,4d,Toxicity,Original,,86.61114501953125,2.267841100692749,196.3695526123047,0.613950788974762,0.5783395767211914,0.720737099647522,11.153897285461426,9.2037935256958,11.160168647766113,0.4059152901172638,0.2869146168231964,0.8884197473526001,13.152219772338867,0,0.19001470506191254,16.690444946289062,9.086851119995117,37,25,30,0,
2025-12-30 10:08:28.806000,4d,Toxicity,Original,,85.90071105957031,2.2028872966766357,189.23236083984375,0.5757191777229309,0.580043613910675,0.6525506973266602,11.153897285461426,8.90585708618164,10.179604530334473,0.4060935378074646,0.29239118099212646,0.8193067312240601,13.544681549072266,0,0.19530287384986877,17.081645965576172,9.916267395019531,37,25,30,0,
2025-12-30 10:08:30.806000,4d,Toxicity,Original,,81.8778305053711,2.2307493686676025,183.72056579589844,0.5542120933532715,0.5522658824920654,0.7317723035812378,11.153897285461426,9.14663028717041,10.938709259033203,0.39473089575767517,0.3485674262046814,0.8365788459777832,14.23735237121582,0,0.2421206831932068,19.60529327392578,9.6809720993042,37,25,30,0,
2025-12-30 10:08:32.806000,4d,Toxicity,Original,,90.1927719116211,2.1804871559143066,196.7921142578125,0.7666468620300293,0.6561792492866516,0.648270845413208,11.153897285461426,10.151361465454102,12.764436721801758,0.3780570328235626,0.2878691256046295,0.8809105157852173,12.366991996765137,0,0.18031170964241028,17.608707427978516,9.353976249694824,37,25,30,0,
2025-12-30 10:08:32.806000,FinePointe Series WBP [SN 139781]  Site 4 Bias Flow is out of range.,,,,,,,,,,,,,,,,,,,,,,,,,
2025-12-30 10:08:34.806000,4d,Toxicity,Original,,88.31880950927734,2.2250163555145264,196.55271911621094,0.6679325699806213,0.578109860420227,0.578032910823822,11.153897285461426,10.103203773498535,12.907255172729492,0.39566943049430847,0.28470689058303833,0.9775856137275696,55.360679626464844,0,0.1885022222995758,21.423612594604492,9.333860397338867,37,25,30,0,
2025-12-30 10:08:36.806000,4d,Toxicity,Original,,88.17790222167969,2.3437135219573975,206.74888610839844,0.6533831357955933,0.601909875869751,0.7565895318984985,11.153897285461426,9.581643104553223,11.43818473815918,0.40237563848495483,0.2782125771045685,0.9098038077354431,11.624032974243164,0,0.18217064440250397,15.293970108032227,8.269107818603516,37,25,30,0,
2025-12-30 10:08:38.806000,4d,Toxicity,Original,,90.80657196044922,2.2552807331085205,205.33384704589844,0.7303572297096252,0.5927690267562866,0.731045663356781,11.153897285461426,10.294720649719238,14.378796577453613,0.3628065884113312,0.30294567346572876,0.979688823223114,11.476959228515625,7.275487899780273,0.1969466209411621,17.044363021850586,6.982810020446777,37,25,30,0,
2025-12-30 10:08:40.806000,4d,Toxicity,Original,,87.7896957397461,2.3368642330169678,205.1482696533203,0.5670354962348938,0.5885588526725769,0.6396250128746033,11.153897285461426,9.71717357635498,11.294315338134766,0.390651673078537,0.2928093671798706,0.9422799944877625,14.765615463256836,0,0.193280428647995,19.040546417236328,7.8790106773376465,37,25,30,0,
2025-12-30 10:08:42.806000,4d,Toxicity,Original,,87.97474670410156,2.2346084117889404,196.6044158935547,0.6276444792747498,0.5944178104400635,0.6603620648384094,11.153897285461426,8.738253593444824,10.846006393432617,0.4001047909259796,0.2820887565612793,0.9100490212440491,14.44322395324707,0,0.1879221498966217,18.011966705322266,9.050947189331055,37,25,30,0,
2025-12-30 10:08:42.806000,FinePointe Series WBP [SN 10499C]  Site 3 Bias Flow is out of range.,,,,,,,,,,,,,,,,,,,,,,,,,
2025-12-30 10:08:42.806000,FinePointe Series WBP [SN 139781]  Site 4 Bias Flow is out of range.,,,,,,,,,,,,,,,,,,,,,,,,,
2025-12-30 10:08:44.806000,4d,Toxicity,Original,,89.00618743896484,2.22078013420105,197.72943115234375,0.6838075518608093,0.6488752365112305,0.6726118326187134,11.153897285461426,9.441055297851562,10.5659761428833,0.3956966698169708,0.2785376310348511,0.8948836922645569,11.470260620117188,0,0.17824414372444153,16.087392807006836,10.900252342224121,37,25,30,0,
2025-12-30 10:08:46.806000,4d,Toxicity,Original,,87.3414306640625,2.3504953384399414,205.13043212890625,0.703904390335083,0.6012385487556458,0.6903152465820312,11.153897285461426,9.033832550048828,11.68551254272461,0.4052206873893738,0.28243517875671387,0.9295582175254822,11.280838966369629,0,0.18601812422275543,15.797059059143066,9.800531387329102,37,25,30,0,
2025-12-30 10:08:48.806000,4d,Toxicity,Original,,90.64067840576172,2.3096556663513184,209.3196563720703,0.7852277159690857,0.6401734948158264,0.6681839823722839,11.153897285461426,9.396195411682129,12.63223648071289,0.3979317843914032,0.264309287071228,1.061497688293457,6.6440043449401855,0,0.1715778410434723,17.791582107543945,9.486949920654297,37,25,30,0,
2025-12-30 10:08:50.806000,4d,Toxicity,Original,,87.62125396728516,2.3876495361328125,209.31756591796875,0.5611104965209961,0.5880544185638428,0.7282552123069763,11.153897285461426,10.550556182861328,11.603487968444824,0.40235987305641174,0.2825719118118286,0.8915140628814697,11.947297096252441,0,0.18898294866085052,19.628629684448242,10.481609344482422,37,25,30,0,
2025-12-30 10:08:52.806000,4d,Toxicity,Original,,89.31818389892578,2.2237014770507812,198.33294677734375,0.648358166217804,0.617622435092926,0.7132155299186707,11.153897285461426,9.505914688110352,11.12221908569336,0.39590510725975037,0.2763134837150574,0.9586932063102722,12.960888862609863,0,0.17982539534568787,17.051782608032227,12.105810165405273,37,25,30,0,
2025-12-30 10:08:52.806000,FinePointe Series WBP [SN 10499C]  Site 3 Bias Flow is out of range.,,,,,,,,,,,,,,,,,,,,,,,,,
2025-12-30 10:08:52.806000,FinePointe Series WBP [SN 139781]  Site 4 Bias Flow is out of range.,,,,,,,,,,,,,,,,,,,,,,,,,
2025-12-30 10:08:54.806000,4d,Toxicity,Original,,90.40840911865234,2.265488862991333,204.8033447265625,0.7724388837814331,0.6298530101776123,0.6113852262496948,11.153897285461426,8.607431411743164,11.597609519958496,0.3902406394481659,0.2736020088195801,0.9841497540473938,11.363032341003418,0,0.17882268130779266,15.380191802978516,10.375675201416016,37,25,30,0,
2025-12-30 10:08:56.806000,4d,Toxicity,Original,,89.21714782714844,2.2241384983062744,198.43128967285156,0.8477635383605957,0.6623660922050476,0.6270142197608948,11.153897285461426,7.981840133666992,9.643172264099121,0.3950107991695404,0.27750566601753235,0.797002375125885,8.515021324157715,0,0.17521929740905762,11.312068939208984,8.672284126281738,37,25,30,0,
2025-12-30 10:08:58.806000,4d,Toxicity,Original,,89.79037475585938,2.244854211807251,201.73643493652344,0.6449527144432068,0.6286131739616394,0.5352823138237,11.153897285461426,9.863306045532227,10.8236083984375,0.37236684560775757,0.2963406443595886,0.884782075881958,15.837732315063477,0,0.18700651824474335,15.304258346557617,9.386903762817383,37,25,30,40,
2025-12-30 10:09:00.806000,4d,Toxicity,Original,,93.58679962158203,2.1535420417785645,201.49057006835938,0.5643518567085266,0.5682846307754517,0.7565646171569824,11.153897285461426,10.73500919342041,12.189274787902832,0.37196284532546997,0.2692038118839264,0.9371221661567688,16.065601348876953,0,0.1812410056591034,19.99119758605957,6.8987274169921875,37,25,30,0,
2025-12-30 10:09:02.806000,4d,Toxicity,Original,,91.55501556396484,2.292151927947998,209.14956665039062,0.6783570647239685,0.5748060941696167,0.6839033961296082,11.153897285461426,8.948652267456055,11.339539527893066,0.3809686303138733,0.2749641537666321,0.9353991150856018,13.771509170532227,0,0.18265599012374878,16.677745819091797,7.286238670349121,37,25,30,0,
2025-12-30 10:09:02.806000,FinePointe Series WBP [SN 10499C]  Site 3 Bias Flow is out of range.,,,,,,,,,,,,,,,,,,,,,,,,,
2025-12-30 10:09:02.806000,FinePointe Series WBP [SN 139781]  Site 4 Bias Flow is out of range.,,,,,,,,,,,,,,,,,,,,,,,,,
2025-12-30 10:09:04.806000,4d,Toxicity,Original,,90.11048126220703,2.2529683113098145,203.01771545410156,0.707273542881012,0.6036987900733948,0.636421263217926,11.153897285461426,8.672260284423828,11.403013229370117,0.38390594720840454,0.28194406628608704,0.9373998045921326,11.32741641998291,0,0.18464162945747375,15.52644157409668,8.654593467712402,37,25,30,0,
2025-12-30 10:09:06.806000,4d,Toxicity,Original,,91.66473388671875,2.1986353397369385,201.4617156982422,0.7356903553009033,0.6699294447898865,0.5918219089508057,11.153897285461426,9.745479583740234,11.425185203552246,0.3765852451324463,0.2782440185546875,0.8748100399971008,13.895752906799316,7.629930019378662,0.17658169567584991,16.227968215942383,8.490193367004395,37,25,30,0,
2025-12-30 10:09:08.806000,4d,Toxicity,Original,,89.91222381591797,2.2393312454223633,200.99293518066406,0.6979731917381287,0.5959752202033997,0.616906464099884,11.153897285461426,10.66453742980957,13.234177589416504,0.3790164291858673,0.2906491160392761,1.0782032012939453,25.71417999267578,0,0.1964704841375351,18.912147521972656,11.642064094543457,37,25,30,0,
2025-12-30 10:09:10.806000,4d,Toxicity,Original,,93.3927230834961,2.284485340118408,212.56338500976562,0.8255313038825989,0.6853054761886597,0.6060892939567566,11.153897285461426,10.43618106842041,13.909374237060547,0.36284878849983215,0.2813211977481842,0.9337337017059326,23.019975662231445,8.70067024230957,0.17371197044849396,15.452473640441895,8.558453559875488,37,25,30,0,
2025-12-30 10:09:12.806000,4d,Toxicity,Original,,91.47368621826172,2.270611524581909,207.78652954101562,0.6155831217765808,0.6338996887207031,0.6896661520004272,11.153897285461426,10.007678031921387,11.104722023010254,0.36785125732421875,0.28811153769493103,0.899427056312561,8.404397964477539,0,0.1809774935245514,15.609716415405273,10.61912727355957,37,25,30,0,
2025-12-30 10:09:12.806000,FinePointe Series WBP [SN 139781]  Site 4 Bias Flow is out of range.,,,,,,,,,,,,,,,,,,,,,,,,,
2025-12-30 10:09:14.806000,4d,Toxicity,Original,,91.87805938720703,2.1870954036712646,200.67880249023438,0.8019853830337524,0.7116170525550842,0.6643610000610352,11.153897285461426,10.027941703796387,12.066607475280762,0.36562514305114746,0.2878064811229706,0.8588516712188721,15.107331275939941,18.1196231842041,0.17923934757709503,14.2315673828125,7.890980243682861,37,25,30,0,
2025-12-30 10:09:16.806000,4d,Toxicity,Original,,97.98255157470703,1.975770354270935,192.9513702392578,0.5850494503974915,0.5527426600456238,0.6338621973991394,11.153897285461426,11.082710266113281,14.080672264099121,0.34089577198028564,0.2748655080795288,1.0157523155212402,26.62566566467285,0,0.1871667206287384,20.00836753845215,7.399453639984131,37,25,30,0,
2025-12-30 10:09:20.806000,4d,Toxicity,Original,,95.65201568603516,2.2240490913391113,212.32513427734375,0.5334727764129639,0.560302734375,0.7325072288513184,11.153897285461426,10.820298194885254,11.694358825683594,0.3578163981437683,0.2699000835418701,0.9875195026397705,12.454263687133789,0,0.18320786952972412,18.543106079101562,11.521045684814453,37,25,30,66.66666412353516,
2025-12-30 10:09:22.806000,4d,Toxicity,Original,,92.59310913085938,2.1571433544158936,199.62669372558594,0.6592630743980408,0.5863475799560547,0.686143696308136,11.153897285461426,9.496598243713379,12.191323280334473,0.3661278486251831,0.2829192578792572,0.9820270538330078,12.315376281738281,0,0.18609388172626495,15.849465370178223,10.889057159423828,37,25,30,0,
2025-12-30 10:09:22.806000,FinePointe Series WBP [SN 139781]  Site 4 Bias Flow is out of range.,,,,,,,,,,,,,,,,,,,,,,,,,
2025-12-30 10:09:24.806000,4d,Toxicity,Original,,93.36521911621094,2.2025444507598877,205.77342224121094,0.7152255177497864,0.6330385208129883,0.7666438221931458,11.153897285461426,9.1752347946167,10.866029739379883,0.3689822256565094,0.2738332450389862,0.9132912158966064,12.62109088897705,0,0.17549055814743042,14.149116516113281,9.010032653808594,37,25,30,0,
2025-12-30 10:09:24.806000,FinePointe Series WBP [SN 10499C]  Site 3 Bias Flow is out of range.,,,,,,,,,,,,,,,,,,,,,,,,,
2025-12-30 10:09:26.806000,4d,Toxicity,Original,,92.09246063232422,2.2814555168151855,209.9332275390625,0.624017059803009,0.6228699684143066,0.6774702668190002,11.153897285461426,9.551434516906738,10.797478675842285,0.38202202320098877,0.2698400318622589,0.8652772903442383,11.862003326416016,0,0.1746961623430252,15.094832420349121,11.674910545349121,37,25,30,0,
2025-12-30 10:09:28.806000,4d,Toxicity,Original,,93.09747314453125,2.1081337928771973,196.2249298095703,0.7061472535133362,0.6037932634353638,0.7077131867408752,11.153897285461426,8.523435592651367,10.81136703491211,0.3768477141857147,0.2676539421081543,0.9083685278892517,10.48629379272461,0,0.17530791461467743,14.95313549041748,9.66072940826416,37,25,30,0,
2025-12-30 10:09:30.806000,4d,Toxicity,Original,,84.36943817138672,2.306715250015259,195.486328125,0.5689437985420227,0.5514559149742126,0.7739159464836121,11.153897285461426,8.853833198547363,10.10498046875,0.3861473500728607,0.3306593894958496,0.8353551030158997,12.02922248840332,0,0.22352038323879242,16.725791931152344,7.304537296295166,37,25,30,0,
2025-12-30 10:09:32.806000,4d,Toxicity,Original,,89.99043273925781,2.1518688201904297,193.57908630371094,0.606887936592102,0.5785036683082581,0.7068746089935303,11.153897285461426,9.187888145446777,10.991128921508789,0.3849957287311554,0.28180235624313354,0.8541955947875977,10.277243614196777,0,0.18769913911819458,15.098196029663086,10.548219680786133,37,25,30,0,
2025-12-30 10:09:32.806000,FinePointe Series WBP [SN 139781]  Site 4 Bias Flow is out of range.,,,,,,,,,,,,,,,,,,,,,,,,,
2025-12-30 10:09:32.806000,FinePointe Series WBP [SN 10499C]  Site 3 Bias Flow is out of range.,,,,,,,,,,,,,,,,,,,,,,,,,
2025-12-30 10:09:34.806000,4d,Toxicity,Original,,90.48263549804688,2.0731918811798096,187.49485778808594,0.8573666214942932,0.6775498390197754,0.5125513672828674,11.153897285461426,7.976812362670898,10.527597427368164,0.3762935698032379,0.2870544195175171,0.938321053981781,11.641122817993164,0,0.17924530804157257,13.81992244720459,10.742025375366211,37,25,30,0,
2025-12-30 10:09:36.806000,4d,Toxicity,Original,,89.82398986816406,2.285017251968384,205.03128051757812,0.6576845049858093,0.618830680847168,0.7293924689292908,11.153897285461426,8.492319107055664,10.249821662902832,0.3896677792072296,0.2786964178085327,0.8330379128456116,9.82514762878418,0,0.1793980598449707,12.612977027893066,8.354907989501953,37,25,30,0,
2025-12-30 10:09:38.806000,4d,Toxicity,Original,,90.15218353271484,2.177122116088867,196.2862091064453,0.7493475675582886,0.5915987491607666,0.6866158843040466,11.153897285461426,8.444880485534668,12.012247085571289,0.39291590452194214,0.27265799045562744,1.0384316444396973,12.900696754455566,0,0.1804870367050171,17.37244415283203,9.086013793945312,37,25,30,0,
2025-12-30 10:09:40.806000,4d,Toxicity,Original,,89.43569946289062,2.233400821685791,199.35458374023438,0.570077121257782,0.561154842376709,0.7228624224662781,11.153897285461426,9.224188804626465,10.844552993774414,0.3722928762435913,0.3038322627544403,0.8485069274902344,13.53752326965332,0,0.2074635773897171,15.666558265686035,8.335932731628418,37,25,30,0,
2025-12-30 10:09:42.806000,4d,Toxicity,Original,,91.82254028320312,2.2501399517059326,206.25747680664062,0.5368020534515381,0.5469546914100647,0.7665804624557495,11.153897285461426,9.55032730102539,11.200730323791504,0.37947386503219604,0.2745400667190552,0.8941582441329956,12.704861640930176,0,0.18519307672977448,18.228710174560547,8.097575187683105,37,25,30,0,
2025-12-30 10:09:42.806000,FinePointe Series WBP [SN 139781]  Site 4 Bias Flow is out of range.,,,,,,,,,,,,,,,,,,,,,,,,,
2025-12-30 10:09:42.806000,FinePointe Series WBP [SN 10499C]  Site 3 Bias Flow is out of range.,,,,,,,,,,,,,,,,,,,,,,,,,
2025-12-30 10:09:44.806000,4d,Toxicity,Original,,93.28803253173828,2.2077112197875977,205.9930419921875,0.6781047582626343,0.5742464661598206,0.6999748945236206,11.153897285461426,8.971640586853027,11.942119598388672,0.37665873765945435,0.26656341552734375,0.9954584836959839,12.964034080505371,0,0.18138852715492249,14.966984748840332,9.158019065856934,37,25,30,0,
2025-12-30 10:09:46.806000,4d,Toxicity,Original,,93.87456512451172,2.230273723602295,209.51487731933594,0.6913248896598816,0.5591474771499634,0.7527264356613159,11.153897285461426,8.613851547241211,12.33053970336914,0.371919184923172,0.26752516627311707,0.9266847372055054,10.90634822845459,0,0.17893511056900024,12.594917297363281,8.069290161132812,37,25,30,0,
2025-12-30 10:09:48.806000,4d,Toxicity,Original,,92.909912109375,2.232846975326538,207.40379333496094,0.6880592107772827,0.6190683245658875,0.622586727142334,11.153897285461426,9.283102989196777,10.624982833862305,0.3758324384689331,0.2701526880264282,0.8800872564315796,10.780689239501953,0,0.17461012303829193,16.051982879638672,9.32436752319336,37,25,30,0,
2025-12-30 10:09:50.806000,4d,Toxicity,Original,,90.75249481201172,2.107241630554199,191.09970092773438,0.7430328726768494,0.6110978126525879,0.7129114866256714,11.153897285461426,7.686433792114258,10.533143043518066,0.3897763192653656,0.27145227789878845,0.8254241347312927,11.151890754699707,0,0.17685207724571228,13.62168025970459,7.704843044281006,37,25,30,0,
2025-12-30 10:09:52.806000,4d,Toxicity,Original,,94.53915405273438,2.191162109375,207.15087890625,0.6606144905090332,0.5952542424201965,0.6819586157798767,11.153897285461426,9.425788879394531,11.82178783416748,0.36310186982154846,0.27156010270118713,0.9655697345733643,11.171150207519531,0,0.17788094282150269,15.74145793914795,10.045977592468262,37,25,30,0,
2025-12-30 10:09:52.806000,FinePointe Series WBP [SN 139781]  Site 4 Bias Flow is out of range.,,,,,,,,,,,,,,,,,,,,,,,,,
2025-12-30 10:09:52.806000,FinePointe Series WBP [SN 10499C]  Site 3 Bias Flow is out of range.,,,,,,,,,,,,,,,,,,,,,,,,,
2025-12-30 10:09:54.806000,4d,Toxicity,Original,,93.05010986328125,2.1878554821014404,203.52706909179688,0.6455536484718323,0.6151663064956665,0.689096212387085,11.153897285461426,9.417737007141113,10.664996147155762,0.3761400580406189,0.268716037273407,0.8881304860115051,12.1455717086792,0,0.17404568195343018,15.67662239074707,9.798081398010254,37,25,30,0,
2025-12-30 10:09:56.806000,4d,Toxicity,Original,,94.57571411132812,2.1045567989349365,198.99583435058594,0.6810328960418701,0.5719562768936157,0.6978151798248291,11.153897285461426,8.704671859741211,12.04044246673584,0.369954377412796,0.26481392979621887,0.9944494962692261,12.88521957397461,0,0.1764427125453949,17.512819290161133,8.809545516967773,37,25,30,0,
2025-12-30 10:09:58.806000,4d,Toxicity,Original,,92.28887176513672,2.175997495651245,200.7689666748047,0.6716646552085876,0.6345492005348206,0.6643897294998169,11.153897285461426,8.943267822265625,10.96732234954834,0.3729225993156433,0.2780034840106964,0.922255277633667,11.64781665802002,0,0.17940488457679749,16.213138580322266,11.472286224365234,37,25,30,0,
2025-12-30 10:10:00.806000,4d,Toxicity,Original,,95.88369750976562,2.102757215499878,201.75473022460938,0.675007700920105,0.642940104007721,0.7078055739402771,11.153897285461426,9.088021278381348,10.345830917358398,0.35498157143592834,0.2711176872253418,0.8659321069717407,10.68107795715332,0,0.17251908779144287,13.72509479522705,12.538980484008789,37,25,30,0,
2025-12-30 10:10:02.806000,4d,Toxicity,Original,,93.38639068603516,2.1239590644836426,198.4365997314453,0.757033109664917,0.586420476436615,0.6545038819313049,11.153897285461426,8.71741771697998,11.877001762390137,0.37575963139533997,0.26687678694725037,1.0203158855438232,14.357158660888672,0,0.17709797620773315,16.14988899230957,10.586280822753906,37,25,30,0,
2025-12-30 10:10:02.806000,FinePointe Series WBP [SN 139781]  Site 4 Bias Flow is out of range.,,,,,,,,,,,,,,,,,,,,,,,,,
2025-12-30 10:10:02.806000,FinePointe Series WBP [SN 10499C]  Site 3 Bias Flow is out of range.,,,,,,,,,,,,,,,,,,,,,,,,,
2025-12-30 10:10:04.806000,4d,Toxicity,Original,,93.96148681640625,2.1150386333465576,198.5146484375,0.6919087767601013,0.6023553609848022,0.6577693223953247,11.153897285461426,8.942217826843262,10.807878494262695,0.3722006678581238,0.2665310204029083,0.9220014810562134,11.652280807495117,0,0.17446795105934143,17.493709564208984,10.293047904968262,37,25,30,0,
2025-12-30 10:10:06.806000,4d,Toxicity,Original,,93.2155990600586,2.0044689178466797,186.42047119140625,0.6991923451423645,0.5676735043525696,0.6830971837043762,11.153897285461426,8.175265312194824,11.590407371520996,0.3726411461830139,0.27226850390434265,0.9606469869613647,12.97238826751709,0,0.18307234346866608,15.283740997314453,9.481823921203613,37,25,30,0,
2025-12-30 10:10:08.806000,4d,Toxicity,Original,,94.97618865966797,2.128697395324707,201.84466552734375,0.5942210555076599,0.5729604363441467,0.6621624827384949,11.153897285461426,9.489562034606934,10.99614143371582,0.35612156987190247,0.2763521373271942,0.8695577383041382,12.409180641174316,0,0.18722745776176453,15.324041366577148,9.491589546203613,37,25,30,0,
2025-12-30 10:10:10.806000,4d,Toxicity,Original,,94.84561157226562,2.0294899940490723,191.98492431640625,0.7327409982681274,0.6651525497436523,0.6389740705490112,11.153897285461426,8.674225807189941,10.132562637329102,0.3654790222644806,0.26807889342308044,0.8769724369049072,12.341859817504883,0,0.16874554753303528,16.858999252319336,11.526315689086914,37,25,30,0,
2025-12-30 10:10:12.806000,4d,Toxicity,Original,,91.90787506103516,1.878598928451538,172.21331787109375,0.6593705415725708,0.5686329007148743,0.6551214456558228,11.153897285461426,8.373844146728516,11.111310005187988,0.37291863560676575,0.28025689721107483,0.8921265006065369,18.04010009765625,0,0.18862704932689667,20.477109909057617,8.810930252075195,37,25,30,0,
2025-12-30 10:10:12.806000,FinePointe Series WBP [SN 139781]  Site 4 Bias Flow is out of range.,,,,,,,,,,,,,,,,,,,,,,,,,
2025-12-30 10:10:12.806000,FinePointe Series WBP [SN 10499C]  Site 3 Bias Flow is out of range.,,,,,,,,,,,,,,,,,,,,,,,,,
2025-12-30 10:10:14.806000,4d,Toxicity,Original,,92.59806823730469,2.1047189235687256,194.96070861816406,0.5836986303329468,0.609117865562439,0.6767438054084778,11.153897285461426,9.342482566833496,10.27217960357666,0.3608163893222809,0.2873370051383972,0.8978391289710999,15.478843688964844,0,0.1880723536014557,17.751832962036133,9.331869125366211,37,25,30,0,
2025-12-30 10:10:16.806000,4d,Toxicity,Original,,94.9911880493164,2.0689029693603516,196.59225463867188,0.585442841053009,0.580903947353363,0.5668365955352783,11.153897285461426,9.98114013671875,11.163788795471191,0.35340335965156555,0.2782554626464844,0.9593999981880188,21.660709381103516,0,0.18647298216819763,19.73185157775879,10.948633193969727,37,25,30,0,
2025-12-30 10:10:18.806000,4d,Toxicity,Original,,95.0435791015625,2.1838221549987793,207.57569885253906,0.6400351524353027,0.5867759585380554,0.6128879189491272,11.153897285461426,9.272993087768555,11.279927253723145,0.3528918921947479,0.2784464359283447,0.9708983898162842,11.58285140991211,0,0.18414539098739624,15.66478443145752,9.060351371765137,37,25,30,0,
2025-12-30 10:10:20.806000,4d,Toxicity,Original,,90.50016784667969,2.0389862060546875,184.46832275390625,0.6687315106391907,0.6056995987892151,0.677769124507904,11.153897285461426,8.341355323791504,10.469536781311035,0.3658200800418854,0.2971878945827484,0.8718518614768982,11.929518699645996,0,0.19225667417049408,14.099933624267578,8.69052505493164,37,25,30,0,
2025-12-30 10:10:22.806000,4d,Toxicity,Original,,90.94888305664062,2.2500035762786865,204.462158203125,0.6595858335494995,0.6175392270088196,0.6662070155143738,11.153897285461426,9.293057441711426,10.792535781860352,0.3791355490684509,0.2821454107761383,0.8488892912864685,11.783455848693848,0,0.1827852725982666,13.906106948852539,8.498323440551758,37,25,30,0,
2025-12-30 10:10:22.806000,FinePointe Series WBP [SN 139781]  Site 4 Bias Flow is out of range.,,,,,,,,,,,,,,,,,,,,,,,,,
2025-12-30 10:10:24.806000,4d,Toxicity,Original,,91.82479858398438,2.181349039077759,200.26119995117188,0.6617303490638733,0.5957857966423035,0.5794489979743958,11.153897285461426,9.255844116210938,11.088869094848633,0.3727818727493286,0.2806742191314697,0.9647690653800964,16.89860725402832,0,0.1910666674375534,18.004793167114258,9.995295524597168,37,25,30,0,
2025-12-30 10:10:24.806000,FinePointe Series WBP [SN 10499C]  Site 3 Bias Flow is out of range.,,,,,,,,,,,,,,,,,,,,,,,,,
2025-12-30 10:10:26.806000,4d,Toxicity,Original,,92.0660171508789,2.2395238876342773,205.288818359375,0.6610304117202759,0.5809003114700317,0.7184776663780212,11.153897285461426,9.283458709716797,11.779698371887207,0.37763068079948425,0.27542319893836975,0.9810294508934021,13.381585121154785,0,0.18325437605381012,17.54339027404785,9.510819435119629,37,25,30,0,
2025-12-30 10:10:28.806000,4d,Toxicity,Original,,94.1675033569336,2.1665163040161133,203.63604736328125,0.6746678352355957,0.6007876992225647,0.6394601464271545,11.153897285461426,8.957168579101562,11.525910377502441,0.3757625222206116,0.26205506920814514,0.9453266859054565,13.04235553741455,0,0.17461711168289185,17.497180938720703,9.429011344909668,37,25,30,0,
2025-12-30 10:10:30.806000,4d,Toxicity,Original,,89.06405639648438,2.085435152053833,185.49986267089844,0.552379310131073,0.5343709588050842,0.6775438189506531,11.153897285461426,9.005659103393555,10.667259216308594,0.36121895909309387,0.3210394084453583,0.8736373782157898,12.020703315734863,0,0.22319352626800537,15.99974250793457,7.633603096008301,37,25,30,0,
2025-12-30 10:10:32.806000,4d,Toxicity,Original,,94.06239318847656,2.10819149017334,198.3684844970703,0.6023086905479431,0.5238447785377502,0.773580014705658,11.153897285461426,8.746878623962402,11.736701965332031,0.37128642201423645,0.26702016592025757,0.9172687530517578,13.88869571685791,0,0.18622435629367828,17.753150939941406,8.964584350585938,37,25,30,0,
2025-12-30 10:10:32.806000,FinePointe Series WBP [SN 139781]  Site 4 Bias Flow is out of range.,,,,,,,,,,,,,,,,,,,,,,,,,
2025-12-30 10:10:32.806000,FinePointe Series WBP [SN 10499C]  Site 3 Bias Flow is out of range.,,,,,,,,,,,,,,,,,,,,,,,,,
2025-12-30 10:10:34.806000,4d,Toxicity,Original,,97.22006225585938,2.1327555179595947,207.35714721679688,0.6728936433792114,0.5942592024803162,0.6838942766189575,11.153897285461426,8.681097030639648,11.130946159362793,0.3636520504951477,0.25370359420776367,0.9404811263084412,11.317618370056152,0,0.1687888205051422,15.631753921508789,9.057341575622559,37,25,30,0,
2025-12-30 10:10:36.806000,4d,Toxicity,Original,,92.6545181274414,2.0756518840789795,191.9458465576172,0.7107044458389282,0.6058950424194336,0.6641190648078918,11.153897285461426,8.603010177612305,10.615949630737305,0.3642062842845917,0.28858399391174316,0.8019763827323914,11.946440696716309,0,0.18950943648815155,14.009407043457031,8.623296737670898,37,25,30,0,
2025-12-30 10:10:38.806000,4d,Toxicity,Original,,94.28206634521484,2.0623345375061035,194.55320739746094,0.7276024222373962,0.600249171257019,0.5939128994941711,11.153897285461426,8.626469612121582,11.428201675415039,0.3690447211265564,0.2676299214363098,0.9980338215827942,13.511518478393555,0,0.1782103031873703,18.456209182739258,10.246087074279785,37,25,30,0,
2025-12-30 10:10:40.806000,4d,Toxicity,Original,,97.62835693359375,2.0517356395721436,200.3196258544922,0.6927279829978943,0.5994214415550232,0.6559372544288635,11.153897285461426,8.637406349182129,11.23448371887207,0.3626849353313446,0.25208932161331177,0.9242041110992432,10.834319114685059,0,0.16501495242118835,14.85566234588623,9.73184585571289,37,25,30,0,
2025-12-30 10:10:42.806000,4d,Toxicity,Original,,96.30917358398438,2.15583872795105,207.7110137939453,0.6515666246414185,0.57731032371521,0.7440467476844788,11.153897285461426,8.696863174438477,11.291507720947266,0.36482489109039307,0.2582217752933502,0.9055362939834595,10.840861320495605,0,0.17211201786994934,15.497947692871094,8.07175064086914,37,25,30,0,
2025-12-30 10:10:42.806000,FinePointe Series WBP [SN 139781]  Site 4 Bias Flow is out of range.,,,,,,,,,,,,,,,,,,,,,,,,,
2025-12-30 10:10:42.806000,FinePointe Series WBP [SN 10499C]  Site 3 Bias Flow is out of range.,,,,,,,,,,,,,,,,,,,,,,,,,
2025-12-30 10:10:44.806000,4d,Toxicity,Original,,97.18570709228516,1.9247186183929443,187.0108642578125,0.7287246584892273,0.603236734867096,0.6486940383911133,11.153897285461426,8.169974327087402,10.474044799804688,0.3588692545890808,0.2585776746273041,0.8672603368759155,13.799396514892578,0,0.17059966921806335,14.674983024597168,8.403419494628906,37,25,30,0,
2025-12-30 10:10:46.806000,4d,Toxicity,Original,,96.31314086914062,1.9917316436767578,191.7220001220703,0.6274076104164124,0.562731921672821,0.7219728231430054,11.153897285461426,8.897420883178711,11.485721588134766,0.36520734429359436,0.25807541608810425,0.9627457857131958,11.863261222839355,0,0.17441865801811218,17.569536209106445,9.771397590637207,37,25,30,0,
2025-12-30 10:10:48.806000,4d,Toxicity,Original,,99.37886810302734,2.101179599761963,208.64505004882812,0.603478193283081,0.550091028213501,0.7499843239784241,11.153897285461426,8.880080223083496,10.788652420043945,0.3472273051738739,0.2567135691642761,0.8370468616485596,11.257109642028809,0,0.172750324010849,12.539698600769043,8.550393104553223,37,25,30,0,
2025-12-30 10:10:50.806000,4d,Toxicity,Original,,97.14505004882812,1.9825726747512817,192.43157958984375,0.7057113647460938,0.6113976240158081,0.6537349224090576,11.153897285461426,8.49306583404541,10.9013090133667,0.3572298288345337,0.2606939673423767,0.9302787184715271,12.305192947387695,0,0.1688278168439865,15.738780975341797,10.393099784851074,37,25,30,0,
2025-12-30 10:10:52.806000,4d,Toxicity,Original,,94.81729888916016,1.8724970817565918,177.5521697998047,0.7659244537353516,0.5782765746116638,0.7629157900810242,11.153897285461426,7.029312610626221,10.811224937438965,0.3759441375732422,0.25695252418518066,0.8735360503196716,10.751744270324707,0,0.17117781937122345,15.88315200805664,8.13552474975586,37,25,30,0,
2025-12-30 10:10:52.806000,FinePointe Series WBP [SN 139781]  Site 4 Bias Flow is out of range.,,,,,,,,,,,,,,,,,,,,,,,,,
2025-12-30 10:10:52.806000,FinePointe Series WBP [SN 10499C]  Site 3 Bias Flow is out of range.,,,,,,,,,,,,,,,,,,,,,,,,,
2025-12-30 10:10:54.806000,4d,Toxicity,Original,,94.20740509033203,2.09671950340271,197.42091369628906,0.6711113452911377,0.6016062498092651,0.6959284543991089,11.153897285461426,8.733183860778809,10.555206298828125,0.36675459146499634,0.2703167498111725,0.8848114013671875,11.916402816772461,0,0.17672333121299744,14.674965858459473,9.53108024597168,37,25,30,0,
2025-12-30 10:10:56.806000,4d,Toxicity,Original,,93.57222747802734,2.107100248336792,197.00704956054688,0.661020815372467,0.5361106395721436,0.7399291396141052,11.153897285461426,8.144570350646973,11.69185733795166,0.3751649856567383,0.26742783188819885,0.945985734462738,15.594578742980957,0,0.18472890555858612,17.70997428894043,8.54673957824707,37,25,30,0,
2025-12-30 10:10:58.806000,4d,Toxicity,Original,,95.47272491455078,2.1465091705322266,205.04766845703125,0.7330054640769958,0.5504587888717651,0.7455486059188843,11.153897285461426,8.446084022521973,12.418268203735352,0.37088844180107117,0.2576492428779602,0.9522548317909241,11.752204895019531,0,0.17433486878871918,13.610074996948242,7.54026985168457,37,25,30,0,
2025-12-30 10:11:00.806000,4d,Toxicity,Original,,96.50077056884766,2.096230983734131,202.3435821533203,0.6528114080429077,0.5776001811027527,0.6421155333518982,11.153897285461426,8.955248832702637,11.347987174987793,0.3622000217437744,0.26110607385635376,0.9581743478775024,14.096324920654297,0,0.17427583038806915,15.084332466125488,8.384958267211914,37,25,30,0,
2025-12-30 10:11:02.806000,4d,Toxicity,Original,,95.85344696044922,2.0441150665283203,195.95822143554688,0.6265710592269897,0.5900774002075195,0.7202375531196594,11.153897285461426,8.936284065246582,11.221842765808105,0.35868385434150696,0.2675836384296417,0.8842401504516602,13.742498397827148,0,0.17644038796424866,18.883588790893555,9.775396347045898,37,25,30,0,
2025-12-30 10:11:02.806000,FinePointe Series WBP [SN 139781]  Site 4 Bias Flow is out of range.,,,,,,,,,,,,,,,,,,,,,,,,,
2025-12-30 10:11:02.806000,FinePointe Series WBP [SN 10499C]  Site 3 Bias Flow is out of range.,,,,,,,,,,,,,,,,,,,,,,,,,
2025-12-30 10:11:04.806000,4d,Toxicity,Original,,95.42218017578125,2.130746603012085,202.80845642089844,0.6606647372245789,0.5955607295036316,0.7528426051139832,11.153897285461426,8.802348136901855,10.902740478515625,0.36692067980766296,0.2622512876987457,0.8983604311943054,10.206588745117188,0,0.17151345312595367,13.941683769226074,8.022047996520996,37,25,30,0,
2025-12-30 10:11:06.806000,4d,Toxicity,Original,,93.92524719238281,2.1471071243286133,201.51731872558594,0.7092243432998657,0.6243937611579895,0.6374079585075378,11.153897285461426,8.636117935180664,10.679874420166016,0.37081512808799744,0.26867789030075073,0.8830952644348145,11.207763671875,0,0.1725243628025055,14.98466968536377,9.013564109802246,37,25,30,0,
2025-12-30 10:11:08.806000,4d,Toxicity,Original,,94.65522003173828,1.9633852243423462,185.63421630859375,0.6415742635726929,0.5543357133865356,0.7017336487770081,11.153897285461426,8.319393157958984,11.234991073608398,0.36668771505355835,0.26787346601486206,0.9333802461624146,17.532869338989258,0,0.18480931222438812,19.91959571838379,10.224008560180664,37,25,30,0,
2025-12-30 10:11:10.806000,4d,Toxicity,Original,,97.88680267333984,1.9908102750778198,194.3594512939453,0.5780566930770874,0.5347237586975098,0.7298309803009033,11.153897285461426,9.139053344726562,11.759754180908203,0.3531189262866974,0.26193949580192566,0.8976547718048096,12.910884857177734,0,0.17999064922332764,17.130020141601562,6.4587225914001465,37,25,30,0,
2025-12-30 10:11:12.806000,4d,Toxicity,Original,,97.72773742675781,2.0885396003723145,204.21092224121094,0.732618510723114,0.5736752152442932,0.6699787974357605,11.153897285461426,8.78203296661377,12.518004417419434,0.3686749041080475,0.24565726518630981,1.0582271814346313,12.07866096496582,0,0.1645466834306717,18.30254364013672,10.214154243469238,37,25,30,0,
2025-12-30 10:11:12.806000,FinePointe Series WBP [SN 139781]  Site 4 Bias Flow is out of range.,,,,,,,,,,,,,,,,,,,,,,,,,
2025-12-30 10:11:12.806000,FinePointe Series WBP [SN 10499C]  Site 3 Bias Flow is out of range.,,,,,,,,,,,,,,,,,,,,,,,,,
2025-12-30 10:11:14.806000,4d,Toxicity,Original,,96.88389587402344,2.1793839931488037,210.92535400390625,0.5903721451759338,0.5633271932601929,0.7544808983802795,11.153897285461426,9.45081615447998,11.40439224243164,0.36271071434020996,0.2569561302661896,0.8688528537750244,11.746132850646973,0,0.17133210599422455,16.74130630493164,7.415772914886475,37,25,30,0,
2025-12-30 10:11:16.806000,4d,Toxicity,Original,,97.50177764892578,2.1347687244415283,208.2206573486328,0.7440109848976135,0.6341697573661804,0.6453666687011719,11.153897285461426,8.821470260620117,11.45270824432373,0.3592725098133087,0.25617462396621704,0.9488769173622131,12.749306678771973,0,0.16518524289131165,15.697500228881836,9.687952995300293,37,25,30,0,
2025-12-30 10:11:18.806000,4d,Toxicity,Original,,97.84349822998047,1.9022867679595947,186.1258087158203,0.6214944124221802,0.5927937030792236,0.6947927474975586,11.153897285461426,9.361727714538574,11.144109725952148,0.34032830595970154,0.2728970944881439,0.909815788269043,11.315347671508789,0,0.1793472170829773,16.161680221557617,11.29104232788086,37,25,30,0,
2025-12-30 10:11:20.806000,4d,Toxicity,Original,,96.79511260986328,2.0474355220794678,198.18600463867188,0.69216388463974,0.5826689600944519,0.6837407350540161,11.153897285461426,8.410694122314453,11.39815902709961,0.35848358273506165,0.2614966630935669,0.9386926293373108,12.997705459594727,0,0.17375774681568146,14.514158248901367,9.60815715789795,37,25,30,0,
2025-12-30 10:11:22.806000,4d,Toxicity,Original,,98.14360046386719,2.065404176712036,202.3712158203125,0.6510567665100098,0.5499010682106018,0.7725127935409546,11.153897285461426,8.829145431518555,12.01472282409668,0.3560715615749359,0.2561967968940735,0.9325186610221863,12.11181926727295,0,0.17278626561164856,16.43533706665039,6.899599075317383,37,25,30,0,
2025-12-30 10:11:22.806000,FinePointe Series WBP [SN 139781]  Site 4 Bias Flow is out of range.,,,,,,,,,,,,,,,,,,,,,,,,,
2025-12-30 10:11:24.806000,4d,Toxicity,Original,,97.08396911621094,2.086054563522339,202.53485107421875,0.6741316318511963,0.5769777297973633,0.7288280725479126,11.153897285461426,8.418630599975586,10.97927474975586,0.36108580231666565,0.2569607198238373,0.838746190071106,10.653400421142578,0,0.17124047875404358,12.77493953704834,9.25788688659668,37,25,30,0,
2025-12-30 10:11:24.806000,FinePointe Series WBP [SN 10499C]  Site 3 Bias Flow is out of range.,,,,,,,,,,,,,,,,,,,,,,,,,
2025-12-30 10:11:26.806000,4d,Toxicity,Original,,98.25679779052734,1.9837459325790405,194.85720825195312,0.7310847043991089,0.6115785241127014,0.7369105219841003,11.153897285461426,8.556556701660156,11.121903419494629,0.34778231382369995,0.26299604773521423,0.8999600410461426,10.397446632385254,0,0.17064160108566284,15.120597839355469,9.137286186218262,37,25,30,0,
2025-12-30 10:11:28.806000,4d,Toxicity,Original,,99.34566497802734,2.1037886142730713,208.94168090820312,0.6604716181755066,0.5726228356361389,0.6240056157112122,11.153897285461426,9.167616844177246,11.319791793823242,0.3526615798473358,0.2514980435371399,0.9922692179679871,16.994056701660156,0,0.16960015892982483,17.51335906982422,10.225238800048828,37,25,30,0,
2025-12-30 10:11:30.806000,4d,Toxicity,Original,,96.73103332519531,1.9848452806472778,191.87490844726562,0.6338411569595337,0.5798743963241577,0.6803138852119446,11.153897285461426,9.155478477478027,11.207436561584473,0.3564547002315521,0.2640370726585388,0.9141606688499451,12.506004333496094,0,0.17540273070335388,17.151586532592773,8.846477508544922,37,25,30,0,
2025-12-30 10:11:32.806000,4d,Toxicity,Original,,96.84398651123047,2.099606513977051,203.35147094726562,0.6004989147186279,0.5379382967948914,0.7644392251968384,11.153897285461426,8.832902908325195,11.50345516204834,0.36209508776664734,0.25798124074935913,0.9013477563858032,13.728821754455566,0,0.1753879189491272,16.096664428710938,8.032134056091309,37,25,30,0,
2025-12-30 10:11:32.806000,FinePointe Series WBP [SN 139781]  Site 4 Bias Flow is out of range.,,,,,,,,,,,,,,,,,,,,,,,,,
2025-12-30 10:11:34.806000,4d,Toxicity,Original,,89.54049682617188,2.0676777362823486,184.7983856201172,0.5291476845741272,0.48121538758277893,0.8065155744552612,11.153897285461426,8.221561431884766,11.371848106384277,0.35918310284614563,0.31881996989250183,0.8034554123878479,14.642736434936523,0,0.22675065696239471,17.234413146972656,5.188479900360107,37,25,30,0,
2025-12-30 10:11:34.806000,FinePointe Series WBP [SN 10499C]  Site 3 Bias Flow is out of range.,,,,,,,,,,,,,,,,,,,,,,,,,
2025-12-30 10:11:36.806000,4d,Toxicity,Original,,98.9373550415039,2.0416765213012695,201.80763244628906,0.6532217264175415,0.5709583163261414,0.6705197691917419,11.153897285461426,8.977540969848633,11.679545402526855,0.3527888059616089,0.25425922870635986,0.9512393474578857,12.842669486999512,0,0.16966597735881805,16.925556182861328,10.317619323730469,37,25,30,0,
2025-12-30 10:11:38.806000,4d,Toxicity,Original,,98.48217010498047,2.053737163543701,202.27333068847656,0.6908934712409973,0.6234824061393738,0.6523937582969666,11.153897285461426,8.865060806274414,10.475837707519531,0.3447403311729431,0.2645164430141449,0.8857058882713318,13.172208786010742,0,0.17028209567070007,15.581367492675781,8.702091217041016,37,25,30,0,
2025-12-30 10:11:40.806000,4d,Toxicity,Original,,97.8626708984375,2.0050394535064697,196.20852661132812,0.6640387773513794,0.5875990986824036,0.6814318299293518,11.153897285461426,8.139836311340332,10.95183277130127,0.3514561951160431,0.26174262166023254,0.8974397778511047,11.834362983703613,0,0.17293903231620789,14.532119750976562,10.092070579528809,37,25,30,0,
2025-12-30 10:11:42.806000,4d,Toxicity,Original,,97.1322250366211,1.9884474277496338,192.9651641845703,0.6179880499839783,0.624285101890564,0.7242934107780457,11.153897285461426,9.385666847229004,10.8920316696167,0.34904301166534424,0.26948148012161255,0.8909801244735718,10.626585006713867,0,0.17280317842960358,15.034221649169922,9.62024974822998,37,25,30,0,
2025-12-30 10:11:42.806000,FinePointe Series WBP [SN 139781]  Site 4 Bias Flow is out of range.,,,,,,,,,,,,,,,,,,,,,,,,,
2025-12-30 10:11:42.806000,FinePointe Series WBP [SN 10499C]  Site 3 Bias Flow is out of range.,,,,,,,,,,,,,,,,,,,,,,,,,
2025-12-30 10:11:44.806000,4d,Toxicity,Original,,97.37788391113281,2.047736644744873,199.3956756591797,0.6898127794265747,0.5559133887290955,0.6927090883255005,11.153897285461426,8.584232330322266,11.781352996826172,0.3640400171279907,0.2525846064090729,0.9682442545890808,12.926950454711914,0,0.1717042624950409,17.91681671142578,9.09389877319336,37,25,30,0,
2025-12-30 10:11:46.806000,4d,Toxicity,Original,,96.83594512939453,2.071389675140381,200.5020294189453,0.6235691905021667,0.5848302841186523,0.7171301245689392,11.153897285461426,9.030281066894531,10.637887954711914,0.35424724221229553,0.2654767632484436,0.8905782103538513,12.29083251953125,0,0.17514732480049133,16.2795352935791,9.738986015319824,37,25,30,0,
2025-12-30 10:11:48.806000,4d,Toxicity,Original,,110.11112976074219,1.8650562763214111,204.7958984375,0.5395687222480774,0.4730672836303711,0.7096153497695923,11.153897285461426,9.507622718811035,12.005073547363281,0.3094608187675476,0.23893684148788452,0.9823319315910339,17.55728530883789,0,0.171624094247818,20.17160415649414,7.870444297790527,37,25,30,0,
2025-12-30 10:11:50.806000,4d,Toxicity,Original,,140.01727294921875,1.7147270441055298,238.85980224609375,0.44310975074768066,0.45501482486724854,0.7671017646789551,11.153897285461426,11.698996543884277,12.3118314743042,0.2458537220954895,0.18706215918064117,0.9291804432868958,13.333178520202637,0,0.1348278522491455,21.70293617248535,7.731353759765625,37,25,30,0,
2025-12-30 10:11:52.806000,4d,Toxicity,Original,,209.59326171875,1.1167774200439453,222.49691772460938,0.48282766342163086,0.5055192708969116,0.7301022410392761,11.153897285461426,11.698652267456055,11.055229187011719,0.15315178036689758,0.1469220072031021,0.8777657151222229,13.681466102600098,0,0.10075646638870239,19.905134201049805,12.3263578414917,37,25,30,12.5,
2025-12-30 10:11:52.806000,FinePointe Series WBP [SN 139781]  Site 4 Bias Flow is out of range.,,,,,,,,,,,,,,,,,,,,,,,,,
2025-12-30 10:11:52.806000,FinePointe Series WBP [SN 10499C]  Site 3 Bias Flow is out of range.,,,,,,,,,,,,,,,,,,,,,,,,,
2025-12-30 10:11:54.806000,4d,Toxicity,Original,,146.3220672607422,2.2010581493377686,296.9819030761719,0.5409262776374817,0.5112020373344421,0.7458580136299133,11.153897285461426,14.891316413879395,16.70552635192871,0.23887872695922852,0.20715874433517456,1.34843909740448,22.413366317749023,0,0.1424989402294159,21.13857078552246,9.72959041595459,37,25,30,40,
2025-12-30 10:11:56.806000,4d,Toxicity,Original,,184.2483367919922,1.448021411895752,263.23992919921875,0.3831903338432312,0.4438013732433319,0.773597002029419,11.153897285461426,14.11319351196289,13.021040916442871,0.17266222834587097,0.15798234939575195,1.0491142272949219,20.3489990234375,0,0.11550939083099365,23.165424346923828,11.079487800598145,37,25,30,20,
2025-12-30 10:11:58.806000,4d,Toxicity,Original,,109.783935546875,2.3825440406799316,258.80078125,0.37617647647857666,0.5316712856292725,0.6826562881469727,11.153897285461426,12.248199462890625,9.738027572631836,0.30679869651794434,0.24221563339233398,0.7195591330528259,14.945432662963867,0,0.16725732386112213,15.829916000366211,8.141289710998535,37,25,30,0,
2025-12-30 10:12:00.806000,4d,Toxicity,Original,,108.0084228515625,1.859100341796875,200.73898315429688,0.6269954442977905,0.5212682485580444,0.7267158031463623,11.153897285461426,9.322904586791992,12.607542991638184,0.2905447483062744,0.26500368118286133,0.9559681415557861,13.187429428100586,0,0.18340268731117249,16.004629135131836,9.58573055267334,37,25,30,0,
2025-12-30 10:12:02.806000,4d,Toxicity,Original,,110.4989013671875,1.6447582244873047,181.76248168945312,0.6602650880813599,0.5455073118209839,0.7687668800354004,11.153897285461426,9.366790771484375,13.215448379516602,0.2867473363876343,0.2562452554702759,1.0265382528305054,11.742392539978027,0,0.17174610495567322,17.495952606201172,9.001626968383789,37,25,30,50,
2025-12-30 10:12:02.806000,FinePointe Series WBP [SN 139781]  Site 4 Bias Flow is out of range.,,,,,,,,,,,,,,,,,,,,,,,,,
2025-12-30 10:12:02.806000,FinePointe Series WBP [SN 10499C]  Site 3 Bias Flow is out of range.,,,,,,,,,,,,,,,,,,,,,,,,,
2025-12-30 10:12:04.806000,4d,Toxicity,Original,,111.78764343261719,1.8832825422286987,210.87059020996094,0.49986159801483154,0.5275683999061584,0.7831100225448608,11.153897285461426,10.614362716674805,11.316871643066406,0.30486297607421875,0.2320936918258667,0.9355267286300659,13.539097785949707,0,0.16359564661979675,20.85442352294922,9.014927864074707,37,25,30,20,
2025-12-30 10:12:06.806000,4d,Toxicity,Original,,114.98866271972656,2.138113021850586,245.52651977539062,0.5025185942649841,0.5133930444717407,0.7370829582214355,11.153897285461426,10.64068603515625,12.098884582519531,0.3002265989780426,0.22199440002441406,0.9599484801292419,12.112251281738281,0,0.15369649231433868,17.313514709472656,7.6152119636535645,37,25,30,0,
2025-12-30 10:12:08.806000,4d,Toxicity,Original,,108.43589782714844,2.029409408569336,220.0389862060547,0.5366356372833252,0.5122860670089722,0.7067417502403259,11.153897285461426,10.45424747467041,11.75615119934082,0.3075453042984009,0.2458927482366562,0.9868629574775696,22.854238510131836,0,0.17141981422901154,18.328794479370117,10.452720642089844,37,25,30,0,
2025-12-30 10:12:10.806000,4d,Toxicity,Original,,144.43934631347656,1.7717608213424683,248.751708984375,0.40636351704597473,0.43722110986709595,0.8115318417549133,11.153897285461426,11.510753631591797,11.855368614196777,0.23917384445667267,0.19397160410881042,0.8961964249610901,15.926857948303223,0,0.14138242602348328,20.23200798034668,8.325224876403809,37,25,30,0,
2025-12-30 10:12:12.806000,4d,Toxicity,Original,,190.28114318847656,1.2886056900024414,241.9066925048828,0.5892115235328674,0.5037015676498413,0.7529637813568115,11.153897285461426,12.476653099060059,15.036556243896484,0.16496635973453522,0.15232764184474945,1.1704509258270264,12.301253318786621,0,0.10499786585569382,18.573047637939453,10.627964973449707,37,25,30,0,
2025-12-30 10:12:12.806000,FinePointe Series WBP [SN 139781]  Site 4 Bias Flow is out of range.,,,,,,,,,,,,,,,,,,,,,,,,,
2025-12-30 10:12:12.806000,FinePointe Series WBP [SN 10499C]  Site 3 Bias Flow is out of range.,,,,,,,,,,,,,,,,,,,,,,,,,
2025-12-30 10:12:14.806000,4d,Toxicity,Original,,100.54707336425781,2.2063136100769043,225.73873901367188,0.38058164715766907,0.46697166562080383,0.76530522108078,11.153897285461426,10.72421646118164,10.399250030517578,0.30941498279571533,0.29483214020729065,0.7573552131652832,16.892902374267578,0,0.20997457206249237,15.020123481750488,7.485589981079102,37,25,30,50,
2025-12-30 10:12:16.806000,4d,Toxicity,Original,,108.66619873046875,2.3544535636901855,255.8594207763672,0.4691195785999298,0.540549099445343,0.6963045597076416,11.153897285461426,11.900874137878418,11.767040252685547,0.30918991565704346,0.243056520819664,0.8847042322158813,14.088197708129883,0,0.16488036513328552,16.09443473815918,8.50197696685791,37,25,30,0,
2025-12-30 10:12:18.806000,4d,Toxicity,Original,,115.50045776367188,1.969456434249878,226.5897979736328,0.5325212478637695,0.5103782415390015,0.7753411531448364,11.153897285461426,10.706326484680176,12.871374130249023,0.2888515293598175,0.23700666427612305,0.9334304928779602,12.214136123657227,0,0.16376450657844543,17.703210830688477,7.6345624923706055,37,25,30,0,
2025-12-30 10:12:20.806000,4d,Toxicity,Original,,180.75772094726562,1.448119044303894,262.9795227050781,0.4810977578163147,0.4751579165458679,0.7639200687408447,11.153897285461426,13.219816207885742,13.690681457519531,0.1735246330499649,0.15959800779819489,1.0612982511520386,13.206418991088867,0,0.11237145960330963,19.332021713256836,10.257984161376953,37,25,30,20,
2025-12-30 10:12:22.806000,4d,Toxicity,Original,,106.52397918701172,2.18827486038208,233.14906311035156,0.4971638321876526,0.6020153164863586,0.6017613410949707,11.153897285461426,10.702905654907227,9.441957473754883,0.31269440054893494,0.25057926774024963,0.7927525043487549,13.21921157836914,0,0.16456696391105652,14.463041305541992,9.934955596923828,37,25,30,50,
2025-12-30 10:12:22.806000,FinePointe Series WBP [SN 139781]  Site 4 Bias Flow is out of range.,,,,,,,,,,,,,,,,,,,,,,,,,
2025-12-30 10:12:22.806000,FinePointe Series WBP [SN 10499C]  Site 3 Bias Flow is out of range.,,,,,,,,,,,,,,,,,,,,,,,,,
2025-12-30 10:12:24.806000,4d,Toxicity,Original,,108.04371643066406,2.3487205505371094,253.67416381835938,0.502410352230072,0.5296390056610107,0.7503109574317932,11.153897285461426,10.953546524047852,11.445854187011719,0.3169877827167511,0.23896050453186035,0.8817465305328369,13.607122421264648,0,0.1646013706922531,15.689187049865723,7.974811553955078,37,25,30,0,
2025-12-30 10:12:26.806000,4d,Toxicity,Original,,106.48037719726562,1.9899530410766602,211.93165588378906,0.46835336089134216,0.48655378818511963,0.7805258631706238,11.153897285461426,10.223563194274902,11.407352447509766,0.3091798424720764,0.2561655640602112,0.8692575097084045,22.393892288208008,0,0.18184515833854675,20.016571044921875,7.587175369262695,37,25,30,0,
2025-12-30 10:12:28.806000,4d,Toxicity,Original,,110.72853088378906,1.848853588104248,204.64031982421875,0.6111181974411011,0.5425737500190735,0.7756444215774536,11.153897285461426,9.654719352722168,12.133548736572266,0.29864951968193054,0.24327467381954193,0.9596441388130188,13.497633934020996,0,0.16592085361480713,17.378232955932617,8.193707466125488,37,25,30,0,
2025-12-30 10:12:30.806000,4d,Toxicity,Original,,108.38691711425781,1.8453954458236694,199.90725708007812,0.6041208505630493,0.47781962156295776,0.7725540399551392,11.153897285461426,8.659588813781738,12.843284606933594,0.3088565766811371,0.2454032152891159,0.9720469117164612,12.956427574157715,0,0.1748507022857666,16.42696762084961,6.4511284828186035,37,25,30,0,
2025-12-30 10:12:32.806000,4d,Toxicity,Original,,117.770751953125,1.9470138549804688,229.1751251220703,0.4845218062400818,0.49426043033599854,0.7560137510299683,11.153897285461426,11.516158103942871,12.462760925292969,0.2834949493408203,0.23224970698356628,0.8939443230628967,13.733440399169922,0,0.16354189813137054,19.064998626708984,7.757779598236084,37,25,30,0,
2025-12-30 10:12:32.806000,FinePointe Series WBP [SN 139781]  Site 4 Bias Flow is out of range.,,,,,,,,,,,,,,,,,,,,,,,,,
2025-12-30 10:12:34.806000,4d,Toxicity,Original,,170.73158264160156,1.4802441596984863,246.6239776611328,0.4275829493999481,0.4855717122554779,0.8059083223342896,11.153897285461426,12.548020362854004,11.687485694885254,0.18602506816387177,0.17431628704071045,0.8581470251083374,12.347970962524414,0,0.12080641090869904,16.45333480834961,10.267704963684082,37,25,30,0,
2025-12-30 10:12:34.806000,FinePointe Series WBP [SN 10499C]  Site 3 Bias Flow is out of range.,,,,,,,,,,,,,,,,,,,,,,,,,
2025-12-30 10:12:36.806000,4d,Toxicity,Original,,144.28424072265625,1.8236334323883057,265.00164794921875,0.49859315156936646,0.47082507610321045,0.8092367649078369,11.153897285461426,13.713709831237793,12.580610275268555,0.21749995648860931,0.19892151653766632,0.8968645334243774,24.225046157836914,0,0.14148437976837158,18.76660919189453,8.826915740966797,37,25,30,33.33333206176758,
2025-12-30 10:12:38.806000,4d,Toxicity,Original,,215.4790802001953,1.241192102432251,242.5046844482422,0.5284618139266968,0.5696015954017639,0.8903765082359314,11.153897285461426,15.193897247314453,14.244812965393066,0.15763792395591736,0.17263294756412506,0.707755982875824,8.421680450439453,0,0.11216414719820023,14.040714263916016,3.3805487155914307,37,25,30,57.14285659790039,
2025-12-30 10:12:40.806000,4d,Toxicity,Original,,99.22977447509766,2.777432441711426,275.90277099609375,0.28674453496932983,0.5161532163619995,0.8518103957176208,11.153897285461426,12.98001480102539,8.640263557434082,0.33003872632980347,0.27533745765686035,0.5592589378356934,18.054035186767578,0,0.19114120304584503,12.823478698730469,6.902833938598633,37,25,30,0,
2025-12-30 10:12:40.806000,FinePointe Series WBP [SN 10499C]  Site 4 Bias Flow is out of range.,,,,,,,,,,,,,,,,,,,,,,,,,
2025-12-30 10:12:42.806000,4d,Toxicity,Original,,109.28401184082031,2.133840322494507,232.80477905273438,0.5158492922782898,0.4817090928554535,0.7975443601608276,11.153897285461426,10.342982292175293,12.75117301940918,0.2966868281364441,0.2529667615890503,0.9428427219390869,13.822843551635742,0,0.178729847073555,15.376388549804688,6.630364894866943,37,25,30,0,
2025-12-30 10:12:42.806000,FinePointe Series WBP [SN 139781]  Site 4 Bias Flow is out of range.,,,,,,,,,,,,,,,,,,,,,,,,,
2025-12-30 10:12:44.806000,4d,Toxicity,Original,,110.81509399414062,1.7883816957473755,197.99610900878906,0.6235318183898926,0.5253372192382812,0.7543743252754211,11.153897285461426,9.935311317443848,13.251556396484375,0.2858342230319977,0.2562130391597748,1.0486586093902588,15.442852020263672,0,0.17695388197898865,16.8365478515625,9.582344055175781,37,25,30,0,
2025-12-30 10:12:44.806000,FinePointe Series WBP [SN 10499C]  Site 3 Bias Flow is out of range.,,,,,,,,,,,,,,,,,,,,,,,,,
2025-12-30 10:12:46.806000,4d,Toxicity,Original,,111.08956909179688,1.9895435571670532,220.3787384033203,0.5800548195838928,0.5089415907859802,0.7529885172843933,11.153897285461426,10.47512435913086,13.96481990814209,0.2871273159980774,0.2543158531188965,1.0692236423492432,13.531835556030273,0,0.17627111077308655,16.028114318847656,8.330989837646484,37,25,30,0,
2025-12-30 10:12:48.806000,4d,Toxicity,Original,,110.30220031738281,2.11173152923584,232.72100830078125,0.510414719581604,0.5327073931694031,0.793761134147644,11.153897285461426,10.839554786682129,11.398714065551758,0.30677229166030884,0.23787179589271545,0.862302839756012,12.868831634521484,0,0.16392168402671814,15.576370239257812,8.552347183227539,37,25,30,0,
2025-12-30 10:12:50.806000,4d,Toxicity,Original,,110.02661895751953,2.1010656356811523,231.04287719726562,0.5303027033805847,0.5046160817146301,0.7311102151870728,11.153897285461426,10.648000717163086,12.324872970581055,0.30173030495643616,0.2441687285900116,0.8861911296844482,12.961236953735352,0,0.1702944040298462,15.682308197021484,8.02784252166748,37,25,30,0,
2025-12-30 10:12:50.806000,FinePointe Series WBP [SN 10499C]  Site 4 Bias Flow is out of range.,,,,,,,,,,,,,,,,,,,,,,,,,
2025-12-30 10:12:52.806000,4d,Toxicity,Original,,121.87276458740234,1.999352216720581,241.5751953125,0.4842085838317871,0.4811609387397766,0.7664753198623657,11.153897285461426,11.64792251586914,13.377151489257812,0.275129497051239,0.22210383415222168,1.0348223447799683,12.596575736999512,0,0.15822231769561768,17.141141891479492,7.180754661560059,37,25,30,0,
2025-12-30 10:12:52.806000,FinePointe Series WBP [SN 139781]  Site 4 Bias Flow is out of range.,,,,,,,,,,,,,,,,,,,,,,,,,
2025-12-30 10:12:52.806000,FinePointe Series WBP [SN 10499C]  Site 3 Bias Flow is out of range.,,,,,,,,,,,,,,,,,,,,,,,,,
2025-12-30 10:12:54.806000,4d,Toxicity,Original,,218.02651977539062,1.2528064250946045,272.42236328125,0.5919945240020752,0.5230967998504639,0.753008246421814,11.153897285461426,13.536619186401367,15.784433364868164,0.15008048713207245,0.1272723376750946,1.1675679683685303,9.312186241149902,0,0.08674497902393341,18.29572868347168,10.644503593444824,37,25,30,50,
2025-12-30 10:12:56.806000,4d,Toxicity,Original,,332.8155212402344,0.7206175327301025,233.75611877441406,0.5310942530632019,0.5725794434547424,0.6915872693061829,11.153897285461426,12.326178550720215,11.285238265991211,0.093997061252594,0.08861151337623596,0.9551193714141846,7.187973976135254,0,0.0578128881752491,17.992164611816406,13.236875534057617,37,25,30,61.53845977783203,
2025-12-30 10:12:58.806000,4d,Toxicity,Original,,172.7686767578125,1.298395037651062,217.33258056640625,0.3841571509838104,0.50493985414505,0.8284413814544678,11.153897285461426,13.903125762939453,11.542587280273438,0.16460536420345306,0.19654221832752228,0.7467482089996338,17.503808975219727,0,0.13278847932815552,16.57269287109375,6.831747531890869,37,25,30,33.33333206176758,
2025-12-30 10:13:00.806000,4d,Toxicity,Original,,127.75001525878906,2.420548915863037,296.5176696777344,0.29309168457984924,0.4248088598251343,0.8577703833580017,11.153897285461426,15.853242874145508,12.630990982055664,0.2694317400455475,0.22890523076057434,0.9199496507644653,16.75503158569336,0,0.16876977682113647,16.677621841430664,6.382384777069092,37,25,30,33.33333206176758,
2025-12-30 10:13:02.806000,4d,Toxicity,Original,,168.8999481201172,1.6035832166671753,270.47845458984375,0.48502182960510254,0.4956081807613373,0.7485524415969849,11.153897285461426,15.029499053955078,14.860156059265137,0.16833537817001343,0.18794898688793182,1.1764549016952515,10.826902389526367,0,0.1294068992137909,16.575847625732422,10.085838317871094,37,25,30,0,
2025-12-30 10:13:02.806000,FinePointe Series WBP [SN 139781]  Site 4 Bias Flow is out of range.,,,,,,,,,,,,,,,,,,,,,,,,,
2025-12-30 10:13:02.806000,FinePointe Series WBP [SN 10499C]  Site 3 Bias Flow is out of range.,,,,,,,,,,,,,,,,,,,,,,,,,
2025-12-30 10:13:04.806000,4d,Toxicity,Original,,161.90103149414062,1.4151060581207275,229.01034545898438,0.4169521927833557,0.3960297107696533,0.8086657524108887,11.153897285461426,12.535289764404297,14.072153091430664,0.17489489912986755,0.19632983207702637,0.9455307722091675,13.701530456542969,0,0.14463837444782257,19.446578979492188,8.320324897766113,37,25,30,60,
2025-12-30 10:13:06.806000,4d,Toxicity,Original,,94.57849884033203,2.731109619140625,258.2181701660156,0.30816587805747986,0.4431910514831543,0.8707756400108337,11.153897285461426,11.992446899414062,10.480286598205566,0.3168078064918518,0.3179347515106201,0.5062000751495361,13.242265701293945,0,0.22691310942173004,9.403038024902344,2.7687413692474365,37,25,30,60,
2025-12-30 10:13:08.806000,4d,Toxicity,Original,,105.0950698852539,2.6118781566619873,274.1477355957031,0.4124104380607605,0.510891318321228,0.8124943971633911,11.153897285461426,11.605125427246094,10.972030639648438,0.31445401906967163,0.2566639482975006,0.7798306941986084,12.479364395141602,0,0.17705616354942322,12.301523208618164,7.223898887634277,37,25,30,0,
2025-12-30 10:13:10.806000,4d,Toxicity,Original,,111.49662017822266,2.055840015411377,228.1944122314453,0.5144627094268799,0.48528027534484863,0.7432512640953064,11.153897285461426,11.08108901977539,13.005128860473633,0.2828800082206726,0.25618723034858704,1.0123486518859863,16.41927719116211,0,0.18057653307914734,16.591508865356445,9.359237670898438,37,25,30,0,
2025-12-30 10:13:12.806000,4d,Toxicity,Original,,170.85409545898438,1.7291700839996338,292.5645751953125,0.45879805088043213,0.46493279933929443,0.7727651596069336,11.153897285461426,14.17309284210205,14.443620681762695,0.19287313520908356,0.16811658442020416,1.1100026369094849,11.502229690551758,0,0.11893825232982635,18.53380584716797,8.417110443115234,37,25,30,0,
2025-12-30 10:13:12.806000,FinePointe Series WBP [SN 139781]  Site 4 Bias Flow is out of range.,,,,,,,,,,,,,,,,,,,,,,,,,
2025-12-30 10:13:12.806000,FinePointe Series WBP [SN 10499C]  Site 3 Bias Flow is out of range.,,,,,,,,,,,,,,,,,,,,,,,,,
2025-12-30 10:13:14.806000,4d,Toxicity,Original,,143.03057861328125,1.6341487169265747,233.61973571777344,0.40074318647384644,0.4752766788005829,0.8247370719909668,11.153897285461426,13.063116073608398,12.404617309570312,0.1982278823852539,0.22144973278045654,0.8800694346427917,12.355029106140137,0,0.15464720129966736,16.6109619140625,9.19778060913086,37,25,30,40,
2025-12-30 10:13:18.806000,4d,Toxicity,Original,,141.11456298828125,1.3864414691925049,191.14476013183594,0.5222060680389404,0.6010376811027527,0.7334981560707092,11.153897285461426,10.28332805633545,7.6069655418396,0.2361164391040802,0.19011369347572327,0.6021134257316589,8.666627883911133,0,0.12152868509292603,9.145038604736328,14.115715026855469,37,25,30,20,
2025-12-30 10:13:20.806000,4d,Toxicity,Original,,138.7644805908203,1.5057258605957031,209.18045043945312,0.6486948728561401,0.610142707824707,0.6607272624969482,11.153897285461426,11.152310371398926,11.794682502746582,0.20336881279945374,0.22930395603179932,0.9784098267555237,8.798660278320312,0,0.14567752182483673,11.893582344055176,13.14899730682373,37,25,30,0,
2025-12-30 10:13:22.806000,4d,Toxicity,Original,,134.1158447265625,1.4470714330673218,193.8935546875,0.6316988468170166,0.5938935875892639,0.7194599509239197,11.153897285461426,10.684443473815918,11.241397857666016,0.2161073535680771,0.2317373901605606,0.9066969752311707,9.791587829589844,0,0.14952333271503448,11.409416198730469,13.00090503692627,37,25,30,16.66666603088379,
2025-12-30 10:13:22.806000,FinePointe Series WBP [SN 139781]  Site 4 Bias Flow is out of range.,,,,,,,,,,,,,,,,,,,,,,,,,
2025-12-30 10:13:22.806000,FinePointe Series WBP [SN 10499C]  Site 3 Bias Flow is out of range.,,,,,,,,,,,,,,,,,,,,,,,,,
2025-12-30 10:13:24.806000,4d,Toxicity,Original,,132.1342010498047,1.7078737020492554,225.3754425048828,0.4558323621749878,0.5390936136245728,0.734866738319397,11.153897285461426,11.63024616241455,10.469655990600586,0.2249506562948227,0.22958728671073914,0.7965402603149414,10.78710651397705,0,0.15388166904449463,12.183449745178223,10.240631103515625,37,25,30,0,
2025-12-30 10:13:26.806000,4d,Toxicity,Original,,173.7731170654297,1.6223249435424805,276.58013916015625,0.39210283756256104,0.49030008912086487,0.7653869986534119,11.153897285461426,13.199446678161621,10.808109283447266,0.18818919360637665,0.16526749730110168,0.8121755719184875,11.646225929260254,0,0.11478877067565918,14.462104797363281,11.077871322631836,37,25,30,0,
2025-12-30 10:13:28.806000,4d,Toxicity,Original,,218.5081329345703,0.9708499312400818,207.1271514892578,0.49105581641197205,0.49846890568733215,0.7413882613182068,11.153897285461426,11.882899284362793,11.717658042907715,0.13161981105804443,0.152490496635437,0.9144194722175598,11.475089073181152,0,0.1060192883014679,17.284191131591797,10.99698257446289,37,25,30,16.66666603088379,
2025-12-30 10:13:30.806000,4d,Toxicity,Original,,147.33961486816406,1.3419806957244873,188.5240478515625,0.49502837657928467,0.5167224407196045,0.7883381843566895,11.153897285461426,11.492135047912598,11.894615173339844,0.1887938678264618,0.24164828658103943,0.8361572623252869,8.522712707519531,0,0.16329507529735565,10.526494979858398,8.8593168258667,37,25,30,0,
2025-12-30 10:13:32.806000,4d,Toxicity,Original,,107.8851318359375,2.3067920207977295,247.52981567382812,0.3437603712081909,0.44390618801116943,0.8256004452705383,11.153897285461426,11.946098327636719,9.943509101867676,0.28504395484924316,0.2733698785305023,0.5823506712913513,12.5772705078125,0,0.19553296267986298,10.878948211669922,5.920788764953613,37,25,30,0,
2025-12-30 10:13:32.806000,FinePointe Series WBP [SN 139781]  Site 4 Bias Flow is out of range.,,,,,,,,,,,,,,,,,,,,,,,,,
2025-12-30 10:13:34.806000,4d,Toxicity,Original,,118.34976196289062,1.6991703510284424,201.1282958984375,0.5200625658035278,0.5118057727813721,0.783726692199707,11.153897285461426,10.422357559204102,11.246971130371094,0.2518349885940552,0.25527065992355347,0.7682545781135559,10.471990585327148,0,0.17436781525611877,10.811771392822266,9.675084114074707,37,25,30,0,
2025-12-30 10:13:34.806000,FinePointe Series WBP [SN 10499C]  Site 3 Bias Flow is out of range.,,,,,,,,,,,,,,,,,,,,,,,,,
2025-12-30 10:13:36.806000,4d,Toxicity,Original,,118.09963989257812,1.7095341682434082,201.95582580566406,0.6104733347892761,0.5022017955780029,0.7763997912406921,11.153897285461426,9.86480712890625,12.842286109924316,0.25711244344711304,0.2511659264564514,0.9673507809638977,13.149406433105469,0,0.17397134006023407,13.368663787841797,8.756255149841309,37,25,30,0,
2025-12-30 10:13:38.806000,4d,Toxicity,Original,,113.68096923828125,1.8992347717285156,215.62353515625,0.5810494422912598,0.5686360001564026,0.8099271059036255,11.153897285461426,9.89478588104248,11.242193222045898,0.2724219262599945,0.2555318772792816,0.752232551574707,9.392566680908203,0,0.1680009663105011,9.528368949890137,8.304666519165039,37,25,30,0,
2025-12-30 10:13:40.806000,4d,Toxicity,Original,,116.10711669921875,2.131155014038086,247.3323516845703,0.4753077030181885,0.5164165496826172,0.7772251963615417,11.153897285461426,10.764713287353516,11.412391662597656,0.2736988961696625,0.24334019422531128,0.7877434492111206,9.873910903930664,0,0.1665482223033905,11.328139305114746,7.673637390136719,37,25,30,0,
2025-12-30 10:13:42.806000,4d,Toxicity,Original,,115.13710021972656,1.949377179145813,224.50387573242188,0.5465255975723267,0.5747272968292236,0.7878376841545105,11.153897285461426,10.294546127319336,10.83127212524414,0.2754465341567993,0.2460116297006607,0.8810167908668518,11.432366371154785,0,0.1621798872947693,12.739523887634277,9.158488273620605,37,25,30,0,
2025-12-30 10:13:42.806000,FinePointe Series WBP [SN 139781]  Site 4 Bias Flow is out of range.,,,,,,,,,,,,,,,,,,,,,,,,,
2025-12-30 10:13:44.806000,4d,Toxicity,Original,,115.05901336669922,1.8680859804153442,214.76596069335938,0.5617184042930603,0.5690675973892212,0.7325950860977173,11.153897285461426,10.344728469848633,10.928979873657227,0.2775495648384094,0.2440815567970276,0.8866854906082153,11.891064643859863,0,0.16214466094970703,12.456167221069336,10.892827033996582,37,25,30,0,
2025-12-30 10:13:44.806000,FinePointe Series WBP [SN 10499C]  Site 3 Bias Flow is out of range.,,,,,,,,,,,,,,,,,,,,,,,,,
2025-12-30 10:13:46.806000,4d,Toxicity,Original,,116.88520812988281,1.8954805135726929,221.74221801757812,0.5861914157867432,0.5321111679077148,0.7907785773277283,11.153897285461426,9.814495086669922,12.377549171447754,0.2697175145149231,0.2439386546611786,0.8739558458328247,10.441272735595703,0,0.16491404175758362,11.000910758972168,7.578798294067383,37,25,30,0,
2025-12-30 10:13:48.806000,4d,Toxicity,Original,,114.87382507324219,1.8354506492614746,210.55661010742188,0.5434615612030029,0.5075415372848511,0.8006061315536499,11.153897285461426,9.245046615600586,11.318771362304688,0.2754313051700592,0.24708768725395203,0.8093127012252808,9.780962944030762,0,0.16917061805725098,12.06328010559082,8.041465759277344,37,25,30,0,
2025-12-30 10:13:50.806000,4d,Toxicity,Original,,141.7885284423828,1.7766354084014893,247.17047119140625,0.46616971492767334,0.4979850649833679,0.7789127826690674,11.153897285461426,11.730244636535645,11.671659469604492,0.23383758962154388,0.20539751648902893,0.9204354882240295,12.156232833862305,0,0.14212338626384735,15.995086669921875,10.08914566040039,37,25,30,0,
2025-12-30 10:13:52.806000,4d,Toxicity,Original,,151.57276916503906,1.5449097156524658,237.48313903808594,0.36585041880607605,0.44485583901405334,0.8350221514701843,11.153897285461426,12.637736320495605,10.696062088012695,0.18762415647506714,0.21063901484012604,0.7163439393043518,10.128193855285645,0,0.1506660133600235,13.217453002929688,7.206338882446289,37,25,30,25,
2025-12-30 10:13:52.806000,FinePointe Series WBP [SN 139781]  Site 4 Bias Flow is out of range.,,,,,,,,,,,,,,,,,,,,,,,,,
2025-12-30 10:13:52.806000,FinePointe Series WBP [SN 10499C]  Site 3 Bias Flow is out of range.,,,,,,,,,,,,,,,,,,,,,,,,,
2025-12-30 10:13:54.806000,4d,Toxicity,Original,,109.81736755371094,2.023061513900757,220.71530151367188,0.3459179401397705,0.48421886563301086,0.8359581828117371,11.153897285461426,12.340812683105469,10.270556449890137,0.2566128969192505,0.30078795552253723,0.5606828927993774,10.853858947753906,0,0.20777098834514618,9.30413818359375,5.609115123748779,37,25,30,25,
2025-12-30 10:13:56.806000,4d,Toxicity,Original,,107.07530975341797,2.195408582687378,234.75897216796875,0.3494431674480438,0.5277762413024902,0.8513168692588806,11.153897285461426,11.71468734741211,9.052868843078613,0.2741051912307739,0.28703704476356506,0.569394052028656,9.964301109313965,0,0.1935233175754547,8.716353416442871,7.350067138671875,37,25,30,0,
2025-12-30 10:13:58.806000,4d,Toxicity,Original,,109.28638458251953,1.932843565940857,211.20071411132812,0.4814106523990631,0.5277951955795288,0.8255017399787903,11.153897285461426,10.320991516113281,11.077068328857422,0.26918601989746094,0.2798648178577423,0.6206128001213074,9.040233612060547,0,0.18853047490119934,9.397623062133789,5.864180088043213,37,25,30,0,
2025-12-30 10:14:00.806000,4d,Toxicity,Original,,130.9212646484375,1.5731011629104614,203.6681671142578,0.5332144498825073,0.47106871008872986,0.7963091135025024,11.153897285461426,10.16142463684082,11.8537015914917,0.23485428094863892,0.23584647476673126,0.820961058139801,12.003094673156738,0,0.1646699458360672,12.507652282714844,8.08608627319336,37,25,30,0,
2025-12-30 10:14:02.806000,4d,Toxicity,Original,,136.07057189941406,1.7219794988632202,233.03750610351562,0.3851775527000427,0.46359044313430786,0.8110970258712769,11.153897285461426,12.231690406799316,11.131832122802734,0.21960154175758362,0.23305284976959229,0.7284003496170044,11.062034606933594,0,0.16363316774368286,12.892534255981445,6.772333145141602,37,25,30,0,
2025-12-30 10:14:02.806000,FinePointe Series WBP [SN 139781]  Site 4 Bias Flow is out of range.,,,,,,,,,,,,,,,,,,,,,,,,,
2025-12-30 10:14:02.806000,FinePointe Series WBP [SN 10499C]  Site 3 Bias Flow is out of range.,,,,,,,,,,,,,,,,,,,,,,,,,
2025-12-30 10:14:04.806000,4d,Toxicity,Original,,156.09779357910156,1.7505412101745605,273.56463623046875,0.35068410634994507,0.48023203015327454,0.8044982552528381,11.153897285461426,15.178606033325195,11.693721771240234,0.18345117568969727,0.20128938555717468,0.767731785774231,9.384644508361816,0,0.13950110971927643,11.67357063293457,8.605202674865723,37,25,30,50,
2025-12-30 10:14:06.806000,4d,Toxicity,Original,,151.3133087158203,1.511146068572998,225.04718017578125,0.30641621351242065,0.40535327792167664,0.8350288271903992,11.153897285461426,13.584964752197266,11.20557689666748,0.17419932782649994,0.22558048367500305,0.6536803245544434,9.248588562011719,0,0.16426415741443634,11.186385154724121,5.7675933837890625,37,25,30,33.33333206176758,
2025-12-30 10:14:08.806000,4d,Toxicity,Original,,94.23416137695312,1.9262303113937378,181.67550659179688,0.3208654224872589,0.5376105904579163,0.8853161931037903,11.153897285461426,11.778241157531738,8.559403419494629,0.2569485008716583,0.3815562427043915,0.4043131470680237,9.53885555267334,0,0.2539859116077423,5.858874797821045,5.205162525177002,37,25,30,0,
2025-12-30 10:14:10.806000,4d,Toxicity,Original,,102.06936645507812,2.2074098587036133,223.83892822265625,0.4042738080024719,0.5177381038665771,0.8139543533325195,11.153897285461426,11.252874374389648,9.679399490356445,0.2925523519515991,0.2979740798473358,0.6620057821273804,10.371946334838867,0,0.20306764543056488,10.23012638092041,7.856110572814941,37,25,30,0,
2025-12-30 10:14:12.806000,4d,Toxicity,Original,,116.0618896484375,1.688254952430725,195.69964599609375,0.5846213698387146,0.5696575045585632,0.779177725315094,11.153897285461426,9.943979263305664,11.326303482055664,0.25609874725341797,0.26113057136535645,0.8707970380783081,10.22726058959961,0,0.1720162332057953,13.043207168579102,11.22581958770752,37,25,30,0,
2025-12-30 10:14:12.806000,FinePointe Series WBP [SN 139781]  Site 4 Bias Flow is out of range.,,,,,,,,,,,,,,,,,,,,,,,,,
2025-12-30 10:14:12.806000,FinePointe Series WBP [SN 10499C]  Site 3 Bias Flow is out of range.,,,,,,,,,,,,,,,,,,,,,,,,,
2025-12-30 10:14:14.806000,4d,Toxicity,Original,,115.26011657714844,1.7281434535980225,198.86215209960938,0.5363929271697998,0.5211265087127686,0.7610411643981934,11.153897285461426,10.143139839172363,11.2745943069458,0.2647883892059326,0.2561199963092804,0.8547718524932861,10.659085273742676,0,0.1739601492881775,13.718677520751953,11.042546272277832,37,25,30,0,
2025-12-30 10:14:16.806000,4d,Toxicity,Original,,113.6492691040039,1.966545581817627,223.3437042236328,0.4671429991722107,0.5722765922546387,0.8007957935333252,11.153897285461426,10.977367401123047,9.56716251373291,0.2751404345035553,0.2531295418739319,0.7183787822723389,9.70399284362793,0,0.1659964770078659,10.409340858459473,10.363917350769043,37,25,30,0,
2025-12-30 10:14:18.806000,4d,Toxicity,Original,,115.6940689086914,1.9186792373657227,222.0277099609375,0.47840267419815063,0.5199702978134155,0.7210052013397217,11.153897285461426,10.819053649902344,10.42359733581543,0.2693195343017578,0.24932414293289185,0.8512625098228455,11.293122291564941,0,0.16963805258274078,14.667612075805664,10.69279956817627,37,25,30,0,
2025-12-30 10:14:20.806000,4d,Toxicity,Original,,113.74777221679688,1.747507095336914,198.501708984375,0.5091491937637329,0.5350710153579712,0.7526150941848755,11.153897285461426,10.656888961791992,10.312784194946289,0.2690880298614502,0.25868624448776245,0.8232455253601074,10.67691421508789,0,0.17425204813480377,13.157727241516113,11.231133460998535,37,25,30,0,
2025-12-30 10:14:22.806000,4d,Toxicity,Original,,113.58417510986328,1.7192302942276,195.30441284179688,0.5902547836303711,0.5514247417449951,0.7693031430244446,11.153897285461426,9.443050384521484,10.568488121032715,0.27274325489997864,0.2556060552597046,0.8374183773994446,10.657532691955566,0,0.17061318457126617,12.411036491394043,10.347929000854492,37,25,30,0,
2025-12-30 10:14:22.806000,FinePointe Series WBP [SN 139781]  Site 4 Bias Flow is out of range.,,,,,,,,,,,,,,,,,,,,,,,,,
2025-12-30 10:14:22.806000,FinePointe Series WBP [SN 10499C]  Site 3 Bias Flow is out of range.,,,,,,,,,,,,,,,,,,,,,,,,,
2025-12-30 10:14:24.806000,4d,Toxicity,Original,,111.14673614501953,1.7995017766952515,199.99765014648438,0.5558388829231262,0.5825055837631226,0.7168278694152832,11.153897285461426,10.023187637329102,9.905525207519531,0.27758198976516724,0.2625192403793335,0.8146710395812988,11.85864543914795,0,0.17192070186138153,13.034647941589355,11.94179916381836,37,25,30,0,
2025-12-30 10:14:26.806000,4d,Toxicity,Original,,106.39251708984375,1.9693742990493774,209.350341796875,0.46141889691352844,0.48136863112449646,0.8141736388206482,11.153897285461426,10.425788879394531,10.72393798828125,0.2919901907444,0.27268365025520325,0.7766416072845459,9.900738716125488,0,0.1901581585407257,11.234689712524414,7.935062885284424,37,25,30,0,
2025-12-30 10:14:28.806000,4d,Toxicity,Original,,111.89337921142578,1.7761865854263306,198.682861328125,0.4664885401725769,0.5316112041473389,0.7743364572525024,11.153897285461426,10.703137397766113,10.042293548583984,0.26065793633461,0.2756565809249878,0.7596179842948914,10.678396224975586,0,0.18555183708667755,12.087926864624023,10.875914573669434,37,25,30,0,
2025-12-30 10:14:30.806000,4d,Toxicity,Original,,130.20660400390625,1.7149591445922852,220.9648895263672,0.4597699046134949,0.5225000977516174,0.7844167351722717,11.153897285461426,11.315467834472656,10.747764587402344,0.2374415397644043,0.2323092520236969,0.7560150623321533,13.12936019897461,0,0.15783122181892395,13.843059539794922,9.608652114868164,37,25,30,0,
2025-12-30 10:14:32.806000,4d,Toxicity,Original,,124.62835693359375,1.655198574066162,207.49302673339844,0.31024762988090515,0.4603508710861206,0.8359562158584595,11.153897285461426,12.677468299865723,9.43257999420166,0.19850599765777588,0.2867946922779083,0.5709910988807678,15.527656555175781,0,0.20198103785514832,11.390907287597656,6.202183723449707,37,25,30,0,
2025-12-30 10:14:34.806000,4d,Toxicity,Original,,89.8115234375,2.0792899131774902,186.73428344726562,0.4743313491344452,0.5882009863853455,0.8943755626678467,11.153897285461426,10.255667686462402,8.598630905151367,0.29908275604248047,0.368987500667572,0.4413750469684601,9.401376724243164,0,0.2386152744293213,4.139375686645508,5.5845441818237305,37,25,30,33.33333206176758,
2025-12-30 10:14:34.806000,FinePointe Series WBP [SN 139781]  Site 4 Bias Flow is out of range.,,,,,,,,,,,,,,,,,,,,,,,,,
2025-12-30 10:14:34.806000,FinePointe Series WBP [SN 10499C]  Site 3 Bias Flow is out of range.,,,,,,,,,,,,,,,,,,,,,,,,,
2025-12-30 10:14:36.806000,4d,Toxicity,Original,,96.9924087524414,2.070509910583496,200.4139862060547,0.4052255153656006,0.5125347971916199,0.8287018537521362,11.153897285461426,10.190876007080078,9.484384536743164,0.2979665696620941,0.3209702670574188,0.5176090598106384,9.34315013885498,0,0.21866436302661896,8.950983047485352,6.320065498352051,37,25,30,0,
2025-12-30 10:14:38.806000,4d,Toxicity,Original,,106.42183685302734,1.8913424015045166,200.6844482421875,0.4510847330093384,0.5111057162284851,0.7988733649253845,11.153897285461426,9.81205940246582,9.567753791809082,0.2862621545791626,0.2808397710323334,0.6874669194221497,11.328506469726562,0,0.1920674443244934,11.49942684173584,8.230123519897461,37,25,30,0,
2025-12-30 10:14:40.806000,4d,Toxicity,Original,,142.68496704101562,1.4875487089157104,212.65536499023438,0.31394100189208984,0.4305238723754883,0.8375101089477539,11.153897285461426,12.635093688964844,9.941627502441406,0.18530063331127167,0.2360759824514389,0.5719439387321472,12.869338035583496,0,0.1696045696735382,13.66401195526123,7.782809257507324,37,25,30,20,
2025-12-30 10:14:42.806000,4d,Toxicity,Original,,79.66844940185547,1.8652764558792114,148.6036834716797,0.5342680811882019,0.8799763917922974,0.9024853706359863,11.153897285461426,10.358750343322754,5.242007255554199,0.2833074927330017,0.4698137044906616,0.34192532300949097,6.271632194519043,0,0.25389257073402405,0.28206440806388855,12.802393913269043,37,25,30,50,
2025-12-30 10:14:42.806000,FinePointe Series WBP [SN 139781]  Site 4 Bias Flow is out of range.,,,,,,,,,,,,,,,,,,,,,,,,,
2025-12-30 10:14:44.806000,4d,Toxicity,Original,,129.98243713378906,1.992777705192566,252.70956420898438,0.35957419872283936,0.48736751079559326,0.8406949639320374,11.153897285461426,12.843751907348633,10.560059547424316,0.25014084577560425,0.24345944821834564,0.7339986562728882,13.55928897857666,0,0.16897520422935486,14.269176483154297,7.571050643920898,37,25,30,20,
2025-12-30 10:14:44.806000,FinePointe Series WBP [SN 10499C]  Site 3 Bias Flow is out of range.,,,,,,,,,,,,,,,,,,,,,,,,,
2025-12-30 10:14:46.806000,4d,Toxicity,Original,,112.4892578125,1.8054428100585938,202.76223754882812,0.3087085485458374,0.5262271165847778,0.8714200258255005,11.153897285461426,12.730270385742188,8.941554069519043,0.21085596084594727,0.3272544741630554,0.46693283319473267,8.902548789978027,0,0.21802440285682678,7.111793041229248,6.901106834411621,37,25,30,33.33333206176758,
2025-12-30 10:14:48.806000,4d,Toxicity,Original,,95.03508758544922,2.2271833419799805,211.1979217529297,0.3504428565502167,0.5092564821243286,0.8545339107513428,11.153897285461426,10.760688781738281,8.49887466430664,0.30288463830947876,0.3299395740032196,0.5077269673347473,8.82829475402832,0,0.2247430980205536,5.584917068481445,5.996800899505615,37,25,30,25,
2025-12-30 10:14:50.806000,4d,Toxicity,Original,,98.69439697265625,2.133481025695801,210.68148803710938,0.3606233298778534,0.5367394089698792,0.8418384194374084,11.153897285461426,11.100933074951172,8.602335929870605,0.29123130440711975,0.3167775273323059,0.601721465587616,10.395089149475098,0,0.21260394155979156,9.7575044631958,8.494609832763672,37,25,30,0,
2025-12-30 10:14:52.806000,4d,Toxicity,Original,,102.80968475341797,1.9264353513717651,198.10574340820312,0.4703895151615143,0.5502173900604248,0.7711989283561707,11.153897285461426,10.93513298034668,10.302749633789062,0.27651241421699524,0.3078230917453766,0.7655986547470093,10.397603988647461,0,0.2046162188053131,12.003790855407715,9.742074012756348,37,25,30,0,
2025-12-30 10:14:52.806000,FinePointe Series WBP [SN 139781]  Site 4 Bias Flow is out of range.,,,,,,,,,,,,,,,,,,,,,,,,,
2025-12-30 10:14:54.806000,4d,Toxicity,Original,,103.56169891357422,1.836155891418457,190.2042694091797,0.5103427767753601,0.5956137180328369,0.7286444902420044,11.153897285461426,10.097455024719238,9.418383598327637,0.28320449590682983,0.2969910502433777,0.6816642880439758,10.628024101257324,0,0.1926790177822113,10.745702743530273,8.876683235168457,37,25,30,0,
2025-12-30 10:14:54.806000,FinePointe Series WBP [SN 10499C]  Site 3 Bias Flow is out of range.,,,,,,,,,,,,,,,,,,,,,,,,,
2025-12-30 10:14:56.806000,4d,Toxicity,Original,,102.21144104003906,2.0132203102111816,205.37686157226562,0.49517473578453064,0.5492687821388245,0.7771117687225342,11.153897285461426,9.96390151977539,9.91342544555664,0.29481273889541626,0.2925766706466675,0.7124860286712646,11.471641540527344,0,0.19565552473068237,12.760146141052246,9.184879302978516,37,25,30,0,
2025-12-30 10:14:58.806000,4d,Toxicity,Original,,101.70681762695312,2.0064640045166016,204.17098999023438,0.39806851744651794,0.5060734152793884,0.8349749445915222,11.153897285461426,10.748958587646484,9.83184814453125,0.2947825789451599,0.29552918672561646,0.6805263161659241,11.819686889648438,0,0.20345503091812134,12.162508964538574,8.63656997680664,37,25,30,0,
2025-12-30 10:15:00.806000,4d,Toxicity,Original,,103.6524887084961,1.8912842273712158,196.18052673339844,0.5640782117843628,0.5384858846664429,0.8242678046226501,11.153897285461426,9.787858963012695,11.920306205749512,0.2928485870361328,0.2861240804195404,0.7076163291931152,22.436481475830078,0,0.19285160303115845,12.667221069335938,6.39704704284668,37,25,30,0,
2025-12-30 10:15:02.806000,4d,Toxicity,Original,,104.45680236816406,1.9260503053665161,201.60800170898438,0.5158421397209167,0.5865212678909302,0.7987208962440491,11.153897285461426,9.862493515014648,9.609267234802246,0.28705307841300964,0.2881673574447632,0.7353385090827942,10.850120544433594,0,0.18903973698616028,11.951903343200684,9.167712211608887,37,25,30,0,
2025-12-30 10:15:02.806000,FinePointe Series WBP [SN 139781]  Site 4 Bias Flow is out of range.,,,,,,,,,,,,,,,,,,,,,,,,,
2025-12-30 10:15:02.806000,FinePointe Series WBP [SN 10499C]  Site 3 Bias Flow is out of range.,,,,,,,,,,,,,,,,,,,,,,,,,
2025-12-30 10:15:04.806000,4d,Toxicity,Original,,103.95291137695312,1.9504262208938599,202.13473510742188,0.43265825510025024,0.5527375936508179,0.7872329354286194,11.153897285461426,10.503731727600098,9.581253051757812,0.2906755805015564,0.28794580698013306,0.7045887112617493,13.030316352844238,0,0.19229216873645782,13.049527168273926,9.087799072265625,37,25,30,0,
2025-12-30 10:15:06.806000,4d,Toxicity,Original,,102.8618392944336,1.9988750219345093,205.55050659179688,0.4679390788078308,0.49518072605133057,0.816267728805542,11.153897285461426,9.77413272857666,10.222282409667969,0.29270780086517334,0.2907571792602539,0.7115878462791443,9.587835311889648,0,0.20013439655303955,9.095626831054688,7.04477071762085,37,25,30,0,
2025-12-30 10:15:08.806000,4d,Toxicity,Original,,107.1493911743164,1.8166381120681763,194.10577392578125,0.4958551526069641,0.5579655170440674,0.754165530204773,11.153897285461426,9.944988250732422,9.693910598754883,0.2804708480834961,0.28004375100135803,0.7026499509811401,9.287216186523438,0,0.18524467945098877,10.253558158874512,9.734160423278809,37,25,30,0,
2025-12-30 10:15:10.806000,4d,Toxicity,Original,,106.54415130615234,1.9964263439178467,212.65664672851562,0.42131558060646057,0.5381577610969543,0.8166957497596741,11.153897285461426,10.842436790466309,9.777820587158203,0.27759993076324463,0.28567448258399963,0.6955669522285461,10.829813957214355,0,0.19143003225326538,10.08969783782959,9.346662521362305,37,25,30,0,
2025-12-30 10:15:12.806000,4d,Toxicity,Original,,106.27487182617188,1.8988927602767944,201.68678283691406,0.5594504475593567,0.5770354270935059,0.7248631119728088,11.153897285461426,9.649679183959961,9.95455551147461,0.2930232286453247,0.2717442214488983,0.7595797777175903,10.72297477722168,0,0.17778116464614868,10.983884811401367,10.26413345336914,37,25,30,0,
2025-12-30 10:15:12.806000,FinePointe Series WBP [SN 139781]  Site 4 Bias Flow is out of range.,,,,,,,,,,,,,,,,,,,,,,,,,
2025-12-30 10:15:12.806000,FinePointe Series WBP [SN 10499C]  Site 3 Bias Flow is out of range.,,,,,,,,,,,,,,,,,,,,,,,,,
2025-12-30 10:15:14.806000,4d,Toxicity,Original,,110.81730651855469,1.7164843082427979,190.1258544921875,0.4970516860485077,0.5468604564666748,0.796108603477478,11.153897285461426,9.808507919311523,9.815129280090332,0.2736060917377472,0.26858606934547424,0.7080255150794983,11.201003074645996,0,0.18021643161773682,12.976873397827148,10.473484992980957,37,25,30,0,
2025-12-30 10:15:16.806000,4d,Toxicity,Original,,102.13396453857422,1.9664686918258667,200.77992248535156,0.5169929265975952,0.6089104413986206,0.8410730361938477,11.153897285461426,10.121638298034668,9.21129322052002,0.2971011698246002,0.2908225357532501,0.6246315836906433,10.28095817565918,0,0.18714633584022522,10.010056495666504,9.174858093261719,37,25,30,0,
2025-12-30 10:15:18.806000,4d,Toxicity,Original,,101.95291137695312,1.923763632774353,195.60008239746094,0.5153941512107849,0.5639955997467041,0.8005437850952148,11.153897285461426,9.527056694030762,9.368809700012207,0.3005601465702057,0.2889212369918823,0.6654091477394104,10.545995712280273,0,0.19119665026664734,11.015175819396973,9.200823783874512,37,25,30,0,
2025-12-30 10:15:20.806000,4d,Toxicity,Original,,110.07318115234375,1.7620548009872437,193.9359130859375,0.5366232395172119,0.5499504208564758,0.7370748519897461,11.153897285461426,9.362663269042969,9.987363815307617,0.2812436819076538,0.26416391134262085,0.7309162616729736,9.715753555297852,0,0.17576377093791962,12.598666191101074,10.213482856750488,37,25,30,0,
2025-12-30 10:15:22.806000,4d,Toxicity,Original,,110.222900390625,1.7260180711746216,190.2385711669922,0.5391349792480469,0.5662785768508911,0.730030357837677,11.153897285461426,9.361732482910156,9.381866455078125,0.28148555755615234,0.2631116509437561,0.7601855993270874,12.390095710754395,0,0.17449188232421875,13.316259384155273,11.120145797729492,37,25,30,0,
2025-12-30 10:15:22.806000,FinePointe Series WBP [SN 139781]  Site 4 Bias Flow is out of range.,,,,,,,,,,,,,,,,,,,,,,,,,
2025-12-30 10:15:22.806000,FinePointe Series WBP [SN 10499C]  Site 3 Bias Flow is out of range.,,,,,,,,,,,,,,,,,,,,,,,,,
2025-12-30 10:15:24.806000,4d,Toxicity,Original,,108.11482238769531,1.7871335744857788,193.23773193359375,0.5386761426925659,0.5831708312034607,0.7666410207748413,11.153897285461426,9.551966667175293,9.868666648864746,0.29386574029922485,0.2623736262321472,0.7575024962425232,13.135444641113281,0,0.1739734262228012,14.248123168945312,10.838959693908691,37,25,30,0,
2025-12-30 10:15:26.806000,4d,Toxicity,Original,,116.28300476074219,1.7253611087799072,197.73687744140625,0.36118215322494507,0.44696590304374695,0.8482722640037537,11.153897285461426,11.113322257995605,10.232555389404297,0.2428758144378662,0.2805071175098419,0.6064593195915222,13.186993598937988,0,0.19914637506008148,13.333728790283203,6.314342498779297,37,25,30,0,
2025-12-30 10:15:28.806000,4d,Toxicity,Original,,91.33128356933594,1.942415714263916,177.19488525390625,0.4131043553352356,0.5162809491157532,0.8643913865089417,11.153897285461426,9.84111213684082,9.634740829467773,0.29270637035369873,0.36480799317359924,0.5556169152259827,9.795022010803223,0,0.24675539135932922,8.388391494750977,6.54878044128418,37,25,30,0,
2025-12-30 10:15:30.806000,4d,Toxicity,Original,,106.63388061523438,2.0729262828826904,220.75076293945312,0.2927551567554474,0.4260108768939972,0.8660454154014587,11.153897285461426,12.122876167297363,8.994288444519043,0.25966575741767883,0.3142489194869995,0.565665066242218,24.111637115478516,0,0.22803962230682373,15.748592376708984,6.344113349914551,37,25,30,0,
2025-12-30 10:15:32.806000,4d,Toxicity,Original,,110.73442840576172,1.8577237129211426,205.71397399902344,0.29138442873954773,0.4706011712551117,0.8763850927352905,11.153897285461426,14.305841445922852,10.350970268249512,0.20180372893810272,0.3400331437587738,0.6879888772964478,14.692831039428711,0,0.23597638309001923,10.283815383911133,8.850593566894531,37,25,30,50,
2025-12-30 10:15:32.806000,FinePointe Series WBP [SN 139781]  Site 4 Bias Flow is out of range.,,,,,,,,,,,,,,,,,,,,,,,,,
2025-12-30 10:15:32.806000,FinePointe Series WBP [SN 10499C]  Site 3 Bias Flow is out of range.,,,,,,,,,,,,,,,,,,,,,,,,,
2025-12-30 10:15:34.806000,4d,Toxicity,Original,,87.88358306884766,2.144726276397705,189.74481201171875,0.3386395573616028,0.5641878843307495,0.8964099884033203,11.153897285461426,10.967310905456543,7.95211124420166,0.30144980549812317,0.3864859342575073,0.4598449766635895,8.149843215942383,0,0.25216010212898254,6.273499011993408,4.941281795501709,37,25,30,25,
2025-12-30 10:15:36.806000,4d,Toxicity,Original,,112.09124755859375,1.975879192352295,219.48175048828125,0.32744133472442627,0.4601331353187561,0.8613211512565613,11.153897285461426,11.736998558044434,9.561789512634277,0.24803128838539124,0.29195404052734375,0.5951038002967834,10.420035362243652,0,0.20492658019065857,10.543485641479492,5.958874225616455,37,25,30,0,
2025-12-30 10:15:38.806000,4d,Toxicity,Original,,121.72125244140625,1.7527018785476685,212.0555877685547,0.35436734557151794,0.46392619609832764,0.8463943004608154,11.153897285461426,12.752126693725586,10.35692024230957,0.2160564363002777,0.29464221000671387,0.6464214324951172,12.119283676147461,0,0.20458129048347473,12.503584861755371,6.842077255249023,37,25,30,0,
2025-12-30 10:15:40.806000,4d,Toxicity,Original,,75.9203109741211,2.0758960247039795,158.00418090820312,0.4710445702075958,0.661056637763977,0.9211575388908386,11.153897285461426,10.331584930419922,7.008947849273682,0.3116447329521179,0.4797062873840332,0.32286906242370605,8.054901123046875,0,0.29392606019973755,3.294391632080078,4.48172664642334,37,25,30,33.33333206176758,
2025-12-30 10:15:42.806000,4d,Toxicity,Original,,88.3285140991211,2.3889689445495605,210.6246337890625,0.35262301564216614,0.5314110517501831,0.8358288407325745,11.153897285461426,10.721418380737305,8.401908874511719,0.3149184286594391,0.3657744824886322,0.4632267653942108,8.283950805664062,0,0.24473631381988525,5.639331817626953,5.408327102661133,37,25,30,0,
2025-12-30 10:15:44.806000,4d,Toxicity,Original,,98.92945098876953,2.11356782913208,209.0594482421875,0.42932820320129395,0.5091485977172852,0.7932270765304565,11.153897285461426,11.214912414550781,10.389618873596191,0.28452086448669434,0.3220290541648865,0.6455562114715576,9.252124786376953,0,0.21892784535884857,8.266329765319824,7.288662910461426,37,25,30,0,
2025-12-30 10:15:44.806000,FinePointe Series WBP [SN 139781]  Site 4 Bias Flow is out of range.,,,,,,,,,,,,,,,,,,,,,,,,,
2025-12-30 10:15:44.806000,FinePointe Series WBP [SN 10499C]  Site 3 Bias Flow is out of range.,,,,,,,,,,,,,,,,,,,,,,,,,
2025-12-30 10:15:46.806000,4d,Toxicity,Original,,100.35136413574219,1.8740906715393066,187.92410278320312,0.46665170788764954,0.5800262093544006,0.8144732117652893,11.153897285461426,10.280006408691406,9.095949172973633,0.27836039662361145,0.3196980655193329,0.633018970489502,8.554004669189453,0,0.20767739415168762,8.063876152038574,9.034515380859375,37,25,30,0,
2025-12-30 10:15:48.806000,4d,Toxicity,Original,,100.63797760009766,1.9611611366271973,197.28097534179688,0.4276130795478821,0.5118860602378845,0.8063352108001709,11.153897285461426,10.011466979980469,9.673367500305176,0.2927626371383667,0.30401697754859924,0.657381534576416,10.630499839782715,0,0.20746472477912903,10.019018173217773,8.061775207519531,37,25,30,0,
2025-12-30 10:15:50.806000,4d,Toxicity,Original,,98.3140869140625,2.0232369899749756,198.81396484375,0.43372586369514465,0.5404115319252014,0.820899486541748,11.153897285461426,9.911901473999023,9.190221786499023,0.29204678535461426,0.31830325722694397,0.6806316375732422,9.649513244628906,0,0.21261253952980042,9.868081092834473,7.833272933959961,37,25,30,0,
2025-12-30 10:15:52.806000,4d,Toxicity,Original,,103.61463165283203,1.8772982358932495,193.94798278808594,0.46755605936050415,0.5050531625747681,0.8100758790969849,11.153897285461426,9.431371688842773,9.90548324584961,0.2856389284133911,0.29482728242874146,0.6013795137405396,10.87187385559082,0,0.2021452635526657,10.113405227661133,6.135794162750244,37,25,30,0,
2025-12-30 10:15:52.806000,FinePointe Series WBP [SN 139781]  Site 4 Bias Flow is out of range.,,,,,,,,,,,,,,,,,,,,,,,,,
2025-12-30 10:15:54.806000,4d,Toxicity,Original,,110.15678405761719,1.9123029708862305,209.71556091308594,0.35722845792770386,0.4836021661758423,0.8687034249305725,11.153897285461426,12.190109252929688,10.43359375,0.24178819358348846,0.3179592490196228,0.5727952122688293,9.687090873718262,0,0.21823221445083618,8.660638809204102,4.81846809387207,37,25,30,0,
2025-12-30 10:15:54.806000,FinePointe Series WBP [SN 10499C]  Site 3 Bias Flow is out of range.,,,,,,,,,,,,,,,,,,,,,,,,,
2025-12-30 10:15:56.806000,4d,Toxicity,Original,,85.5122299194336,2.291369676589966,195.90748596191406,0.43270233273506165,0.5971644520759583,0.8900080919265747,11.153897285461426,10.159481048583984,8.739965438842773,0.30775728821754456,0.39498424530029297,0.4679347276687622,7.323090553283691,0,0.2537108063697815,3.6912035942077637,3.6548266410827637,37,25,30,0,
2025-12-30 10:15:58.806000,4d,Toxicity,Original,,96.98079681396484,2.0484232902526855,198.68002319335938,0.45165809988975525,0.5265365242958069,0.8315464854240417,11.153897285461426,9.800030708312988,10.183876991271973,0.30415794253349304,0.31461283564567566,0.6759066581726074,11.122276306152344,0,0.21232755482196808,10.327820777893066,6.8192949295043945,37,25,30,0,
2025-12-30 10:16:00.806000,4d,Toxicity,Original,,97.15386962890625,2.1134068965911865,205.23373413085938,0.47599664330482483,0.5688566565513611,0.8386083841323853,11.153897285461426,9.439563751220703,9.647062301635742,0.30233874917030334,0.3153735399246216,0.6751306056976318,7.297046661376953,0,0.20684455335140228,8.132842063903809,6.276175498962402,37,25,30,0,
2025-12-30 10:16:02.806000,4d,Toxicity,Original,,105.59388732910156,1.940422773361206,204.91236877441406,0.48669689893722534,0.5558945536613464,0.7548264265060425,11.153897285461426,9.752219200134277,9.936779975891113,0.28601473569869995,0.2822064757347107,0.753566563129425,10.751070022583008,0,0.18748819828033447,10.989263534545898,8.870861053466797,37,25,30,0,
2025-12-30 10:16:02.806000,FinePointe Series WBP [SN 139781]  Site 4 Bias Flow is out of range.,,,,,,,,,,,,,,,,,,,,,,,,,
2025-12-30 10:16:04.806000,4d,Toxicity,Original,,106.3790512084961,1.901360034942627,203.34608459472656,0.3763786554336548,0.5199958086013794,0.8659226894378662,11.153897285461426,12.37328052520752,9.287995338439941,0.24070924520492554,0.33461713790893555,0.5054091215133667,10.238251686096191,0,0.22395750880241394,8.8277587890625,5.367063522338867,37,25,30,0,
2025-12-30 10:16:04.806000,FinePointe Series WBP [SN 10499C]  Site 3 Bias Flow is out of range.,,,,,,,,,,,,,,,,,,,,,,,,,
2025-12-30 10:16:06.806000,4d,Toxicity,Original,,87.9038314819336,1.9785449504852295,174.1937255859375,0.4482988715171814,0.5810012817382812,0.8787932991981506,11.153897285461426,10.389328956604004,9.245317459106445,0.2958161234855652,0.3883835971355438,0.48541995882987976,8.224090576171875,0,0.2509649097919464,4.758421421051025,4.537741661071777,37,25,30,0,
2025-12-30 10:16:08.806000,4d,Toxicity,Original,,91.2572021484375,2.2209017276763916,202.38458251953125,0.343011736869812,0.4799506664276123,0.8613033294677734,11.153897285461426,10.447500228881836,8.975531578063965,0.30183157324790955,0.35589468479156494,0.5184758305549622,10.119406700134277,0,0.24702873826026917,7.719139575958252,6.970004081726074,37,25,30,0,
2025-12-30 10:16:10.806000,4d,Toxicity,Original,,97.17327117919922,2.0200867652893066,196.36520385742188,0.4685491919517517,0.5775666832923889,0.8440989255905151,11.153897285461426,10.189005851745605,9.232123374938965,0.3016684353351593,0.3160538375377655,0.6375030875205994,10.265898704528809,0,0.2064722776412964,10.541207313537598,8.153888702392578,37,25,30,0,
2025-12-30 10:16:12.806000,4d,Toxicity,Original,,100.2088394165039,1.89030921459198,189.0712127685547,0.5016412734985352,0.5727530717849731,0.8303413391113281,11.153897285461426,9.241313934326172,9.379768371582031,0.29169124364852905,0.3073611557483673,0.5954216122627258,9.445939064025879,0,0.20099622011184692,8.649389266967773,9.016822814941406,37,25,30,0,
2025-12-30 10:16:12.806000,FinePointe Series WBP [SN 139781]  Site 4 Bias Flow is out of range.,,,,,,,,,,,,,,,,,,,,,,,,,
2025-12-30 10:16:12.806000,FinePointe Series WBP [SN 10499C]  Site 3 Bias Flow is out of range.,,,,,,,,,,,,,,,,,,,,,,,,,
2025-12-30 10:16:14.806000,4d,Toxicity,Original,,100.17124938964844,1.8550586700439453,185.57815551757812,0.5084637403488159,0.5910698175430298,0.7774325609207153,11.153897285461426,9.565485954284668,8.754337310791016,0.299549400806427,0.2997048795223236,0.661711573600769,9.15206527709961,0,0.1944608837366104,11.530594825744629,8.872264862060547,37,25,30,0,
2025-12-30 10:16:16.806000,4d,Toxicity,Original,,99.89883422851562,1.889171838760376,188.48272705078125,0.4547901749610901,0.5204932689666748,0.7852501273155212,11.153897285461426,9.474210739135742,9.322027206420898,0.300420880317688,0.3009297251701355,0.6235477328300476,10.44083023071289,0,0.2040608525276184,10.750802993774414,8.267465591430664,37,25,30,0,
2025-12-30 10:16:18.806000,4d,Toxicity,Original,,96.6825942993164,2.0346145629882812,196.65992736816406,0.4368460476398468,0.488757461309433,0.7864747047424316,11.153897285461426,10.054361343383789,10.083288192749023,0.2968587279319763,0.3238949179649353,0.6576818227767944,10.239052772521973,0,0.22538937628269196,10.150467872619629,6.431436061859131,37,25,30,0,
2025-12-30 10:16:20.806000,4d,Toxicity,Original,,95.9418716430664,1.9146239757537842,183.5554656982422,0.38947778940200806,0.5543075203895569,0.8828048706054688,11.153897285461426,10.019917488098145,8.23837947845459,0.2792849838733673,0.3512382507324219,0.4629773795604706,7.800217628479004,0,0.2313997596502304,4.585850238800049,6.022313594818115,37,25,30,0,
2025-12-30 10:16:22.806000,4d,Toxicity,Original,,87.79125213623047,2.111499786376953,184.8842315673828,0.382846474647522,0.5581848621368408,0.8633384704589844,11.153897285461426,10.299818992614746,8.162676811218262,0.31390872597694397,0.3699257969856262,0.5181823968887329,8.935751914978027,0,0.24449342489242554,7.435675144195557,6.369062423706055,37,25,30,0,
2025-12-30 10:16:22.806000,FinePointe Series WBP [SN 139781]  Site 4 Bias Flow is out of range.,,,,,,,,,,,,,,,,,,,,,,,,,
2025-12-30 10:16:22.806000,FinePointe Series WBP [SN 10499C]  Site 3 Bias Flow is out of range.,,,,,,,,,,,,,,,,,,,,,,,,,
2025-12-30 10:16:24.806000,4d,Toxicity,Original,,93.70204162597656,1.9733459949493408,184.67361450195312,0.44512179493904114,0.5353851318359375,0.7861919403076172,11.153897285461426,9.764252662658691,8.98339557647705,0.30473625659942627,0.33603569865226746,0.6182631850242615,11.371777534484863,0,0.22559882700443268,8.78796100616455,8.588592529296875,37,25,30,0,
2025-12-30 10:16:26.806000,4d,Toxicity,Original,,121.85408782958984,1.7367668151855469,210.7028045654297,0.3375466465950012,0.4726610779762268,0.8508999347686768,11.153897285461426,12.255569458007812,9.364672660827637,0.2333286702632904,0.2652415633201599,0.5704584121704102,17.232662200927734,0,0.18590472638607025,12.883142471313477,7.281741142272949,37,25,30,0,
2025-12-30 10:16:28.806000,4d,Toxicity,Original,,78.93162536621094,1.930603265762329,152.86451721191406,0.46517056226730347,0.6451106071472168,0.9037739038467407,11.153897285461426,10.167694091796875,8.259803771972656,0.28857988119125366,0.4731556177139282,0.3143356144428253,7.170191764831543,0,0.29282674193382263,,2.1302883625030518,37,25,30,33.33333206176758,
2025-12-30 10:16:30.806000,4d,Toxicity,Original,,95.45167541503906,2.2413508892059326,213.17967224121094,0.3485609292984009,0.5211964249610901,0.8502088189125061,11.153897285461426,11.070930480957031,8.148624420166016,0.30218666791915894,0.32961076498031616,0.43816444277763367,7.8590407371521,0,0.2215699702501297,5.512214183807373,5.853695869445801,37,25,30,0,
2025-12-30 10:16:32.806000,4d,Toxicity,Original,,145.8398895263672,1.6539382934570312,239.47927856445312,0.2387453317642212,0.3587418794631958,0.8468438982963562,11.153897285461426,13.443781852722168,9.174649238586426,0.1898118406534195,0.22385212779045105,0.577688992023468,20.364601135253906,0,0.16978618502616882,19.069089889526367,6.871035099029541,37,25,30,40,
2025-12-30 10:16:32.806000,FinePointe Series WBP [SN 139781]  Site 4 Bias Flow is out of range.,,,,,,,,,,,,,,,,,,,,,,,,,
2025-12-30 10:16:32.806000,FinePointe Series WBP [SN 10499C]  Site 3 Bias Flow is out of range.,,,,,,,,,,,,,,,,,,,,,,,,,
2025-12-30 10:16:34.806000,4d,Toxicity,Original,,75.62548065185547,2.130805730819702,161.84445190429688,0.47282660007476807,0.7573807239532471,0.9200641512870789,11.153897285461426,11.599435806274414,8.085124015808105,0.292859822511673,0.5013476014137268,0.3366997241973877,7.7423319816589355,0,0.28974395990371704,,3.9900102615356445,37,25,30,33.33333206176758,
2025-12-30 10:16:36.806000,4d,Toxicity,Original,,87.28742218017578,2.4188616275787354,210.39663696289062,0.29938504099845886,0.4930866062641144,0.8924694061279297,11.153897285461426,10.769076347351074,7.5019330978393555,0.3099815249443054,0.3789290189743042,0.4116121530532837,8.124382972717285,0,0.25893867015838623,3.253035068511963,3.7367353439331055,37,25,30,0,
2025-12-30 10:16:38.806000,4d,Toxicity,Original,,101.80443572998047,1.8522346019744873,186.56781005859375,0.3625766634941101,0.4965803921222687,0.8801631331443787,11.153897285461426,11.199706077575684,9.272223472595215,0.24903260171413422,0.35006916522979736,0.459344744682312,7.898955821990967,0,0.23724521696567535,5.82848596572876,3.7569921016693115,37,25,30,0,
2025-12-30 10:16:40.806000,4d,Toxicity,Original,,125.80487060546875,1.9266594648361206,242.4878387451172,0.3047371506690979,0.4249957799911499,0.7911614179611206,11.153897285461426,15.114887237548828,11.551655769348145,0.1997930407524109,0.2771953046321869,0.7819215059280396,9.984408378601074,0,0.19874083995819092,13.592971801757812,7.998823165893555,37,25,30,33.33333206176758,
2025-12-30 10:16:42.806000,4d,Toxicity,Original,,76.49772644042969,2.306678295135498,176.98606872558594,0.342714786529541,0.5993279218673706,0.9015167951583862,11.153897285461426,11.97570514678955,8.471395492553711,0.31271594762802124,0.47224754095077515,0.3120492696762085,9.763398170471191,0,0.3011096119880676,2.7953555583953857,3.347943067550659,37,25,30,33.33333206176758,
2025-12-30 10:16:44.806000,4d,Toxicity,Original,,91.83700561523438,2.367572069168091,217.4124298095703,0.32007893919944763,0.45626300573349,0.8282745480537415,11.153897285461426,10.939566612243652,9.343159675598145,0.3126152455806732,0.34129229187965393,0.6201057434082031,10.57832145690918,0,0.2408657968044281,9.934710502624512,5.767737865447998,37,25,30,0,
2025-12-30 10:16:44.806000,FinePointe Series WBP [SN 139781]  Site 4 Bias Flow is out of range.,,,,,,,,,,,,,,,,,,,,,,,,,
2025-12-30 10:16:44.806000,FinePointe Series WBP [SN 10499C]  Site 3 Bias Flow is out of range.,,,,,,,,,,,,,,,,,,,,,,,,,
2025-12-30 10:16:46.806000,4d,Toxicity,Original,,96.7111587524414,2.090322971343994,202.12490844726562,0.41993987560272217,0.5051517486572266,0.8459678888320923,11.153897285461426,10.452561378479004,10.238075256347656,0.2945089340209961,0.32612502574920654,0.6309887170791626,9.908546447753906,0,0.22243750095367432,9.826203346252441,6.443756103515625,37,25,30,0,
2025-12-30 10:16:48.806000,4d,Toxicity,Original,,103.21562957763672,1.8185864686965942,187.9375762939453,0.45453399419784546,0.5216813087463379,0.8109523057937622,11.153897285461426,9.65967082977295,9.918835639953613,0.2808796465396881,0.3013729751110077,0.7190524339675903,15.318946838378906,0,0.20496214926242828,13.638145446777344,8.587434768676758,37,25,30,0,
2025-12-30 10:16:50.806000,4d,Toxicity,Original,,94.74799346923828,2.009958028793335,190.07623291015625,0.4581603705883026,0.5386930704116821,0.8719485402107239,11.153897285461426,9.660710334777832,9.867008209228516,0.2955651879310608,0.3406370282173157,0.6351197361946106,8.155040740966797,0,0.22678761184215546,8.864564895629883,7.838807106018066,37,25,30,0,
2025-12-30 10:16:52.806000,4d,Toxicity,Original,,97.40272521972656,2.1496102809906006,209.49424743652344,0.37906312942504883,0.513359546661377,0.8329784870147705,11.153897285461426,10.898727416992188,9.229267120361328,0.29159078001976013,0.32473209500312805,0.5629848837852478,10.093514442443848,0,0.22046835720539093,7.801387786865234,6.262843132019043,37,25,30,0,
2025-12-30 10:16:54.806000,4d,Toxicity,Original,,103.38079833984375,2.0336031913757324,209.63272094726562,0.39014479517936707,0.48545923829078674,0.8391042947769165,11.153897285461426,10.991544723510742,10.372425079345703,0.2743402123451233,0.3075120449066162,0.6999067664146423,10.534263610839844,0,0.21300749480724335,12.087163925170898,7.086777687072754,37,25,30,0,
2025-12-30 10:16:54.806000,FinePointe Series WBP [SN 139781]  Site 4 Bias Flow is out of range.,,,,,,,,,,,,,,,,,,,,,,,,,
2025-12-30 10:16:54.806000,FinePointe Series WBP [SN 10499C]  Site 3 Bias Flow is out of range.,,,,,,,,,,,,,,,,,,,,,,,,,
2025-12-30 10:16:56.806000,4d,Toxicity,Original,,107.43049621582031,1.9386072158813477,206.1385498046875,0.29682183265686035,0.451415091753006,0.8880290985107422,11.153897285461426,10.872062683105469,8.101274490356445,0.2537192702293396,0.31879281997680664,0.45976144075393677,10.399160385131836,0,0.22370171546936035,10.556559562683105,4.427027225494385,37,25,30,0,
2025-12-30 10:16:58.806000,4d,Toxicity,Original,,85.61593627929688,2.1758453845977783,186.63148498535156,0.3243744969367981,0.4874236583709717,0.7589854001998901,11.153897285461426,10.52400016784668,7.834664344787598,0.3049779534339905,0.3961535096168518,0.529187798500061,10.100404739379883,0,0.2715553343296051,4.3581085205078125,6.122312545776367,37,25,30,50,
2025-12-30 10:17:00.806000,4d,Toxicity,Original,,95.48638153076172,2.1924734115600586,209.3142852783203,0.3689689636230469,0.5009720921516418,0.8088139295578003,11.153897285461426,10.986888885498047,9.586348533630371,0.29987049102783203,0.3299524188041687,0.5936737060546875,8.98245906829834,0,0.22549651563167572,7.6661577224731445,6.8224873542785645,37,25,30,0,
2025-12-30 10:17:02.806000,4d,Toxicity,Original,,102.44490051269531,2.079639196395874,212.88217163085938,0.4917115867137909,0.5767651796340942,0.6800437569618225,11.153897285461426,11.084168434143066,9.89504623413086,0.2863317131996155,0.2998708486557007,0.6878340244293213,11.132633209228516,0,0.19633324444293976,11.475677490234375,9.900943756103516,37,25,30,0,
2025-12-30 10:17:02.806000,FinePointe Series WBP [SN 139781]  Site 4 Bias Flow is out of range.,,,,,,,,,,,,,,,,,,,,,,,,,
2025-12-30 10:17:04.806000,4d,Toxicity,Original,,109.52143096923828,1.8795949220657349,205.78237915039062,0.520058274269104,0.5130231380462646,0.7786791920661926,11.153897285461426,10.700859069824219,11.751497268676758,0.27638527750968933,0.272646427154541,0.8719522953033447,12.247513771057129,0,0.18634843826293945,12.800983428955078,9.33891487121582,37,25,30,0,
2025-12-30 10:17:04.806000,FinePointe Series WBP [SN 10499C]  Site 3 Bias Flow is out of range.,,,,,,,,,,,,,,,,,,,,,,,,,
2025-12-30 10:17:06.806000,4d,Toxicity,Original,,104.54304504394531,1.9769790172576904,206.3332977294922,0.45867154002189636,0.575067400932312,0.7637495398521423,11.153897285461426,10.89155387878418,9.846020698547363,0.27986273169517517,0.2946714758872986,0.7569814920425415,9.503600120544434,0,0.19339127838611603,12.244621276855469,10.352672576904297,37,25,30,0,
2025-12-30 10:17:08.806000,4d,Toxicity,Original,,104.1887435913086,2.0405983924865723,212.39987182617188,0.4327649474143982,0.5313548445701599,0.8387209177017212,11.153897285461426,10.387608528137207,9.717185974121094,0.29431745409965515,0.28304699063301086,0.655578076839447,9.534879684448242,0,0.1904033124446869,9.121994972229004,8.488571166992188,37,25,30,0,
2025-12-30 10:17:10.806000,4d,Toxicity,Original,,154.26174926757812,1.6356569528579712,236.91018676757812,0.3168620765209198,0.40045294165611267,0.8191441893577576,11.153897285461426,13.054715156555176,10.889782905578613,0.19363220036029816,0.2248917669057846,0.7107566595077515,16.50733757019043,0,0.16782359778881073,16.49179458618164,7.41160249710083,37,25,30,0,
2025-12-30 10:17:12.806000,4d,Toxicity,Original,,96.11322021484375,1.7732086181640625,171.2948760986328,0.21087878942489624,0.3214241564273834,0.8904821872711182,11.153897285461426,13.294466018676758,10.345280647277832,0.20955124497413635,0.42881089448928833,0.6413558125495911,10.675735473632812,0,0.33588796854019165,4.364051818847656,3.6650755405426025,37,25,30,33.33333206176758,
2025-12-30 10:17:12.806000,FinePointe Series WBP [SN 139781]  Site 4 Bias Flow is out of range.,,,,,,,,,,,,,,,,,,,,,,,,,
2025-12-30 10:17:14.806000,4d,Toxicity,Original,,128.250244140625,1.759904384613037,221.1485595703125,0.16450189054012299,0.3494611382484436,0.887759804725647,11.153897285461426,14.228639602661133,7.63144063949585,0.20627520978450775,0.2850206792354584,0.351971834897995,15.403231620788574,0,0.22063058614730835,7.5501203536987305,4.660699844360352,37,25,30,0,
2025-12-30 10:17:14.806000,FinePointe Series WBP [SN 10499C]  Site 3 Bias Flow is out of range.,,,,,,,,,,,,,,,,,,,,,,,,,
2025-12-30 10:17:16.806000,4d,Toxicity,Original,,127.86885070800781,1.554014801979065,200.3441162109375,0.30891263484954834,0.4159141182899475,0.8852885961532593,11.153897285461426,12.332427978515625,10.414848327636719,0.19975103437900543,0.2722628116607666,0.4852149486541748,8.04085922241211,0,0.19694781303405762,7.269755840301514,3.818749189376831,37,25,30,66.66666412353516,
2025-12-30 10:17:18.806000,4d,Toxicity,Original,,88.53479766845703,1.7111358642578125,147.88233947753906,0.3303104341030121,0.483395516872406,0.8935375213623047,11.153897285461426,11.699636459350586,9.132288932800293,0.22733598947525024,0.4766041040420532,0.4209406077861786,7.33742618560791,0,0.32389724254608154,10.355802536010742,2.774597644805908,37,25,30,0,
2025-12-30 10:17:20.806000,4d,Toxicity,Original,,82.83897399902344,2.4192967414855957,200.4844512939453,0.293843150138855,0.4652503728866577,0.893407940864563,11.153897285461426,12.577375411987305,9.657742500305176,0.3001299500465393,0.4276149272918701,0.3505133092403412,7.430137634277344,0,0.29613935947418213,2.6529831886291504,3.262356758117676,37,25,30,0,
2025-12-30 10:17:22.806000,4d,Toxicity,Original,,77.05955505371094,3.2075414657592773,181.58029174804688,1.658740520477295,1.978023648262024,0.3375159502029419,11.153897285461426,16.75076675415039,8.058494567871094,0.3267659544944763,0.7048596143722534,0.3702409267425537,6.031686305999756,0,0.21670839190483093,4.894241809844971,22.331619262695312,37,25,30,0,
2025-12-30 10:17:22.806000,FinePointe Series WBP [SN 139781]  Site 4 Bias Flow is out of range.,,,,,,,,,,,,,,,,,,,,,,,,,
2025-12-30 10:17:22.806000,FinePointe Series WBP [SN 10499C]  Site 3 Bias Flow is out of range.,,,,,,,,,,,,,,,,,,,,,,,,,
2025-12-30 10:17:24.806000,4d,Toxicity,Original,,113.17677307128906,1.8363757133483887,207.25588989257812,0.3700503706932068,0.5999597311019897,0.8492348194122314,11.153897285461426,12.556400299072266,7.886903762817383,0.2258274108171463,0.30620187520980835,0.5853973627090454,7.820713520050049,0,0.1945112943649292,7.470189094543457,11.044001579284668,37,25,30,0,
2025-12-30 10:17:26.806000,4d,Toxicity,Original,,121.26303100585938,1.675931692123413,203.36692810058594,0.460951030254364,0.5447057485580444,0.757728099822998,11.153897285461426,11.902250289916992,10.628975868225098,0.22678470611572266,0.2681761682033539,0.8283532857894897,8.184388160705566,0,0.17771466076374054,10.529452323913574,11.698235511779785,37,25,30,0,
2025-12-30 10:17:28.806000,4d,Toxicity,Original,,117.48563385009766,1.798469066619873,211.2755584716797,0.43197304010391235,0.6093149781227112,0.8164008259773254,11.153897285461426,11.750978469848633,9.015730857849121,0.23551414906978607,0.27543336153030396,0.6605520248413086,8.087660789489746,0,0.17491236329078674,7.944445610046387,11.079657554626465,37,25,30,0,
2025-12-30 10:17:30.806000,4d,Toxicity,Original,,114.29612731933594,1.830391764640808,209.35537719726562,0.4529871344566345,0.5893603563308716,0.7072128057479858,11.153897285461426,11.104422569274902,9.022200584411621,0.24977192282676697,0.27543729543685913,0.6696065068244934,12.277070999145508,0,0.17910070717334747,12.363110542297363,10.684944152832031,37,25,30,0,
2025-12-30 10:17:32.806000,4d,Toxicity,Original,,114.10379791259766,1.843335509300232,210.19869995117188,0.4443497061729431,0.6065160036087036,0.83802330493927,11.153897285461426,11.301063537597656,8.508045196533203,0.25022584199905396,0.2757372260093689,0.5951181650161743,7.84593391418457,0,0.17578807473182678,8.271381378173828,10.965851783752441,37,25,30,0,
2025-12-30 10:17:32.806000,FinePointe Series WBP [SN 139781]  Site 4 Bias Flow is out of range.,,,,,,,,,,,,,,,,,,,,,,,,,
2025-12-30 10:17:32.806000,FinePointe Series WBP [SN 10499C]  Site 3 Bias Flow is out of range.,,,,,,,,,,,,,,,,,,,,,,,,,
2025-12-30 10:17:34.806000,4d,Toxicity,Original,,108.80308532714844,1.8905057907104492,205.63229370117188,0.45157161355018616,0.5781694054603577,0.8316268920898438,11.153897285461426,10.811507225036621,9.309274673461914,0.25966182351112366,0.2920509874820709,0.6616969108581543,8.817558288574219,0,0.19010230898857117,8.861845016479492,9.860898971557617,37,25,30,0,
2025-12-30 10:17:36.806000,4d,Toxicity,Original,,109.26387023925781,1.7340892553329468,189.80599975585938,0.4646260738372803,0.586957573890686,0.7563518285751343,11.153897285461426,10.325043678283691,8.722155570983887,0.2657473385334015,0.2846353352069855,0.6644555926322937,9.08983039855957,0,0.18411597609519958,8.891597747802734,11.379528045654297,37,25,30,0,
2025-12-30 10:17:38.806000,4d,Toxicity,Original,,106.95921325683594,1.870865821838379,200.31396484375,0.44481733441352844,0.5658999681472778,0.8198239803314209,11.153897285461426,10.579209327697754,8.98953628540039,0.26612481474876404,0.29538100957870483,0.605145275592804,8.064187049865723,0,0.193532794713974,7.461638927459717,9.676429748535156,37,25,30,0,
2025-12-30 10:17:40.806000,4d,Toxicity,Original,,110.62759399414062,1.7193632125854492,190.05545043945312,0.45081251859664917,0.5028007626533508,0.8126897811889648,11.153897285461426,10.106531143188477,9.768634796142578,0.2594860792160034,0.28328001499176025,0.6699263453483582,8.43169116973877,0,0.19310787320137024,7.986327171325684,8.416851043701172,37,25,30,0,
2025-12-30 10:17:42.806000,4d,Toxicity,Original,,109.40222930908203,1.840824007987976,201.3174285888672,0.4879443645477295,0.5949094891548157,0.8211786150932312,11.153897285461426,10.083077430725098,8.724725723266602,0.26970595121383667,0.2792101800441742,0.677527666091919,9.115347862243652,0,0.17973780632019043,9.693798065185547,10.59864616394043,37,25,30,0,
2025-12-30 10:17:42.806000,FinePointe Series WBP [SN 139781]  Site 4 Bias Flow is out of range.,,,,,,,,,,,,,,,,,,,,,,,,,
2025-12-30 10:17:42.806000,FinePointe Series WBP [SN 10499C]  Site 3 Bias Flow is out of range.,,,,,,,,,,,,,,,,,,,,,,,,,
2025-12-30 10:17:44.806000,4d,Toxicity,Original,,107.23445129394531,1.8364604711532593,196.79425048828125,0.3992859125137329,0.5316334366798401,0.8456099033355713,11.153897285461426,10.542356491088867,8.820557594299316,0.2624269127845764,0.2978222668170929,0.48613718152046204,8.3536958694458,0,0.19911155104637146,5.528205871582031,6.979534149169922,37,25,30,0,
2025-12-30 10:17:46.806000,4d,Toxicity,Original,,100.21214294433594,1.9268666505813599,193.05934143066406,0.38917529582977295,0.5520545244216919,0.8539525270462036,11.153897285461426,10.892699241638184,8.775038719177246,0.26704028248786926,0.3318260610103607,0.6046444177627563,9.30644702911377,0,0.218781977891922,8.488855361938477,8.099469184875488,37,25,30,0,
2025-12-30 10:17:48.806000,4d,Toxicity,Original,,105.69689178466797,1.7602746486663818,186.1873779296875,0.4752758741378784,0.6043574213981628,0.7386865019798279,11.153897285461426,10.60124397277832,8.490181922912598,0.269647479057312,0.2981908917427063,0.6841864585876465,8.021318435668945,0,0.19059740006923676,9.095123291015625,12.117938995361328,37,25,30,0,
2025-12-30 10:17:50.806000,4d,Toxicity,Original,,104.49458312988281,1.9131519794464111,199.3339080810547,0.4554818272590637,0.585699200630188,0.7366736531257629,11.153897285461426,10.681604385375977,8.978157043457031,0.2720763087272644,0.30276814103126526,0.5984174013137817,9.206341743469238,0,0.1967441439628601,9.626888275146484,10.155563354492188,37,25,30,0,
2025-12-30 10:17:52.806000,4d,Toxicity,Original,,98.82661437988281,1.875429391860962,185.32891845703125,0.3126281797885895,0.48231667280197144,0.8919394016265869,11.153897285461426,12.006024360656738,9.166095733642578,0.23564761877059937,0.37149640917778015,0.5134922862052917,6.904788494110107,0,0.2550148665904999,4.8452887535095215,4.496445178985596,37,25,30,0,
2025-12-30 10:17:54.806000,4d,Toxicity,Original,,85.81686401367188,1.8795727491378784,160.23406982421875,0.38013920187950134,0.5877108573913574,0.8631605505943298,11.153897285461426,10.882224082946777,7.5942559242248535,0.2715229094028473,0.4309469163417816,0.3410516679286957,7.621804714202881,0,0.27665913105010986,2.210385322570801,3.9645071029663086,37,25,30,0,
2025-12-30 10:17:54.806000,FinePointe Series WBP [SN 139781]  Site 4 Bias Flow is out of range.,,,,,,,,,,,,,,,,,,,,,,,,,
2025-12-30 10:17:54.806000,FinePointe Series WBP [SN 10499C]  Site 3 Bias Flow is out of range.,,,,,,,,,,,,,,,,,,,,,,,,,
2025-12-30 10:17:56.806000,4d,Toxicity,Original,,96.01625061035156,2.1011385917663574,201.52464294433594,0.3463624119758606,0.5637645721435547,0.8505216836929321,11.153897285461426,11.414010047912598,7.966948509216309,0.2833572328090668,0.3420446515083313,0.4793550372123718,7.314504146575928,0,0.22331663966178894,5.307622909545898,7.580810070037842,37,25,30,0,
2025-12-30 10:17:58.806000,4d,Toxicity,Original,,100.50350189208984,1.9539623260498047,196.23947143554688,0.41043150424957275,0.50507652759552,0.8214482665061951,11.153897285461426,11.014667510986328,9.87291145324707,0.2719615697860718,0.3256344795227051,0.6031824350357056,8.191549301147461,0,0.2213396579027176,6.670642375946045,7.320565223693848,37,25,30,0,
2025-12-30 10:18:00.806000,4d,Toxicity,Original,,102.3046646118164,1.8985859155654907,194.09982299804688,0.4447716474533081,0.5773944854736328,0.8572626709938049,11.153897285461426,10.134537696838379,8.985190391540527,0.2772013545036316,0.31092384457588196,0.5546960234642029,8.316142082214355,0,0.20177865028381348,7.692180633544922,8.471328735351562,37,25,30,0,
2025-12-30 10:18:02.806000,4d,Toxicity,Original,,88.71695709228516,1.850500464439392,164.91477966308594,0.3334696888923645,0.5038011074066162,0.7924150228500366,11.153897285461426,10.213933944702148,7.5516510009765625,0.27812105417251587,0.41567087173461914,0.5072200298309326,7.441967964172363,0,0.2894541919231415,8.435270309448242,7.809523105621338,37,25,30,0,
2025-12-30 10:18:02.806000,FinePointe Series WBP [SN 139781]  Site 4 Bias Flow is out of range.,,,,,,,,,,,,,,,,,,,,,,,,,
2025-12-30 10:18:04.806000,4d,Toxicity,Original,,107.29133605957031,1.7165919542312622,183.5053253173828,0.3791825473308563,0.4870337247848511,0.7754994034767151,11.153897285461426,11.372673034667969,8.976420402526855,0.2346630096435547,0.3254767060279846,0.5108644962310791,12.205483436584473,0,0.22705212235450745,12.319002151489258,6.298760890960693,37,25,30,0,
2025-12-30 10:18:04.806000,FinePointe Series WBP [SN 10499C]  Site 3 Bias Flow is out of range.,,,,,,,,,,,,,,,,,,,,,,,,,
2025-12-30 10:18:06.806000,4d,Toxicity,Original,,123.46810913085938,1.837417721748352,222.9438934326172,0.27939653396606445,0.4073173701763153,0.8657460808753967,11.153897285461426,13.522028923034668,10.292956352233887,0.20618174970149994,0.3060995936393738,0.49986112117767334,17.258508682250977,0,0.22332847118377686,10.001773834228516,6.717559814453125,37,25,30,0,
2025-12-30 10:18:08.806000,4d,Toxicity,Original,,81.31292724609375,2.0732269287109375,168.96432495117188,0.30368706583976746,0.6345064640045166,0.9096261262893677,11.153897285461426,13.683127403259277,7.720770835876465,0.24447301030158997,0.49916166067123413,0.31019073724746704,6.900320529937744,0,0.31006377935409546,1.6700546741485596,3.028777837753296,37,25,30,33.33333206176758,
2025-12-30 10:18:10.806000,4d,Toxicity,Original,,90.02317810058594,2.177433967590332,195.76417541503906,0.22227618098258972,0.451392263174057,0.8909749388694763,11.153897285461426,12.475403785705566,7.434563636779785,0.26963216066360474,0.3991115987300873,0.2697104811668396,10.116947174072266,0,0.2796960771083832,3.0568504333496094,5.854910850524902,37,25,30,0,
2025-12-30 10:18:12.806000,4d,Toxicity,Original,,86.43424224853516,2.193765640258789,189.79440307617188,0.3955298960208893,0.5592823028564453,0.8866258263587952,11.153897285461426,10.945719718933105,8.975199699401855,0.2855681777000427,0.4093599319458008,0.42862775921821594,6.5067033767700195,0,0.2669999301433563,1.3298779726028442,3.2586638927459717,37,25,30,0,
2025-12-30 10:18:12.806000,FinePointe Series WBP [SN 139781]  Site 4 Bias Flow is out of range.,,,,,,,,,,,,,,,,,,,,,,,,,
2025-12-30 10:18:14.806000,4d,Toxicity,Original,,101.14756774902344,1.9079610109329224,192.75425720214844,0.3563019931316376,0.44288957118988037,0.8649572730064392,11.153897285461426,11.913805961608887,10.973069190979004,0.24418504536151886,0.3499141037464142,0.5302590727806091,7.992246627807617,0,0.24700088798999786,6.05875825881958,4.606408596038818,37,25,30,0,
2025-12-30 10:18:14.806000,FinePointe Series WBP [SN 10499C]  Site 3 Bias Flow is out of range.,,,,,,,,,,,,,,,,,,,,,,,,,
2025-12-30 10:18:16.806000,4d,Toxicity,Original,,94.82068634033203,2.0808539390563965,196.90621948242188,0.4195193648338318,0.6048293113708496,0.885293185710907,11.153897285461426,11.1992826461792,8.751945495605469,0.2712899148464203,0.36396118998527527,0.5482731461524963,6.56671142578125,0,0.2314280867576599,5.280413627624512,6.5138020515441895,37,25,30,0,
2025-12-30 10:18:18.806000,4d,Toxicity,Original,,99.13590240478516,2.1015090942382812,208.0286865234375,0.38257700204849243,0.5667469501495361,0.7999906539916992,11.153897285461426,11.388880729675293,8.753233909606934,0.2777527868747711,0.3280068039894104,0.6043491363525391,9.060565948486328,0,0.2152196168899536,7.0511064529418945,9.520401954650879,37,25,30,0,
2025-12-30 10:18:20.806000,4d,Toxicity,Original,,114.05088806152344,1.986555814743042,226.340576171875,0.4346380829811096,0.5439233779907227,0.7776123285293579,11.153897285461426,11.765164375305176,10.308969497680664,0.2612636089324951,0.2653377056121826,0.7772271633148193,9.428171157836914,0,0.17671093344688416,11.950740814208984,10.923563003540039,37,25,30,0,
2025-12-30 10:18:22.806000,4d,Toxicity,Original,,105.3825912475586,1.8730919361114502,197.8799285888672,0.4132879376411438,0.5487440824508667,0.8478195071220398,11.153897285461426,11.306500434875488,9.359955787658691,0.2555294930934906,0.3150425851345062,0.5607998967170715,8.112042427062988,0,0.2080705612897873,7.394654750823975,8.509495735168457,37,25,30,0,
2025-12-30 10:18:22.806000,FinePointe Series WBP [SN 139781]  Site 4 Bias Flow is out of range.,,,,,,,,,,,,,,,,,,,,,,,,,
2025-12-30 10:18:22.806000,FinePointe Series WBP [SN 10499C]  Site 3 Bias Flow is out of range.,,,,,,,,,,,,,,,,,,,,,,,,,
2025-12-30 10:18:24.806000,4d,Toxicity,Original,,106.22772216796875,1.9097791910171509,202.4415740966797,0.4771140217781067,0.5564513802528381,0.7711032629013062,11.153897285461426,10.830501556396484,9.886015892028809,0.27679574489593506,0.2886432409286499,0.7692945003509521,9.541545867919922,0,0.1911396086215973,11.011858940124512,11.280743598937988,37,25,30,0,
2025-12-30 10:18:26.806000,4d,Toxicity,Original,,117.48210144042969,1.9479902982711792,227.2864532470703,0.26749974489212036,0.3916980028152466,0.8768272995948792,11.153897285461426,12.925586700439453,9.726434707641602,0.22946412861347198,0.2903841733932495,0.5881360769271851,8.411331176757812,0,0.21223917603492737,10.678272247314453,3.7160232067108154,37,25,30,25,
2025-12-30 10:18:28.806000,4d,Toxicity,Original,,173.33575439453125,1.3143166303634644,210.493408203125,0.28819242119789124,0.45409318804740906,0.8499552011489868,11.153897285461426,13.673266410827637,9.377169609069824,0.14847856760025024,0.23639416694641113,0.4572959542274475,7.25041389465332,0,0.16624347865581512,7.8224592208862305,6.046891212463379,37,25,30,25,
2025-12-30 10:18:30.806000,4d,Toxicity,Original,,91.86275482177734,1.7385849952697754,151.6176300048828,0.3043854236602783,0.5712773203849792,0.9191465973854065,11.153897285461426,12.629515647888184,7.110138893127441,0.2244303971529007,0.460484117269516,0.30562636256217957,11.437520980834961,0,0.295371413230896,5.867104530334473,4.135647296905518,37,25,30,0,
2025-12-30 10:18:32.806000,4d,Toxicity,Original,,89.84175872802734,2.328396797180176,209.1720428466797,0.2369549721479416,0.4371556043624878,0.8721969723701477,11.153897285461426,13.343292236328125,7.875576972961426,0.27780166268348694,0.3908350467681885,0.33260732889175415,9.736963272094727,0,0.2775716781616211,2.315648078918457,3.1632943153381348,37,25,30,0,
2025-12-30 10:18:32.806000,FinePointe Series WBP [SN 139781]  Site 4 Bias Flow is out of range.,,,,,,,,,,,,,,,,,,,,,,,,,
2025-12-30 10:18:32.806000,FinePointe Series WBP [SN 10499C]  Site 3 Bias Flow is out of range.,,,,,,,,,,,,,,,,,,,,,,,,,
2025-12-30 10:18:34.806000,4d,Toxicity,Original,,95.65070343017578,2.1143264770507812,201.7916259765625,0.34777912497520447,0.5412080883979797,0.8425183296203613,11.153897285461426,11.708730697631836,8.712539672851562,0.2764925956726074,0.3514034152030945,0.5233431458473206,8.702747344970703,0,0.2333616465330124,7.915412902832031,8.63891887664795,37,25,30,0,
2025-12-30 10:18:36.806000,4d,Toxicity,Original,,106.93692016601562,1.7114728689193726,182.782470703125,0.4105011522769928,0.4964076280593872,0.8212882280349731,11.153897285461426,11.395718574523926,10.18215274810791,0.23870360851287842,0.3231257498264313,0.7292970418930054,8.020776748657227,0,0.22046145796775818,9.7396240234375,8.805768013000488,37,25,30,0,
2025-12-30 10:18:38.806000,4d,Toxicity,Original,,80.42261505126953,1.8212388753890991,146.42189025878906,0.35641735792160034,0.45676517486572266,0.8366630673408508,11.153897285461426,10.238046646118164,9.16858959197998,0.2746925354003906,0.47182953357696533,0.5625555515289307,7.899547100067139,0,0.33072033524513245,6.16796875,5.637704849243164,37,25,30,0,
2025-12-30 10:18:40.806000,4d,Toxicity,Original,,98.27151489257812,2.1856343746185303,214.89845275878906,0.28708305954933167,0.470511794090271,0.8577661514282227,11.153897285461426,11.688157081604004,8.463726997375488,0.2873203456401825,0.32372117042541504,0.45942625403404236,10.567304611206055,0,0.22561651468276978,8.788924217224121,6.671247959136963,37,25,30,0,
2025-12-30 10:18:42.806000,4d,Toxicity,Original,,104.26586151123047,2.1542694568634033,224.59315490722656,0.4141785502433777,0.5213074684143066,0.8212088346481323,11.153897285461426,11.562053680419922,10.270204544067383,0.27398064732551575,0.3014879822731018,0.6490089893341064,8.98711109161377,0,0.2035120576620102,8.622894287109375,6.7391791343688965,37,25,30,0,
2025-12-30 10:18:42.806000,FinePointe Series WBP [SN 139781]  Site 4 Bias Flow is out of range.,,,,,,,,,,,,,,,,,,,,,,,,,
2025-12-30 10:18:42.806000,FinePointe Series WBP [SN 10499C]  Site 3 Bias Flow is out of range.,,,,,,,,,,,,,,,,,,,,,,,,,
2025-12-30 10:18:44.806000,4d,Toxicity,Original,,100.51241302490234,1.9656494855880737,197.48089599609375,0.42012277245521545,0.5407127737998962,0.8124212026596069,11.153897285461426,11.191667556762695,9.624149322509766,0.2758548855781555,0.32135769724845886,0.6084833145141602,9.207314491271973,0,0.21425792574882507,9.381804466247559,9.072237014770508,37,25,30,0,
2025-12-30 10:18:46.806000,4d,Toxicity,Original,,101.88574981689453,1.9730522632598877,200.8262481689453,0.4126184582710266,0.556701123714447,0.7910810112953186,11.153897285461426,10.612579345703125,8.874173164367676,0.2681926488876343,0.321039080619812,0.6216089129447937,7.731586456298828,0,0.2107202559709549,8.161351203918457,10.511812210083008,37,25,30,0,
2025-12-30 10:18:48.806000,4d,Toxicity,Original,,106.20037841796875,1.879124402999878,199.60577392578125,0.4139120876789093,0.5145339369773865,0.7920460104942322,11.153897285461426,10.686237335205078,9.629602432250977,0.26928380131721497,0.29579824209213257,0.6692101955413818,8.352574348449707,0,0.20054791867733002,9.669861793518066,8.4539794921875,37,25,30,0,
2025-12-30 10:18:50.806000,4d,Toxicity,Original,,103.02201843261719,1.8752994537353516,193.1579132080078,0.4045805335044861,0.5382043123245239,0.780372679233551,11.153897285461426,9.932794570922852,8.446435928344727,0.2747901380062103,0.3076304793357849,0.6002278327941895,10.346381187438965,0,0.20538467168807983,8.829270362854004,8.494209289550781,37,25,30,0,
2025-12-30 10:18:52.806000,4d,Toxicity,Original,,94.65374755859375,1.9121263027191162,181.03053283691406,0.3950444161891937,0.4913586378097534,0.8571258187294006,11.153897285461426,10.721272468566895,9.752182960510254,0.27772533893585205,0.35620760917663574,0.5189284682273865,8.928750991821289,0,0.2439493089914322,5.885958671569824,5.425652980804443,37,25,30,0,
2025-12-30 10:18:54.806000,4d,Toxicity,Original,,95.63485717773438,2.0361905097961426,194.81553649902344,0.36212316155433655,0.5436993837356567,0.8793147802352905,11.153897285461426,11.182595252990723,8.527180671691895,0.27745485305786133,0.3503924310207367,0.48018407821655273,8.554716110229492,0,0.23365426063537598,6.468405246734619,6.770449161529541,37,25,30,0,
2025-12-30 10:18:54.806000,FinePointe Series WBP [SN 139781]  Site 4 Bias Flow is out of range.,,,,,,,,,,,,,,,,,,,,,,,,,
2025-12-30 10:18:54.806000,FinePointe Series WBP [SN 10499C]  Site 3 Bias Flow is out of range.,,,,,,,,,,,,,,,,,,,,,,,,,
2025-12-30 10:18:56.806000,4d,Toxicity,Original,,104.2765884399414,1.8623353242874146,193.35623168945312,0.3685462772846222,0.5079543590545654,0.8816065788269043,11.153897285461426,11.437479972839355,9.057394981384277,0.24389098584651947,0.33776187896728516,0.47892025113105774,9.995773315429688,0,0.23047806322574615,7.878360748291016,5.543826580047607,37,25,30,0,
2025-12-30 10:18:58.806000,4d,Toxicity,Original,,82.02304077148438,2.004140853881836,164.1181640625,0.3791201710700989,0.5410490036010742,0.8963651657104492,11.153897285461426,10.93998908996582,9.648796081542969,0.26369741559028625,0.4685736298561096,0.3887673020362854,7.370218753814697,0,0.3087218701839447,1.5719248056411743,1.6587542295455933,37,25,30,0,
2025-12-30 10:19:00.806000,4d,Toxicity,Original,,95.70767211914062,1.9925532341003418,189.02767944335938,0.3365672528743744,0.48638594150543213,0.8826292157173157,11.153897285461426,11.453681945800781,8.973345756530762,0.25577521324157715,0.37916243076324463,0.3930671215057373,7.772284507751465,0,0.25892043113708496,5.1886467933654785,3.426229476928711,37,25,30,0,
2025-12-30 10:19:02.806000,4d,Toxicity,Original,,106.7823486328125,1.7157254219055176,176.82948303222656,0.22547799348831177,0.36151042580604553,0.8953696489334106,11.153897285461426,13.501964569091797,9.865351676940918,0.19239340722560883,0.39138540625572205,0.36014434695243835,9.678894996643066,0,0.289519727230072,7.65853214263916,1.6787384748458862,37,25,30,0,
2025-12-30 10:19:04.806000,4d,Toxicity,Original,,99.93013000488281,1.5819518566131592,157.9798583984375,0.3315933644771576,0.5232327580451965,0.898952841758728,11.153897285461426,12.64474868774414,9.465192794799805,0.19787243008613586,0.41074466705322266,0.36907505989074707,21.833505630493164,0,0.275198370218277,18.062515258789062,2.6867058277130127,37,25,30,0,
2025-12-30 10:19:04.806000,FinePointe Series WBP [SN 139781]  Site 4 Bias Flow is out of range.,,,,,,,,,,,,,,,,,,,,,,,,,
2025-12-30 10:19:04.806000,FinePointe Series WBP [SN 10499C]  Site 3 Bias Flow is out of range.,,,,,,,,,,,,,,,,,,,,,,,,,
2025-12-30 10:19:06.806000,4d,Toxicity,Original,,80.42681884765625,2.141646385192871,171.99574279785156,0.27641838788986206,0.46307337284088135,0.894890308380127,11.153897285461426,11.948221206665039,7.744411468505859,0.27040600776672363,0.4806930124759674,0.24556675553321838,8.478669166564941,0,0.33285078406333923,,1.4182722568511963,37,25,30,0,
2025-12-30 10:19:08.806000,4d,Toxicity,Original,,84.10980987548828,2.1006276607513428,176.40274047851562,0.31626132130622864,0.461123526096344,0.8456273674964905,11.153897285461426,10.627002716064453,8.665526390075684,0.29447606205940247,0.4195702373981476,0.4374506175518036,7.726765155792236,0,0.29217788577079773,3.5027976036071777,4.178703784942627,37,25,30,0,
2025-12-30 10:19:10.806000,4d,Toxicity,Original,,100.76305389404297,1.9925512075424194,200.188232421875,0.32549670338630676,0.461184024810791,0.8919913172721863,11.153897285461426,10.808444023132324,8.739485740661621,0.26869168877601624,0.33229225873947144,0.45996320247650146,7.705155849456787,0,0.23179177939891815,4.961452960968018,2.999990224838257,37,25,30,0,
2025-12-30 10:19:12.806000,4d,Toxicity,Original,,120.20203399658203,1.6251678466796875,195.55465698242188,0.31481727957725525,0.4917646050453186,0.8936008214950562,11.153897285461426,13.791940689086914,10.554611206054688,0.17872735857963562,0.32610201835632324,0.47764453291893005,8.708168983459473,0,0.2207595705986023,10.122251510620117,3.387280225753784,37,25,30,25,
2025-12-30 10:19:12.806000,FinePointe Series WBP [SN 139781]  Site 4 Bias Flow is out of range.,,,,,,,,,,,,,,,,,,,,,,,,,
2025-12-30 10:19:14.806000,4d,Toxicity,Original,,154.48927307128906,1.7921830415725708,276.873046875,0.22866176068782806,0.4021850824356079,0.8133013844490051,11.153897285461426,18.177202224731445,10.5468168258667,0.17935189604759216,0.2090246081352234,0.695627748966217,25.050535202026367,0,0.1565639078617096,20.97041130065918,6.751498699188232,37,25,30,66.66666412353516,
2025-12-30 10:19:14.806000,FinePointe Series WBP [SN 10499C]  Site 3 Bias Flow is out of range.,,,,,,,,,,,,,,,,,,,,,,,,,
2025-12-30 10:19:16.806000,4d,Toxicity,Original,,118.92041015625,1.5144174098968506,161.3347930908203,0.2691441476345062,0.3987619876861572,0.8885977268218994,11.153897285461426,12.858724594116211,9.366935729980469,0.19226723909378052,0.3799237608909607,0.5270215272903442,10.270549774169922,0,0.2806485891342163,11.681623458862305,7.623230934143066,37,25,30,60,
2025-12-30 10:19:18.806000,4d,Toxicity,Original,,84.4018783569336,2.656564950942993,224.2190704345703,0.22763016819953918,0.4499898850917816,0.9047978520393372,11.153897285461426,12.877854347229004,7.428875923156738,0.28648045659065247,0.42440420389175415,0.19948741793632507,7.792323112487793,0,0.29711923003196716,0.011655404232442379,2.4415476322174072,37,25,30,66.66666412353516,
2025-12-30 10:19:20.806000,4d,Toxicity,Original,,88.59840393066406,1.9335333108901978,171.06739807128906,0.3799726068973541,0.49559786915779114,0.8697082996368408,11.153897285461426,11.433117866516113,9.847281455993652,0.2630418539047241,0.4145885407924652,0.44718843698501587,6.798356056213379,0,0.2819375991821289,4.618532657623291,5.172144889831543,37,25,30,0,
2025-12-30 10:19:22.806000,4d,Toxicity,Original,,96.14859008789062,1.9352624416351318,186.02764892578125,0.4011557698249817,0.4650844633579254,0.8401328325271606,11.153897285461426,11.399406433105469,10.95212459564209,0.25984495878219604,0.364221453666687,0.561458945274353,7.4481353759765625,0,0.25355494022369385,4.4855499267578125,4.5019683837890625,37,25,30,33.33333206176758,
2025-12-30 10:19:22.806000,FinePointe Series WBP [SN 139781]  Site 4 Bias Flow is out of range.,,,,,,,,,,,,,,,,,,,,,,,,,
2025-12-30 10:19:24.806000,4d,Toxicity,Original,,109.11274719238281,1.6147748231887817,174.60618591308594,0.23720566928386688,0.3688068091869354,0.892755925655365,11.153897285461426,12.538002967834473,9.352982521057129,0.2016943097114563,0.35091325640678406,0.31320828199386597,8.983269691467285,0,0.26027342677116394,3.5666205883026123,1.6504541635513306,37,25,30,0,
2025-12-30 10:19:24.806000,FinePointe Series WBP [SN 10499C]  Site 3 Bias Flow is out of range.,,,,,,,,,,,,,,,,,,,,,,,,,
2025-12-30 10:19:26.806000,4d,Toxicity,Original,,75.25267028808594,2.0494375228881836,154.8673553466797,0.22057028114795685,0.3930569291114807,0.8992816209793091,11.153897285461426,12.076475143432617,8.050934791564941,0.26996588706970215,0.5405442714691162,0.368556946516037,7.460515022277832,0,0.3950161039829254,,2.4791605472564697,37,25,30,0,
2025-12-30 10:19:28.806000,4d,Toxicity,Original,,88.64849853515625,2.1895649433135986,194.3852081298828,0.3454298973083496,0.5227261185646057,0.8917213082313538,11.153897285461426,11.648497581481934,8.040914535522461,0.27689653635025024,0.4006299376487732,0.3535144329071045,7.665683746337891,0,0.2705496847629547,1.161199688911438,6.43598747253418,37,25,30,0,
2025-12-30 10:19:30.806000,4d,Toxicity,Original,,87.16214752197266,1.8740910291671753,163.23789978027344,0.33014583587646484,0.4286871552467346,0.8860685229301453,11.153897285461426,10.127689361572266,8.913406372070312,0.2709212005138397,0.4196877181529999,0.36015599966049194,7.262275695800781,0,0.2988157868385315,2.8181374073028564,1.7201200723648071,37,25,30,0,
2025-12-30 10:19:32.806000,4d,Toxicity,Original,,86.26741790771484,2.0557875633239746,177.35040283203125,0.4297705888748169,0.5826088190078735,0.8827894330024719,11.153897285461426,10.461628913879395,8.00909423828125,0.28126391768455505,0.4142516851425171,0.3839879333972931,6.467809677124023,0,0.26753944158554077,1.0168168544769287,5.576995372772217,37,25,30,0,
2025-12-30 10:19:32.806000,FinePointe Series WBP [SN 139781]  Site 4 Bias Flow is out of range.,,,,,,,,,,,,,,,,,,,,,,,,,
2025-12-30 10:19:32.806000,FinePointe Series WBP [SN 10499C]  Site 3 Bias Flow is out of range.,,,,,,,,,,,,,,,,,,,,,,,,,
2025-12-30 10:19:34.806000,4d,Toxicity,Original,,91.84124755859375,1.9402011632919312,177.85223388671875,0.365795373916626,0.5376780033111572,0.8922817707061768,11.153897285461426,10.292752265930176,8.400688171386719,0.279199481010437,0.3750231862068176,0.4664415419101715,7.705663681030273,0,0.24919597804546356,5.811457633972168,4.689627170562744,37,25,30,0,
2025-12-30 10:19:36.806000,4d,Toxicity,Original,,91.39363098144531,1.7666243314743042,161.528564453125,0.3234868049621582,0.511349618434906,0.8161651492118835,11.153897285461426,10.30449390411377,7.4287872314453125,0.2800137996673584,0.37725773453712463,0.3824602961540222,9.584778785705566,0,0.2548619508743286,4.850461006164551,5.622519493103027,37,25,30,0,
2025-12-30 10:19:38.806000,4d,Toxicity,Original,,84.79116821289062,2.014805555343628,170.93222045898438,0.3473326563835144,0.5093425512313843,0.8806087374687195,11.153897285461426,10.442249298095703,8.20394229888916,0.27395322918891907,0.4346320927143097,0.35359179973602295,7.492739200592041,0,0.2924191951751709,2.236848831176758,2.1102466583251953,37,25,30,0,
2025-12-30 10:19:40.806000,4d,Toxicity,Original,,93.5224609375,1.9329546689987183,180.49476623535156,0.397940456867218,0.5659451484680176,0.8661255240440369,11.153897285461426,9.892178535461426,8.11742115020752,0.27211669087409973,0.3700745105743408,0.48237061500549316,7.546840190887451,0,0.2407921850681305,3.9080281257629395,5.65685510635376,37,25,30,0,
2025-12-30 10:19:42.806000,4d,Toxicity,Original,,95.75581359863281,1.804882287979126,172.71188354492188,0.3476668894290924,0.49741217494010925,0.8501610159873962,11.153897285461426,10.657585144042969,8.502786636352539,0.26585617661476135,0.36094701290130615,0.42867904901504517,7.494014263153076,0,0.2459033727645874,5.508473873138428,6.905506610870361,37,25,30,0,
2025-12-30 10:19:42.806000,FinePointe Series WBP [SN 139781]  Site 4 Bias Flow is out of range.,,,,,,,,,,,,,,,,,,,,,,,,,
2025-12-30 10:19:42.806000,FinePointe Series WBP [SN 10499C]  Site 3 Bias Flow is out of range.,,,,,,,,,,,,,,,,,,,,,,,,,
2025-12-30 10:19:44.806000,4d,Toxicity,Original,,88.88671875,1.9398677349090576,171.7506103515625,0.41901108622550964,0.5897085666656494,0.8840295672416687,11.153897285461426,10.457902908325195,7.124024868011475,0.2882213294506073,0.38782447576522827,0.42091575264930725,5.746286869049072,0,0.24808983504772186,0.994687557220459,4.932821750640869,37,25,30,0,
2025-12-30 10:19:46.806000,4d,Toxicity,Original,,89.6355972290039,1.8110312223434448,161.5716552734375,0.2538817524909973,0.4561968147754669,0.9095906019210815,11.153897285461426,12.523746490478516,8.586055755615234,0.23156006634235382,0.4466455578804016,0.37187066674232483,14.620173454284668,0,0.3111417293548584,6.2093048095703125,2.87791109085083,37,25,30,0,
2025-12-30 10:19:48.806000,4d,Toxicity,Original,,73.68975830078125,2.1413135528564453,158.01409912109375,0.2998860478401184,0.47519761323928833,0.9196764230728149,11.153897285461426,10.937032699584961,7.005940914154053,0.30200332403182983,0.513184666633606,0.27696236968040466,5.7996110916137695,0,0.351975679397583,,2.7051820755004883,37,25,30,0,
2025-12-30 10:19:50.806000,4d,Toxicity,Original,,86.51382446289062,2.0639355182647705,178.58786010742188,0.30688977241516113,0.4430012106895447,0.8804400563240051,11.153897285461426,10.884635925292969,8.97591495513916,0.28266286849975586,0.41160646080970764,0.4367893636226654,8.38546371459961,0,0.2902722656726837,3.1242294311523438,3.169292449951172,37,25,30,0,
2025-12-30 10:19:52.806000,4d,Toxicity,Original,,87.8045425415039,1.937150239944458,169.93397521972656,0.3594667911529541,0.5087062120437622,0.8777211904525757,11.153897285461426,10.707479476928711,8.50365924835205,0.28186944127082825,0.40283241868019104,0.34644052386283875,6.781796455383301,0,0.2724245488643646,2.275723457336426,5.085491180419922,37,25,30,0,
2025-12-30 10:19:52.806000,FinePointe Series WBP [SN 139781]  Site 4 Bias Flow is out of range.,,,,,,,,,,,,,,,,,,,,,,,,,
2025-12-30 10:19:52.806000,FinePointe Series WBP [SN 10499C]  Site 3 Bias Flow is out of range.,,,,,,,,,,,,,,,,,,,,,,,,,
2025-12-30 10:19:54.806000,4d,Toxicity,Original,,91.28609466552734,2.019760847091675,184.0552978515625,0.33521923422813416,0.5077048540115356,0.8489807844161987,11.153897285461426,10.834245681762695,8.784388542175293,0.2799767851829529,0.379797101020813,0.47208383679389954,7.597294330596924,0,0.2565643787384033,2.904968023300171,5.473288059234619,37,25,30,0,
2025-12-30 10:19:56.806000,4d,Toxicity,Original,,89.56475067138672,2.037975549697876,182.42919921875,0.3395956754684448,0.5396571159362793,0.8630879521369934,11.153897285461426,10.643929481506348,7.9379167556762695,0.28369808197021484,0.3863937258720398,0.4439976215362549,7.144583702087402,0,0.2559148669242859,5.363548755645752,6.332338809967041,37,25,30,0,
2025-12-30 10:19:58.806000,4d,Toxicity,Original,,94.0596923828125,1.9046412706375122,179.57415771484375,0.36309993267059326,0.5183888673782349,0.8599507808685303,11.153897285461426,10.805429458618164,8.290246963500977,0.2727789282798767,0.36775392293930054,0.49009793996810913,8.928670883178711,0,0.2473914921283722,5.633807182312012,6.083532333374023,37,25,30,0,
2025-12-30 10:20:00.806000,4d,Toxicity,Original,,93.5899658203125,1.8764371871948242,175.44857788085938,0.33651047945022583,0.49483758211135864,0.8980791568756104,11.153897285461426,11.463711738586426,8.590221405029297,0.253398597240448,0.39385542273521423,0.3823496997356415,11.066761016845703,0,0.271637886762619,4.857249736785889,2.337118148803711,37,25,30,0,
2025-12-30 10:20:02.806000,4d,Toxicity,Original,,87.04859924316406,2.0455470085144043,178.24649047851562,0.40822702646255493,0.5531250238418579,0.8868961334228516,11.153897285461426,9.686914443969727,8.328272819519043,0.28942739963531494,0.40030503273010254,0.4685593247413635,7.36898946762085,0,0.2627946734428406,4.9742112159729,3.7302985191345215,37,25,30,0,
2025-12-30 10:20:04.806000,4d,Toxicity,Original,,89.3263168334961,2.154716968536377,192.6395263671875,0.37470579147338867,0.5261387825012207,0.8250225186347961,11.153897285461426,10.59562873840332,8.906988143920898,0.2823575735092163,0.3923119306564331,0.4703861474990845,6.658787727355957,0,0.26176002621650696,3.140381336212158,4.7885613441467285,37,25,30,0,
2025-12-30 10:20:04.806000,FinePointe Series WBP [SN 139781]  Site 4 Bias Flow is out of range.,,,,,,,,,,,,,,,,,,,,,,,,,
2025-12-30 10:20:04.806000,FinePointe Series WBP [SN 10499C]  Site 3 Bias Flow is out of range.,,,,,,,,,,,,,,,,,,,,,,,,,
2025-12-30 10:20:06.806000,4d,Toxicity,Original,,95.00215911865234,1.9747607707977295,187.17930603027344,0.3282705545425415,0.5509232878684998,0.8774608969688416,11.153897285461426,12.519423484802246,8.406309127807617,0.253123939037323,0.3806576728820801,0.505664587020874,8.225940704345703,0,0.25121527910232544,4.848687171936035,6.504491806030273,37,25,30,0,
2025-12-30 10:20:08.806000,4d,Toxicity,Original,,89.53814697265625,1.9241052865982056,171.30931091308594,0.3055785596370697,0.4853537082672119,0.8775900602340698,11.153897285461426,11.8540678024292,7.766417503356934,0.2557225227355957,0.4228164553642273,0.34802836179733276,11.1701021194458,0,0.29126179218292236,13.04633617401123,4.784520149230957,37,25,30,0,
2025-12-30 10:20:10.806000,4d,Toxicity,Original,,76.0897445678711,2.036816358566284,155.41415405273438,0.28754723072052,0.48688367009162903,0.8846429586410522,11.153897285461426,11.785012245178223,8.04703140258789,0.2748546898365021,0.5152963399887085,0.32426488399505615,7.826269626617432,0,0.35287871956825256,4.141389846801758,4.084568977355957,37,25,30,0,
2025-12-30 10:20:12.806000,4d,Toxicity,Original,,84.85496520996094,2.2186012268066406,188.15386962890625,0.27315419912338257,0.4303207993507385,0.8678619861602783,11.153897285461426,13.205408096313477,10.213754653930664,0.26696667075157166,0.44051021337509155,0.4864805340766907,35.04623031616211,0,0.31737953424453735,9.938817977905273,7.607500076293945,37,25,30,33.33333206176758,
2025-12-30 10:20:14.806000,4d,Toxicity,Original,,145.97146606445312,2.11567759513855,125.4472427368164,1.1342172622680664,1.1118028163909912,0.29147055745124817,11.153897285461426,11.074190139770508,8.708849906921387,0.24811899662017822,0.42436057329177856,0.43429428339004517,18.25722885131836,0,0.18150290846824646,11.667920112609863,34.601654052734375,37,25,30,0,
2025-12-30 10:20:14.806000,FinePointe Series WBP [SN 139781]  Site 4 Bias Flow is out of range.,,,,,,,,,,,,,,,,,,,,,,,,,
2025-12-30 10:20:14.806000,FinePointe Series WBP [SN 10499C]  Site 3 Bias Flow is out of range.,,,,,,,,,,,,,,,,,,,,,,,,,
2025-12-30 10:20:16.806000,4d,Toxicity,Original,,91.06324768066406,1.824874758720398,165.9921875,0.3874017894268036,0.8299061059951782,0.580284595489502,11.153897285461426,11.889253616333008,5.324200630187988,0.24546442925930023,0.41434013843536377,0.2708010673522949,7.837977409362793,0,0.2330102026462555,2.052306890487671,11.635223388671875,37,25,30,60,
2025-12-30 10:20:18.806000,4d,Toxicity,Original,,98.84711456298828,1.7968661785125732,177.60791015625,0.35085421800613403,0.5408768653869629,0.8661887645721436,11.153897285461426,11.28927230834961,7.843930244445801,0.2445751577615738,0.36271557211875916,0.43133968114852905,7.433131694793701,0,0.23940199613571167,3.7877838611602783,6.973672389984131,37,25,30,0,
2025-12-30 10:20:20.806000,4d,Toxicity,Original,,107.09788513183594,1.6586519479751587,177.0485382080078,0.29457080364227295,0.4166337847709656,0.8862262964248657,11.153897285461426,11.801046371459961,9.205878257751465,0.22886428236961365,0.3343626856803894,0.43993839621543884,14.759143829345703,0,0.2411988377571106,7.447397708892822,3.334639310836792,37,25,30,0,
2025-12-30 10:20:22.806000,4d,Toxicity,Original,,104.72933197021484,1.7105934619903564,179.75152587890625,0.2144562155008316,0.3408989906311035,0.8922799825668335,11.153897285461426,13.921886444091797,10.361234664916992,0.19097991287708282,0.38482221961021423,0.5355408191680908,18.990398406982422,0,0.2901967167854309,15.92135238647461,2.100881576538086,37,25,30,25,
2025-12-30 10:20:22.806000,FinePointe Series WBP [SN 139781]  Site 4 Bias Flow is out of range.,,,,,,,,,,,,,,,,,,,,,,,,,
2025-12-30 10:20:24.806000,4d,Toxicity,Original,,89.79350280761719,2.091856002807617,188.42234802246094,0.2595476508140564,0.49713534116744995,0.8908448815345764,11.153897285461426,12.186673164367676,7.256646156311035,0.2645796835422516,0.404226154088974,0.24195945262908936,8.269369125366211,0,0.2749730050563812,7.41829776763916,1.877700924873352,37,25,30,0,
2025-12-30 10:20:24.806000,FinePointe Series WBP [SN 10499C]  Site 3 Bias Flow is out of range.,,,,,,,,,,,,,,,,,,,,,,,,,
2025-12-30 10:20:26.806000,4d,Toxicity,Original,,100.74144744873047,1.911502718925476,192.49205017089844,0.36115285754203796,0.5762560963630676,0.8546572923660278,11.153897285461426,11.617436408996582,8.377180099487305,0.2538726031780243,0.34232044219970703,0.5209215879440308,7.9423508644104,0,0.22138546407222748,6.835296630859375,10.39892578125,37,25,30,0,
2025-12-30 10:20:28.806000,4d,Toxicity,Original,,98.65695190429688,1.8714587688446045,184.78651428222656,0.382291316986084,0.5255772471427917,0.8699676990509033,11.153897285461426,10.92521858215332,8.617679595947266,0.2609139680862427,0.34831616282463074,0.5304491519927979,8.008983612060547,0,0.23284460604190826,6.317390441894531,6.97023868560791,37,25,30,0,
2025-12-30 10:20:30.806000,4d,Toxicity,Original,,102.35818481445312,1.8060616254806519,184.71234130859375,0.41360923647880554,0.5758918523788452,0.8233376741409302,11.153897285461426,10.81633186340332,8.770988464355469,0.256069153547287,0.331057071685791,0.5450968146324158,8.034786224365234,0,0.21496351063251495,5.675210475921631,8.528133392333984,37,25,30,0,
2025-12-30 10:20:32.806000,4d,Toxicity,Original,,105.73297882080078,1.8694065809249878,197.58148193359375,0.3847304582595825,0.5089511275291443,0.7382503151893616,11.153897285461426,10.914621353149414,8.870039939880371,0.255768746137619,0.31182849407196045,0.6624495983123779,11.24467658996582,0,0.21198274195194244,8.68915843963623,8.66333293914795,37,25,30,0,
2025-12-30 10:20:32.806000,FinePointe Series WBP [SN 139781]  Site 4 Bias Flow is out of range.,,,,,,,,,,,,,,,,,,,,,,,,,
2025-12-30 10:20:34.806000,4d,Toxicity,Original,,99.13911437988281,1.8665990829467773,185.0740966796875,0.36271119117736816,0.5777186751365662,0.8555707335472107,11.153897285461426,10.625792503356934,7.77097749710083,0.26386454701423645,0.34173595905303955,0.47225573658943176,6.7238335609436035,0,0.22073429822921753,4.0665364265441895,8.088212013244629,37,25,30,0,
2025-12-30 10:20:34.806000,FinePointe Series WBP [SN 10499C]  Site 3 Bias Flow is out of range.,,,,,,,,,,,,,,,,,,,,,,,,,
2025-12-30 10:20:36.806000,4d,Toxicity,Original,,100.8736343383789,1.8746572732925415,189.00326538085938,0.38932308554649353,0.5401590466499329,0.8050394654273987,11.153897285461426,10.29036808013916,8.612336158752441,0.2662190794944763,0.32870930433273315,0.5989758968353271,8.862532615661621,0,0.21815817058086395,8.945363998413086,9.439717292785645,37,25,30,0,
2025-12-30 10:20:38.806000,4d,Toxicity,Original,,91.5853500366211,1.7086914777755737,156.25540161132812,0.26383814215660095,0.3786126673221588,0.8915382027626038,11.153897285461426,10.922451972961426,9.16980266571045,0.23277539014816284,0.42786020040512085,0.4894585907459259,11.882097244262695,0,0.3155137896537781,8.259416580200195,1.9354568719863892,37,25,30,0,
2025-12-30 10:20:40.806000,4d,Toxicity,Original,,86.83647155761719,2.091444969177246,181.88571166992188,0.3316604197025299,0.4983803331851959,0.8946280479431152,11.153897285461426,11.32182788848877,8.357250213623047,0.28063175082206726,0.4176941514015198,0.3717363476753235,7.508136749267578,0,0.28217601776123047,1.884223222732544,3.789436101913452,37,25,30,0,
2025-12-30 10:20:42.806000,4d,Toxicity,Original,,104.18207550048828,1.6082990169525146,167.6473846435547,0.1911037564277649,0.25876668095588684,0.9119088649749756,11.153897285461426,12.650370597839355,10.692310333251953,0.19507578015327454,0.38418859243392944,0.4010336995124817,18.610929489135742,0,0.30886444449424744,5.953051567077637,,37,25,30,50,
2025-12-30 10:20:42.806000,FinePointe Series WBP [SN 139781]  Site 4 Bias Flow is out of range.,,,,,,,,,,,,,,,,,,,,,,,,,
2025-12-30 10:20:42.806000,FinePointe Series WBP [SN 10499C]  Site 3 Bias Flow is out of range.,,,,,,,,,,,,,,,,,,,,,,,,,
2025-12-30 10:20:44.806000,4d,Toxicity,Original,,150.22720336914062,1.4099228382110596,203.62496948242188,0.21618060767650604,0.31875795125961304,0.8639769554138184,11.153897285461426,13.44175910949707,9.757332801818848,0.15971891582012177,0.261402428150177,0.5111547708511353,13.40061092376709,0,0.20198318362236023,14.832365036010742,4.840757846832275,37,25,30,0,
2025-12-30 10:20:46.806000,4d,Toxicity,Original,,111.57672119140625,1.624851107597351,181.29556274414062,0.4105446934700012,0.8392982482910156,0.9040511846542358,11.153897285461426,17.02783203125,8.217023849487305,0.15944941341876984,0.3782971501350403,0.5241459608078003,11.54983901977539,0,0.20919494330883026,5.527436256408691,10.893254280090332,37,25,30,75,
2025-12-30 10:20:48.806000,4d,Toxicity,Original,,92.73829650878906,2.1711320877075195,199.4732666015625,0.2011687159538269,0.3796450197696686,0.909382164478302,11.153897285461426,12.786567687988281,7.625361442565918,0.2777237594127655,0.37788859009742737,0.26155778765678406,8.13650894165039,0,0.27699095010757446,0.15522241592407227,1.2674168348312378,37,25,30,60,
2025-12-30 10:20:50.806000,4d,Toxicity,Original,,135.96194458007812,1.5291318893432617,207.38180541992188,0.22617508471012115,0.30732637643814087,0.859099268913269,11.153897285461426,12.72180461883545,9.84471607208252,0.18637430667877197,0.2575232684612274,0.4666687846183777,23.997455596923828,0,0.20279060304164886,23.95159339904785,7.653687477111816,37,25,30,0,
2025-12-30 10:20:52.806000,4d,Toxicity,Original,,88.49932098388672,1.971604824066162,174.43922424316406,0.37442871928215027,0.6020874977111816,0.8975991010665894,11.153897285461426,12.546897888183594,9.084110260009766,0.22846348583698273,0.45133504271507263,0.39522621035575867,8.380474090576172,0,0.2887459099292755,1.950131893157959,4.483887672424316,37,25,30,25,
2025-12-30 10:20:52.806000,FinePointe Series WBP [SN 139781]  Site 4 Bias Flow is out of range.,,,,,,,,,,,,,,,,,,,,,,,,,
2025-12-30 10:20:52.806000,FinePointe Series WBP [SN 10499C]  Site 3 Bias Flow is out of range.,,,,,,,,,,,,,,,,,,,,,,,,,
2025-12-30 10:20:54.806000,4d,Toxicity,Original,,84.46319580078125,1.98149836063385,167.9547882080078,0.25963354110717773,0.4667291045188904,0.8108782172203064,11.153897285461426,12.844090461730957,7.948421478271484,0.26316604018211365,0.45098844170570374,0.3985220491886139,7.356963157653809,0,0.31155359745025635,2.450200080871582,4.692816734313965,37,25,30,0,
2025-12-30 10:20:56.806000,4d,Toxicity,Original,,92.84447479248047,2.0597901344299316,191.28875732421875,0.2587215304374695,0.40096354484558105,0.8764211535453796,11.153897285461426,12.128952026367188,9.173210144042969,0.26305103302001953,0.38336095213890076,0.4771842062473297,9.655982971191406,0,0.2782318592071533,3.905311107635498,2.9217112064361572,37,25,30,0,
2025-12-30 10:20:58.806000,4d,Toxicity,Original,,100.05747985839844,1.9744949340820312,196.78701782226562,0.304546058177948,0.4402347803115845,0.8816467523574829,11.153897285461426,11.269807815551758,9.063161849975586,0.2506096065044403,0.3512541949748993,0.39469099044799805,9.548038482666016,0,0.2488088309764862,6.333849906921387,4.119546413421631,37,25,30,0,
2025-12-30 10:21:00.806000,4d,Toxicity,Original,,95.21495056152344,1.7067701816558838,159.24143981933594,0.36125364899635315,0.49310481548309326,0.894446611404419,11.153897285461426,11.717068672180176,10.372472763061523,0.21881169080734253,0.42925024032592773,0.4827354848384857,9.574535369873047,0,0.2901235818862915,11.49169921875,2.053717851638794,37,25,30,33.33333206176758,
2025-12-30 10:21:02.806000,4d,Toxicity,Original,,87.9353256225586,2.1963706016540527,192.62551879882812,0.21812430024147034,0.4076373279094696,0.8335662484169006,11.153897285461426,12.450382232666016,7.5802507400512695,0.26760512590408325,0.4171960651874542,0.4084392786026001,7.478447914123535,0,0.30141526460647583,0.5648459792137146,3.6501193046569824,37,25,30,0,
2025-12-30 10:21:04.806000,4d,Toxicity,Original,,91.25053405761719,2.042459726333618,186.16378784179688,0.25689437985420227,0.4407694339752197,0.8686370849609375,11.153897285461426,12.437495231628418,8.302350997924805,0.25924113392829895,0.3998009264469147,0.44499364495277405,7.525815486907959,0,0.28204435110092163,3.562257766723633,4.573475360870361,37,25,30,0,
2025-12-30 10:21:04.806000,FinePointe Series WBP [SN 139781]  Site 4 Bias Flow is out of range.,,,,,,,,,,,,,,,,,,,,,,,,,
2025-12-30 10:21:04.806000,FinePointe Series WBP [SN 10499C]  Site 3 Bias Flow is out of range.,,,,,,,,,,,,,,,,,,,,,,,,,
2025-12-30 10:21:06.806000,4d,Toxicity,Original,,101.1292495727539,1.8779292106628418,189.9065399169922,0.34719225764274597,0.4303383231163025,0.8621264100074768,11.153897285461426,11.426342964172363,10.252123832702637,0.24370653927326202,0.3501521646976471,0.5533839464187622,7.586178302764893,0,0.24880830943584442,5.023806571960449,4.583923816680908,37,25,30,0,
2025-12-30 10:21:08.806000,4d,Toxicity,Original,,77.28627014160156,2.006009340286255,155.28656005859375,0.23291116952896118,0.4236905574798584,0.8891301155090332,11.153897285461426,12.078399658203125,8.169112205505371,0.2603885233402252,0.5180721282958984,0.4485483765602112,8.081198692321777,0,0.37205225229263306,0.4836995303630829,0.7085568904876709,37,25,30,0,
2025-12-30 10:21:10.806000,4d,Toxicity,Original,,84.58853149414062,2.2026405334472656,186.19349670410156,0.34846800565719604,0.503807544708252,0.8972132205963135,11.153897285461426,11.477609634399414,9.33468246459961,0.2813663184642792,0.42864859104156494,0.46248239278793335,7.207772254943848,0,0.291238397359848,2.9836175441741943,4.3726983070373535,37,25,30,0,
2025-12-30 10:21:12.806000,4d,Toxicity,Original,,104.46656036376953,1.8871145248413086,195.890380859375,0.3331405520439148,0.4451185464859009,0.8585323095321655,11.153897285461426,11.757234573364258,9.082820892333984,0.23807507753372192,0.33955174684524536,0.5635443329811096,9.461200714111328,0,0.24240677058696747,7.724714279174805,4.641355514526367,37,25,30,0,
2025-12-30 10:21:14.806000,4d,Toxicity,Original,,79.78412628173828,1.9915271997451782,158.9532470703125,0.2830250561237335,0.4547851085662842,0.9066042304039001,11.153897285461426,12.293216705322266,8.767328262329102,0.25800299644470215,0.4946182668209076,0.26884064078330994,6.607113838195801,0,0.34731125831604004,,3.189581871032715,37,25,30,0,
2025-12-30 10:21:14.806000,FinePointe Series WBP [SN 139781]  Site 4 Bias Flow is out of range.,,,,,,,,,,,,,,,,,,,,,,,,,
2025-12-30 10:21:14.806000,FinePointe Series WBP [SN 10499C]  Site 3 Bias Flow is out of range.,,,,,,,,,,,,,,,,,,,,,,,,,
2025-12-30 10:21:16.806000,4d,Toxicity,Original,,92.53685760498047,1.9805951118469238,182.91360473632812,0.3124745488166809,0.4820024073123932,0.8849124908447266,11.153897285461426,11.520415306091309,8.26717758178711,0.27096566557884216,0.38000985980033875,0.38470566272735596,7.125471115112305,0,0.260056734085083,0.7547058463096619,3.504608631134033,37,25,30,0,
2025-12-30 10:21:18.806000,4d,Toxicity,Original,,95.55119323730469,1.787550449371338,171.2412567138672,0.2630537450313568,0.4155000150203705,0.8912832140922546,11.153897285461426,12.212530136108398,9.189863204956055,0.22753985226154327,0.40841975808143616,0.4192730188369751,7.118741989135742,0,0.2923372983932495,4.224952697753906,2.430691719055176,37,25,30,0,
2025-12-30 10:21:20.806000,4d,Toxicity,Original,,89.69660186767578,2.0592312812805176,184.72434997558594,0.2693849802017212,0.4375780522823334,0.8770233392715454,11.153897285461426,11.693084716796875,8.161333084106445,0.27097904682159424,0.39826133847236633,0.37431955337524414,6.753250598907471,0,0.2826210558414459,3.831573247909546,3.51373291015625,37,25,30,0,
2025-12-30 10:21:22.806000,4d,Toxicity,Original,,99.03229522705078,1.98630690574646,196.15591430664062,0.3095356822013855,0.45569300651550293,0.8835904002189636,11.153897285461426,12.255986213684082,9.55584716796875,0.23954801261425018,0.36697322130203247,0.4563610851764679,9.002973556518555,0,0.2575559914112091,5.603394985198975,4.120262145996094,37,25,30,0,
2025-12-30 10:21:22.806000,FinePointe Series WBP [SN 139781]  Site 4 Bias Flow is out of range.,,,,,,,,,,,,,,,,,,,,,,,,,
2025-12-30 10:21:24.806000,4d,Toxicity,Original,,90.9793701171875,1.9626082181930542,178.67286682128906,0.31424060463905334,0.41451549530029297,0.8833580613136292,11.153897285461426,11.382340431213379,9.571268081665039,0.2637069821357727,0.39617249369621277,0.40899747610092163,6.520030498504639,0,0.28407540917396545,1.1473376750946045,1.2776236534118652,37,25,30,0,
2025-12-30 10:21:24.806000,FinePointe Series WBP [SN 10499C]  Site 3 Bias Flow is out of range.,,,,,,,,,,,,,,,,,,,,,,,,,
2025-12-30 10:21:26.806000,4d,Toxicity,Original,,93.12260437011719,2.1111361980438232,196.49386596679688,0.30787843465805054,0.5011596083641052,0.8422410488128662,11.153897285461426,12.898476600646973,8.702716827392578,0.2611526548862457,0.3832061290740967,0.5043994784355164,7.537388801574707,0,0.26025739312171936,4.619626998901367,6.75427770614624,37,25,30,0,
2025-12-30 10:21:26.806000,Record signals and tables.,,,,,,,,,,,,,,,,,,,,,,,,,
2025-12-30 10:21:26.806000,Experiment Complete.,,,,,,,,,,,,,,,,,,,,,,,,,
2025-12-30 10:21:28.806000,4d,Toxicity,Original,,96.05217742919922,1.9612300395965576,188.17050170898438,0.3095177114009857,0.5269530415534973,0.858959972858429,11.153897285461426,11.946608543395996,8.069968223571777,0.2530778646469116,0.37211406230926514,0.48775213956832886,7.4986419677734375,0,0.24810117483139038,6.094964981079102,7.291672229766846,37,25,30,0,
