Time,Subject,Phase,Recording,Alarms,f,TVb,MVb,Penh,PAU,Rpef,Comp,PIFb,PEFb,Ti,Te,EF50,EIP,EEP,Tr,TB,TP,Tbody,Tc,RH,Rinx,BFCF
2025-12-17 12:11:08.190000,5c,Toxicity,Original,,30.697751998901367,6.515926837921143,200.0242919921875,5.3349738121032715,0.6992532014846802,0.7633687853813171,11.153897285461426,11.373027801513672,138.6313018798828,0.314441978931427,1.6400985717773438,-0.38897961378097534,2.2733004093170166,361.9870300292969,0.555715024471283,29.385160446166992,,37,25,30,96.96969604492188,
2025-12-17 12:11:08.190000,FinePointe Series WBP [SN 139781]  Site 4 Bias Flow is out of range.,,,,,,,,,,,,,,,,,,,,,,,,,
2025-12-17 12:11:14.190000,5c,Toxicity,Original,,83.49484252929688,0.6706604361534119,55.9966926574707,330.99029541015625,34.3986701965332,0.050894323736429214,11.153897285461426,8.414448738098145,89.05278778076172,0.4042303264141083,0.31437692046165466,7.914479732513428,2.1529016494750977,274.7328796386719,0.008895261213183403,,1.4736039638519287,37,25,30,83.33333587646484,
2025-12-17 12:11:14.190000,FinePointe Series WBP [SN 139781]  Site 4 Bias Flow is out of range.,,,,,,,,,,,,,,,,,,,,,,,,,
2025-12-17 12:11:28.190000,5c,Toxicity,Original,,211.7213897705078,0.10590810328722,22.341064453125,1.8604354858398438,2.6259284019470215,0.21093162894248962,11.153897285461426,1.6211106777191162,1.0470892190933228,0.12211275845766068,0.18247759342193604,0.08780927956104279,7.710780143737793,93.90789031982422,0.051933035254478455,9.674355506896973,13.565160751342773,37,25,30,87.5,
2025-12-17 12:11:28.190000,FinePointe Series WBP [SN 139781]  Site 4 Bias Flow is out of range.,,,,,,,,,,,,,,,,,,,,,,,,,
2025-12-17 12:11:38.190000,5c,Toxicity,Original,,165.5106201171875,0.1149226725101471,19.020923614501953,5.010064601898193,5.676936626434326,0.1805674284696579,11.153897285461426,2.3427910804748535,1.982192873954773,0.08560961484909058,0.2769048810005188,0.1559879183769226,6.643669605255127,186.49685668945312,0.04180361330509186,9.188579559326172,,37,25,30,96,
2025-12-17 12:11:38.190000,FinePointe Series WBP [SN 139781]  Site 4 Bias Flow is out of range.,,,,,,,,,,,,,,,,,,,,,,,,,
2025-12-17 12:11:46.190000,5c,Toxicity,Original,,365.7540283203125,0.10117574036121368,37.005435943603516,0.5836871266365051,0.6496238112449646,0.6191790699958801,11.153897285461426,2.2962684631347656,2.0826680660247803,0.07683242112398148,0.08721225708723068,0.17261891067028046,5.288969039916992,0,0.05361070856451988,15.489885330200195,12.607234954833984,37,25,30,95.23809814453125,
2025-12-17 12:11:46.190000,Measuring Baseline.,,,,,,,,,,,,,,,,,,,,,,,,,
2025-12-17 12:11:46.190000,Create measurement 'Baseline'. Duration: 00:08:00,,,,,,,,,,,,,,,,,,,,,,,,,
2025-12-17 12:11:46.190000,FinePointe Series WBP [SN 139781]  Site 4 Bias Flow is out of range.,,,,,,,,,,,,,,,,,,,,,,,,,
2025-12-17 12:11:54.190000,5c,Toxicity,Original,,310.37066650390625,0.10827724635601044,33.606082916259766,0.6553176045417786,0.7476896643638611,0.5258203148841858,11.153897285461426,1.721134066581726,1.520304560661316,0.10963845252990723,0.08367877453565598,0.13565334677696228,6.346530437469482,0,0.048850685358047485,20.444656372070312,17.820234298706055,37,25,30,94.11764526367188,
2025-12-17 12:11:58.190000,5c,Toxicity,Original,,178.0242156982422,0.11421956866979599,20.33384895324707,2.1801395416259766,2.9395124912261963,0.2554644048213959,11.153897285461426,1.6730481386184692,1.2209603786468506,0.11782419681549072,0.21920861303806305,0.0944155752658844,5.946020603179932,149.7784423828125,0.056171972304582596,,,37,25,30,80,
2025-12-17 12:11:58.190000,FinePointe Series WBP [SN 139781]  Site 4 Bias Flow is out of range.,,,,,,,,,,,,,,,,,,,,,,,,,
2025-12-17 12:11:58.190000,FinePointe Series WBP [SN 139781]  Site 4 Bias Flow is out of range.,,,,,,,,,,,,,,,,,,,,,,,,,
2025-12-17 12:12:18.190000,5c,Toxicity,Original,,176.96446228027344,0.1248784214258194,22.099042892456055,0.11053311079740524,0.3084818124771118,0.909911572933197,11.153897285461426,2.1122004985809326,0.8304940462112427,0.1038634330034256,0.23518769443035126,0.05225445330142975,3.613605260848999,0,0.18074838817119598,,,37,25,30,97.91666412353516,
2025-12-17 12:12:18.190000,FinePointe Series WBP [SN 139781]  Site 4 Bias Flow is out of range.,,,,,,,,,,,,,,,,,,,,,,,,,
2025-12-17 12:12:26.190000,5c,Toxicity,Original,,115.5866470336914,0.12885782122612,14.894243240356445,0.1366463452577591,0.2763252258300781,0.8238880634307861,11.153897285461426,1.5923383235931396,0.8383658528327942,0.20108672976493835,0.3180043697357178,0.06064429506659508,53.559654235839844,0,0.25078052282333374,9.248751640319824,,37,25,30,96.15384674072266,
2025-12-17 12:12:32.190000,5c,Toxicity,Original,,346.18212890625,0.10549207031726837,36.51947021484375,0.7966135144233704,0.8633409738540649,0.42496079206466675,11.153897285461426,2.307337760925293,2.1404213905334473,0.08860547840595245,0.08471369743347168,0.1876918375492096,10.512767791748047,0,0.046769529581069946,22.484107971191406,19.615835189819336,37,25,30,95.45454406738281,
2025-12-17 12:12:32.190000,FinePointe Series WBP [SN 139781]  Site 4 Bias Flow is out of range.,,,,,,,,,,,,,,,,,,,,,,,,,
2025-12-17 12:12:36.190000,5c,Toxicity,Original,,299.9110107421875,0.14201720058918,42.59252166748047,1.002488613128662,0.878429114818573,0.19485622644424438,11.153897285461426,1.936465859413147,2.0275683403015137,0.10768354684114456,0.09237580001354218,0.14877551794052124,2.062541961669922,0,0.049601152539253235,1.1963105201721191,7.025509357452393,37,25,30,90,
2025-12-17 12:12:40.190000,5c,Toxicity,Original,,90.19189453125,0.13241730630397797,11.942968368530273,0.3017253875732422,0.921786904335022,0.2564299404621124,11.153897285461426,2.5480692386627197,0.8660632967948914,0.10369135439395905,0.561556875705719,0.059907253831624985,28.106245040893555,408.0875244140625,0.29255107045173645,,,37,25,30,83.33333587646484,
2025-12-17 12:12:42.190000,5c,Toxicity,Original,,109.34510040283203,0.2140997052192688,20.86467933654785,2.338582992553711,2.2898247241973877,0.17683285474777222,11.153897285461426,1.8134593963623047,1.689009666442871,0.24508744478225708,0.43029066920280457,0.11082446575164795,25.559825897216797,273.1236267089844,0.15699462592601776,5.344527721405029,,37,25,30,60,
2025-12-17 12:12:42.190000,FinePointe Series WBP [SN 139781]  Site 4 Bias Flow is out of range.,,,,,,,,,,,,,,,,,,,,,,,,,
2025-12-17 12:12:50.190000,5c,Toxicity,Original,,103.45631408691406,0.1288357377052307,13.32887077331543,0.5022010803222656,0.8034595847129822,0.8834259510040283,11.153897285461426,1.7204718589782715,1.1968082189559937,0.29243791103363037,0.2875170409679413,0.07704924792051315,5.325634956359863,0,0.1605989933013916,24.153289794921875,,37,25,30,94.44444274902344,
2025-12-17 12:12:50.190000,FinePointe Series WBP [SN 139781]  Site 4 Bias Flow is out of range.,,,,,,,,,,,,,,,,,,,,,,,,,
2025-12-17 12:12:54.190000,5c,Toxicity,Original,,86.11969757080078,0.3790566623210907,32.64424514770508,0.36383646726608276,0.6018486618995667,0.7017732858657837,11.153897285461426,2.3772051334381104,1.3754687309265137,0.27776598930358887,0.4189387261867523,0.03240881860256195,5.808040618896484,54.598419189453125,0.2636158764362335,,,37,25,30,87.5,
2025-12-17 12:12:56.190000,5c,Toxicity,Original,,274.6541442871094,0.14690184593200684,40.347198486328125,0.6001604199409485,0.74699467420578,0.5140512585639954,11.153897285461426,1.8562641143798828,1.5519345998764038,0.1250806599855423,0.09337589889764786,0.13806761801242828,6.180003643035889,0,0.05453835427761078,18.824508666992188,13.410378456115723,37,25,30,83.33333587646484,
2025-12-17 12:13:00.190000,5c,Toxicity,Original,,93.24457550048828,0.15322880446910858,14.287755012512207,0.6085067987442017,0.8061073422431946,0.05221416801214218,11.153897285461426,2.0964038372039795,1.3497228622436523,0.1455199122428894,0.49794912338256836,0.05925964191555977,4.725142002105713,406.0541687011719,0.27769792079925537,,35.92195129394531,37,25,30,92.85713958740234,
2025-12-17 12:13:00.190000,FinePointe Series WBP [SN 139781]  Site 4 Bias Flow is out of range.,,,,,,,,,,,,,,,,,,,,,,,,,
2025-12-17 12:13:00.190000,FinePointe Series WBP [SN 139781]  Site 4 Bias Flow is out of range.,,,,,,,,,,,,,,,,,,,,,,,,,
2025-12-17 12:13:16.190000,5c,Toxicity,Original,,278.39703369140625,0.12294596433639526,34.22779083251953,0.7910997271537781,0.5556864142417908,0.6892169117927551,11.153897285461426,1.6322652101516724,2.2519848346710205,0.12266053259372711,0.09285900741815567,0.19548025727272034,7.228416919708252,0,0.060923244804143906,13.14168930053711,11.162252426147461,37,25,30,97.22222137451172,
2025-12-17 12:13:18.190000,5c,Toxicity,Original,,288.1432800292969,0.1164347380399704,33.549888610839844,0.33439213037490845,0.4975082576274872,0.8553717136383057,11.153897285461426,1.6886720657348633,1.2047302722930908,0.1287321299314499,0.07949759811162949,0.08390862494707108,5.487887382507324,0,0.05432026460766792,18.13410758972168,8.894251823425293,37,25,30,91.66666412353516,
2025-12-17 12:13:22.190000,5c,Toxicity,Original,,312.8406982421875,0.10988636314868927,34.37692642211914,1.0711272954940796,1.0252175331115723,0.4768689274787903,11.153897285461426,1.8411812782287598,1.9801971912384033,0.1079104021191597,0.08388049155473709,0.1753188669681549,7.395524501800537,9.19479751586914,0.042544182389974594,19.068275451660156,24.387327194213867,37,25,30,85.71428680419922,
2025-12-17 12:13:22.190000,FinePointe Series WBP [SN 139781]  Site 4 Bias Flow is out of range.,,,,,,,,,,,,,,,,,,,,,,,,,
2025-12-17 12:13:24.190000,5c,Toxicity,Original,,237.67117309570312,0.1000557392835617,23.780364990234375,0.8240006566047668,1.0895766019821167,0.3461993634700775,11.153897285461426,2.2112536430358887,1.6323806047439575,0.07913908362388611,0.1733105480670929,0.11670220643281937,5.410446643829346,0,0.08372800797224045,8.991805076599121,12.078442573547363,37,25,30,90.90908813476562,
2025-12-17 12:13:26.190000,5c,Toxicity,Original,,317.14166259765625,0.1594320684671402,50.56255340576172,0.5649678707122803,0.6296119689941406,0.631477415561676,11.153897285461426,2.472357988357544,2.1864497661590576,0.10367615520954132,0.08551374822854996,0.18869531154632568,3.8872478008270264,0,0.05329309031367302,11.235615730285645,9.456080436706543,37,25,30,50,
2025-12-17 12:13:26.190000,FinePointe Series WBP [SN 139781]  Site 4 Bias Flow is out of range.,,,,,,,,,,,,,,,,,,,,,,,,,
2025-12-17 12:13:34.190000,5c,Toxicity,Original,,269.4900817871094,0.1548575907945633,41.73258590698242,1.0712636709213257,1.5435954332351685,0.21697357296943665,11.153897285461426,2.910715341567993,1.8771387338638306,0.12124787271022797,0.10139483213424683,0.14707472920417786,3.193718433380127,18.799531936645508,0.04026227071881294,,16.209569931030273,37,25,30,95,
2025-12-17 12:13:36.190000,5c,Toxicity,Original,,339.4290466308594,0.11097083240747452,37.66672134399414,0.6550986766815186,0.5374516248703003,0.657533586025238,11.153897285461426,1.7503688335418701,2.0831186771392822,0.10376735776662827,0.07300007343292236,0.18073904514312744,3.5758116245269775,0,0.048019859939813614,12.2720308303833,8.08092212677002,37,25,30,75,
2025-12-17 12:13:42.190000,5c,Toxicity,Original,,363.9474792480469,0.10592623800039291,38.55158615112305,1.0277143716812134,0.898040771484375,0.40813735127449036,11.153897285461426,1.9540619850158691,2.282482385635376,0.09625460207462311,0.06860435754060745,0.20179812610149384,3.467609405517578,0,0.03659787401556969,5.874823570251465,14.897981643676758,37,25,30,94.11764526367188,
2025-12-17 12:13:42.190000,FinePointe Series WBP [SN 139781]  Site 4 Bias Flow is out of range.,,,,,,,,,,,,,,,,,,,,,,,,,
2025-12-17 12:13:42.190000,FinePointe Series WBP [SN 139781]  Site 4 Bias Flow is out of range.,,,,,,,,,,,,,,,,,,,,,,,,,
2025-12-17 12:14:00.190000,5c,Toxicity,Original,,314.0627136230469,0.14288441836833954,44.87466812133789,0.7725156545639038,0.755877673625946,0.5835127830505371,11.153897285461426,2.077639102935791,2.109212636947632,0.09850168228149414,0.09254295378923416,0.17428255081176758,4.138932228088379,0,0.053478941321372986,13.35295581817627,17.25838279724121,37,25,30,97.56097412109375,
2025-12-17 12:14:00.190000,FinePointe Series WBP [SN 139781]  Site 4 Bias Flow is out of range.,,,,,,,,,,,,,,,,,,,,,,,,,
2025-12-17 12:14:00.190000,FinePointe Series WBP [SN 139781]  Site 4 Bias Flow is out of range.,,,,,,,,,,,,,,,,,,,,,,,,,
2025-12-17 12:14:00.190000,FinePointe Series WBP [SN 139781]  Site 4 Bias Flow is out of range.,,,,,,,,,,,,,,,,,,,,,,,,,
2025-12-17 12:14:24.190000,5c,Toxicity,Original,,115.4486083984375,0.37530317902565,43.32823181152344,0.34558001160621643,0.3815106451511383,0.7597483992576599,11.153897285461426,2.661618709564209,2.3210535049438477,0.25909918546676636,0.2606125771999359,0.0996183529496193,4.841695308685303,0,0.19113203883171082,,,37,25,30,97.77777862548828,
2025-12-17 12:14:28.190000,5c,Toxicity,Original,,282.5753479003906,0.11800344288349152,33.34486389160156,0.7863870859146118,1.0126888751983643,0.32314297556877136,11.153897285461426,1.673243761062622,1.2702425718307495,0.11949460208415985,0.09283816069364548,0.10621926188468933,2.3710193634033203,0,0.04654330015182495,3.2785956859588623,9.457944869995117,37,25,30,87.5,
2025-12-17 12:14:30.190000,5c,Toxicity,Original,,369.0641174316406,0.12972591817378998,47.87718200683594,0.3350323438644409,0.5726987719535828,0.7672981023788452,11.153897285461426,2.5020880699157715,1.4496893882751465,0.09740965813398361,0.06516372412443161,0.10078390687704086,4.100184917449951,0,0.04218292236328125,13.860600471496582,7.7854132652282715,37,25,30,80,
2025-12-17 12:14:30.190000,FinePointe Series WBP [SN 139781]  Site 4 Bias Flow is out of range.,,,,,,,,,,,,,,,,,,,,,,,,,
2025-12-17 12:14:30.190000,FinePointe Series WBP [SN 139781]  Site 4 Bias Flow is out of range.,,,,,,,,,,,,,,,,,,,,,,,,,
2025-12-17 12:14:46.190000,5c,Toxicity,Original,,67.63493347167969,0.19694343209266663,13.320256233215332,0.14741693437099457,0.1881980001926422,0.9233841300010681,11.153897285461426,1.594886302947998,1.4772270917892456,0.20051072537899017,0.6866047978401184,0.014891049824655056,21.05126953125,0,0.588175892829895,,,37,25,30,96.29629516601562,
2025-12-17 12:14:50.190000,5c,Toxicity,Original,,62.78853225708008,0.35661667585372925,22.391437530517578,0.5438728332519531,0.8667458295822144,0.5409486293792725,11.153897285461426,2.436852216720581,1.3632783889770508,0.37512674927711487,0.5804617404937744,0.03242090716958046,4.199647426605225,246.29220581054688,0.31242674589157104,,22.9300479888916,37,25,30,90.90908813476562,
2025-12-17 12:14:50.190000,FinePointe Series WBP [SN 139781]  Site 4 Bias Flow is out of range.,,,,,,,,,,,,,,,,,,,,,,,,,
2025-12-17 12:15:00.190000,5c,Toxicity,Original,,278.03009033203125,0.10124100744724274,28.148046493530273,0.5890530347824097,0.73044753074646,0.5536690950393677,11.153897285461426,1.604499101638794,1.2526438236236572,0.1182727962732315,0.09753118455410004,0.10718543827533722,6.8531622886657715,0,0.05755678936839104,10.611489295959473,10.78756046295166,37,25,30,95.83333587646484,
2025-12-17 12:15:00.190000,FinePointe Series WBP [SN 139781]  Site 4 Bias Flow is out of range.,,,,,,,,,,,,,,,,,,,,,,,,,
2025-12-17 12:15:00.190000,FinePointe Series WBP [SN 139781]  Site 4 Bias Flow is out of range.,,,,,,,,,,,,,,,,,,,,,,,,,
2025-12-17 12:15:00.190000,FinePointe Series WBP [SN 139781]  Site 4 Bias Flow is out of range.,,,,,,,,,,,,,,,,,,,,,,,,,
2025-12-17 12:15:30.190000,5c,Toxicity,Original,,342.96063232421875,0.10756529867649078,36.890663146972656,0.6988096833229065,0.7038303017616272,0.37284350395202637,11.153897285461426,1.5334705114364624,1.4707633256912231,0.10521283000707626,0.0697343572974205,0.12338550388813019,3.5867481231689453,0,0.04168768227100372,11.867355346679688,8.287581443786621,37,25,30,98.70130157470703,
2025-12-17 12:15:32.190000,5c,Toxicity,Original,,59.29570388793945,0.30276817083358765,17.952850341796875,0.16160796582698822,0.13949671387672424,0.9131802916526794,11.153897285461426,1.3521050214767456,1.4827004671096802,0.40958699584007263,0.602290689945221,0.04242492467164993,10.23303508758545,0,0.5356091856956482,,,37,25,30,75,
2025-12-17 12:15:32.190000,FinePointe Series WBP [SN 139781]  Site 4 Bias Flow is out of range.,,,,,,,,,,,,,,,,,,,,,,,,,
2025-12-17 12:15:32.190000,FinePointe Series WBP [SN 139781]  Site 4 Bias Flow is out of range.,,,,,,,,,,,,,,,,,,,,,,,,,
2025-12-17 12:15:46.190000,5c,Toxicity,Original,,155.19644165039062,0.1314135193824768,20.39491081237793,4.953240871429443,4.560002326965332,0.15506082773208618,11.153897285461426,1.6733025312423706,1.7780944108963013,0.15443983674049377,0.23216696083545685,0.15939360857009888,6.165236473083496,143.6913299560547,0.042183633893728256,11.937106132507324,9.020157814025879,37,25,30,97.7272720336914,
2025-12-17 12:15:50.190000,5c,Toxicity,Original,,164.69171142578125,0.11155257374048233,18.371784210205078,0.388859361410141,0.28410300612449646,0.7683652639389038,11.153897285461426,1.6034736633300781,2.2526135444641113,0.15087692439556122,0.2134401500225067,0.1940438449382782,10.768228530883789,0,0.16985347867012024,41.20443344116211,8.760186195373535,37,25,30,91.66666412353516,
2025-12-17 12:15:50.190000,FinePointe Series WBP [SN 139781]  Site 4 Bias Flow is out of range.,,,,,,,,,,,,,,,,,,,,,,,,,
2025-12-17 12:15:58.190000,5c,Toxicity,Original,,311.9134521484375,0.10754022002220154,33.54323959350586,0.5359536409378052,0.5946784019470215,0.4264160394668579,11.153897285461426,2.078866481781006,1.807979702949524,0.09386569261550903,0.09849535673856735,0.1403607726097107,10.856034278869629,0,0.06328835338354111,18.26203155517578,8.370378494262695,37,25,30,95.83333587646484,
2025-12-17 12:15:58.190000,FinePointe Series WBP [SN 139781]  Site 4 Bias Flow is out of range.,,,,,,,,,,,,,,,,,,,,,,,,,
2025-12-17 12:16:04.190000,5c,Toxicity,Original,,160.5362548828125,0.10665427148342133,17.121877670288086,0.43302416801452637,0.32884570956230164,0.8852342367172241,11.153897285461426,1.2966599464416504,1.814901351928711,0.18396706879138947,0.18978027999401093,0.04380444064736366,65.03884887695312,0,0.14673826098442078,17.725921630859375,0.3155765235424042,37,25,30,93.33333587646484,
2025-12-17 12:16:10.190000,5c,Toxicity,Original,,54.992462158203125,0.39733242988586426,21.85028839111328,0.30901625752449036,0.45176592469215393,0.7279552817344666,11.153897285461426,2.989485025405884,2.117591619491577,0.23935796320438385,0.8517006635665894,0.06846305727958679,5.374917507171631,161.29026794433594,0.5882225632667542,0.6723020076751709,,37,25,30,87.5,
2025-12-17 12:16:12.190000,5c,Toxicity,Original,,251.00457763671875,0.12577667832374573,33.139739990234375,1.5301868915557861,1.5669901371002197,0.5581743121147156,11.153897285461426,1.7764991521835327,1.4234730005264282,0.14556068181991577,0.15388013422489166,0.10656687617301941,3.9979233741760254,18.904687881469727,0.056654635816812515,11.641697883605957,16.220821380615234,37,25,30,66.66666412353516,
2025-12-17 12:16:12.190000,FinePointe Series WBP [SN 139781]  Site 4 Bias Flow is out of range.,,,,,,,,,,,,,,,,,,,,,,,,,
2025-12-17 12:16:14.190000,5c,Toxicity,Original,,79.69281768798828,0.43084439635276794,34.335205078125,0.5500324368476868,0.8752442598342896,0.5306535363197327,11.153897285461426,2.9583985805511475,2.1123549938201904,0.23277759552001953,0.5201133489608765,0.11979056894779205,8.394736289978027,157.2700653076172,0.2798007130622864,4.5182013511657715,16.410253524780273,37,25,30,80,
2025-12-17 12:16:18.190000,5c,Toxicity,Original,,79.45548248291016,0.6580394506454468,52.28484344482422,0.5889906883239746,1.0723587274551392,0.050023678690195084,11.153897285461426,3.83410382270813,1.6060566902160645,0.31534814834594727,0.4397917091846466,0.11544577777385712,3.3220865726470947,344.27691650390625,0.21365202963352203,,22.7208309173584,37,25,30,85.71428680419922,
2025-12-17 12:16:18.190000,FinePointe Series WBP [SN 139781]  Site 4 Bias Flow is out of range.,,,,,,,,,,,,,,,,,,,,,,,,,
2025-12-17 12:16:24.190000,5c,Toxicity,Original,,289.8837585449219,0.11424201726913452,33.116905212402344,0.3291618824005127,0.7840278744697571,0.5242868065834045,11.153897285461426,2.0826237201690674,0.851661741733551,0.08872363716363907,0.11825587600469589,0.0710180327296257,4.790709495544434,0,0.06710830330848694,7.064288139343262,13.20431137084961,37,25,30,92.30769348144531,
2025-12-17 12:16:28.190000,5c,Toxicity,Original,,120.32484436035156,0.31056147813796997,23.85359764099121,1.9999260902404785,2.181558132171631,0.12892141938209534,11.153897285461426,2.1367406845092773,1.648447036743164,0.2519296407699585,0.49760493636131287,0.12717953324317932,7.279608726501465,391.21356201171875,0.22065427899360657,9.627180099487305,33.40327835083008,37,25,30,71.42857360839844,
2025-12-17 12:16:30.190000,5c,Toxicity,Original,,251.60275268554688,0.10588209331035614,26.31524658203125,0.6742746829986572,0.5835704803466797,0.696313738822937,11.153897285461426,2.038846969604492,1.5660693645477295,0.10171794891357422,0.15159401297569275,0.12083697319030762,5.986841201782227,0,0.11452740430831909,15.938509941101074,18.51865577697754,37,25,30,60,
2025-12-17 12:16:32.190000,5c,Toxicity,Original,,141.05908203125,0.13145241141319275,18.602392196655273,0.519788384437561,0.6749117970466614,0.658501148223877,11.153897285461426,2.0467355251312256,1.7861883640289307,0.1441849172115326,0.28993040323257446,0.1119576096534729,5.215511798858643,63.28392791748047,0.17021490633487701,38.36313247680664,10.54699993133545,37,25,30,60,
2025-12-17 12:16:32.190000,FinePointe Series WBP [SN 139781]  Site 4 Bias Flow is out of range.,,,,,,,,,,,,,,,,,,,,,,,,,
2025-12-17 12:16:32.190000,FinePointe Series WBP [SN 139781]  Site 3 Bias Flow is out of range.,,,,,,,,,,,,,,,,,,,,,,,,,
2025-12-17 12:16:32.190000,FinePointe Series WBP [SN 139781]  Site 4 Bias Flow is out of range.,,,,,,,,,,,,,,,,,,,,,,,,,
2025-12-17 12:16:32.190000,FinePointe Series WBP [SN 139781]  Site 3 Bias Flow is out of range.,,,,,,,,,,,,,,,,,,,,,,,,,
2025-12-17 12:16:32.190000,FinePointe Series WBP [SN 139781]  Site 4 Bias Flow is out of range.,,,,,,,,,,,,,,,,,,,,,,,,,
2025-12-17 12:16:32.190000,FinePointe Series WBP [SN 139781]  Site 4 Bias Flow is out of range.,,,,,,,,,,,,,,,,,,,,,,,,,
2025-12-17 12:17:04.190000,5c,Toxicity,Original,,199.44943237304688,0.11821186542510986,23.61737060546875,0.6285719871520996,0.5301307439804077,0.46247386932373047,11.153897285461426,2.3112542629241943,2.853720188140869,0.11393734812736511,0.24767357110977173,0.12972308695316315,5.8309149742126465,174.49542236328125,0.14933177828788757,38.43128204345703,6.640207290649414,37,25,30,96.7213134765625,
2025-12-17 12:17:04.190000,FinePointe Series WBP [SN 10499C]  Site 2 Bias Flow is out of range.,,,,,,,,,,,,,,,,,,,,,,,,,
2025-12-17 12:17:10.190000,5c,Toxicity,Original,,327.5091552734375,0.10486891865730286,34.4082145690918,0.7215561270713806,0.6943815350532532,0.5752349495887756,11.153897285461426,1.9204572439193726,1.8216099739074707,0.09589779376983643,0.08852797001600266,0.15850873291492462,5.5115203857421875,0,0.053085021674633026,17.332143783569336,15.217418670654297,37,25,30,90.90908813476562,
2025-12-17 12:17:10.190000,FinePointe Series WBP [SN 139781]  Site 4 Bias Flow is out of range.,,,,,,,,,,,,,,,,,,,,,,,,,
2025-12-17 12:17:14.190000,5c,Toxicity,Original,,184.62132263183594,0.12078870087862015,22.300168991088867,2.969792366027832,3.6341207027435303,0.20952053368091583,11.153897285461426,1.9672651290893555,1.549461841583252,0.10544067621231079,0.21954888105392456,0.13733918964862823,10.185826301574707,128.7104034423828,0.04810570552945137,10.742650032043457,,37,25,30,92.30769348144531,
2025-12-17 12:17:18.190000,5c,Toxicity,Original,,91.45111846923828,0.5291773080825806,48.393856048583984,0.30251461267471313,0.3613865077495575,0.7511266469955444,11.153897285461426,2.8894174098968506,2.700327157974243,0.3072788715362549,0.3488093614578247,0.06809535622596741,7.246644496917725,0,0.2604907155036926,16.174055099487305,25.85079002380371,37,25,30,75,
2025-12-17 12:17:18.190000,FinePointe Series WBP [SN 139781]  Site 4 Bias Flow is out of range.,,,,,,,,,,,,,,,,,,,,,,,,,
2025-12-17 12:17:30.190000,5c,Toxicity,Original,,65.10183715820312,0.4050512909889221,26.369585037231445,0.7350889444351196,0.5262514352798462,0.08700192719697952,11.153897285461426,1.8186187744140625,2.423832654953003,0.39290904998779297,0.5287238955497742,0.13632138073444366,101.03839111328125,469.3249816894531,0.3484879732131958,2.2858638763427734,,37,25,30,96.875,
2025-12-17 12:17:30.190000,FinePointe Series WBP [SN 139781]  Site 4 Bias Flow is out of range.,,,,,,,,,,,,,,,,,,,,,,,,,
2025-12-17 12:17:30.190000,FinePointe Series WBP [SN 139781]  Site 4 Bias Flow is out of range.,,,,,,,,,,,,,,,,,,,,,,,,,
2025-12-17 12:17:44.190000,5c,Toxicity,Original,,77.11245727539062,0.2862444221973419,22.07301139831543,0.9007762670516968,0.8434633016586304,0.5532049536705017,11.153897285461426,1.6565494537353516,1.860459327697754,0.32978755235671997,0.44829681515693665,0.16219674050807953,6.02238655090332,131.39268493652344,0.24578845500946045,3.888514518737793,43.4587287902832,37,25,30,96.96969604492188,
2025-12-17 12:17:52.190000,5c,Toxicity,Original,,177.67324829101562,0.18553753197193146,23.975055694580078,0.608383297920227,0.8644589185714722,0.5748164057731628,11.153897285461426,1.9527487754821777,1.347885012626648,0.21043133735656738,0.3743511140346527,0.10861892998218536,5.683270454406738,0,0.20172743499279022,12.57460880279541,11.52131462097168,37,25,30,91.3043441772461,
2025-12-17 12:17:52.190000,FinePointe Series WBP [SN 139781]  Site 4 Bias Flow is out of range.,,,,,,,,,,,,,,,,,,,,,,,,,
2025-12-17 12:17:54.190000,5c,Toxicity,Original,,170.24102783203125,0.1810000091791153,30.813627243041992,0.1932138353586197,0.270879864692688,0.8217810392379761,11.153897285461426,2.8988566398620605,2.175696849822998,0.10420016944408417,0.24824132025241852,0.1493125706911087,9.825847625732422,0,0.19842098653316498,,,37,25,30,80,
2025-12-17 12:17:56.190000,5c,Toxicity,Original,,51.21963882446289,0.17755667865276337,9.094388961791992,1.7300113439559937,2.7702066898345947,0.17353199422359467,11.153897285461426,2.7592647075653076,1.4706032276153564,0.14567820727825165,1.0257474184036255,0.08355075865983963,43.05644607543945,810.3992309570312,0.27418482303619385,4.146417140960693,,37,25,30,50,
2025-12-17 12:18:02.190000,5c,Toxicity,Original,,261.4013977050781,0.10666601359844208,27.882646560668945,0.4629663825035095,0.685688853263855,0.4394507110118866,11.153897285461426,1.8775243759155273,1.257399320602417,0.10210023820400238,0.12743180990219116,0.09291759878396988,7.23042631149292,0,0.0767550840973854,19.083133697509766,17.99681282043457,37,25,30,94.44444274902344,
2025-12-17 12:18:02.190000,FinePointe Series WBP [SN 139781]  Site 4 Bias Flow is out of range.,,,,,,,,,,,,,,,,,,,,,,,,,
2025-12-17 12:18:02.190000,FinePointe Series WBP [SN 139781]  Site 4 Bias Flow is out of range.,,,,,,,,,,,,,,,,,,,,,,,,,
2025-12-17 12:18:02.190000,FinePointe Series WBP [SN 139781]  Site 4 Bias Flow is out of range.,,,,,,,,,,,,,,,,,,,,,,,,,
2025-12-17 12:18:26.190000,5c,Toxicity,Original,,56.18381881713867,0.3347155451774597,18.80559730529785,1.7625668048858643,3.298464298248291,0.46481433510780334,11.153897285461426,2.377145290374756,1.2210246324539185,0.2977231442928314,0.7702000141143799,0.07219838351011276,8.414960861206055,372.4530944824219,0.1805361658334732,,20.760568618774414,37,25,30,96.7741928100586,
2025-12-17 12:18:32.190000,5c,Toxicity,Original,,54.188053131103516,0.3551536202430725,19.24508285522461,3.00720477104187,2.086702823638916,0.3062416613101959,11.153897285461426,1.6889177560806274,2.5872812271118164,0.43458378314971924,0.672671377658844,0.12303131818771362,6.131850719451904,409.5133361816406,0.2199399620294571,,36.172306060791016,37,25,30,92.85713958740234,
2025-12-17 12:18:32.190000,FinePointe Series WBP [SN 139781]  Site 4 Bias Flow is out of range.,,,,,,,,,,,,,,,,,,,,,,,,,
2025-12-17 12:18:32.190000,FinePointe Series WBP [SN 139781]  Site 4 Bias Flow is out of range.,,,,,,,,,,,,,,,,,,,,,,,,,
2025-12-17 12:18:46.190000,5c,Toxicity,Original,,41.49504470825195,0.44097423553466797,18.29824447631836,2.1090362071990967,2.5029592514038086,0.6994825005531311,11.153897285461426,2.0029544830322266,1.5417054891586304,0.5109789371490479,0.9349768757820129,0.11602701991796494,7.82675313949585,247.7838592529297,0.2694670855998993,,,37,25,30,96.55172729492188,
2025-12-17 12:18:46.190000,FinePointe Series WBP [SN 139781]  Site 4 Bias Flow is out of range.,,,,,,,,,,,,,,,,,,,,,,,,,
2025-12-17 12:19:02.190000,5c,Toxicity,Original,,92.31454467773438,0.3522014915943146,32.5133171081543,0.43409985303878784,0.5001875758171082,0.8889986872673035,11.153897285461426,2.2376015186309814,2.002138614654541,0.3169929087162018,0.3329588770866394,0.09948551654815674,16.894105911254883,0,0.2263287901878357,9.055962562561035,24.794279098510742,37,25,30,97.14286041259766,
2025-12-17 12:19:02.190000,FinePointe Series WBP [SN 139781]  Site 4 Bias Flow is out of range.,,,,,,,,,,,,,,,,,,,,,,,,,
2025-12-17 12:19:08.190000,5c,Toxicity,Original,,290.972900390625,0.10629209131002426,30.928117752075195,0.6639172434806824,0.6961804628372192,0.6244762539863586,11.153897285461426,1.3974846601486206,1.3504003286361694,0.12293499708175659,0.08326977491378784,0.1065613254904747,3.4147708415985107,0,0.04980232194066048,9.99894905090332,13.474998474121094,37,25,30,90.90908813476562,
2025-12-17 12:19:10.190000,5c,Toxicity,Original,,63.68452453613281,0.3364785313606262,21.428476333618164,1.934590458869934,1.5968289375305176,0.6341249942779541,11.153897285461426,1.711473822593689,2.05306077003479,0.4028182923793793,0.5393258333206177,0.11950327455997467,6.472771644592285,143.3987579345703,0.21072949469089508,,36.38127517700195,37,25,30,75,
2025-12-17 12:19:12.190000,5c,Toxicity,Original,,82.74120330810547,0.3483101725578308,28.819604873657227,1.1516879796981812,0.7568523287773132,0.21627917885780334,11.153897285461426,1.6809167861938477,2.175828456878662,0.4107441306114197,0.31440845131874084,0.1210787370800972,7.581634044647217,155.185302734375,0.18318870663642883,,22.482704162597656,37,25,30,88.88888549804688,
2025-12-17 12:19:12.190000,FinePointe Series WBP [SN 139781]  Site 4 Bias Flow is out of range.,,,,,,,,,,,,,,,,,,,,,,,,,
2025-12-17 12:19:20.190000,5c,Toxicity,Original,,48.39543914794922,0.4250943064689636,20.5726261138916,2.575685739517212,1.6963627338409424,0.24665990471839905,11.153897285461426,1.9403908252716064,2.2298009395599365,0.4613865315914154,0.7783997058868408,0.06880850344896317,5.450645446777344,172.94439697265625,0.29148349165916443,,18.30171775817871,37,25,30,94.7368392944336,
2025-12-17 12:19:22.190000,5c,Toxicity,Original,,349.509033203125,0.10280238091945648,35.93035888671875,0.7254857420921326,0.7599801421165466,0.6233750581741333,11.153897285461426,1.7349826097488403,1.6914582252502441,0.09787753224372864,0.07379185408353806,0.14240716397762299,3.49727725982666,0,0.04252826049923897,14.799076080322266,13.365279197692871,37,25,30,80,
2025-12-17 12:19:22.190000,FinePointe Series WBP [SN 139781]  Site 4 Bias Flow is out of range.,,,,,,,,,,,,,,,,,,,,,,,,,
2025-12-17 12:19:22.190000,FinePointe Series WBP [SN 139781]  Site 4 Bias Flow is out of range.,,,,,,,,,,,,,,,,,,,,,,,,,
2025-12-17 12:19:40.190000,5c,Toxicity,Original,,76.17948913574219,0.2907285988330841,22.14755630493164,1.5759550333023071,1.686488389968872,0.3094600737094879,11.153897285461426,1.8313484191894531,1.883367896080017,0.34167560935020447,0.44593796133995056,0.15514929592609406,103.79300689697266,245.07766723632812,0.17087166011333466,14.215965270996094,10.455349922180176,37,25,30,97.43589782714844,
2025-12-17 12:19:40.190000,FinePointe Series WBP [SN 139781]  Site 4 Bias Flow is out of range.,,,,,,,,,,,,,,,,,,,,,,,,,
2025-12-17 12:19:44.190000,5c,Toxicity,Original,,297.0261535644531,0.13215437531471252,39.2533073425293,1.53680419921875,1.0269285440444946,0.3495127260684967,11.153897285461426,1.6146212816238403,2.3113255500793457,0.13333538174629211,0.06866703182458878,0.1913638859987259,3.7552313804626465,0,0.034463707357645035,12.243477821350098,18.397714614868164,37,25,30,90,
2025-12-17 12:19:44.190000,Deliver compound.,,,,,,,,,,,,,,,,,,,,,,,,,
2025-12-17 12:19:44.190000,FinePointe Series WBP [SN 139781]  Site 4 Bias Flow is out of range.,,,,,,,,,,,,,,,,,,,,,,,,,
2025-12-17 12:19:44.190000,Site Acknowledgement Changed: True,,,,,,,,,,,,,,,,,,,,,,,,,
2025-12-17 12:19:44.190000,Time Zero Set,,,,,,,,,,,,,,,,,,,,,,,,,
2025-12-17 12:19:44.190000,Measuring antidote.,,,,,,,,,,,,,,,,,,,,,,,,,
2025-12-17 12:19:44.190000,Create measurement 'antidote'. Duration: 00:01:00,,,,,,,,,,,,,,,,,,,,,,,,,
2025-12-17 12:19:44.190000,Site Acknowledgement Changed: False,,,,,,,,,,,,,,,,,,,,,,,,,
2025-12-17 12:19:44.190000,FinePointe Series WBP [SN 139781]  Site 4 Bias Flow is out of range.,,,,,,,,,,,,,,,,,,,,,,,,,
2025-12-17 12:19:44.190000,FinePointe Series WBP [SN 139781]  Site 4 Bias Flow is out of range.,,,,,,,,,,,,,,,,,,,,,,,,,
2025-12-17 12:20:16.037000,5c,Toxicity,Original,,176.3097381591797,0.10376691073179245,18.295116424560547,2.726349115371704,2.9670567512512207,0.2697124779224396,11.153897285461426,1.6642489433288574,1.4878486394882202,0.10302047431468964,0.23728971183300018,0.12956182658672333,6.0002360343933105,148.83187866210938,0.060202114284038544,6.489400863647461,49.46869659423828,37,25,30,97.29729461669922,
2025-12-17 12:20:18.037000,5c,Toxicity,Original,,430.64990234375,0.35419565439224243,152.53433227539062,0.9323024749755859,0.988605260848999,0.44952017068862915,11.153897285461426,6.888085842132568,6.712367534637451,0.081484854221344,0.05783944949507713,0.5996178388595581,4.258423328399658,0,0.02957961894571781,9.536951065063477,21.393129348754883,37,25,30,90.90908813476562,
2025-12-17 12:20:22.037000,5c,Toxicity,Original,,287.4151306152344,0.23335734009742737,61.55363464355469,1.6752400398254395,1.8614249229431152,0.3260837495326996,11.153897285461426,4.925894260406494,5.220947265625,0.08375748246908188,0.14572128653526306,0.4432283043861389,7.798901081085205,37.710601806640625,0.05918990820646286,16.290584564208984,35.19751739501953,37,25,30,85.71428680419922,
2025-12-17 12:20:24.037000,5c,Toxicity,Original,,339.7748107910156,0.2335832118988037,75.30912780761719,0.8447975516319275,1.0549299716949463,0.469135582447052,11.153897285461426,5.105881214141846,4.252505302429199,0.09088896960020065,0.10323876142501831,0.37231308221817017,14.311943054199219,21.691091537475586,0.05086671561002731,21.591670989990234,23.809757232666016,37,25,30,62.5,
2025-12-17 12:20:24.037000,FinePointe Series WBP [SN 139781]  Site 4 Bias Flow is out of range.,,,,,,,,,,,,,,,,,,,,,,,,,
2025-12-17 12:20:30.037000,5c,Toxicity,Original,,369.79425048828125,3.8526675701141357,1424.6943359375,0.6632484197616577,0.4097657799720764,0.6698991060256958,11.153897285461426,93.47203063964844,153.8509979248047,0.07865770906209946,0.0835946798324585,13.715113639831543,11.94424819946289,0,0.060265298932790756,31.395160675048828,8.576401710510254,37,25,30,95.65217590332031,
2025-12-17 12:20:30.037000,FinePointe Series WBP [SN 139781]  Site 4 Bias Flow is out of range.,,,,,,,,,,,,,,,,,,,,,,,,,
2025-12-17 12:20:46.037000,5c,Toxicity,Original,,322.19140625,0.14130504429340363,45.52727127075195,0.3901916444301605,0.6601917743682861,0.6884486079216003,11.153897285461426,2.097271203994751,1.1726353168487549,0.11069256067276001,0.07553214579820633,0.09757716208696365,4.083272933959961,0,0.04654543474316597,12.788424491882324,13.933225631713867,37,25,30,90,
2025-12-17 12:20:46.037000,FinePointe Series WBP [SN 139781]  Site 4 Bias Flow is out of range.,,,,,,,,,,,,,,,,,,,,,,,,,
2025-12-17 12:20:46.037000,Measuring T30.,,,,,,,,,,,,,,,,,,,,,,,,,
2025-12-17 12:20:46.037000,Create measurement 'T30'. Duration: 00:29:00,,,,,,,,,,,,,,,,,,,,,,,,,
2025-12-17 12:20:54.037000,5c,Toxicity,Original,,90.27876281738281,0.5087639689445496,45.930580139160156,0.3674527108669281,0.5173335671424866,0.866835355758667,11.153897285461426,2.6846909523010254,1.8634856939315796,0.3162144124507904,0.3483937382698059,0.10884562134742737,6.906067848205566,0,0.23339249193668365,,,37,25,30,92.85713958740234,
2025-12-17 12:20:54.037000,FinePointe Series WBP [SN 139781]  Site 4 Bias Flow is out of range.,,,,,,,,,,,,,,,,,,,,,,,,,
2025-12-17 12:21:06.037000,5c,Toxicity,Original,,44.552825927734375,0.4394631087779999,19.579322814941406,1.686819314956665,2.095669984817505,0.33494481444358826,11.153897285461426,2.657611608505249,1.8734875917434692,0.3196810781955719,1.027034878730774,0.049637820571660995,8.156312942504883,621.8905639648438,0.3364456593990326,,41.915870666503906,37,25,30,95.45454406738281,
2025-12-17 12:21:06.037000,FinePointe Series WBP [SN 139781]  Site 4 Bias Flow is out of range.,,,,,,,,,,,,,,,,,,,,,,,,,
2025-12-17 12:21:12.037000,5c,Toxicity,Original,,54.28127670288086,0.47247427701950073,25.646507263183594,1.5160741806030273,1.3472810983657837,0.2486298531293869,11.153897285461426,2.395490884780884,2.179690361022949,0.42965027689933777,0.675703227519989,0.04009908437728882,17.29247283935547,254.2054443359375,0.294294536113739,1.1001604795455933,32.33418655395508,37,25,30,90.90908813476562,
2025-12-17 12:21:18.037000,5c,Toxicity,Original,,145.2349853515625,0.10288015753030777,14.94179916381836,0.5690689086914062,0.5877153873443604,0.2715832591056824,11.153897285461426,1.1546194553375244,1.0464227199554443,0.1848326325416565,0.22829096019268036,0.025243816897273064,55.278079986572266,0,0.14646480977535248,13.962983131408691,3.9284448623657227,37,25,30,90.90908813476562,
2025-12-17 12:21:18.037000,FinePointe Series WBP [SN 139781]  Site 4 Bias Flow is out of range.,,,,,,,,,,,,,,,,,,,,,,,,,
2025-12-17 12:21:22.037000,5c,Toxicity,Original,,42.098819732666016,0.36511990427970886,15.371116638183594,1.8722529411315918,3.0348401069641113,0.24415716528892517,11.153897285461426,2.492255210876465,1.466199517250061,0.31118160486221313,1.1140365600585938,0.12721805274486542,10.324928283691406,749.9599609375,0.2867453098297119,1.534977912902832,48.10678482055664,37,25,30,66.66666412353516,
2025-12-17 12:21:24.037000,5c,Toxicity,Original,,204.1686553955078,0.3125416040420532,38.397972106933594,0.8481159210205078,1.2621898651123047,0.21973858773708344,11.153897285461426,2.5498127937316895,1.544646143913269,0.20955044031143188,0.4275093674659729,0.11362524330615997,5.611329078674316,144.4024200439453,0.17194482684135437,11.198409080505371,26.15019989013672,37,25,30,77.77777862548828,
2025-12-17 12:21:26.037000,5c,Toxicity,Original,,294.6703796386719,0.1003047376871109,29.556833267211914,0.775100827217102,0.7145408391952515,0.511469841003418,11.153897285461426,1.5080459117889404,1.5801470279693604,0.12541136145591736,0.07820598036050797,0.14166271686553955,5.701265335083008,0,0.0466778390109539,11.792303085327148,13.436992645263672,37,25,30,66.66666412353516,
2025-12-17 12:21:28.037000,5c,Toxicity,Original,,73.78023529052734,0.33739304542541504,24.8929386138916,0.7807972431182861,1.128046989440918,0.3753701448440552,11.153897285461426,2.4510977268218994,1.5581536293029785,0.2697623372077942,0.5434635877609253,0.08758942037820816,11.281136512756348,215.30917358398438,0.2602147161960602,0.8343378305435181,,37,25,30,50,
2025-12-17 12:21:28.037000,FinePointe Series WBP [SN 139781]  Site 4 Bias Flow is out of range.,,,,,,,,,,,,,,,,,,,,,,,,,
2025-12-17 12:21:34.037000,5c,Toxicity,Original,,74.84056091308594,0.3797043263912201,28.41728401184082,1.3798363208770752,1.1115937232971191,0.9260365962982178,11.153897285461426,1.7533494234085083,1.8262609243392944,0.4172702729701996,0.3844340741634369,0.16039691865444183,12.494363784790039,0,0.1869710087776184,9.272340774536133,16.678560256958008,37,25,30,94.11764526367188,
2025-12-17 12:21:36.037000,5c,Toxicity,Original,,94.31072235107422,0.3842194676399231,36.23601531982422,0.8323510885238647,0.9431302547454834,0.3514794707298279,11.153897285461426,2.1676719188690186,2.0115787982940674,0.31754186749458313,0.31865301728248596,0.11514385789632797,15.132241249084473,99.41503143310547,0.1684112846851349,1.5283952951431274,22.835834503173828,37,25,30,85.71428680419922,
2025-12-17 12:21:36.037000,FinePointe Series WBP [SN 139781]  Site 4 Bias Flow is out of range.,,,,,,,,,,,,,,,,,,,,,,,,,
2025-12-17 12:21:40.037000,5c,Toxicity,Original,,51.099422454833984,0.4511158764362335,23.051761627197266,1.7826087474822998,1.873341679573059,0.3094099164009094,11.153897285461426,2.1261773109436035,1.7695828676223755,0.43729498982429504,0.7368865609169006,0.12492015957832336,8.808174133300781,292.8141784667969,0.2598921060562134,2.0978620052337646,44.11764907836914,37,25,30,88.88888549804688,
2025-12-17 12:21:44.037000,5c,Toxicity,Original,,84.74978637695312,0.5091762542724609,43.1525764465332,0.525883138179779,0.4605947434902191,0.1737121343612671,11.153897285461426,1.9458340406417847,2.4284565448760986,0.4316471517086029,0.2763192057609558,0.12466137111186981,316.9192199707031,158.67697143554688,0.1935044378042221,0.6152052283287048,23.88848304748535,37,25,30,93.33333587646484,
2025-12-17 12:21:48.037000,5c,Toxicity,Original,,82.8422622680664,0.5463734865188599,45.2628173828125,0.5166571140289307,0.4115736186504364,0.3568551242351532,11.153897285461426,2.146151304244995,2.504929542541504,0.42162415385246277,0.3026438355445862,0.19098186492919922,40.51393127441406,162.2836456298828,0.22547966241836548,9.083524703979492,20.681737899780273,37,25,30,88.88888549804688,
2025-12-17 12:21:48.037000,FinePointe Series WBP [SN 139781]  Site 4 Bias Flow is out of range.,,,,,,,,,,,,,,,,,,,,,,,,,
2025-12-17 12:21:52.037000,5c,Toxicity,Original,,64.46923828125,0.4447537064552307,28.672931671142578,0.9471724629402161,0.9889490604400635,0.3084101378917694,11.153897285461426,2.2259929180145264,1.9486812353134155,0.33406829833984375,0.5966081619262695,0.05033515766263008,7.674638748168945,153.44862365722656,0.30601099133491516,1.4555031061172485,37.32516098022461,37,25,30,91.66666412353516,
2025-12-17 12:21:56.037000,5c,Toxicity,Original,,167.49708557128906,0.261360764503479,27.33035659790039,1.0064060688018799,1.1097586154937744,0.39758938550949097,11.153897285461426,2.088042974472046,1.6588066816329956,0.21326418220996857,0.3750131130218506,0.10377434641122818,15.518531799316406,138.46072387695312,0.16096486151218414,9.920326232910156,10.738143920898438,37,25,30,86.66666412353516,
2025-12-17 12:21:58.037000,5c,Toxicity,Original,,192.51585388183594,0.11714822798967361,22.55289077758789,0.9399158358573914,1.2250009775161743,0.9023257493972778,11.153897285461426,1.4933054447174072,1.083048939704895,0.12104412913322449,0.19061851501464844,0.0629810094833374,3.1520166397094727,0,0.08649378269910812,1.460670828819275,12.76151180267334,37,25,30,75,
2025-12-17 12:21:58.037000,FinePointe Series WBP [SN 139781]  Site 4 Bias Flow is out of range.,,,,,,,,,,,,,,,,,,,,,,,,,
2025-12-17 12:22:00.037000,5c,Toxicity,Original,,52.766937255859375,0.42049169540405273,22.188058853149414,1.472716212272644,1.463991641998291,0.249348983168602,11.153897285461426,2.5614750385284424,2.2299439907073975,0.2868616580963135,0.8502140045166016,0.06558472663164139,121.4822006225586,549.3639526367188,0.3498031795024872,7.68810510635376,46.53059768676758,37,25,30,66.66666412353516,
2025-12-17 12:22:06.037000,5c,Toxicity,Original,,314.6165771484375,0.10363966226577759,32.62120056152344,0.6674656271934509,0.7686798572540283,0.5259648561477661,11.153897285461426,1.600149393081665,1.4142098426818848,0.09975579380989075,0.0912347286939621,0.12471053004264832,7.456371784210205,0,0.052715837955474854,16.21038055419922,16.703493118286133,37,25,30,90.47618865966797,
2025-12-17 12:22:08.037000,5c,Toxicity,Original,,122.89328002929688,0.2588016986846924,20.943016052246094,2.6314198970794678,2.861025810241699,0.20485064387321472,11.153897285461426,1.9482088088989258,1.72518789768219,0.22540836036205292,0.4909805655479431,0.14234960079193115,7.6542253494262695,273.5914611816406,0.15561619400978088,7.289959907531738,47.271812438964844,37,25,30,75,
2025-12-17 12:22:08.037000,FinePointe Series WBP [SN 139781]  Site 4 Bias Flow is out of range.,,,,,,,,,,,,,,,,,,,,,,,,,
2025-12-17 12:22:10.037000,5c,Toxicity,Original,,69.7161865234375,0.46455490589141846,32.38699722290039,2.5331790447235107,1.8198847770690918,0.2705671191215515,11.153897285461426,2.200669765472412,2.7433664798736572,0.3432006537914276,0.5174316763877869,0.17006157338619232,48.242061614990234,320.2182922363281,0.18957120180130005,8.742883682250977,50.218841552734375,37,25,30,80,
2025-12-17 12:22:16.037000,5c,Toxicity,Original,,32.256004333496094,0.45466020703315735,14.665520668029785,3.291015863418579,4.339358806610107,0.35657140612602234,11.153897285461426,3.0092966556549072,2.3070178031921387,0.3513047397136688,1.5088142156600952,0.1936335414648056,19.98948860168457,919.8308715820312,0.29380837082862854,3.337700128555298,,37,25,30,92.85713958740234,
2025-12-17 12:22:16.037000,FinePointe Series WBP [SN 139781]  Site 4 Bias Flow is out of range.,,,,,,,,,,,,,,,,,,,,,,,,,
2025-12-17 12:22:20.037000,5c,Toxicity,Original,,59.997554779052734,0.5153477191925049,30.91960334777832,1.3611416816711426,1.1605098247528076,0.16960975527763367,11.153897285461426,2.503594160079956,2.8160836696624756,0.3750767409801483,0.6249639987945557,0.15067486464977264,11.69736385345459,287.16351318359375,0.2957201302051544,5.511749267578125,0.893949568271637,37,25,30,87.5,
2025-12-17 12:22:26.037000,5c,Toxicity,Original,,80.68807220458984,0.3798605799674988,30.650217056274414,0.6781014800071716,0.9485170245170593,0.9179343581199646,11.153897285461426,2.7679903507232666,1.725269079208374,0.28169769048690796,0.46190667152404785,0.0962240919470787,3.859422206878662,0,0.23861603438854218,,,37,25,30,93.33333587646484,
2025-12-17 12:22:28.037000,5c,Toxicity,Original,,87.80465698242188,0.37892597913742065,33.27146911621094,0.4705111086368561,0.9423210024833679,0.4926189184188843,11.153897285461426,2.809426784515381,1.4491970539093018,0.22456254065036774,0.4587724804878235,0.08345411717891693,7.819000720977783,21.60890769958496,0.23958273231983185,5.175422191619873,10.623777389526367,37,25,30,50,
2025-12-17 12:22:28.037000,FinePointe Series WBP [SN 139781]  Site 4 Bias Flow is out of range.,,,,,,,,,,,,,,,,,,,,,,,,,
2025-12-17 12:22:30.037000,5c,Toxicity,Original,,245.5030975341797,0.1114828884601593,27.083839416503906,1.1313294172286987,1.652918815612793,0.27468159794807434,11.153897285461426,2.9955549240112305,2.0198521614074707,0.08311820030212402,0.18136703968048096,0.13407203555107117,1.9206984043121338,132.24496459960938,0.06607332825660706,9.770573616027832,12.121938705444336,37,25,30,75,
2025-12-17 12:22:36.037000,5c,Toxicity,Original,,239.08258056640625,0.29781192541122437,40.738868713378906,3.4158294200897217,2.154655933380127,0.513563334941864,11.153897285461426,2.8806257247924805,4.017688751220703,0.21487277746200562,0.22347623109817505,0.3001576066017151,10.023306846618652,15.372013092041016,0.14041206240653992,9.821382522583008,30.103879928588867,37,25,30,83.33333587646484,
2025-12-17 12:22:36.037000,FinePointe Series WBP [SN 139781]  Site 4 Bias Flow is out of range.,,,,,,,,,,,,,,,,,,,,,,,,,
2025-12-17 12:22:36.037000,FinePointe Series WBP [SN 10499C]  Site 4 Bias Flow is out of range.,,,,,,,,,,,,,,,,,,,,,,,,,
2025-12-17 12:22:42.037000,5c,Toxicity,Original,,62.14161682128906,0.4402061700820923,27.35512351989746,2.290170907974243,3.26664400100708,0.20852775871753693,11.153897285461426,2.8351938724517822,1.6871767044067383,0.3421182930469513,0.6234182119369507,0.07626763731241226,4.936751365661621,403.82525634765625,0.1474338173866272,0.4564836323261261,13.159036636352539,37,25,30,93.33333587646484,
2025-12-17 12:22:44.037000,5c,Toxicity,Original,,204.20993041992188,0.2668415606021881,37.875274658203125,0.695098876953125,0.7294244170188904,0.6433296799659729,11.153897285461426,2.1083967685699463,2.1061339378356934,0.22468769550323486,0.19199693202972412,0.14036129415035248,16.704753875732422,0,0.1244342029094696,14.348010063171387,20.361141204833984,37,25,30,66.66666412353516,
2025-12-17 12:22:46.037000,5c,Toxicity,Original,,82.34136962890625,0.4295324385166168,35.368289947509766,1.1950883865356445,1.053571343421936,0.09157849848270416,11.153897285461426,2.611358880996704,2.4034366607666016,0.29189005494117737,0.4367837607860565,0.16901467740535736,5.719523906707764,321.40179443359375,0.21544651687145233,,23.194442749023438,37,25,30,75,
2025-12-17 12:22:46.037000,FinePointe Series WBP [SN 139781]  Site 4 Bias Flow is out of range.,,,,,,,,,,,,,,,,,,,,,,,,,
2025-12-17 12:22:46.037000,FinePointe Series WBP [SN 10499C]  Site 1 Bias Flow is out of range.,,,,,,,,,,,,,,,,,,,,,,,,,
2025-12-17 12:22:54.037000,5c,Toxicity,Original,,63.58302307128906,0.4120347499847412,26.198415756225586,1.4499872922897339,1.6561479568481445,0.20661285519599915,11.153897285461426,2.4180049896240234,1.8731364011764526,0.31445202231407166,0.629196047782898,0.1271352767944336,9.897031784057617,266.59454345703125,0.2408127635717392,,46.035362243652344,37,25,30,94.44444274902344,
2025-12-17 12:22:54.037000,FinePointe Series WBP [SN 139781]  Site 4 Bias Flow is out of range.,,,,,,,,,,,,,,,,,,,,,,,,,
2025-12-17 12:23:00.037000,5c,Toxicity,Original,,64.58547973632812,0.3180311918258667,19.564006805419922,1.6332409381866455,2.2296314239501953,0.14304548501968384,11.153897285461426,2.624828338623047,1.677320957183838,0.26284998655319214,0.8700002431869507,0.09025630354881287,60.8417854309082,535.7258911132812,0.2515471577644348,7.948002815246582,28.337684631347656,37,25,30,85.71428680419922,
2025-12-17 12:23:02.037000,5c,Toxicity,Original,,123.84290313720703,0.23598718643188477,25.226215362548828,3.3582358360290527,3.1791269779205322,0.26264989376068115,11.153897285461426,2.5692508220672607,2.490183115005493,0.17385320365428925,0.3427542448043823,0.20626458525657654,7.9772114753723145,189.07611083984375,0.10182741284370422,12.479904174804688,41.959625244140625,37,25,30,50,
2025-12-17 12:23:04.037000,5c,Toxicity,Original,,80.28170013427734,0.24404376745224,19.592248916625977,0.8497623801231384,0.8711085915565491,0.7764304280281067,11.153897285461426,2.8096375465393066,3.059689998626709,0.17294466495513916,0.5744236707687378,0.18755704164505005,40.6329345703125,121.26205444335938,0.30895090103149414,5.865457057952881,,37,25,30,66.66666412353516,
2025-12-17 12:23:04.037000,FinePointe Series WBP [SN 10499C]  Site 1 Bias Flow is out of range.,,,,,,,,,,,,,,,,,,,,,,,,,
2025-12-17 12:23:06.037000,5c,Toxicity,Original,,93.00178527832031,0.41018587350845337,38.14801788330078,0.6734933853149414,0.7002069354057312,0.8614687323570251,11.153897285461426,2.4920225143432617,2.248910665512085,0.3154793977737427,0.3296695351600647,0.13394208252429962,3.361215353012085,0,0.19639679789543152,,,37,25,30,66.66666412353516,
2025-12-17 12:23:06.037000,FinePointe Series WBP [SN 139781]  Site 4 Bias Flow is out of range.,,,,,,,,,,,,,,,,,,,,,,,,,
2025-12-17 12:23:14.037000,5c,Toxicity,Original,,112.95589447021484,0.2808060944080353,26.051021575927734,1.5771502256393433,1.8182878494262695,0.31122446060180664,11.153897285461426,3.1114253997802734,2.679898977279663,0.19307675957679749,0.44546130299568176,0.1168942004442215,6.355899333953857,147.74923706054688,0.1855347901582718,0.021226724609732628,17.888044357299805,37,25,30,88.46154022216797,
2025-12-17 12:23:16.037000,5c,Toxicity,Original,,77.78738403320312,0.3608368933200836,28.068559646606445,0.9400020837783813,1.2576512098312378,0.4142097234725952,11.153897285461426,2.479142427444458,1.7083239555358887,0.2643437683582306,0.5069895386695862,0.14826199412345886,7.698691368103027,201.1348114013672,0.22746235132217407,5.823539733886719,15.886653900146484,37,25,30,75,
2025-12-17 12:23:18.037000,5c,Toxicity,Original,,109.02545166015625,0.3622092306613922,39.49002456665039,0.4402412474155426,0.47596004605293274,0.7624576687812805,11.153897285461426,2.4578230381011963,2.6181387901306152,0.27490508556365967,0.27542510628700256,0.20814192295074463,3.099464178085327,0,0.18789944052696228,8.433402061462402,4.9076080322265625,37,25,30,66.66666412353516,
2025-12-17 12:23:18.037000,FinePointe Series WBP [SN 139781]  Site 4 Bias Flow is out of range.,,,,,,,,,,,,,,,,,,,,,,,,,
2025-12-17 12:23:22.037000,5c,Toxicity,Original,,112.63397216796875,0.19522415101528168,19.452747344970703,1.6687736511230469,1.591888189315796,0.1723403036594391,11.153897285461426,1.5142273902893066,1.3083183765411377,0.2543521523475647,0.3129205107688904,0.04693593457341194,3.800293445587158,122.24079895019531,0.13052566349506378,3.342574119567871,15.5717191696167,37,25,30,83.33333587646484,
2025-12-17 12:23:24.037000,5c,Toxicity,Original,,82.98067474365234,0.4164465367794037,34.55701446533203,1.5112890005111694,1.1666558980941772,0.10592646151781082,11.153897285461426,2.145148754119873,2.491560697555542,0.30767738819122314,0.4153825342655182,0.08618750423192978,4.952184677124023,139.09230041503906,0.19479681551456451,,43.05066680908203,37,25,30,80,
2025-12-17 12:23:24.037000,FinePointe Series WBP [SN 139781]  Site 4 Bias Flow is out of range.,,,,,,,,,,,,,,,,,,,,,,,,,
2025-12-17 12:23:32.037000,5c,Toxicity,Original,,67.31576538085938,0.37357470393180847,25.1474666595459,1.261387586593628,1.5022969245910645,0.08885765075683594,11.153897285461426,2.076693296432495,1.5293753147125244,0.2836081087589264,0.6077135801315308,0.08160115033388138,12.955475807189941,294.3327331542969,0.24599489569664001,,14.604525566101074,37,25,30,92.85713958740234,
2025-12-17 12:23:36.037000,5c,Toxicity,Original,,74.32789611816406,0.26313337683677673,17.979673385620117,9.169549942016602,6.448934078216553,0.16024787724018097,11.153897285461426,2.135979175567627,2.3322033882141113,0.22967098653316498,0.6173344254493713,0.19748863577842712,10.399084091186523,447.0759582519531,0.11108691990375519,6.085666656494141,30.15705680847168,37,25,30,77.77777862548828,
2025-12-17 12:23:38.037000,5c,Toxicity,Original,,94.19918060302734,0.3139890432357788,29.577510833740234,2.290721893310547,1.6175169944763184,0.16524437069892883,11.153897285461426,1.9911794662475586,2.316627025604248,0.34646931290626526,0.2904788851737976,0.13463187217712402,8.399850845336914,141.5842742919922,0.11283417046070099,,30.323402404785156,37,25,30,66.66666412353516,
2025-12-17 12:23:38.037000,FinePointe Series WBP [SN 139781]  Site 4 Bias Flow is out of range.,,,,,,,,,,,,,,,,,,,,,,,,,
2025-12-17 12:23:42.037000,5c,Toxicity,Original,,116.51258850097656,0.20475056767463684,20.60260009765625,1.410054326057434,1.9282091856002808,0.3567613661289215,11.153897285461426,1.7608294486999512,1.3468258380889893,0.21011805534362793,0.3663197457790375,0.1130751520395279,17.78885269165039,164.266357421875,0.1684141606092453,3.5061984062194824,14.373261451721191,37,25,30,75,
2025-12-17 12:23:44.037000,5c,Toxicity,Original,,178.11854553222656,0.1532755345106125,27.30121421813965,0.7292276620864868,0.8351211547851562,0.19824856519699097,11.153897285461426,2.097327947616577,1.7151679992675781,0.11491071432828903,0.22194360196590424,0.05720902234315872,4.088090419769287,0,0.12206543982028961,1.0752743482589722,4.841734409332275,37,25,30,75,
2025-12-17 12:23:46.037000,5c,Toxicity,Original,,108.3829574584961,0.2731855809688568,27.340126037597656,1.1513733863830566,0.9708340167999268,0.39282891154289246,11.153897285461426,2.2375402450561523,1.866264820098877,0.29053163528442383,0.3032367527484894,0.07679665833711624,7.521188735961914,8.501229286193848,0.15419721603393555,32.18318557739258,11.972921371459961,37,25,30,71.42857360839844,
2025-12-17 12:23:48.037000,5c,Toxicity,Original,,73.3486557006836,0.3208876848220825,23.2933349609375,2.6061506271362305,3.2693207263946533,0.13031059503555298,11.153897285461426,2.3954925537109375,1.723207950592041,0.29881751537323,0.5246384143829346,0.06549504399299622,5.318422794342041,276.707763671875,0.134264275431633,11.98235034942627,12.347607612609863,37,25,30,33.33333206176758,
2025-12-17 12:23:48.037000,FinePointe Series WBP [SN 139781]  Site 4 Bias Flow is out of range.,,,,,,,,,,,,,,,,,,,,,,,,,
2025-12-17 12:23:50.037000,5c,Toxicity,Original,,87.17367553710938,0.12901780009269714,11.246956825256348,6.429686546325684,5.095163345336914,0.05851135030388832,11.153897285461426,1.2548283338546753,1.4233200550079346,0.2097415328025818,0.4785396158695221,0.09793117642402649,5.674654960632324,334.7499084472656,0.07968512177467346,,28.79100799560547,37,25,30,66.66666412353516,
2025-12-17 12:23:52.037000,5c,Toxicity,Original,,100.34584045410156,0.19865168631076813,18.007030487060547,4.603429794311523,3.9008517265319824,0.3503105044364929,11.153897285461426,1.9732542037963867,1.707249641418457,0.23089051246643066,0.5466204285621643,0.10427379608154297,36.00453186035156,333.63079833984375,0.1449396312236786,13.380722999572754,19.87158203125,37,25,30,0,
2025-12-17 12:23:54.037000,5c,Toxicity,Original,,115.5941162109375,0.31439992785453796,36.34278106689453,0.7019075751304626,0.5897778868675232,0.6026124954223633,11.153897285461426,1.7512843608856201,1.983260989189148,0.32324349880218506,0.19581405818462372,0.1644400954246521,6.921121597290039,0,0.1263550966978073,7.587811470031738,33.482112884521484,37,25,30,50,
2025-12-17 12:23:56.037000,5c,Toxicity,Original,,109.67486572265625,0.26813605427742004,29.380380630493164,1.3439651727676392,1.2216728925704956,0.5915586948394775,11.153897285461426,1.9035499095916748,2.07955265045166,0.2683103680610657,0.2792760133743286,0.1296178102493286,6.787126541137695,60.882904052734375,0.1390281319618225,5.120012283325195,27.119178771972656,37,25,30,66.66666412353516,
2025-12-17 12:23:58.037000,5c,Toxicity,Original,,90.36373901367188,0.28813686966896057,26.905033111572266,1.9540072679519653,2.0074479579925537,0.15109118819236755,11.153897285461426,2.1327860355377197,1.7617261409759521,0.3347122073173523,0.3496602177619934,0.08338052034378052,8.936334609985352,119.53682708740234,0.1153692975640297,8.708746910095215,21.56968116760254,37,25,30,50,
2025-12-17 12:23:58.037000,FinePointe Series WBP [SN 139781]  Site 4 Bias Flow is out of range.,,,,,,,,,,,,,,,,,,,,,,,,,
2025-12-17 12:24:00.037000,5c,Toxicity,Original,,132.7989959716797,0.22639121115207672,24.6304931640625,3.3164377212524414,2.5385024547576904,0.2617419362068176,11.153897285461426,1.969076156616211,2.145368814468384,0.2581173777580261,0.36069223284721375,0.16393545269966125,5.946549892425537,185.77178955078125,0.09144781529903412,7.93390417098999,18.58737564086914,37,25,30,40,
2025-12-17 12:24:02.037000,5c,Toxicity,Original,,93.79818725585938,0.3070383369922638,28.799640655517578,1.8732150793075562,1.2789870500564575,0.13021965324878693,11.153897285461426,1.9231876134872437,2.662404775619507,0.2710632085800171,0.3686079680919647,0.04152839630842209,13.161867141723633,235.81982421875,0.16643103957176208,1.496484398841858,19.358661651611328,37,25,30,75,
2025-12-17 12:24:04.037000,5c,Toxicity,Original,,96.87801361083984,0.3459640443325043,33.51631164550781,0.9484725594520569,1.173048734664917,0.16406936943531036,11.153897285461426,2.1821587085723877,1.683449387550354,0.2780165374279022,0.3413190543651581,0.12578631937503815,7.110043048858643,0,0.16036401689052582,11.639333724975586,44.270423889160156,37,25,30,50,
2025-12-17 12:24:06.037000,5c,Toxicity,Original,,82.59976959228516,0.3316291868686676,27.392494201660156,4.402373790740967,2.9153919219970703,0.10259173065423965,11.153897285461426,2.3535261154174805,2.9076366424560547,0.2975098192691803,0.42888447642326355,0.13470758497714996,7.389507293701172,301.0502014160156,0.11114593595266342,,18.778053283691406,37,25,30,80,
2025-12-17 12:24:08.037000,5c,Toxicity,Original,,75.66580963134766,0.24783597886562347,18.910993576049805,3.569486618041992,3.7854037284851074,0.1362028270959854,11.153897285461426,1.7434653043746948,1.3719602823257446,0.3059430718421936,0.48852330446243286,0.10377204418182373,4.344559192657471,282.4664611816406,0.10338190943002701,3.781625509262085,43.752140045166016,37,25,30,50,
2025-12-17 12:24:08.037000,FinePointe Series WBP [SN 139781]  Site 4 Bias Flow is out of range.,,,,,,,,,,,,,,,,,,,,,,,,,
2025-12-17 12:24:10.037000,5c,Toxicity,Original,,119.84635925292969,0.21179047226905823,25.309032440185547,0.5684614181518555,1.047804594039917,0.6046249866485596,11.153897285461426,2.459580898284912,1.644378423690796,0.18999192118644714,0.3107004463672638,0.0501813068985939,8.533567428588867,75.0228042602539,0.16195984184741974,13.902376174926758,38.97600173950195,37,25,30,66.66666412353516,
2025-12-17 12:24:14.037000,5c,Toxicity,Original,,153.84580993652344,0.21002160012722015,32.310943603515625,0.47386690974235535,0.6212760210037231,0.7371189594268799,11.153897285461426,2.312256097793579,1.725436806678772,0.16208651661872864,0.22791436314582825,0.042573001235723495,6.968660354614258,0,0.14314785599708557,7.78948450088501,2.8692359924316406,37,25,30,90.90908813476562,
2025-12-17 12:24:16.037000,5c,Toxicity,Original,,71.57557678222656,0.2506008744239807,17.936901092529297,11.08708381652832,7.257345199584961,0.04988136142492294,11.153897285461426,2.275970935821533,2.837212562561035,0.23684771358966827,0.6014270782470703,0.009770537726581097,4.684969425201416,518.7216186523438,0.07335038483142853,,38.761756896972656,37,25,30,85.71428680419922,
2025-12-17 12:24:18.037000,5c,Toxicity,Original,,62.66310501098633,0.30215755105018616,18.93412971496582,5.347123622894287,3.6166603565216064,0.4324159026145935,11.153897285461426,2.039987564086914,2.0761797428131104,0.26834988594055176,0.6891513466835022,0.03695681318640709,4.988692760467529,339.57818603515625,0.15045469999313354,,30.352113723754883,37,25,30,0,
2025-12-17 12:24:18.037000,FinePointe Series WBP [SN 139781]  Site 4 Bias Flow is out of range.,,,,,,,,,,,,,,,,,,,,,,,,,
2025-12-17 12:24:26.037000,5c,Toxicity,Original,,91.25384521484375,0.42484983801841736,38.76918029785156,2.964886426925659,2.296779155731201,0.0968390554189682,11.153897285461426,2.1663219928741455,2.343446731567383,0.38901978731155396,0.26848673820495605,0.1327895075082779,4.5964202880859375,125.67094421386719,0.08276882022619247,,9.417593955993652,37,25,30,92.30769348144531,
2025-12-17 12:24:26.037000,FinePointe Series WBP [SN 139781]  Site 4 Bias Flow is out of range.,,,,,,,,,,,,,,,,,,,,,,,,,
2025-12-17 12:24:34.037000,5c,Toxicity,Original,,124.41875457763672,0.1447378545999527,18.008102416992188,8.982824325561523,6.93103551864624,0.098848856985569,11.153897285461426,2.842595338821411,2.944802761077881,0.09781713038682938,0.3844252824783325,0.15764003992080688,4.788041591644287,284.76104736328125,0.049016427248716354,3.261949300765991,48.89909362792969,37,25,30,90.90908813476562,
2025-12-17 12:24:38.037000,5c,Toxicity,Original,,93.29999542236328,0.2927970588207245,27.317962646484375,1.3639577627182007,1.4730299711227417,0.3113827109336853,11.153897285461426,1.4649196863174438,1.3684945106506348,0.3347845673561096,0.30830228328704834,0.12263481318950653,10.270203590393066,146.19786071777344,0.12623772025108337,1.4638597965240479,,37,25,30,87.5,
2025-12-17 12:24:38.037000,FinePointe Series WBP [SN 139781]  Site 4 Bias Flow is out of range.,,,,,,,,,,,,,,,,,,,,,,,,,
2025-12-17 12:24:42.037000,5c,Toxicity,Original,,75.30840301513672,0.22404420375823975,16.872411727905273,6.31459903717041,4.588559627532959,0.07724414765834808,11.153897285461426,2.1960973739624023,2.6466076374053955,0.2012094259262085,0.5955143570899963,0.11947856843471527,8.938841819763184,389.7061462402344,0.10754137486219406,4.26956033706665,17.261991500854492,37,25,30,87.5,
2025-12-17 12:24:44.037000,5c,Toxicity,Original,,116.16305541992188,0.17191646993160248,19.9703426361084,1.179491639137268,1.8016924858093262,0.33054018020629883,11.153897285461426,1.9793375730514526,1.3035517930984497,0.17767606675624847,0.33883926272392273,0.11094867438077927,7.108491897583008,162.69651794433594,0.12212865054607391,11.162402153015137,33.85560989379883,37,25,30,50,
2025-12-17 12:24:46.037000,5c,Toxicity,Original,,98.63655853271484,0.29434698820114136,28.83051109313965,2.9523518085479736,2.2809934616088867,0.10743297636508942,11.153897285461426,2.4425244331359863,2.6550686359405518,0.257438063621521,0.3585737645626068,0.13126713037490845,7.994147300720215,92.5125732421875,0.11605121940374374,5.310638904571533,33.35747528076172,37,25,30,25,
2025-12-17 12:24:48.037000,5c,Toxicity,Original,,103.76986694335938,0.3077898621559143,31.873476028442383,1.9847357273101807,1.8275089263916016,0.1415136754512787,11.153897285461426,2.17708158493042,2.1185309886932373,0.28946399688720703,0.2894163727760315,0.13007739186286926,5.713208198547363,137.373779296875,0.10490882396697998,6.644381999969482,26.450992584228516,37,25,30,0,
2025-12-17 12:24:48.037000,FinePointe Series WBP [SN 139781]  Site 4 Bias Flow is out of range.,,,,,,,,,,,,,,,,,,,,,,,,,
2025-12-17 12:24:50.037000,5c,Toxicity,Original,,92.81121826171875,0.2945092022418976,27.133474349975586,3.123591899871826,2.4586076736450195,0.18245194852352142,11.153897285461426,2.002070426940918,2.2663302421569824,0.32180678844451904,0.32713693380355835,0.1557307094335556,10.697282791137695,193.03713989257812,0.10172941535711288,6.421474456787109,22.70427894592285,37,25,30,50,
2025-12-17 12:24:52.037000,5c,Toxicity,Original,,105.08058166503906,0.251465380191803,26.277145385742188,2.023885726928711,1.1271171569824219,0.4594586491584778,11.153897285461426,1.8255006074905396,2.834213972091675,0.2734488248825073,0.2992134094238281,0.08516435325145721,12.678245544433594,92.80010986328125,0.15069064497947693,1.1389784812927246,11.468972206115723,37,25,30,0,
2025-12-17 12:24:54.037000,5c,Toxicity,Original,,81.81146240234375,0.2389223277568817,19.46589469909668,3.3086392879486084,2.524445056915283,0.23203137516975403,11.153897285461426,2.0167036056518555,2.0703301429748535,0.24016055464744568,0.4969053864479065,0.12475915253162384,5.951801300048828,261.41021728515625,0.15246501564979553,14.793292999267578,27.34649658203125,37,25,30,66.66666412353516,
2025-12-17 12:24:56.037000,5c,Toxicity,Original,,92.48470306396484,0.20145660638809204,18.631654739379883,1.847712516784668,1.305544137954712,0.1154114380478859,11.153897285461426,1.985575795173645,2.650162696838379,0.23285262286663055,0.41590332984924316,0.08642633259296417,13.961755752563477,319.5135803222656,0.18409229815006256,0.7444989681243896,23.35650062561035,37,25,30,50,
2025-12-17 12:24:58.037000,5c,Toxicity,Original,,90.44882202148438,0.28329747915267944,25.625492095947266,3.1668262481689453,3.034385919570923,0.08071670681238174,11.153897285461426,2.544738292694092,2.4655442237854004,0.24233976006507874,0.42132043838500977,0.07551392912864685,12.402891159057617,276.35284423828125,0.11549824476242065,4.005230903625488,14.114113807678223,37,25,30,60,
2025-12-17 12:24:58.037000,FinePointe Series WBP [SN 139781]  Site 4 Bias Flow is out of range.,,,,,,,,,,,,,,,,,,,,,,,,,
2025-12-17 12:25:00.037000,5c,Toxicity,Original,,88.94674682617188,0.3405908942222595,29.790525436401367,3.624145269393921,3.5952210426330566,0.09401431679725647,11.153897285461426,2.3666043281555176,2.0622119903564453,0.2804725170135498,0.40965041518211365,0.09474487602710724,11.44081974029541,222.32965087890625,0.09183382242918015,8.320185661315918,36.95236587524414,37,25,30,0,
2025-12-17 12:25:02.037000,5c,Toxicity,Original,,93.53623962402344,0.36184167861938477,33.84531021118164,2.0863959789276123,1.7251213788986206,0.13314901292324066,11.153897285461426,2.0456252098083496,2.2673704624176025,0.3410473167896271,0.3004153072834015,0.17405486106872559,7.462996006011963,159.93080139160156,0.11248327046632767,2.0102169513702393,25.44576072692871,37,25,30,66.66666412353516,
2025-12-17 12:25:04.037000,5c,Toxicity,Original,,93.56843566894531,0.2236890196800232,20.705307006835938,4.466559886932373,3.7581820487976074,0.17428120970726013,11.153897285461426,1.7704682350158691,1.925707221031189,0.24233877658843994,0.4026881456375122,0.13132131099700928,6.906646728515625,204.5967559814453,0.09303905069828033,2.569336175918579,20.141347885131836,37,25,30,33.33333206176758,
2025-12-17 12:25:06.037000,5c,Toxicity,Original,,94.4522705078125,0.2829115092754364,26.448883056640625,3.211805820465088,2.6982412338256836,0.24792373180389404,11.153897285461426,2.3244731426239014,2.7163197994232178,0.2702728509902954,0.3852364718914032,0.12035384774208069,7.582959175109863,181.94561767578125,0.1066015288233757,11.505866050720215,23.63237762451172,37,25,30,60,
2025-12-17 12:25:08.037000,5c,Toxicity,Original,,89.57984924316406,0.2843492925167084,25.569271087646484,3.8077709674835205,3.266653299331665,0.10290108621120453,11.153897285461426,1.9731053113937378,2.057864189147949,0.30841344594955444,0.3631680905818939,0.1111091747879982,48.045040130615234,226.76731872558594,0.08997400850057602,5.488064765930176,28.763124465942383,37,25,30,0,
2025-12-17 12:25:08.037000,FinePointe Series WBP [SN 139781]  Site 4 Bias Flow is out of range.,,,,,,,,,,,,,,,,,,,,,,,,,
2025-12-17 12:25:10.037000,5c,Toxicity,Original,,119.53762817382812,0.30167442560195923,36.06144332885742,0.7783888578414917,0.5030378699302673,0.22285228967666626,11.153897285461426,2.4145877361297607,3.246206045150757,0.2685956060886383,0.23333841562271118,0.06593513488769531,9.953811645507812,0,0.15923048555850983,,,37,25,30,66.66666412353516,
2025-12-17 12:25:12.037000,5c,Toxicity,Original,,86.5341567993164,0.254602313041687,22.029659271240234,3.0244998931884766,2.4024434089660645,0.1654541790485382,11.153897285461426,1.9849789142608643,2.1358020305633545,0.2965722978115082,0.396808385848999,0.08549284934997559,14.023344993591309,142.6412811279297,0.12017878890037537,3.29585599899292,25.89557647705078,37,25,30,50,
2025-12-17 12:25:14.037000,5c,Toxicity,Original,,164.8894500732422,0.24346745014190674,40.14521408081055,0.7559785842895508,0.876345694065094,0.29825469851493835,11.153897285461426,2.5007030963897705,2.1473209857940674,0.20964957773685455,0.15423059463500977,0.15140435099601746,32.834739685058594,0,0.10026181489229202,19.95255470275879,13.32417106628418,37,25,30,75,
2025-12-17 12:25:16.037000,5c,Toxicity,Original,,98.67752838134766,0.3434746563434601,31.80380630493164,4.602636337280273,3.3236613273620605,0.11179441213607788,11.153897285461426,2.356663465499878,2.843817949295044,0.2776815593242645,0.3478112518787384,0.17053626477718353,9.54106616973877,120.93141174316406,0.0847155973315239,6.803760528564453,18.808067321777344,37,25,30,25,
2025-12-17 12:25:18.037000,5c,Toxicity,Original,,98.46623992919922,0.256004273891449,25.33945083618164,3.964353561401367,2.566328763961792,0.1619431972503662,11.153897285461426,1.7678720951080322,2.4532692432403564,0.2776154577732086,0.3454817235469818,0.1865621656179428,43.49967575073242,194.552490234375,0.10116744041442871,3.8403124809265137,12.226288795471191,37,25,30,0,
2025-12-17 12:25:18.037000,FinePointe Series WBP [SN 139781]  Site 4 Bias Flow is out of range.,,,,,,,,,,,,,,,,,,,,,,,,,
2025-12-17 12:25:20.037000,5c,Toxicity,Original,,99.643310546875,0.26906925439834595,26.704055786132812,4.8909478187561035,3.147965908050537,0.11270414292812347,11.153897285461426,1.7124017477035522,2.1921064853668213,0.2641690969467163,0.34048235416412354,0.12597085535526276,5.8770060539245605,114.89093780517578,0.09696033596992493,3.372868537902832,27.16816520690918,37,25,30,50,
2025-12-17 12:25:22.037000,5c,Toxicity,Original,,91.66109466552734,0.2670694887638092,24.479881286621094,3.326962471008301,1.9066468477249146,0.12237544357776642,11.153897285461426,1.5552798509597778,2.358995199203491,0.3113791346549988,0.34320610761642456,0.11053192615509033,6.1777238845825195,134.69773864746094,0.12134086340665817,2.0896894931793213,26.188600540161133,37,25,30,0,
2025-12-17 12:25:24.037000,5c,Toxicity,Original,,97.45368957519531,0.31305891275405884,30.329986572265625,4.881971836090088,2.2343363761901855,0.14967727661132812,11.153897285461426,2.0486979484558105,4.386074542999268,0.29343944787979126,0.32887357473373413,0.10347774624824524,11.828821182250977,209.210693359375,0.10397598147392273,9.550237655639648,21.617504119873047,37,25,30,66.66666412353516,
2025-12-17 12:25:26.037000,5c,Toxicity,Original,,104.81343078613281,0.255465030670166,26.804140090942383,1.368355631828308,1.0598552227020264,0.17555531859397888,11.153897285461426,2.188697338104248,2.470458984375,0.282212495803833,0.29051995277404785,0.11304526031017303,11.262735366821289,99.1093521118164,0.1475234180688858,6.325459957122803,10.806013107299805,37,25,30,50,
2025-12-17 12:25:28.037000,5c,Toxicity,Original,,118.63592529296875,0.31648939847946167,37.54701232910156,0.4095168709754944,0.5581968426704407,0.36650240421295166,11.153897285461426,2.1725351810455322,1.5003087520599365,0.23835647106170654,0.26739251613616943,0.09841648489236832,28.82477378845215,0,0.17714691162109375,17.27196502685547,,37,25,30,66.66666412353516,
2025-12-17 12:25:28.037000,FinePointe Series WBP [SN 139781]  Site 4 Bias Flow is out of range.,,,,,,,,,,,,,,,,,,,,,,,,,
2025-12-17 12:25:30.037000,5c,Toxicity,Original,,96.80005645751953,0.2556048333644867,25.093860626220703,3.680156707763672,2.1657752990722656,0.148008331656456,11.153897285461426,1.7589023113250732,2.4745166301727295,0.30993205308914185,0.31468331813812256,0.13537940382957458,34.365135192871094,162.62814331054688,0.10167427361011505,16.4573974609375,13.548015594482422,37,25,30,25,
2025-12-17 12:25:32.037000,5c,Toxicity,Original,,109.54696655273438,0.2683733105659485,29.37289047241211,2.2301645278930664,1.2244315147399902,0.19043534994125366,11.153897285461426,1.809609293937683,2.8432254791259766,0.29475632309913635,0.2589890956878662,0.10899777710437775,8.073793411254883,31.502004623413086,0.12002947926521301,3.2534687519073486,8.698105812072754,37,25,30,40,
2025-12-17 12:25:34.037000,5c,Toxicity,Original,,88.57496643066406,0.34661880135536194,30.657230377197266,2.5483996868133545,1.739089012145996,0.29927968978881836,11.153897285461426,1.9546300172805786,2.463136672973633,0.31146761775016785,0.36605891585350037,0.09642530977725983,9.077498435974121,91.83860778808594,0.150766983628273,6.551145076751709,20.124605178833008,37,25,30,25,
2025-12-17 12:25:36.037000,5c,Toxicity,Original,,105.47293090820312,0.3031827509403229,31.589492797851562,1.301437497138977,1.0289559364318848,0.15529558062553406,11.153897285461426,2.1030290126800537,2.3061041831970215,0.3011183738708496,0.2757259011268616,0.09252151101827621,17.150304794311523,89.0501480102539,0.14226876199245453,13.814319610595703,13.96895694732666,37,25,30,0,
2025-12-17 12:25:38.037000,5c,Toxicity,Original,,94.26956176757812,0.29043275117874146,27.25687599182129,3.005434274673462,2.6300294399261475,0.25969651341438293,11.153897285461426,2.4252982139587402,2.528468608856201,0.2703678607940674,0.36893799901008606,0.13176506757736206,9.762446403503418,188.13136291503906,0.10825081914663315,8.302221298217773,27.921918869018555,37,25,30,0,
2025-12-17 12:25:38.037000,FinePointe Series WBP [SN 139781]  Site 4 Bias Flow is out of range.,,,,,,,,,,,,,,,,,,,,,,,,,
2025-12-17 12:25:40.037000,5c,Toxicity,Original,,97.54368591308594,0.2919541597366333,28.29205322265625,2.3133840560913086,1.582693338394165,0.10107679665088654,11.153897285461426,2.1390562057495117,2.527703285217285,0.3189232051372528,0.3047332763671875,0.08328895270824432,8.935123443603516,110.38333892822266,0.12044744193553925,9.2335844039917,14.263944625854492,37,25,30,33.33333206176758,
2025-12-17 12:25:42.037000,5c,Toxicity,Original,,96.29957580566406,0.35061514377593994,33.76051330566406,4.312476634979248,2.4567160606384277,0.13133512437343597,11.153897285461426,2.2414326667785645,2.646683692932129,0.3257744312286377,0.3130147457122803,0.13845308125019073,7.696817398071289,133.46131896972656,0.10070604085922241,12.798603057861328,21.71633529663086,37,25,30,33.33333206176758,
2025-12-17 12:25:44.037000,5c,Toxicity,Original,,99.36935424804688,0.31454533338546753,31.513338088989258,1.9977378845214844,1.506793737411499,0.3080574572086334,11.153897285461426,2.2103681564331055,2.4849205017089844,0.29175588488578796,0.3184089660644531,0.16208049654960632,11.695491790771484,63.438053131103516,0.14112454652786255,10.565753936767578,20.064273834228516,37,25,30,0,
2025-12-17 12:25:46.037000,5c,Toxicity,Original,,108.55211639404297,0.3074246048927307,33.53276062011719,3.3469395637512207,2.249638080596924,0.14525087177753448,11.153897285461426,2.192481279373169,2.827174425125122,0.2675879895687103,0.29164251685142517,0.144682839512825,7.691279411315918,90.893798828125,0.09468985348939896,8.991713523864746,21.360397338867188,37,25,30,0,
2025-12-17 12:25:48.037000,5c,Toxicity,Original,,103.51611328125,0.3211417496204376,32.68062973022461,1.7116570472717285,1.6667594909667969,0.17410819232463837,11.153897285461426,2.9120535850524902,2.9392268657684326,0.25606077909469604,0.34628570079803467,0.18748663365840912,46.57659149169922,186.8958282470703,0.1376596838235855,11.406973838806152,18.814443588256836,37,25,30,25,
2025-12-17 12:25:48.037000,FinePointe Series WBP [SN 139781]  Site 4 Bias Flow is out of range.,,,,,,,,,,,,,,,,,,,,,,,,,
2025-12-17 12:25:50.037000,5c,Toxicity,Original,,101.70709228515625,0.3213983476161957,32.609893798828125,1.026552677154541,0.7355389595031738,0.30356481671333313,11.153897285461426,1.9396239519119263,2.5861270427703857,0.297113299369812,0.30325353145599365,0.12952426075935364,25.282400131225586,0,0.1781989485025406,12.953705787658691,13.502629280090332,37,25,30,25,
2025-12-17 12:25:52.037000,5c,Toxicity,Original,,94.83393096923828,0.3278003931045532,31.107585906982422,1.6215555667877197,1.3422329425811768,0.16935446858406067,11.153897285461426,2.1779417991638184,2.3040719032287598,0.3668288588523865,0.2658754587173462,0.1548767387866974,6.210723876953125,75.63346099853516,0.11602415144443512,8.616004943847656,15.191702842712402,37,25,30,0,
2025-12-17 12:25:54.037000,5c,Toxicity,Original,,101.93672180175781,0.3593686819076538,36.596351623535156,3.1660454273223877,1.9546937942504883,0.14420506358146667,11.153897285461426,2.000279426574707,3.022695779800415,0.3097766637802124,0.27902114391326904,0.1494106948375702,12.746826171875,95.6031494140625,0.09766404330730438,4.57435417175293,22.74677848815918,37,25,30,33.33333206176758,
2025-12-17 12:25:56.037000,5c,Toxicity,Original,,100.69774627685547,0.29558199644088745,29.093765258789062,2.081965684890747,1.6755808591842651,0.3543350100517273,11.153897285461426,2.1412463188171387,2.598369598388672,0.2697349786758423,0.33865541219711304,0.1692153364419937,25.479177474975586,65.2527847290039,0.13530592620372772,13.053610801696777,21.93695068359375,37,25,30,0,
2025-12-17 12:25:58.037000,5c,Toxicity,Original,,98.39241027832031,0.29044046998023987,28.431509017944336,1.5863596200942993,1.532312035560608,0.4993923008441925,11.153897285461426,2.1486268043518066,2.4387295246124268,0.24767297506332397,0.36731716990470886,0.13367699086666107,26.200632095336914,130.44834899902344,0.15913760662078857,9.261701583862305,24.019451141357422,37,25,30,25,
2025-12-17 12:25:58.037000,FinePointe Series WBP [SN 139781]  Site 4 Bias Flow is out of range.,,,,,,,,,,,,,,,,,,,,,,,,,
2025-12-17 12:26:00.037000,5c,Toxicity,Original,,95.79204559326172,0.39356517791748047,36.93513107299805,1.2364401817321777,1.0470056533813477,0.47361859679222107,11.153897285461426,2.0292420387268066,2.268601894378662,0.3978665769100189,0.25495460629463196,0.10796864330768585,8.65596866607666,0,0.130903422832489,9.245201110839844,14.316150665283203,37,25,30,33.33333206176758,
2025-12-17 12:26:04.037000,5c,Toxicity,Original,,87.05513000488281,0.3197498619556427,27.835865020751953,0.6388881206512451,0.8828698992729187,0.49752357602119446,11.153897285461426,3.0920538902282715,2.0664732456207275,0.3113469183444977,0.3778715431690216,0.18445144593715668,38.685302734375,147.70167541503906,0.20167604088783264,1.897438406944275,,37,25,30,80,
2025-12-17 12:26:06.037000,5c,Toxicity,Original,,88.76298522949219,0.3091481029987335,27.4051513671875,2.6914830207824707,1.868629813194275,0.4942913353443146,11.153897285461426,2.5787839889526367,3.051206350326538,0.31353047490119934,0.36309346556663513,0.14479336142539978,20.54355812072754,126.58660888671875,0.15033337473869324,3.0228090286254883,27.163904190063477,37,25,30,0,
2025-12-17 12:26:08.037000,5c,Toxicity,Original,,96.97700500488281,0.32149556279182434,31.150760650634766,1.8989901542663574,1.558485984802246,0.3179459869861603,11.153897285461426,2.6219637393951416,2.5665082931518555,0.2699340581893921,0.35309311747550964,0.1772926151752472,29.62572479248047,130.38543701171875,0.1443392038345337,9.520411491394043,29.32086944580078,37,25,30,0,
2025-12-17 12:26:08.037000,FinePointe Series WBP [SN 139781]  Site 4 Bias Flow is out of range.,,,,,,,,,,,,,,,,,,,,,,,,,
2025-12-17 12:26:10.037000,5c,Toxicity,Original,,104.15519714355469,0.282083660364151,27.0959415435791,3.591398000717163,3.799002170562744,0.123935267329216,11.153897285461426,4.670426845550537,3.511650323867798,0.22143056988716125,0.390006959438324,0.13902221620082855,4.1831746101379395,242.01918029785156,0.08783568441867828,2.654296398162842,25.613510131835938,37,25,30,0,
2025-12-17 12:26:12.037000,5c,Toxicity,Original,,94.25749969482422,0.28914520144462585,26.791793823242188,2.110239028930664,1.8301712274551392,0.2717585563659668,11.153897285461426,2.7833802700042725,2.741028070449829,0.22763648629188538,0.41572412848472595,0.15984271466732025,23.443788528442383,149.6195526123047,0.155472993850708,12.059723854064941,30.423969268798828,37,25,30,0,
2025-12-17 12:26:12.037000,FinePointe Series WBP [SN 10499C]  Site 2 Bias Flow is out of range.,,,,,,,,,,,,,,,,,,,,,,,,,
2025-12-17 12:26:14.037000,5c,Toxicity,Original,,100.22013092041016,0.31937775015830994,31.838947296142578,2.0489144325256348,1.4703022241592407,0.2652536630630493,11.153897285461426,2.2122812271118164,2.7222416400909424,0.3044288754463196,0.30025026202201843,0.17382630705833435,19.932668685913086,99.46402740478516,0.13150878250598907,7.075031280517578,19.261245727539062,37,25,30,0,
2025-12-17 12:26:16.037000,5c,Toxicity,Original,,100.69803619384766,0.33604320883750916,33.83889389038086,2.413318395614624,1.8201963901519775,0.1469603329896927,11.153897285461426,2.1063919067382812,2.8314149379730225,0.26922205090522766,0.3266187608242035,0.1282070279121399,5.141342639923096,174.81231689453125,0.11734132468700409,1.6008555889129639,2.7651422023773193,37,25,30,66.66666412353516,
2025-12-17 12:26:16.037000,FinePointe Series WBP [SN 139781]  Site 4 Bias Flow is out of range.,,,,,,,,,,,,,,,,,,,,,,,,,
2025-12-17 12:26:20.037000,5c,Toxicity,Original,,92.86325073242188,0.34173834323883057,31.659896850585938,2.665867805480957,1.786242127418518,0.15374663472175598,11.153897285461426,2.1091010570526123,2.8026816844940186,0.32850006222724915,0.31766360998153687,0.19062063097953796,26.60677719116211,124.96147155761719,0.11682744324207306,10.350248336791992,10.196502685546875,37,25,30,71.42857360839844,
2025-12-17 12:26:22.037000,5c,Toxicity,Original,,110.18071746826172,0.3456178903579712,38.08042907714844,1.2608004808425903,1.2036339044570923,0.2460881918668747,11.153897285461426,2.8866944313049316,3.0128731727600098,0.23572750389575958,0.3088323771953583,0.14410758018493652,18.293590545654297,16.257909774780273,0.1415439397096634,6.397277355194092,10.031840324401855,37,25,30,66.66666412353516,
2025-12-17 12:26:22.037000,FinePointe Series WBP [SN 10499C]  Site 2 Bias Flow is out of range.,,,,,,,,,,,,,,,,,,,,,,,,,
2025-12-17 12:26:24.037000,5c,Toxicity,Original,,108.79298400878906,0.3652464747428894,39.34332275390625,1.0943090915679932,0.9567806124687195,0.5124683976173401,11.153897285461426,3.23622727394104,2.906687021255493,0.25350499153137207,0.2998000383377075,0.14643040299415588,14.439208984375,67.89429473876953,0.16125896573066711,7.241058349609375,9.883674621582031,37,25,30,40,
2025-12-17 12:26:26.037000,5c,Toxicity,Original,,114.41812133789062,0.36094552278518677,41.36345291137695,1.9414005279541016,1.4671211242675781,0.22679390013217926,11.153897285461426,2.4219300746917725,3.0774524211883545,0.2739531099796295,0.2512783706188202,0.13320165872573853,15.62113094329834,55.89009475708008,0.10432776808738708,13.519177436828613,16.781131744384766,37,25,30,0,
2025-12-17 12:26:28.037000,5c,Toxicity,Original,,100.62492370605469,0.320037305355072,32.17694091796875,1.2823615074157715,1.5068130493164062,0.4169800281524658,11.153897285461426,3.3711819648742676,2.215930938720703,0.28018051385879517,0.3167412281036377,0.1381327509880066,37.17573928833008,109.2110366821289,0.1267637014389038,4.497198104858398,13.700557708740234,37,25,30,33.33333206176758,
2025-12-17 12:26:28.037000,FinePointe Series WBP [SN 139781]  Site 4 Bias Flow is out of range.,,,,,,,,,,,,,,,,,,,,,,,,,
2025-12-17 12:26:30.037000,5c,Toxicity,Original,,114.85739135742188,0.40300077199935913,46.39910125732422,0.6177476644515991,0.5409184694290161,0.3029244840145111,11.153897285461426,2.8949623107910156,3.1884450912475586,0.2711017429828644,0.25195831060409546,0.12143614888191223,81.71102142333984,0,0.16658243536949158,11.316421508789062,4.202899932861328,37,25,30,33.33333206176758,
2025-12-17 12:26:32.037000,5c,Toxicity,Original,,122.56663513183594,0.30378058552742004,37.23336410522461,0.3039713501930237,0.502280056476593,0.8762744069099426,11.153897285461426,3.581890821456909,2.241966485977173,0.19281892478466034,0.29671069979667664,0.18572069704532623,20.684545516967773,0,0.19873805344104767,13.400372505187988,8.279240608215332,37,25,30,66.66666412353516,
2025-12-17 12:26:34.037000,5c,Toxicity,Original,,113.30372619628906,0.4938991367816925,55.96061325073242,0.9087478518486023,0.8780376315116882,0.1371602863073349,11.153897285461426,4.0167155265808105,3.635546922683716,0.2525019943714142,0.27704811096191406,0.1822526603937149,2.9508605003356934,127.3106689453125,0.1485367715358734,1.4325940608978271,,37,25,30,75,
2025-12-17 12:26:36.037000,5c,Toxicity,Original,,134.13861083984375,0.21127186715602875,28.33971405029297,5.84710693359375,3.6586499214172363,0.14621226489543915,11.153897285461426,2.9943981170654297,4.347567081451416,0.13268743455410004,0.3146111071109772,0.17423750460147858,68.24822235107422,87.325439453125,0.06783422082662582,2.9460623264312744,24.16885757446289,37,25,30,75,
2025-12-17 12:26:38.037000,5c,Toxicity,Original,,108.05089569091797,0.3017534017562866,32.597251892089844,2.2286548614501953,1.4482909440994263,0.2232418656349182,11.153897285461426,2.0484132766723633,2.90578556060791,0.28162962198257446,0.27424728870391846,0.16494691371917725,4.98219108581543,39.12944793701172,0.1147446557879448,9.359018325805664,18.332489013671875,37,25,30,66.66666412353516,
2025-12-17 12:26:38.037000,FinePointe Series WBP [SN 139781]  Site 4 Bias Flow is out of range.,,,,,,,,,,,,,,,,,,,,,,,,,
2025-12-17 12:26:40.037000,5c,Toxicity,Original,,97.73812866210938,0.36689648032188416,36.60881805419922,7.839384078979492,4.191662311553955,0.32695528864860535,11.153897285461426,2.6330649852752686,3.688218116760254,0.26504698395729065,0.363633930683136,0.27769365906715393,11.487690925598145,138.4377899169922,0.12749949097633362,16.087451934814453,14.064384460449219,37,25,30,25,
2025-12-17 12:26:42.037000,5c,Toxicity,Original,,115.62902069091797,0.3322301208972931,38.44034194946289,0.9500534534454346,0.8158202767372131,0.5410678386688232,11.153897285461426,2.730250120162964,3.0757787227630615,0.2619961202144623,0.2569989562034607,0.20798778533935547,59.409847259521484,0,0.1491382122039795,17.028127670288086,10.177740097045898,37,25,30,0,
2025-12-17 12:26:46.037000,5c,Toxicity,Original,,89.54542541503906,0.2939395010471344,26.12308692932129,1.6173263788223267,1.818976640701294,0.5730383992195129,11.153897285461426,2.8735461235046387,2.9025397300720215,0.2321869134902954,0.4503759741783142,0.12117737531661987,49.29497528076172,168.31112670898438,0.1914026439189911,13.403932571411133,9.56958293914795,37,25,30,66.66666412353516,
2025-12-17 12:26:48.037000,5c,Toxicity,Original,,116.34603881835938,0.2839350402355194,32.66632080078125,0.8301124572753906,0.7848272323608398,0.4246026277542114,11.153897285461426,2.9239563941955566,2.9033002853393555,0.2226817011833191,0.2941734194755554,0.15065738558769226,11.066583633422852,117.99771118164062,0.16602453589439392,7.950540542602539,17.783267974853516,37,25,30,50,
2025-12-17 12:26:48.037000,FinePointe Series WBP [SN 139781]  Site 4 Bias Flow is out of range.,,,,,,,,,,,,,,,,,,,,,,,,,
2025-12-17 12:26:50.037000,5c,Toxicity,Original,,105.66398620605469,0.3776659667491913,39.776119232177734,0.6197801828384399,0.7249733805656433,0.5035462379455566,11.153897285461426,2.8989651203155518,2.599553108215332,0.2773262858390808,0.29231488704681396,0.15422476828098297,48.3350830078125,9.9268159866333,0.17374704778194427,12.601499557495117,15.223069190979004,37,25,30,0,
2025-12-17 12:26:52.037000,5c,Toxicity,Original,,111.73914337158203,0.37276676297187805,41.8427619934082,2.2244696617126465,1.1911377906799316,0.3319742679595947,11.153897285461426,3.9475040435791016,7.258225440979004,0.2846285402774811,0.2531196177005768,0.2240799367427826,3.8242061138153076,104.04983520507812,0.11980422586202621,8.500913619995117,12.129255294799805,37,25,30,0,
2025-12-17 12:26:54.037000,5c,Toxicity,Original,,108.32183837890625,0.33370059728622437,36.02311706542969,3.1773312091827393,2.2271625995635986,0.4540613889694214,11.153897285461426,3.640303373336792,4.950192451477051,0.2249228060245514,0.34076061844825745,0.30898240208625793,87.0931396484375,141.03271484375,0.12193408608436584,5.473498821258545,22.182645797729492,37,25,30,33.33333206176758,
2025-12-17 12:26:58.037000,5c,Toxicity,Original,,113.58918762207031,0.40413129329681396,45.904945373535156,1.2501252889633179,1.4860014915466309,0.23033995926380157,11.153897285461426,3.2330167293548584,2.753551721572876,0.2764175534248352,0.2518017292022705,0.1747632622718811,2.4043970108032227,120.17979431152344,0.10197120904922485,,1.029276967048645,37,25,30,91.66666412353516,
2025-12-17 12:26:58.037000,FinePointe Series WBP [SN 139781]  Site 4 Bias Flow is out of range.,,,,,,,,,,,,,,,,,,,,,,,,,
2025-12-17 12:27:00.037000,5c,Toxicity,Original,,108.60803985595703,0.37245863676071167,40.45199966430664,0.9119022488594055,1.3945807218551636,0.2861890494823456,11.153897285461426,4.807109832763672,2.939161539077759,0.16808398067951202,0.38436129689216614,0.0984085276722908,5.127048015594482,61.79884338378906,0.161294624209404,8.490007400512695,0.9942778944969177,37,25,30,83.33333587646484,
2025-12-17 12:27:02.037000,5c,Toxicity,Original,,108.28384399414062,0.3524591028690338,38.298377990722656,0.8141932487487793,0.6959335803985596,0.3911575973033905,11.153897285461426,2.8746886253356934,3.1807861328125,0.242420494556427,0.3130795955657959,0.1910029947757721,11.708993911743164,37.03394317626953,0.18646569550037384,11.587087631225586,5.32928991317749,37,25,30,50,
2025-12-17 12:27:04.037000,5c,Toxicity,Original,,115.49842834472656,0.31937268376350403,35.78865432739258,1.530303716659546,1.68174409866333,0.3356131613254547,11.153897285461426,3.0947320461273193,2.908069610595703,0.224575936794281,0.30163446068763733,0.23021990060806274,69.83866882324219,74.11466979980469,0.1201072558760643,21.12218475341797,23.799673080444336,37,25,30,33.33333206176758,
2025-12-17 12:27:06.037000,5c,Toxicity,Original,,96.66294860839844,0.36637336015701294,35.57926559448242,2.5000791549682617,1.757615566253662,0.3981148898601532,11.153897285461426,2.5963032245635986,3.268280506134033,0.2958407402038574,0.38742730021476746,0.16750343143939972,53.31338119506836,33.208824157714844,0.13489055633544922,6.708027362823486,9.901782989501953,37,25,30,0,
2025-12-17 12:27:08.037000,5c,Toxicity,Original,,111.90235137939453,0.3866513669490814,43.26719665527344,1.7872120141983032,1.3782804012298584,0.16782379150390625,11.153897285461426,2.1590216159820557,2.7296102046966553,0.2978365421295166,0.2383452206850052,0.15890806913375854,6.715901851654053,0,0.10284534841775894,5.954584121704102,14.577529907226562,37,25,30,66.66666412353516,
2025-12-17 12:27:08.037000,FinePointe Series WBP [SN 139781]  Site 4 Bias Flow is out of range.,,,,,,,,,,,,,,,,,,,,,,,,,
2025-12-17 12:27:10.037000,5c,Toxicity,Original,,117.80914306640625,0.3557281494140625,41.88845443725586,1.3418887853622437,1.121538758277893,0.2609829902648926,11.153897285461426,2.275601863861084,2.7095255851745605,0.2733302712440491,0.2362515926361084,0.19581058621406555,12.858917236328125,4.926215648651123,0.11614887416362762,16.448963165283203,15.235189437866211,37,25,30,0,
2025-12-17 12:27:12.037000,5c,Toxicity,Original,,116.5927963256836,0.3556602895259857,41.27912139892578,1.584289789199829,1.061991810798645,0.25442567467689514,11.153897285461426,2.340909957885742,3.2411539554595947,0.2636506259441376,0.25145912170410156,0.1689048558473587,16.938081741333008,1.8164750337600708,0.1290132999420166,11.734700202941895,11.442852973937988,37,25,30,0,
2025-12-17 12:27:14.037000,5c,Toxicity,Original,,94.43011474609375,0.37135735154151917,35.55421447753906,3.108508586883545,2.326709032058716,0.3567708730697632,11.153897285461426,2.7586288452148438,3.317845106124878,0.28211796283721924,0.41847729682922363,0.18006865680217743,19.198467254638672,175.88597106933594,0.14552438259124756,12.687135696411133,8.328177452087402,37,25,30,0,
2025-12-17 12:27:16.037000,5c,Toxicity,Original,,112.32687377929688,0.365109384059906,41.033042907714844,1.0464451313018799,0.8251588940620422,0.3628590703010559,11.153897285461426,2.5392916202545166,2.8007988929748535,0.2545455992221832,0.2813844680786133,0.15349391102790833,21.923377990722656,21.321002960205078,0.15895646810531616,9.978858947753906,9.124056816101074,37,25,30,0,
2025-12-17 12:27:18.037000,5c,Toxicity,Original,,118.9354019165039,0.3671669363975525,43.66914749145508,1.1065109968185425,0.9518723487854004,0.3096744418144226,11.153897285461426,2.5852062702178955,2.825582504272461,0.24613970518112183,0.25833582878112793,0.18616174161434174,22.84765625,0,0.1355484426021576,15.156785011291504,10.814226150512695,37,25,30,0,
2025-12-17 12:27:18.037000,FinePointe Series WBP [SN 139781]  Site 4 Bias Flow is out of range.,,,,,,,,,,,,,,,,,,,,,,,,,
2025-12-17 12:27:22.037000,5c,Toxicity,Original,,117.4093017578125,0.39314278960227966,46.27252960205078,0.8116927146911621,0.7708088159561157,0.2849230170249939,11.153897285461426,2.3762176036834717,2.7117538452148438,0.2673110067844391,0.24389412999153137,0.15783226490020752,6.839966297149658,0,0.1424667090177536,5.751487731933594,7.631654739379883,37,25,30,66.66666412353516,
2025-12-17 12:27:24.037000,5c,Toxicity,Original,,117.00495910644531,0.3331654667854309,38.94108581542969,1.0259459018707275,0.8948644995689392,0.43322789669036865,11.153897285461426,2.475240707397461,2.852541446685791,0.2639070749282837,0.2500028908252716,0.1554466038942337,6.491769790649414,0,0.13574892282485962,9.754191398620605,13.401243209838867,37,25,30,66.66666412353516,
2025-12-17 12:27:26.037000,5c,Toxicity,Original,,117.9422836303711,0.40135616064071655,47.40830993652344,1.68715238571167,1.1790573596954346,0.21742218732833862,11.153897285461426,2.2845144271850586,2.89383602142334,0.2815072536468506,0.22752560675144196,0.16347983479499817,10.39786148071289,0,0.11197055876255035,11.261877059936523,9.723752975463867,37,25,30,0,
2025-12-17 12:27:28.037000,5c,Toxicity,Original,,117.00200653076172,0.4183863699436188,48.99399948120117,0.5717636942863464,0.5686310529708862,0.6068825721740723,11.153897285461426,2.7095842361450195,2.834364414215088,0.2755807638168335,0.23738935589790344,0.1562722772359848,11.862903594970703,1.4176448583602905,0.15618526935577393,10.51801872253418,2.817633628845215,37,25,30,0,
2025-12-17 12:27:28.037000,FinePointe Series WBP [SN 139781]  Site 4 Bias Flow is out of range.,,,,,,,,,,,,,,,,,,,,,,,,,
2025-12-17 12:27:30.037000,5c,Toxicity,Original,,116.211181640625,0.3651975095272064,41.999454498291016,1.5894508361816406,1.2583874464035034,0.21465253829956055,11.153897285461426,2.460737705230713,3.1811318397521973,0.2730291485786438,0.2477598339319229,0.166406512260437,10.182087898254395,39.8221549987793,0.11180958151817322,8.511162757873535,11.858246803283691,37,25,30,50,
2025-12-17 12:27:32.037000,5c,Toxicity,Original,,108.98973846435547,0.316359281539917,34.52778625488281,0.947827935218811,0.6584484577178955,0.2586435079574585,11.153897285461426,2.2048192024230957,3.008726119995117,0.29417651891708374,0.2578621506690979,0.13606932759284973,63.30049514770508,4.185274600982666,0.1613139510154724,16.44141960144043,6.04892110824585,37,25,30,0,
2025-12-17 12:27:34.037000,5c,Toxicity,Original,,122.05271911621094,0.3478821814060211,42.464454650878906,0.8673611879348755,0.7239595651626587,0.4443146586418152,11.153897285461426,2.532139301300049,2.9207746982574463,0.2580794394016266,0.23430559039115906,0.17699074745178223,28.00075340270996,0,0.14265917241573334,16.09130859375,9.162178039550781,37,25,30,50,
2025-12-17 12:27:36.037000,5c,Toxicity,Original,,112.60790252685547,0.3735460937023163,41.969810485839844,0.860490083694458,0.8961432576179504,0.37424206733703613,11.153897285461426,2.0599331855773926,2.0438084602355957,0.26561659574508667,0.2686191201210022,0.158132866024971,26.799182891845703,13.960204124450684,0.14448216557502747,14.38784408569336,14.717447280883789,37,25,30,50,
2025-12-17 12:27:38.037000,5c,Toxicity,Original,,118.42092895507812,0.37270140647888184,44.127471923828125,1.2708492279052734,0.9283955693244934,0.2689119577407837,11.153897285461426,2.285297393798828,3.0343644618988037,0.2741243541240692,0.23257364332675934,0.13145697116851807,6.8135247230529785,7.982830047607422,0.1256229430437088,7.317970275878906,6.132403373718262,37,25,30,0,
2025-12-17 12:27:38.037000,FinePointe Series WBP [SN 139781]  Site 4 Bias Flow is out of range.,,,,,,,,,,,,,,,,,,,,,,,,,
2025-12-17 12:27:40.037000,5c,Toxicity,Original,,117.61622619628906,0.36901021003723145,43.45261764526367,0.6237962245941162,0.7253345251083374,0.41912195086479187,11.153897285461426,2.934448480606079,2.470715045928955,0.26689258217811584,0.24383492767810822,0.16605070233345032,13.406766891479492,0,0.14787496626377106,15.419888496398926,8.878211975097656,37,25,30,0,
2025-12-17 12:27:42.037000,5c,Toxicity,Original,,115.31132507324219,0.3227035105228424,37.10748291015625,1.1488722562789917,0.9175038933753967,0.43674999475479126,11.153897285461426,2.3395438194274902,2.7649874687194824,0.26203906536102295,0.26000481843948364,0.2056761533021927,28.40810203552246,8.565845489501953,0.14867767691612244,20.679637908935547,17.491092681884766,37,25,30,0,
2025-12-17 12:27:44.037000,5c,Toxicity,Original,,114.0599365234375,0.36422106623649597,41.566192626953125,1.7289949655532837,1.5031867027282715,0.24996677041053772,11.153897285461426,2.5930514335632324,3.0601391792297363,0.2881835103034973,0.2389068603515625,0.23688024282455444,8.234167098999023,21.50918197631836,0.09819754958152771,14.680124282836914,18.610374450683594,37,25,30,50,
2025-12-17 12:27:46.037000,5c,Toxicity,Original,,115.8293228149414,0.34100401401519775,39.46229934692383,1.462251901626587,1.1291260719299316,0.3522062301635742,11.153897285461426,2.3536815643310547,2.8284659385681152,0.29039326310157776,0.22798572480678558,0.15965710580348969,6.938681125640869,9.005292892456055,0.11233826726675034,12.611991882324219,17.411911010742188,37,25,30,0,
2025-12-17 12:27:48.037000,5c,Toxicity,Original,,116.07134246826172,0.3822898864746094,44.360023498535156,0.8788648247718811,0.8141137361526489,0.54522705078125,11.153897285461426,2.5358104705810547,2.7914416790008545,0.25721144676208496,0.2602977454662323,0.15978214144706726,11.37788200378418,5.701899528503418,0.1540049910545349,11.296541213989258,10.217606544494629,37,25,30,0,
2025-12-17 12:27:48.037000,FinePointe Series WBP [SN 139781]  Site 4 Bias Flow is out of range.,,,,,,,,,,,,,,,,,,,,,,,,,
2025-12-17 12:27:50.037000,5c,Toxicity,Original,,119.70584106445312,0.34321990609169006,41.16716766357422,0.9009420275688171,0.8984856009483337,0.39893168210983276,11.153897285461426,2.8872225284576416,2.645519495010376,0.2697649896144867,0.2342253029346466,0.163981094956398,42.96010208129883,0,0.13040730357170105,15.129311561584473,11.775856971740723,37,25,30,0,
2025-12-17 12:27:52.037000,5c,Toxicity,Original,,117.35545349121094,0.38404881954193115,45.0621452331543,1.118415117263794,0.9363394975662231,0.4223865270614624,11.153897285461426,2.5410196781158447,2.971090078353882,0.2587510347366333,0.25342369079589844,0.1456662267446518,10.751185417175293,9.60533332824707,0.13887721300125122,4.251029968261719,13.179363250732422,37,25,30,0,
2025-12-17 12:27:54.037000,5c,Toxicity,Original,,132.23716735839844,0.3542942404747009,42.602882385253906,0.6593297719955444,0.637711763381958,0.4342272877693176,11.153897285461426,2.8041865825653076,2.7372400760650635,0.2661665081977844,0.20634780824184418,0.22120347619056702,40.16895294189453,0,0.1305004358291626,20.93967056274414,19.200870513916016,37,25,30,50,
2025-12-17 12:27:56.037000,5c,Toxicity,Original,,119.2206039428711,0.3087139427661896,36.80506134033203,1.0282516479492188,0.8840516209602356,0.29299846291542053,11.153897285461426,2.6333160400390625,2.592933177947998,0.23022975027561188,0.27303898334503174,0.18261753022670746,7.648561477661133,0,0.14803917706012726,9.785564422607422,13.822333335876465,37,25,30,75,
2025-12-17 12:27:58.037000,5c,Toxicity,Original,,115.25008392333984,0.36562439799308777,42.11670684814453,2.534228801727295,1.4475765228271484,0.18395689129829407,11.153897285461426,2.185983896255493,3.774786949157715,0.2924400269985199,0.22838331758975983,0.19106489419937134,6.4747514724731445,0,0.09707362949848175,14.904519081115723,16.477922439575195,37,25,30,0,
2025-12-17 12:27:58.037000,FinePointe Series WBP [SN 139781]  Site 4 Bias Flow is out of range.,,,,,,,,,,,,,,,,,,,,,,,,,
2025-12-17 12:28:00.037000,5c,Toxicity,Original,,116.28826904296875,0.4068845510482788,47.341712951660156,1.0435084104537964,1.0400631427764893,0.32521942257881165,11.153897285461426,2.8228282928466797,2.6519198417663574,0.2902820408344269,0.22584816813468933,0.19135503470897675,10.195405960083008,0,0.1180494949221611,17.5244140625,15.803776741027832,37,25,30,33.33333206176758,
2025-12-17 12:28:02.037000,5c,Toxicity,Original,,119.76917266845703,0.41996556520462036,50.298927307128906,0.7993505597114563,0.5701097249984741,0.7296985387802124,11.153897285461426,2.749265670776367,4.319852352142334,0.28169500827789307,0.21926863491535187,0.31097012758255005,6.639557838439941,0,0.14770422875881195,13.592915534973145,5.550418376922607,37,25,30,0,
2025-12-17 12:28:04.037000,5c,Toxicity,Original,,117.17073059082031,0.46715402603149414,54.736778259277344,1.0399342775344849,1.040457844734192,0.2112889438867569,11.153897285461426,2.876847743988037,2.77944016456604,0.2943619191646576,0.21771134436130524,0.14782650768756866,7.03545618057251,0,0.10955660790205002,21.21892547607422,6.428112983703613,37,25,30,66.66666412353516,
2025-12-17 12:28:06.037000,5c,Toxicity,Original,,116.28823852539062,0.33232325315475464,38.718727111816406,0.7083357572555542,0.6792518496513367,0.2933867573738098,11.153897285461426,2.2918548583984375,2.397286891937256,0.26622259616851807,0.2498924732208252,0.16991549730300903,11.56021499633789,0,0.15814261138439178,13.758659362792969,10.625399589538574,37,25,30,71.42857360839844,
2025-12-17 12:28:08.037000,5c,Toxicity,Original,,115.50664520263672,0.41770634055137634,48.217926025390625,1.9099814891815186,1.3806133270263672,0.22486034035682678,11.153897285461426,2.7271666526794434,3.6597018241882324,0.2939275801181793,0.22629345953464508,0.22866828739643097,10.614358901977539,37.15155792236328,0.10075763612985611,14.345061302185059,15.356736183166504,37,25,30,0,
2025-12-17 12:28:08.037000,FinePointe Series WBP [SN 139781]  Site 4 Bias Flow is out of range.,,,,,,,,,,,,,,,,,,,,,,,,,
2025-12-17 12:28:10.037000,5c,Toxicity,Original,,117.6824722290039,0.4563506841659546,53.7606201171875,1.4416992664337158,1.3298661708831787,0.28160226345062256,11.153897285461426,3.2440311908721924,3.265474319458008,0.2807869613170624,0.22917956113815308,0.16521874070167542,9.645377159118652,23.44867706298828,0.10542788356542587,15.930394172668457,15.935775756835938,37,25,30,0,
2025-12-17 12:28:12.037000,5c,Toxicity,Original,,117.0559310913086,0.3835490345954895,44.8598518371582,1.3267515897750854,0.9167160391807556,0.25630250573158264,11.153897285461426,2.260789394378662,3.2343835830688477,0.27096056938171387,0.24179980158805847,0.17054978013038635,15.802935600280762,2.3740415573120117,0.13592571020126343,11.74732780456543,10.815526962280273,37,25,30,0,
2025-12-17 12:28:14.037000,5c,Toxicity,Original,,116.58635711669922,0.37089765071868896,43.25056457519531,1.5943609476089478,1.192318320274353,0.246476411819458,11.153897285461426,3.045964002609253,3.678821086883545,0.2629241645336151,0.25187498331069946,0.2240687906742096,37.23585510253906,30.109891891479492,0.1215427815914154,19.36685562133789,16.394325256347656,37,25,30,0,
2025-12-17 12:28:16.037000,5c,Toxicity,Original,,121.99729919433594,0.394428551197052,47.97618103027344,0.7818579077720642,0.6703615188598633,0.4973717927932739,11.153897285461426,2.7337417602539062,3.0725412368774414,0.2635820209980011,0.22867584228515625,0.17960125207901,18.423627853393555,0,0.1468363106250763,12.997398376464844,9.150384902954102,37,25,30,50,
2025-12-17 12:28:18.037000,5c,Toxicity,Original,,114.61157989501953,0.3854118883609772,44.0886344909668,0.9751473665237427,0.9215646982192993,0.24262318015098572,11.153897285461426,2.6263396739959717,2.636312484741211,0.2809078097343445,0.24314889311790466,0.16911061108112335,34.38973617553711,0,0.13086169958114624,15.555134773254395,13.472701072692871,37,25,30,0,
2025-12-17 12:28:18.037000,FinePointe Series WBP [SN 139781]  Site 4 Bias Flow is out of range.,,,,,,,,,,,,,,,,,,,,,,,,,
2025-12-17 12:28:20.037000,5c,Toxicity,Original,,116.41558837890625,0.38737988471984863,45.155853271484375,1.454400897026062,1.0764186382293701,0.27042311429977417,11.153897285461426,2.2755000591278076,3.144465684890747,0.28231438994407654,0.2337077260017395,0.17460060119628906,15.718976974487305,22.6851749420166,0.11954137682914734,13.1974515914917,13.375815391540527,37,25,30,0,
2025-12-17 12:28:22.037000,5c,Toxicity,Original,,116.33203125,0.39036205410957336,45.37325668334961,1.2392363548278809,0.9192507863044739,0.34792932868003845,11.153897285461426,2.575681447982788,3.236199140548706,0.26343274116516113,0.2527395486831665,0.18845093250274658,31.038597106933594,4.453617095947266,0.138935387134552,13.961734771728516,14.297579765319824,37,25,30,0,
2025-12-17 12:28:24.037000,5c,Toxicity,Original,,114.40674591064453,0.391101598739624,44.744659423828125,0.7324934601783752,0.7443686723709106,0.42157238721847534,11.153897285461426,3.300191640853882,2.954206705093384,0.22556355595588684,0.29888105392456055,0.2543078362941742,14.886730194091797,0,0.17459943890571594,21.841642379760742,23.780994415283203,37,25,30,0,
2025-12-17 12:28:28.037000,5c,Toxicity,Original,,116.18244171142578,0.39221131801605225,45.60377502441406,0.9727738499641418,0.8754922747612,0.23850157856941223,11.153897285461426,2.698676347732544,2.971799373626709,0.29102057218551636,0.22556069493293762,0.17827148735523224,15.727624893188477,0,0.1285446286201477,18.314823150634766,8.776330947875977,37,25,30,60,
2025-12-17 12:28:28.037000,FinePointe Series WBP [SN 139781]  Site 4 Bias Flow is out of range.,,,,,,,,,,,,,,,,,,,,,,,,,
2025-12-17 12:28:30.037000,5c,Toxicity,Original,,114.74799346923828,0.4189267158508301,48.06343078613281,1.6656689643859863,1.187939167022705,0.23455080389976501,11.153897285461426,2.629542112350464,3.6077685356140137,0.2812480628490448,0.24168163537979126,0.19018955528736115,13.124185562133789,0,0.11885110288858414,12.001164436340332,11.79859447479248,37,25,30,0,
2025-12-17 12:28:32.037000,5c,Toxicity,Original,,122.05452728271484,0.3727661371231079,45.509498596191406,0.629788875579834,0.6005536913871765,0.4519558846950531,11.153897285461426,2.715083122253418,2.7703404426574707,0.2485056221485138,0.243758887052536,0.18618296086788177,16.707183837890625,0,0.15742897987365723,16.8387393951416,9.90639877319336,37,25,30,0,
2025-12-17 12:28:34.037000,5c,Toxicity,Original,,116.92733764648438,0.38593366742134094,45.12772750854492,0.6341413259506226,0.5728433132171631,0.3621789813041687,11.153897285461426,2.6097586154937744,2.758364200592041,0.2626979351043701,0.2504429817199707,0.14043810963630676,10.891204833984375,0,0.16424447298049927,8.867729187011719,4.890320301055908,37,25,30,0,
2025-12-17 12:28:36.037000,5c,Toxicity,Original,,103.18719482421875,0.35643163323402405,36.73150634765625,2.9677231311798096,2.3842198848724365,0.4183964133262634,11.153897285461426,2.697876214981079,3.8025710582733154,0.2696668803691864,0.3851916193962097,0.19994603097438812,62.00300979614258,0,0.11061016470193863,21.61300277709961,11.527824401855469,37,25,30,40,
2025-12-17 12:28:38.037000,5c,Toxicity,Original,,122.2635726928711,0.3733329772949219,45.6233024597168,1.352230429649353,1.058805227279663,0.33087167143821716,11.153897285461426,2.898590564727783,3.398066759109497,0.2612560987472534,0.22967113554477692,0.20287081599235535,13.806498527526855,7.669740200042725,0.12282199412584305,20.812463760375977,12.853570938110352,37,25,30,0,
2025-12-17 12:28:38.037000,FinePointe Series WBP [SN 139781]  Site 4 Bias Flow is out of range.,,,,,,,,,,,,,,,,,,,,,,,,,
2025-12-17 12:28:40.037000,5c,Toxicity,Original,,120.86515808105469,0.3564527630805969,42.89655685424805,1.0131453275680542,0.9753478169441223,0.43323782086372375,11.153897285461426,2.8452236652374268,2.8827052116394043,0.24816003441810608,0.2507967948913574,0.19429218769073486,36.79351806640625,15.366438865661621,0.141043558716774,16.459335327148438,11.960186958312988,37,25,30,0,
2025-12-17 12:28:42.037000,5c,Toxicity,Original,,121.39530181884766,0.40247151255607605,48.79799270629883,1.3703899383544922,1.1624960899353027,0.29043418169021606,11.153897285461426,3.4578447341918945,3.779595375061035,0.25739216804504395,0.23712559044361115,0.21166415512561798,15.100231170654297,0,0.11465155333280563,10.637048721313477,15.38956069946289,37,25,30,25,
2025-12-17 12:28:48.037000,5c,Toxicity,Original,,120.01265716552734,0.44630351662635803,53.56207275390625,0.9443035125732422,0.8632664680480957,0.24702249467372894,11.153897285461426,3.0438990592956543,3.2126803398132324,0.27324727177619934,0.22669999301433563,0.16301068663597107,12.248750686645508,0,0.12447024881839752,20.595809936523438,7.631706237792969,37,25,30,91.66666412353516,
2025-12-17 12:28:48.037000,FinePointe Series WBP [SN 139781]  Site 4 Bias Flow is out of range.,,,,,,,,,,,,,,,,,,,,,,,,,
2025-12-17 12:28:50.037000,5c,Toxicity,Original,,117.3526611328125,0.5247144103050232,61.65904998779297,0.8533433079719543,1.0253862142562866,0.23068183660507202,11.153897285461426,3.247983455657959,2.671802520751953,0.2911098301410675,0.22088006138801575,0.12965333461761475,4.849064826965332,0,0.11190991848707199,9.020672798156738,6.469578266143799,37,25,30,25,
2025-12-17 12:28:52.037000,5c,Toxicity,Original,,124.12042999267578,0.43916285037994385,54.498226165771484,0.5271855592727661,0.6891431212425232,0.4180375039577484,11.153897285461426,2.910125732421875,2.273305654525757,0.25756916403770447,0.22608689963817596,0.18449991941452026,14.237987518310547,0,0.1445600986480713,23.15702247619629,9.033843994140625,37,25,30,0,
2025-12-17 12:28:54.037000,5c,Toxicity,Original,,106.88741302490234,0.368502676486969,38.91280746459961,2.004040002822876,1.6976696252822876,0.427012175321579,11.153897285461426,3.1162381172180176,3.2912330627441406,0.25603199005126953,0.3576568365097046,0.2001427412033081,54.87913131713867,0,0.1413327008485794,18.044450759887695,3.539961099624634,37,25,30,0,
2025-12-17 12:28:56.037000,5c,Toxicity,Original,,122.64836883544922,0.3518703877925873,43.16386413574219,1.0012022256851196,0.7886017560958862,0.35597869753837585,11.153897285461426,2.664106845855713,3.563267230987549,0.23829758167266846,0.2509455978870392,0.21292391419410706,24.88245964050293,0,0.14569538831710815,18.76614761352539,10.969862937927246,37,25,30,0,
2025-12-17 12:28:58.037000,5c,Toxicity,Original,,59.64900207519531,0.37221473455429077,22.202238082885742,5.42829704284668,4.171135902404785,0.7957050204277039,11.153897285461426,2.504629611968994,3.5199766159057617,0.2618900537490845,0.7439942955970764,0.17688800394535065,39.3546028137207,0,0.1480647474527359,8.81716251373291,,37,25,30,0,
2025-12-17 12:28:58.037000,FinePointe Series WBP [SN 139781]  Site 4 Bias Flow is out of range.,,,,,,,,,,,,,,,,,,,,,,,,,
2025-12-17 12:29:00.037000,5c,Toxicity,Original,,150.48348999023438,0.37434202432632446,55.483375549316406,1.2490589618682861,1.0650520324707031,0.22527508437633514,11.153897285461426,3.0455751419067383,3.375663995742798,0.22555090487003326,0.18078261613845825,0.2040395736694336,5.729374408721924,3.8130593299865723,0.09186924248933792,7.09130859375,12.822640419006348,37,25,30,42.85714340209961,
2025-12-17 12:29:02.037000,5c,Toxicity,Original,,128.4478759765625,0.4363958239555359,56.12322998046875,0.8048797845840454,0.6528339385986328,0.1410321295261383,11.153897285461426,2.973113775253296,3.2846899032592773,0.2472912073135376,0.2201187163591385,0.13018560409545898,8.381006240844727,0,0.13846677541732788,9.266996383666992,3.1190884113311768,37,25,30,0,
2025-12-17 12:29:04.037000,5c,Toxicity,Original,,127.73554229736328,0.3889453113079071,49.77184295654297,1.6256297826766968,1.113884449005127,0.1766781210899353,11.153897285461426,2.691204071044922,3.9173076152801514,0.2610533535480499,0.20961648225784302,0.19537672400474548,6.866608142852783,0,0.10250559449195862,6.255545139312744,8.814508438110352,37,25,30,50,
2025-12-17 12:29:06.037000,5c,Toxicity,Original,,122.74906158447266,0.42630499601364136,52.239723205566406,2.4972949028015137,1.2619478702545166,0.19438129663467407,11.153897285461426,2.669895648956299,4.814703941345215,0.25987279415130615,0.22915008664131165,0.22112952172756195,6.676823616027832,0,0.10712990909814835,7.402327060699463,11.090057373046875,37,25,30,0,
2025-12-17 12:29:08.037000,5c,Toxicity,Original,,126.45299530029297,0.4278539717197418,53.98358917236328,1.8850066661834717,1.2577224969863892,0.1844698041677475,11.153897285461426,2.7844889163970947,3.95548415184021,0.2553039789199829,0.2199280709028244,0.2158500850200653,8.683476448059082,0,0.10078680515289307,12.775411605834961,15.564861297607422,37,25,30,0,
2025-12-17 12:29:08.037000,FinePointe Series WBP [SN 139781]  Site 4 Bias Flow is out of range.,,,,,,,,,,,,,,,,,,,,,,,,,
2025-12-17 12:29:10.037000,5c,Toxicity,Original,,122.0398941040039,0.42719241976737976,52.33669662475586,1.4546698331832886,0.9812761545181274,0.18417946994304657,11.153897285461426,2.7551674842834473,3.952345371246338,0.27497419714927673,0.21759723126888275,0.18076781928539276,10.407509803771973,0,0.11516852676868439,13.038989067077637,14.116849899291992,37,25,30,0,
2025-12-17 12:29:12.037000,5c,Toxicity,Original,,119.59237670898438,0.4551132619380951,54.419944763183594,1.502397060394287,1.1097760200500488,0.18655149638652802,11.153897285461426,3.189807176589966,3.705021858215332,0.25976940989494324,0.24235066771507263,0.19333158433437347,16.9874267578125,2.4889731407165527,0.12345214188098907,11.296285629272461,16.089866638183594,37,25,30,0,
2025-12-17 12:29:14.037000,5c,Toxicity,Original,,117.9987564086914,0.44798514246940613,52.720741271972656,1.6573364734649658,1.2238433361053467,0.16602955758571625,11.153897285461426,3.1374058723449707,3.924699068069458,0.2758878767490387,0.2335980087518692,0.17226728796958923,16.821025848388672,0,0.10940425097942352,14.405632019042969,15.533125877380371,37,25,30,0,
2025-12-17 12:29:16.037000,5c,Toxicity,Original,,120.02251434326172,0.44090986251831055,52.907005310058594,1.470244288444519,0.9906973242759705,0.18275701999664307,11.153897285461426,2.687814474105835,3.973371982574463,0.2672170400619507,0.23313353955745697,0.1626126915216446,9.746821403503418,0,0.12293492257595062,9.218609809875488,9.133275032043457,37,25,30,0,
2025-12-17 12:29:18.037000,5c,Toxicity,Original,,121.77312469482422,0.4098089635372162,49.867591857910156,1.327438473701477,0.9633759260177612,0.1924993097782135,11.153897285461426,2.8417952060699463,3.778181552886963,0.26053038239479065,0.23253826797008514,0.20194903016090393,8.593403816223145,0,0.12403875589370728,15.929384231567383,9.479629516601562,37,25,30,0,
2025-12-17 12:29:18.037000,FinePointe Series WBP [SN 139781]  Site 4 Bias Flow is out of range.,,,,,,,,,,,,,,,,,,,,,,,,,
2025-12-17 12:29:20.037000,5c,Toxicity,Original,,117.370361328125,0.4959214925765991,58.135986328125,2.0770630836486816,1.4958802461624146,0.160504549741745,11.153897285461426,3.0679805278778076,4.1635308265686035,0.2693578600883484,0.24216589331626892,0.2217617630958557,9.292631149291992,28.10312843322754,0.10332036018371582,7.443816661834717,15.176179885864258,37,25,30,0,
2025-12-17 12:29:22.037000,5c,Toxicity,Original,,121.54286193847656,0.45762190222740173,55.544830322265625,1.7705771923065186,1.128755807876587,0.17723512649536133,11.153897285461426,3.044497013092041,4.360218524932861,0.25856322050094604,0.2353365421295166,0.1851719468832016,8.329266548156738,0,0.11651495099067688,9.029500961303711,14.862306594848633,37,25,30,0,
2025-12-17 12:29:24.037000,5c,Toxicity,Original,,116.10484313964844,0.435789555311203,50.58069610595703,1.4053875207901,1.0502119064331055,0.21523749828338623,11.153897285461426,3.0809221267700195,3.9750218391418457,0.2631078064441681,0.2537662982940674,0.15992790460586548,32.1675910949707,2.288386106491089,0.12734533846378326,9.949685096740723,12.785852432250977,37,25,30,0,
2025-12-17 12:29:26.037000,5c,Toxicity,Original,,118.16727447509766,0.4205372929573059,49.73381805419922,1.2529464960098267,1.0805015563964844,0.2982158958911896,11.153897285461426,2.8210575580596924,3.091653823852539,0.27527517080307007,0.23329585790634155,0.2244371771812439,22.81104278564453,2.390972137451172,0.11411473900079727,15.45665168762207,13.518655776977539,37,25,30,0,
2025-12-17 12:29:28.037000,5c,Toxicity,Original,,117.23841857910156,0.4821816086769104,56.53795623779297,1.4039350748062134,1.0600342750549316,0.19229668378829956,11.153897285461426,3.0126469135284424,3.8809328079223633,0.2673909664154053,0.24453312158584595,0.1747455596923828,9.501620292663574,0,0.12464350461959839,10.766545295715332,9.80142593383789,37,25,30,0,
2025-12-17 12:29:28.037000,FinePointe Series WBP [SN 139781]  Site 4 Bias Flow is out of range.,,,,,,,,,,,,,,,,,,,,,,,,,
2025-12-17 12:29:30.037000,5c,Toxicity,Original,,121.84223937988281,0.4479770362377167,54.3930778503418,1.4058176279067993,1.1351704597473145,0.20808230340480804,11.153897285461426,3.2035133838653564,3.613072633743286,0.25986260175704956,0.23465368151664734,0.1898062825202942,5.786958694458008,5.965491771697998,0.11419214308261871,14.981977462768555,15.097838401794434,37,25,30,0,
2025-12-17 12:29:32.037000,5c,Toxicity,Original,,114.07708740234375,0.4201704263687134,47.86661148071289,2.366084575653076,1.4433815479278564,0.17519980669021606,11.153897285461426,2.6757419109344482,3.9262192249298096,0.2792528569698334,0.24732261896133423,0.1850585639476776,7.191065311431885,0,0.10450050979852676,13.010805130004883,19.66197395324707,37,25,30,0,
2025-12-17 12:29:34.037000,5c,Toxicity,Original,,123.30304718017578,0.46668168902397156,57.6481819152832,1.1717301607131958,0.973913848400116,0.21221889555454254,11.153897285461426,3.1071388721466064,3.673511266708374,0.26240190863609314,0.22444650530815125,0.17835476994514465,10.283002853393555,0,0.1187368705868721,12.37134075164795,8.448153495788574,37,25,30,40,
2025-12-17 12:29:36.037000,5c,Toxicity,Original,,118.55955505371094,0.4264124631881714,50.500885009765625,1.9365389347076416,1.288975715637207,0.15653863549232483,11.153897285461426,2.8964781761169434,3.951159954071045,0.2667079567909241,0.23979464173316956,0.20132175087928772,7.996981620788574,0,0.10927587747573853,11.001998901367188,12.947748184204102,37,25,30,0,
2025-12-17 12:29:38.037000,5c,Toxicity,Original,,116.91202545166016,0.44440579414367676,52.00921630859375,1.299870252609253,1.1390289068222046,0.20117247104644775,11.153897285461426,3.02721905708313,3.1554839611053467,0.27221861481666565,0.2412187159061432,0.2261754274368286,10.65051555633545,0,0.11786537617444992,14.730544090270996,17.90616226196289,37,25,30,0,
2025-12-17 12:29:38.037000,FinePointe Series WBP [SN 139781]  Site 4 Bias Flow is out of range.,,,,,,,,,,,,,,,,,,,,,,,,,
2025-12-17 12:29:40.037000,5c,Toxicity,Original,,112.84168243408203,0.44190895557403564,49.861968994140625,1.5698344707489014,1.0964291095733643,0.216368168592453,11.153897285461426,2.7265830039978027,4.026156425476074,0.28204402327537537,0.24997448921203613,0.18440958857536316,11.140324592590332,0,0.12299123406410217,9.808806419372559,8.432804107666016,37,25,30,0,
2025-12-17 12:29:42.037000,5c,Toxicity,Original,,118.46441650390625,0.44650667905807495,52.815277099609375,1.0754876136779785,0.8703373670578003,0.26274341344833374,11.153897285461426,3.0418455600738525,3.370237350463867,0.2590140402317047,0.24854719638824463,0.19090262055397034,27.517169952392578,0,0.13723859190940857,10.502399444580078,12.909334182739258,37,25,30,0,
2025-12-17 12:29:44.037000,5c,Toxicity,Original,,119.0653305053711,0.4113764464855194,48.901649475097656,1.1985162496566772,0.91892409324646,0.2899987995624542,11.153897285461426,2.6817333698272705,3.3242902755737305,0.2596750855445862,0.24500253796577454,0.2310904562473297,18.84255027770996,0,0.1376144289970398,14.84500789642334,12.082094192504883,37,25,30,0,
2025-12-17 12:29:46.037000,5c,Toxicity,Original,,118.8891830444336,0.4493253827095032,53.43135070800781,1.271447777748108,1.0008559226989746,0.18851716816425323,11.153897285461426,2.9915831089019775,3.521348476409912,0.2670406997203827,0.23765194416046143,0.1665686070919037,7.181148529052734,0,0.12279059737920761,8.72382926940918,10.124753952026367,37,25,30,0,
2025-12-17 12:29:48.037000,5c,Toxicity,Original,,120.76515197753906,0.4579625725746155,55.27885437011719,1.0950393676757812,0.8984487652778625,0.20666813850402832,11.153897285461426,3.0645508766174316,3.635544776916504,0.26114752888679504,0.2367510050535202,0.14801165461540222,18.44920539855957,0,0.13534556329250336,13.455963134765625,11.31836223602295,37,25,30,0,
2025-12-17 12:29:48.037000,FinePointe Series WBP [SN 139781]  Site 4 Bias Flow is out of range.,,,,,,,,,,,,,,,,,,,,,,,,,
2025-12-17 12:29:50.037000,5c,Toxicity,Original,,120.06324768066406,0.4190784990787506,50.209388732910156,1.4916906356811523,1.0556693077087402,0.1515578180551529,11.153897285461426,2.6153783798217773,3.839482069015503,0.27230262756347656,0.22798708081245422,0.18646425008773804,15.48613452911377,0,0.1241881400346756,9.951712608337402,9.676315307617188,37,25,30,0,
2025-12-17 12:29:52.037000,5c,Toxicity,Original,,117.7643814086914,0.44546520709991455,52.485260009765625,1.3034110069274902,1.0125278234481812,0.2706252634525299,11.153897285461426,2.9747214317321777,3.9327166080474854,0.27361345291137695,0.23673664033412933,0.19171062111854553,18.938915252685547,0,0.12252173572778702,13.7313232421875,12.367185592651367,37,25,30,0,
2025-12-17 12:29:54.037000,5c,Toxicity,Original,,116.38153076171875,0.4566890597343445,53.20606231689453,1.491557002067566,1.1035575866699219,0.20791414380073547,11.153897285461426,3.0334808826446533,3.9243688583374023,0.2701658308506012,0.24622610211372375,0.18751120567321777,10.336386680603027,0,0.12341740727424622,12.97150993347168,13.300541877746582,37,25,30,0,
2025-12-17 12:29:56.037000,5c,Toxicity,Original,,119.11349487304688,0.468812495470047,55.858646392822266,1.440908432006836,1.0873303413391113,0.19793543219566345,11.153897285461426,2.8724865913391113,3.802618980407715,0.2690035402774811,0.23564940690994263,0.17025165259838104,11.396658897399902,0,0.11843516677618027,8.89775562286377,9.885154724121094,37,25,30,0,
2025-12-17 12:29:58.037000,5c,Toxicity,Original,,119.29364013671875,0.43981483578681946,52.32820510864258,1.575674057006836,1.3040642738342285,0.14047667384147644,11.153897285461426,3.1262271404266357,3.565028190612793,0.27090543508529663,0.2338222861289978,0.1862816959619522,39.018802642822266,50.14577865600586,0.10763490200042725,18.70226287841797,20.482372283935547,37,25,30,50,
2025-12-17 12:29:58.037000,FinePointe Series WBP [SN 139781]  Site 4 Bias Flow is out of range.,,,,,,,,,,,,,,,,,,,,,,,,,
2025-12-17 12:30:00.037000,5c,Toxicity,Original,,117.52421569824219,0.4045063853263855,47.54576110839844,1.392236351966858,0.9113390445709229,0.3755750060081482,11.153897285461426,2.921841859817505,3.368629217147827,0.24651238322257996,0.2645236551761627,0.2085227072238922,38.78622817993164,10.956727027893066,0.14327652752399445,12.863920211791992,16.286998748779297,37,25,30,0,
2025-12-17 12:30:02.037000,5c,Toxicity,Original,,118.49252319335938,0.437916100025177,51.89286804199219,1.496872067451477,1.03406822681427,0.21757802367210388,11.153897285461426,2.9469480514526367,4.008223056793213,0.269521027803421,0.23692743480205536,0.16682025790214539,13.619396209716797,0,0.12218663841485977,8.840096473693848,9.107330322265625,37,25,30,33.33333206176758,
2025-12-17 12:30:04.037000,5c,Toxicity,Original,,120.02618408203125,0.489077091217041,58.716983795166016,0.9388636350631714,0.8415087461471558,0.20561416447162628,11.153897285461426,3.0809078216552734,3.445206642150879,0.26206982135772705,0.23802214860916138,0.1160023957490921,6.770840644836426,0,0.13473254442214966,9.096231460571289,8.511427879333496,37,25,30,0,
2025-12-17 12:30:06.037000,5c,Toxicity,Original,,118.45561981201172,0.3547283113002777,42.019561767578125,0.939586341381073,0.6888311505317688,0.6381557583808899,11.153897285461426,2.722992181777954,3.457334280014038,0.2244560271501541,0.2820627987384796,0.1722041517496109,43.898799896240234,0,0.1709059327840805,12.452954292297363,9.210641860961914,37,25,30,66.66666412353516,
2025-12-17 12:30:08.037000,5c,Toxicity,Original,,115.31659698486328,0.4303058385848999,49.67327880859375,1.4476361274719238,1.1438090801239014,0.22522178292274475,11.153897285461426,3.082329750061035,3.6236722469329834,0.2761807441711426,0.2441467046737671,0.17154063284397125,21.521310806274414,0,0.12537020444869995,11.902503967285156,8.076451301574707,37,25,30,50,
2025-12-17 12:30:08.037000,FinePointe Series WBP [SN 139781]  Site 4 Bias Flow is out of range.,,,,,,,,,,,,,,,,,,,,,,,,,
2025-12-17 12:30:10.037000,5c,Toxicity,Original,,119.94548034667969,0.46110251545906067,55.340858459472656,1.4472942352294922,1.1742273569107056,0.2202487736940384,11.153897285461426,2.76481032371521,3.3518757820129395,0.2624354064464569,0.23852992057800293,0.19606995582580566,7.310555934906006,0,0.11491991579532623,8.897666931152344,15.385191917419434,37,25,30,0,
2025-12-17 12:30:12.037000,5c,Toxicity,Original,,120.55436706542969,0.42883479595184326,51.56208419799805,1.0740214586257935,0.8531942367553711,0.33191779255867004,11.153897285461426,2.7632412910461426,3.511730670928955,0.2643231749534607,0.23462049663066864,0.1790340691804886,16.08715057373047,1.637893557548523,0.13395938277244568,13.33512020111084,9.273929595947266,37,25,30,0,
2025-12-17 12:30:14.037000,5c,Toxicity,Original,,113.12854766845703,0.4308840036392212,48.81754684448242,1.0723448991775513,0.8435946702957153,0.2368990033864975,11.153897285461426,2.949751853942871,3.6172993183135986,0.2434443086385727,0.2936701774597168,0.19891142845153809,29.896699905395508,79.88599395751953,0.17647504806518555,8.761238098144531,11.174012184143066,37,25,30,0,
2025-12-17 12:30:16.037000,5c,Toxicity,Original,,120.90625762939453,0.43052658438682556,51.991737365722656,1.3174675703048706,0.9606515765190125,0.20386511087417603,11.153897285461426,2.665133237838745,3.5813183784484863,0.2677570581436157,0.22893095016479492,0.18389344215393066,10.357918739318848,0,0.11974227428436279,13.972617149353027,9.770212173461914,37,25,30,0,
2025-12-17 12:30:18.037000,5c,Toxicity,Original,,116.1508560180664,0.4556652903556824,52.89838790893555,1.3235118389129639,1.083081841468811,0.28961098194122314,11.153897285461426,2.9986419677734375,3.5476465225219727,0.2741352319717407,0.2442314177751541,0.216918483376503,11.698162078857422,0,0.12360022962093353,13.679984092712402,13.39156436920166,37,25,30,0,
2025-12-17 12:30:18.037000,FinePointe Series WBP [SN 139781]  Site 4 Bias Flow is out of range.,,,,,,,,,,,,,,,,,,,,,,,,,
2025-12-17 12:30:20.037000,5c,Toxicity,Original,,118.62651062011719,0.41609475016593933,49.57682418823242,1.7041124105453491,1.3062760829925537,0.2826114296913147,11.153897285461426,2.956731081008911,3.8256895542144775,0.27239346504211426,0.23514384031295776,0.2512148320674896,26.592283248901367,20.974205017089844,0.10674561560153961,17.669422149658203,16.869197845458984,37,25,30,0,
2025-12-17 12:30:22.037000,5c,Toxicity,Original,,119.09033203125,0.45034435391426086,53.671173095703125,1.6932153701782227,1.374610185623169,0.1635512262582779,11.153897285461426,3.15217924118042,3.846586227416992,0.27691930532455444,0.22707989811897278,0.2467035949230194,58.76266860961914,0,0.09901855885982513,15.998045921325684,18.686460494995117,37,25,30,0,
2025-12-17 12:30:24.037000,5c,Toxicity,Original,,123.28080749511719,0.44151169061660767,54.51186752319336,1.5734342336654663,1.0653579235076904,0.20813539624214172,11.153897285461426,2.8162055015563965,3.9546022415161133,0.27064049243927,0.21633493900299072,0.19918468594551086,9.505292892456055,0,0.11336906254291534,11.735159873962402,11.140840530395508,37,25,30,0,
2025-12-17 12:30:26.037000,5c,Toxicity,Original,,122.96922302246094,0.44904428720474243,55.20525360107422,1.3435784578323364,0.9892889261245728,0.2299489676952362,11.153897285461426,3.0921990871429443,3.8947129249572754,0.2617114782333374,0.22640961408615112,0.19723990559577942,17.74986457824707,0,0.11964854598045349,10.433116912841797,9.25062370300293,37,25,30,0,
2025-12-17 12:30:28.037000,5c,Toxicity,Original,,121.39703369140625,0.4497711658477783,54.4799919128418,1.2516345977783203,1.0094677209854126,0.2355557084083557,11.153897285461426,3.191890001296997,3.8337759971618652,0.251609206199646,0.24289314448833466,0.2016524225473404,9.477459907531738,0,0.12838473916053772,11.743168830871582,10.481276512145996,37,25,30,0,
2025-12-17 12:30:28.037000,FinePointe Series WBP [SN 139781]  Site 4 Bias Flow is out of range.,,,,,,,,,,,,,,,,,,,,,,,,,
2025-12-17 12:30:30.037000,5c,Toxicity,Original,,123.22692108154297,0.41999635100364685,51.69418716430664,1.4309800863265991,1.0182934999465942,0.23397746682167053,11.153897285461426,2.652207374572754,3.6561086177825928,0.25714045763015747,0.23053215444087982,0.21497473120689392,9.857344627380371,0,0.12081118673086166,14.623254776000977,12.624957084655762,37,25,30,0,
2025-12-17 12:30:32.037000,5c,Toxicity,Original,,122.4090576171875,0.43388116359710693,53.102577209472656,1.6148213148117065,1.107786774635315,0.21247324347496033,11.153897285461426,3.0254735946655273,4.340081691741943,0.2667325735092163,0.22368232905864716,0.20889736711978912,13.535017013549805,0,0.11356885731220245,13.856761932373047,11.902316093444824,37,25,30,0,
2025-12-17 12:30:34.037000,5c,Toxicity,Original,,119.64833068847656,0.46494388580322266,55.65132522583008,1.7971357107162476,1.337594747543335,0.18012531101703644,11.153897285461426,3.128525733947754,4.1116461753845215,0.28592681884765625,0.21562272310256958,0.21966910362243652,5.6334381103515625,0,0.09417729079723358,10.632123947143555,11.065420150756836,37,25,30,50,
2025-12-17 12:30:36.037000,5c,Toxicity,Original,,122.30718994140625,0.46437692642211914,56.85858917236328,1.3854382038116455,1.089706540107727,0.20233102142810822,11.153897285461426,3.3244357109069824,4.157210350036621,0.26227056980133057,0.22843843698501587,0.19292886555194855,10.987107276916504,0,0.11672306060791016,9.746345520019531,9.594135284423828,37,25,30,0,
2025-12-17 12:30:38.037000,5c,Toxicity,Original,,120.52572631835938,0.43509364128112793,52.5062370300293,1.4928791522979736,1.145137906074524,0.1693798303604126,11.153897285461426,3.2494547367095947,3.890475273132324,0.2768542170524597,0.2213669866323471,0.20030102133750916,6.62560510635376,0,0.10790178179740906,11.488502502441406,12.738104820251465,37,25,30,0,
2025-12-17 12:30:38.037000,FinePointe Series WBP [SN 139781]  Site 4 Bias Flow is out of range.,,,,,,,,,,,,,,,,,,,,,,,,,
2025-12-17 12:30:40.037000,5c,Toxicity,Original,,121.13579559326172,0.4259079098701477,51.610260009765625,1.4071059226989746,0.9771432876586914,0.2265150249004364,11.153897285461426,2.487083911895752,3.7123074531555176,0.26405832171440125,0.23126940429210663,0.16883322596549988,16.12374496459961,0,0.120448999106884,11.27618408203125,10.878674507141113,37,25,30,33.33333206176758,
2025-12-17 12:30:42.037000,5c,Toxicity,Original,,121.56877899169922,0.421749472618103,51.18614196777344,1.1778203248977661,0.9771484732627869,0.2560577690601349,11.153897285461426,3.1425604820251465,3.911717414855957,0.2540585398674011,0.23977045714855194,0.21985606849193573,29.309368133544922,0,0.13447806239128113,14.847347259521484,14.81783390045166,37,25,30,0,
2025-12-17 12:30:44.037000,5c,Toxicity,Original,,119.3564453125,0.40758106112480164,48.61600875854492,1.0190263986587524,0.8753750920295715,0.3578096628189087,11.153897285461426,2.7902164459228516,3.2015817165374756,0.2410094141960144,0.26234105229377747,0.23060669004917145,44.91530990600586,8.490216255187988,0.14771215617656708,18.327171325683594,15.86508560180664,37,25,30,0,
2025-12-17 12:30:46.037000,5c,Toxicity,Original,,121.55862426757812,0.4253883361816406,51.67057800292969,1.139816164970398,0.8921621441841125,0.3186374008655548,11.153897285461426,3.1245784759521484,3.741337776184082,0.24594953656196594,0.2481316477060318,0.2012849748134613,23.10104751586914,6.627690315246582,0.14157159626483917,17.273887634277344,15.029473304748535,37,25,30,0,
2025-12-17 12:30:46.037000,FinePointe Series WBP [SN 139781]  Site 4 Bias Flow is out of range.,,,,,,,,,,,,,,,,,,,,,,,,,
2025-12-17 12:30:50.037000,5c,Toxicity,Original,,121.62892150878906,0.42841818928718567,52.136962890625,1.6029841899871826,1.1306451559066772,0.2229677140712738,11.153897285461426,2.9140021800994873,4.056873321533203,0.25768032670021057,0.23581469058990479,0.17877057194709778,27.13268280029297,0,0.11572788655757904,14.8173189163208,13.497550964355469,37,25,30,33.33333206176758,
2025-12-17 12:30:52.037000,5c,Toxicity,Original,,122.64832305908203,0.4254252016544342,52.09273910522461,1.9640687704086304,1.3093292713165283,0.21399931609630585,11.153897285461426,2.868116855621338,4.497016906738281,0.2659994661808014,0.2236417531967163,0.2087468057870865,8.473612785339355,0,0.0997714102268219,11.784194946289062,10.925257682800293,37,25,30,0,
2025-12-17 12:30:54.037000,5c,Toxicity,Original,,122.64437103271484,0.4412200450897217,54.00819396972656,1.4162912368774414,1.1260896921157837,0.24276183545589447,11.153897285461426,3.229652166366577,3.9847254753112793,0.2563227415084839,0.23332490026950836,0.2258376181125641,18.455764770507812,0,0.11598089337348938,14.05861759185791,15.060269355773926,37,25,30,0,
2025-12-17 12:30:56.037000,5c,Toxicity,Original,,120.74609375,0.43321117758750916,52.35047912597656,1.4160045385360718,1.085442066192627,0.2842245101928711,11.153897285461426,2.888756275177002,3.7097675800323486,0.2737175226211548,0.2235821932554245,0.23638245463371277,15.208320617675781,2.4995789527893066,0.11246319860219955,14.767911911010742,12.028655052185059,37,25,30,0,
2025-12-17 12:30:58.037000,5c,Toxicity,Original,,123.15586853027344,0.4354182481765747,53.49920654296875,0.980424165725708,0.8193349242210388,0.3263216018676758,11.153897285461426,3.0003890991210938,3.4763147830963135,0.2630534768104553,0.22438360750675201,0.165737122297287,25.381166458129883,0,0.12851324677467346,12.758852005004883,7.661876678466797,37,25,30,0,
2025-12-17 12:30:58.037000,FinePointe Series WBP [SN 139781]  Site 4 Bias Flow is out of range.,,,,,,,,,,,,,,,,,,,,,,,,,
2025-12-17 12:31:00.037000,5c,Toxicity,Original,,120.85997009277344,0.40163418650627136,48.489845275878906,1.408762812614441,0.9894081950187683,0.22468683123588562,11.153897285461426,2.751553773880005,3.7147254943847656,0.2688622772693634,0.2282712310552597,0.21140769124031067,25.085588455200195,0,0.1216319352388382,14.164440155029297,10.184062004089355,37,25,30,0,
2025-12-17 12:31:02.037000,5c,Toxicity,Original,,121.53022003173828,0.45261967182159424,55.01335525512695,1.4802181720733643,1.092151403427124,0.274777352809906,11.153897285461426,3.2176523208618164,4.054487705230713,0.23445191979408264,0.25926172733306885,0.1814241111278534,9.926158905029297,0,0.1333433985710144,14.790593147277832,15.458536148071289,37,25,30,50,
2025-12-17 12:31:04.037000,5c,Toxicity,Original,,121.98600769042969,0.4303886294364929,52.36449432373047,1.3691391944885254,1.1658997535705566,0.1562359631061554,11.153897285461426,3.226706027984619,3.729856014251709,0.2862217128276825,0.20767076313495636,0.22090137004852295,12.171011924743652,1.059401273727417,0.10663129389286041,14.369873046875,12.150343894958496,37,25,30,0,
2025-12-17 12:31:06.037000,5c,Toxicity,Original,,123.62308502197266,0.3858382999897003,47.55790328979492,0.6451609134674072,0.6446473002433777,0.4169919788837433,11.153897285461426,3.0195202827453613,2.979954481124878,0.2185830920934677,0.26748818159103394,0.19080668687820435,44.8409538269043,1.7295172214508057,0.1684994101524353,16.106489181518555,10.207435607910156,37,25,30,0,
2025-12-17 12:31:08.037000,5c,Toxicity,Original,,103.18634033203125,0.41563519835472107,42.28234100341797,2.6001806259155273,2.183810234069824,0.1605449616909027,11.153897285461426,2.8262107372283936,3.7250325679779053,0.2506811022758484,0.41057753562927246,0.17909979820251465,20.687458038330078,179.2505340576172,0.12159192562103271,15.092695236206055,12.926929473876953,37,25,30,0,
2025-12-17 12:31:08.037000,FinePointe Series WBP [SN 139781]  Site 4 Bias Flow is out of range.,,,,,,,,,,,,,,,,,,,,,,,,,
2025-12-17 12:31:10.037000,5c,Toxicity,Original,,120.63166046142578,0.43396106362342834,52.359397888183594,1.5921528339385986,1.1623815298080444,0.2499239444732666,11.153897285461426,2.8591623306274414,3.9066457748413086,0.266894668340683,0.23082783818244934,0.22432544827461243,16.474334716796875,0,0.11339148133993149,15.586780548095703,17.13191032409668,37,25,30,0,
2025-12-17 12:31:12.037000,5c,Toxicity,Original,,121.7838363647461,0.43407297134399414,53.077796936035156,2.0297839641571045,1.2459787130355835,0.23182061314582825,11.153897285461426,2.8886375427246094,4.37006950378418,0.26170265674591064,0.23155376315116882,0.22623078525066376,17.342350006103516,0,0.10812235623598099,15.24958610534668,11.789029121398926,37,25,30,0,
2025-12-17 12:31:14.037000,5c,Toxicity,Original,,124.0963363647461,0.42461270093917847,52.58781433105469,1.4960585832595825,1.0927066802978516,0.18546196818351746,11.153897285461426,2.8632826805114746,3.9215750694274902,0.2654789686203003,0.21834790706634521,0.20793335139751434,8.828365325927734,0,0.1095748245716095,11.120966911315918,12.56623649597168,37,25,30,0,
2025-12-17 12:31:16.037000,5c,Toxicity,Original,,102.79340362548828,0.4689606726169586,48.087459564208984,4.303944110870361,3.2255101203918457,0.20710498094558716,11.153897285461426,3.63830828666687,4.096960067749023,0.2504757046699524,0.39312663674354553,0.216230109333992,11.167229652404785,156.13873291015625,0.11582709103822708,7.449398040771484,5.269896984100342,37,25,30,0,
2025-12-17 12:31:18.037000,5c,Toxicity,Original,,119.62931060791016,0.43129244446754456,51.73023986816406,1.1088117361068726,0.946624755859375,0.24428090453147888,11.153897285461426,2.975958824157715,3.357937812805176,0.26566508412361145,0.23642168939113617,0.1877807229757309,16.18314552307129,0,0.12629073858261108,14.311634063720703,9.917678833007812,37,25,30,0,
2025-12-17 12:31:18.037000,FinePointe Series WBP [SN 139781]  Site 4 Bias Flow is out of range.,,,,,,,,,,,,,,,,,,,,,,,,,
2025-12-17 12:31:20.037000,5c,Toxicity,Original,,125.29146575927734,0.41243699193000793,51.66191864013672,1.1993061304092407,0.8858128190040588,0.2467161864042282,11.153897285461426,2.998570680618286,3.823953151702881,0.24157975614070892,0.2376953363418579,0.19036264717578888,19.601821899414062,0,0.12979952991008759,13.90123176574707,10.081348419189453,37,25,30,0,
2025-12-17 12:31:22.037000,5c,Toxicity,Original,,123.97966003417969,0.45616477727890015,56.44731903076172,0.7380623817443848,0.6862425804138184,0.2581976652145386,11.153897285461426,3.405505657196045,3.799644708633423,0.2475394904613495,0.23677125573158264,0.11981502920389175,20.20505714416504,0,0.1466115415096283,9.400899887084961,3.74368953704834,37,25,30,0,
2025-12-17 12:31:24.037000,5c,Toxicity,Original,,123.91004180908203,0.42681869864463806,52.84409713745117,1.1577332019805908,0.9935216903686523,0.2233576625585556,11.153897285461426,3.323498010635376,3.683044672012329,0.2505035102367401,0.2342628836631775,0.21174535155296326,27.983858108520508,0,0.12632761895656586,20.648082733154297,11.51610279083252,37,25,30,33.33333206176758,
2025-12-17 12:31:26.037000,5c,Toxicity,Original,,122.40925598144531,0.44619935750961304,54.69068145751953,2.0179171562194824,1.3932721614837646,0.17836271226406097,11.153897285461426,3.3127167224884033,4.803585052490234,0.2714340388774872,0.21891508996486664,0.23782671988010406,8.003548622131348,1.649636149406433,0.09479187428951263,11.254790306091309,9.763101577758789,37,25,30,0,
2025-12-17 12:31:28.037000,5c,Toxicity,Original,,126.73192596435547,0.41788509488105774,52.867122650146484,1.6751792430877686,1.1869245767593384,0.2054055631160736,11.153897285461426,3.139087200164795,4.36474084854126,0.25986915826797485,0.2141757309436798,0.21589142084121704,8.642953872680664,0,0.10200366377830505,14.682418823242188,11.382773399353027,37,25,30,0,
2025-12-17 12:31:28.037000,FinePointe Series WBP [SN 139781]  Site 4 Bias Flow is out of range.,,,,,,,,,,,,,,,,,,,,,,,,,
2025-12-17 12:31:30.037000,5c,Toxicity,Original,,126.52101135253906,0.4508526623249054,56.93108367919922,1.473321795463562,1.0759776830673218,0.276381254196167,11.153897285461426,3.1092939376831055,3.9573545455932617,0.24112707376480103,0.23350399732589722,0.22051595151424408,15.346680641174316,6.905451774597168,0.12099999934434891,12.948088645935059,12.09228515625,37,25,30,0,
2025-12-17 12:31:32.037000,5c,Toxicity,Original,,120.43970489501953,0.43563446402549744,52.307491302490234,1.0421741008758545,0.9463828802108765,0.2745979428291321,11.153897285461426,3.1006619930267334,3.551619529724121,0.28021931648254395,0.21875198185443878,0.24700073897838593,39.647464752197266,1.6378092765808105,0.1173258051276207,14.72539234161377,8.04548168182373,37,25,30,0,
2025-12-17 12:31:34.037000,5c,Toxicity,Original,,118.69970703125,0.4388852119445801,52.131500244140625,0.8056384921073914,0.8203426003456116,0.30346107482910156,11.153897285461426,3.289140224456787,3.2478156089782715,0.27444422245025635,0.23134572803974152,0.20425625145435333,8.679088592529297,0,0.13071143627166748,12.94432544708252,5.023817539215088,37,25,30,40,
2025-12-17 12:31:36.037000,5c,Toxicity,Original,,126.30510711669922,0.4284982979297638,54.140052795410156,0.826822817325592,0.7540383338928223,0.5399686098098755,11.153897285461426,3.411771297454834,3.717435836791992,0.24456480145454407,0.2305706888437271,0.1863366961479187,36.49604034423828,0,0.13824377954006195,16.960247039794922,16.23349380493164,37,25,30,0,
2025-12-17 12:31:38.037000,5c,Toxicity,Original,,123.44080352783203,0.4220019280910492,52.08506774902344,0.9365839958190918,0.8383755683898926,0.28119444847106934,11.153897285461426,2.9613454341888428,3.2575817108154297,0.2516416013240814,0.23467528820037842,0.1393875926733017,16.614585876464844,0,0.13397379219532013,12.48778247833252,8.568561553955078,37,25,30,33.33333206176758,
2025-12-17 12:31:38.037000,FinePointe Series WBP [SN 139781]  Site 4 Bias Flow is out of range.,,,,,,,,,,,,,,,,,,,,,,,,,
2025-12-17 12:31:40.037000,5c,Toxicity,Original,,124.93273162841797,0.42825761437416077,53.53990173339844,1.561198115348816,1.1490857601165771,0.1709119826555252,11.153897285461426,2.8380537033081055,3.8993606567382812,0.2777635157108307,0.20279183983802795,0.23169508576393127,8.503302574157715,4.51760196685791,0.10311369597911835,13.288885116577148,12.169519424438477,37,25,30,0,
2025-12-17 12:31:42.037000,5c,Toxicity,Original,,121.37407684326172,0.3951070010662079,47.95658493041992,1.3390260934829712,1.0951228141784668,0.26001372933387756,11.153897285461426,3.0360429286956787,3.6514675617218018,0.2555069327354431,0.23883859813213348,0.2338159680366516,32.20466613769531,0,0.12275277078151703,21.57077407836914,14.934758186340332,37,25,30,40,
2025-12-17 12:31:44.037000,5c,Toxicity,Original,,121.0328369140625,0.40719014406204224,49.36515808105469,0.9093443751335144,0.8100814819335938,0.29106661677360535,11.153897285461426,3.1766679286956787,3.522683620452881,0.24319803714752197,0.25338616967201233,0.17133568227291107,29.19145965576172,0,0.15142281353473663,15.553062438964844,8.409037590026855,37,25,30,0,
2025-12-17 12:31:46.037000,5c,Toxicity,Original,,125.79841613769531,0.44550850987434387,56.008575439453125,1.3416460752487183,1.0759128332138062,0.2729358375072479,11.153897285461426,3.4176976680755615,4.107922077178955,0.2442989945411682,0.23416347801685333,0.2140202522277832,17.061405181884766,0,0.12141761928796768,15.266958236694336,13.571956634521484,37,25,30,0,
2025-12-17 12:31:48.037000,5c,Toxicity,Original,,122.94789123535156,0.37456226348876953,46.00022888183594,1.2714214324951172,0.9453325271606445,0.2837839424610138,11.153897285461426,2.7063910961151123,3.630901575088501,0.2527478337287903,0.2359333336353302,0.2412554770708084,12.847661018371582,0,0.13177308440208435,18.4964656829834,14.279239654541016,37,25,30,0,
2025-12-17 12:31:48.037000,FinePointe Series WBP [SN 139781]  Site 4 Bias Flow is out of range.,,,,,,,,,,,,,,,,,,,,,,,,,
2025-12-17 12:31:50.037000,5c,Toxicity,Original,,127.43356323242188,0.4556569755077362,58.03287124633789,1.2369072437286377,1.0307893753051758,0.22758673131465912,11.153897285461426,3.360287666320801,3.9600908756256104,0.25944069027900696,0.21205316483974457,0.25630009174346924,72.57844543457031,1.826809287071228,0.10702036321163177,18.416290283203125,10.94407844543457,37,25,30,0,
2025-12-17 12:31:52.037000,5c,Toxicity,Original,,125.67765045166016,0.45108762383461,56.72500991821289,0.7716387510299683,0.793801486492157,0.2282068282365799,11.153897285461426,3.4370007514953613,3.334125280380249,0.2598397731781006,0.21789561212062836,0.24961507320404053,58.208343505859375,11.39167308807373,0.13506728410720825,21.646514892578125,6.772903919219971,37,25,30,25,
2025-12-17 12:31:54.037000,5c,Toxicity,Original,,127.7679214477539,0.39533987641334534,50.511756896972656,0.8501477241516113,1.1643495559692383,0.22975760698318481,11.153897285461426,4.161197185516357,3.1090755462646484,0.2519807815551758,0.21762065589427948,0.24148871004581451,129.25982666015625,43.56916809082031,0.10197628289461136,11.41642951965332,13.236068725585938,37,25,30,0,
2025-12-17 12:31:56.037000,5c,Toxicity,Original,,127.47393798828125,0.39029553532600403,49.63358688354492,1.1464056968688965,0.8487691283226013,0.36121633648872375,11.153897285461426,2.915071725845337,3.8209760189056396,0.2531348764896393,0.2181505411863327,0.19684384763240814,22.925853729248047,0,0.12515482306480408,15.889885902404785,9.620682716369629,37,25,30,44.44444274902344,
2025-12-17 12:31:56.037000,FinePointe Series WBP [SN 10499C]  Site 4 Bias Flow is out of range.,,,,,,,,,,,,,,,,,,,,,,,,,
2025-12-17 12:31:58.037000,5c,Toxicity,Original,,123.88936614990234,0.44479990005493164,55.1550178527832,1.3478246927261353,1.0468449592590332,0.23838290572166443,11.153897285461426,3.6582083702087402,4.354181289672852,0.24743430316448212,0.23716194927692413,0.18192587792873383,14.814669609069824,0,0.12143850326538086,16.496126174926758,9.251187324523926,37,25,30,0,
2025-12-17 12:31:58.037000,FinePointe Series WBP [SN 139781]  Site 4 Bias Flow is out of range.,,,,,,,,,,,,,,,,,,,,,,,,,
2025-12-17 12:32:00.037000,5c,Toxicity,Original,,117.25389099121094,0.3757854402065277,43.98497009277344,1.1146907806396484,0.9602462649345398,0.4086800813674927,11.153897285461426,3.1633286476135254,4.0142130851745605,0.23153144121170044,0.2814449071884155,0.2647019326686859,33.48094940185547,55.348995208740234,0.1464775651693344,18.426658630371094,12.662079811096191,37,25,30,33.33333206176758,
2025-12-17 12:32:02.037000,5c,Toxicity,Original,,129.17921447753906,0.4039997160434723,51.933834075927734,1.2628673315048218,1.0663893222808838,0.2593115568161011,11.153897285461426,3.385429859161377,3.7001242637634277,0.2452077567577362,0.22215096652507782,0.22844433784484863,16.476346969604492,0,0.11442139744758606,17.034841537475586,13.011990547180176,37,25,30,0,
2025-12-17 12:32:04.037000,5c,Toxicity,Original,,126.96418762207031,0.4440791606903076,56.36348342895508,0.9174822568893433,0.7877210378646851,0.33597618341445923,11.153897285461426,3.43560791015625,3.8370962142944336,0.25154465436935425,0.22134076058864594,0.19878512620925903,44.55704116821289,4.968703746795654,0.12970060110092163,16.933940887451172,5.9232048988342285,37,25,30,0,
2025-12-17 12:32:06.037000,5c,Toxicity,Original,,127.48065185546875,0.40518003702163696,51.667579650878906,1.1061064004898071,0.954439640045166,0.2650618553161621,11.153897285461426,3.2210259437561035,3.660381317138672,0.2544478476047516,0.21647249162197113,0.22567015886306763,12.877548217773438,0,0.1151285320520401,17.504182815551758,9.039834976196289,37,25,30,0,
2025-12-17 12:32:06.037000,FinePointe Series WBP [SN 10499C]  Site 4 Bias Flow is out of range.,,,,,,,,,,,,,,,,,,,,,,,,,
2025-12-17 12:32:08.037000,5c,Toxicity,Original,,126.24966430664062,0.4072216749191284,51.405479431152344,1.2589430809020996,0.9913523197174072,0.32042157649993896,11.153897285461426,3.129560947418213,4.217152118682861,0.23891997337341309,0.236454039812088,0.23391088843345642,45.15770721435547,0,0.12507042288780212,18.408641815185547,13.178644180297852,37,25,30,0,
2025-12-17 12:32:08.037000,FinePointe Series WBP [SN 139781]  Site 4 Bias Flow is out of range.,,,,,,,,,,,,,,,,,,,,,,,,,
2025-12-17 12:32:10.037000,5c,Toxicity,Original,,126.39322662353516,0.4597032964229584,58.1033821105957,0.5965330004692078,0.7090787291526794,0.22143486142158508,11.153897285461426,4.210302352905273,3.7046256065368652,0.27600494027137756,0.19870403409004211,0.2683691084384918,16.712055206298828,0,0.12194257974624634,25.697669982910156,2.7760419845581055,37,25,30,66.66666412353516,
2025-12-17 12:32:12.037000,5c,Toxicity,Original,,128.75827026367188,0.4068167209625244,52.316585540771484,0.3646615743637085,0.5036618709564209,0.7843447923660278,11.153897285461426,4.4852614402771,3.7108218669891357,0.1806454062461853,0.285725474357605,0.2032279074192047,41.006134033203125,0,0.1957416832447052,25.094615936279297,6.3215460777282715,37,25,30,66.66666412353516,
2025-12-17 12:32:14.037000,5c,Toxicity,Original,,170.6459503173828,0.3996201157569885,67.47570037841797,0.43600547313690186,0.5723849534988403,0.5570548176765442,11.153897285461426,5.797051906585693,4.422478675842285,0.15322421491146088,0.20127439498901367,0.24644766747951508,13.26925277709961,0,0.13058006763458252,10.235613822937012,5.9452056884765625,37,25,30,57.14285659790039,
2025-12-17 12:32:16.037000,5c,Toxicity,Original,,124.8275375366211,0.46244972944259644,57.72645950317383,0.5812199115753174,0.6551356315612793,0.3901490271091461,11.153897285461426,3.425973415374756,2.7160937786102295,0.21922461688518524,0.2614385485649109,0.12640362977981567,22.487333297729492,0,0.16062526404857635,9.881580352783203,7.223188877105713,37,25,30,66.66666412353516,
2025-12-17 12:32:18.037000,5c,Toxicity,Original,,118.81857299804688,0.4858757257461548,57.751548767089844,1.5433303117752075,1.1877778768539429,0.24768881499767303,11.153897285461426,3.050666570663452,4.088700771331787,0.286106675863266,0.21992824971675873,0.25989335775375366,13.585922241210938,19.06868553161621,0.10522305220365524,13.928346633911133,13.467769622802734,37,25,30,0,
2025-12-17 12:32:18.037000,FinePointe Series WBP [SN 139781]  Site 4 Bias Flow is out of range.,,,,,,,,,,,,,,,,,,,,,,,,,
2025-12-17 12:32:20.037000,5c,Toxicity,Original,,123.9456558227539,0.39348626136779785,48.75379943847656,1.3088208436965942,0.8540521860122681,0.26683464646339417,11.153897285461426,2.801600694656372,4.061067581176758,0.2562929093837738,0.228143110871315,0.225735604763031,28.876949310302734,0,0.13329216837882996,20.241291046142578,9.590839385986328,37,25,30,0,
2025-12-17 12:32:22.037000,5c,Toxicity,Original,,126.79644012451172,0.44022029638290405,55.818363189697266,0.7232943177223206,0.7147378325462341,0.26757824420928955,11.153897285461426,4.370026588439941,4.574798583984375,0.2564403712749481,0.21675902605056763,0.27062299847602844,24.14543342590332,0,0.12951260805130005,20.143936157226562,5.538508892059326,37,25,30,66.66666412353516,
2025-12-17 12:32:24.037000,5c,Toxicity,Original,,110.67861938476562,0.4639701247215271,51.19007873535156,3.0569756031036377,2.4937567710876465,0.15969160199165344,11.153897285461426,3.363581895828247,4.396972179412842,0.286827027797699,0.30468180775642395,0.2935076653957367,57.47549819946289,119.0300064086914,0.09089110046625137,18.972673416137695,9.647295951843262,37,25,30,0,
2025-12-17 12:32:26.037000,5c,Toxicity,Original,,124.53462982177734,0.48586392402648926,60.51142501831055,1.1107206344604492,0.9946660995483398,0.24346154928207397,11.153897285461426,3.758718252182007,4.124264717102051,0.27009186148643494,0.21180644631385803,0.23909911513328552,32.98792266845703,0,0.11401300132274628,15.04423713684082,6.787734031677246,37,25,30,0,
2025-12-17 12:32:28.037000,5c,Toxicity,Original,,125.3357925415039,0.467323899269104,58.51670455932617,1.115891933441162,1.0452769994735718,0.3918460011482239,11.153897285461426,3.6219642162323,3.828512191772461,0.2628382742404938,0.21617083251476288,0.24532033503055573,17.747276306152344,0,0.11829406023025513,15.891417503356934,9.322343826293945,37,25,30,40,
2025-12-17 12:32:28.037000,FinePointe Series WBP [SN 139781]  Site 4 Bias Flow is out of range.,,,,,,,,,,,,,,,,,,,,,,,,,
2025-12-17 12:32:30.037000,5c,Toxicity,Original,,125.18936157226562,0.40587884187698364,50.82563781738281,1.0433377027511597,0.9608564376831055,0.2779756784439087,11.153897285461426,3.5070409774780273,3.978351354598999,0.27637171745300293,0.20317596197128296,0.2855636477470398,52.656166076660156,1.63392174243927,0.11134873330593109,22.52395248413086,8.476320266723633,37,25,30,0,
2025-12-17 12:32:32.037000,5c,Toxicity,Original,,126.36398315429688,0.42776212096214294,54.06005859375,1.1836382150650024,1.0020383596420288,0.20509295165538788,11.153897285461426,3.314314365386963,3.9734296798706055,0.26754239201545715,0.20745889842510223,0.2219236046075821,8.91806697845459,0,0.10735658556222916,18.65596580505371,6.287415027618408,37,25,30,0,
2025-12-17 12:32:34.037000,5c,Toxicity,Original,,129.83734130859375,0.43231695890426636,56.139930725097656,0.9026432037353516,0.77968430519104,0.35038551688194275,11.153897285461426,3.561192035675049,3.8235726356506348,0.24887269735336304,0.21344074606895447,0.24762581288814545,30.40492057800293,0,0.1278877556324005,19.217453002929688,8.621520042419434,37,25,30,0,
2025-12-17 12:32:36.037000,5c,Toxicity,Original,,127.99108123779297,0.45393478870391846,58.07928466796875,0.8406800031661987,0.8783302307128906,0.24442936480045319,11.153897285461426,3.535834789276123,3.5146195888519287,0.2585768699645996,0.2102469950914383,0.20013731718063354,27.219213485717773,0,0.12031014263629913,15.884859085083008,9.337934494018555,37,25,30,0,
2025-12-17 12:32:38.037000,5c,Toxicity,Original,,127.11136627197266,0.4718424081802368,60.10818099975586,0.7625672817230225,0.9675567150115967,0.3060746192932129,11.153897285461426,3.7845041751861572,3.1724448204040527,0.27286773920059204,0.1992555558681488,0.2289331555366516,46.571048736572266,0,0.1063929945230484,26.39429473876953,6.983173847198486,37,25,30,50,
2025-12-17 12:32:38.037000,FinePointe Series WBP [SN 139781]  Site 4 Bias Flow is out of range.,,,,,,,,,,,,,,,,,,,,,,,,,
2025-12-17 12:32:40.037000,5c,Toxicity,Original,,128.60140991210938,0.4015410542488098,51.7178840637207,1.0432790517807007,0.8688330054283142,0.2639607787132263,11.153897285461426,3.314692497253418,3.798079252243042,0.2500075697898865,0.21660156548023224,0.253721684217453,20.56886100769043,0,0.12351985275745392,16.84130096435547,8.120840072631836,37,25,30,0,
2025-12-17 12:32:42.037000,5c,Toxicity,Original,,126.9070053100586,0.4327089786529541,54.94662857055664,0.9678763747215271,0.7772985100746155,0.2963535487651825,11.153897285461426,3.457646131515503,4.306830406188965,0.25185850262641907,0.22117860615253448,0.2205219566822052,22.914506912231445,0,0.132998988032341,13.444793701171875,3.0696792602539062,37,25,30,40,
2025-12-17 12:32:44.037000,5c,Toxicity,Original,,127.36688232421875,0.4667894244194031,59.465450286865234,0.9763116836547852,0.9625691175460815,0.19956713914871216,11.153897285461426,3.5867559909820557,3.782599449157715,0.2759461998939514,0.19514627754688263,0.22492289543151855,61.14850997924805,0,0.1018524020910263,11.417814254760742,7.928014755249023,37,25,30,50,
2025-12-17 12:32:46.037000,5c,Toxicity,Original,,127.60968017578125,0.42349153757095337,54.00455856323242,1.144938588142395,0.9037204384803772,0.27200236916542053,11.153897285461426,2.843446731567383,3.6603448390960693,0.2566843628883362,0.21361199021339417,0.21580025553703308,36.36582565307617,0,0.11753284931182861,17.35543441772461,7.432043552398682,37,25,30,0,
2025-12-17 12:32:48.037000,5c,Toxicity,Original,,127.26786804199219,0.42708176374435425,54.341922760009766,0.988175094127655,0.8574401140213013,0.30098778009414673,11.153897285461426,3.577791213989258,4.219908714294434,0.24055689573287964,0.2310362160205841,0.23635053634643555,42.74108123779297,0,0.13009744882583618,15.639382362365723,7.500433921813965,37,25,30,0,
2025-12-17 12:32:48.037000,FinePointe Series WBP [SN 139781]  Site 4 Bias Flow is out of range.,,,,,,,,,,,,,,,,,,,,,,,,,
2025-12-17 12:32:50.037000,5c,Toxicity,Original,,127.75761413574219,0.4186975955963135,53.52828598022461,1.4612442255020142,1.0531445741653442,0.21970665454864502,11.153897285461426,2.9771180152893066,4.086672782897949,0.2666015625,0.20312295854091644,0.2352585345506668,10.956207275390625,0,0.10474105924367905,16.84406852722168,10.853395462036133,37,25,30,0,
2025-12-17 12:32:52.037000,5c,Toxicity,Original,,128.08706665039062,0.4365558624267578,55.847015380859375,1.3818814754486084,1.0153305530548096,0.22769442200660706,11.153897285461426,3.159538507461548,4.061923503875732,0.26807355880737305,0.20063486695289612,0.22212155163288116,15.561440467834473,0,0.10381413996219635,14.249926567077637,7.635154724121094,37,25,30,0,
2025-12-17 12:32:54.037000,5c,Toxicity,Original,,128.61521911621094,0.42708274722099304,54.92934036254883,1.017966628074646,0.9694849252700806,0.1845843642950058,11.153897285461426,3.5450289249420166,3.850477933883667,0.2714749872684479,0.1950327605009079,0.17388159036636353,11.152599334716797,0,0.10530465841293335,15.173002243041992,7.423773288726807,37,25,30,0,
2025-12-17 12:32:56.037000,5c,Toxicity,Original,,127.05171966552734,0.3828102946281433,48.623172760009766,1.7087671756744385,1.094992756843567,0.2157958596944809,11.153897285461426,2.6431145668029785,4.048219203948975,0.2738495469093323,0.19853508472442627,0.2359185367822647,60.71388626098633,0,0.09796169400215149,21.242124557495117,10.078980445861816,37,25,30,50,
2025-12-17 12:32:58.037000,5c,Toxicity,Original,,126.36642456054688,0.3678089380264282,46.44081115722656,0.8164256811141968,0.7516392469406128,0.3777462840080261,11.153897285461426,3.401125907897949,3.4846930503845215,0.24578820168972015,0.2291610836982727,0.236313596367836,33.31842803955078,0,0.1410219371318817,21.390554428100586,5.336906433105469,37,25,30,0,
2025-12-17 12:32:58.037000,FinePointe Series WBP [SN 139781]  Site 4 Bias Flow is out of range.,,,,,,,,,,,,,,,,,,,,,,,,,
2025-12-17 12:33:00.037000,5c,Toxicity,Original,,158.28834533691406,0.4351598024368286,69.01927185058594,0.44146838784217834,0.7395566701889038,0.3945988118648529,11.153897285461426,5.341953277587891,3.269728899002075,0.19842804968357086,0.1847345381975174,0.24029086530208588,29.464685440063477,0,0.11199097335338593,21.165658950805664,6.562459945678711,37,25,30,0,
2025-12-17 12:33:02.037000,5c,Toxicity,Original,,156.12828063964844,0.4467044472694397,69.74320220947266,0.23477450013160706,0.49362245202064514,0.2765302360057831,11.153897285461426,5.945478439331055,2.7915971279144287,0.16732488572597504,0.21697446703910828,0.14275729656219482,31.220474243164062,0,0.14919455349445343,17.51849937438965,2.5565481185913086,37,25,30,0,
2025-12-17 12:33:04.037000,5c,Toxicity,Original,,135.890380859375,0.39360880851745605,53.627960205078125,0.7367584705352783,0.8153767585754395,0.31709545850753784,11.153897285461426,3.9127585887908936,3.552989959716797,0.24274832010269165,0.20092979073524475,0.2599819600582123,47.94312286376953,0,0.1187659427523613,25.394145965576172,5.999392986297607,37,25,30,55.55555725097656,
2025-12-17 12:33:06.037000,5c,Toxicity,Original,,120.50616455078125,0.4018911123275757,48.42793655395508,1.0633692741394043,0.7666696310043335,0.39568865299224854,11.153897285461426,2.9306044578552246,3.530768632888794,0.2568513751029968,0.24241435527801514,0.2657031714916229,24.604642868041992,4.651921272277832,0.15106232464313507,23.34653663635254,11.193441390991211,37,25,30,0,
2025-12-17 12:33:08.037000,5c,Toxicity,Original,,125.8802490234375,0.43650051951408386,54.98456954956055,0.8296753168106079,0.8444597721099854,0.2734140455722809,11.153897285461426,3.4947190284729004,3.592780828475952,0.26587456464767456,0.21112975478172302,0.18843352794647217,15.239880561828613,0,0.1209159567952156,13.414891242980957,3.8748044967651367,37,25,30,0,
2025-12-17 12:33:08.037000,FinePointe Series WBP [SN 139781]  Site 4 Bias Flow is out of range.,,,,,,,,,,,,,,,,,,,,,,,,,
2025-12-17 12:33:10.037000,5c,Toxicity,Original,,126.25051879882812,0.36257070302963257,45.764312744140625,0.8089412450790405,0.7078328132629395,0.27057403326034546,11.153897285461426,3.1905477046966553,3.8386497497558594,0.26413196325302124,0.21113303303718567,0.19625505805015564,56.260032653808594,0,0.13377347588539124,20.793827056884766,3.3540940284729004,37,25,30,0,
2025-12-17 12:33:12.037000,5c,Toxicity,Original,,125.9529800415039,0.4140501916408539,52.052955627441406,0.715627908706665,0.7609082460403442,0.31310465931892395,11.153897285461426,3.688171148300171,3.589789390563965,0.2593744695186615,0.21751990914344788,0.20552128553390503,54.2750358581543,0,0.1329699456691742,23.018585205078125,6.508322715759277,37,25,30,33.33333206176758,
2025-12-17 12:33:14.037000,5c,Toxicity,Original,,125.81524658203125,0.4067949652671814,50.96223449707031,1.1227930784225464,0.9433031678199768,0.25212419033050537,11.153897285461426,3.401130199432373,3.6960833072662354,0.2867925465106964,0.19079932570457458,0.24056106805801392,12.325047492980957,0,0.10331708192825317,20.369726181030273,6.5468974113464355,37,25,30,0,
2025-12-17 12:33:16.037000,5c,Toxicity,Original,,129.04920959472656,0.4109230041503906,52.87858581542969,0.4266034960746765,0.5675211548805237,0.4621657431125641,11.153897285461426,4.419813632965088,3.562110424041748,0.23388665914535522,0.23174916207790375,0.2668822407722473,74.53929901123047,0,0.15623538196086884,28.667823791503906,6.129386901855469,37,25,30,0,
2025-12-17 12:33:18.037000,5c,Toxicity,Original,,159.05987548828125,0.40696442127227783,64.85121154785156,0.6707373261451721,0.7855337858200073,0.3778824210166931,11.153897285461426,5.136032581329346,4.192277908325195,0.19686563313007355,0.18230363726615906,0.29359161853790283,54.0903205871582,0,0.11067376285791397,24.102745056152344,6.979722023010254,37,25,30,0,
2025-12-17 12:33:18.037000,FinePointe Series WBP [SN 139781]  Site 4 Bias Flow is out of range.,,,,,,,,,,,,,,,,,,,,,,,,,
2025-12-17 12:33:20.037000,5c,Toxicity,Original,,136.55514526367188,0.4078811705112457,55.52995300292969,0.6566206812858582,0.8207042217254639,0.28299784660339355,11.153897285461426,4.205936431884766,3.4252777099609375,0.24927246570587158,0.1910041719675064,0.20551127195358276,34.16127395629883,0,0.10832726955413818,19.34392738342285,4.381615161895752,37,25,30,0,
2025-12-17 12:33:22.037000,5c,Toxicity,Original,,129.58624267578125,0.44405031204223633,57.50320053100586,1.2598124742507935,1.1732592582702637,0.30967602133750916,11.153897285461426,3.443074941635132,4.015355110168457,0.2574640214443207,0.2056521773338318,0.24727359414100647,15.840652465820312,0,0.09815036505460739,21.179851531982422,11.314419746398926,37,25,30,50,
2025-12-17 12:33:24.037000,5c,Toxicity,Original,,127.97309875488281,0.38935717940330505,49.81654357910156,0.8346222043037415,0.771302342414856,0.32870203256607056,11.153897285461426,3.2760868072509766,3.7804017066955566,0.2518192231655121,0.21731781959533691,0.21286745369434357,26.003612518310547,0,0.1294906735420227,16.712955474853516,5.033258438110352,37,25,30,0,
2025-12-17 12:33:26.037000,5c,Toxicity,Original,,133.746826171875,0.4325006604194641,57.64580535888672,0.7566448450088501,0.7450355887413025,0.3489960730075836,11.153897285461426,3.9799349308013916,4.069265842437744,0.24969615042209625,0.19966909289360046,0.2776685059070587,24.0992488861084,0,0.12030044198036194,21.178483963012695,5.119143962860107,37,25,30,0,
2025-12-17 12:33:28.037000,5c,Toxicity,Original,,170.1150665283203,0.41531699895858765,70.67949676513672,0.5162255167961121,0.6868338584899902,0.46147117018699646,11.153897285461426,5.355631351470947,4.241750717163086,0.1846652328968048,0.16960448026657104,0.34602466225624084,36.719268798828125,0,0.10565916448831558,24.584068298339844,5.293172836303711,37,25,30,0,
2025-12-17 12:33:28.037000,FinePointe Series WBP [SN 139781]  Site 4 Bias Flow is out of range.,,,,,,,,,,,,,,,,,,,,,,,,,
2025-12-17 12:33:30.037000,5c,Toxicity,Original,,140.8895721435547,0.42338699102401733,59.07956314086914,0.9218400120735168,0.98959881067276,0.3034612536430359,11.153897285461426,4.092104911804199,3.728102445602417,0.23543789982795715,0.19479572772979736,0.24036219716072083,20.273300170898438,0,0.10664404183626175,15.846235275268555,6.170684814453125,37,25,30,0,
2025-12-17 12:33:32.037000,5c,Toxicity,Original,,130.7960662841797,0.4584493935108185,59.96598815917969,0.8301231861114502,0.8517953157424927,0.27410000562667847,11.153897285461426,3.7083070278167725,3.7026147842407227,0.2589063346385956,0.20005281269550323,0.22595545649528503,21.757488250732422,0,0.12187608331441879,17.063457489013672,6.809769153594971,37,25,30,0,
2025-12-17 12:33:34.037000,5c,Toxicity,Original,,129.96820068359375,0.40340596437454224,52.37108612060547,1.1467080116271973,0.9698514342308044,0.2849675416946411,11.153897285461426,3.258496046066284,3.9323039054870605,0.2532636821269989,0.20846208930015564,0.2539726495742798,18.207612991333008,0,0.11534301191568375,11.282676696777344,8.979012489318848,37,25,30,0,
2025-12-17 12:33:36.037000,5c,Toxicity,Original,,130.22305297851562,0.3683471977710724,47.937740325927734,0.7539555430412292,0.7168445587158203,0.3498552143573761,11.153897285461426,3.41019868850708,3.6668460369110107,0.23064745962619781,0.2304203361272812,0.24193988740444183,51.99539566040039,0,0.14189837872982025,21.769603729248047,6.488801002502441,37,25,30,40,
2025-12-17 12:33:38.037000,5c,Toxicity,Original,,131.7080535888672,0.4169406592845917,54.876895904541016,1.08355712890625,0.9736834168434143,0.2579912841320038,11.153897285461426,3.441066026687622,4.012545585632324,0.25742200016975403,0.19849884510040283,0.22756929695606232,20.209684371948242,0,0.10668008774518967,18.631017684936523,7.497135162353516,37,25,30,0,
2025-12-17 12:33:38.037000,FinePointe Series WBP [SN 139781]  Site 4 Bias Flow is out of range.,,,,,,,,,,,,,,,,,,,,,,,,,
2025-12-17 12:33:40.037000,5c,Toxicity,Original,,131.27369689941406,0.44121015071868896,57.94491195678711,1.0642956495285034,1.0070871114730835,0.26061156392097473,11.153897285461426,3.873082160949707,4.22368860244751,0.2601351737976074,0.197200745344162,0.2196849286556244,16.411592483520508,0,0.10291965305805206,16.766420364379883,6.178369522094727,37,25,30,0,
2025-12-17 12:33:42.037000,5c,Toxicity,Original,,129.96275329589844,0.4585849642753601,59.616878509521484,1.331775426864624,1.1090537309646606,0.2225354164838791,11.153897285461426,3.5283327102661133,4.35169792175293,0.2729957103729248,0.18877992033958435,0.2549833655357361,53.98170471191406,0,0.09298860281705856,18.068111419677734,9.944049835205078,37,25,30,0,
2025-12-17 12:33:44.037000,5c,Toxicity,Original,,128.88377380371094,0.4280262887477875,55.162193298339844,0.9259508848190308,0.9587292671203613,0.2932005226612091,11.153897285461426,3.7781851291656494,3.910459518432617,0.2543061375617981,0.2112816423177719,0.26252853870391846,46.40290069580078,0,0.11571415513753891,19.739105224609375,7.7897629737854,37,25,30,50,
2025-12-17 12:33:46.037000,5c,Toxicity,Original,,130.59548950195312,0.40930137038230896,53.4310302734375,0.9002753496170044,0.9075973033905029,0.2604326605796814,11.153897285461426,3.5970985889434814,3.7176549434661865,0.26993080973625183,0.18984352052211761,0.22232571244239807,77.90509796142578,0,0.10484804213047028,22.33779525756836,5.8541388511657715,37,25,30,0,
2025-12-17 12:33:48.037000,5c,Toxicity,Original,,124.79920959472656,0.4068828225135803,50.86845397949219,0.40100255608558655,0.48674291372299194,0.4865964353084564,11.153897285461426,3.7994070053100586,3.3156557083129883,0.19483187794685364,0.28607994318008423,0.19132253527641296,84.63789367675781,0,0.1966770738363266,25.507667541503906,4.02377986907959,37,25,30,50,
2025-12-17 12:33:48.037000,FinePointe Series WBP [SN 139781]  Site 4 Bias Flow is out of range.,,,,,,,,,,,,,,,,,,,,,,,,,
2025-12-17 12:33:50.037000,5c,Toxicity,Original,,127.38597106933594,0.4138893783092499,52.706642150878906,0.6023170948028564,0.7388802170753479,0.32717281579971313,11.153897285461426,4.136326789855957,3.4646613597869873,0.2540163993835449,0.21729901432991028,0.21254675090312958,73.83429718017578,0,0.13212382793426514,21.759124755859375,5.038809299468994,37,25,30,33.33333206176758,
2025-12-17 12:33:52.037000,5c,Toxicity,Original,,131.6866912841797,0.4077683389186859,53.66004180908203,1.1269060373306274,0.9525867700576782,0.28663256764411926,11.153897285461426,3.3768060207366943,4.070892333984375,0.25321629643440247,0.20272554457187653,0.24273288249969482,24.05397605895996,0,0.10987801104784012,17.512216567993164,7.261066913604736,37,25,30,0,
2025-12-17 12:33:54.037000,5c,Toxicity,Original,,127.80188751220703,0.4336792528629303,55.32037353515625,0.5943108201026917,0.6946307420730591,0.3566909432411194,11.153897285461426,3.9865562915802,3.588106155395508,0.2421281337738037,0.22859089076519012,0.23133090138435364,44.556060791015625,0,0.14126373827457428,19.844745635986328,5.336277484893799,37,25,30,0,
2025-12-17 12:33:56.037000,5c,Toxicity,Original,,130.9949951171875,0.42346832156181335,55.45389938354492,1.3704028129577637,1.0043882131576538,0.30935734510421753,11.153897285461426,2.8531575202941895,4.204509735107422,0.2537037134170532,0.20433978736400604,0.24269716441631317,19.5972900390625,0,0.11298777163028717,20.9164981842041,10.484160423278809,37,25,30,40,
2025-12-17 12:33:58.037000,5c,Toxicity,Original,,128.8284454345703,0.413504034280777,53.230350494384766,0.9482013583183289,0.9147294163703918,0.2998441457748413,11.153897285461426,3.733379602432251,4.0589447021484375,0.26305344700813293,0.20330940186977386,0.26886630058288574,20.294519424438477,0,0.1110917180776596,18.069900512695312,8.237968444824219,37,25,30,0,
2025-12-17 12:33:58.037000,FinePointe Series WBP [SN 139781]  Site 4 Bias Flow is out of range.,,,,,,,,,,,,,,,,,,,,,,,,,
2025-12-17 12:34:00.037000,5c,Toxicity,Original,,163.1810302734375,0.41101741790771484,67.13993835449219,0.5337110757827759,0.7162136435508728,0.4142271876335144,11.153897285461426,4.672148704528809,3.683462142944336,0.17610064148902893,0.19182473421096802,0.27669742703437805,31.81064796447754,0,0.11812058091163635,18.974760055541992,6.427281379699707,37,25,30,33.33333206176758,
2025-12-17 12:34:04.037000,5c,Toxicity,Original,,194.8240509033203,0.32149821519851685,61.512596130371094,1.8427094221115112,1.2432715892791748,0.2449520230293274,11.153897285461426,2.922731399536133,3.9962852001190186,0.17325301468372345,0.14092570543289185,0.25580981373786926,4.462569713592529,0,0.06501807272434235,5.519352912902832,12.631244659423828,37,25,30,36.3636360168457,
2025-12-17 12:34:06.037000,5c,Toxicity,Original,,166.73118591308594,0.35343846678733826,58.95526123046875,1.063475251197815,0.8906660676002502,0.24979270994663239,11.153897285461426,3.1453542709350586,3.8212008476257324,0.2001471221446991,0.15984658896923065,0.23400184512138367,11.517721176147461,0,0.08790984749794006,8.174986839294434,5.153903484344482,37,25,30,0,
2025-12-17 12:34:08.037000,5c,Toxicity,Original,,158.88156127929688,0.31200769543647766,49.678001403808594,1.236567735671997,0.9236939549446106,0.28614816069602966,11.153897285461426,3.209888458251953,4.4660234451293945,0.21406549215316772,0.16379998624324799,0.25742125511169434,14.136412620544434,0,0.08888620883226395,13.763772964477539,5.194240093231201,37,25,30,0,
2025-12-17 12:34:08.037000,FinePointe Series WBP [SN 139781]  Site 4 Bias Flow is out of range.,,,,,,,,,,,,,,,,,,,,,,,,,
2025-12-17 12:34:10.037000,5c,Toxicity,Original,,156.63937377929688,0.37244752049446106,58.375362396240234,1.0213702917099,0.9391574263572693,0.34517452120780945,11.153897285461426,3.583083152770996,3.873880386352539,0.2237975299358368,0.15968263149261475,0.26696035265922546,7.475058555603027,0,0.08544721454381943,12.42715072631836,5.836935043334961,37,25,30,0,
2025-12-17 12:34:12.037000,5c,Toxicity,Original,,152.2293243408203,0.3533293604850769,53.770626068115234,1.4709774255752563,1.0673866271972656,0.26307743787765503,11.153897285461426,3.030813694000244,4.101088523864746,0.22988851368427277,0.16434147953987122,0.24350041151046753,15.901769638061523,0,0.08354887366294861,14.403035163879395,7.984997749328613,37,25,30,20,
2025-12-17 12:34:14.037000,5c,Toxicity,Original,,148.8484344482422,0.33271223306655884,49.46148681640625,0.9227226376533508,0.858048677444458,0.31099769473075867,11.153897285461426,3.192702531814575,3.5486721992492676,0.21876248717308044,0.1844821572303772,0.1858479529619217,31.472421646118164,0,0.10677696764469147,15.072919845581055,7.269608497619629,37,25,30,0,
2025-12-17 12:34:16.037000,5c,Toxicity,Original,,147.62399291992188,0.3410225212574005,50.328773498535156,1.4598040580749512,1.0032069683074951,0.232743501663208,11.153897285461426,2.877147912979126,4.391763687133789,0.2380579560995102,0.16866448521614075,0.23258382081985474,15.61819839477539,0,0.09290951490402222,15.129240989685059,8.569531440734863,37,25,30,33.33333206176758,
2025-12-17 12:34:18.037000,5c,Toxicity,Original,,146.94894409179688,0.37652847170829773,55.25777816772461,0.990898847579956,0.859795331954956,0.24446183443069458,11.153897285461426,3.534169912338257,3.7094335556030273,0.23435401916503906,0.17494139075279236,0.23394204676151276,19.02585220336914,0,0.10211509466171265,16.01256561279297,5.526768684387207,37,25,30,0,
2025-12-17 12:34:18.037000,FinePointe Series WBP [SN 139781]  Site 4 Bias Flow is out of range.,,,,,,,,,,,,,,,,,,,,,,,,,
2025-12-17 12:34:20.037000,5c,Toxicity,Original,,175.26278686523438,0.38583266735076904,67.93280792236328,0.9776465892791748,0.9512370824813843,0.34690189361572266,11.153897285461426,4.281156063079834,4.175124645233154,0.1903473436832428,0.15562939643859863,0.31055504083633423,14.560342788696289,0,0.08457051217556,15.616848945617676,8.424087524414062,37,25,30,0,
2025-12-17 12:34:22.037000,5c,Toxicity,Original,,167.5873260498047,0.35547685623168945,59.413639068603516,0.8035131692886353,0.781971275806427,0.41848886013031006,11.153897285461426,4.103471755981445,4.062643051147461,0.1875210702419281,0.17159555852413177,0.30661672353744507,18.545936584472656,0,0.10216344147920609,17.829204559326172,5.099043369293213,37,25,30,16.66666603088379,
2025-12-17 12:34:24.037000,5c,Toxicity,Original,,148.3555145263672,0.3993617594242096,59.21977615356445,1.328453540802002,1.1709020137786865,0.2602875530719757,11.153897285461426,3.543276786804199,3.810206651687622,0.24295464158058167,0.1615569144487381,0.2665863633155823,7.544779300689697,0,0.07644037157297134,11.701096534729004,9.121850967407227,37,25,30,0,
2025-12-17 12:34:26.037000,5c,Toxicity,Original,,143.86058044433594,0.3625132739543915,52.18674087524414,1.0722932815551758,0.954558253288269,0.4138358533382416,11.153897285461426,3.3576278686523438,4.048987865447998,0.23215417563915253,0.18494530022144318,0.2903172969818115,6.098141670227051,0,0.1007881835103035,17.874160766601562,10.38902473449707,37,25,30,40,
2025-12-17 12:34:28.037000,5c,Toxicity,Original,,143.59283447265625,0.34567201137542725,49.651153564453125,0.9882526993751526,0.803104817867279,0.29158326983451843,11.153897285461426,3.0324697494506836,3.707669734954834,0.2312646210193634,0.18671225011348724,0.2375793308019638,22.465984344482422,0,0.1086069867014885,16.5681095123291,5.413629531860352,37,25,30,0,
2025-12-17 12:34:28.037000,FinePointe Series WBP [SN 139781]  Site 4 Bias Flow is out of range.,,,,,,,,,,,,,,,,,,,,,,,,,
2025-12-17 12:34:30.037000,5c,Toxicity,Original,,121.55860137939453,0.3698332607746124,45.01778793334961,2.2874362468719482,2.176708459854126,0.2383188009262085,11.153897285461426,3.541463851928711,4.064339637756348,0.23252607882022858,0.3195834755897522,0.24895741045475006,72.11454772949219,140.18873596191406,0.10989179462194443,21.97222137451172,2.462906837463379,37,25,30,0,
2025-12-17 12:34:32.037000,5c,Toxicity,Original,,146.6192169189453,0.386253297328949,56.61435317993164,1.2182637453079224,1.0039478540420532,0.27796727418899536,11.153897285461426,3.5121407508850098,4.234386444091797,0.23159222304821014,0.17811459302902222,0.2655402421951294,17.081735610961914,0,0.0956210047006607,18.32560157775879,9.678498268127441,37,25,30,0,
2025-12-17 12:34:34.037000,5c,Toxicity,Original,,142.7512664794922,0.41587376594543457,59.273250579833984,0.9623069763183594,0.9694527983665466,0.30744725465774536,11.153897285461426,3.506343364715576,3.608812093734741,0.24662065505981445,0.1741066426038742,0.2500746548175812,22.868070602416992,0,0.09416550397872925,14.510269165039062,7.972972869873047,37,25,30,0,
2025-12-17 12:34:36.037000,5c,Toxicity,Original,,164.98696899414062,0.3764088451862335,62.03509521484375,0.7596356868743896,0.859791100025177,0.35285431146621704,11.153897285461426,4.447810649871826,3.970879554748535,0.18604613840579987,0.17917421460151672,0.32213276624679565,19.130701065063477,0,0.103453129529953,16.649890899658203,7.133213043212891,37,25,30,0,
2025-12-17 12:34:38.037000,5c,Toxicity,Original,,154.74993896484375,0.3763452470302582,58.26658248901367,0.6383965015411377,0.7561230659484863,0.4024699628353119,11.153897285461426,4.122703552246094,3.58473539352417,0.23260831832885742,0.15526744723320007,0.22727753221988678,24.76633644104004,0,0.09969554841518402,17.12720489501953,3.3986096382141113,37,25,30,0,
2025-12-17 12:34:38.037000,FinePointe Series WBP [SN 139781]  Site 4 Bias Flow is out of range.,,,,,,,,,,,,,,,,,,,,,,,,,
2025-12-17 12:34:40.037000,5c,Toxicity,Original,,147.41983032226562,0.36824116110801697,54.221046447753906,0.7863666415214539,0.7510241270065308,0.2932802140712738,11.153897285461426,3.4192392826080322,3.656675100326538,0.2349863201379776,0.17248477041721344,0.2190648317337036,18.438560485839844,0,0.10472287237644196,16.517370223999023,4.897004127502441,37,25,30,37.5,
2025-12-17 12:34:42.037000,5c,Toxicity,Original,,125.54151916503906,0.3679325580596924,46.31672286987305,2.529766798019409,2.1692864894866943,0.22704316675662994,11.153897285461426,2.9822018146514893,3.761038303375244,0.24910402297973633,0.2762061357498169,0.2223941534757614,27.805805206298828,106.19496154785156,0.09356001019477844,17.57843589782715,5.1535773277282715,37,25,30,0,
2025-12-17 12:34:44.037000,5c,Toxicity,Original,,141.31211853027344,0.41356831789016724,58.46195602416992,0.6026111245155334,0.7021421194076538,0.4116531014442444,11.153897285461426,3.6824111938476562,3.2732644081115723,0.23586253821849823,0.18955135345458984,0.23809535801410675,30.599002838134766,0,0.11586622148752213,14.568150520324707,4.898127555847168,37,25,30,0,
2025-12-17 12:34:46.037000,5c,Toxicity,Original,,166.99844360351562,0.34407752752304077,57.495582580566406,0.5599309206008911,0.62102872133255,0.3985885679721832,11.153897285461426,4.346879482269287,3.874446392059326,0.17770984768867493,0.18310730159282684,0.26476597785949707,41.36774826049805,0,0.11929009109735489,23.67949676513672,2.6758975982666016,37,25,30,0,
2025-12-17 12:34:48.037000,5c,Toxicity,Original,,145.3291473388672,0.37155836820602417,53.972923278808594,0.9343591928482056,0.8621257543563843,0.3067760467529297,11.153897285461426,3.3918726444244385,3.781689405441284,0.22740253806114197,0.18584328889846802,0.23619699478149414,17.915130615234375,0,0.10499842464923859,12.631735801696777,4.856624126434326,37,25,30,0,
2025-12-17 12:34:48.037000,FinePointe Series WBP [SN 139781]  Site 4 Bias Flow is out of range.,,,,,,,,,,,,,,,,,,,,,,,,,
2025-12-17 12:34:50.037000,5c,Toxicity,Original,,138.69931030273438,0.3764479160308838,52.205665588378906,0.9602066874504089,0.8052738308906555,0.3267430067062378,11.153897285461426,3.217822551727295,3.7170658111572266,0.2534389793872833,0.1792639046907425,0.22011318802833557,21.861146926879883,0,0.10767797380685806,19.221099853515625,5.601665496826172,37,25,30,0,
2025-12-17 12:34:52.037000,5c,Toxicity,Original,,155.5076141357422,0.42177876830101013,65.63187408447266,0.8047177195549011,0.9651359915733337,0.2790306806564331,11.153897285461426,4.873682975769043,4.085443496704102,0.2301025241613388,0.15673834085464478,0.29410937428474426,42.86011505126953,0,0.082753986120224,18.46005630493164,5.511244773864746,37,25,30,0,
2025-12-17 12:34:54.037000,5c,Toxicity,Original,,148.43917846679688,0.3579411208629608,53.14786148071289,0.8323814868927002,0.861812174320221,0.26414233446121216,11.153897285461426,3.7784371376037598,3.724290609359741,0.23122569918632507,0.17334160208702087,0.26131728291511536,32.77303695678711,0,0.0968194454908371,15.373014450073242,3.6473422050476074,37,25,30,0,
2025-12-17 12:34:56.037000,5c,Toxicity,Original,,140.86952209472656,0.39975693821907043,56.31692886352539,0.9772471785545349,0.9312617182731628,0.4147443473339081,11.153897285461426,3.3510069847106934,3.6747353076934814,0.24231812357902527,0.18378543853759766,0.26581934094429016,11.118291854858398,0,0.10298232734203339,12.042231559753418,6.121913909912109,37,25,30,0,
2025-12-17 12:34:58.037000,5c,Toxicity,Original,,139.1059112548828,0.37922537326812744,52.80517578125,1.314479112625122,0.958968997001648,0.2579367458820343,11.153897285461426,2.918527126312256,4.117008209228516,0.25392261147499084,0.17782291769981384,0.27430304884910583,12.800139427185059,0,0.09683062136173248,18.043622970581055,8.089641571044922,37,25,30,0,
2025-12-17 12:34:58.037000,FinePointe Series WBP [SN 139781]  Site 4 Bias Flow is out of range.,,,,,,,,,,,,,,,,,,,,,,,,,
2025-12-17 12:35:00.037000,5c,Toxicity,Original,,137.1073455810547,0.38410139083862305,52.714874267578125,1.2173941135406494,1.0320104360580444,0.2585613429546356,11.153897285461426,3.1847012042999268,3.8475561141967773,0.264390230178833,0.1734761893749237,0.2380516231060028,7.472048759460449,0,0.0881502777338028,13.762505531311035,7.059475898742676,37,25,30,33.33333206176758,
2025-12-17 12:35:02.037000,5c,Toxicity,Original,,141.96597290039062,0.3900351822376251,55.28069305419922,0.9677307605743408,0.896815299987793,0.290411114692688,11.153897285461426,3.4168670177459717,3.85184383392334,0.2361791878938675,0.18678893148899078,0.2455899566411972,20.196775436401367,0,0.10320070385932922,16.670827865600586,7.844680309295654,37,25,30,0,
2025-12-17 12:35:04.037000,5c,Toxicity,Original,,139.8279571533203,0.3786177337169647,52.84226989746094,1.3009774684906006,0.936639666557312,0.29837799072265625,11.153897285461426,2.7917160987854004,3.6095705032348633,0.24389319121837616,0.1860712319612503,0.25060737133026123,21.07192611694336,0,0.10228729248046875,16.676616668701172,8.194344520568848,37,25,30,0,
2025-12-17 12:35:06.037000,5c,Toxicity,Original,,138.4178009033203,0.378043532371521,52.28298568725586,1.2073169946670532,0.8792584538459778,0.24802052974700928,11.153897285461426,2.8547840118408203,3.9397311210632324,0.2593998908996582,0.17434149980545044,0.23189450800418854,9.143582344055176,0,0.09924887865781784,14.312211036682129,4.000954627990723,37,25,30,33.33333206176758,
2025-12-17 12:35:08.037000,5c,Toxicity,Original,,139.51486206054688,0.4030314087867737,56.15191650390625,0.8033217787742615,0.8447203636169434,0.3909889757633209,11.153897285461426,3.9141104221343994,3.7042078971862793,0.24085986614227295,0.18941113352775574,0.2819056212902069,14.741369247436523,0,0.11076116561889648,17.160621643066406,6.727276802062988,37,25,30,0,
2025-12-17 12:35:08.037000,FinePointe Series WBP [SN 139781]  Site 4 Bias Flow is out of range.,,,,,,,,,,,,,,,,,,,,,,,,,
2025-12-17 12:35:10.037000,5c,Toxicity,Original,,140.6305694580078,0.38818204402923584,54.5894775390625,0.7743611335754395,0.8411675691604614,0.34429141879081726,11.153897285461426,3.6356823444366455,3.4591896533966064,0.24625958502292633,0.18072213232517242,0.24843156337738037,30.04897689819336,0,0.10320700705051422,16.738285064697266,2.818087100982666,37,25,30,40,
2025-12-17 12:35:12.037000,5c,Toxicity,Original,,165.98329162597656,0.3936299979686737,65.22052764892578,0.9034723043441772,0.9741761088371277,0.3354511559009552,11.153897285461426,4.483624458312988,4.193483829498291,0.21922607719898224,0.1434236764907837,0.34627777338027954,12.038978576660156,2.056813955307007,0.07694506645202637,19.577091217041016,8.195168495178223,37,25,30,0,
2025-12-17 12:35:14.037000,5c,Toxicity,Original,,156.37998962402344,0.44208234548568726,69.80619049072266,0.8538185358047485,0.8849485516548157,0.3065619468688965,11.153897285461426,4.975151538848877,4.53875732421875,0.21093100309371948,0.17401666939258575,0.31998637318611145,16.501922607421875,0,0.09808220714330673,15.8128080368042,6.437161445617676,37,25,30,16.66666603088379,
2025-12-17 12:35:16.037000,5c,Toxicity,Original,,142.0845184326172,0.4192899465560913,59.55034637451172,0.7465581893920898,0.8801986575126648,0.27262407541275024,11.153897285461426,3.637627124786377,3.221080780029297,0.25398677587509155,0.1684274673461914,0.2061481773853302,5.9310455322265625,0,0.09201999008655548,14.472309112548828,5.326980113983154,37,25,30,0,
2025-12-17 12:35:18.037000,5c,Toxicity,Original,,141.3317413330078,0.40290606021881104,56.94108963012695,1.081214189529419,0.9686408042907715,0.22683829069137573,11.153897285461426,3.310537815093994,3.730574607849121,0.25939881801605225,0.1653958410024643,0.24590755999088287,28.156410217285156,0,0.08663424849510193,14.835490226745605,5.8809404373168945,37,25,30,0,
2025-12-17 12:35:18.037000,FinePointe Series WBP [SN 139781]  Site 4 Bias Flow is out of range.,,,,,,,,,,,,,,,,,,,,,,,,,
2025-12-17 12:35:20.037000,5c,Toxicity,Original,,105.19773864746094,0.37117862701416016,40.30859375,3.833432912826538,3.338237762451172,0.2003992795944214,11.153897285461426,3.8932857513427734,4.316742420196533,0.2453032284975052,0.3924289345741272,0.2628699541091919,11.714920043945312,206.92747497558594,0.09641265869140625,17.653383255004883,5.153810977935791,37,25,30,50,
2025-12-17 12:35:22.037000,5c,Toxicity,Original,,139.62701416015625,0.36302366852760315,50.71377944946289,0.8908184766769409,0.8332217931747437,0.23973435163497925,11.153897285461426,3.3485164642333984,3.7156729698181152,0.2528866231441498,0.17693044245243073,0.21670940518379211,7.835781097412109,0,0.10217524319887161,14.890569686889648,5.689477443695068,37,25,30,0,
2025-12-17 12:35:24.037000,5c,Toxicity,Original,,141.72093200683594,0.39200711250305176,55.36016082763672,0.7013486623764038,0.7453085780143738,0.3672332763671875,11.153897285461426,3.929334878921509,3.5608134269714355,0.22289152443408966,0.2012646496295929,0.236123189330101,32.10951614379883,0,0.1218511164188385,17.901018142700195,4.607485294342041,37,25,30,0,
2025-12-17 12:35:26.037000,5c,Toxicity,Original,,137.6101837158203,0.38870877027511597,53.47844314575195,0.8981287479400635,0.889653205871582,0.3485688269138336,11.153897285461426,3.173762321472168,3.3867971897125244,0.24813583493232727,0.18808618187904358,0.2297230213880539,33.49915313720703,0,0.1039101704955101,15.89601993560791,4.862440586090088,37,25,30,0,
2025-12-17 12:35:28.037000,5c,Toxicity,Original,,153.54307556152344,0.4346093535423279,66.7817153930664,0.7654382586479187,0.86285799741745,0.3206217288970947,11.153897285461426,4.62851619720459,3.990272045135498,0.2169693410396576,0.1740565448999405,0.2937582731246948,29.670923233032227,0,0.09668520838022232,16.95551300048828,4.702888011932373,37,25,30,57.14285659790039,
2025-12-17 12:35:28.037000,FinePointe Series WBP [SN 139781]  Site 4 Bias Flow is out of range.,,,,,,,,,,,,,,,,,,,,,,,,,
2025-12-17 12:35:30.037000,5c,Toxicity,Original,,152.3528594970703,0.3361121416091919,51.062137603759766,0.7221593856811523,0.849680483341217,0.3637090027332306,11.153897285461426,4.366196155548096,3.873690366744995,0.2297888696193695,0.1650349497795105,0.28920868039131165,20.621295928955078,0,0.09225925803184509,21.44806480407715,3.1129798889160156,37,25,30,0,
2025-12-17 12:35:32.037000,5c,Toxicity,Original,,139.68666076660156,0.3818909823894501,53.02521514892578,0.8351588249206543,0.7836476564407349,0.4993104934692383,11.153897285461426,3.2169971466064453,3.5845160484313965,0.2390601634979248,0.1911005973815918,0.220408633351326,52.70122528076172,0,0.1155875101685524,18.287546157836914,5.837283611297607,37,25,30,33.33333206176758,
2025-12-17 12:35:34.037000,5c,Toxicity,Original,,139.6009521484375,0.37105292081832886,51.76069641113281,0.9020959734916687,0.8490698337554932,0.32276004552841187,11.153897285461426,3.1991333961486816,3.510923385620117,0.2388177514076233,0.1914054900407791,0.22980742156505585,19.04475212097168,0,0.1099744588136673,13.781646728515625,5.6651411056518555,37,25,30,0,
2025-12-17 12:35:36.037000,5c,Toxicity,Original,,139.61773681640625,0.37611809372901917,52.496070861816406,0.7989055514335632,0.8651161789894104,0.37794822454452515,11.153897285461426,3.518427848815918,3.323101282119751,0.24873127043247223,0.18114721775054932,0.24451690912246704,52.67974090576172,0,0.10101501643657684,16.930065155029297,5.870281219482422,37,25,30,0,
2025-12-17 12:35:36.037000,FinePointe Series WBP [SN 139781]  Site 4 Bias Flow is out of range.,,,,,,,,,,,,,,,,,,,,,,,,,
2025-12-17 12:35:40.037000,5c,Toxicity,Original,,155.7913055419922,0.3639948070049286,56.896240234375,0.5912734270095825,0.7789660692214966,0.49128034710884094,11.153897285461426,4.447574138641357,3.6648671627044678,0.21021582186222076,0.1800631582736969,0.2970324456691742,20.84238052368164,0,0.11431356519460678,23.763635635375977,6.78068208694458,37,25,30,40,
2025-12-17 12:35:42.037000,5c,Toxicity,Original,,158.50799560546875,0.3742808997631073,59.29315948486328,0.6276187896728516,0.7584617137908936,0.48335909843444824,11.153897285461426,4.492040157318115,4.026159286499023,0.1960405856370926,0.18250320851802826,0.3178946077823639,24.35468292236328,0,0.1148376390337944,13.545787811279297,3.0946385860443115,37,25,30,0,
2025-12-17 12:35:44.037000,5c,Toxicity,Original,,141.689453125,0.3878549635410309,54.916778564453125,0.5449660420417786,0.6542237997055054,0.44763070344924927,11.153897285461426,3.4885094165802,2.8952345848083496,0.21872681379318237,0.20489829778671265,0.19570854306221008,34.07613754272461,0,0.13226310908794403,21.490406036376953,4.796306133270264,37,25,30,33.33333206176758,
2025-12-17 12:35:46.037000,5c,Toxicity,Original,,133.7266845703125,0.39535215497016907,52.912784576416016,0.6539427638053894,0.6887909770011902,0.2690185308456421,11.153897285461426,3.8487589359283447,3.709986925125122,0.2336803525686264,0.22099041938781738,0.2512502074241638,55.90804672241211,55.529380798339844,0.1434500515460968,18.831939697265625,5.071920871734619,37,25,30,0,
2025-12-17 12:35:48.037000,5c,Toxicity,Original,,138.72373962402344,0.3820595443248749,52.96277618408203,0.7388209104537964,0.7379120588302612,0.3808552324771881,11.153897285461426,3.353970766067505,3.5747222900390625,0.23898440599441528,0.19369220733642578,0.22655650973320007,28.587371826171875,0,0.11977216601371765,13.91336441040039,4.606113910675049,37,25,30,0,
2025-12-17 12:35:48.037000,FinePointe Series WBP [SN 139781]  Site 4 Bias Flow is out of range.,,,,,,,,,,,,,,,,,,,,,,,,,
2025-12-17 12:35:50.037000,5c,Toxicity,Original,,137.5216522216797,0.40532782673835754,55.649322509765625,0.8779198527336121,0.9122895002365112,0.33290937542915344,11.153897285461426,3.575812578201294,3.6575846672058105,0.2582319974899292,0.17821988463401794,0.21986867487430573,21.076419830322266,0,0.09765801578760147,15.708772659301758,4.881485462188721,37,25,30,0,
2025-12-17 12:35:52.037000,5c,Toxicity,Original,,138.64761352539062,0.37621772289276123,52.1463508605957,0.8178488612174988,0.8018172979354858,0.23203012347221375,11.153897285461426,3.5535168647766113,3.7523000240325928,0.24428322911262512,0.18860310316085815,0.2284001111984253,51.45591354370117,0,0.10980572551488876,16.536832809448242,5.020517349243164,37,25,30,0,
2025-12-17 12:35:54.037000,5c,Toxicity,Original,,141.27896118164062,0.414448082447052,58.55279541015625,0.6765676140785217,0.8071205019950867,0.2750597894191742,11.153897285461426,4.028365612030029,3.5459558963775635,0.25018417835235596,0.1745075136423111,0.20583193004131317,5.265774726867676,0,0.09820679575204849,8.81202220916748,3.775824546813965,37,25,30,50,
2025-12-17 12:35:56.037000,5c,Toxicity,Original,,167.29104614257812,0.39649155735969543,65.93589782714844,0.5501871109008789,0.7297550439834595,0.38947296142578125,11.153897285461426,5.3806562423706055,4.148114204406738,0.19170737266540527,0.17065513134002686,0.28731945157051086,10.103557586669922,0,0.10183995962142944,15.650339126586914,3.019655466079712,37,25,30,50,
2025-12-17 12:35:58.037000,5c,Toxicity,Original,,161.7403564453125,0.389337420463562,60.485023498535156,0.9869385361671448,1.6953463554382324,0.4271552860736847,11.153897285461426,7.148099899291992,3.775127410888672,0.14599040150642395,0.2435598522424698,0.18590250611305237,36.20518493652344,132.2707977294922,0.10331887006759644,10.08178997039795,1.8828043937683105,37,25,30,33.33333206176758,
2025-12-17 12:35:58.037000,FinePointe Series WBP [SN 139781]  Site 4 Bias Flow is out of range.,,,,,,,,,,,,,,,,,,,,,,,,,
2025-12-17 12:36:00.037000,5c,Toxicity,Original,,135.6509552001953,0.33614882826805115,45.53059387207031,0.6310060620307922,0.6879419088363647,0.3885864317417145,11.153897285461426,3.2281970977783203,3.1241791248321533,0.23712410032749176,0.20676332712173462,0.17375050485134125,33.54568862915039,0,0.12659959495067596,21.215890884399414,4.263542652130127,37,25,30,33.33333206176758,
2025-12-17 12:36:02.037000,5c,Toxicity,Original,,137.9636993408203,0.4305022060871124,59.419246673583984,1.2567923069000244,0.9957237243652344,0.21680694818496704,11.153897285461426,2.907219409942627,3.359478712081909,0.2535329759120941,0.18159618973731995,0.22543244063854218,15.82264518737793,0,0.09923002868890762,12.586430549621582,8.050874710083008,37,25,30,0,
2025-12-17 12:36:02.037000,FinePointe Series WBP [SN 10499C]  Site 3 Bias Flow is out of range.,,,,,,,,,,,,,,,,,,,,,,,,,
2025-12-17 12:36:04.037000,5c,Toxicity,Original,,137.8292236328125,0.4080219268798828,56.137481689453125,1.0045337677001953,0.8465667366981506,0.3108677864074707,11.153897285461426,3.259949207305908,3.709882974624634,0.2337644249200821,0.2017020583152771,0.2066158801317215,40.43187713623047,3.2103970050811768,0.11537424474954605,14.767569541931152,7.253878593444824,37,25,30,0,
2025-12-17 12:36:06.037000,5c,Toxicity,Original,,137.5181121826172,0.34932440519332886,48.00023651123047,0.8998282551765442,0.8398653864860535,0.24985703825950623,11.153897285461426,3.6211490631103516,3.7433338165283203,0.2424338161945343,0.19405688345432281,0.21739433705806732,66.44941711425781,0,0.10833486914634705,14.693181991577148,5.321343421936035,37,25,30,33.33333206176758,
2025-12-17 12:36:08.037000,5c,Toxicity,Original,,138.83734130859375,0.35772594809532166,49.58903884887695,1.0619492530822754,0.8939568400382996,0.3046063184738159,11.153897285461426,3.113701343536377,3.8587446212768555,0.23030167818069458,0.202020063996315,0.241587296128273,39.438072204589844,0,0.1162678450345993,15.48694133758545,9.917579650878906,37,25,30,0,
2025-12-17 12:36:08.037000,FinePointe Series WBP [SN 139781]  Site 4 Bias Flow is out of range.,,,,,,,,,,,,,,,,,,,,,,,,,
2025-12-17 12:36:10.037000,5c,Toxicity,Original,,138.509521484375,0.3884234130382538,53.74729537963867,1.0276851654052734,0.9396184086799622,0.36758118867874146,11.153897285461426,3.3478119373321533,3.6646697521209717,0.24364487826824188,0.1895950585603714,0.22970907390117645,33.676048278808594,0,0.10616140067577362,15.265140533447266,8.376322746276855,37,25,30,0,
2025-12-17 12:36:10.037000,FinePointe Series WBP [SN 10499C]  Site 3 Bias Flow is out of range.,,,,,,,,,,,,,,,,,,,,,,,,,
2025-12-17 12:36:12.037000,5c,Toxicity,Original,,140.66619873046875,0.4003569185733795,56.264156341552734,0.916952908039093,0.981468915939331,0.342703253030777,11.153897285461426,3.803748607635498,3.7190470695495605,0.24630513787269592,0.18049553036689758,0.2289324700832367,50.08081817626953,0,0.09506446123123169,15.221047401428223,8.747371673583984,37,25,30,0,
2025-12-17 12:36:14.037000,5c,Toxicity,Original,,141.44015502929688,0.3879307210445404,54.887168884277344,0.6615248918533325,0.7243147492408752,0.32387688755989075,11.153897285461426,3.9479899406433105,3.659393548965454,0.22419963777065277,0.20013625919818878,0.24770015478134155,65.80604553222656,0,0.12364969402551651,18.12139892578125,5.221002101898193,37,25,30,0,
2025-12-17 12:36:16.037000,5c,Toxicity,Original,,119.6803970336914,0.3815220296382904,45.73810577392578,1.8095695972442627,2.0160622596740723,0.21365109086036682,11.153897285461426,3.6180202960968018,3.4564051628112793,0.2573261857032776,0.28789591789245605,0.2417030781507492,52.18757247924805,102.6489028930664,0.09815862774848938,10.959723472595215,6.42218017578125,37,25,30,0,
2025-12-17 12:36:18.037000,5c,Toxicity,Original,,140.9820556640625,0.3851943016052246,54.36422348022461,0.7126005291938782,0.8015055656433105,0.3973419964313507,11.153897285461426,3.9495933055877686,3.676377773284912,0.2389814853668213,0.18678507208824158,0.24941283464431763,57.818756103515625,4.212880611419678,0.1066831648349762,19.0112247467041,4.608310222625732,37,25,30,0,
2025-12-17 12:36:18.037000,FinePointe Series WBP [SN 139781]  Site 4 Bias Flow is out of range.,,,,,,,,,,,,,,,,,,,,,,,,,
2025-12-17 12:36:20.037000,5c,Toxicity,Original,,140.88291931152344,0.36785411834716797,51.81897735595703,0.9544320702552795,0.9298350811004639,0.2514820396900177,11.153897285461426,3.4469473361968994,3.557077169418335,0.24624572694301605,0.18014295399188995,0.2373960018157959,15.454120635986328,0,0.10286708176136017,16.61746597290039,7.043116569519043,37,25,30,0,
2025-12-17 12:36:20.037000,FinePointe Series WBP [SN 10499C]  Site 3 Bias Flow is out of range.,,,,,,,,,,,,,,,,,,,,,,,,,
2025-12-17 12:36:22.037000,5c,Toxicity,Original,,137.49169921875,0.37628284096717834,51.5617790222168,0.7490497827529907,0.8518741726875305,0.24319517612457275,11.153897285461426,3.743889570236206,3.2873194217681885,0.25604066252708435,0.18097758293151855,0.22364796698093414,52.83380126953125,0,0.10151481628417969,17.5855712890625,5.185781002044678,37,25,30,0,
2025-12-17 12:36:24.037000,5c,Toxicity,Original,,143.24288940429688,0.4192467927932739,60.038856506347656,0.9492793679237366,0.8938465118408203,0.36206597089767456,11.153897285461426,3.7404229640960693,3.794658660888672,0.23723727464675903,0.1817711442708969,0.23943592607975006,8.29456615447998,0,0.0986812636256218,17.26382064819336,4.033596038818359,37,25,30,25,
2025-12-17 12:36:26.037000,5c,Toxicity,Original,,142.99508666992188,0.3800234794616699,54.246734619140625,0.7466698884963989,0.8624033331871033,0.29727497696876526,11.153897285461426,3.724977970123291,3.275783061981201,0.24479131400585175,0.1750190407037735,0.21719732880592346,64.20643615722656,0,0.09712423384189606,18.814849853515625,5.3027143478393555,37,25,30,0,
2025-12-17 12:36:26.037000,FinePointe Series WBP [SN 139781]  Site 4 Bias Flow is out of range.,,,,,,,,,,,,,,,,,,,,,,,,,
2025-12-17 12:36:30.037000,5c,Toxicity,Original,,155.91104125976562,0.36109721660614014,56.89453125,1.177473545074463,1.6094738245010376,0.43510952591896057,11.153897285461426,5.661056041717529,4.17477560043335,0.15989306569099426,0.28924626111984253,0.30043017864227295,41.19070053100586,0,0.10400290787220001,14.271281242370605,6.519578456878662,37,25,30,72.7272720336914,
2025-12-17 12:36:32.037000,5c,Toxicity,Original,,240.39471435546875,0.3457559049129486,82.47113037109375,0.7462705373764038,0.8677303791046143,0.3578479290008545,11.153897285461426,4.937626361846924,4.2234625816345215,0.1404217779636383,0.11823980510234833,0.336496502161026,7.267444133758545,0,0.06478428095579147,15.161643028259277,9.159858703613281,37,25,30,0,
2025-12-17 12:36:34.037000,5c,Toxicity,Original,,268.0582580566406,0.29525282979011536,79.30647277832031,0.6312751770019531,0.7773188948631287,0.42111411690711975,11.153897285461426,5.65686559677124,4.510519027709961,0.10439897328615189,0.12072785943746567,0.3506123423576355,5.658824443817139,2.07869291305542,0.06953586637973785,16.6499080657959,10.201812744140625,37,25,30,11.11111068725586,
2025-12-17 12:36:36.037000,5c,Toxicity,Original,,182.17506408691406,0.39810362458229065,72.1120376586914,0.6978335380554199,0.7850960493087769,0.27734318375587463,11.153897285461426,6.562868118286133,4.837292194366455,0.14836101233959198,0.18420051038265228,0.19970691204071045,15.53101921081543,41.28963088989258,0.10641058534383774,6.899440765380859,5.828266143798828,37,25,30,28.571428298950195,
2025-12-17 12:36:38.037000,5c,Toxicity,Original,,141.76699829101562,0.43971720337867737,61.8689079284668,0.8394061923027039,0.8688293695449829,0.287958025932312,11.153897285461426,4.699029445648193,4.1624836921691895,0.22536654770374298,0.19939538836479187,0.25687843561172485,89.55804443359375,31.19899559020996,0.11046679317951202,17.036407470703125,6.088482856750488,37,25,30,25,
2025-12-17 12:36:38.037000,FinePointe Series WBP [SN 139781]  Site 4 Bias Flow is out of range.,,,,,,,,,,,,,,,,,,,,,,,,,
2025-12-17 12:36:40.037000,5c,Toxicity,Original,,96.2288818359375,0.40437477827072144,42.375205993652344,8.360366821289062,6.885489463806152,0.48753929138183594,11.153897285461426,5.8515472412109375,5.356671333312988,0.22149738669395447,0.6872623562812805,0.16198711097240448,6.88775634765625,122.6940689086914,0.09266135096549988,17.74603271484375,4.955296993255615,37,25,30,0,
2025-12-17 12:36:42.037000,5c,Toxicity,Original,,191.86434936523438,0.43781378865242004,83.3753662109375,0.7656432390213013,0.9520275592803955,0.26269736886024475,11.153897285461426,6.509899139404297,5.048764228820801,0.14566180109977722,0.18528883159160614,0.3662632703781128,14.785701751708984,45.08112335205078,0.10136306285858154,10.729937553405762,11.560721397399902,37,25,30,14.285714149475098,
2025-12-17 12:36:44.037000,5c,Toxicity,Original,,231.37193298339844,0.4501548409461975,104.61933135986328,0.9287861585617065,1.0910589694976807,0.35911276936531067,11.153897285461426,7.140671253204346,5.974488258361816,0.11781621724367142,0.14226895570755005,0.39117568731307983,4.66922664642334,3.706252336502075,0.07014066725969315,9.35816764831543,13.210262298583984,37,25,30,12.5,
2025-12-17 12:36:46.037000,5c,Toxicity,Original,,192.75045776367188,0.4084336757659912,77.9448471069336,0.9146868586540222,1.0253992080688477,0.2547086477279663,11.153897285461426,6.06530237197876,5.222058296203613,0.14916746318340302,0.17361681163311005,0.31619760394096375,9.791067123413086,0,0.08957483619451523,12.664691925048828,7.969296455383301,37,25,30,16.66666603088379,
2025-12-17 12:36:48.037000,5c,Toxicity,Original,,139.1916046142578,0.5331144332885742,74.18000793457031,1.2310668230056763,1.5062572956085205,0.1756691038608551,11.153897285461426,4.342512130737305,3.479449987411499,0.22881574928760529,0.20235125720500946,0.15813897550106049,10.408086776733398,0,0.08563175797462463,10.44388484954834,13.43371868133545,37,25,30,0,
2025-12-17 12:36:48.037000,FinePointe Series WBP [SN 139781]  Site 4 Bias Flow is out of range.,,,,,,,,,,,,,,,,,,,,,,,,,
2025-12-17 12:36:50.037000,5c,Toxicity,Original,,160.18821716308594,0.457959920167923,73.12592315673828,0.833497166633606,0.8879902958869934,0.30683642625808716,11.153897285461426,4.569592475891113,4.177947044372559,0.1934848427772522,0.1850452870130539,0.3381354510784149,3.756150245666504,0,0.09963501989841461,8.447965621948242,5.603692054748535,37,25,30,40,
2025-12-17 12:36:52.037000,5c,Toxicity,Original,,182.76597595214844,0.3957078158855438,72.2955322265625,0.4981961250305176,0.7856693267822266,0.36019399762153625,11.153897285461426,6.108033657073975,3.8549206256866455,0.15117833018302917,0.17822882533073425,0.29199790954589844,7.83343505859375,0,0.10230131447315216,13.830430030822754,5.520411968231201,37,25,30,16.66666603088379,
2025-12-17 12:36:54.037000,5c,Toxicity,Original,,213.37962341308594,0.383660227060318,82.16216278076172,0.6244271993637085,0.9089908003807068,0.2839597463607788,11.153897285461426,6.931609630584717,4.661169052124023,0.1313936859369278,0.15275435149669647,0.32262784242630005,15.371092796325684,0,0.08280890434980392,16.331327438354492,9.156177520751953,37,25,30,0,
2025-12-17 12:36:56.037000,5c,Toxicity,Original,,144.91195678710938,0.5100076198577881,73.77738952636719,0.6903700232505798,1.0423182249069214,0.2437392920255661,11.153897285461426,5.150059223175049,3.355790138244629,0.2214863896369934,0.19341833889484406,0.19245658814907074,6.770974159240723,0,0.09752608835697174,10.993619918823242,6.665366172790527,37,25,30,0,
2025-12-17 12:36:58.037000,5c,Toxicity,Original,,140.15206909179688,0.44997158646583557,63.12764358520508,0.7253090739250183,0.8868566751480103,0.3980562090873718,11.153897285461426,4.115773677825928,3.2827095985412598,0.226763516664505,0.20149262249469757,0.19176653027534485,8.808246612548828,0,0.11086771637201309,14.669435501098633,6.1895647048950195,37,25,30,0,
2025-12-17 12:36:58.037000,FinePointe Series WBP [SN 139781]  Site 4 Bias Flow is out of range.,,,,,,,,,,,,,,,,,,,,,,,,,
2025-12-17 12:37:00.037000,5c,Toxicity,Original,,139.3111114501953,0.41117459535598755,57.28594970703125,0.5727474093437195,0.7130135297775269,0.27547186613082886,11.153897285461426,4.547143459320068,3.7708752155303955,0.21148483455181122,0.2192121148109436,0.21122141182422638,27.370603561401367,0,0.133156880736351,17.315876007080078,2.7954883575439453,37,25,30,0,
2025-12-17 12:37:02.037000,5c,Toxicity,Original,,165.11651611328125,0.45246851444244385,75.1666030883789,1.6645232439041138,1.6027439832687378,0.39537322521209717,11.153897285461426,5.592771530151367,4.734675407409668,0.1777799129486084,0.24736492335796356,0.2588520646095276,6.101940631866455,7.049462795257568,0.0917801484465599,10.31725025177002,8.501059532165527,37,25,30,0,
2025-12-17 12:37:04.037000,5c,Toxicity,Original,,265.0021667480469,0.36490535736083984,96.06356811523438,0.8761948943138123,1.0199270248413086,0.35077813267707825,11.153897285461426,6.757143497467041,5.750871181488037,0.10731879621744156,0.1243928074836731,0.4115804135799408,4.3330230712890625,4.1373467445373535,0.06491187959909439,10.860981941223145,11.524916648864746,37,25,30,0,
2025-12-17 12:37:06.037000,5c,Toxicity,Original,,302.05853271484375,0.3538784086704254,107.23524475097656,0.697012186050415,0.9651129245758057,0.2977551817893982,11.153897285461426,8.255247116088867,5.8080267906188965,0.09324463456869125,0.1081826388835907,0.4219045042991638,4.475868225097656,9.260144233703613,0.05615115165710449,13.25395679473877,13.674829483032227,37,25,30,18.18181800842285,
2025-12-17 12:37:08.037000,5c,Toxicity,Original,,284.639892578125,0.36342114210128784,103.3969497680664,0.37919697165489197,0.8582996129989624,0.41382625699043274,11.153897285461426,8.326533317565918,3.707059144973755,0.08947437256574631,0.12303157895803452,0.27519020438194275,4.686790943145752,0,0.06743814051151276,12.847566604614258,12.019620895385742,37,25,30,30,
2025-12-17 12:37:08.037000,FinePointe Series WBP [SN 139781]  Site 4 Bias Flow is out of range.,,,,,,,,,,,,,,,,,,,,,,,,,
2025-12-17 12:37:08.037000,FinePointe Series WBP [SN 139781]  Site 1 Bias Flow is out of range.,,,,,,,,,,,,,,,,,,,,,,,,,
2025-12-17 12:37:10.037000,5c,Toxicity,Original,,266.4617004394531,0.3202718198299408,85.34017181396484,0.6203938722610474,0.8850981593132019,0.32980605959892273,11.153897285461426,7.470790863037109,5.244530200958252,0.10388967394828796,0.1212834045290947,0.4104962944984436,18.32687759399414,0,0.06814725697040558,20.770915985107422,12.707932472229004,37,25,30,0,
2025-12-17 12:37:12.037000,5c,Toxicity,Original,,200.90049743652344,0.4369826316833496,88.85951232910156,0.8450360894203186,0.9703371524810791,0.35274600982666016,11.153897285461426,6.036783218383789,5.727296352386475,0.15415813028812408,0.14749321341514587,0.28380799293518066,24.377685546875,0,0.0783676877617836,7.030513286590576,10.794818878173828,37,25,30,60,
2025-12-17 12:37:14.037000,5c,Toxicity,Original,,165.04185485839844,0.4194273352622986,69.22981262207031,0.5362696647644043,0.834967315196991,0.2807483971118927,11.153897285461426,5.520812511444092,3.4916114807128906,0.1792757213115692,0.18459008634090424,0.20881414413452148,6.14629602432251,0,0.10259862244129181,8.694496154785156,3.780156373977661,37,25,30,0,
2025-12-17 12:37:16.037000,5c,Toxicity,Original,,158.5427703857422,0.4061618149280548,64.39105224609375,1.0839165449142456,0.9870216846466064,0.22297820448875427,11.153897285461426,3.872638463973999,4.012336254119873,0.19101887941360474,0.1875985860824585,0.2226952612400055,9.055379867553711,0,0.09730353951454163,8.240836143493652,8.044550895690918,37,25,30,0,
2025-12-17 12:37:18.037000,5c,Toxicity,Original,,153.75894165039062,0.40132343769073486,61.87710189819336,1.1158711910247803,0.9785534739494324,0.20184296369552612,11.153897285461426,3.7577428817749023,4.05210018157959,0.1984182745218277,0.19207145273685455,0.20949111878871918,10.241377830505371,0,0.10214851796627045,9.257381439208984,8.495738983154297,37,25,30,0,
2025-12-17 12:37:18.037000,FinePointe Series WBP [SN 139781]  Site 4 Bias Flow is out of range.,,,,,,,,,,,,,,,,,,,,,,,,,
2025-12-17 12:37:18.037000,FinePointe Series WBP [SN 139781]  Site 1 Bias Flow is out of range.,,,,,,,,,,,,,,,,,,,,,,,,,
2025-12-17 12:37:20.037000,5c,Toxicity,Original,,180.6153564453125,0.43693795800209045,78.81422424316406,0.6051778793334961,0.8471318483352661,0.3330732583999634,11.153897285461426,5.751834392547607,4.209644317626953,0.1676211953163147,0.16726411879062653,0.283038854598999,13.264577865600586,0,0.09502404928207397,16.00006675720215,7.624365329742432,37,25,30,0,
2025-12-17 12:37:22.037000,5c,Toxicity,Original,,162.68063354492188,0.40203332901000977,65.19075012207031,0.806039571762085,0.9137604832649231,0.22551561892032623,11.153897285461426,4.69576358795166,4.075094699859619,0.19665056467056274,0.17372870445251465,0.2510329782962799,16.412418365478516,0,0.10041088610887527,12.603099822998047,7.573415756225586,37,25,30,0,
2025-12-17 12:37:24.037000,5c,Toxicity,Original,,155.41839599609375,0.4169815182685852,64.75760650634766,0.7008976936340332,0.9061887860298157,0.23227253556251526,11.153897285461426,4.6419997215271,3.5853660106658936,0.21075178682804108,0.1754874736070633,0.2297840118408203,7.463904857635498,0,0.09422634541988373,11.48275089263916,4.371154308319092,37,25,30,0,
2025-12-17 12:37:26.037000,5c,Toxicity,Original,,152.43333435058594,0.4067792296409607,61.99842834472656,0.9058862924575806,0.8792556524276733,0.24916592240333557,11.153897285461426,3.7410244941711426,3.6373209953308105,0.20481158792972565,0.18909434974193573,0.20662763714790344,14.287019729614258,0,0.10546377301216125,10.527198791503906,6.727550029754639,37,25,30,0,
2025-12-17 12:37:28.037000,5c,Toxicity,Original,,152.89898681640625,0.4099443554878235,62.714759826660156,0.9209662675857544,0.8766995072364807,0.24960780143737793,11.153897285461426,3.677731513977051,3.9674320220947266,0.20721501111984253,0.1853691190481186,0.22049938142299652,8.726789474487305,0,0.10440132766962051,12.04254150390625,6.821987152099609,37,25,30,0,
2025-12-17 12:37:28.037000,FinePointe Series WBP [SN 139781]  Site 4 Bias Flow is out of range.,,,,,,,,,,,,,,,,,,,,,,,,,
2025-12-17 12:37:28.037000,FinePointe Series WBP [SN 139781]  Site 1 Bias Flow is out of range.,,,,,,,,,,,,,,,,,,,,,,,,,
2025-12-17 12:37:30.037000,5c,Toxicity,Original,,188.0021209716797,0.4245833456516266,80.04568481445312,0.7672436833381653,0.9802957773208618,0.2873856723308563,11.153897285461426,5.484338283538818,4.309340000152588,0.16992251574993134,0.1580727994441986,0.30642831325531006,7.074132919311523,0,0.08374839276075363,10.70003890991211,10.73147201538086,37,25,30,0,
2025-12-17 12:37:32.037000,5c,Toxicity,Original,,342.6315002441406,0.2830023765563965,94.78047943115234,0.8524633646011353,1.0545307397842407,0.3553668260574341,11.153897285461426,6.333993434906006,4.843572616577148,0.089113250374794,0.09459291398525238,0.412231981754303,7.9539008140563965,1.095618724822998,0.04890787601470947,17.046710968017578,17.43747901916504,37,25,30,20,
2025-12-17 12:37:34.037000,5c,Toxicity,Original,,267.93701171875,0.3593980669975281,91.76721954345703,0.4534313678741455,0.7822421789169312,0.33255594968795776,11.153897285461426,6.9257731437683105,3.772026777267456,0.11175400018692017,0.1278923898935318,0.26169756054878235,7.084263324737549,0,0.07364121079444885,13.067170143127441,8.09812068939209,37,25,30,11.11111068725586,
2025-12-17 12:37:36.037000,5c,Toxicity,Original,,163.1050567626953,0.42845410108566284,70.59423828125,0.7953859567642212,0.8719894886016846,0.28585436940193176,11.153897285461426,4.34686803817749,3.99479341506958,0.1804121434688568,0.1900118738412857,0.261045902967453,20.60614776611328,0,0.10850033909082413,12.58983039855957,6.354844093322754,37,25,30,20,
2025-12-17 12:37:38.037000,5c,Toxicity,Original,,150.2553253173828,0.4285908639431,64.34856414794922,0.9486408829689026,0.942694902420044,0.3018897771835327,11.153897285461426,4.042816162109375,4.02712345123291,0.20231664180755615,0.19720222055912018,0.22300249338150024,7.834699630737305,0,0.10511764883995056,8.86895751953125,6.090185642242432,37,25,30,0,
2025-12-17 12:37:38.037000,FinePointe Series WBP [SN 139781]  Site 4 Bias Flow is out of range.,,,,,,,,,,,,,,,,,,,,,,,,,
2025-12-17 12:37:38.037000,FinePointe Series WBP [SN 139781]  Site 1 Bias Flow is out of range.,,,,,,,,,,,,,,,,,,,,,,,,,
2025-12-17 12:37:40.037000,5c,Toxicity,Original,,159.5518798828125,0.4048841595649719,64.38578796386719,0.7755733728408813,0.9126614332199097,0.2729533314704895,11.153897285461426,4.743234634399414,4.151771545410156,0.20513443648815155,0.17395541071891785,0.2773084044456482,9.825599670410156,0,0.0936586856842041,15.601997375488281,6.8807549476623535,37,25,30,0,
2025-12-17 12:37:42.037000,5c,Toxicity,Original,,160.3315887451172,0.4357822835445404,69.95610809326172,0.7548953890800476,0.8960344791412354,0.2836838364601135,11.153897285461426,5.170619487762451,4.221722602844238,0.1873355209827423,0.18972709774971008,0.24882365763187408,19.18070411682129,0,0.10583093762397766,14.283905982971191,6.240901947021484,37,25,30,0,
2025-12-17 12:37:44.037000,5c,Toxicity,Original,,148.03326416015625,0.46236562728881836,68.47755432128906,0.8710330724716187,0.9868513345718384,0.2284967452287674,11.153897285461426,4.632493495941162,4.074965953826904,0.21271216869354248,0.19281114637851715,0.20513074100017548,8.212425231933594,0,0.10100191831588745,10.8381986618042,6.650269508361816,37,25,30,0,
2025-12-17 12:37:46.037000,5c,Toxicity,Original,,151.2681884765625,0.436138778924942,65.89929962158203,0.8648505806922913,0.9065060019493103,0.24317947030067444,11.153897285461426,4.146473407745361,3.9454472064971924,0.21304216980934143,0.18386158347129822,0.21680672466754913,9.940403938293457,0,0.09927044063806534,11.318933486938477,6.005003929138184,37,25,30,0,
2025-12-17 12:37:48.037000,5c,Toxicity,Original,,164.31594848632812,0.5409693717956543,91.16106414794922,0.7486786842346191,0.8266371488571167,0.3769419193267822,11.153897285461426,5.2154436111450195,4.838491916656494,0.1927887201309204,0.17664535343647003,0.3403061032295227,9.8858642578125,0,0.10120349377393723,12.705546379089355,8.400973320007324,37,25,30,0,
2025-12-17 12:37:48.037000,FinePointe Series WBP [SN 139781]  Site 4 Bias Flow is out of range.,,,,,,,,,,,,,,,,,,,,,,,,,
2025-12-17 12:37:50.037000,5c,Toxicity,Original,,180.26644897460938,0.39225316047668457,70.10919189453125,0.5182504057884216,0.8299038410186768,0.35011565685272217,11.153897285461426,5.504784107208252,3.518007278442383,0.16828560829162598,0.17011921107769012,0.25382378697395325,7.9345574378967285,0,0.09580207616090775,12.639472961425781,6.912333011627197,37,25,30,16.66666603088379,
2025-12-17 12:37:50.037000,FinePointe Series WBP [SN 139781]  Site 1 Bias Flow is out of range.,,,,,,,,,,,,,,,,,,,,,,,,,
2025-12-17 12:37:52.037000,5c,Toxicity,Original,,146.97291564941406,0.4078204929828644,59.940643310546875,0.6818130016326904,0.8646841645240784,0.31526410579681396,11.153897285461426,4.205405235290527,3.3702774047851562,0.21736064553260803,0.19096462428569794,0.21541185677051544,6.954004764556885,0,0.10549572855234146,13.30836009979248,5.225122451782227,37,25,30,0,
2025-12-17 12:37:54.037000,5c,Toxicity,Original,,152.2797088623047,0.399980753660202,60.976478576660156,0.8034058809280396,0.797120988368988,0.25050511956214905,11.153897285461426,3.770421028137207,3.6469078063964844,0.20982705056667328,0.18460483849048615,0.17840725183486938,8.805780410766602,0,0.10596936196088791,10.986703872680664,4.631330966949463,37,25,30,0,
2025-12-17 12:37:56.037000,5c,Toxicity,Original,,149.7123260498047,0.4503474831581116,67.3824234008789,1.0689961910247803,1.0013655424118042,0.22669263184070587,11.153897285461426,3.8248608112335205,4.010914325714111,0.21113476157188416,0.18978755176067352,0.2176918387413025,6.938866138458252,0,0.09742569178342819,10.231123924255371,7.869985580444336,37,25,30,0,
2025-12-17 12:37:58.037000,5c,Toxicity,Original,,149.90850830078125,0.40039801597595215,60.05681228637695,0.6395730376243591,0.754611611366272,0.23417086899280548,11.153897285461426,3.901080369949341,3.3684580326080322,0.21078863739967346,0.18965014815330505,0.205138698220253,13.35766887664795,0,0.11210940778255463,11.932694435119629,4.257772445678711,37,25,30,0,
2025-12-17 12:37:58.037000,FinePointe Series WBP [SN 139781]  Site 4 Bias Flow is out of range.,,,,,,,,,,,,,,,,,,,,,,,,,
2025-12-17 12:38:00.037000,5c,Toxicity,Original,,192.93280029296875,0.41303884983062744,79.30171203613281,0.5956427454948425,0.7958611249923706,0.31615808606147766,11.153897285461426,5.503444671630859,4.083755016326904,0.14892591536045074,0.16634999215602875,0.27169692516326904,13.1531343460083,0,0.09752453863620758,12.448019027709961,6.466544151306152,37,25,30,0,
2025-12-17 12:38:00.037000,FinePointe Series WBP [SN 139781]  Site 1 Bias Flow is out of range.,,,,,,,,,,,,,,,,,,,,,,,,,
2025-12-17 12:38:02.037000,5c,Toxicity,Original,,257.4982604980469,0.3277461528778076,83.13792419433594,0.5221372246742249,0.8089848756790161,0.3532886505126953,11.153897285461426,6.755146026611328,4.319302558898926,0.11069018393754959,0.13721804320812225,0.35108432173728943,6.581123352050781,0,0.0784711018204689,15.405083656311035,9.156838417053223,37,25,30,0,
2025-12-17 12:38:04.037000,5c,Toxicity,Original,,203.82769775390625,0.46709534525871277,94.37739562988281,0.5259624123573303,0.9376416206359863,0.31947508454322815,11.153897285461426,7.104114532470703,3.9941844940185547,0.14367425441741943,0.15777254104614258,0.3177453577518463,6.763916492462158,0,0.08382468670606613,13.588848114013672,9.24282455444336,37,25,30,0,
2025-12-17 12:38:06.037000,5c,Toxicity,Original,,146.18280029296875,0.40139123797416687,58.710609436035156,0.690767765045166,0.7675486207008362,0.3454582691192627,11.153897285461426,3.849557399749756,3.544349193572998,0.204130619764328,0.2064162790775299,0.1653551161289215,12.66982650756836,0,0.12321457266807556,11.838468551635742,5.601263046264648,37,25,30,0,
2025-12-17 12:38:08.037000,5c,Toxicity,Original,,145.858154296875,0.3905079960823059,56.88518524169922,1.0453706979751587,0.8868607878684998,0.2242051512002945,11.153897285461426,3.2278499603271484,3.8391973972320557,0.21388588845729828,0.19781307876110077,0.22224003076553345,7.940921783447266,0,0.1087152361869812,12.683131217956543,5.620748043060303,37,25,30,0,
2025-12-17 12:38:08.037000,FinePointe Series WBP [SN 139781]  Site 4 Bias Flow is out of range.,,,,,,,,,,,,,,,,,,,,,,,,,
2025-12-17 12:38:08.037000,FinePointe Series WBP [SN 139781]  Site 1 Bias Flow is out of range.,,,,,,,,,,,,,,,,,,,,,,,,,
2025-12-17 12:38:10.037000,5c,Toxicity,Original,,144.35877990722656,0.4260587990283966,61.57738494873047,0.893694281578064,0.9096702337265015,0.21480539441108704,11.153897285461426,4.034303188323975,3.9605002403259277,0.22209179401397705,0.19394689798355103,0.18700283765792847,11.077479362487793,0,0.10569890588521957,10.83553409576416,5.92542028427124,37,25,30,0,
2025-12-17 12:38:12.037000,5c,Toxicity,Original,,162.38851928710938,0.43539509177207947,70.76908874511719,0.599514365196228,0.8034746050834656,0.2826942503452301,11.153897285461426,5.181245803833008,3.8393945693969727,0.1879439353942871,0.1835622638463974,0.24883933365345,7.101909637451172,0,0.10509075969457626,11.792682647705078,5.071911811828613,37,25,30,0,
2025-12-17 12:38:14.037000,5c,Toxicity,Original,,144.97784423828125,0.4521940052509308,65.59491729736328,0.9230613708496094,1.0415467023849487,0.21795012056827545,11.153897285461426,4.095158576965332,3.6867904663085938,0.22085385024547577,0.19308927655220032,0.2306450605392456,12.11204719543457,0,0.0985340029001236,11.6483793258667,9.019299507141113,37,25,30,0,
2025-12-17 12:38:16.037000,5c,Toxicity,Original,,201.08067321777344,0.42738476395606995,85.23507690429688,0.7317367196083069,0.8625854849815369,0.333865225315094,11.153897285461426,5.500846862792969,4.53119421005249,0.1735074669122696,0.15740610659122467,0.3338378667831421,5.466366767883301,0,0.08679132163524628,12.510552406311035,8.086689949035645,37,25,30,0,
2025-12-17 12:38:18.037000,5c,Toxicity,Original,,254.6527557373047,0.3454021215438843,87.31794738769531,0.7286907434463501,0.9832398295402527,0.32613614201545715,11.153897285461426,6.358945369720459,4.518899917602539,0.1068698838353157,0.133864164352417,0.3598591983318329,5.289687156677246,0,0.07003912329673767,12.234162330627441,12.822705268859863,37,25,30,12.5,
2025-12-17 12:38:18.037000,FinePointe Series WBP [SN 139781]  Site 4 Bias Flow is out of range.,,,,,,,,,,,,,,,,,,,,,,,,,
2025-12-17 12:38:18.037000,FinePointe Series WBP [SN 139781]  Site 1 Bias Flow is out of range.,,,,,,,,,,,,,,,,,,,,,,,,,
2025-12-17 12:38:20.037000,5c,Toxicity,Original,,242.97256469726562,0.3475438356399536,84.70436096191406,0.8900769948959351,1.2720874547958374,0.3287894129753113,11.153897285461426,7.239261627197266,4.995070457458496,0.105830118060112,0.15061984956264496,0.39114099740982056,8.30137825012207,16.131799697875977,0.06739674508571625,16.529279708862305,17.92719078063965,37,25,30,0,
2025-12-17 12:38:22.037000,5c,Toxicity,Original,,158.1379852294922,0.4367965757846832,69.54973602294922,0.6467678546905518,0.8454448580741882,0.2820809483528137,11.153897285461426,5.298097610473633,3.87473726272583,0.1892576366662979,0.19451823830604553,0.25794517993927,7.83204460144043,0,0.10868310183286667,12.386688232421875,4.386423587799072,37,25,30,0,
2025-12-17 12:38:24.037000,5c,Toxicity,Original,,152.9796142578125,0.5138055086135864,78.62964630126953,0.6425268054008484,0.9118941426277161,0.20262517035007477,11.153897285461426,5.026254653930664,3.460578680038452,0.2029104232788086,0.19059284031391144,0.2329704612493515,6.48148775100708,0,0.1024414449930191,11.097578048706055,6.654331207275391,37,25,30,0,
2025-12-17 12:38:26.037000,5c,Toxicity,Original,,144.74696350097656,0.45170754194259644,65.34982299804688,0.7187568545341492,0.7642900943756104,0.29052919149398804,11.153897285461426,4.148231029510498,3.9579577445983887,0.2174166887998581,0.19746626913547516,0.22146543860435486,12.927217483520508,0,0.1150023490190506,10.908730506896973,3.512854814529419,37,25,30,0,
2025-12-17 12:38:28.037000,5c,Toxicity,Original,,148.35647583007812,0.4129280745983124,61.31047058105469,0.7536195516586304,0.8199521899223328,0.2403368502855301,11.153897285461426,4.282780170440674,3.9943835735321045,0.20625032484531403,0.19851772487163544,0.2418547421693802,12.292550086975098,0,0.11313710361719131,14.750144004821777,5.058254718780518,37,25,30,0,
2025-12-17 12:38:28.037000,FinePointe Series WBP [SN 139781]  Site 4 Bias Flow is out of range.,,,,,,,,,,,,,,,,,,,,,,,,,
2025-12-17 12:38:28.037000,FinePointe Series WBP [SN 139781]  Site 1 Bias Flow is out of range.,,,,,,,,,,,,,,,,,,,,,,,,,
2025-12-17 12:38:30.037000,5c,Toxicity,Original,,144.39828491210938,0.40801048278808594,58.923133850097656,0.9104149341583252,0.8357836604118347,0.2026245892047882,11.153897285461426,3.707895278930664,4.08621883392334,0.22577287256717682,0.1897556632757187,0.2256469577550888,27.435636520385742,0,0.1063564345240593,14.220930099487305,3.913268566131592,37,25,30,0,
2025-12-17 12:38:32.037000,5c,Toxicity,Original,,164.80996704101562,0.44063159823417664,70.96797943115234,0.8290875554084778,0.9667398929595947,0.2624404728412628,11.153897285461426,5.306221961975098,4.543166160583496,0.19088861346244812,0.18452303111553192,0.2924176752567291,37.63203811645508,6.068853378295898,0.09837448596954346,10.687941551208496,8.761523246765137,37,25,30,42.85714340209961,
2025-12-17 12:38:34.037000,5c,Toxicity,Original,,148.21173095703125,0.44970422983169556,66.64949798583984,0.6095522046089172,0.782402753829956,0.360977441072464,11.153897285461426,4.451715469360352,3.6628470420837402,0.21945492923259735,0.1854553073644638,0.2313968986272812,8.080947875976562,0,0.10810435563325882,15.747010231018066,3.7884135246276855,37,25,30,0,
2025-12-17 12:38:36.037000,5c,Toxicity,Original,,146.5558624267578,0.44008684158325195,64.53311920166016,0.8709256649017334,0.9322037696838379,0.22668670117855072,11.153897285461426,4.151206016540527,3.920579671859741,0.21793028712272644,0.19170822203159332,0.24341192841529846,8.711848258972168,0,0.10381637513637543,12.525468826293945,6.288926601409912,37,25,30,0,
2025-12-17 12:38:38.037000,5c,Toxicity,Original,,147.01612854003906,0.4303205609321594,63.27369689941406,0.8442983031272888,0.9531741738319397,0.2510136365890503,11.153897285461426,4.338894367218018,3.8406591415405273,0.22388266026973724,0.18429172039031982,0.23673029243946075,9.313278198242188,0,0.09887945652008057,11.90648365020752,5.2303266525268555,37,25,30,0,
2025-12-17 12:38:38.037000,FinePointe Series WBP [SN 139781]  Site 4 Bias Flow is out of range.,,,,,,,,,,,,,,,,,,,,,,,,,
2025-12-17 12:38:38.037000,FinePointe Series WBP [SN 139781]  Site 1 Bias Flow is out of range.,,,,,,,,,,,,,,,,,,,,,,,,,
2025-12-17 12:38:40.037000,5c,Toxicity,Original,,164.4615936279297,0.43819645047187805,72.3082275390625,0.8798169493675232,0.9634963870048523,0.25659874081611633,11.153897285461426,4.853402137756348,4.462344646453857,0.19633232057094574,0.17364351451396942,0.2816481292247772,14.297893524169922,5.35483980178833,0.09478727728128433,13.537967681884766,7.820984840393066,37,25,30,0,
2025-12-17 12:38:42.037000,5c,Toxicity,Original,,153.73590087890625,0.5123618245124817,80.71440124511719,0.49486154317855835,0.7218718528747559,0.3866208791732788,11.153897285461426,7.2976975440979,4.550564765930176,0.1629054993391037,0.22934496402740479,0.2569020688533783,20.162202835083008,30.866981506347656,0.13736505806446075,12.550225257873535,3.920149564743042,37,25,30,20,
2025-12-17 12:38:44.037000,5c,Toxicity,Original,,165.08779907226562,0.448045939207077,74.09037017822266,0.5230988264083862,0.7843618392944336,0.35852038860321045,11.153897285461426,5.277021408081055,3.550976276397705,0.18220053613185883,0.18492501974105835,0.25391870737075806,14.060027122497559,0,0.10800892114639282,12.183045387268066,4.620248794555664,37,25,30,0,
2025-12-17 12:38:46.037000,5c,Toxicity,Original,,147.90261840820312,0.42464742064476013,62.72730255126953,0.9004269242286682,0.9244564771652222,0.2239661067724228,11.153897285461426,3.860774278640747,3.7523274421691895,0.21276278793811798,0.1932976096868515,0.23603355884552002,11.979318618774414,0,0.10552317649126053,13.138592720031738,6.485958576202393,37,25,30,0,
2025-12-17 12:38:48.037000,5c,Toxicity,Original,,145.90184020996094,0.42755126953125,62.42760467529297,1.168229103088379,1.0253442525863647,0.22233960032463074,11.153897285461426,3.753931760787964,4.275295734405518,0.2173008769750595,0.1940576732158661,0.22096377611160278,11.113633155822754,0,0.10169104486703873,8.411234855651855,8.7799711227417,37,25,30,0,
2025-12-17 12:38:48.037000,FinePointe Series WBP [SN 139781]  Site 4 Bias Flow is out of range.,,,,,,,,,,,,,,,,,,,,,,,,,
2025-12-17 12:38:50.037000,5c,Toxicity,Original,,146.52536010742188,0.40514642000198364,59.32247543334961,0.996314287185669,0.899511456489563,0.25550970435142517,11.153897285461426,3.7658917903900146,4.095027446746826,0.21206139028072357,0.1975586712360382,0.23758859932422638,17.124088287353516,0,0.1096169576048851,12.828218460083008,7.7411627769470215,37,25,30,0,
2025-12-17 12:38:50.037000,FinePointe Series WBP [SN 139781]  Site 1 Bias Flow is out of range.,,,,,,,,,,,,,,,,,,,,,,,,,
2025-12-17 12:38:52.037000,5c,Toxicity,Original,,170.97238159179688,0.4265897572040558,72.93830108642578,0.6294746398925781,0.7571108341217041,0.3620794415473938,11.153897285461426,4.762118816375732,4.005615711212158,0.17923101782798767,0.1755320280790329,0.2438415288925171,10.768420219421387,0,0.10700205713510513,12.556875228881836,5.733341217041016,37,25,30,0,
2025-12-17 12:38:54.037000,5c,Toxicity,Original,,148.6055145263672,0.4088056683540344,60.77531814575195,0.7546138167381287,0.8175954222679138,0.33108505606651306,11.153897285461426,4.14576530456543,3.650265693664551,0.2029217779636383,0.20141291618347168,0.21005889773368835,45.50396728515625,0,0.11717147380113602,16.353668212890625,6.033723831176758,37,25,30,0,
2025-12-17 12:38:56.037000,5c,Toxicity,Original,,158.83477783203125,0.4509087800979614,71.54974365234375,0.810181736946106,0.920471727848053,0.21125347912311554,11.153897285461426,4.565262317657471,3.9504358768463135,0.20770953595638275,0.17309075593948364,0.24306009709835052,5.832833766937256,0,0.09247731417417526,10.163148880004883,4.706894397735596,37,25,30,0,
2025-12-17 12:38:58.037000,5c,Toxicity,Original,,190.271728515625,0.45580047369003296,87.08511352539062,0.5027678608894348,0.7573173642158508,0.19582481682300568,11.153897285461426,5.7608771324157715,3.707014560699463,0.15501882135868073,0.16395676136016846,0.21658754348754883,7.128598213195801,0,0.09499897807836533,8.67853832244873,4.264747142791748,37,25,30,0,
2025-12-17 12:38:58.037000,FinePointe Series WBP [SN 139781]  Site 4 Bias Flow is out of range.,,,,,,,,,,,,,,,,,,,,,,,,,
2025-12-17 12:39:00.037000,5c,Toxicity,Original,,209.22767639160156,0.30404266715049744,63.61414337158203,0.8443045616149902,0.9761570692062378,0.3486544191837311,11.153897285461426,5.03717565536499,4.396070957183838,0.1318877786397934,0.15488116443157196,0.29442405700683594,5.9838080406188965,0,0.07949810475111008,9.806007385253906,11.089106559753418,37,25,30,80,
2025-12-17 12:39:00.037000,FinePointe Series WBP [SN 139781]  Site 1 Bias Flow is out of range.,,,,,,,,,,,,,,,,,,,,,,,,,
2025-12-17 12:39:02.037000,5c,Toxicity,Original,,202.9722137451172,0.46871182322502136,89.32376098632812,0.753745436668396,0.9998787641525269,0.21689845621585846,11.153897285461426,5.688236713409424,4.213637828826904,0.17630082368850708,0.1631898730993271,0.24681462347507477,5.701733589172363,44.13462829589844,0.08661272376775742,6.153574466705322,10.27196216583252,37,25,30,62.5,
2025-12-17 12:39:04.037000,5c,Toxicity,Original,,157.49856567382812,0.4758729636669159,73.9786605834961,1.185157060623169,1.2726916074752808,0.17296476662158966,11.153897285461426,4.756383419036865,4.048699855804443,0.20069850981235504,0.18665587902069092,0.237099289894104,6.182130813598633,27.00607681274414,0.08696272224187851,8.153553009033203,12.221736907958984,37,25,30,20,
2025-12-17 12:39:06.037000,5c,Toxicity,Original,,149.46795654296875,0.3794381320476532,57.03023910522461,0.8975462913513184,0.987030565738678,0.20092856884002686,11.153897285461426,5.052496433258057,4.359111785888672,0.19427375495433807,0.2083580046892166,0.22393982112407684,13.91800308227539,0,0.10836107283830643,13.225522994995117,7.486323833465576,37,25,30,0,
2025-12-17 12:39:08.037000,5c,Toxicity,Original,,142.11196899414062,0.3871415853500366,55.04352569580078,1.1857080459594727,1.0843279361724854,0.1827773153781891,11.153897285461426,3.5832676887512207,3.9813809394836426,0.22104722261428833,0.2012576460838318,0.21976301074028015,6.6856913566589355,0,0.10019782185554504,11.577285766601562,9.140118598937988,37,25,30,0,
2025-12-17 12:39:08.037000,FinePointe Series WBP [SN 139781]  Site 4 Bias Flow is out of range.,,,,,,,,,,,,,,,,,,,,,,,,,
2025-12-17 12:39:10.037000,5c,Toxicity,Original,,142.3399200439453,0.4218275845050812,60.055171966552734,1.2316055297851562,1.1486440896987915,0.1887378841638565,11.153897285461426,3.972486972808838,4.049551963806152,0.21487298607826233,0.20671090483665466,0.18377065658569336,7.885104179382324,0,0.09884100407361984,7.525315284729004,10.627006530761719,37,25,30,0,
2025-12-17 12:39:10.037000,FinePointe Series WBP [SN 139781]  Site 1 Bias Flow is out of range.,,,,,,,,,,,,,,,,,,,,,,,,,
2025-12-17 12:39:12.037000,5c,Toxicity,Original,,151.09312438964844,0.46299508213996887,70.0785140991211,0.7330294847488403,0.8858758807182312,0.2781371474266052,11.153897285461426,4.513874053955078,3.7530667781829834,0.20629851520061493,0.19227826595306396,0.2029486894607544,9.731890678405762,0,0.11161409318447113,10.060952186584473,6.960947036743164,37,25,30,0,
2025-12-17 12:39:14.037000,5c,Toxicity,Original,,142.2677764892578,0.4087805151939392,58.165523529052734,1.0877798795700073,1.0377737283706665,0.2910011112689972,11.153897285461426,4.029102325439453,3.824312686920166,0.20653760433197021,0.21526657044887543,0.19261467456817627,13.56179141998291,0,0.11235994845628738,11.231851577758789,11.055252075195312,37,25,30,0,
2025-12-17 12:39:16.037000,5c,Toxicity,Original,,141.9171600341797,0.42465415596961975,60.284706115722656,0.9604314565658569,0.9445690512657166,0.18812184035778046,11.153897285461426,3.921124219894409,4.018815994262695,0.21714933216571808,0.20629915595054626,0.17781776189804077,8.283384323120117,0,0.10977911204099655,10.969449043273926,8.124982833862305,37,25,30,0,
2025-12-17 12:39:18.037000,5c,Toxicity,Original,,142.0875244140625,0.40889623761177063,58.086639404296875,0.9208968281745911,0.971369743347168,0.17396990954875946,11.153897285461426,3.650865316390991,3.5233590602874756,0.21530449390411377,0.20711536705493927,0.22854018211364746,8.89786148071289,0,0.11055627465248108,13.38360595703125,8.104653358459473,37,25,30,0,
2025-12-17 12:39:18.037000,FinePointe Series WBP [SN 139781]  Site 4 Bias Flow is out of range.,,,,,,,,,,,,,,,,,,,,,,,,,
2025-12-17 12:39:18.037000,FinePointe Series WBP [SN 139781]  Site 1 Bias Flow is out of range.,,,,,,,,,,,,,,,,,,,,,,,,,
2025-12-17 12:39:20.037000,5c,Toxicity,Original,,150.90252685546875,0.4344024956226349,65.63360595703125,0.8406907320022583,0.9453902244567871,0.1813829094171524,11.153897285461426,4.41304349899292,3.8404810428619385,0.20099221169948578,0.1977343112230301,0.22067168354988098,9.925482749938965,0,0.10546045005321503,9.820636749267578,6.614465236663818,37,25,30,0,
2025-12-17 12:39:22.037000,5c,Toxicity,Original,,141.53329467773438,0.3921660780906677,55.500518798828125,0.8251846432685852,0.9535220861434937,0.17430709302425385,11.153897285461426,4.094355583190918,3.5286519527435303,0.2184605598449707,0.205483540892601,0.2086307406425476,6.645969390869141,0,0.10833779722452164,11.078328132629395,7.155932903289795,37,25,30,0,
2025-12-17 12:39:24.037000,5c,Toxicity,Original,,141.7596893310547,0.41848447918891907,59.380428314208984,1.2344424724578857,1.0678784847259521,0.10976506024599075,11.153897285461426,3.4720776081085205,3.8858766555786133,0.2309720814228058,0.19284266233444214,0.20343177020549774,8.451872825622559,0,0.1067187637090683,9.900396347045898,9.681685447692871,37,25,30,0,
2025-12-17 12:39:26.037000,5c,Toxicity,Original,,147.8855438232422,0.4357186555862427,64.45233154296875,0.5785300135612488,0.8109390735626221,0.26411494612693787,11.153897285461426,4.966228008270264,3.4882705211639404,0.20768797397613525,0.19863110780715942,0.21429455280303955,9.947099685668945,0,0.11356109380722046,12.938761711120605,4.875032901763916,37,25,30,0,
2025-12-17 12:39:28.037000,5c,Toxicity,Original,,141.79910278320312,0.403654545545578,57.15800476074219,0.7912996411323547,0.8431587815284729,0.22542044520378113,11.153897285461426,3.9500832557678223,3.6945064067840576,0.20603816211223602,0.21743819117546082,0.1870986670255661,18.577119827270508,0,0.1233283206820488,11.16602897644043,4.9887542724609375,37,25,30,0,
2025-12-17 12:39:28.037000,FinePointe Series WBP [SN 139781]  Site 4 Bias Flow is out of range.,,,,,,,,,,,,,,,,,,,,,,,,,
2025-12-17 12:39:28.037000,FinePointe Series WBP [SN 139781]  Site 1 Bias Flow is out of range.,,,,,,,,,,,,,,,,,,,,,,,,,
2025-12-17 12:39:30.037000,5c,Toxicity,Original,,140.39633178710938,0.4046677350997925,56.7358283996582,0.8186092972755432,0.8160311579704285,0.2852274477481842,11.153897285461426,3.5190563201904297,3.576927661895752,0.21943399310112,0.20820537209510803,0.19667097926139832,8.509292602539062,0,0.11909780651330948,9.799808502197266,6.9196248054504395,37,25,30,0,
2025-12-17 12:39:32.037000,5c,Toxicity,Original,,141.8945770263672,0.4018523395061493,57.065391540527344,1.1421003341674805,1.0619195699691772,0.19675520062446594,11.153897285461426,3.5456202030181885,3.6808810234069824,0.21466602385044098,0.20840851962566376,0.19196242094039917,10.584637641906738,0,0.10421159118413925,10.994352340698242,8.169978141784668,37,25,30,0,
2025-12-17 12:39:34.037000,5c,Toxicity,Original,,141.3846435546875,0.42230111360549927,59.74692153930664,0.9414845705032349,0.8920168280601501,0.228453129529953,11.153897285461426,3.638139247894287,3.762446165084839,0.2094295769929886,0.21500255167484283,0.19652368128299713,14.205810546875,0,0.12051872164011002,13.237042427062988,5.978445053100586,37,25,30,0,
2025-12-17 12:39:36.037000,5c,Toxicity,Original,,142.38461303710938,0.39175742864608765,55.76993179321289,0.8366382122039795,0.9030078053474426,0.20214705169200897,11.153897285461426,3.7452738285064697,3.445746421813965,0.21635702252388,0.20525585114955902,0.19217590987682343,12.519553184509277,0,0.1128867045044899,12.772212982177734,5.634234428405762,37,25,30,0,
2025-12-17 12:39:38.037000,5c,Toxicity,Original,,144.37606811523438,0.4018701910972595,57.902099609375,0.9387559294700623,0.953117847442627,0.20249521732330322,11.153897285461426,3.953965187072754,3.870922565460205,0.20415887236595154,0.21174970269203186,0.19725985825061798,11.440729141235352,0,0.11198390275239944,8.402495384216309,5.967808723449707,37,25,30,0,
2025-12-17 12:39:38.037000,FinePointe Series WBP [SN 139781]  Site 4 Bias Flow is out of range.,,,,,,,,,,,,,,,,,,,,,,,,,
2025-12-17 12:39:38.037000,FinePointe Series WBP [SN 139781]  Site 1 Bias Flow is out of range.,,,,,,,,,,,,,,,,,,,,,,,,,
2025-12-17 12:39:40.037000,5c,Toxicity,Original,,142.5294189453125,0.4039185643196106,57.4806022644043,0.8760420083999634,0.9782058596611023,0.319403737783432,11.153897285461426,3.944262981414795,3.542893409729004,0.21188752353191376,0.2099304348230362,0.22711600363254547,22.632736206054688,0,0.11557000875473022,10.150486946105957,9.862409591674805,37,25,30,0,
2025-12-17 12:39:42.037000,5c,Toxicity,Original,,141.732177734375,0.39715105295181274,56.37729263305664,0.5572957396507263,0.7583616971969604,0.2147105187177658,11.153897285461426,4.100421905517578,3.0150279998779297,0.21011637151241302,0.21346238255500793,0.16687561571598053,20.121145248413086,0,0.12624920904636383,12.610976219177246,5.746861457824707,37,25,30,0,
2025-12-17 12:39:44.037000,5c,Toxicity,Original,,146.26242065429688,0.4182383418083191,61.19267654418945,0.9594643115997314,1.0294288396835327,0.18373453617095947,11.153897285461426,4.42249870300293,4.084103584289551,0.19741655886173248,0.21357515454292297,0.2189478576183319,9.045555114746094,0,0.10828043520450592,11.058798789978027,7.862946033477783,37,25,30,40,
2025-12-17 12:39:46.037000,5c,Toxicity,Original,,140.17494201660156,0.40763911604881287,57.127662658691406,0.8612509369850159,0.8885684013366699,0.2000419646501541,11.153897285461426,3.4818248748779297,3.417393445968628,0.21563132107257843,0.21248579025268555,0.17266039550304413,11.220970153808594,0,0.11587031185626984,9.452077865600586,6.4241862297058105,37,25,30,0,
2025-12-17 12:39:48.037000,5c,Toxicity,Original,,146.92591857910156,0.39692550897598267,58.30174255371094,0.8897379040718079,0.986303448677063,0.3113565146923065,11.153897285461426,4.231440544128418,3.6192667484283447,0.20739340782165527,0.20128832757472992,0.22095005214214325,8.711067199707031,0,0.10565538704395294,12.972728729248047,6.4072723388671875,37,25,30,0,
2025-12-17 12:39:48.037000,FinePointe Series WBP [SN 139781]  Site 4 Bias Flow is out of range.,,,,,,,,,,,,,,,,,,,,,,,,,
2025-12-17 12:39:48.037000,FinePointe Series WBP [SN 139781]  Site 1 Bias Flow is out of range.,,,,,,,,,,,,,,,,,,,,,,,,,
2025-12-17 12:39:50.037000,5c,Toxicity,Original,,144.11734008789062,0.3933141827583313,56.67892837524414,0.9289355874061584,1.0107905864715576,0.26778408885002136,11.153897285461426,3.6927578449249268,3.472870111465454,0.2090183049440384,0.20755034685134888,0.18400755524635315,8.627392768859863,0,0.10692974925041199,7.3641228675842285,6.900002956390381,37,25,30,0,
2025-12-17 12:39:52.037000,5c,Toxicity,Original,,145.37144470214844,0.389879047870636,56.68468475341797,1.0675222873687744,0.9484802484512329,0.21908526122570038,11.153897285461426,3.507723331451416,3.9140899181365967,0.21404710412025452,0.19897113740444183,0.20999129116535187,10.289420127868652,0,0.10654085129499435,9.886146545410156,5.83973503112793,37,25,30,0,
2025-12-17 12:39:54.037000,5c,Toxicity,Original,,156.35752868652344,0.4074166417121887,63.64324188232422,0.6055490970611572,0.8526952266693115,0.33773836493492126,11.153897285461426,4.84121561050415,3.4088685512542725,0.18879784643650055,0.19850750267505646,0.22292205691337585,8.170758247375488,0,0.10955458879470825,12.275010108947754,5.556356430053711,37,25,30,0,
2025-12-17 12:39:56.037000,5c,Toxicity,Original,,140.97596740722656,0.3930734097957611,55.214778900146484,0.8818956613540649,0.9469291567802429,0.22413501143455505,11.153897285461426,3.7516930103302,3.420807123184204,0.20897626876831055,0.2174694538116455,0.18790805339813232,10.541579246520996,0,0.11824100464582443,8.540881156921387,6.761263370513916,37,25,30,0,
2025-12-17 12:39:58.037000,5c,Toxicity,Original,,153.0207977294922,0.42283761501312256,64.66159057617188,0.9202137589454651,1.082268476486206,0.27373969554901123,11.153897285461426,4.38759183883667,3.7634286880493164,0.2057621031999588,0.18818959593772888,0.2193186730146408,5.971224308013916,0,0.09266310930252075,7.714293956756592,8.234515190124512,37,25,30,0,
2025-12-17 12:39:58.037000,FinePointe Series WBP [SN 139781]  Site 4 Bias Flow is out of range.,,,,,,,,,,,,,,,,,,,,,,,,,
2025-12-17 12:40:00.037000,5c,Toxicity,Original,,150.07838439941406,0.4262341856956482,63.840911865234375,0.7426316738128662,0.9551626443862915,0.20019066333770752,11.153897285461426,4.351428031921387,3.4144580364227295,0.19316120445728302,0.20741160213947296,0.19261638820171356,7.246963977813721,0,0.10923933982849121,6.62394905090332,4.792222023010254,37,25,30,0,
2025-12-17 12:40:00.037000,FinePointe Series WBP [SN 139781]  Site 1 Bias Flow is out of range.,,,,,,,,,,,,,,,,,,,,,,,,,
2025-12-17 12:40:02.037000,5c,Toxicity,Original,,138.1604461669922,0.3884434998035431,53.608211517333984,0.8563641309738159,0.9406782984733582,0.37387168407440186,11.153897285461426,3.7992587089538574,3.431626319885254,0.21854183077812195,0.21674451231956482,0.21268782019615173,8.847363471984863,0,0.11670713871717453,10.689314842224121,6.210539817810059,37,25,30,0,
2025-12-17 12:40:04.037000,5c,Toxicity,Original,,140.25686645507812,0.41298729181289673,57.83306884765625,0.8968539834022522,0.8737520575523376,0.3237399458885193,11.153897285461426,3.5003652572631836,3.486046314239502,0.21578377485275269,0.2121715396642685,0.17795974016189575,13.932672500610352,0,0.1221223697066307,8.782129287719727,7.446629524230957,37,25,30,0,
2025-12-17 12:40:06.037000,5c,Toxicity,Original,,148.70062255859375,0.39319226145744324,58.43293762207031,0.6962574124336243,0.8045569658279419,0.19275759160518646,11.153897285461426,3.820422410964966,3.227932929992676,0.2043190449476242,0.20121099054813385,0.19358502328395844,7.77803373336792,0,0.11486480385065079,10.064704895019531,6.4124956130981445,37,25,30,0,
2025-12-17 12:40:08.037000,5c,Toxicity,Original,,138.7813720703125,0.3985695242881775,55.32377243041992,0.8060253858566284,0.8674725890159607,0.17374160885810852,11.153897285461426,3.7983460426330566,3.5543816089630127,0.21291318535804749,0.21963126957416534,0.18208087980747223,9.835036277770996,0,0.12116405367851257,9.878561019897461,4.014222145080566,37,25,30,0,
2025-12-17 12:40:08.037000,FinePointe Series WBP [SN 139781]  Site 4 Bias Flow is out of range.,,,,,,,,,,,,,,,,,,,,,,,,,
2025-12-17 12:40:10.037000,5c,Toxicity,Original,,140.49046325683594,0.39318689703941345,55.1492805480957,0.9683443307876587,1.008209228515625,0.3006637394428253,11.153897285461426,3.615079641342163,3.3148272037506104,0.21610021591186523,0.21112020313739777,0.17838744819164276,19.214021682739258,0,0.111564502120018,9.444602966308594,8.806721687316895,37,25,30,0,
2025-12-17 12:40:10.037000,FinePointe Series WBP [SN 139781]  Site 1 Bias Flow is out of range.,,,,,,,,,,,,,,,,,,,,,,,,,
2025-12-17 12:40:12.037000,5c,Toxicity,Original,,139.75668334960938,0.393753319978714,55.05900573730469,1.0462055206298828,1.0291273593902588,0.18283076584339142,11.153897285461426,3.5103540420532227,3.4131393432617188,0.22141611576080322,0.20815393328666687,0.18953239917755127,8.062121391296387,0,0.10744868218898773,8.706345558166504,8.958475112915039,37,25,30,0,
2025-12-17 12:40:14.037000,5c,Toxicity,Original,,142.09165954589844,0.3892313838005066,55.26959991455078,0.8249468207359314,0.8280680775642395,0.25316473841667175,11.153897285461426,3.5806150436401367,3.4049434661865234,0.21297532320022583,0.20965221524238586,0.19043946266174316,13.607564926147461,0,0.12252122163772583,12.372697830200195,6.062526702880859,37,25,30,0,
2025-12-17 12:40:16.037000,5c,Toxicity,Original,,145.81878662109375,0.40516000986099243,59.20328140258789,0.6395969986915588,0.8271644115447998,0.201973557472229,11.153897285461426,4.186860084533691,3.2619740962982178,0.21659842133522034,0.1957770586013794,0.20935794711112976,21.969858169555664,0,0.1108558252453804,13.980026245117188,5.549218654632568,37,25,30,0,
2025-12-17 12:40:18.037000,5c,Toxicity,Original,,143.67559814453125,0.40335020422935486,58.001060485839844,0.5115694999694824,0.7441771626472473,0.3503181040287018,11.153897285461426,4.4489006996154785,3.0530200004577637,0.20735199749469757,0.21051713824272156,0.21871967613697052,10.4801025390625,0,0.127364844083786,13.902762413024902,6.289798736572266,37,25,30,40,
2025-12-17 12:40:18.037000,FinePointe Series WBP [SN 139781]  Site 4 Bias Flow is out of range.,,,,,,,,,,,,,,,,,,,,,,,,,
2025-12-17 12:40:18.037000,FinePointe Series WBP [SN 139781]  Site 1 Bias Flow is out of range.,,,,,,,,,,,,,,,,,,,,,,,,,
2025-12-17 12:40:20.037000,5c,Toxicity,Original,,142.4464569091797,0.39058780670166016,55.552589416503906,1.00852632522583,1.0228288173675537,0.2636614739894867,11.153897285461426,3.402358293533325,3.2106149196624756,0.2169666886329651,0.2045208364725113,0.2063431739807129,7.035900592803955,0,0.1052931547164917,11.751327514648438,8.055887222290039,37,25,30,0,
2025-12-17 12:40:22.037000,5c,Toxicity,Original,,148.27171325683594,0.40390416979789734,60.00417709350586,0.6445293426513672,0.784640371799469,0.247134730219841,11.153897285461426,4.2031707763671875,3.394981622695923,0.20060941576957703,0.20556870102882385,0.17719411849975586,8.493186950683594,0,0.11935395002365112,12.21679401397705,6.197183132171631,37,25,30,0,
2025-12-17 12:40:24.037000,5c,Toxicity,Original,,140.71397399902344,0.4161267876625061,58.436134338378906,0.8319981694221497,0.8624870181083679,0.31662338972091675,11.153897285461426,3.70463228225708,3.4144930839538574,0.21007350087165833,0.21676479279994965,0.2005435824394226,17.52338409423828,0,0.1250649094581604,11.839981079101562,6.074948787689209,37,25,30,0,
2025-12-17 12:40:26.037000,5c,Toxicity,Original,,143.96104431152344,0.39493656158447266,56.9914665222168,0.7403541803359985,0.92412269115448,0.20850524306297302,11.153897285461426,4.324074745178223,3.1232759952545166,0.19744658470153809,0.2201993316411972,0.1885603368282318,9.173242568969727,0,0.11955390125513077,10.360472679138184,5.485154151916504,37,25,30,0,
2025-12-17 12:40:28.037000,5c,Toxicity,Original,,140.27537536621094,0.3734910190105438,52.310428619384766,1.226544976234436,1.0568608045578003,0.21235708892345428,11.153897285461426,3.2725281715393066,3.661501169204712,0.22063665091991425,0.20736555755138397,0.21656951308250427,13.68960952758789,12.552892684936523,0.10905638337135315,12.08690357208252,8.216642379760742,37,25,30,0,
2025-12-17 12:40:28.037000,FinePointe Series WBP [SN 139781]  Site 4 Bias Flow is out of range.,,,,,,,,,,,,,,,,,,,,,,,,,
2025-12-17 12:40:28.037000,FinePointe Series WBP [SN 139781]  Site 1 Bias Flow is out of range.,,,,,,,,,,,,,,,,,,,,,,,,,
2025-12-17 12:40:30.037000,5c,Toxicity,Original,,146.00369262695312,0.4353233575820923,63.611289978027344,0.6257038712501526,0.8382620215415955,0.19298683106899261,11.153897285461426,4.41988468170166,3.2542431354522705,0.208827942609787,0.2035059779882431,0.20126652717590332,8.043098449707031,0,0.11520736664533615,8.695184707641602,11.472784042358398,37,25,30,0,
2025-12-17 12:40:32.037000,5c,Toxicity,Original,,141.8230438232422,0.3930675685405731,55.725494384765625,0.6655579209327698,0.7866572737693787,0.18837696313858032,11.153897285461426,3.762155055999756,3.1717686653137207,0.21697694063186646,0.20636430382728577,0.16813348233699799,10.683782577514648,0,0.12539327144622803,13.070453643798828,6.76760196685791,37,25,30,0,
2025-12-17 12:40:34.037000,5c,Toxicity,Original,,148.24835205078125,0.40175822377204895,59.42416000366211,0.6278630495071411,0.7757089138031006,0.23413026332855225,11.153897285461426,4.025601387023926,3.177751064300537,0.20028799772262573,0.20652976632118225,0.18959081172943115,8.340694427490234,0,0.12199301272630692,10.779722213745117,3.7058238983154297,37,25,30,0,
2025-12-17 12:40:36.037000,5c,Toxicity,Original,,139.60711669921875,0.4083648920059204,57.0302734375,0.9613521099090576,0.9562263488769531,0.16986334323883057,11.153897285461426,3.7546350955963135,3.684229612350464,0.21809010207653046,0.2118591070175171,0.20335610210895538,6.606353282928467,0,0.1108873039484024,9.879984855651855,8.880743026733398,37,25,30,0,
2025-12-17 12:40:38.037000,5c,Toxicity,Original,,140.0484161376953,0.4089008867740631,57.183467864990234,0.8413413763046265,0.8996820449829102,0.34085047245025635,11.153897285461426,3.469571352005005,3.325275182723999,0.2182205617427826,0.21052740514278412,0.20102563500404358,12.11084270477295,0,0.11935994029045105,12.003539085388184,8.27254581451416,37,25,30,0,
2025-12-17 12:40:38.037000,FinePointe Series WBP [SN 139781]  Site 4 Bias Flow is out of range.,,,,,,,,,,,,,,,,,,,,,,,,,
2025-12-17 12:40:38.037000,FinePointe Series WBP [SN 139781]  Site 1 Bias Flow is out of range.,,,,,,,,,,,,,,,,,,,,,,,,,
2025-12-17 12:40:40.037000,5c,Toxicity,Original,,140.00765991210938,0.3994079828262329,55.82206726074219,1.1574113368988037,0.953612744808197,0.16659775376319885,11.153897285461426,3.3370635509490967,3.7022275924682617,0.22760416567325592,0.20138055086135864,0.1961660087108612,9.290754318237305,0,0.109511598944664,11.34361457824707,6.92013692855835,37,25,30,0,
2025-12-17 12:40:42.037000,5c,Toxicity,Original,,144.846923828125,0.394997239112854,57.19206619262695,0.7179276943206787,0.8085187077522278,0.2971404790878296,11.153897285461426,4.054664134979248,3.5456008911132812,0.20537404716014862,0.20967063307762146,0.22291697561740875,19.508132934570312,0,0.12152627855539322,13.358952522277832,7.254362106323242,37,25,30,0,
2025-12-17 12:40:44.037000,5c,Toxicity,Original,,156.89364624023438,0.3965984880924225,62.49039840698242,0.627709686756134,0.8747079372406006,0.3062628209590912,11.153897285461426,4.886338710784912,3.476386070251465,0.18665456771850586,0.196759432554245,0.22438783943653107,14.263581275939941,0,0.10902518033981323,14.026796340942383,5.969975471496582,37,25,30,0,
2025-12-17 12:40:46.037000,5c,Toxicity,Original,,154.5055389404297,0.4365752339363098,67.40709686279297,0.6927400231361389,0.9389389753341675,0.30466651916503906,11.153897285461426,5.249191761016846,3.7705399990081787,0.19819410145282745,0.19154876470565796,0.22072844207286835,9.904413223266602,0,0.10474206507205963,10.248312950134277,6.511898517608643,37,25,30,16.66666603088379,
2025-12-17 12:40:48.037000,5c,Toxicity,Original,,142.66683959960938,0.4089507758617401,58.09205627441406,0.6789916157722473,0.959445595741272,0.4080665707588196,11.153897285461426,4.265721797943115,2.9218666553497314,0.2075621336698532,0.21369768679141998,0.17970669269561768,11.512789726257324,0,0.11394175887107849,10.413829803466797,8.17997932434082,37,25,30,0,
2025-12-17 12:40:48.037000,FinePointe Series WBP [SN 139781]  Site 4 Bias Flow is out of range.,,,,,,,,,,,,,,,,,,,,,,,,,
2025-12-17 12:40:48.037000,FinePointe Series WBP [SN 139781]  Site 1 Bias Flow is out of range.,,,,,,,,,,,,,,,,,,,,,,,,,
2025-12-17 12:40:50.037000,5c,Toxicity,Original,,141.48924255371094,0.4016536772251129,56.82877731323242,0.6882251501083374,0.7734813094139099,0.2826576828956604,11.153897285461426,3.469984292984009,3.206233501434326,0.22050392627716064,0.20375162363052368,0.16292023658752441,7.552748203277588,0,0.11869357526302338,8.330424308776855,6.157071590423584,37,25,30,0,
2025-12-17 12:40:52.037000,5c,Toxicity,Original,,144.3057098388672,0.3772992491722107,54.437644958496094,1.0079361200332642,0.9368202090263367,0.22117945551872253,11.153897285461426,3.4258902072906494,3.5165388584136963,0.2056874930858612,0.21022509038448334,0.19143109023571014,7.224749565124512,0,0.1120719164609909,10.547762870788574,7.183495998382568,37,25,30,0,
2025-12-17 12:40:54.037000,5c,Toxicity,Original,,139.18746948242188,0.4305333197116852,59.857242584228516,0.7747089862823486,0.8860164880752563,0.2053331583738327,11.153897285461426,3.974512815475464,3.4571688175201416,0.2174556404352188,0.21395377814769745,0.1999196857213974,12.156490325927734,0,0.11659730970859528,9.519659042358398,5.093806266784668,37,25,30,25,
2025-12-17 12:40:56.037000,5c,Toxicity,Original,,141.76063537597656,0.4107453525066376,58.20515060424805,1.1114861965179443,1.0811467170715332,0.20028072595596313,11.153897285461426,3.626466751098633,3.7275359630584717,0.21983233094215393,0.2037658840417862,0.18976257741451263,9.713897705078125,0,0.10253587365150452,12.858661651611328,8.16391658782959,37,25,30,0,
2025-12-17 12:40:58.037000,5c,Toxicity,Original,,142.94349670410156,0.48606011271476746,69.13674926757812,1.2001804113388062,1.0734071731567383,0.341579407453537,11.153897285461426,4.5955810546875,5.0934367179870605,0.21376454830169678,0.20620942115783691,0.3030746579170227,10.314996719360352,0,0.10725589841604233,9.483656883239746,17.499828338623047,37,25,30,0,
2025-12-17 12:40:58.037000,FinePointe Series WBP [SN 139781]  Site 4 Bias Flow is out of range.,,,,,,,,,,,,,,,,,,,,,,,,,
2025-12-17 12:41:00.037000,5c,Toxicity,Original,,143.26052856445312,0.40383511781692505,57.85914993286133,0.7821639776229858,0.8486521244049072,0.25635388493537903,11.153897285461426,3.96470046043396,3.4776031970977783,0.22680431604385376,0.1923215687274933,0.2138494998216629,10.413625717163086,0,0.11084099858999252,7.9055867195129395,3.305697441101074,37,25,30,0,
2025-12-17 12:41:00.037000,FinePointe Series WBP [SN 139781]  Site 1 Bias Flow is out of range.,,,,,,,,,,,,,,,,,,,,,,,,,
2025-12-17 12:41:02.037000,5c,Toxicity,Original,,143.82037353515625,0.4383634328842163,62.90378952026367,0.7260650992393494,0.8551524877548218,0.4304763078689575,11.153897285461426,4.351751327514648,3.3370885848999023,0.2082836925983429,0.20926623046398163,0.22260624170303345,12.956335067749023,0,0.12279495596885681,15.281517028808594,11.321412086486816,37,25,30,0,
2025-12-17 12:41:04.037000,5c,Toxicity,Original,,139.64698791503906,0.4027792513370514,56.01762008666992,0.8054159879684448,0.8193081021308899,0.16269581019878387,11.153897285461426,3.762997627258301,3.5972232818603516,0.21525178849697113,0.22419558465480804,0.1802433878183365,8.691901206970215,57.526458740234375,0.13608673214912415,8.167060852050781,4.056852340698242,37,25,30,0,
2025-12-17 12:41:06.037000,5c,Toxicity,Original,,144.52264404296875,0.3954634666442871,57.34595489501953,0.6228670477867126,0.8222275972366333,0.21855878829956055,11.153897285461426,4.362256050109863,3.2987499237060547,0.19815033674240112,0.21903371810913086,0.18834294378757477,10.02799129486084,0,0.1267993301153183,7.015949726104736,7.255917072296143,37,25,30,0,
2025-12-17 12:41:08.037000,5c,Toxicity,Original,,146.10975646972656,0.4055480659008026,59.267425537109375,0.7373915314674377,0.9037686586380005,0.3136099576950073,11.153897285461426,4.098387718200684,3.2333014011383057,0.20424531400203705,0.2079002857208252,0.19203674793243408,8.285184860229492,0,0.1142478883266449,7.387284278869629,5.682727336883545,37,25,30,0,
2025-12-17 12:41:08.037000,FinePointe Series WBP [SN 139781]  Site 4 Bias Flow is out of range.,,,,,,,,,,,,,,,,,,,,,,,,,
2025-12-17 12:41:10.037000,5c,Toxicity,Original,,139.52532958984375,0.4078412652015686,56.94562530517578,0.6612271070480347,0.8745435476303101,0.2965613007545471,11.153897285461426,3.904414176940918,2.876058340072632,0.2060244083404541,0.2244388610124588,0.17294730246067047,19.598918914794922,0,0.1286894828081131,14.284667015075684,7.456040859222412,37,25,30,0,
2025-12-17 12:41:10.037000,FinePointe Series WBP [SN 139781]  Site 1 Bias Flow is out of range.,,,,,,,,,,,,,,,,,,,,,,,,,
2025-12-17 12:41:12.037000,5c,Toxicity,Original,,152.1962127685547,0.3898756206035614,59.48188018798828,0.7571072578430176,0.8620696067810059,0.18429364264011383,11.153897285461426,4.365714073181152,3.6631414890289307,0.1944343000650406,0.20249353349208832,0.1714630275964737,8.112529754638672,0,0.11185576021671295,8.800919532775879,5.635951042175293,37,25,30,0,
2025-12-17 12:41:14.037000,5c,Toxicity,Original,,141.99484252929688,0.3873755633831024,55.00062561035156,0.7049798965454102,0.7933014631271362,0.18823373317718506,11.153897285461426,3.4935789108276367,3.052121639251709,0.21073505282402039,0.21195660531520844,0.1812511831521988,12.32118034362793,0,0.12260682880878448,14.002218246459961,5.604034900665283,37,25,30,0,
2025-12-17 12:41:16.037000,5c,Toxicity,Original,,140.47402954101562,0.38665443658828735,54.22883605957031,0.6663702726364136,0.8728879690170288,0.3029126226902008,11.153897285461426,3.8634533882141113,2.9377474784851074,0.21564701199531555,0.2120606154203415,0.1733371764421463,17.22346305847168,0,0.11823667585849762,13.32761001586914,7.020385265350342,37,25,30,0,
2025-12-17 12:41:18.037000,5c,Toxicity,Original,,138.9779052734375,0.40248528122901917,55.93357467651367,0.9176623821258545,0.958419919013977,0.20310841500759125,11.153897285461426,3.7486281394958496,3.526538133621216,0.22077688574790955,0.21109995245933533,0.16056185960769653,11.696386337280273,0,0.11378618329763412,8.933599472045898,4.032854080200195,37,25,30,0,
2025-12-17 12:41:18.037000,FinePointe Series WBP [SN 139781]  Site 4 Bias Flow is out of range.,,,,,,,,,,,,,,,,,,,,,,,,,
2025-12-17 12:41:20.037000,5c,Toxicity,Original,,142.23265075683594,0.3869953155517578,55.01525115966797,0.8660351037979126,0.8717882633209229,0.3110470771789551,11.153897285461426,3.7889139652252197,3.7350847721099854,0.22087007761001587,0.20110377669334412,0.21711227297782898,7.723664283752441,8.219752311706543,0.11049540340900421,14.187947273254395,7.37263822555542,37,25,30,0,
2025-12-17 12:41:20.037000,FinePointe Series WBP [SN 139781]  Site 1 Bias Flow is out of range.,,,,,,,,,,,,,,,,,,,,,,,,,
2025-12-17 12:41:22.037000,5c,Toxicity,Original,,144.21469116210938,0.3856505751609802,55.53948974609375,0.6612209677696228,0.8297105431556702,0.36375102400779724,11.153897285461426,3.8917367458343506,3.2193822860717773,0.206894651055336,0.20980407297611237,0.1947748363018036,19.192424774169922,0,0.11921726912260056,13.545125007629395,5.686269760131836,37,25,30,0,
2025-12-17 12:41:24.037000,5c,Toxicity,Original,,164.43438720703125,0.38324159383773804,63.0361442565918,0.6348792910575867,0.8147521018981934,0.19644886255264282,11.153897285461426,4.9670257568359375,3.6712915897369385,0.17679081857204437,0.18829762935638428,0.22722449898719788,9.595260620117188,0,0.10630251467227936,8.101860046386719,4.784087181091309,37,25,30,0,
2025-12-17 12:41:26.037000,5c,Toxicity,Original,,166.28506469726562,0.39488905668258667,65.29507446289062,0.6300449967384338,0.7024433612823486,0.4575047492980957,11.153897285461426,5.037076950073242,4.687846660614014,0.17371192574501038,0.19144770503044128,0.2763170897960663,5.45928955078125,18.939294815063477,0.11394789814949036,14.130067825317383,3.139503002166748,37,25,30,57.14285659790039,
2025-12-17 12:41:28.037000,5c,Toxicity,Original,,175.38510131835938,0.39940428733825684,69.76935577392578,0.5337877869606018,0.7818796634674072,0.48740115761756897,11.153897285461426,6.114016056060791,4.318987846374512,0.1458011269569397,0.1972646713256836,0.2087063193321228,13.218064308166504,43.5212516784668,0.112486831843853,11.425738334655762,7.726047515869141,37,25,30,33.33333206176758,
2025-12-17 12:41:28.037000,FinePointe Series WBP [SN 139781]  Site 4 Bias Flow is out of range.,,,,,,,,,,,,,,,,,,,,,,,,,
2025-12-17 12:41:28.037000,FinePointe Series WBP [SN 139781]  Site 1 Bias Flow is out of range.,,,,,,,,,,,,,,,,,,,,,,,,,
2025-12-17 12:41:30.037000,5c,Toxicity,Original,,195.93759155273438,0.40385138988494873,79.30111694335938,0.6541736721992493,0.7380391359329224,0.23185080289840698,11.153897285461426,5.396605014801025,4.576452732086182,0.1440747082233429,0.16220061480998993,0.19777144491672516,4.603579998016357,0,0.09443897008895874,8.550034523010254,9.311175346374512,37,25,30,75,
2025-12-17 12:41:32.037000,5c,Toxicity,Original,,169.88534545898438,0.4045979380607605,68.52367401123047,0.6843432784080505,0.854865312576294,0.2658255696296692,11.153897285461426,5.191659927368164,4.115109920501709,0.16150067746639252,0.20289984345436096,0.208222433924675,6.844853401184082,3.4082069396972656,0.11258038133382797,5.842230796813965,6.720226287841797,37,25,30,0,
2025-12-17 12:41:34.037000,5c,Toxicity,Original,,117.43247985839844,0.46327459812164307,53.53812026977539,0.25641024112701416,0.4632134437561035,0.550859808921814,11.153897285461426,5.458701133728027,3.727752208709717,0.20860111713409424,0.3186377286911011,0.12955749034881592,57.07575225830078,155.43096923828125,0.23027575016021729,8.038887977600098,0.3355433940887451,37,25,30,50,
2025-12-17 12:41:34.037000,FinePointe Series WBP [SN 139781]  Site 2 Bias Flow is out of range.,,,,,,,,,,,,,,,,,,,,,,,,,
2025-12-17 12:41:36.037000,5c,Toxicity,Original,,156.6497039794922,0.4288264214992523,67.32762908935547,0.6381700038909912,0.769722580909729,0.3349800109863281,11.153897285461426,4.873439788818359,4.068729400634766,0.17713944613933563,0.20783817768096924,0.1893545240163803,16.41202735900879,0,0.1196964681148529,10.537994384765625,3.3890063762664795,37,25,30,25,
2025-12-17 12:41:38.037000,5c,Toxicity,Original,,147.81053161621094,0.4254884421825409,62.9987678527832,0.5938284397125244,0.7459509372711182,0.30423349142074585,11.153897285461426,4.704128742218018,3.388934850692749,0.18558663129806519,0.2216966599225998,0.1775130182504654,13.348896026611328,24.67245101928711,0.13022680580615997,8.150176048278809,4.103084087371826,37,25,30,0,
2025-12-17 12:41:38.037000,FinePointe Series WBP [SN 139781]  Site 4 Bias Flow is out of range.,,,,,,,,,,,,,,,,,,,,,,,,,
2025-12-17 12:41:38.037000,FinePointe Series WBP [SN 139781]  Site 1 Bias Flow is out of range.,,,,,,,,,,,,,,,,,,,,,,,,,
2025-12-17 12:41:40.037000,5c,Toxicity,Original,,150.1797332763672,0.42106062173843384,63.228946685791016,1.0149935483932495,0.9964403510093689,0.3604836165904999,11.153897285461426,4.549813270568848,4.886272430419922,0.20175810158252716,0.19870181381702423,0.23320485651493073,29.209529876708984,0,0.103960782289505,7.33710241317749,9.484679222106934,37,25,30,0,
2025-12-17 12:41:42.037000,5c,Toxicity,Original,,143.47328186035156,0.4050322473049164,58.19242477416992,0.5678051710128784,0.7398568391799927,0.35247817635536194,11.153897285461426,4.119561672210693,3.2022340297698975,0.20492810010910034,0.21359696984291077,0.19998086988925934,16.434724807739258,0,0.12788532674312592,11.422658920288086,5.0038018226623535,37,25,30,0,
2025-12-17 12:41:42.037000,FinePointe Series WBP [SN 139781]  Site 2 Bias Flow is out of range.,,,,,,,,,,,,,,,,,,,,,,,,,
2025-12-17 12:41:44.037000,5c,Toxicity,Original,,147.85853576660156,0.42745211720466614,63.1776123046875,0.8487081527709961,0.9641736149787903,0.24517925083637238,11.153897285461426,4.146596908569336,3.3631112575531006,0.2000061571598053,0.20651645958423615,0.20537541806697845,6.787099361419678,1.6316747665405273,0.10917417705059052,6.584070682525635,7.869297504425049,37,25,30,0,
2025-12-17 12:41:46.037000,5c,Toxicity,Original,,139.6888885498047,0.38580504059791565,53.7757682800293,1.0426143407821655,0.9115918874740601,0.25327929854393005,11.153897285461426,3.3172712326049805,3.7629265785217285,0.20653820037841797,0.22363287210464478,0.18078893423080444,13.233818054199219,0,0.12337659299373627,8.82277774810791,8.68472671508789,37,25,30,0,
2025-12-17 12:41:48.037000,5c,Toxicity,Original,,141.77740478515625,0.38524767756462097,54.63258361816406,0.8011279702186584,0.8931432962417603,0.2282111942768097,11.153897285461426,3.833491086959839,3.396789073944092,0.21839164197444916,0.20504222810268402,0.20313987135887146,18.446298599243164,0,0.11331617087125778,16.838655471801758,6.866607666015625,37,25,30,0,
2025-12-17 12:41:48.037000,FinePointe Series WBP [SN 139781]  Site 4 Bias Flow is out of range.,,,,,,,,,,,,,,,,,,,,,,,,,
2025-12-17 12:41:48.037000,FinePointe Series WBP [SN 139781]  Site 1 Bias Flow is out of range.,,,,,,,,,,,,,,,,,,,,,,,,,
2025-12-17 12:41:50.037000,5c,Toxicity,Original,,140.42782592773438,0.4055401086807251,56.911468505859375,0.9553253054618835,0.9633788466453552,0.22194160521030426,11.153897285461426,3.6132469177246094,3.6453206539154053,0.2152251899242401,0.21248620748519897,0.17939786612987518,12.753931999206543,0,0.11205743253231049,8.000814437866211,4.3918633460998535,37,25,30,0,
2025-12-17 12:41:52.037000,5c,Toxicity,Original,,140.59228515625,0.4074743986129761,57.33137512207031,1.0805294513702393,1.0676231384277344,0.18310295045375824,11.153897285461426,3.346310615539551,3.4223341941833496,0.22041264176368713,0.20658718049526215,0.2108791172504425,11.400657653808594,0,0.1029064729809761,9.177482604980469,10.75120735168457,37,25,30,0,
2025-12-17 12:41:52.037000,FinePointe Series WBP [SN 139781]  Site 2 Bias Flow is out of range.,,,,,,,,,,,,,,,,,,,,,,,,,
2025-12-17 12:41:54.037000,5c,Toxicity,Original,,142.22853088378906,0.41201937198638916,58.619625091552734,0.7004324197769165,0.7853660583496094,0.2771162688732147,11.153897285461426,3.8942062854766846,3.4374847412109375,0.2136094570159912,0.20841030776500702,0.1811319887638092,7.658470153808594,0,0.12006697058677673,10.882315635681152,4.242878437042236,37,25,30,0,
2025-12-17 12:41:56.037000,5c,Toxicity,Original,,142.09707641601562,0.37794941663742065,53.73081970214844,0.5675247311592102,0.6961873173713684,0.31588518619537354,11.153897285461426,3.686253786087036,2.9711594581604004,0.2073620855808258,0.2150408774614334,0.184776172041893,22.59016227722168,0,0.13484476506710052,12.819533348083496,4.612218379974365,37,25,30,0,
2025-12-17 12:41:58.037000,5c,Toxicity,Original,,141.62620544433594,0.3586929440498352,50.84709167480469,1.0603604316711426,1.039413332939148,0.1955537348985672,11.153897285461426,3.360692024230957,3.2883307933807373,0.216201052069664,0.20760776102542877,0.1850353628396988,20.750089645385742,0,0.10492440313100815,10.238754272460938,6.100805282592773,37,25,30,28.571428298950195,
2025-12-17 12:41:58.037000,FinePointe Series WBP [SN 139781]  Site 4 Bias Flow is out of range.,,,,,,,,,,,,,,,,,,,,,,,,,
2025-12-17 12:41:58.037000,FinePointe Series WBP [SN 139781]  Site 1 Bias Flow is out of range.,,,,,,,,,,,,,,,,,,,,,,,,,
2025-12-17 12:42:00.037000,5c,Toxicity,Original,,143.9352569580078,0.38128462433815,54.880943298339844,0.9289283156394958,0.9597029685974121,0.30858200788497925,11.153897285461426,3.604656457901001,3.56441593170166,0.2238982617855072,0.19360171258449554,0.21566498279571533,8.085963249206543,0,0.10227072983980179,13.862683296203613,7.758707523345947,37,25,30,0,
2025-12-17 12:42:02.037000,5c,Toxicity,Original,,142.1680450439453,0.3881016969680786,55.24264144897461,0.5867094993591309,0.7799980044364929,0.41320908069610596,11.153897285461426,3.866302490234375,3.0023014545440674,0.21076646447181702,0.21192540228366852,0.20965245366096497,24.833581924438477,0,0.12490158528089523,14.939438819885254,5.994376182556152,37,25,30,0,
2025-12-17 12:42:04.037000,5c,Toxicity,Original,,140.1888427734375,0.4098646342754364,57.421852111816406,0.6997221112251282,0.8803800940513611,0.27938312292099,11.153897285461426,3.902383327484131,3.073038339614868,0.21645544469356537,0.2121836096048355,0.2025049328804016,10.777225494384766,0,0.1168377697467804,10.664685249328613,5.40627384185791,37,25,30,0,
2025-12-17 12:42:04.037000,FinePointe Series WBP [SN 139781]  Site 2 Bias Flow is out of range.,,,,,,,,,,,,,,,,,,,,,,,,,
2025-12-17 12:42:06.037000,5c,Toxicity,Original,,145.89503479003906,0.3921024203300476,57.2462043762207,0.6748529672622681,0.76460200548172,0.38723987340927124,11.153897285461426,3.890533447265625,3.359578847885132,0.19770154356956482,0.21488353610038757,0.14794282615184784,7.9506120681762695,0,0.12914115190505981,7.979521751403809,1.9667943716049194,37,25,30,0,
2025-12-17 12:42:08.037000,5c,Toxicity,Original,,139.8157196044922,0.37726378440856934,52.773963928222656,0.8446056246757507,0.9526474475860596,0.19624251127243042,11.153897285461426,3.829162836074829,3.2806930541992188,0.2178785800933838,0.21158814430236816,0.19246694445610046,7.813265323638916,0,0.11428479850292206,8.141060829162598,8.645798683166504,37,25,30,0,
2025-12-17 12:42:08.037000,FinePointe Series WBP [SN 139781]  Site 4 Bias Flow is out of range.,,,,,,,,,,,,,,,,,,,,,,,,,
2025-12-17 12:42:10.037000,5c,Toxicity,Original,,143.60145568847656,0.3974095582962036,57.05504608154297,0.6178134083747864,0.7720250487327576,0.3975500166416168,11.153897285461426,4.025064468383789,3.2115278244018555,0.20384061336517334,0.21551118791103363,0.19678741693496704,9.661514282226562,0,0.13128779828548431,8.074302673339844,5.826314449310303,37,25,30,0,
2025-12-17 12:42:10.037000,FinePointe Series WBP [SN 139781]  Site 1 Bias Flow is out of range.,,,,,,,,,,,,,,,,,,,,,,,,,
2025-12-17 12:42:12.037000,5c,Toxicity,Original,,137.53659057617188,0.40773582458496094,56.073272705078125,0.7490167021751404,0.8704153895378113,0.1539103239774704,11.153897285461426,3.671592950820923,3.0390191078186035,0.20776504278182983,0.22886253893375397,0.1701645404100418,7.12459135055542,0,0.12651851773262024,6.405871391296387,6.806087970733643,37,25,30,0,
2025-12-17 12:42:14.037000,5c,Toxicity,Original,,139.85169982910156,0.38964903354644775,54.488494873046875,0.9682584404945374,1.0095844268798828,0.2591633200645447,11.153897285461426,3.580399751663208,3.3658268451690674,0.22560778260231018,0.20361939072608948,0.20273251831531525,7.0640153884887695,0,0.10646165907382965,12.050997734069824,6.279922008514404,37,25,30,0,
2025-12-17 12:42:14.037000,FinePointe Series WBP [SN 139781]  Site 2 Bias Flow is out of range.,,,,,,,,,,,,,,,,,,,,,,,,,
2025-12-17 12:42:16.037000,5c,Toxicity,Original,,139.8468017578125,0.40062659978866577,56.03803253173828,0.6311156153678894,0.7314999103546143,0.2569633424282074,11.153897285461426,3.752540349960327,3.2489027976989746,0.2172897905111313,0.21186865866184235,0.1687707006931305,14.758108139038086,0,0.12696881592273712,11.892135620117188,3.2062485218048096,37,25,30,0,
2025-12-17 12:42:18.037000,5c,Toxicity,Original,,145.95899963378906,0.404162734746933,59.0228271484375,0.6541635990142822,0.7377136945724487,0.1937820166349411,11.153897285461426,3.9301626682281494,3.3795785903930664,0.2003970593214035,0.21205006539821625,0.14943775534629822,9.98111343383789,0,0.12662352621555328,6.256826400756836,3.7103939056396484,37,25,30,0,
2025-12-17 12:42:18.037000,FinePointe Series WBP [SN 139781]  Site 4 Bias Flow is out of range.,,,,,,,,,,,,,,,,,,,,,,,,,
2025-12-17 12:42:20.037000,5c,Toxicity,Original,,139.17799377441406,0.3772689700126648,52.540321350097656,0.823264479637146,0.9512338042259216,0.2041352242231369,11.153897285461426,3.780273675918579,3.329946279525757,0.21094463765621185,0.2202729433774948,0.19015172123908997,7.7112321853637695,0,0.11589589715003967,8.904779434204102,4.729168891906738,37,25,30,0,
2025-12-17 12:42:20.037000,FinePointe Series WBP [SN 139781]  Site 1 Bias Flow is out of range.,,,,,,,,,,,,,,,,,,,,,,,,,
2025-12-17 12:42:22.037000,5c,Toxicity,Original,,138.9856719970703,0.3752268850803375,52.202110290527344,0.6888694167137146,0.8633043766021729,0.21099092066287994,11.153897285461426,3.7662200927734375,2.826169490814209,0.21143363416194916,0.22056648135185242,0.16220487654209137,10.093339920043945,0,0.12779641151428223,12.025019645690918,10.854625701904297,37,25,30,0,
2025-12-17 12:42:24.037000,5c,Toxicity,Original,,139.59361267089844,0.3864087760448456,53.9404182434082,0.8821137547492981,0.9925694465637207,0.3760031461715698,11.153897285461426,3.49399471282959,3.1609668731689453,0.2250581532716751,0.20480962097644806,0.22590428590774536,8.035258293151855,9.5582857131958,0.11111113429069519,11.443517684936523,10.011366844177246,37,25,30,0,
2025-12-17 12:42:24.037000,FinePointe Series WBP [SN 139781]  Site 2 Bias Flow is out of range.,,,,,,,,,,,,,,,,,,,,,,,,,
2025-12-17 12:42:26.037000,5c,Toxicity,Original,,147.65383911132812,0.3993088901042938,59.052001953125,0.5720720291137695,0.704520583152771,0.2727276682853699,11.153897285461426,4.069259166717529,3.289658308029175,0.20358949899673462,0.2038823664188385,0.18760530650615692,11.941993713378906,0,0.12679392099380493,10.278193473815918,2.8407678604125977,37,25,30,0,
2025-12-17 12:42:28.037000,5c,Toxicity,Original,,138.6935577392578,0.42571553587913513,59.012447357177734,0.6948204040527344,0.8508248925209045,0.18296211957931519,11.153897285461426,4.271674156188965,3.579829216003418,0.20389868319034576,0.22891750931739807,0.15522019565105438,23.0167293548584,0,0.12876136600971222,9.122032165527344,5.722776412963867,37,25,30,0,
2025-12-17 12:42:28.037000,FinePointe Series WBP [SN 139781]  Site 4 Bias Flow is out of range.,,,,,,,,,,,,,,,,,,,,,,,,,
2025-12-17 12:42:30.037000,5c,Toxicity,Original,,139.87591552734375,0.3843449354171753,53.75172805786133,0.8237351775169373,0.8941388130187988,0.19929425418376923,11.153897285461426,3.622763156890869,3.3625295162200928,0.21117733418941498,0.2179892510175705,0.17814119160175323,8.654020309448242,0,0.11979541927576065,10.067975997924805,7.070135116577148,37,25,30,0,
2025-12-17 12:42:30.037000,FinePointe Series WBP [SN 139781]  Site 1 Bias Flow is out of range.,,,,,,,,,,,,,,,,,,,,,,,,,
2025-12-17 12:42:32.037000,5c,Toxicity,Original,,140.90834045410156,0.397542268037796,56.05121612548828,0.6665138006210327,0.7905030250549316,0.19437964260578156,11.153897285461426,3.7069928646087646,3.0365304946899414,0.21670858561992645,0.20916904509067535,0.1965843290090561,8.965782165527344,3.0373082160949707,0.12252147495746613,9.62808895111084,6.261506080627441,37,25,30,0,
2025-12-17 12:42:34.037000,5c,Toxicity,Original,,140.32244873046875,0.3992389142513275,56.0340576171875,0.666499137878418,0.7824105024337769,0.29828983545303345,11.153897285461426,3.6557459831237793,3.0935988426208496,0.21680442988872528,0.21091002225875854,0.14921191334724426,9.655701637268066,0,0.12412260472774506,9.61860179901123,5.641679763793945,37,25,30,0,
2025-12-17 12:42:34.037000,FinePointe Series WBP [SN 139781]  Site 2 Bias Flow is out of range.,,,,,,,,,,,,,,,,,,,,,,,,,
2025-12-17 12:42:36.037000,5c,Toxicity,Original,,142.02749633789062,0.38513919711112976,54.7193717956543,0.5630776882171631,0.7585279941558838,0.3441827893257141,11.153897285461426,4.174022674560547,3.1291868686676025,0.20651336014270782,0.2163880467414856,0.20651809871196747,12.119514465332031,0,0.1286730021238327,13.972131729125977,3.57883620262146,37,25,30,0,
2025-12-17 12:42:38.037000,5c,Toxicity,Original,,138.07095336914062,0.37457403540611267,51.795711517333984,0.6893434524536133,0.8121713995933533,0.25268325209617615,11.153897285461426,3.5597329139709473,3.0211966037750244,0.22457237541675568,0.2107486128807068,0.18353432416915894,8.275201797485352,0,0.12018921971321106,9.300191879272461,5.3131303787231445,37,25,30,0,
2025-12-17 12:42:38.037000,FinePointe Series WBP [SN 139781]  Site 4 Bias Flow is out of range.,,,,,,,,,,,,,,,,,,,,,,,,,
2025-12-17 12:42:38.037000,FinePointe Series WBP [SN 139781]  Site 1 Bias Flow is out of range.,,,,,,,,,,,,,,,,,,,,,,,,,
2025-12-17 12:42:40.037000,5c,Toxicity,Original,,142.8810272216797,0.40386760234832764,57.74943161010742,0.7654451131820679,0.8648871183395386,0.20224910974502563,11.153897285461426,3.788569211959839,3.3848555088043213,0.21263976395130157,0.20752780139446259,0.16210150718688965,12.2486572265625,0,0.11642210185527802,13.899629592895508,5.503673076629639,37,25,30,0,
2025-12-17 12:42:42.037000,5c,Toxicity,Original,,140.1945343017578,0.3955259919166565,55.57931900024414,0.9266935586929321,1.0246888399124146,0.32287460565567017,11.153897285461426,3.788252592086792,3.5534274578094482,0.22644805908203125,0.20169074833393097,0.23248745501041412,15.987424850463867,0,0.10496510565280914,11.091917991638184,7.660704612731934,37,25,30,0,
2025-12-17 12:42:44.037000,5c,Toxicity,Original,,147.32981872558594,0.40152183175086975,59.02342987060547,0.49469614028930664,0.6765139102935791,0.25788354873657227,11.153897285461426,4.411535263061523,3.140126943588257,0.19564267992973328,0.21369214355945587,0.1857975870370865,13.188931465148926,0,0.13249875605106354,9.721490859985352,3.1674106121063232,37,25,30,0,
2025-12-17 12:42:44.037000,FinePointe Series WBP [SN 139781]  Site 2 Bias Flow is out of range.,,,,,,,,,,,,,,,,,,,,,,,,,
2025-12-17 12:42:46.037000,5c,Toxicity,Original,,150.08689880371094,0.40061071515083313,60.09866714477539,0.4134807884693146,0.6640212535858154,0.2733924388885498,11.153897285461426,5.031047344207764,3.116631269454956,0.17377939820289612,0.22648830711841583,0.16060540080070496,13.436883926391602,0,0.1395178884267807,8.160468101501465,2.764589786529541,37,25,30,0,
2025-12-17 12:42:48.037000,5c,Toxicity,Original,,134.08935546875,0.35117486119270325,47.11649703979492,0.49936962127685547,0.6866021156311035,0.17984451353549957,11.153897285461426,4.035586357116699,2.80126690864563,0.1976061314344406,0.24999666213989258,0.17881539463996887,21.030925750732422,0,0.15347479283809662,10.205604553222656,4.738818645477295,37,25,30,0,
2025-12-17 12:42:48.037000,FinePointe Series WBP [SN 139781]  Site 4 Bias Flow is out of range.,,,,,,,,,,,,,,,,,,,,,,,,,
2025-12-17 12:42:48.037000,FinePointe Series WBP [SN 139781]  Site 1 Bias Flow is out of range.,,,,,,,,,,,,,,,,,,,,,,,,,
2025-12-17 12:42:50.037000,5c,Toxicity,Original,,143.27365112304688,0.4211307764053345,60.45120620727539,0.5767213702201843,0.7682081460952759,0.25297558307647705,11.153897285461426,4.136869430541992,3.047755241394043,0.20258520543575287,0.21732854843139648,0.1641705483198166,8.864339828491211,26.297107696533203,0.12864969670772552,6.861619472503662,4.346898078918457,37,25,30,0,
2025-12-17 12:42:52.037000,5c,Toxicity,Original,,139.8228759765625,0.3971611261367798,55.56565475463867,0.4492795467376709,0.7013273239135742,0.17222939431667328,11.153897285461426,4.483035564422607,2.796103000640869,0.18897582590579987,0.24061627686023712,0.1391683965921402,11.018173217773438,31.133275985717773,0.14453460276126862,5.252875328063965,5.904330730438232,37,25,30,0,
2025-12-17 12:42:52.037000,FinePointe Series WBP [SN 139781]  Site 2 Bias Flow is out of range.,,,,,,,,,,,,,,,,,,,,,,,,,
2025-12-17 12:42:54.037000,5c,Toxicity,Original,,149.76206970214844,0.38805508613586426,58.480560302734375,0.4214820861816406,0.6211459636688232,0.6234643459320068,11.153897285461426,4.241103172302246,2.9219870567321777,0.18903642892837524,0.21701370179653168,0.2042659968137741,12.485857009887695,0,0.13864213228225708,10.0670804977417,3.942777156829834,37,25,30,0,
2025-12-17 12:42:56.037000,5c,Toxicity,Original,,127.9295883178711,0.3983098566532135,51.36736297607422,0.5424495935440063,0.6859358549118042,0.16913369297981262,11.153897285461426,4.197991371154785,3.408304452896118,0.20910511910915375,0.27025291323661804,0.15081298351287842,14.316045761108398,83.41947174072266,0.17001141607761383,7.887243270874023,3.8964686393737793,37,25,30,0,
2025-12-17 12:42:58.037000,5c,Toxicity,Original,,140.82473754882812,0.39217376708984375,55.28098678588867,0.8494221568107605,0.8368885517120361,0.18620198965072632,11.153897285461426,3.194087505340576,3.261406421661377,0.21321290731430054,0.21299755573272705,0.17993348836898804,10.932516098022461,0,0.12103673815727234,8.816807746887207,4.581734657287598,37,25,30,0,
2025-12-17 12:42:58.037000,FinePointe Series WBP [SN 139781]  Site 4 Bias Flow is out of range.,,,,,,,,,,,,,,,,,,,,,,,,,
2025-12-17 12:42:58.037000,FinePointe Series WBP [SN 139781]  Site 1 Bias Flow is out of range.,,,,,,,,,,,,,,,,,,,,,,,,,
2025-12-17 12:43:00.037000,5c,Toxicity,Original,,143.51011657714844,0.3741508424282074,53.801918029785156,0.8399800062179565,0.8944458365440369,0.2523728609085083,11.153897285461426,3.362931251525879,3.3172507286071777,0.21795983612537384,0.20059829950332642,0.19870278239250183,7.9297261238098145,0,0.11159176379442215,13.932841300964355,6.358301162719727,37,25,30,0,
2025-12-17 12:43:02.037000,5c,Toxicity,Original,,140.4960174560547,0.42317497730255127,59.447750091552734,0.8762250542640686,0.908710241317749,0.18581931293010712,11.153897285461426,3.5273056030273438,3.2951157093048096,0.2221066802740097,0.20521105825901031,0.19523994624614716,9.372084617614746,0,0.11370769888162613,10.09483814239502,7.149375915527344,37,25,30,0,
2025-12-17 12:43:04.037000,5c,Toxicity,Original,,146.9923858642578,0.38888096809387207,56.88182067871094,0.795437753200531,0.8401346206665039,0.18973414599895477,11.153897285461426,3.6731131076812744,3.3175292015075684,0.20020681619644165,0.21038448810577393,0.1920858472585678,8.637152671813965,0,0.11814140528440475,6.765021324157715,5.571552753448486,37,25,30,28.571428298950195,
2025-12-17 12:43:04.037000,FinePointe Series WBP [SN 139781]  Site 2 Bias Flow is out of range.,,,,,,,,,,,,,,,,,,,,,,,,,
2025-12-17 12:43:06.037000,5c,Toxicity,Original,,138.20774841308594,0.39589476585388184,54.55955505371094,0.7591325640678406,0.834835946559906,0.16755153238773346,11.153897285461426,3.8406708240509033,3.213499069213867,0.21713337302207947,0.21734383702278137,0.18416467308998108,6.715908527374268,0,0.12389591336250305,9.263590812683105,7.741359233856201,37,25,30,0,
2025-12-17 12:43:08.037000,5c,Toxicity,Original,,142.48089599609375,0.40620478987693787,57.9608154296875,0.6186079382896423,0.8534203767776489,0.2040182650089264,11.153897285461426,4.210404872894287,2.945688009262085,0.21347594261169434,0.20811350643634796,0.1442408710718155,16.155345916748047,0,0.1180332750082016,12.275588035583496,2.1381702423095703,37,25,30,0,
2025-12-17 12:43:08.037000,FinePointe Series WBP [SN 139781]  Site 4 Bias Flow is out of range.,,,,,,,,,,,,,,,,,,,,,,,,,
2025-12-17 12:43:10.037000,5c,Toxicity,Original,,143.91546630859375,0.38073500990867615,54.745731353759766,0.7285694479942322,0.8294596672058105,0.37760084867477417,11.153897285461426,3.845900535583496,3.2095417976379395,0.1987455189228058,0.2192598283290863,0.19543945789337158,7.109864234924316,0,0.12462268024682999,8.068204879760742,4.256453514099121,37,25,30,0,
2025-12-17 12:43:10.037000,FinePointe Series WBP [SN 139781]  Site 1 Bias Flow is out of range.,,,,,,,,,,,,,,,,,,,,,,,,,
2025-12-17 12:43:12.037000,5c,Toxicity,Original,,137.5254364013672,0.404929518699646,55.69746780395508,0.5715891122817993,0.7351730465888977,0.17916037142276764,11.153897285461426,4.094993591308594,3.2275307178497314,0.21091143786907196,0.2254127711057663,0.16441674530506134,7.301628112792969,0,0.13348501920700073,8.752824783325195,3.43996000289917,37,25,30,0,
2025-12-17 12:43:14.037000,5c,Toxicity,Original,,146.24090576171875,0.40129944682121277,58.64981460571289,0.6440672874450684,0.8025074005126953,0.2525877058506012,11.153897285461426,3.838188886642456,3.0337603092193604,0.2103288769721985,0.2017885446548462,0.16544900834560394,7.163305282592773,0,0.11561485379934311,7.6662139892578125,3.4780755043029785,37,25,30,0,
2025-12-17 12:43:14.037000,FinePointe Series WBP [SN 139781]  Site 2 Bias Flow is out of range.,,,,,,,,,,,,,,,,,,,,,,,,,
2025-12-17 12:43:16.037000,5c,Toxicity,Original,,137.50466918945312,0.43497520685195923,59.83702850341797,0.5203832387924194,0.7635037899017334,0.2492295354604721,11.153897285461426,4.569799423217773,3.1057019233703613,0.2099810242652893,0.2264423668384552,0.16351203620433807,11.499943733215332,0,0.13347508013248444,11.722431182861328,1.2036458253860474,37,25,30,0,
2025-12-17 12:43:18.037000,5c,Toxicity,Original,,138.05517578125,0.3533465266227722,48.74229049682617,0.9905287623405457,0.9717828631401062,0.21088416874408722,11.153897285461426,3.1681008338928223,3.1305203437805176,0.21438002586364746,0.2204774022102356,0.1772013008594513,8.529507637023926,0,0.11508577316999435,7.292513370513916,9.331788063049316,37,25,30,0,
2025-12-17 12:43:18.037000,FinePointe Series WBP [SN 139781]  Site 4 Bias Flow is out of range.,,,,,,,,,,,,,,,,,,,,,,,,,
2025-12-17 12:43:20.037000,5c,Toxicity,Original,,141.22084045410156,0.38367971777915955,54.1221923828125,0.592894434928894,0.6671338081359863,0.5301642417907715,11.153897285461426,3.3518571853637695,2.886046886444092,0.20679524540901184,0.21816745400428772,0.16865725815296173,13.753007888793945,0,0.13502688705921173,9.773993492126465,5.9044623374938965,37,25,30,0,
2025-12-17 12:43:20.037000,FinePointe Series WBP [SN 139781]  Site 1 Bias Flow is out of range.,,,,,,,,,,,,,,,,,,,,,,,,,
2025-12-17 12:43:22.037000,5c,Toxicity,Original,,142.58001708984375,0.39002829790115356,55.615570068359375,0.7269905209541321,0.8013420701026917,0.28931325674057007,11.153897285461426,3.625638008117676,3.250365972518921,0.20882876217365265,0.21226634085178375,0.18352098762989044,15.156403541564941,0,0.12319820374250412,8.693093299865723,4.414790630340576,37,25,30,0,
2025-12-17 12:43:24.037000,5c,Toxicity,Original,,141.12442016601562,0.40048664808273315,56.49482345581055,0.9073989987373352,0.9057257771492004,0.3153206706047058,11.153897285461426,3.1843302249908447,3.2725112438201904,0.2112061232328415,0.2141188085079193,0.18371470272541046,7.578617095947266,0,0.11780587583780289,5.983670234680176,6.3838629722595215,37,25,30,0,
2025-12-17 12:43:24.037000,FinePointe Series WBP [SN 139781]  Site 2 Bias Flow is out of range.,,,,,,,,,,,,,,,,,,,,,,,,,
2025-12-17 12:43:26.037000,5c,Toxicity,Original,,143.43138122558594,0.4016907811164856,57.49858474731445,0.7176127433776855,0.8076272010803223,0.26163312792778015,11.153897285461426,4.4915313720703125,3.5355143547058105,0.20154257118701935,0.2187959849834442,0.16094164550304413,8.626313209533691,0,0.12589865922927856,7.728851795196533,3.55169415473938,37,25,30,0,
2025-12-17 12:43:28.037000,5c,Toxicity,Original,,137.18576049804688,0.40064194798469543,54.9344482421875,0.7263532876968384,0.8402570486068726,0.17448844015598297,11.153897285461426,3.625234842300415,3.0175342559814453,0.21450228989124298,0.2229849100112915,0.1720716655254364,6.542202472686768,0,0.1250208020210266,8.181478500366211,4.143459320068359,37,25,30,0,
2025-12-17 12:43:28.037000,FinePointe Series WBP [SN 139781]  Site 4 Bias Flow is out of range.,,,,,,,,,,,,,,,,,,,,,,,,,
2025-12-17 12:43:30.037000,5c,Toxicity,Original,,138.7104034423828,0.39806830883026123,55.18623352050781,0.4942474365234375,0.6632450222969055,0.361321359872818,11.153897285461426,4.114399433135986,3.1305699348449707,0.20423072576522827,0.22864380478858948,0.15812800824642181,7.957836151123047,25.711669921875,0.14059486985206604,6.347506523132324,2.142589569091797,37,25,30,0,
2025-12-17 12:43:30.037000,FinePointe Series WBP [SN 139781]  Site 1 Bias Flow is out of range.,,,,,,,,,,,,,,,,,,,,,,,,,
2025-12-17 12:43:32.037000,5c,Toxicity,Original,,138.8402099609375,0.37460923194885254,51.995445251464844,0.6694545745849609,0.7779040336608887,0.24566605687141418,11.153897285461426,3.440502166748047,2.9481775760650635,0.21916890144348145,0.21302413940429688,0.16948477923870087,14.656034469604492,0,0.12521831691265106,11.611846923828125,3.563995838165283,37,25,30,0,
2025-12-17 12:43:34.037000,5c,Toxicity,Original,,141.65272521972656,0.4009319543838501,56.741451263427734,0.9066371321678162,0.9139268398284912,0.3582130968570709,11.153897285461426,3.5493004322052,3.399442672729492,0.2144831418991089,0.20931796729564667,0.19067075848579407,13.015204429626465,0,0.11452449858188629,10.038987159729004,5.677761077880859,37,25,30,0,
2025-12-17 12:43:34.037000,FinePointe Series WBP [SN 139781]  Site 2 Bias Flow is out of range.,,,,,,,,,,,,,,,,,,,,,,,,,
2025-12-17 12:43:36.037000,5c,Toxicity,Original,,142.4208221435547,0.39579370617866516,56.377960205078125,0.7338487505912781,0.7561361193656921,0.2752456068992615,11.153897285461426,3.117833375930786,3.0284252166748047,0.22030824422836304,0.20103709399700165,0.166876420378685,5.552999973297119,0,0.11706363409757614,10.606698036193848,1.6975021362304688,37,25,30,0,
2025-12-17 12:43:38.037000,5c,Toxicity,Original,,141.41810607910156,0.39215633273124695,55.36161804199219,0.796432375907898,0.8647896647453308,0.20620191097259521,11.153897285461426,3.8236382007598877,3.2945706844329834,0.21635885536670685,0.20840507745742798,0.16656823456287384,8.181259155273438,0,0.11464491486549377,8.923110961914062,5.820329666137695,37,25,30,0,
2025-12-17 12:43:38.037000,FinePointe Series WBP [SN 139781]  Site 4 Bias Flow is out of range.,,,,,,,,,,,,,,,,,,,,,,,,,
2025-12-17 12:43:38.037000,FinePointe Series WBP [SN 139781]  Site 1 Bias Flow is out of range.,,,,,,,,,,,,,,,,,,,,,,,,,
2025-12-17 12:43:40.037000,5c,Toxicity,Original,,138.98175048828125,0.3533048629760742,49.12301254272461,0.6886194944381714,0.7644273042678833,0.3143863379955292,11.153897285461426,3.4949347972869873,3.0715579986572266,0.21964852511882782,0.21222957968711853,0.18501010537147522,8.63419246673584,0,0.12443627417087555,10.904656410217285,1.9198182821273804,37,25,30,0,
2025-12-17 12:43:42.037000,5c,Toxicity,Original,,142.03982543945312,0.4045521020889282,57.46023178100586,0.5414814352989197,0.6918357610702515,0.2743096649646759,11.153897285461426,3.803515672683716,3.088071823120117,0.21714289486408234,0.2055692821741104,0.17906667292118073,7.976635932922363,0,0.12459968030452728,9.069174766540527,3.617892265319824,37,25,30,0,
2025-12-17 12:43:44.037000,5c,Toxicity,Original,,141.109375,0.38209980726242065,54.12443923950195,0.8743846416473389,0.9270849823951721,0.28320252895355225,11.153897285461426,3.585509777069092,3.3551886081695557,0.21902018785476685,0.2070448398590088,0.18997308611869812,8.008650779724121,0,0.1141091138124466,5.793783187866211,8.819839477539062,37,25,30,0,
2025-12-17 12:43:44.037000,FinePointe Series WBP [SN 139781]  Site 2 Bias Flow is out of range.,,,,,,,,,,,,,,,,,,,,,,,,,
2025-12-17 12:43:46.037000,5c,Toxicity,Original,,141.65298461914062,0.37248700857162476,52.78614044189453,1.023915410041809,0.9553470611572266,0.1650528907775879,11.153897285461426,3.083669424057007,3.284062623977661,0.21789318323135376,0.20571306347846985,0.16125749051570892,10.850574493408203,0,0.11038066446781158,8.629873275756836,7.978817462921143,37,25,30,0,
2025-12-17 12:43:48.037000,5c,Toxicity,Original,,140.71435546875,0.37421807646751404,52.69914627075195,0.6818710565567017,0.8169747591018677,0.29085659980773926,11.153897285461426,3.5352964401245117,2.9726195335388184,0.2102900892496109,0.21637089550495148,0.18511192500591278,8.747870445251465,0,0.12478476017713547,5.864841938018799,7.365063190460205,37,25,30,0,
2025-12-17 12:43:48.037000,FinePointe Series WBP [SN 139781]  Site 4 Bias Flow is out of range.,,,,,,,,,,,,,,,,,,,,,,,,,
2025-12-17 12:43:48.037000,FinePointe Series WBP [SN 139781]  Site 1 Bias Flow is out of range.,,,,,,,,,,,,,,,,,,,,,,,,,
2025-12-17 12:43:50.037000,5c,Toxicity,Original,,142.1000518798828,0.37824782729148865,53.75586700439453,0.40781545639038086,0.5853184461593628,0.3007158041000366,11.153897285461426,4.03920841217041,2.7886464595794678,0.19989684224128723,0.2230447679758072,0.1583474576473236,8.25035285949707,31.0584659576416,0.1458851844072342,10.607782363891602,3.7877628803253174,37,25,30,0,
2025-12-17 12:43:52.037000,5c,Toxicity,Original,,138.8772430419922,0.3682226240634918,51.175148010253906,0.7772169709205627,0.8292255997657776,0.16599063575267792,11.153897285461426,3.210636854171753,2.9378600120544434,0.2145443856716156,0.21801909804344177,0.1523083597421646,6.461417198181152,0,0.12314468622207642,5.464862823486328,5.043355464935303,37,25,30,0,
2025-12-17 12:43:52.037000,FinePointe Series WBP [SN 139781]  Site 2 Bias Flow is out of range.,,,,,,,,,,,,,,,,,,,,,,,,,
2025-12-17 12:43:54.037000,5c,Toxicity,Original,,146.1031951904297,0.44015008211135864,64.18843078613281,0.5197727680206299,0.7881989479064941,0.2972951829433441,11.153897285461426,5.003068923950195,3.2688779830932617,0.18464015424251556,0.22659534215927124,0.1702817678451538,9.863122940063477,0,0.13162729144096375,6.805414199829102,7.600859642028809,37,25,30,0,
2025-12-17 12:43:56.037000,5c,Toxicity,Original,,133.8098602294922,0.38291284441947937,51.24236297607422,0.6358790397644043,0.7017305493354797,0.31502652168273926,11.153897285461426,3.7052741050720215,3.4507529735565186,0.20914165675640106,0.2400926798582077,0.16846910119056702,8.36368465423584,33.452232360839844,0.14465562999248505,10.806438446044922,9.8678560256958,37,25,30,0,
2025-12-17 12:43:58.037000,5c,Toxicity,Original,,140.21258544921875,0.40918999910354614,57.36800765991211,0.6050807237625122,0.8577958345413208,0.28706344962120056,11.153897285461426,3.744049072265625,2.71189546585083,0.20123471319675446,0.22669820487499237,0.17716345191001892,7.41082239151001,0,0.12616266310214996,8.281492233276367,5.75501012802124,37,25,30,0,
2025-12-17 12:43:58.037000,FinePointe Series WBP [SN 139781]  Site 4 Bias Flow is out of range.,,,,,,,,,,,,,,,,,,,,,,,,,
2025-12-17 12:43:58.037000,FinePointe Series WBP [SN 139781]  Site 1 Bias Flow is out of range.,,,,,,,,,,,,,,,,,,,,,,,,,
2025-12-17 12:44:00.037000,5c,Toxicity,Original,,139.10653686523438,0.38272902369499207,53.178321838378906,0.8112660646438599,0.9537016153335571,0.24639111757278442,11.153897285461426,3.629301071166992,3.0791118144989014,0.22257128357887268,0.2092902958393097,0.19867393374443054,16.16567611694336,0,0.11198153346776962,11.939579963684082,8.78685188293457,37,25,30,0,
2025-12-17 12:44:02.037000,5c,Toxicity,Original,,139.7937469482422,0.3722032308578491,51.96999740600586,0.5685819983482361,0.59102463722229,0.380242258310318,11.153897285461426,3.1681406497955322,3.153223752975464,0.20555827021598816,0.2240258902311325,0.16367435455322266,15.604257583618164,0,0.1479698270559311,8.391702651977539,2.182108163833618,37,25,30,0,
2025-12-17 12:44:02.037000,FinePointe Series WBP [SN 139781]  Site 2 Bias Flow is out of range.,,,,,,,,,,,,,,,,,,,,,,,,,
2025-12-17 12:44:04.037000,5c,Toxicity,Original,,140.058837890625,0.4106619358062744,57.53550720214844,0.5583781003952026,0.7604077458381653,0.29443690180778503,11.153897285461426,3.6518115997314453,2.7152223587036133,0.2096073478460312,0.21891102194786072,0.17562104761600494,8.540308952331543,0,0.12781184911727905,9.642080307006836,2.8545870780944824,37,25,30,0,
2025-12-17 12:44:06.037000,5c,Toxicity,Original,,141.65777587890625,0.38515496253967285,54.562435150146484,0.8784868717193604,0.9614408612251282,0.26716795563697815,11.153897285461426,3.5830020904541016,3.172948122024536,0.21229766309261322,0.2115376591682434,0.18655765056610107,7.498875141143799,0,0.11311955749988556,9.019283294677734,8.283527374267578,37,25,30,0,
2025-12-17 12:44:08.037000,5c,Toxicity,Original,,142.34095764160156,0.40370169281959534,57.404014587402344,0.7624887228012085,0.8482420444488525,0.2590591013431549,11.153897285461426,3.891200542449951,3.380199670791626,0.21321670711040497,0.2087397426366806,0.20662888884544373,10.719986915588379,0,0.11760066449642181,10.27922248840332,5.208146572113037,37,25,30,0,
2025-12-17 12:44:08.037000,FinePointe Series WBP [SN 139781]  Site 4 Bias Flow is out of range.,,,,,,,,,,,,,,,,,,,,,,,,,
2025-12-17 12:44:10.037000,5c,Toxicity,Original,,143.45565795898438,0.40115565061569214,57.586875915527344,0.8181795477867126,0.8850923776626587,0.32621702551841736,11.153897285461426,3.6250693798065186,3.3727054595947266,0.20635728538036346,0.21197868883609772,0.20192207396030426,8.48715591430664,0,0.11806737631559372,7.958578586578369,7.989561080932617,37,25,30,0,
2025-12-17 12:44:10.037000,FinePointe Series WBP [SN 139781]  Site 1 Bias Flow is out of range.,,,,,,,,,,,,,,,,,,,,,,,,,
2025-12-17 12:44:12.037000,5c,Toxicity,Original,,140.28567504882812,0.4031558036804199,56.41603469848633,0.5907290577888489,0.7335870265960693,0.5575291514396667,11.153897285461426,3.618654489517212,2.9287800788879395,0.20339447259902954,0.2247287482023239,0.16887572407722473,8.164938926696777,0,0.13931094110012054,8.442926406860352,9.3899507522583,37,25,30,0,
2025-12-17 12:44:14.037000,5c,Toxicity,Original,,144.5229949951172,0.389207124710083,56.16391372680664,0.42908766865730286,0.6365169882774353,0.2805909514427185,11.153897285461426,4.11014986038208,2.786390781402588,0.1936851590871811,0.2230580896139145,0.15925830602645874,8.273427963256836,23.449716567993164,0.1412997841835022,11.236892700195312,2.779780864715576,37,25,30,0,
2025-12-17 12:44:14.037000,FinePointe Series WBP [SN 139781]  Site 2 Bias Flow is out of range.,,,,,,,,,,,,,,,,,,,,,,,,,
2025-12-17 12:44:16.037000,5c,Toxicity,Original,,100.90398406982422,0.3879031538963318,38.719459533691406,2.5722413063049316,2.414804220199585,0.2981773018836975,11.153897285461426,3.839630365371704,3.637760639190674,0.21143709123134613,0.4465906023979187,0.19780434668064117,7.841643810272217,305.4303894042969,0.19637362658977509,9.77660083770752,,37,25,30,0,
2025-12-17 12:44:18.037000,5c,Toxicity,Original,,139.86058044433594,0.3934421241283417,54.93949508666992,0.7099701762199402,0.8736545443534851,0.3078007996082306,11.153897285461426,3.633537769317627,2.977393627166748,0.2164258360862732,0.21281416714191437,0.21877072751522064,6.220753192901611,0,0.11651730537414551,8.97696304321289,4.6888580322265625,37,25,30,0,
2025-12-17 12:44:18.037000,FinePointe Series WBP [SN 139781]  Site 4 Bias Flow is out of range.,,,,,,,,,,,,,,,,,,,,,,,,,
2025-12-17 12:44:20.037000,5c,Toxicity,Original,,146.33035278320312,0.390556275844574,57.064754486083984,0.31797319650650024,0.5190559029579163,0.4820195734500885,11.153897285461426,4.689158916473389,3.0727486610412598,0.17267675697803497,0.23904380202293396,0.18092425167560577,11.61121654510498,28.317886352539062,0.16358350217342377,14.070606231689453,4.626402378082275,37,25,30,0,
2025-12-17 12:44:20.037000,FinePointe Series WBP [SN 139781]  Site 1 Bias Flow is out of range.,,,,,,,,,,,,,,,,,,,,,,,,,
2025-12-17 12:44:22.037000,5c,Toxicity,Original,,158.36029052734375,0.38778695464134216,61.82700729370117,0.5411649942398071,0.7460965514183044,0.31280967593193054,11.153897285461426,4.727196216583252,3.301713466644287,0.1656096875667572,0.21912766993045807,0.1881139576435089,6.592466831207275,0,0.13141587376594543,3.4976019859313965,8.938175201416016,37,25,30,0,
2025-12-17 12:44:24.037000,5c,Toxicity,Original,,134.3914337158203,0.4160754382610321,55.997886657714844,0.5970264673233032,0.7541850805282593,0.2626880705356598,11.153897285461426,4.0731892585754395,3.2525479793548584,0.20326443016529083,0.24354864656925201,0.15500253438949585,8.473217964172363,0,0.14228463172912598,5.051309585571289,9.632906913757324,37,25,30,0,
2025-12-17 12:44:24.037000,FinePointe Series WBP [SN 139781]  Site 2 Bias Flow is out of range.,,,,,,,,,,,,,,,,,,,,,,,,,
2025-12-17 12:44:26.037000,5c,Toxicity,Original,,137.6553497314453,0.38601061701774597,53.146026611328125,0.7116729021072388,0.8850679397583008,0.18590424954891205,11.153897285461426,3.8250951766967773,2.9394121170043945,0.20690251886844635,0.22958306968212128,0.14653584361076355,11.699212074279785,0,0.12834937870502472,8.313836097717285,6.992358684539795,37,25,30,0,
2025-12-17 12:44:28.037000,5c,Toxicity,Original,,141.96011352539062,0.3938683867454529,55.833553314208984,0.7338529825210571,0.8417893648147583,0.23039503395557404,11.153897285461426,3.650692939758301,3.126992702484131,0.20925848186016083,0.21377010643482208,0.18961741030216217,14.210689544677734,0,0.12042639404535294,12.172561645507812,6.84169864654541,37,25,30,0,
2025-12-17 12:44:28.037000,FinePointe Series WBP [SN 139781]  Site 4 Bias Flow is out of range.,,,,,,,,,,,,,,,,,,,,,,,,,
2025-12-17 12:44:30.037000,5c,Toxicity,Original,,140.11251831054688,0.36794325709342957,51.54447555541992,0.8483446836471558,0.8648549318313599,0.27865588665008545,11.153897285461426,3.236210584640503,3.1983606815338135,0.2124468982219696,0.215908020734787,0.1899021714925766,8.931731224060059,0,0.11989147216081619,12.767678260803223,5.6459059715271,37,25,30,0,
2025-12-17 12:44:30.037000,FinePointe Series WBP [SN 139781]  Site 1 Bias Flow is out of range.,,,,,,,,,,,,,,,,,,,,,,,,,
2025-12-17 12:44:32.037000,5c,Toxicity,Original,,142.89247131347656,0.3907126486301422,55.883426666259766,0.5953812003135681,0.8107280135154724,0.32886189222335815,11.153897285461426,3.8376753330230713,2.8252055644989014,0.2112729251384735,0.20895197987556458,0.2371465265750885,7.355191230773926,0,0.11948177218437195,12.484053611755371,5.837139129638672,37,25,30,0,
2025-12-17 12:44:34.037000,5c,Toxicity,Original,,141.92013549804688,0.4372997283935547,61.97590255737305,0.7347739338874817,0.8669865131378174,0.24574720859527588,11.153897285461426,4.075689792633057,3.401634693145752,0.2145606130361557,0.2090894877910614,0.1813662350177765,7.617398738861084,0,0.11849064379930496,4.875433921813965,7.084588527679443,37,25,30,0,
2025-12-17 12:44:34.037000,FinePointe Series WBP [SN 139781]  Site 2 Bias Flow is out of range.,,,,,,,,,,,,,,,,,,,,,,,,,
2025-12-17 12:44:36.037000,5c,Toxicity,Original,,143.8609161376953,0.4032452404499054,58.02511215209961,0.6153114438056946,0.8142778873443604,0.3081102669239044,11.153897285461426,4.1703081130981445,3.1707100868225098,0.20068618655204773,0.2164333164691925,0.19025136530399323,14.321077346801758,0,0.12346233427524567,13.995485305786133,5.455137252807617,37,25,30,0,
2025-12-17 12:44:38.037000,5c,Toxicity,Original,,141.95037841796875,0.35337501764297485,50.138710021972656,0.7144462466239929,0.8239629864692688,0.4464874565601349,11.153897285461426,3.525580406188965,2.948416233062744,0.20213022828102112,0.22110360860824585,0.18494096398353577,16.553577423095703,0,0.12910190224647522,10.24048900604248,6.4843034744262695,37,25,30,0,
2025-12-17 12:44:38.037000,FinePointe Series WBP [SN 139781]  Site 4 Bias Flow is out of range.,,,,,,,,,,,,,,,,,,,,,,,,,
2025-12-17 12:44:40.037000,5c,Toxicity,Original,,143.32620239257812,0.37979230284690857,54.377986907958984,0.7398533225059509,0.8492290377616882,0.3716605603694916,11.153897285461426,3.6800291538238525,3.1070737838745117,0.21702292561531067,0.20192882418632507,0.19920361042022705,18.939353942871094,0,0.11608842760324478,12.741558074951172,5.99901819229126,37,25,30,0,
2025-12-17 12:44:40.037000,FinePointe Series WBP [SN 139781]  Site 1 Bias Flow is out of range.,,,,,,,,,,,,,,,,,,,,,,,,,
2025-12-17 12:44:42.037000,5c,Toxicity,Original,,140.95033264160156,0.3841438889503479,54.116127014160156,0.7016217708587646,0.8044419288635254,0.37420588731765747,11.153897285461426,3.7062511444091797,3.192338705062866,0.21004946529865265,0.215877965092659,0.19682003557682037,7.9611124992370605,0,0.12445162236690521,9.673761367797852,8.020418167114258,37,25,30,0,
2025-12-17 12:44:44.037000,5c,Toxicity,Original,,140.4488067626953,0.41902482509613037,58.828128814697266,0.9134417772293091,0.8745872974395752,0.4663026034832001,11.153897285461426,3.5938377380371094,3.308109760284424,0.204239159822464,0.22334198653697968,0.19020234048366547,11.271315574645996,0,0.12746047973632812,10.180435180664062,4.23272180557251,37,25,30,0,
2025-12-17 12:44:44.037000,FinePointe Series WBP [SN 139781]  Site 2 Bias Flow is out of range.,,,,,,,,,,,,,,,,,,,,,,,,,
2025-12-17 12:44:46.037000,5c,Toxicity,Original,,140.7942657470703,0.39221930503845215,55.15666961669922,0.771937906742096,0.9154605269432068,0.2792900800704956,11.153897285461426,3.7610530853271484,3.0743658542633057,0.21744292974472046,0.20899184048175812,0.21593409776687622,10.492340087890625,0,0.11717676371335983,13.449934005737305,9.182351112365723,37,25,30,0,
2025-12-17 12:44:48.037000,5c,Toxicity,Original,,141.77899169921875,0.4017171859741211,56.98264694213867,0.5737589597702026,0.7459614276885986,0.27680686116218567,11.153897285461426,3.838561773300171,2.9732632637023926,0.2067033350467682,0.2166380137205124,0.167080819606781,9.124042510986328,0,0.1272701621055603,8.870827674865723,4.934171676635742,37,25,30,0,
2025-12-17 12:44:48.037000,FinePointe Series WBP [SN 139781]  Site 4 Bias Flow is out of range.,,,,,,,,,,,,,,,,,,,,,,,,,
2025-12-17 12:44:48.037000,FinePointe Series WBP [SN 139781]  Site 1 Bias Flow is out of range.,,,,,,,,,,,,,,,,,,,,,,,,,
2025-12-17 12:44:50.037000,5c,Toxicity,Original,,141.1228790283203,0.3846609592437744,54.27557373046875,0.7916755676269531,0.8998574018478394,0.1973559409379959,11.153897285461426,3.5933101177215576,2.9860291481018066,0.2067500203847885,0.21841616928577423,0.17706426978111267,12.07711124420166,0,0.11961276084184647,9.233445167541504,5.624943733215332,37,25,30,0,
2025-12-17 12:44:52.037000,5c,Toxicity,Original,,139.06451416015625,0.3947299122810364,54.951148986816406,0.8561822772026062,0.9366610050201416,0.16024544835090637,11.153897285461426,3.6746444702148438,3.3341376781463623,0.2224174290895462,0.20925387740135193,0.16460752487182617,9.235725402832031,0,0.11212296783924103,7.539179801940918,3.8848066329956055,37,25,30,0,
2025-12-17 12:44:54.037000,5c,Toxicity,Original,,143.89004516601562,0.37435826659202576,53.909942626953125,0.6956918835639954,0.8354818224906921,0.2034747451543808,11.153897285461426,3.442267417907715,2.835832357406616,0.21107199788093567,0.2062143087387085,0.19610580801963806,10.199097633361816,0,0.1161532923579216,11.229618072509766,5.137444019317627,37,25,30,0,
2025-12-17 12:44:54.037000,FinePointe Series WBP [SN 139781]  Site 2 Bias Flow is out of range.,,,,,,,,,,,,,,,,,,,,,,,,,
2025-12-17 12:44:56.037000,5c,Toxicity,Original,,142.75819396972656,0.36788591742515564,52.5171012878418,0.6291760206222534,0.7104400396347046,0.19199350476264954,11.153897285461426,3.2039804458618164,2.8445098400115967,0.2048979103565216,0.21550962328910828,0.17514574527740479,7.842640399932861,0,0.13246412575244904,10.565790176391602,4.628999710083008,37,25,30,0,
2025-12-17 12:44:58.037000,5c,Toxicity,Original,,140.126708984375,0.40457844734191895,56.69224548339844,0.5845950245857239,0.8452639579772949,0.22234834730625153,11.153897285461426,4.247555732727051,2.956285238265991,0.2065770924091339,0.22198349237442017,0.1790538728237152,9.426898956298828,0,0.12464775145053864,8.319502830505371,5.618966102600098,37,25,30,0,
2025-12-17 12:44:58.037000,FinePointe Series WBP [SN 139781]  Site 4 Bias Flow is out of range.,,,,,,,,,,,,,,,,,,,,,,,,,
2025-12-17 12:44:58.037000,FinePointe Series WBP [SN 139781]  Site 1 Bias Flow is out of range.,,,,,,,,,,,,,,,,,,,,,,,,,
2025-12-17 12:45:00.037000,5c,Toxicity,Original,,137.12167358398438,0.39622992277145386,54.26683044433594,0.6263942122459412,0.7843101620674133,0.19395223259925842,11.153897285461426,3.887817859649658,3.0932228565216064,0.20705795288085938,0.23069429397583008,0.13706578314304352,13.433963775634766,0,0.1358983814716339,6.428221702575684,4.813757419586182,37,25,30,0,
2025-12-17 12:45:02.037000,5c,Toxicity,Original,,144.17369079589844,0.403316855430603,58.22003936767578,0.8289396166801453,0.8373314738273621,0.17089015245437622,11.153897285461426,3.560864210128784,3.1387827396392822,0.19961528480052948,0.21763448417186737,0.16118915379047394,7.2987260818481445,0,0.12244033813476562,6.85875129699707,7.507329940795898,37,25,30,0,
2025-12-17 12:45:02.037000,FinePointe Series WBP [SN 139781]  Site 2 Bias Flow is out of range.,,,,,,,,,,,,,,,,,,,,,,,,,
2025-12-17 12:45:04.037000,5c,Toxicity,Original,,137.154052734375,0.4152376055717468,56.96382141113281,0.523714005947113,0.6910113096237183,0.19239111244678497,11.153897285461426,4.407210350036621,3.4088785648345947,0.1921619027853012,0.24591422080993652,0.15627318620681763,7.9897894859313965,39.7188720703125,0.14991751313209534,5.26313591003418,2.2181143760681152,37,25,30,0,
2025-12-17 12:45:06.037000,5c,Toxicity,Original,,137.54489135742188,0.4037913382053375,55.5189094543457,0.6702671051025391,0.8413076400756836,0.15895481407642365,11.153897285461426,4.061200141906738,3.2228708267211914,0.2137950211763382,0.22268640995025635,0.13729068636894226,8.461749076843262,0,0.12561365962028503,11.126307487487793,4.974134922027588,37,25,30,0,
2025-12-17 12:45:08.037000,5c,Toxicity,Original,,145.35586547851562,0.3803042769432068,55.4508171081543,0.3681494891643524,0.6115804314613342,0.45741039514541626,11.153897285461426,4.300384521484375,2.747286081314087,0.18444684147834778,0.2312135547399521,0.1863793283700943,14.62129020690918,27.868234634399414,0.14738421142101288,9.924180030822754,4.97204065322876,37,25,30,0,
2025-12-17 12:45:08.037000,FinePointe Series WBP [SN 139781]  Site 4 Bias Flow is out of range.,,,,,,,,,,,,,,,,,,,,,,,,,
2025-12-17 12:45:08.037000,FinePointe Series WBP [SN 139781]  Site 1 Bias Flow is out of range.,,,,,,,,,,,,,,,,,,,,,,,,,
2025-12-17 12:45:10.037000,5c,Toxicity,Original,,140.94631958007812,0.40367352962493896,57.11211395263672,0.5586147904396057,0.6626645922660828,0.26541581749916077,11.153897285461426,3.926271915435791,3.2989633083343506,0.2006199061870575,0.22627532482147217,0.17459990084171295,6.275296688079834,30.518030166625977,0.1390782743692398,4.422168254852295,2.4885168075561523,37,25,30,0,
2025-12-17 12:45:12.037000,5c,Toxicity,Original,,166.34939575195312,0.3985821306705475,66.53147888183594,0.6886403560638428,0.9420343637466431,0.27774137258529663,11.153897285461426,4.7826056480407715,3.3929922580718994,0.16075804829597473,0.20615580677986145,0.2017270177602768,8.555468559265137,0,0.10975457727909088,9.176704406738281,5.927028656005859,37,25,30,0,
2025-12-17 12:45:14.037000,5c,Toxicity,Original,,137.8769989013672,0.40593358874320984,54.78804397583008,0.5873605608940125,0.8411031365394592,0.14214251935482025,11.153897285461426,4.628032207489014,2.9469852447509766,0.18448656797409058,0.25447893142700195,0.14234831929206848,16.800559997558594,74.40200805664062,0.14480195939540863,6.429215908050537,4.949228763580322,37,25,30,50,
2025-12-17 12:45:14.037000,FinePointe Series WBP [SN 139781]  Site 2 Bias Flow is out of range.,,,,,,,,,,,,,,,,,,,,,,,,,
2025-12-17 12:45:16.037000,5c,Toxicity,Original,,139.0350341796875,0.38778311014175415,53.91320037841797,0.6992702484130859,0.821121335029602,0.1870938539505005,11.153897285461426,3.7328479290008545,3.0423619747161865,0.2113763988018036,0.22021110355854034,0.1917661875486374,7.601370811462402,0,0.12466166168451309,6.749099254608154,4.25743293762207,37,25,30,0,
2025-12-17 12:45:18.037000,5c,Toxicity,Original,,148.628662109375,0.41284605860710144,61.397640228271484,0.3978881239891052,0.6124301552772522,0.37196218967437744,11.153897285461426,4.352860450744629,2.7241005897521973,0.18585243821144104,0.21818780899047852,0.1421094685792923,6.895639419555664,0,0.13790281116962433,6.873583793640137,1.5040279626846313,37,25,30,0,
2025-12-17 12:45:18.037000,FinePointe Series WBP [SN 139781]  Site 4 Bias Flow is out of range.,,,,,,,,,,,,,,,,,,,,,,,,,
2025-12-17 12:45:20.037000,5c,Toxicity,Original,,133.1772918701172,0.4011838138103485,53.50562286376953,0.7303184270858765,0.873822808265686,0.19125288724899292,11.153897285461426,3.793229579925537,3.265324354171753,0.20744669437408447,0.24330942332744598,0.17523279786109924,7.711133003234863,0,0.13333868980407715,7.711507797241211,5.397946357727051,37,25,30,0,
2025-12-17 12:45:20.037000,FinePointe Series WBP [SN 139781]  Site 1 Bias Flow is out of range.,,,,,,,,,,,,,,,,,,,,,,,,,
2025-12-17 12:45:22.037000,5c,Toxicity,Original,,141.4927215576172,0.3913625478744507,55.37721252441406,0.7705403566360474,0.782102108001709,0.18387094140052795,11.153897285461426,3.514563798904419,3.3743391036987305,0.20536372065544128,0.21886667609214783,0.1434740424156189,8.010122299194336,0,0.12714692950248718,7.012621879577637,5.286788463592529,37,25,30,0,
2025-12-17 12:45:24.037000,5c,Toxicity,Original,,143.53887939453125,0.40996748208999634,58.8677978515625,0.9511379599571228,1.0616542100906372,0.2682098150253296,11.153897285461426,3.933692693710327,3.619710922241211,0.20975694060325623,0.20835119485855103,0.2197621762752533,7.07160758972168,0,0.10519947111606598,9.695571899414062,8.85772705078125,37,25,30,0,
2025-12-17 12:45:24.037000,FinePointe Series WBP [SN 139781]  Site 2 Bias Flow is out of range.,,,,,,,,,,,,,,,,,,,,,,,,,
2025-12-17 12:45:26.037000,5c,Toxicity,Original,,141.99717712402344,0.38821178674697876,55.12333679199219,0.7879141569137573,0.8645501136779785,0.19218182563781738,11.153897285461426,3.6940550804138184,3.2016477584838867,0.2059301882982254,0.21687448024749756,0.18195848166942596,8.870833396911621,0,0.12164384126663208,11.93871021270752,4.984005451202393,37,25,30,0,
2025-12-17 12:45:28.037000,5c,Toxicity,Original,,143.6616668701172,0.39044755697250366,56.02640914916992,0.4891759753227234,0.6938605904579163,0.30032432079315186,11.153897285461426,4.260703086853027,3.0731167793273926,0.1877726912498474,0.23075547814369202,0.1565748155117035,15.435728073120117,0,0.14043466746807098,8.063154220581055,2.8655483722686768,37,25,30,0,
2025-12-17 12:45:28.037000,FinePointe Series WBP [SN 139781]  Site 4 Bias Flow is out of range.,,,,,,,,,,,,,,,,,,,,,,,,,
2025-12-17 12:45:30.037000,5c,Toxicity,Original,,136.19512939453125,0.3895711600780487,52.98086166381836,0.6188378930091858,0.7451485395431519,0.27099841833114624,11.153897285461426,3.672797918319702,3.1525163650512695,0.20729631185531616,0.23439086973667145,0.17562851309776306,11.946337699890137,0,0.14035482704639435,9.711250305175781,5.175687789916992,37,25,30,0,
2025-12-17 12:45:30.037000,FinePointe Series WBP [SN 139781]  Site 1 Bias Flow is out of range.,,,,,,,,,,,,,,,,,,,,,,,,,
2025-12-17 12:45:32.037000,5c,Toxicity,Original,,129.44395446777344,0.39644744992256165,51.73701477050781,0.5616012215614319,0.7194840908050537,0.23500043153762817,11.153897285461426,3.7203128337860107,2.8944199085235596,0.22392317652702332,0.24984946846961975,0.1957971453666687,9.917264938354492,79.4479751586914,0.16205261647701263,9.700109481811523,5.246381759643555,37,25,30,0,
2025-12-17 12:45:34.037000,5c,Toxicity,Original,,143.20912170410156,0.4158956706523895,59.578948974609375,0.9084248542785645,0.8903207182884216,0.36006417870521545,11.153897285461426,3.8768773078918457,3.6212425231933594,0.20843449234962463,0.2112158089876175,0.20471662282943726,11.28272819519043,0,0.11674872785806656,10.04185962677002,7.530323505401611,37,25,30,0,
2025-12-17 12:45:34.037000,FinePointe Series WBP [SN 139781]  Site 2 Bias Flow is out of range.,,,,,,,,,,,,,,,,,,,,,,,,,
2025-12-17 12:45:36.037000,5c,Toxicity,Original,,143.9713134765625,0.3952871263027191,56.95684051513672,1.0128861665725708,0.9637547135353088,0.26636844873428345,11.153897285461426,3.4475626945495605,3.4452528953552246,0.207628071308136,0.2094181329011917,0.17729389667510986,12.724404335021973,0,0.11074009537696838,8.791748046875,7.506709098815918,37,25,30,0,
2025-12-17 12:45:38.037000,5c,Toxicity,Original,,143.0229034423828,0.4103264808654785,58.74361801147461,0.6792618036270142,0.7844699025154114,0.2575851082801819,11.153897285461426,3.7243077754974365,3.228724718093872,0.20397448539733887,0.21578651666641235,0.18330807983875275,8.080363273620605,0,0.12483290582895279,7.381020545959473,3.5346908569335938,37,25,30,0,
2025-12-17 12:45:38.037000,FinePointe Series WBP [SN 139781]  Site 4 Bias Flow is out of range.,,,,,,,,,,,,,,,,,,,,,,,,,
2025-12-17 12:45:40.037000,5c,Toxicity,Original,,140.07273864746094,0.373150110244751,52.26026916503906,0.6898910999298096,0.8323161005973816,0.26610666513442993,11.153897285461426,3.5417704582214355,3.0155980587005615,0.2117186188697815,0.21701580286026,0.19794833660125732,8.229767799377441,0,0.12164954841136932,8.074686050415039,5.5800275802612305,37,25,30,0,
2025-12-17 12:45:40.037000,FinePointe Series WBP [SN 139781]  Site 1 Bias Flow is out of range.,,,,,,,,,,,,,,,,,,,,,,,,,
2025-12-17 12:45:42.037000,5c,Toxicity,Original,,143.32098388671875,0.38440054655075073,55.032466888427734,0.7406889200210571,0.8697810173034668,0.1840839385986328,11.153897285461426,3.596529960632324,2.9369096755981445,0.2101290076971054,0.20954082906246185,0.1820519119501114,9.78447151184082,0,0.1165957823395729,9.992252349853516,5.731973648071289,37,25,30,0,
2025-12-17 12:45:44.037000,5c,Toxicity,Original,,144.8896026611328,0.4076574444770813,59.07539367675781,0.48857903480529785,0.6807605028152466,0.40418174862861633,11.153897285461426,4.148224353790283,3.021406888961792,0.19669900834560394,0.2177654504776001,0.14995326101779938,12.535883903503418,0,0.13382084667682648,7.911691188812256,1.002124547958374,37,25,30,0,
2025-12-17 12:45:44.037000,FinePointe Series WBP [SN 139781]  Site 2 Bias Flow is out of range.,,,,,,,,,,,,,,,,,,,,,,,,,
2025-12-17 12:45:46.037000,5c,Toxicity,Original,,138.91574096679688,0.3636917471885681,50.4799919128418,0.692884087562561,0.8187932372093201,0.22509713470935822,11.153897285461426,4.011956214904785,3.275733709335327,0.19683538377285004,0.2353968620300293,0.18354679644107819,22.231590270996094,0,0.1388562172651291,8.88166332244873,15.18643856048584,37,25,30,0,
2025-12-17 12:45:48.037000,5c,Toxicity,Original,,141.53271484375,0.361266165971756,51.136234283447266,1.027333378791809,1.053948998451233,0.18036314845085144,11.153897285461426,3.3855278491973877,3.242502212524414,0.2112051397562027,0.21287724375724792,0.15558598935604095,5.7722649574279785,0,0.1063515767455101,6.023054122924805,7.087939262390137,37,25,30,0,
2025-12-17 12:45:48.037000,FinePointe Series WBP [SN 139781]  Site 4 Bias Flow is out of range.,,,,,,,,,,,,,,,,,,,,,,,,,
2025-12-17 12:45:50.037000,5c,Toxicity,Original,,141.3875732421875,0.38391396403312683,54.23843002319336,0.9220066666603088,1.00547456741333,0.1922580599784851,11.153897285461426,3.643211603164673,3.2958240509033203,0.2148766815662384,0.21007804572582245,0.19988088309764862,18.339092254638672,0,0.11211342364549637,9.735001564025879,9.337535858154297,37,25,30,0,
2025-12-17 12:45:50.037000,FinePointe Series WBP [SN 139781]  Site 1 Bias Flow is out of range.,,,,,,,,,,,,,,,,,,,,,,,,,
2025-12-17 12:45:52.037000,5c,Toxicity,Original,,142.4419708251953,0.37367671728134155,53.16294860839844,0.7932465076446533,0.8956905603408813,0.17795151472091675,11.153897285461426,3.3694469928741455,2.923196315765381,0.21940931677818298,0.2022549957036972,0.19434233009815216,6.480269432067871,0,0.1097523495554924,5.541108131408691,4.901854038238525,37,25,30,0,
2025-12-17 12:45:54.037000,5c,Toxicity,Original,,139.9242401123047,0.3935825526714325,55.02786636352539,0.4659368395805359,0.6952900886535645,0.5431715250015259,11.153897285461426,3.7848851680755615,2.771893262863159,0.21280482411384583,0.2161962240934372,0.17528367042541504,17.014310836791992,0,0.13467076420783997,13.72439193725586,4.3909478187561035,37,25,30,0,
2025-12-17 12:45:54.037000,FinePointe Series WBP [SN 139781]  Site 2 Bias Flow is out of range.,,,,,,,,,,,,,,,,,,,,,,,,,
2025-12-17 12:45:56.037000,5c,Toxicity,Original,,139.5519561767578,0.3879978656768799,54.26401138305664,0.5951634049415588,0.7945040464401245,0.438876748085022,11.153897285461426,4.235988140106201,2.9613077640533447,0.1935887336730957,0.23673567175865173,0.21768735349178314,12.086584091186523,0,0.1374053955078125,9.667258262634277,5.650067329406738,37,25,30,0,
2025-12-17 12:45:58.037000,5c,Toxicity,Original,,131.99974060058594,0.3810051381587982,50.33479309082031,0.5806375741958618,0.7157447338104248,0.30723342299461365,11.153897285461426,3.598688840866089,2.8339810371398926,0.2099313884973526,0.24485449492931366,0.14951032400131226,7.1302337646484375,0,0.1481916606426239,8.993391036987305,3.9951963424682617,37,25,30,0,
2025-12-17 12:45:58.037000,FinePointe Series WBP [SN 139781]  Site 4 Bias Flow is out of range.,,,,,,,,,,,,,,,,,,,,,,,,,
2025-12-17 12:45:58.037000,FinePointe Series WBP [SN 139781]  Site 1 Bias Flow is out of range.,,,,,,,,,,,,,,,,,,,,,,,,,
2025-12-17 12:46:00.037000,5c,Toxicity,Original,,139.01519775390625,0.44493433833122253,61.773380279541016,0.4219264090061188,0.6225348711013794,0.2556561827659607,11.153897285461426,4.222437858581543,2.8341691493988037,0.204530268907547,0.2277977019548416,0.1348453164100647,7.695688724517822,0,0.1429872214794159,4.9001970291137695,0.6928613185882568,37,25,30,0,
2025-12-17 12:46:02.037000,5c,Toxicity,Original,,133.5786590576172,0.36756396293640137,49.06791305541992,0.7482458353042603,0.8271663188934326,0.1792745292186737,11.153897285461426,3.5722639560699463,3.23396897315979,0.21026736497879028,0.23913860321044922,0.2002982199192047,8.660018920898438,0,0.13615630567073822,6.5060858726501465,6.207570552825928,37,25,30,0,
2025-12-17 12:46:04.037000,5c,Toxicity,Original,,138.3372344970703,0.3935104310512543,54.530853271484375,0.5605268478393555,0.7767742276191711,0.40151938796043396,11.153897285461426,3.835097551345825,2.7577669620513916,0.21849395334720612,0.2155769318342209,0.16822510957717896,6.307971477508545,0,0.12441336363554001,7.921881198883057,3.0777816772460938,37,25,30,0,
2025-12-17 12:46:04.037000,FinePointe Series WBP [SN 139781]  Site 2 Bias Flow is out of range.,,,,,,,,,,,,,,,,,,,,,,,,,
2025-12-17 12:46:06.037000,5c,Toxicity,Original,,141.1705780029297,0.3931920528411865,55.49782180786133,0.7328479290008545,0.9678207635879517,0.29947254061698914,11.153897285461426,4.004942417144775,3.082674503326416,0.21172454953193665,0.21372005343437195,0.1770162582397461,25.03314781188965,0,0.11113898456096649,11.212725639343262,6.670632362365723,37,25,30,0,
2025-12-17 12:46:08.037000,5c,Toxicity,Original,,140.4249267578125,0.39283132553100586,55.11448669433594,0.7906430959701538,0.8230002522468567,0.24898383021354675,11.153897285461426,3.3258166313171387,3.1532297134399414,0.22202818095684052,0.20574462413787842,0.1774454414844513,7.276585578918457,0,0.1165802925825119,8.545915603637695,6.847802639007568,37,25,30,0,
2025-12-17 12:46:08.037000,FinePointe Series WBP [SN 139781]  Site 4 Bias Flow is out of range.,,,,,,,,,,,,,,,,,,,,,,,,,
2025-12-17 12:46:08.037000,FinePointe Series WBP [SN 139781]  Site 1 Bias Flow is out of range.,,,,,,,,,,,,,,,,,,,,,,,,,
2025-12-17 12:46:10.037000,5c,Toxicity,Original,,139.98739624023438,0.37779173254966736,52.78276443481445,0.6449581384658813,0.8161637783050537,0.34789901971817017,11.153897285461426,3.519912004470825,2.930067777633667,0.22220291197299957,0.20752446353435516,0.20031754672527313,6.047452926635742,0,0.11691857874393463,12.457837104797363,5.5523200035095215,37,25,30,0,
2025-12-17 12:46:12.037000,5c,Toxicity,Original,,141.13465881347656,0.38672125339508057,54.585968017578125,0.6972706913948059,0.8250876069068909,0.27635449171066284,11.153897285461426,3.710320234298706,3.187049150466919,0.2018759399652481,0.22347122430801392,0.16875633597373962,7.89032506942749,0,0.12655848264694214,11.023640632629395,2.9274961948394775,37,25,30,0,
2025-12-17 12:46:12.037000,FinePointe Series WBP [SN 139781]  Site 2 Bias Flow is out of range.,,,,,,,,,,,,,,,,,,,,,,,,,
2025-12-17 12:46:14.037000,5c,Toxicity,Original,,139.06854248046875,0.36748722195625305,51.135101318359375,0.6214796900749207,0.793992280960083,0.3164297044277191,11.153897285461426,3.7063913345336914,2.8984298706054688,0.21643570065498352,0.21553288400173187,0.18213853240013123,8.322351455688477,0,0.12375812977552414,12.719348907470703,5.492336750030518,37,25,30,0,
2025-12-17 12:46:16.037000,5c,Toxicity,Original,,141.19790649414062,0.39100411534309387,55.22799301147461,0.8158042430877686,0.9267783761024475,0.20092977583408356,11.153897285461426,3.351379871368408,2.933865547180176,0.21602997183799744,0.20915773510932922,0.18038035929203033,7.077025413513184,0,0.11231905966997147,8.123106002807617,7.713629245758057,37,25,30,0,
2025-12-17 12:46:18.037000,5c,Toxicity,Original,,139.27146911621094,0.3771888017654419,52.49598693847656,0.843026340007782,0.9155727028846741,0.21598182618618011,11.153897285461426,3.328075885772705,3.2034428119659424,0.21272137761116028,0.2181233912706375,0.1670897752046585,10.01225471496582,0,0.11981213837862015,4.163928508758545,9.564818382263184,37,25,30,0,
2025-12-17 12:46:18.037000,FinePointe Series WBP [SN 139781]  Site 4 Bias Flow is out of range.,,,,,,,,,,,,,,,,,,,,,,,,,
2025-12-17 12:46:20.037000,5c,Toxicity,Original,,140.0794219970703,0.37654033303260803,52.8951530456543,0.48085713386535645,0.7222298979759216,0.3464362919330597,11.153897285461426,3.854355812072754,2.6005771160125732,0.20575550198554993,0.22332583367824554,0.16882476210594177,7.513240337371826,0,0.13335049152374268,9.81153392791748,7.043547630310059,37,25,30,0,
2025-12-17 12:46:20.037000,FinePointe Series WBP [SN 139781]  Site 1 Bias Flow is out of range.,,,,,,,,,,,,,,,,,,,,,,,,,
2025-12-17 12:46:22.037000,5c,Toxicity,Original,,139.05941772460938,0.3928700387477875,54.552616119384766,0.6671092510223389,0.7973558902740479,0.4512183964252472,11.153897285461426,3.7115418910980225,2.8256874084472656,0.20598331093788147,0.22577126324176788,0.1623711735010147,9.028579711914062,0,0.13284872472286224,9.225532531738281,9.493778228759766,37,25,30,0,
2025-12-17 12:46:24.037000,5c,Toxicity,Original,,139.9412078857422,0.3762659430503845,52.65553665161133,0.5969027876853943,0.6655489802360535,0.4083706736564636,11.153897285461426,3.5471115112304688,3.0325264930725098,0.20003736019134521,0.22974711656570435,0.15502935647964478,8.946330070495605,0,0.14431430399417877,6.069889545440674,5.878472328186035,37,25,30,0,
2025-12-17 12:46:24.037000,FinePointe Series WBP [SN 139781]  Site 2 Bias Flow is out of range.,,,,,,,,,,,,,,,,,,,,,,,,,
2025-12-17 12:46:26.037000,5c,Toxicity,Original,,147.30502319335938,0.39532309770584106,58.00709533691406,0.34472712874412537,0.6369689106941223,0.33009374141693115,11.153897285461426,4.77191686630249,2.692971706390381,0.18773354589939117,0.2249397188425064,0.14301984012126923,7.467189311981201,32.72649002075195,0.1411992609500885,5.347473621368408,3.866875171661377,37,25,30,0,
2025-12-17 12:46:28.037000,5c,Toxicity,Original,,132.02902221679688,0.377172589302063,49.798362731933594,0.5297147035598755,0.7004745006561279,0.2243630588054657,11.153897285461426,4.588069438934326,3.4244229793548584,0.1689496785402298,0.2864018380641937,0.16749945282936096,8.636367797851562,54.817996978759766,0.1724909096956253,4.086820602416992,6.429377555847168,37,25,30,0,
2025-12-17 12:46:28.037000,FinePointe Series WBP [SN 139781]  Site 4 Bias Flow is out of range.,,,,,,,,,,,,,,,,,,,,,,,,,
2025-12-17 12:46:30.037000,5c,Toxicity,Original,,131.46087646484375,0.4074636995792389,53.672950744628906,0.47667381167411804,0.6100518703460693,0.4623332917690277,11.153897285461426,3.663846015930176,2.86842679977417,0.20427800714969635,0.25297999382019043,0.12461673468351364,12.889704704284668,0,0.16771022975444794,5.472744941711426,2.765223503112793,37,25,30,0,
2025-12-17 12:46:30.037000,FinePointe Series WBP [SN 139781]  Site 1 Bias Flow is out of range.,,,,,,,,,,,,,,,,,,,,,,,,,
2025-12-17 12:46:32.037000,5c,Toxicity,Original,,180.88180541992188,0.3837331533432007,68.61968231201172,0.5091824531555176,0.7345600128173828,0.18117550015449524,11.153897285461426,5.0073137283325195,3.226546287536621,0.15083365142345428,0.20011867582798004,0.1598878800868988,6.218903541564941,59.60078048706055,0.1229352205991745,9.76355266571045,7.936971187591553,37,25,30,0,
2025-12-17 12:46:34.037000,5c,Toxicity,Original,,124.27236938476562,0.43381255865097046,53.99409103393555,0.4433530569076538,0.6288836002349854,0.13791754841804504,11.153897285461426,4.763627052307129,3.214998960494995,0.20555239915847778,0.2781478464603424,0.07110411673784256,8.212541580200195,57.93919372558594,0.17454785108566284,2.4475741386413574,,37,25,30,40,
2025-12-17 12:46:34.037000,FinePointe Series WBP [SN 139781]  Site 2 Bias Flow is out of range.,,,,,,,,,,,,,,,,,,,,,,,,,
2025-12-17 12:46:36.037000,5c,Toxicity,Original,,136.2603759765625,0.4365836977958679,59.47303009033203,0.6468112468719482,0.8529993891716003,0.1463850736618042,11.153897285461426,4.140362739562988,3.041813373565674,0.20488831400871277,0.23596197366714478,0.13511569797992706,6.407080173492432,0,0.13110189139842987,8.43404769897461,6.6013503074646,37,25,30,0,
2025-12-17 12:46:38.037000,5c,Toxicity,Original,,135.09544372558594,0.4453158676624298,60.03395080566406,0.5498048067092896,0.6751836538314819,0.15813052654266357,11.153897285461426,4.602323532104492,3.731614112854004,0.19502073526382446,0.2509484887123108,0.10937195271253586,6.509721755981445,42.12566375732422,0.15236592292785645,0.5632619857788086,0.02993267960846424,37,25,30,0,
2025-12-17 12:46:38.037000,FinePointe Series WBP [SN 139781]  Site 4 Bias Flow is out of range.,,,,,,,,,,,,,,,,,,,,,,,,,
2025-12-17 12:46:40.037000,5c,Toxicity,Original,,134.30780029296875,0.40596267580986023,54.387176513671875,0.8065221309661865,0.8826898336410522,0.16696427762508392,11.153897285461426,4.046167850494385,3.4973881244659424,0.20512345433235168,0.24234771728515625,0.14572812616825104,7.637136459350586,0,0.1323148012161255,4.654283046722412,5.068475723266602,37,25,30,0,
2025-12-17 12:46:40.037000,FinePointe Series WBP [SN 139781]  Site 1 Bias Flow is out of range.,,,,,,,,,,,,,,,,,,,,,,,,,
2025-12-17 12:46:42.037000,5c,Toxicity,Original,,140.5043487548828,0.41042035818099976,57.68214416503906,0.8194810748100281,1.0714908838272095,0.23958483338356018,11.153897285461426,4.088775634765625,3.133134126663208,0.1992310732603073,0.22814500331878662,0.18011558055877686,13.00449275970459,14.924797058105469,0.12482552230358124,8.615968704223633,7.61679220199585,37,25,30,0,
2025-12-17 12:46:44.037000,5c,Toxicity,Original,,130.65753173828125,0.4053075909614563,53.10001754760742,0.5913373827934265,0.7248508930206299,0.144791841506958,11.153897285461426,4.1798810958862305,3.4589314460754395,0.18381959199905396,0.2764536738395691,0.12805791199207306,11.927108764648438,38.70565414428711,0.16391253471374512,4.652342796325684,2.978785276412964,37,25,30,20,
2025-12-17 12:46:44.037000,FinePointe Series WBP [SN 139781]  Site 2 Bias Flow is out of range.,,,,,,,,,,,,,,,,,,,,,,,,,
2025-12-17 12:46:46.037000,5c,Toxicity,Original,,136.04383850097656,0.4008149802684784,54.577781677246094,0.6625678539276123,0.8560616970062256,0.17493700981140137,11.153897285461426,3.848418712615967,2.9499146938323975,0.20717813074588776,0.2342197299003601,0.17179301381111145,7.0496015548706055,0,0.13071781396865845,7.697018623352051,7.382061958312988,37,25,30,0,
2025-12-17 12:46:48.037000,5c,Toxicity,Original,,141.15277099609375,0.39494165778160095,55.79758071899414,0.6192723512649536,0.7451715469360352,0.28848472237586975,11.153897285461426,3.6848793029785156,2.878648281097412,0.20068036019802094,0.22483904659748077,0.12534302473068237,8.393556594848633,0,0.13287775218486786,7.6451640129089355,2.6318273544311523,37,25,30,0,
2025-12-17 12:46:48.037000,FinePointe Series WBP [SN 139781]  Site 4 Bias Flow is out of range.,,,,,,,,,,,,,,,,,,,,,,,,,
2025-12-17 12:46:50.037000,5c,Toxicity,Original,,137.2817840576172,0.40604957938194275,55.83219909667969,0.5550661087036133,0.7675307989120483,0.10449256002902985,11.153897285461426,4.221522331237793,2.9171664714813232,0.2080937623977661,0.23151856660842896,0.1688065081834793,11.177453994750977,0,0.14414305984973907,7.556136131286621,4.2339582443237305,37,25,30,0,
2025-12-17 12:46:50.037000,FinePointe Series WBP [SN 139781]  Site 1 Bias Flow is out of range.,,,,,,,,,,,,,,,,,,,,,,,,,
2025-12-17 12:46:52.037000,5c,Toxicity,Original,,136.80606079101562,0.3952365517616272,54.09709167480469,0.5867162346839905,0.7804675102233887,0.17198114097118378,11.153897285461426,4.056813716888428,2.9464809894561768,0.21332615613937378,0.22529174387454987,0.14384178817272186,8.817466735839844,0,0.13098475337028503,7.507401943206787,2.008107900619507,37,25,30,0,
2025-12-17 12:46:54.037000,5c,Toxicity,Original,,140.2930450439453,0.4084630608558655,57.2791862487793,0.6009336113929749,0.7153242826461792,0.372782438993454,11.153897285461426,3.605177164077759,3.0969629287719727,0.20794521272182465,0.2203085720539093,0.1754305511713028,11.90047550201416,0,0.13496039807796478,8.355085372924805,5.907655715942383,37,25,30,0,
2025-12-17 12:46:54.037000,FinePointe Series WBP [SN 139781]  Site 2 Bias Flow is out of range.,,,,,,,,,,,,,,,,,,,,,,,,,
2025-12-17 12:46:56.037000,5c,Toxicity,Original,,142.2347412109375,0.4127993881702423,58.7434196472168,0.42742571234703064,0.6366455554962158,0.4396623969078064,11.153897285461426,4.655048370361328,3.122897148132324,0.19254054129123688,0.23087716102600098,0.162272647023201,9.299427032470703,0,0.14389973878860474,5.566108226776123,0.21211110055446625,37,25,30,0,
2025-12-17 12:46:58.037000,5c,Toxicity,Original,,140.04656982421875,0.40234994888305664,56.311790466308594,0.7824382185935974,0.9105967879295349,0.19850599765777588,11.153897285461426,3.7804338932037354,3.2553937435150146,0.2092755287885666,0.21922609210014343,0.21384096145629883,8.382844924926758,0,0.12031322717666626,5.5762248039245605,7.639223575592041,37,25,30,0,
2025-12-17 12:46:58.037000,FinePointe Series WBP [SN 139781]  Site 4 Bias Flow is out of range.,,,,,,,,,,,,,,,,,,,,,,,,,
2025-12-17 12:47:00.037000,5c,Toxicity,Original,,143.09738159179688,0.4340502917766571,62.02479934692383,0.670430064201355,0.8625894784927368,0.2611379027366638,11.153897285461426,4.1346940994262695,3.2041032314300537,0.18408790230751038,0.23804154992103577,0.13085290789604187,5.503182411193848,22.055683135986328,0.1312558948993683,3.686476707458496,3.566318988800049,37,25,30,0,
2025-12-17 12:47:00.037000,FinePointe Series WBP [SN 139781]  Site 1 Bias Flow is out of range.,,,,,,,,,,,,,,,,,,,,,,,,,
2025-12-17 12:47:02.037000,5c,Toxicity,Original,,157.50152587890625,0.4418477416038513,68.84387969970703,0.34850606322288513,0.5125691294670105,0.2703941762447357,11.153897285461426,4.988844871520996,3.3960812091827393,0.16220317780971527,0.21990127861499786,0.12037453055381775,7.556787014007568,59.1118049621582,0.1477079838514328,6.065938472747803,1.0698809623718262,37,25,30,0,
2025-12-17 12:47:04.037000,5c,Toxicity,Original,,172.7069854736328,0.28908970952033997,49.92781448364258,0.16353929042816162,0.2741911709308624,0.8748810887336731,11.153897285461426,5.5005011558532715,3.6929073333740234,0.11423467099666595,0.23317454755306244,0.15663903951644897,3.898131847381592,0,0.18409501016139984,,,37,25,30,80,
2025-12-17 12:47:04.037000,FinePointe Series WBP [SN 139781]  Site 2 Bias Flow is out of range.,,,,,,,,,,,,,,,,,,,,,,,,,
2025-12-17 12:47:06.037000,5c,Toxicity,Original,,142.7382354736328,0.4285939633846283,61.10507583618164,0.19825871288776398,0.3809049725532532,0.8149192333221436,11.153897285461426,4.70982027053833,2.859027147293091,0.19344259798526764,0.22768375277519226,0.16436055302619934,12.677928924560547,0,0.16812942922115326,21.8842716217041,,37,25,30,0,
2025-12-17 12:47:08.037000,5c,Toxicity,Original,,149.97933959960938,0.38005682826042175,56.96532440185547,0.3440668284893036,0.4102253019809723,0.7903615832328796,11.153897285461426,3.9628493785858154,3.599578380584717,0.19659428298473358,0.20421387255191803,0.22116443514823914,12.306479454040527,0,0.1508622020483017,14.05017375946045,0.6130030155181885,37,25,30,0,
2025-12-17 12:47:08.037000,FinePointe Series WBP [SN 139781]  Site 4 Bias Flow is out of range.,,,,,,,,,,,,,,,,,,,,,,,,,
2025-12-17 12:47:08.037000,FinePointe Series WBP [SN 139781]  Site 1 Bias Flow is out of range.,,,,,,,,,,,,,,,,,,,,,,,,,
2025-12-17 12:47:10.037000,5c,Toxicity,Original,,148.2301483154297,0.36369186639785767,54.00732421875,0.3668222725391388,0.48114249110221863,0.7119781374931335,11.153897285461426,4.125460624694824,3.494547128677368,0.20465640723705292,0.20056098699569702,0.20395785570144653,8.473252296447754,0,0.13936565816402435,10.807424545288086,,37,25,30,0,
2025-12-17 12:47:12.037000,5c,Toxicity,Original,,150.76304626464844,0.39991143345832825,60.32470703125,0.27892035245895386,0.44839200377464294,0.7912135720252991,11.153897285461426,4.387908458709717,3.224815845489502,0.20983166992664337,0.18878056108951569,0.2515633702278137,11.073145866394043,0,0.1339896321296692,15.828483581542969,,37,25,30,0,
2025-12-17 12:47:12.037000,FinePointe Series WBP [SN 139781]  Site 2 Bias Flow is out of range.,,,,,,,,,,,,,,,,,,,,,,,,,
2025-12-17 12:47:14.037000,5c,Toxicity,Original,,147.26467895507812,0.40868014097213745,60.452571868896484,0.26201191544532776,0.4105236232280731,0.7729926109313965,11.153897285461426,4.778870105743408,3.5214080810546875,0.1995931714773178,0.21054862439632416,0.25860071182250977,15.191316604614258,0,0.15437397360801697,17.97858428955078,0.43808841705322266,37,25,30,0,
2025-12-17 12:47:16.037000,5c,Toxicity,Original,,150.50970458984375,0.39704322814941406,59.74858856201172,0.27228525280952454,0.4219474792480469,0.7699618935585022,11.153897285461426,4.907543182373047,3.5772151947021484,0.19861376285552979,0.20052316784858704,0.2727522552013397,18.52260971069336,0,0.14517591893672943,14.969772338867188,,37,25,30,0,
2025-12-17 12:47:18.037000,5c,Toxicity,Original,,152.35763549804688,0.4557299017906189,69.49371337890625,0.29794231057167053,0.5055112242698669,0.6827024817466736,11.153897285461426,5.318501949310303,3.4695591926574707,0.21061936020851135,0.1837030053138733,0.26382917165756226,16.656076431274414,0,0.13032035529613495,14.361525535583496,1.8749912977218628,37,25,30,0,
2025-12-17 12:47:20.037000,5c,Toxicity,Original,,151.88522338867188,0.3966534733772278,60.38615417480469,0.28946080803871155,0.4699518084526062,0.6268672347068787,11.153897285461426,5.41449499130249,3.769321918487549,0.19843387603759766,0.19675561785697937,0.2607392370700836,16.047956466674805,0,0.13899722695350647,17.45252227783203,0.1338556855916977,37,25,30,0,
2025-12-17 12:47:20.037000,FinePointe Series WBP [SN 139781]  Site 4 Bias Flow is out of range.,,,,,,,,,,,,,,,,,,,,,,,,,
2025-12-17 12:47:20.037000,FinePointe Series WBP [SN 139781]  Site 1 Bias Flow is out of range.,,,,,,,,,,,,,,,,,,,,,,,,,
2025-12-17 12:47:22.037000,5c,Toxicity,Original,,154.33592224121094,0.4479120671749115,69.08345794677734,0.27694636583328247,0.44183579087257385,0.7610549330711365,11.153897285461426,5.077020168304443,3.5818159580230713,0.20710241794586182,0.18275167047977448,0.25252029299736023,8.946137428283691,0,0.1293954998254776,15.755570411682129,,37,25,30,0,
2025-12-17 12:47:24.037000,5c,Toxicity,Original,,154.22349548339844,0.3963747024536133,61.093544006347656,0.3079114258289337,0.5064713358879089,0.7284423112869263,11.153897285461426,5.57536506652832,3.7241060733795166,0.19043102860450745,0.19873303174972534,0.2708865702152252,6.564675331115723,0,0.1343342810869217,12.453302383422852,,37,25,30,0,
2025-12-17 12:47:24.037000,FinePointe Series WBP [SN 139781]  Site 2 Bias Flow is out of range.,,,,,,,,,,,,,,,,,,,,,,,,,
2025-12-17 12:47:26.037000,5c,Toxicity,Original,,147.44493103027344,0.47838982939720154,70.78672790527344,0.2861957848072052,0.47805914282798767,0.6028187274932861,11.153897285461426,5.839670181274414,3.879804849624634,0.19542136788368225,0.21238934993743896,0.21395596861839294,10.707294464111328,0,0.14668700098991394,17.509763717651367,,37,25,30,50,
2025-12-17 12:47:28.037000,5c,Toxicity,Original,,144.4185028076172,0.4240435063838959,61.23973083496094,0.26300814747810364,0.43773961067199707,0.7335723042488098,11.153897285461426,5.248175144195557,3.601064682006836,0.20825400948524475,0.20720520615577698,0.26192325353622437,38.86577606201172,0,0.1454821676015854,6.662300109863281,,37,25,30,0,
2025-12-17 12:47:28.037000,FinePointe Series WBP [SN 139781]  Site 4 Bias Flow is out of range.,,,,,,,,,,,,,,,,,,,,,,,,,
2025-12-17 12:47:28.037000,FinePointe Series WBP [SN 139781]  Site 1 Bias Flow is out of range.,,,,,,,,,,,,,,,,,,,,,,,,,
2025-12-17 12:47:32.037000,5c,Toxicity,Original,,157.02198791503906,0.4959557354450226,77.97763061523438,0.27179890871047974,0.48721736669540405,0.5847207903862,11.153897285461426,5.929582118988037,3.3920464515686035,0.1690046191215515,0.21811260282993317,0.23720598220825195,8.471994400024414,0,0.1495797485113144,11.137853622436523,0.24405328929424286,37,25,30,76.47058868408203,
2025-12-17 12:47:34.037000,5c,Toxicity,Original,,126.03752899169922,0.4218358099460602,53.182010650634766,0.4618096947669983,0.716498076915741,0.5330313444137573,11.153897285461426,4.786844730377197,3.375162363052368,0.2063504159450531,0.2715834677219391,0.2319815456867218,15.251129150390625,22.47185707092285,0.16452696919441223,9.732169151306152,,37,25,30,20,
2025-12-17 12:47:34.037000,FinePointe Series WBP [SN 139781]  Site 2 Bias Flow is out of range.,,,,,,,,,,,,,,,,,,,,,,,,,
2025-12-17 12:47:34.037000,FinePointe Series WBP [SN 139781]  Site 3 Bias Flow is out of range.,,,,,,,,,,,,,,,,,,,,,,,,,
2025-12-17 12:47:36.037000,5c,Toxicity,Original,,137.00486755371094,0.4551416337490082,62.37171173095703,0.3309519290924072,0.5664026141166687,0.5875746011734009,11.153897285461426,5.1363630294799805,3.1225929260253906,0.20550090074539185,0.2325361967086792,0.20706579089164734,13.702536582946777,0,0.15262451767921448,11.622015953063965,1.7367615699768066,37,25,30,0,
2025-12-17 12:47:38.037000,5c,Toxicity,Original,,145.85015869140625,0.42985740303993225,62.80549240112305,0.35099440813064575,0.5517563223838806,0.5401526689529419,11.153897285461426,6.151094436645508,3.8102197647094727,0.17723019421100616,0.2352340668439865,0.23769095540046692,46.44195556640625,0,0.15649214386940002,17.996723175048828,1.1979084014892578,37,25,30,20,
2025-12-17 12:47:38.037000,FinePointe Series WBP [SN 139781]  Site 4 Bias Flow is out of range.,,,,,,,,,,,,,,,,,,,,,,,,,
2025-12-17 12:47:40.037000,5c,Toxicity,Original,,146.45413208007812,0.42283257842063904,61.958248138427734,0.4196283221244812,0.49183768033981323,0.6817501783370972,11.153897285461426,4.457073211669922,4.185696125030518,0.20170247554779053,0.20810076594352722,0.21001294255256653,5.232637405395508,0,0.146165668964386,10.717223167419434,2.00602388381958,37,25,30,0,
2025-12-17 12:47:40.037000,FinePointe Series WBP [SN 139781]  Site 1 Bias Flow is out of range.,,,,,,,,,,,,,,,,,,,,,,,,,
2025-12-17 12:47:44.037000,5c,Toxicity,Original,,149.43557739257812,0.4582153856754303,68.56617736816406,0.2671543061733246,0.39415496587753296,0.7782376408576965,11.153897285461426,5.246072292327881,4.009063243865967,0.19787076115608215,0.2040170431137085,0.30568742752075195,67.66967010498047,0,0.14893212914466858,9.405492782592773,,37,25,30,84.61538696289062,
2025-12-17 12:47:44.037000,FinePointe Series WBP [SN 139781]  Site 2 Bias Flow is out of range.,,,,,,,,,,,,,,,,,,,,,,,,,
2025-12-17 12:47:44.037000,FinePointe Series WBP [SN 139781]  Site 3 Bias Flow is out of range.,,,,,,,,,,,,,,,,,,,,,,,,,
2025-12-17 12:47:46.037000,5c,Toxicity,Original,,153.24481201171875,0.39465099573135376,60.46342849731445,0.29851233959198,0.43847450613975525,0.5285860300064087,11.153897285461426,5.18294620513916,3.6623761653900146,0.18709325790405273,0.20557765662670135,0.23420974612236023,13.07013988494873,0,0.14713770151138306,16.623584747314453,2.481687545776367,37,25,30,0,
2025-12-17 12:47:48.037000,5c,Toxicity,Original,,145.80438232421875,0.3991466760635376,58.22821044921875,0.22803635895252228,0.45935043692588806,0.6415473222732544,11.153897285461426,5.796287536621094,3.1807706356048584,0.20049573481082916,0.21174168586730957,0.21793243288993835,24.686613082885742,0,0.1474580615758896,17.148780822753906,,37,25,30,20,
2025-12-17 12:47:48.037000,FinePointe Series WBP [SN 139781]  Site 4 Bias Flow is out of range.,,,,,,,,,,,,,,,,,,,,,,,,,
2025-12-17 12:47:50.037000,5c,Toxicity,Original,,147.14642333984375,0.46400919556617737,68.60176086425781,0.23415087163448334,0.39661070704460144,0.7745644450187683,11.153897285461426,5.533383846282959,3.782355308532715,0.21100300550460815,0.19759730994701385,0.27691715955734253,13.537384986877441,0,0.1446172147989273,14.60235595703125,,37,25,30,0,
2025-12-17 12:47:50.037000,FinePointe Series WBP [SN 139781]  Site 1 Bias Flow is out of range.,,,,,,,,,,,,,,,,,,,,,,,,,
2025-12-17 12:47:52.037000,5c,Toxicity,Original,,137.78704833984375,0.446402907371521,61.52055740356445,0.2360563576221466,0.3855714201927185,0.672741174697876,11.153897285461426,5.8444695472717285,3.8740315437316895,0.2006484717130661,0.24378333985805511,0.22069482505321503,19.15836524963379,0,0.1820855438709259,9.138665199279785,,37,25,30,0,
2025-12-17 12:47:54.037000,5c,Toxicity,Original,,149.4692840576172,0.4195288419723511,62.8715705871582,0.24642758071422577,0.4366453289985657,0.757597029209137,11.153897285461426,5.283730506896973,3.4008383750915527,0.20846523344516754,0.19438908994197845,0.24984988570213318,21.578359603881836,0,0.13894352316856384,17.42391586303711,0.553722083568573,37,25,30,0,
2025-12-17 12:47:54.037000,FinePointe Series WBP [SN 139781]  Site 2 Bias Flow is out of range.,,,,,,,,,,,,,,,,,,,,,,,,,
2025-12-17 12:47:54.037000,FinePointe Series WBP [SN 139781]  Site 3 Bias Flow is out of range.,,,,,,,,,,,,,,,,,,,,,,,,,
2025-12-17 12:47:56.037000,5c,Toxicity,Original,,146.4910430908203,0.43115395307540894,63.123573303222656,0.26576125621795654,0.448556125164032,0.7633023262023926,11.153897285461426,5.2660064697265625,3.4648120403289795,0.20824024081230164,0.2013792097568512,0.22141417860984802,14.292621612548828,0,0.1415776163339615,13.477251052856445,,37,25,30,0,
2025-12-17 12:47:58.037000,5c,Toxicity,Original,,142.11004638671875,0.44090330600738525,62.705501556396484,0.32954272627830505,0.4447433054447174,0.5248665809631348,11.153897285461426,4.688512325286865,3.80523681640625,0.20540204644203186,0.21732904016971588,0.1853090077638626,9.239455223083496,0,0.1543046534061432,6.992833614349365,,37,25,30,0,
2025-12-17 12:47:58.037000,FinePointe Series WBP [SN 139781]  Site 4 Bias Flow is out of range.,,,,,,,,,,,,,,,,,,,,,,,,,
2025-12-17 12:48:00.037000,5c,Toxicity,Original,,146.92898559570312,0.48018622398376465,70.43441009521484,0.2491331249475479,0.4389452338218689,0.7527356147766113,11.153897285461426,5.366196632385254,3.5270838737487793,0.21009808778762817,0.1991976499557495,0.2295055389404297,6.71064567565918,0,0.14089573919773102,8.987807273864746,,37,25,30,0,
2025-12-17 12:48:00.037000,FinePointe Series WBP [SN 139781]  Site 1 Bias Flow is out of range.,,,,,,,,,,,,,,,,,,,,,,,,,
2025-12-17 12:48:02.037000,5c,Toxicity,Original,,168.89039611816406,0.43079298734664917,72.81395721435547,0.2418982982635498,0.4407429099082947,0.7245362997055054,11.153897285461426,6.130537033081055,3.68587327003479,0.1446148157119751,0.21453642845153809,0.27709588408470154,13.926295280456543,0,0.15429675579071045,12.558889389038086,0.8886022567749023,37,25,30,57.14285659790039,
2025-12-17 12:48:04.037000,5c,Toxicity,Original,,142.3728485107422,0.48295459151268005,69.09382629394531,0.2729276418685913,0.45529162883758545,0.5114835500717163,11.153897285461426,4.998503684997559,3.060682773590088,0.1903565376996994,0.23581638932228088,0.186208114027977,6.429887771606445,0,0.16482479870319366,3.129469871520996,,37,25,30,0,
2025-12-17 12:48:04.037000,FinePointe Series WBP [SN 139781]  Site 2 Bias Flow is out of range.,,,,,,,,,,,,,,,,,,,,,,,,,
2025-12-17 12:48:04.037000,FinePointe Series WBP [SN 139781]  Site 3 Bias Flow is out of range.,,,,,,,,,,,,,,,,,,,,,,,,,
2025-12-17 12:48:06.037000,5c,Toxicity,Original,,129.73004150390625,0.5791810154914856,67.9075698852539,2.0044708251953125,1.0926235914230347,0.3769567906856537,11.153897285461426,5.642919540405273,6.071599006652832,0.2171677201986313,0.2802516222000122,0.2748916745185852,6.6927947998046875,73.34529113769531,0.1468033343553543,4.431486129760742,13.090755462646484,37,25,30,0,
2025-12-17 12:48:08.037000,5c,Toxicity,Original,,169.80657958984375,0.4010775089263916,68.29984283447266,2.8475444316864014,1.699819564819336,0.2038528472185135,11.153897285461426,3.454986095428467,5.565512657165527,0.20749278366565704,0.15601399540901184,0.3654785454273224,4.4347357749938965,7.487792015075684,0.05936121195554733,5.9952874183654785,13.969149589538574,37,25,30,33.33333206176758,
2025-12-17 12:48:08.037000,FinePointe Series WBP [SN 139781]  Site 4 Bias Flow is out of range.,,,,,,,,,,,,,,,,,,,,,,,,,
2025-12-17 12:48:08.037000,FinePointe Series WBP [SN 139781]  Site 1 Bias Flow is out of range.,,,,,,,,,,,,,,,,,,,,,,,,,
2025-12-17 12:48:10.037000,5c,Toxicity,Original,,169.84109497070312,0.37623098492622375,63.92255783081055,1.6235021352767944,1.2141921520233154,0.19962887465953827,11.153897285461426,3.625748872756958,4.456888675689697,0.17248107492923737,0.18114638328552246,0.22584332525730133,4.756222724914551,0,0.08376193046569824,3.541063070297241,12.030638694763184,37,25,30,0,
2025-12-17 12:48:12.037000,5c,Toxicity,Original,,172.3333282470703,0.3708975911140442,63.76786804199219,0.9933878183364868,1.1015033721923828,0.17222578823566437,11.153897285461426,4.152327060699463,3.642700433731079,0.17150220274925232,0.17728100717067719,0.21532507240772247,4.126558303833008,0,0.0864998996257782,4.171920299530029,6.626303672790527,37,25,30,33.33333206176758,
2025-12-17 12:48:14.037000,5c,Toxicity,Original,,162.92892456054688,0.39435097575187683,64.15357971191406,0.6698259115219116,0.8377978205680847,0.2920200824737549,11.153897285461426,4.516509056091309,3.597715139389038,0.1782882809638977,0.19040152430534363,0.20395855605602264,5.890270709991455,0,0.10677126049995422,6.7852349281311035,3.538569450378418,37,25,30,0,
2025-12-17 12:48:14.037000,FinePointe Series WBP [SN 139781]  Site 2 Bias Flow is out of range.,,,,,,,,,,,,,,,,,,,,,,,,,
2025-12-17 12:48:14.037000,FinePointe Series WBP [SN 139781]  Site 3 Bias Flow is out of range.,,,,,,,,,,,,,,,,,,,,,,,,,
2025-12-17 12:48:16.037000,5c,Toxicity,Original,,143.60800170898438,0.4073511064052582,58.47341537475586,0.7520702481269836,0.8243662118911743,0.18400529026985168,11.153897285461426,4.049232482910156,3.7218563556671143,0.18592897057533264,0.23833227157592773,0.16716977953910828,8.181010246276855,58.82598114013672,0.1420237421989441,6.333568096160889,4.815927028656006,37,25,30,0,
2025-12-17 12:48:18.037000,5c,Toxicity,Original,,155.0975341796875,0.38770776987075806,60.12010192871094,0.8655741214752197,1.0238053798675537,0.40846148133277893,11.153897285461426,4.45039176940918,3.1211163997650146,0.19838708639144897,0.18858563899993896,0.21278591454029083,9.720868110656738,0,0.09959235042333603,9.884462356567383,7.252217769622803,37,25,30,0,
2025-12-17 12:48:18.037000,FinePointe Series WBP [SN 139781]  Site 4 Bias Flow is out of range.,,,,,,,,,,,,,,,,,,,,,,,,,
2025-12-17 12:48:18.037000,FinePointe Series WBP [SN 139781]  Site 1 Bias Flow is out of range.,,,,,,,,,,,,,,,,,,,,,,,,,
2025-12-17 12:48:20.037000,5c,Toxicity,Original,,153.74107360839844,0.40205249190330505,61.88527297973633,0.5885581374168396,0.7996586561203003,0.4592317044734955,11.153897285461426,4.007565975189209,3.0155029296875,0.19483685493469238,0.19578273594379425,0.1907012015581131,7.01047420501709,0,0.11334629356861115,7.285600185394287,4.051857948303223,37,25,30,0,
2025-12-17 12:48:22.037000,5c,Toxicity,Original,,201.2987518310547,0.3553933799266815,71.39129638671875,0.44382309913635254,0.5713526010513306,0.5725046992301941,11.153897285461426,4.837115287780762,3.5399699211120605,0.13999226689338684,0.1628219038248062,0.2388378381729126,6.202919006347656,0,0.10758177191019058,8.059279441833496,4.351124286651611,37,25,30,14.285714149475098,
2025-12-17 12:48:22.037000,FinePointe Series WBP [SN 139781]  Site 2 Bias Flow is out of range.,,,,,,,,,,,,,,,,,,,,,,,,,
2025-12-17 12:48:24.037000,5c,Toxicity,Original,,144.8702850341797,0.4059687852859497,58.918212890625,0.3157119154930115,0.5352634787559509,0.5467216968536377,11.153897285461426,4.402839660644531,2.8039169311523438,0.19545681774616241,0.21891909837722778,0.16186195611953735,7.090643882751465,0,0.146821528673172,6.720795631408691,0.07339451462030411,37,25,30,0,
2025-12-17 12:48:24.037000,FinePointe Series WBP [SN 139781]  Site 3 Bias Flow is out of range.,,,,,,,,,,,,,,,,,,,,,,,,,
2025-12-17 12:48:26.037000,5c,Toxicity,Original,,169.99417114257812,0.4320886433124542,72.89652252197266,0.543876588344574,0.7219772934913635,0.33133113384246826,11.153897285461426,4.7717742919921875,3.282247543334961,0.16630934178829193,0.18947090208530426,0.20321068167686462,4.575735092163086,0,0.11476803570985794,5.042699813842773,5.51254940032959,37,25,30,0,
2025-12-17 12:48:28.037000,5c,Toxicity,Original,,193.4142608642578,0.4004732072353363,77.26555633544922,0.6202583312988281,0.7486799359321594,0.2711770534515381,11.153897285461426,5.230917930603027,4.016412258148193,0.13862088322639465,0.17793086171150208,0.23766864836215973,4.751032829284668,0,0.10482639074325562,5.825981616973877,7.612795829772949,37,25,30,0,
2025-12-17 12:48:30.037000,5c,Toxicity,Original,,146.0709991455078,0.4445420205593109,64.81986999511719,0.684402585029602,0.85982745885849,0.1477573662996292,11.153897285461426,4.425724029541016,3.4092063903808594,0.1776023954153061,0.2340439260005951,0.129696324467659,5.2664947509765625,0,0.1297731101512909,2.7180233001708984,6.228396415710449,37,25,30,0,
2025-12-17 12:48:30.037000,FinePointe Series WBP [SN 139781]  Site 4 Bias Flow is out of range.,,,,,,,,,,,,,,,,,,,,,,,,,
2025-12-17 12:48:30.037000,FinePointe Series WBP [SN 139781]  Site 1 Bias Flow is out of range.,,,,,,,,,,,,,,,,,,,,,,,,,
2025-12-17 12:48:32.037000,5c,Toxicity,Original,,149.67991638183594,0.46434518694877625,69.51094055175781,0.5670748949050903,0.8182713985443115,0.28222545981407166,11.153897285461426,4.616158962249756,3.1134727001190186,0.19571207463741302,0.20519369840621948,0.18547149002552032,7.680008888244629,0,0.11560294777154922,8.560659408569336,2.9044291973114014,37,25,30,0,
2025-12-17 12:48:34.037000,5c,Toxicity,Original,,152.26950073242188,0.4073108434677124,61.9784049987793,0.7332161068916321,0.8623381853103638,0.2710115611553192,11.153897285461426,4.213897228240967,3.565704345703125,0.19225692749023438,0.2018289715051651,0.21083785593509674,6.434919357299805,0,0.11083360016345978,6.233414173126221,3.998772621154785,37,25,30,0,
2025-12-17 12:48:34.037000,FinePointe Series WBP [SN 139781]  Site 2 Bias Flow is out of range.,,,,,,,,,,,,,,,,,,,,,,,,,
2025-12-17 12:48:34.037000,FinePointe Series WBP [SN 139781]  Site 3 Bias Flow is out of range.,,,,,,,,,,,,,,,,,,,,,,,,,
2025-12-17 12:48:36.037000,5c,Toxicity,Original,,155.4822540283203,0.41052934527397156,63.78954315185547,0.7489103078842163,0.8725789785385132,0.20930588245391846,11.153897285461426,4.066989898681641,3.5087039470672607,0.18954171240329742,0.19645945727825165,0.20801672339439392,5.0704803466796875,0,0.10696998238563538,5.370579719543457,5.485030174255371,37,25,30,0,
2025-12-17 12:48:38.037000,5c,Toxicity,Original,,156.3128662109375,0.40669500827789307,63.58926010131836,0.6295683979988098,0.8711639642715454,0.23200544714927673,11.153897285461426,4.31436014175415,3.0723350048065186,0.18786804378032684,0.19611456990242004,0.19528745114803314,6.950769901275635,0,0.10814841091632843,7.545278549194336,5.94810152053833,37,25,30,0,
2025-12-17 12:48:38.037000,FinePointe Series WBP [SN 139781]  Site 4 Bias Flow is out of range.,,,,,,,,,,,,,,,,,,,,,,,,,
2025-12-17 12:48:40.037000,5c,Toxicity,Original,,156.8414306640625,0.3968333601951599,62.262237548828125,0.5357440114021301,0.7740917205810547,0.3582133650779724,11.153897285461426,4.3524041175842285,3.0246336460113525,0.19005753099918365,0.1926630735397339,0.19294625520706177,6.6838555335998535,0,0.11107070744037628,7.426270961761475,3.188962459564209,37,25,30,0,
2025-12-17 12:48:40.037000,FinePointe Series WBP [SN 139781]  Site 1 Bias Flow is out of range.,,,,,,,,,,,,,,,,,,,,,,,,,
2025-12-17 12:48:42.037000,5c,Toxicity,Original,,177.0397186279297,0.5187172293663025,89.75663757324219,0.8122833371162415,0.8182293772697449,0.3634710907936096,11.153897285461426,5.079277038574219,5.426297664642334,0.1851567178964615,0.16523811221122742,0.38690999150276184,7.339053630828857,0,0.09204110503196716,13.106098175048828,8.787858963012695,37,25,30,0,
2025-12-17 12:48:44.037000,5c,Toxicity,Original,,155.69407653808594,0.39730846881866455,61.78997039794922,0.34667161107063293,0.6429696083068848,0.6709452867507935,11.153897285461426,4.6048970222473145,2.732513904571533,0.18642202019691467,0.19929207861423492,0.20895622670650482,7.779984474182129,0,0.12592311203479767,11.35894775390625,4.722390174865723,37,25,30,28.571428298950195,
2025-12-17 12:48:44.037000,FinePointe Series WBP [SN 139781]  Site 2 Bias Flow is out of range.,,,,,,,,,,,,,,,,,,,,,,,,,
2025-12-17 12:48:44.037000,FinePointe Series WBP [SN 139781]  Site 3 Bias Flow is out of range.,,,,,,,,,,,,,,,,,,,,,,,,,
2025-12-17 12:48:46.037000,5c,Toxicity,Original,,155.23416137695312,0.3842103183269501,59.58778381347656,0.615838885307312,0.811869740486145,0.3646807372570038,11.153897285461426,4.407370567321777,3.339935302734375,0.19601143896579742,0.19091279804706573,0.2310667783021927,8.85588550567627,0,0.11137484759092331,10.741151809692383,8.170146942138672,37,25,30,0,
2025-12-17 12:48:48.037000,5c,Toxicity,Original,,155.84988403320312,0.3879414200782776,60.42634582519531,0.6145315766334534,0.7211639285087585,0.4874189794063568,11.153897285461426,3.8687210083007812,3.3402490615844727,0.18801946938037872,0.19714361429214478,0.21564847230911255,8.4559907913208,0,0.1198170855641365,9.701923370361328,4.8428192138671875,37,25,30,0,
2025-12-17 12:48:48.037000,FinePointe Series WBP [SN 139781]  Site 4 Bias Flow is out of range.,,,,,,,,,,,,,,,,,,,,,,,,,
2025-12-17 12:48:50.037000,5c,Toxicity,Original,,154.6488800048828,0.39545637369155884,61.09752655029297,0.7423526644706726,0.9323146939277649,0.2379370927810669,11.153897285461426,4.32819938659668,3.215963840484619,0.19461758434772491,0.19357675313949585,0.21746563911437988,5.107428550720215,0,0.10206387937068939,7.152854919433594,5.404450416564941,37,25,30,0,
2025-12-17 12:48:50.037000,FinePointe Series WBP [SN 139781]  Site 1 Bias Flow is out of range.,,,,,,,,,,,,,,,,,,,,,,,,,
2025-12-17 12:48:52.037000,5c,Toxicity,Original,,157.20553588867188,0.3699359595775604,58.23647689819336,0.5809419751167297,0.7545852661132812,0.21825499832630157,11.153897285461426,3.7870707511901855,2.8631582260131836,0.1918056756258011,0.19003084301948547,0.17448045313358307,6.62613582611084,0,0.11171451956033707,8.298197746276855,4.183643817901611,37,25,30,0,
2025-12-17 12:48:54.037000,5c,Toxicity,Original,,153.76791381835938,0.41430383920669556,63.712257385253906,0.5572710633277893,0.7467356324195862,0.4427519142627716,11.153897285461426,4.228612899780273,3.1059353351593018,0.2020048201084137,0.18831123411655426,0.2344454824924469,6.391425132751465,0,0.11139819025993347,9.020980834960938,4.045216083526611,37,25,30,0,
2025-12-17 12:48:54.037000,FinePointe Series WBP [SN 139781]  Site 2 Bias Flow is out of range.,,,,,,,,,,,,,,,,,,,,,,,,,
2025-12-17 12:48:54.037000,FinePointe Series WBP [SN 139781]  Site 3 Bias Flow is out of range.,,,,,,,,,,,,,,,,,,,,,,,,,
2025-12-17 12:48:56.037000,5c,Toxicity,Original,,153.87144470214844,0.37727829813957214,58.04610061645508,0.5050586462020874,0.6963096261024475,0.34976309537887573,11.153897285461426,4.038690090179443,2.7734696865081787,0.1883084923028946,0.2020028829574585,0.1972784548997879,6.237021446228027,0,0.12158416956663132,8.160967826843262,1.661833643913269,37,25,30,0,
2025-12-17 12:48:58.037000,5c,Toxicity,Original,,151.1727752685547,0.3920772075653076,59.23858642578125,0.5244466066360474,0.7419372200965881,0.4313671290874481,11.153897285461426,4.044727325439453,2.9721224308013916,0.20272883772850037,0.1943518966436386,0.22281211614608765,7.451831340789795,0,0.1152770072221756,7.981754302978516,4.5066046714782715,37,25,30,0,
2025-12-17 12:48:58.037000,FinePointe Series WBP [SN 139781]  Site 4 Bias Flow is out of range.,,,,,,,,,,,,,,,,,,,,,,,,,
2025-12-17 12:49:00.037000,5c,Toxicity,Original,,150.71438598632812,0.38277167081832886,57.634483337402344,0.5316272974014282,0.7137563824653625,0.4388033449649811,11.153897285461426,3.728135347366333,2.768145799636841,0.20004938542842865,0.19835400581359863,0.1829114556312561,5.6369218826293945,0,0.11871813982725143,7.591994762420654,4.717887878417969,37,25,30,0,
2025-12-17 12:49:00.037000,FinePointe Series WBP [SN 139781]  Site 1 Bias Flow is out of range.,,,,,,,,,,,,,,,,,,,,,,,,,
2025-12-17 12:49:02.037000,5c,Toxicity,Original,,154.75857543945312,0.3872206211090088,59.8430061340332,0.5853073000907898,0.7240914702415466,0.33120545744895935,11.153897285461426,4.005875110626221,3.2203879356384277,0.18967127799987793,0.19984737038612366,0.18608330190181732,4.751798629760742,0,0.1177063062787056,11.29028034210205,3.044632911682129,37,25,30,0,
2025-12-17 12:49:04.037000,5c,Toxicity,Original,,148.05519104003906,0.374649316072464,55.87995529174805,0.5190723538398743,0.6604122519493103,0.28087472915649414,11.153897285461426,3.8132996559143066,2.9397478103637695,0.1803271770477295,0.22627224028110504,0.1618836522102356,6.5356316566467285,0,0.14024798572063446,4.675957679748535,5.344356536865234,37,25,30,0,
2025-12-17 12:49:04.037000,FinePointe Series WBP [SN 139781]  Site 2 Bias Flow is out of range.,,,,,,,,,,,,,,,,,,,,,,,,,
2025-12-17 12:49:04.037000,FinePointe Series WBP [SN 139781]  Site 3 Bias Flow is out of range.,,,,,,,,,,,,,,,,,,,,,,,,,
2025-12-17 12:49:06.037000,5c,Toxicity,Original,,149.70489501953125,0.4118655025959015,61.70939636230469,0.5159868001937866,0.6624070405960083,0.414688378572464,11.153897285461426,3.5231096744537354,2.795832395553589,0.19870124757289886,0.20226790010929108,0.17344847321510315,5.589142799377441,0,0.12569068372249603,4.740833759307861,8.610146522521973,37,25,30,0,
2025-12-17 12:49:08.037000,5c,Toxicity,Original,,160.9480743408203,0.3764321506023407,60.66779708862305,0.697536289691925,0.7826626300811768,0.3154933750629425,11.153897285461426,3.73997163772583,3.0178449153900146,0.1819288432598114,0.1916290819644928,0.18631161749362946,5.665898323059082,0,0.11017710715532303,4.359591484069824,4.406076431274414,37,25,30,0,
2025-12-17 12:49:08.037000,FinePointe Series WBP [SN 139781]  Site 4 Bias Flow is out of range.,,,,,,,,,,,,,,,,,,,,,,,,,
2025-12-17 12:49:10.037000,5c,Toxicity,Original,,150.75852966308594,0.3899076282978058,58.81803512573242,0.5032470226287842,0.6134858727455139,0.28698980808258057,11.153897285461426,3.8970236778259277,3.092909812927246,0.18584397435188293,0.2122025489807129,0.14852172136306763,4.161604404449463,0,0.1343076527118683,3.1562252044677734,0.700592577457428,37,25,30,0,
2025-12-17 12:49:10.037000,FinePointe Series WBP [SN 139781]  Site 1 Bias Flow is out of range.,,,,,,,,,,,,,,,,,,,,,,,,,
2025-12-17 12:49:12.037000,5c,Toxicity,Original,,155.10838317871094,0.37785401940345764,58.62922286987305,0.7569887638092041,0.8559980988502502,0.2936592102050781,11.153897285461426,3.8002634048461914,3.2139384746551514,0.19740712642669678,0.1895122528076172,0.21340078115463257,6.455042839050293,0,0.10470035672187805,6.995527267456055,6.1369218826293945,37,25,30,0,
2025-12-17 12:49:14.037000,5c,Toxicity,Original,,159.2928466796875,0.3993641436100006,63.64636993408203,0.5640465617179871,0.7157744765281677,0.2621307671070099,11.153897285461426,3.9791409969329834,3.1607472896575928,0.18337757885456085,0.19373959302902222,0.16507405042648315,5.024674892425537,0,0.11546207219362259,3.323350191116333,2.823782205581665,37,25,30,0,
2025-12-17 12:49:14.037000,FinePointe Series WBP [SN 139781]  Site 2 Bias Flow is out of range.,,,,,,,,,,,,,,,,,,,,,,,,,
2025-12-17 12:49:14.037000,FinePointe Series WBP [SN 139781]  Site 3 Bias Flow is out of range.,,,,,,,,,,,,,,,,,,,,,,,,,
2025-12-17 12:49:16.037000,5c,Toxicity,Original,,145.29417419433594,0.3978986144065857,57.905338287353516,0.6086499094963074,0.6649912595748901,0.12274616956710815,11.153897285461426,3.965273857116699,3.2716689109802246,0.18435883522033691,0.22885896265506744,0.17107948660850525,4.29475736618042,39.2558479309082,0.1424797624349594,4.6100053787231445,2.6299586296081543,37,25,30,0,
2025-12-17 12:49:18.037000,5c,Toxicity,Original,,143.6490020751953,0.39319586753845215,56.564205169677734,0.5986155271530151,0.7116971015930176,0.2622168958187103,11.153897285461426,3.653318405151367,2.9852640628814697,0.20192289352416992,0.21623799204826355,0.14052832126617432,5.180785179138184,0,0.12850028276443481,5.375375270843506,2.2195816040039062,37,25,30,0,
2025-12-17 12:49:18.037000,FinePointe Series WBP [SN 139781]  Site 4 Bias Flow is out of range.,,,,,,,,,,,,,,,,,,,,,,,,,
2025-12-17 12:49:18.037000,FinePointe Series WBP [SN 139781]  Site 1 Bias Flow is out of range.,,,,,,,,,,,,,,,,,,,,,,,,,
2025-12-17 12:49:20.037000,5c,Toxicity,Original,,150.7207489013672,0.4049273133277893,61.16567611694336,0.3719279170036316,0.6212397813796997,0.4854918420314789,11.153897285461426,4.010772705078125,2.5825631618499756,0.18842114508152008,0.2106212079524994,0.1672929972410202,8.327131271362305,0,0.13423126935958862,7.009387493133545,,37,25,30,33.33333206176758,
2025-12-17 12:49:22.037000,5c,Toxicity,Original,,147.09796142578125,0.3897097110748291,57.30836486816406,0.44286587834358215,0.6490728855133057,0.38579368591308594,11.153897285461426,4.091901779174805,2.9177298545837402,0.2033974975347519,0.2045411765575409,0.1944679468870163,8.134145736694336,0,0.12904132902622223,9.641757011413574,4.841037273406982,37,25,30,0,
2025-12-17 12:49:24.037000,5c,Toxicity,Original,,152.9170379638672,0.35767191648483276,54.70276641845703,0.588764488697052,0.7700253129005432,0.3553093671798706,11.153897285461426,3.701871395111084,2.9054765701293945,0.19424740970134735,0.19817955791950226,0.19721046090126038,6.348873138427734,0,0.11413262039422989,10.247751235961914,3.3825485706329346,37,25,30,0,
2025-12-17 12:49:24.037000,FinePointe Series WBP [SN 139781]  Site 2 Bias Flow is out of range.,,,,,,,,,,,,,,,,,,,,,,,,,
2025-12-17 12:49:24.037000,FinePointe Series WBP [SN 139781]  Site 3 Bias Flow is out of range.,,,,,,,,,,,,,,,,,,,,,,,,,
2025-12-17 12:49:26.037000,5c,Toxicity,Original,,153.75401306152344,0.39942896366119385,61.37690353393555,0.45031219720840454,0.6011513471603394,0.3712964653968811,11.153897285461426,3.724604368209839,2.978578567504883,0.1924784630537033,0.19781798124313354,0.17818434536457062,13.605170249938965,0,0.1281093955039978,8.763543128967285,1.5327246189117432,37,25,30,0,
2025-12-17 12:49:28.037000,5c,Toxicity,Original,,151.82333374023438,0.4018171727657318,61.00712966918945,0.41147127747535706,0.6334906816482544,0.5387612581253052,11.153897285461426,4.080821514129639,2.8326854705810547,0.19600722193717957,0.19922739267349243,0.18004263937473297,9.507407188415527,0,0.1259763538837433,11.18762493133545,2.4305295944213867,37,25,30,0,
2025-12-17 12:49:30.037000,5c,Toxicity,Original,,151.16563415527344,0.37838014960289,57.188114166259766,0.7533183097839355,0.8313431739807129,0.3568781018257141,11.153897285461426,3.7081379890441895,3.26811146736145,0.20309340953826904,0.19386081397533417,0.2212315797805786,6.8402581214904785,0,0.1091952919960022,11.379180908203125,3.104462146759033,37,25,30,0,
2025-12-17 12:49:30.037000,FinePointe Series WBP [SN 139781]  Site 4 Bias Flow is out of range.,,,,,,,,,,,,,,,,,,,,,,,,,
2025-12-17 12:49:30.037000,FinePointe Series WBP [SN 139781]  Site 1 Bias Flow is out of range.,,,,,,,,,,,,,,,,,,,,,,,,,
2025-12-17 12:49:32.037000,5c,Toxicity,Original,,149.25718688964844,0.38986337184906006,58.11589431762695,0.42699211835861206,0.6376021504402161,0.4774606227874756,11.153897285461426,4.013156414031982,2.886897325515747,0.19831322133541107,0.20390015840530396,0.18845267593860626,6.829676151275635,0,0.1287623792886734,9.36922550201416,3.6819262504577637,37,25,30,0,
2025-12-17 12:49:34.037000,5c,Toxicity,Original,,151.08413696289062,0.3867438733577728,58.4193115234375,0.5986000299453735,0.7675924301147461,0.29113125801086426,11.153897285461426,3.790649652481079,2.96860933303833,0.1962275207042694,0.20114241540431976,0.18113403022289276,7.1355133056640625,0,0.1170092225074768,6.644172668457031,3.809748411178589,37,25,30,0,
2025-12-17 12:49:34.037000,FinePointe Series WBP [SN 139781]  Site 2 Bias Flow is out of range.,,,,,,,,,,,,,,,,,,,,,,,,,
2025-12-17 12:49:34.037000,FinePointe Series WBP [SN 139781]  Site 3 Bias Flow is out of range.,,,,,,,,,,,,,,,,,,,,,,,,,
2025-12-17 12:49:36.037000,5c,Toxicity,Original,,150.55270385742188,0.3999243378639221,60.29220199584961,0.4324011206626892,0.6482765674591064,0.5133146643638611,11.153897285461426,4.2021965980529785,3.0118370056152344,0.19663995504379272,0.20221470296382904,0.22931426763534546,7.894964694976807,0,0.12742240726947784,13.006911277770996,3.6956558227539062,37,25,30,0,
2025-12-17 12:49:38.037000,5c,Toxicity,Original,,144.94493103027344,0.36735087633132935,53.25216293334961,0.5134678483009338,0.6956923604011536,0.45333266258239746,11.153897285461426,3.933199167251587,2.7839014530181885,0.19692790508270264,0.2172120213508606,0.18253490328788757,6.225768089294434,0,0.13101060688495636,5.961494445800781,5.168339729309082,37,25,30,0,
2025-12-17 12:49:40.037000,5c,Toxicity,Original,,151.75096130371094,0.39108654856681824,59.37809753417969,0.494663268327713,0.6264721751213074,0.4845476448535919,11.153897285461426,3.6229279041290283,2.931826114654541,0.1923876255750656,0.2031116485595703,0.14852190017700195,8.641331672668457,0,0.12918466329574585,6.5703864097595215,5.007811546325684,37,25,30,0,
2025-12-17 12:49:40.037000,FinePointe Series WBP [SN 139781]  Site 4 Bias Flow is out of range.,,,,,,,,,,,,,,,,,,,,,,,,,
2025-12-17 12:49:40.037000,FinePointe Series WBP [SN 139781]  Site 1 Bias Flow is out of range.,,,,,,,,,,,,,,,,,,,,,,,,,
2025-12-17 12:49:42.037000,5c,Toxicity,Original,,154.31085205078125,0.37448084354400635,57.84319305419922,0.5490455031394958,0.7002015113830566,0.4309171736240387,11.153897285461426,3.679291248321533,2.8307254314422607,0.20235024392604828,0.18707741796970367,0.17498363554477692,6.927731037139893,0,0.1141018271446228,7.970810413360596,4.7446370124816895,37,25,30,0,
2025-12-17 12:49:44.037000,5c,Toxicity,Original,,152.2536163330078,0.39493414759635925,60.16066360473633,0.5498086810112,0.6850630044937134,0.49448370933532715,11.153897285461426,3.7422313690185547,3.083007335662842,0.1894574910402298,0.2049873173236847,0.2202238291501999,7.58612585067749,0,0.125538632273674,9.027413368225098,5.568528175354004,37,25,30,0,
2025-12-17 12:49:44.037000,FinePointe Series WBP [SN 139781]  Site 2 Bias Flow is out of range.,,,,,,,,,,,,,,,,,,,,,,,,,
2025-12-17 12:49:44.037000,FinePointe Series WBP [SN 139781]  Site 3 Bias Flow is out of range.,,,,,,,,,,,,,,,,,,,,,,,,,
2025-12-17 12:49:46.037000,5c,Toxicity,Original,,154.55348205566406,0.3861405551433563,59.72820281982422,0.5263618230819702,0.694766640663147,0.47920164465904236,11.153897285461426,3.87774920463562,2.9194095134735107,0.18519949913024902,0.20348376035690308,0.20590876042842865,6.33856725692749,0,0.12654545903205872,5.401795864105225,4.722568988800049,37,25,30,0,
2025-12-17 12:49:48.037000,5c,Toxicity,Original,,160.0063934326172,0.4233795702457428,67.23951721191406,0.6814325451850891,0.9285779595375061,0.37685325741767883,11.153897285461426,4.313177108764648,3.537109375,0.1655517965555191,0.21937768161296844,0.2066882848739624,5.282766342163086,36.61505126953125,0.12277968227863312,3.460326671600342,4.465242385864258,37,25,30,16.66666603088379,
2025-12-17 12:49:48.037000,FinePointe Series WBP [SN 139781]  Site 4 Bias Flow is out of range.,,,,,,,,,,,,,,,,,,,,,,,,,
2025-12-17 12:49:50.037000,5c,Toxicity,Original,,131.5869140625,0.3907397389411926,51.56593322753906,0.3924868702888489,0.6434932947158813,0.5799446702003479,11.153897285461426,3.9270756244659424,2.869154930114746,0.20687925815582275,0.2497817426919937,0.18724235892295837,8.890044212341309,0,0.15947414934635162,14.492012977600098,5.800921440124512,37,25,30,25,
2025-12-17 12:49:50.037000,FinePointe Series WBP [SN 139781]  Site 1 Bias Flow is out of range.,,,,,,,,,,,,,,,,,,,,,,,,,
2025-12-17 12:49:52.037000,5c,Toxicity,Original,,144.0148162841797,0.4535837769508362,65.3313217163086,0.3286214768886566,0.5238896012306213,0.6816595196723938,11.153897285461426,3.9126901626586914,2.6761858463287354,0.20977568626403809,0.20696276426315308,0.14261429011821747,6.124582767486572,0,0.1391342133283615,7.322176456451416,1.2840940952301025,37,25,30,0,
2025-12-17 12:49:52.037000,Record signals and tables.,,,,,,,,,,,,,,,,,,,,,,,,,
2025-12-17 12:49:52.037000,Experiment Complete.,,,,,,,,,,,,,,,,,,,,,,,,,
2025-12-17 12:49:54.037000,5c,Toxicity,Original,,148.41615295410156,0.41210898756980896,61.17488098144531,0.37900784611701965,0.5652917623519897,0.5380682945251465,11.153897285461426,3.9145760536193848,2.7925820350646973,0.20277664065361023,0.20150279998779297,0.18665988743305206,8.3183012008667,0,0.13340429961681366,10.187005996704102,2.3276686668395996,37,25,30,0,
