Time,Subject,Phase,Recording,Alarms,f,TVb,MVb,Penh,PAU,Rpef,Comp,PIFb,PEFb,Ti,Te,EF50,EIP,EEP,Tr,TB,TP,Tbody,Tc,RH,Rinx,BFCF
2025-12-30 09:53:04.397000,6d,Toxicity,Original,,186.34056091308594,0.17135603725910187,31.930578231811523,4.618820667266846,3.9463183879852295,0.2033683955669403,11.153897285461426,3.6112923622131348,3.4867794513702393,0.10563495755195618,0.21635614335536957,0.28246065974235535,6.738455295562744,129.889404296875,0.04485874995589256,9.776932716369629,49.628360748291016,37,25,30,93.33333587646484,
2025-12-30 09:53:04.397000,FinePointe Series WBP [SN 139781]  Site 4 Bias Flow is out of range.,,,,,,,,,,,,,,,,,,,,,,,,,
2025-12-30 09:53:04.397000,FinePointe Series WBP [SN 10499C]  Site 1 Bias Flow is out of range.,,,,,,,,,,,,,,,,,,,,,,,,,
2025-12-30 09:53:16.397000,6d,Toxicity,Original,,307.67431640625,0.16790980100631714,51.661537170410156,0.7345079779624939,0.6795421242713928,0.5594624280929565,11.153897285461426,2.3583335876464844,2.5529799461364746,0.11278961598873138,0.08222178369760513,0.22847634553909302,6.818356513977051,0,0.050066910684108734,18.612873077392578,14.029607772827148,37,25,30,94.7368392944336,
2025-12-30 09:53:16.397000,FinePointe Series WBP [SN 139781]  Site 4 Bias Flow is out of range.,,,,,,,,,,,,,,,,,,,,,,,,,
2025-12-30 09:53:22.397000,6d,Toxicity,Original,,303.4616394042969,0.16790302097797394,50.95212936401367,0.7297085523605347,0.9005451798439026,0.45858606696128845,11.153897285461426,2.500866413116455,1.9612581729888916,0.11049393564462662,0.08722463250160217,0.17537842690944672,4.599551200866699,0,0.04670373722910881,11.037494659423828,18.679401397705078,37,25,30,87.5,
2025-12-30 09:53:22.397000,FinePointe Series WBP [SN 10499C]  Site 1 Bias Flow is out of range.,,,,,,,,,,,,,,,,,,,,,,,,,
2025-12-30 09:53:24.397000,6d,Toxicity,Original,,193.35960388183594,0.23733007907867432,39.23963165283203,2.6494953632354736,2.394268274307251,0.2171492874622345,11.153897285461426,2.82590389251709,2.42150616645813,0.1576373428106308,0.2062489539384842,0.2066000998020172,5.326966285705566,79.99061584472656,0.06528806686401367,7.009786605834961,11.856027603149414,37,25,30,75,
2025-12-30 09:53:28.397000,6d,Toxicity,Original,,222.62844848632812,0.14815959334373474,34.33660125732422,5.217141151428223,3.0584335327148438,0.31962186098098755,11.153897285461426,2.5045642852783203,4.190188407897949,0.10105995833873749,0.17721684277057648,0.37468239665031433,6.793466567993164,74.26058959960938,0.050232358276844025,9.839271545410156,9.470538139343262,37,25,30,80,
2025-12-30 09:53:30.397000,6d,Toxicity,Original,,299.7068786621094,0.10857130587100983,32.53956604003906,0.45801475644111633,0.8189808130264282,0.4972909986972809,11.153897285461426,2.0486273765563965,1.1474552154541016,0.08758547902107239,0.11261012405157089,0.10282445698976517,4.298018932342529,0,0.0626782700419426,13.580465316772461,22.116710662841797,37,25,30,75,
2025-12-30 09:53:30.397000,FinePointe Series WBP [SN 139781]  Site 4 Bias Flow is out of range.,,,,,,,,,,,,,,,,,,,,,,,,,
2025-12-30 09:53:30.397000,FinePointe Series WBP [SN 10499C]  Site 1 Bias Flow is out of range.,,,,,,,,,,,,,,,,,,,,,,,,,
2025-12-30 09:53:34.397000,6d,Toxicity,Original,,94.9535140991211,0.18875259160995483,17.92272186279297,16.392183303833008,10.97793960571289,0.06890512257814407,11.153897285461426,2.582327127456665,3.154367685317993,0.13845601677894592,0.49343210458755493,0.2540619373321533,5.199778079986572,411.9859924316406,0.04157736897468567,,,37,25,30,90,
2025-12-30 09:53:36.397000,6d,Toxicity,Original,,137.52073669433594,0.24982014298439026,30.203880310058594,4.365156173706055,2.8130581378936768,0.11109782010316849,11.153897285461426,3.546786308288574,3.6645264625549316,0.14725364744663239,0.3550887107849121,0.2704398036003113,6.011711120605469,277.1965026855469,0.15939739346504211,8.763208389282227,,37,25,30,50,
2025-12-30 09:53:40.397000,6d,Toxicity,Original,,26.297855377197266,5.577648162841797,146.68017578125,1.285071849822998,1.4758273363113403,0.2219463735818863,11.153897285461426,19.225244522094727,8.029484748840332,0.7856979966163635,1.4958568811416626,0.38985246419906616,36.53554153442383,0,0.6164957284927368,2.4740452766418457,43.97209548950195,37,25,30,83.33333587646484,
2025-12-30 09:53:40.397000,FinePointe Series WBP [SN 139781]  Site 4 Bias Flow is out of range.,,,,,,,,,,,,,,,,,,,,,,,,,
2025-12-30 09:53:40.397000,Measuring Baseline.,,,,,,,,,,,,,,,,,,,,,,,,,
2025-12-30 09:53:40.397000,Create measurement 'Baseline'. Duration: 00:02:16.8638004,,,,,,,,,,,,,,,,,,,,,,,,,
2025-12-30 09:53:40.397000,FinePointe Series WBP [SN 10499C]  Site 1 Bias Flow is out of range.,,,,,,,,,,,,,,,,,,,,,,,,,
2025-12-30 09:53:48.397000,6d,Toxicity,Original,,182.21481323242188,0.6955379247665405,66.44683074951172,2.2879934310913086,1.8142982721328735,0.45127254724502563,11.153897285461426,4.949065685272217,4.531589508056641,0.2383219599723816,0.29787394404411316,0.29498291015625,40.892181396484375,23.977567672729492,0.16274385154247284,10.555011749267578,15.4827880859375,37,25,30,76.92308044433594,
2025-12-30 09:53:48.397000,FinePointe Series WBP [SN 139781]  Site 4 Bias Flow is out of range.,,,,,,,,,,,,,,,,,,,,,,,,,
2025-12-30 09:53:48.397000,FinePointe Series WBP [SN 10499C]  Site 1 Bias Flow is out of range.,,,,,,,,,,,,,,,,,,,,,,,,,
2025-12-30 09:53:54.397000,6d,Toxicity,Original,,134.96182250976562,0.36556804180145264,49.337730407714844,0.8414041996002197,1.3936442136764526,0.44464951753616333,11.153897285461426,4.143977642059326,2.611021041870117,0.14770713448524475,0.29686301946640015,0.2170182764530182,43.64976119995117,123.05320739746094,0.1267690509557724,22.7374267578125,35.228092193603516,37,25,30,83.33333587646484,
2025-12-30 09:53:56.397000,6d,Toxicity,Original,,219.71722412109375,0.2262130081653595,49.722999572753906,0.748809814453125,0.9785846471786499,0.5057446360588074,11.153897285461426,2.638343334197998,1.8952150344848633,0.14366726577281952,0.1294325292110443,0.1512351632118225,4.547035217285156,11.388326644897461,0.06892427057027817,8.958316802978516,14.04979133605957,37,25,30,75,
2025-12-30 09:53:58.397000,6d,Toxicity,Original,,109.82892608642578,0.604663074016571,66.40949249267578,0.3851904571056366,0.6245848536491394,0.6195864677429199,11.153897285461426,4.51630163192749,2.474853277206421,0.30743518471717834,0.23886901140213013,0.1886773407459259,9.530250549316406,14.269145011901855,0.1512850672006607,7.295037746429443,8.939766883850098,37,25,30,66.66666412353516,
2025-12-30 09:53:58.397000,FinePointe Series WBP [SN 139781]  Site 4 Bias Flow is out of range.,,,,,,,,,,,,,,,,,,,,,,,,,
2025-12-30 09:54:02.397000,6d,Toxicity,Original,,248.50466918945312,0.23055103421211243,54.658103942871094,1.1961219310760498,1.1562849283218384,0.42457371950149536,11.153897285461426,2.6805837154388428,2.9129040241241455,0.15212804079055786,0.09998336434364319,0.24538512527942657,5.116468906402588,0,0.046415314078330994,13.45035171508789,17.690589904785156,37,25,30,81.81818389892578,
2025-12-30 09:54:02.397000,FinePointe Series WBP [SN 10499C]  Site 1 Bias Flow is out of range.,,,,,,,,,,,,,,,,,,,,,,,,,
2025-12-30 09:54:10.397000,6d,Toxicity,Original,,176.87551879882812,0.21305003762245178,37.6833381652832,3.11384654045105,2.582141637802124,0.23675331473350525,11.153897285461426,2.00170636177063,2.2777528762817383,0.16182178258895874,0.17739982903003693,0.19649921357631683,3.210649013519287,66.57416534423828,0.05003834143280983,7.584277153015137,31.33036994934082,37,25,30,93.75,
2025-12-30 09:54:10.397000,FinePointe Series WBP [SN 139781]  Site 4 Bias Flow is out of range.,,,,,,,,,,,,,,,,,,,,,,,,,
2025-12-30 09:54:12.397000,6d,Toxicity,Original,,222.96371459960938,0.18771758675575256,41.84010314941406,1.6919037103652954,1.5378270149230957,0.3703482449054718,11.153897285461426,2.3548262119293213,2.608938694000244,0.1352531909942627,0.1385621279478073,0.22715407609939575,4.702175140380859,27.948158264160156,0.0579766146838665,9.781291961669922,22.86579704284668,37,25,30,20,
2025-12-30 09:54:12.397000,FinePointe Series WBP [SN 10499C]  Site 1 Bias Flow is out of range.,,,,,,,,,,,,,,,,,,,,,,,,,
2025-12-30 09:54:12.397000,FinePointe Series WBP [SN 139781]  Site 4 Bias Flow is out of range.,,,,,,,,,,,,,,,,,,,,,,,,,
2025-12-30 09:54:22.397000,6d,Toxicity,Original,,136.8329620361328,0.19250433146953583,26.321510314941406,6.446732521057129,2.811292886734009,0.19670161604881287,11.153897285461426,1.8206491470336914,2.7920525074005127,0.23210524022579193,0.2519530653953552,0.2364758849143982,6.58050537109375,103.950927734375,0.06794983148574829,5.026374340057373,36.668880462646484,37,25,30,90,
2025-12-30 09:54:22.397000,FinePointe Series WBP [SN 10499C]  Site 1 Bias Flow is out of range.,,,,,,,,,,,,,,,,,,,,,,,,,
2025-12-30 09:54:24.397000,6d,Toxicity,Original,,154.18600463867188,0.21881872415542603,33.83751678466797,2.9765357971191406,1.923071265220642,0.20907527208328247,11.153897285461426,2.147686004638672,2.8427460193634033,0.1634732186794281,0.22865161299705505,0.22231647372245789,4.625268459320068,60.11070251464844,0.08445662260055542,6.714856147766113,19.67288589477539,37,25,30,66.66666412353516,
2025-12-30 09:54:26.397000,6d,Toxicity,Original,,117.67542266845703,0.25626838207244873,30.1564884185791,3.0446908473968506,2.775061845779419,0.10872970521450043,11.153897285461426,2.80694842338562,2.798952341079712,0.14199234545230865,0.36788472533226013,0.18289227783679962,5.47503137588501,172.97412109375,0.09830604493618011,2.518522262573242,42.47917938232422,37,25,30,80,
2025-12-30 09:54:28.397000,6d,Toxicity,Original,,180.1487579345703,0.23193860054016113,41.783451080322266,4.504798889160156,3.303907871246338,0.18146046996116638,11.153897285461426,3.242006540298462,4.031968593597412,0.123646080493927,0.20941200852394104,0.3575133979320526,3.3116707801818848,102.74655151367188,0.04909374192357063,6.5614705085754395,,37,25,30,66.66666412353516,
2025-12-30 09:54:30.397000,6d,Toxicity,Original,,168.37017822265625,0.24225367605686188,40.78829574584961,3.6995017528533936,4.523980617523193,0.22805005311965942,11.153897285461426,3.3292694091796875,2.7235703468322754,0.13710752129554749,0.21925011277198792,0.225973978638649,3.9884395599365234,131.3943634033203,0.03996671363711357,8.173521995544434,1.4518119096755981,37,25,30,80,
2025-12-30 09:54:30.397000,FinePointe Series WBP [SN 139781]  Site 4 Bias Flow is out of range.,,,,,,,,,,,,,,,,,,,,,,,,,
2025-12-30 09:54:32.397000,6d,Toxicity,Original,,212.31936645507812,0.18600647151470184,39.11266326904297,1.292037844657898,1.7996623516082764,0.25640082359313965,11.153897285461426,2.364184856414795,1.5329962968826294,0.13218413293361664,0.15821970999240875,0.13254967331886292,5.748719215393066,36.277042388916016,0.05729580670595169,9.452507019042969,33.95563507080078,37,25,30,77.77777862548828,
2025-12-30 09:54:32.397000,FinePointe Series WBP [SN 10499C]  Site 1 Bias Flow is out of range.,,,,,,,,,,,,,,,,,,,,,,,,,
2025-12-30 09:54:34.397000,6d,Toxicity,Original,,243.81466674804688,0.1538752019405365,37.36567306518555,0.9030224084854126,0.9828222990036011,0.3834403455257416,11.153897285461426,2.059352397918701,1.8107640743255615,0.12745359539985657,0.12292065471410751,0.1605447381734848,4.383996963500977,0,0.0630718544125557,9.938773155212402,23.888301849365234,37,25,30,60,
2025-12-30 09:54:36.397000,6d,Toxicity,Original,,150.78607177734375,0.1618330329656601,24.40216636657715,1.0527088642120361,0.8874940872192383,0.5317820310592651,11.153897285461426,1.5640262365341187,1.6670503616333008,0.21362872421741486,0.18428602814674377,0.1372579038143158,4.079603672027588,0,0.09911637753248215,1.6906462907791138,15.765405654907227,37,25,30,80,
2025-12-30 09:54:38.397000,6d,Toxicity,Original,,35.02566909790039,1.6329295635223389,57.194454193115234,0.20899592339992523,0.3501508831977844,0.7782159447669983,11.153897285461426,7.384406566619873,3.428990125656128,0.7158767580986023,0.99715256690979,-0.1170935109257698,20.854496002197266,7.337663173675537,0.7492700219154358,0.9821383357048035,18.393508911132812,37,25,30,50,
2025-12-30 09:54:38.397000,FinePointe Series WBP [SN 139781]  Site 4 Bias Flow is out of range.,,,,,,,,,,,,,,,,,,,,,,,,,
2025-12-30 09:54:38.397000,FinePointe Series WBP [SN 10499C]  Site 1 Bias Flow is out of range.,,,,,,,,,,,,,,,,,,,,,,,,,
2025-12-30 09:54:38.397000,FinePointe Series WBP [SN 139781]  Site 4 Bias Flow is out of range.,,,,,,,,,,,,,,,,,,,,,,,,,
2025-12-30 09:54:52.397000,6d,Toxicity,Original,,237.56826782226562,0.17200970649719238,40.67435836791992,1.0147342681884766,0.9614349603652954,0.4459038972854614,11.153897285461426,2.7346646785736084,2.82354736328125,0.13620907068252563,0.11740641295909882,0.22490127384662628,4.2750701904296875,0,0.060536012053489685,9.899946212768555,20.958349227905273,37,25,30,91.3043441772461,
2025-12-30 09:54:52.397000,FinePointe Series WBP [SN 10499C]  Site 1 Bias Flow is out of range.,,,,,,,,,,,,,,,,,,,,,,,,,
2025-12-30 09:54:56.397000,6d,Toxicity,Original,,317.6051025390625,0.11256933212280273,35.752593994140625,0.7524678111076355,0.7237666249275208,0.4625379741191864,11.153897285461426,1.8360376358032227,1.8791011571884155,0.09811048954725266,0.0908033549785614,0.1668938845396042,5.740161895751953,0,0.053704846650362015,17.165679931640625,15.917794227600098,37,25,30,88.88888549804688,
2025-12-30 09:54:58.397000,6d,Toxicity,Original,,160.35107421875,0.18361932039260864,29.443553924560547,1.418231725692749,1.5124231576919556,0.23993748426437378,11.153897285461426,2.5565237998962402,2.2885937690734863,0.13244934380054474,0.24172963201999664,0.18903306126594543,12.940523147583008,58.49431610107422,0.09811561554670334,10.729304313659668,31.80904769897461,37,25,30,80,
2025-12-30 09:54:58.397000,FinePointe Series WBP [SN 139781]  Site 4 Bias Flow is out of range.,,,,,,,,,,,,,,,,,,,,,,,,,
2025-12-30 09:54:58.397000,FinePointe Series WBP [SN 139781]  Site 2 Bias Flow is out of range.,,,,,,,,,,,,,,,,,,,,,,,,,
2025-12-30 09:54:58.397000,FinePointe Series WBP [SN 10499C]  Site 1 Bias Flow is out of range.,,,,,,,,,,,,,,,,,,,,,,,,,
2025-12-30 09:55:06.397000,6d,Toxicity,Original,,30.67800521850586,3.3834118843078613,103.79633331298828,0.6328283548355103,0.8134793043136597,0.3528306484222412,11.153897285461426,8.609435081481934,5.7809624671936035,0.8051048517227173,1.150693655014038,0.4900573194026947,11.883689880371094,671.0807495117188,0.7090808749198914,6.145459175109863,32.128746032714844,37,25,30,92.85713958740234,
2025-12-30 09:55:08.397000,6d,Toxicity,Original,,295.4443664550781,0.11743810027837753,34.69642639160156,1.2474870681762695,0.8720889687538147,0.44160380959510803,11.153897285461426,1.7459663152694702,2.417346239089966,0.10344710201025009,0.09963681548833847,0.20606738328933716,4.21328592300415,0,0.05399115011096001,10.741514205932617,21.851455688476562,37,25,30,50,
2025-12-30 09:55:10.397000,6d,Toxicity,Original,,207.53717041015625,0.23278436064720154,47.774051666259766,0.7188105583190918,0.7621545791625977,0.5336397886276245,11.153897285461426,2.3481457233428955,2.2075729370117188,0.147111713886261,0.14394506812095642,0.18079689145088196,10.483177185058594,10.234766960144043,0.08470556885004044,11.099288940429688,15.049323081970215,37,25,30,77.77777862548828,
2025-12-30 09:55:10.397000,FinePointe Series WBP [SN 139781]  Site 4 Bias Flow is out of range.,,,,,,,,,,,,,,,,,,,,,,,,,
2025-12-30 09:55:10.397000,FinePointe Series WBP [SN 139781]  Site 2 Bias Flow is out of range.,,,,,,,,,,,,,,,,,,,,,,,,,
2025-12-30 09:55:10.397000,FinePointe Series WBP [SN 10499C]  Site 1 Bias Flow is out of range.,,,,,,,,,,,,,,,,,,,,,,,,,
2025-12-30 09:55:14.397000,6d,Toxicity,Original,,167.17095947265625,0.19263505935668945,32.20298767089844,0.43582674860954285,0.42015016078948975,0.7858148217201233,11.153897285461426,1.9386895895004272,1.9338796138763428,0.15021346509456635,0.20870056748390198,0.13938331604003906,7.9189934730529785,0,0.14850282669067383,12.953864097595215,9.684839248657227,37,25,30,75,
2025-12-30 09:55:16.397000,6d,Toxicity,Original,,235.59237670898438,0.17639946937561035,41.466548919677734,0.5295682549476624,0.6327963471412659,0.5389198064804077,11.153897285461426,2.529538154602051,2.0001142024993896,0.1383116990327835,0.13078469038009644,0.1562608927488327,3.800461530685425,31.416460037231445,0.08360031992197037,12.254765510559082,13.464086532592773,37,25,30,60,
2025-12-30 09:55:20.397000,6d,Toxicity,Original,,160.48281860351562,0.23624756932258606,37.91367721557617,0.6601678133010864,1.4971486330032349,0.37458372116088867,11.153897285461426,4.154252052307129,1.9189690351486206,0.11224803328514099,0.2616237699985504,0.15331482887268066,7.6583781242370605,148.63401794433594,0.10534839332103729,5.806640148162842,14.613635063171387,37,25,30,75,
2025-12-30 09:55:20.397000,FinePointe Series WBP [SN 139781]  Site 4 Bias Flow is out of range.,,,,,,,,,,,,,,,,,,,,,,,,,
2025-12-30 09:55:20.397000,FinePointe Series WBP [SN 10499C]  Site 1 Bias Flow is out of range.,,,,,,,,,,,,,,,,,,,,,,,,,
2025-12-30 09:55:26.397000,6d,Toxicity,Original,,186.9393768310547,0.20058465003967285,37.553558349609375,1.090033769607544,0.9803012609481812,0.6126691102981567,11.153897285461426,2.2825121879577637,2.4620163440704346,0.17277151346206665,0.14894086122512817,0.16227643191814423,12.831043243408203,0,0.07591482996940613,10.697183609008789,10.745633125305176,37,25,30,81.81818389892578,
2025-12-30 09:55:28.397000,6d,Toxicity,Original,,172.30642700195312,0.29401895403862,49.22306442260742,2.2240679264068604,1.7701774835586548,0.3221006393432617,11.153897285461426,2.80850887298584,2.6530823707580566,0.16815635561943054,0.18125100433826447,0.22559627890586853,5.5209503173828125,37.5449104309082,0.07248750329017639,8.38298225402832,28.16281509399414,37,25,30,75,
2025-12-30 09:55:30.397000,6d,Toxicity,Original,,135.14910888671875,0.2705145478248596,37.5587272644043,3.1688785552978516,2.657660722732544,0.644694447517395,11.153897285461426,2.7027151584625244,3.515071392059326,0.16378560662269592,0.3118319809436798,0.25085213780403137,6.330818176269531,0,0.08671486377716064,6.202308654785156,14.793549537658691,37,25,30,0,
2025-12-30 09:55:30.397000,FinePointe Series WBP [SN 139781]  Site 4 Bias Flow is out of range.,,,,,,,,,,,,,,,,,,,,,,,,,
2025-12-30 09:55:30.397000,FinePointe Series WBP [SN 10499C]  Site 1 Bias Flow is out of range.,,,,,,,,,,,,,,,,,,,,,,,,,
2025-12-30 09:55:36.397000,6d,Toxicity,Original,,305.16119384765625,0.12835943698883057,39.17032241821289,0.8506519198417664,0.749113917350769,0.4714043140411377,11.153897285461426,1.852155089378357,2.084657907485962,0.10327926278114319,0.09333813190460205,0.18453055620193481,2.6947178840637207,0,0.053826190531253815,11.59000301361084,15.597956657409668,37,25,30,85.71428680419922,
2025-12-30 09:55:38.397000,6d,Toxicity,Original,,208.31504821777344,0.15436546504497528,32.15665054321289,0.805385947227478,1.0365140438079834,0.3792102038860321,11.153897285461426,2.2270700931549072,1.7116013765335083,0.13507580757141113,0.1529494673013687,0.1512109488248825,4.31096887588501,0,0.07604201883077621,10.394110679626465,24.169084548950195,37,25,30,87.5,
2025-12-30 09:55:40.397000,6d,Toxicity,Original,,150.7901611328125,0.18368831276893616,27.69839096069336,0.7468971610069275,0.6185527443885803,0.614066481590271,11.153897285461426,1.73346745967865,2.1007261276245117,0.2122562974691391,0.18564766645431519,0.16858938336372375,8.550674438476562,0,0.11865156888961792,14.824182510375977,8.079181671142578,37,25,30,0,
2025-12-30 09:55:40.397000,FinePointe Series WBP [SN 139781]  Site 4 Bias Flow is out of range.,,,,,,,,,,,,,,,,,,,,,,,,,
2025-12-30 09:55:40.397000,FinePointe Series WBP [SN 10499C]  Site 1 Bias Flow is out of range.,,,,,,,,,,,,,,,,,,,,,,,,,
2025-12-30 09:55:44.397000,6d,Toxicity,Original,,307.28411865234375,0.35579022765159607,109.32868957519531,0.6440341472625732,0.5098540782928467,0.16538120806217194,11.153897285461426,5.813775062561035,6.984681129455566,0.09851284325122833,0.09674618393182755,0.22001303732395172,2.1790263652801514,62.506656646728516,0.06451701372861862,,,37,25,30,92.30769348144531,
2025-12-30 09:55:46.397000,6d,Toxicity,Original,,263.59783935546875,0.1271647959947586,33.52036666870117,2.213387966156006,2.7985146045684814,0.3050823509693146,11.153897285461426,4.131925106048584,3.1216742992401123,0.0702848881483078,0.157334566116333,0.2738991379737854,4.7098236083984375,86.53921508789062,0.041791364550590515,12.571247100830078,48.771446228027344,37,25,30,50,
2025-12-30 09:55:50.397000,6d,Toxicity,Original,,292.3448486328125,0.13778820633888245,40.281673431396484,1.1676077842712402,0.9192760586738586,0.4774523377418518,11.153897285461426,2.7183585166931152,3.4070188999176025,0.10470347106456757,0.10053358972072601,0.3049744963645935,7.799794673919678,0,0.053595319390296936,19.82033920288086,22.317279815673828,37,25,30,92.30769348144531,
2025-12-30 09:55:50.397000,FinePointe Series WBP [SN 139781]  Site 4 Bias Flow is out of range.,,,,,,,,,,,,,,,,,,,,,,,,,
2025-12-30 09:55:50.397000,FinePointe Series WBP [SN 10499C]  Site 1 Bias Flow is out of range.,,,,,,,,,,,,,,,,,,,,,,,,,
2025-12-30 09:55:56.397000,6d,Toxicity,Original,,267.2998046875,0.12604780495166779,33.69255447387695,1.032474398612976,1.0556086301803589,0.33515673875808716,11.153897285461426,2.0173561573028564,1.846908450126648,0.10511990636587143,0.11934714019298553,0.11212529242038727,4.572633266448975,18.155467987060547,0.05888121947646141,9.367951393127441,23.380369186401367,37,25,30,90.90908813476562,
2025-12-30 09:55:58.397000,6d,Toxicity,Original,,196.37060546875,0.24981603026390076,49.056522369384766,0.9767718315124512,0.7650988101959229,0.5487832427024841,11.153897285461426,2.9085757732391357,3.5330817699432373,0.19621193408966064,0.10933278501033783,0.30514761805534363,3.6041250228881836,0,0.06287122517824173,8.289783477783203,7.3366546630859375,37,25,30,50,
2025-12-30 09:55:58.397000,Site Acknowledgement Changed: True,,,,,,,,,,,,,,,,,,,,,,,,,
2025-12-30 09:55:58.397000,Deliver compound.,,,,,,,,,,,,,,,,,,,,,,,,,
2025-12-30 09:55:58.397000,Site Acknowledgement Changed: False,,,,,,,,,,,,,,,,,,,,,,,,,
2025-12-30 09:55:58.397000,FinePointe Series WBP [SN 139781]  Site 4 Bias Flow is out of range.,,,,,,,,,,,,,,,,,,,,,,,,,
2025-12-30 09:55:58.397000,FinePointe Series WBP [SN 10499C]  Site 1 Bias Flow is out of range.,,,,,,,,,,,,,,,,,,,,,,,,,
2025-12-30 09:56:06.397000,6d,Toxicity,Original,,255.04342651367188,0.1758536994457245,44.276756286621094,1.099987506866455,1.0391879081726074,0.4550463855266571,11.153897285461426,2.3490610122680664,2.415471315383911,0.13059401512145996,0.10506998002529144,0.20161426067352295,4.503200531005859,0,0.053024373948574066,11.802556037902832,14.136146545410156,37,25,30,88.88888549804688,
2025-12-30 09:56:10.397000,6d,Toxicity,Original,,143.65313720703125,0.21437561511993408,30.79572868347168,1.1140785217285156,1.0721213817596436,0.26193341612815857,11.153897285461426,1.9287388324737549,1.9851624965667725,0.1580647975206375,0.2596079409122467,0.16924788057804108,5.064675331115723,0,0.12646342813968658,2.672468662261963,12.53873062133789,37,25,30,50,
2025-12-30 09:56:10.397000,FinePointe Series WBP [SN 139781]  Site 4 Bias Flow is out of range.,,,,,,,,,,,,,,,,,,,,,,,,,
2025-12-30 09:56:10.397000,FinePointe Series WBP [SN 10499C]  Site 1 Bias Flow is out of range.,,,,,,,,,,,,,,,,,,,,,,,,,
2025-12-30 09:56:14.397000,6d,Toxicity,Original,,165.25015258789062,1.387763500213623,49.00975799560547,0.723678708076477,0.792822539806366,0.6618077754974365,11.153897285461426,3.374922752380371,3.093064546585083,0.46397584676742554,0.9272724390029907,0.1944316029548645,115.93585968017578,204.27003479003906,0.4717760384082794,9.078577041625977,14.871766090393066,37,25,30,66.66666412353516,
2025-12-30 09:56:14.397000,FinePointe Series WBP [SN 139781]  Site 4 Bias Flow is out of range.,,,,,,,,,,,,,,,,,,,,,,,,,
2025-12-30 09:56:14.397000,FinePointe Series WBP [SN 10499C]  Site 1 Bias Flow is out of range.,,,,,,,,,,,,,,,,,,,,,,,,,
2025-12-30 09:56:24.397000,6d,Toxicity,Original,,163.16334533691406,0.3076271712779999,50.003013610839844,0.9523032903671265,1.4888184070587158,0.28269076347351074,11.153897285461426,3.4456112384796143,2.180215358734131,0.14912894368171692,0.22505487501621246,0.18562856316566467,7.886451721191406,47.78398132324219,0.09745706617832184,10.535669326782227,30.911808013916016,37,25,30,87.5,
2025-12-30 09:56:28.397000,6d,Toxicity,Original,,126.84208679199219,0.2811841368675232,35.66598129272461,1.8621783256530762,1.4793639183044434,0.4088204503059387,11.153897285461426,2.9360671043395996,3.2350640296936035,0.18928594887256622,0.28374314308166504,0.26682713627815247,21.536169052124023,81.94148254394531,0.11772024631500244,19.9815616607666,30.73502540588379,37,25,30,85.71428680419922,
2025-12-30 09:56:30.397000,6d,Toxicity,Original,,190.26731872558594,0.18229548633098602,34.68487548828125,2.8717145919799805,3.4016189575195312,0.2192537933588028,11.153897285461426,2.621081829071045,2.0870072841644287,0.11466511338949203,0.200680673122406,0.1811978816986084,5.978318691253662,103.2387466430664,0.04607419669628143,9.084673881530762,36.24309158325195,37,25,30,50,
2025-12-30 09:56:30.397000,FinePointe Series WBP [SN 139781]  Site 4 Bias Flow is out of range.,,,,,,,,,,,,,,,,,,,,,,,,,
2025-12-30 09:56:30.397000,FinePointe Series WBP [SN 10499C]  Site 1 Bias Flow is out of range.,,,,,,,,,,,,,,,,,,,,,,,,,
2025-12-30 09:56:34.397000,6d,Toxicity,Original,,291.49591064453125,0.17780226469039917,51.81945037841797,0.8318692445755005,0.777839183807373,0.47520580887794495,11.153897285461426,2.4120843410491943,2.5595338344573975,0.11562040448188782,0.09022218734025955,0.22827161848545074,4.446554183959961,0,0.05148083716630936,14.222969055175781,13.109046936035156,37,25,30,75,
2025-12-30 09:56:40.397000,6d,Toxicity,Original,,206.51034545898438,0.18563523888587952,38.33559799194336,1.3215285539627075,1.3241130113601685,0.2656133472919464,11.153897285461426,2.5893893241882324,2.4143009185791016,0.12488801032304764,0.16565433144569397,0.16147871315479279,5.2690324783325195,0,0.07258960604667664,10.479186058044434,22.398441314697266,37,25,30,90.90908813476562,
2025-12-30 09:56:40.397000,FinePointe Series WBP [SN 139781]  Site 4 Bias Flow is out of range.,,,,,,,,,,,,,,,,,,,,,,,,,
2025-12-30 09:56:40.397000,FinePointe Series WBP [SN 10499C]  Site 1 Bias Flow is out of range.,,,,,,,,,,,,,,,,,,,,,,,,,
2025-12-30 09:56:46.397000,6d,Toxicity,Original,,100.7459716796875,0.30628475546836853,30.85695457458496,8.22752857208252,5.581572532653809,0.19214263558387756,11.153897285461426,4.733314514160156,6.474703788757324,0.13756424188613892,0.4579930901527405,0.5548933148384094,9.255677223205566,228.12681579589844,0.07073291391134262,7.259426593780518,10.608208656311035,37,25,30,83.33333587646484,
2025-12-30 09:56:46.397000,FinePointe Series WBP [SN 139781]  Site 4 Bias Flow is out of range.,,,,,,,,,,,,,,,,,,,,,,,,,
2025-12-30 09:56:46.397000,FinePointe Series WBP [SN 10499C]  Site 1 Bias Flow is out of range.,,,,,,,,,,,,,,,,,,,,,,,,,
2025-12-30 09:56:46.397000,FinePointe Series WBP [SN 139781]  Site 4 Bias Flow is out of range.,,,,,,,,,,,,,,,,,,,,,,,,,
2025-12-30 09:56:46.397000,FinePointe Series WBP [SN 10499C]  Site 1 Bias Flow is out of range.,,,,,,,,,,,,,,,,,,,,,,,,,
2025-12-30 09:57:10.397000,6d,Toxicity,Original,,274.9324645996094,0.12758204340934753,35.07644271850586,0.6390194296836853,0.8285309672355652,0.4937848746776581,11.153897285461426,2.0810868740081787,1.659018874168396,0.12912780046463013,0.08910762518644333,0.1458592563867569,4.61045503616333,0,0.04917794466018677,17.813594818115234,9.667986869812012,37,25,30,96.42857360839844,
2025-12-30 09:57:10.397000,FinePointe Series WBP [SN 139781]  Site 4 Bias Flow is out of range.,,,,,,,,,,,,,,,,,,,,,,,,,
2025-12-30 09:57:10.397000,FinePointe Series WBP [SN 10499C]  Site 1 Bias Flow is out of range.,,,,,,,,,,,,,,,,,,,,,,,,,
2025-12-30 09:57:18.397000,6d,Toxicity,Original,,298.3939208984375,0.1575242280960083,47.15082550048828,0.9223796725273132,0.7734514474868774,0.507790207862854,11.153897285461426,2.3938488960266113,2.8276281356811523,0.10648439079523087,0.09524865448474884,0.2522541880607605,5.422732353210449,0,0.05458734184503555,14.034079551696777,16.920373916625977,37,25,30,86.66666412353516,
2025-12-30 09:57:20.397000,6d,Toxicity,Original,,219.6863250732422,0.21850717067718506,46.00436782836914,0.8287926316261292,0.9637830853462219,0.4613993167877197,11.153897285461426,2.439138412475586,2.059602975845337,0.15264923870563507,0.12528599798679352,0.1799110323190689,5.6769537925720215,7.014625549316406,0.0646073967218399,13.496156692504883,17.144927978515625,37,25,30,40,
2025-12-30 09:57:20.397000,FinePointe Series WBP [SN 139781]  Site 4 Bias Flow is out of range.,,,,,,,,,,,,,,,,,,,,,,,,,
2025-12-30 09:57:22.397000,6d,Toxicity,Original,,275.92926025390625,0.18510450422763824,51.07575225830078,0.4869464933872223,0.6561058163642883,0.5351206064224243,11.153897285461426,2.6395633220672607,1.8248337507247925,0.1202726736664772,0.09717435389757156,0.15698331594467163,6.7422871589660645,0,0.060098595917224884,16.167743682861328,11.84922981262207,37,25,30,75,
2025-12-30 09:57:22.397000,FinePointe Series WBP [SN 10499C]  Site 1 Bias Flow is out of range.,,,,,,,,,,,,,,,,,,,,,,,,,
2025-12-30 09:57:22.397000,FinePointe Series WBP [SN 139781]  Site 4 Bias Flow is out of range.,,,,,,,,,,,,,,,,,,,,,,,,,
2025-12-30 09:57:22.397000,FinePointe Series WBP [SN 10499C]  Site 1 Bias Flow is out of range.,,,,,,,,,,,,,,,,,,,,,,,,,
2025-12-30 09:57:34.397000,6d,Toxicity,Original,,235.77902221679688,0.17392316460609436,42.63255310058594,2.2270524501800537,1.6563159227371216,0.35105907917022705,11.153897285461426,2.3628721237182617,2.431206226348877,0.11150053143501282,0.1509934961795807,0.20406359434127808,5.223987579345703,45.602935791015625,0.05700734257698059,10.29918098449707,28.43476104736328,37,25,30,92.30769348144531,
2025-12-30 09:57:36.397000,6d,Toxicity,Original,,267.8378601074219,0.1376028209924698,36.85524368286133,0.7103041410446167,0.9445717334747314,0.4867691993713379,11.153897285461426,2.4396181106567383,1.8234494924545288,0.11718932539224625,0.10682681202888489,0.15395298600196838,25.36421775817871,16.563453674316406,0.05875195935368538,23.310043334960938,27.970664978027344,37,25,30,75,
2025-12-30 09:57:40.397000,6d,Toxicity,Original,,181.5670166015625,0.18209412693977356,33.062286376953125,1.8547979593276978,2.572347402572632,0.1977900266647339,11.153897285461426,2.559772253036499,1.5966931581497192,0.12822182476520538,0.2022346705198288,0.08867410570383072,5.257846355438232,0,0.05753885954618454,8.919737815856934,43.43647766113281,37,25,30,83.33333587646484,
2025-12-30 09:57:40.397000,FinePointe Series WBP [SN 139781]  Site 4 Bias Flow is out of range.,,,,,,,,,,,,,,,,,,,,,,,,,
2025-12-30 09:57:42.397000,6d,Toxicity,Original,,195.87623596191406,0.19956406950950623,39.600181579589844,1.747497320175171,1.299942970275879,0.3260311484336853,11.153897285461426,2.347926616668701,2.6375479698181152,0.1615714430809021,0.1657571643590927,0.22642375528812408,6.117212772369385,25.258861541748047,0.07400361448526382,10.790641784667969,23.223682403564453,37,25,30,66.66666412353516,
2025-12-30 09:57:42.397000,FinePointe Series WBP [SN 10499C]  Site 1 Bias Flow is out of range.,,,,,,,,,,,,,,,,,,,,,,,,,
2025-12-30 09:57:48.397000,6d,Toxicity,Original,,326.0011291503906,0.1079576388001442,35.194313049316406,0.7031698822975159,0.6298336982727051,0.601432740688324,11.153897285461426,2.0236642360687256,2.335576295852661,0.10423900932073593,0.07980942726135254,0.20671454071998596,7.455021858215332,0,0.049815233796834946,25.98992347717285,11.146072387695312,37,25,30,90,
2025-12-30 09:57:48.397000,FinePointe Series WBP [SN 139781]  Site 4 Bias Flow is out of range.,,,,,,,,,,,,,,,,,,,,,,,,,
2025-12-30 09:57:48.397000,FinePointe Series WBP [SN 10499C]  Site 1 Bias Flow is out of range.,,,,,,,,,,,,,,,,,,,,,,,,,
2025-12-30 09:57:48.397000,FinePointe Series WBP [SN 10499C]  Site 1 Bias Flow is out of range.,,,,,,,,,,,,,,,,,,,,,,,,,
2025-12-30 09:57:48.397000,FinePointe Series WBP [SN 139781]  Site 4 Bias Flow is out of range.,,,,,,,,,,,,,,,,,,,,,,,,,
2025-12-30 09:58:10.397000,6d,Toxicity,Original,,284.9602966308594,0.11668664962053299,33.25106430053711,1.0486516952514648,0.8034802079200745,0.50197833776474,11.153897285461426,1.4739735126495361,1.9349684715270996,0.10696551203727722,0.10359013080596924,0.16673977673053741,7.03870153427124,8.174071311950684,0.05862177163362503,13.819887161254883,25.32961654663086,37,25,30,96.7741928100586,
2025-12-30 09:58:10.397000,FinePointe Series WBP [SN 10499C]  Site 1 Bias Flow is out of range.,,,,,,,,,,,,,,,,,,,,,,,,,
2025-12-30 09:58:10.397000,FinePointe Series WBP [SN 139781]  Site 4 Bias Flow is out of range.,,,,,,,,,,,,,,,,,,,,,,,,,
2025-12-30 09:58:18.397000,6d,Toxicity,Original,,205.09764099121094,0.19987332820892334,38.420433044433594,0.8642496466636658,0.7189856171607971,0.5396091341972351,11.153897285461426,2.157881021499634,2.538841962814331,0.1814461499452591,0.12933474779129028,0.21798861026763916,9.51675796508789,0,0.07822751998901367,18.28984260559082,12.270195960998535,37,25,30,76.92308044433594,
2025-12-30 09:58:20.397000,6d,Toxicity,Original,,65.91716766357422,0.26498129963874817,17.466815948486328,43.03990936279297,22.795045852661133,0.15234728157520294,11.153897285461426,6.34717321395874,12.129127502441406,0.12255927175283432,0.787674069404602,0.7322444319725037,8.042169570922852,559.475341796875,0.034223202615976334,6.468494892120361,,37,25,30,66.66666412353516,
2025-12-30 09:58:20.397000,FinePointe Series WBP [SN 10499C]  Site 1 Bias Flow is out of range.,,,,,,,,,,,,,,,,,,,,,,,,,
2025-12-30 09:58:20.397000,FinePointe Series WBP [SN 139781]  Site 4 Bias Flow is out of range.,,,,,,,,,,,,,,,,,,,,,,,,,
2025-12-30 09:58:20.397000,FinePointe Series WBP [SN 10499C]  Site 1 Bias Flow is out of range.,,,,,,,,,,,,,,,,,,,,,,,,,
2025-12-30 09:58:42.397000,6d,Toxicity,Original,,233.36668395996094,0.1511269062757492,35.26798629760742,0.6869162917137146,0.6623480319976807,0.604843258857727,11.153897285461426,2.4482133388519287,2.455099105834961,0.13806700706481934,0.11903910338878632,0.2011544108390808,6.750111103057861,0,0.07282398641109467,13.376341819763184,17.597057342529297,37,25,30,96.29629516601562,
2025-12-30 09:58:42.397000,FinePointe Series WBP [SN 10499C]  Site 1 Bias Flow is out of range.,,,,,,,,,,,,,,,,,,,,,,,,,
2025-12-30 09:58:48.397000,6d,Toxicity,Original,,29.038305282592773,2.9568660259246826,85.86238098144531,0.7020110487937927,0.7429252862930298,0.9363142251968384,11.153897285461426,6.963285446166992,5.83895206451416,0.6692693829536438,1.3969669342041016,0.39631497859954834,13.677775382995605,0,0.8124276399612427,5.106466293334961,36.55622863769531,37,25,30,85.71428680419922,
2025-12-30 09:58:52.397000,6d,Toxicity,Original,,305.97698974609375,0.10427288711071014,31.905105590820312,0.8032857179641724,0.8702124953269958,0.5000088214874268,11.153897285461426,2.340808153152466,2.1605100631713867,0.09209500998258591,0.10399816930294037,0.19348570704460144,8.523895263671875,11.475214958190918,0.056468307971954346,27.878637313842773,30.812211990356445,37,25,30,85.71428680419922,
2025-12-30 09:58:52.397000,FinePointe Series WBP [SN 10499C]  Site 1 Bias Flow is out of range.,,,,,,,,,,,,,,,,,,,,,,,,,
2025-12-30 09:59:00.397000,6d,Toxicity,Original,,246.55686950683594,0.1365334689617157,33.24954605102539,0.7666518688201904,0.6873704791069031,0.4733560085296631,11.153897285461426,1.845147967338562,1.844970464706421,0.13916930556297302,0.11228935420513153,0.16437393426895142,6.649521827697754,0,0.06810864806175232,12.71552848815918,14.57823371887207,37,25,30,88.88888549804688,
2025-12-30 09:59:00.397000,FinePointe Series WBP [SN 139781]  Site 4 Bias Flow is out of range.,,,,,,,,,,,,,,,,,,,,,,,,,
2025-12-30 09:59:02.397000,6d,Toxicity,Original,,269.0595703125,0.15989655256271362,43.188907623291016,0.7222546339035034,0.7289288640022278,0.5306487083435059,11.153897285461426,2.0692951679229736,2.058882474899292,0.12139095366001129,0.10250937938690186,0.1796041876077652,5.498377799987793,0,0.06039681285619736,14.472658157348633,13.968328475952148,37,25,30,40,
2025-12-30 09:59:02.397000,FinePointe Series WBP [SN 10499C]  Site 1 Bias Flow is out of range.,,,,,,,,,,,,,,,,,,,,,,,,,
2025-12-30 09:59:04.397000,6d,Toxicity,Original,,298.7088928222656,0.14959290623664856,44.684730529785156,0.6713241338729858,0.8322893381118774,0.52276211977005,11.153897285461426,1.9195935726165771,1.516171932220459,0.11287032067775726,0.08799412846565247,0.13249482214450836,3.1784112453460693,0,0.04865637049078941,9.919500350952148,11.150667190551758,37,25,30,83.33333587646484,
2025-12-30 09:59:10.397000,6d,Toxicity,Original,,310.30731201171875,0.1426350176334381,44.26069259643555,0.731752872467041,0.7547684907913208,0.5048972368240356,11.153897285461426,1.974890112876892,1.9847078323364258,0.1220550686120987,0.07130163908004761,0.1777915507555008,4.8819708824157715,0,0.04114178940653801,17.75914192199707,15.303433418273926,37,25,30,85.71428680419922,
2025-12-30 09:59:10.397000,FinePointe Series WBP [SN 139781]  Site 4 Bias Flow is out of range.,,,,,,,,,,,,,,,,,,,,,,,,,
2025-12-30 09:59:10.397000,FinePointe Series WBP [SN 10499C]  Site 1 Bias Flow is out of range.,,,,,,,,,,,,,,,,,,,,,,,,,
2025-12-30 09:59:20.397000,6d,Toxicity,Original,,340.19873046875,0.12886583805084229,43.83999252319336,0.9254153370857239,0.6584740281105042,0.5158728361129761,11.153897285461426,2.5140621662139893,3.5159201622009277,0.08719824254512787,0.08916925638914108,0.3071722984313965,14.734537124633789,0,0.05464669689536095,18.611186981201172,24.035219192504883,37,25,30,94.44444274902344,
2025-12-30 09:59:20.397000,FinePointe Series WBP [SN 10499C]  Site 3 Bias Flow is out of range.,,,,,,,,,,,,,,,,,,,,,,,,,
2025-12-30 09:59:20.397000,FinePointe Series WBP [SN 139781]  Site 4 Bias Flow is out of range.,,,,,,,,,,,,,,,,,,,,,,,,,
2025-12-30 09:59:20.397000,FinePointe Series WBP [SN 10499C]  Site 1 Bias Flow is out of range.,,,,,,,,,,,,,,,,,,,,,,,,,
2025-12-30 09:59:30.397000,6d,Toxicity,Original,,86.60606384277344,4.067087173461914,352.2344055175781,0.14448995888233185,0.7647343873977661,0.9607759714126587,11.153897285461426,89.43254852294922,17.729644775390625,0.13907302916049957,0.5537191033363342,1.1185359954833984,35.19458770751953,0,0.3200453817844391,8.094768524169922,29.54776954650879,37,25,30,95.45454406738281,
2025-12-30 09:59:30.397000,FinePointe Series WBP [SN 139781]  Site 4 Bias Flow is out of range.,,,,,,,,,,,,,,,,,,,,,,,,,
2025-12-30 09:59:30.397000,FinePointe Series WBP [SN 10499C]  Site 1 Bias Flow is out of range.,,,,,,,,,,,,,,,,,,,,,,,,,
2025-12-30 09:59:34.397000,6d,Toxicity,Original,,211.2316436767578,0.6390523910522461,53.23689651489258,1.2225875854492188,0.951317310333252,0.36503759026527405,11.153897285461426,2.9461958408355713,3.687079668045044,0.32053494453430176,0.27981576323509216,0.21843942999839783,32.536685943603516,0,0.17224305868148804,10.569743156433105,19.21630859375,37,25,30,62.5,
2025-12-30 09:59:34.397000,FinePointe Series WBP [SN 10499C]  Site 3 Bias Flow is out of range.,,,,,,,,,,,,,,,,,,,,,,,,,
2025-12-30 09:59:40.397000,6d,Toxicity,Original,,310.9044494628906,0.1860649436712265,57.848419189453125,0.9496783018112183,0.8567312955856323,0.4306865930557251,11.153897285461426,2.3242430686950684,2.632528305053711,0.11404161900281906,0.07894371449947357,0.22928114235401154,4.450663089752197,0,0.043103888630867004,14.27297592163086,11.342068672180176,37,25,30,91.66666412353516,
2025-12-30 09:59:42.397000,6d,Toxicity,Original,,266.9462890625,0.2116263210773468,56.492862701416016,0.6876137256622314,0.7617632150650024,0.5709769129753113,11.153897285461426,2.7027270793914795,2.4215259552001953,0.13369232416152954,0.0910719782114029,0.19750845432281494,6.676323890686035,7.73336124420166,0.05332726240158081,17.473241806030273,13.744556427001953,37,25,30,83.33333587646484,
2025-12-30 09:59:42.397000,FinePointe Series WBP [SN 139781]  Site 4 Bias Flow is out of range.,,,,,,,,,,,,,,,,,,,,,,,,,
2025-12-30 09:59:42.397000,FinePointe Series WBP [SN 10499C]  Site 1 Bias Flow is out of range.,,,,,,,,,,,,,,,,,,,,,,,,,
2025-12-30 09:59:48.397000,6d,Toxicity,Original,,22.1023006439209,5.107642650604248,112.89065551757812,0.9817885160446167,0.9100174307823181,0.5910371541976929,11.153897285461426,6.606566905975342,4.251162528991699,1.770546555519104,0.9441030621528625,-0.34474754333496094,11.612200736999512,286.9769287109375,0.5296269059181213,10.543630599975586,25.44015884399414,37,25,30,80,
2025-12-30 09:59:48.397000,FinePointe Series WBP [SN 10499C]  Site 3 Bias Flow is out of range.,,,,,,,,,,,,,,,,,,,,,,,,,
2025-12-30 09:59:48.397000,FinePointe Series WBP [SN 139781]  Site 4 Bias Flow is out of range.,,,,,,,,,,,,,,,,,,,,,,,,,
2025-12-30 09:59:48.397000,FinePointe Series WBP [SN 10499C]  Site 1 Bias Flow is out of range.,,,,,,,,,,,,,,,,,,,,,,,,,
2025-12-30 09:59:56.397000,6d,Toxicity,Original,,273.2891540527344,0.15203548967838287,41.54964828491211,2.0343918800354004,1.4354175329208374,0.3324721157550812,11.153897285461426,1.6892913579940796,2.448214054107666,0.11126793175935745,0.1082797572016716,0.21940450370311737,4.195645809173584,27.111007690429688,0.04513861984014511,10.668428421020508,25.403139114379883,37,25,30,92.30769348144531,
2025-12-30 09:59:56.397000,FinePointe Series WBP [SN 10499C]  Site 3 Bias Flow is out of range.,,,,,,,,,,,,,,,,,,,,,,,,,
2025-12-30 10:00:00.397000,6d,Toxicity,Original,,175.81044006347656,0.136103093624115,23.928346633911133,0.4069281220436096,0.6796855330467224,0.18585284054279327,11.153897285461426,1.4468518495559692,0.8716864585876465,0.1260526031255722,0.21522404253482819,0.016766099259257317,6.812883377075195,146.7745361328125,0.12915286421775818,3.7827553749084473,10.856106758117676,37,25,30,91.66666412353516,
2025-12-30 10:00:02.397000,6d,Toxicity,Original,,311.4543151855469,0.15326285362243652,47.81085205078125,0.7844917178153992,0.7748221158981323,0.5120264291763306,11.153897285461426,2.484863758087158,2.559828758239746,0.10566362738609314,0.0870353952050209,0.22892454266548157,6.658598899841309,0,0.05056234076619148,16.657703399658203,16.237470626831055,37,25,30,66.66666412353516,
2025-12-30 10:00:02.397000,FinePointe Series WBP [SN 139781]  Site 4 Bias Flow is out of range.,,,,,,,,,,,,,,,,,,,,,,,,,
2025-12-30 10:00:02.397000,FinePointe Series WBP [SN 10499C]  Site 1 Bias Flow is out of range.,,,,,,,,,,,,,,,,,,,,,,,,,
2025-12-30 10:00:06.397000,6d,Toxicity,Original,,313.5154113769531,0.11702945083379745,36.69053649902344,0.7529481649398804,0.7764722108840942,0.47152677178382874,11.153897285461426,1.8249820470809937,1.7999162673950195,0.11927195638418198,0.07210619002580643,0.16111110150814056,4.3771891593933105,0,0.04132596030831337,18.28523063659668,14.015823364257812,37,25,30,88.88888549804688,
2025-12-30 10:00:08.397000,6d,Toxicity,Original,,220.85028076171875,0.14039482176303864,31.006235122680664,1.086178183555603,0.8906289935112,0.46993306279182434,11.153897285461426,1.658479928970337,2.030961275100708,0.1525113582611084,0.11916590481996536,0.18163040280342102,5.533228397369385,0,0.06444531679153442,16.740652084350586,12.501286506652832,37,25,30,85.71428680419922,
2025-12-30 10:00:08.397000,FinePointe Series WBP [SN 10499C]  Site 3 Bias Flow is out of range.,,,,,,,,,,,,,,,,,,,,,,,,,
2025-12-30 10:00:08.397000,FinePointe Series WBP [SN 139781]  Site 4 Bias Flow is out of range.,,,,,,,,,,,,,,,,,,,,,,,,,
2025-12-30 10:00:08.397000,FinePointe Series WBP [SN 10499C]  Site 1 Bias Flow is out of range.,,,,,,,,,,,,,,,,,,,,,,,,,
2025-12-30 10:00:08.397000,FinePointe Series WBP [SN 10499C]  Site 3 Bias Flow is out of range.,,,,,,,,,,,,,,,,,,,,,,,,,
2025-12-30 10:00:08.397000,FinePointe Series WBP [SN 139781]  Site 4 Bias Flow is out of range.,,,,,,,,,,,,,,,,,,,,,,,,,
2025-12-30 10:00:08.397000,FinePointe Series WBP [SN 10499C]  Site 1 Bias Flow is out of range.,,,,,,,,,,,,,,,,,,,,,,,,,
2025-12-30 10:00:08.397000,FinePointe Series WBP [SN 10499C]  Site 3 Bias Flow is out of range.,,,,,,,,,,,,,,,,,,,,,,,,,
2025-12-30 10:00:08.397000,FinePointe Series WBP [SN 139781]  Site 4 Bias Flow is out of range.,,,,,,,,,,,,,,,,,,,,,,,,,
2025-12-30 10:00:08.397000,FinePointe Series WBP [SN 10499C]  Site 1 Bias Flow is out of range.,,,,,,,,,,,,,,,,,,,,,,,,,
2025-12-30 10:00:36.397000,6d,Toxicity,Original,,312.1931457519531,0.12122247368097305,37.844825744628906,0.996850311756134,0.7559492588043213,0.5183661580085754,11.153897285461426,1.755819320678711,2.385162591934204,0.11116491258144379,0.08102381229400635,0.2129872888326645,4.940393924713135,0,0.04717816039919853,16.742259979248047,15.972601890563965,37,25,30,96.7741928100586,
2025-12-30 10:00:36.397000,FinePointe Series WBP [SN 10499C]  Site 3 Bias Flow is out of range.,,,,,,,,,,,,,,,,,,,,,,,,,
2025-12-30 10:00:42.397000,6d,Toxicity,Original,,226.82089233398438,0.11497808247804642,26.079431533813477,1.6270053386688232,1.4880218505859375,0.24908758699893951,11.153897285461426,1.558171272277832,1.7263085842132568,0.12802772223949432,0.13649816811084747,0.1525672972202301,3.7651824951171875,40.34798049926758,0.055504802614450455,16.87908363342285,25.155345916748047,37,25,30,90,
2025-12-30 10:00:42.397000,FinePointe Series WBP [SN 139781]  Site 4 Bias Flow is out of range.,,,,,,,,,,,,,,,,,,,,,,,,,
2025-12-30 10:00:42.397000,FinePointe Series WBP [SN 10499C]  Site 1 Bias Flow is out of range.,,,,,,,,,,,,,,,,,,,,,,,,,
2025-12-30 10:00:42.397000,FinePointe Series WBP [SN 10499C]  Site 3 Bias Flow is out of range.,,,,,,,,,,,,,,,,,,,,,,,,,
2025-12-30 10:00:42.397000,FinePointe Series WBP [SN 139781]  Site 4 Bias Flow is out of range.,,,,,,,,,,,,,,,,,,,,,,,,,
2025-12-30 10:00:42.397000,FinePointe Series WBP [SN 10499C]  Site 1 Bias Flow is out of range.,,,,,,,,,,,,,,,,,,,,,,,,,
2025-12-30 10:00:54.397000,6d,Toxicity,Original,,336.20849609375,0.10399486869573593,34.963958740234375,0.6035551428794861,0.7313459515571594,0.4677141308784485,11.153897285461426,1.795363187789917,1.426635980606079,0.10149060189723969,0.07697009295225143,0.12537556886672974,5.382079601287842,0,0.04531567543745041,12.932112693786621,14.239029884338379,37,25,30,95.65217590332031,
2025-12-30 10:00:56.397000,6d,Toxicity,Original,,281.08953857421875,0.1064743772149086,29.9288330078125,0.9716986417770386,0.8062712550163269,0.4717075228691101,11.153897285461426,1.7705892324447632,2.176999092102051,0.11593706905841827,0.09751805663108826,0.19414664804935455,8.597254753112793,0,0.05543531849980354,22.04387855529785,15.024680137634277,37,25,30,50,
2025-12-30 10:00:58.397000,6d,Toxicity,Original,,243.3804931640625,0.1546855866909027,37.647457122802734,1.2173256874084473,0.733697235584259,0.5326647758483887,11.153897285461426,1.6589776277542114,2.8926005363464355,0.13013164699077606,0.11639591306447983,0.2570703327655792,5.752621650695801,0,0.0685265064239502,11.821942329406738,12.26973819732666,37,25,30,87.5,
2025-12-30 10:00:58.397000,FinePointe Series WBP [SN 10499C]  Site 3 Bias Flow is out of range.,,,,,,,,,,,,,,,,,,,,,,,,,
2025-12-30 10:01:00.397000,6d,Toxicity,Original,,287.9991760253906,0.13282713294029236,38.18918991088867,0.7139196991920471,0.7687509655952454,0.5297549962997437,11.153897285461426,1.9797967672348022,1.8089420795440674,0.11221478134393692,0.09625035524368286,0.1603679060935974,5.219636917114258,0,0.05539107322692871,11.222519874572754,17.409130096435547,37,25,30,60,
2025-12-30 10:01:00.397000,FinePointe Series WBP [SN 139781]  Site 4 Bias Flow is out of range.,,,,,,,,,,,,,,,,,,,,,,,,,
2025-12-30 10:01:00.397000,FinePointe Series WBP [SN 10499C]  Site 1 Bias Flow is out of range.,,,,,,,,,,,,,,,,,,,,,,,,,
2025-12-30 10:01:06.397000,6d,Toxicity,Original,,194.09901428222656,1.0517243146896362,62.1229133605957,0.875324547290802,0.738724410533905,0.6028257012367249,11.153897285461426,3.8463878631591797,3.779775857925415,0.32111507654190063,0.4414551556110382,0.23512716591358185,42.03529739379883,0,0.27262502908706665,7.9851250648498535,14.108078002929688,37,25,30,70,
2025-12-30 10:01:06.397000,FinePointe Series WBP [SN 10499C]  Site 3 Bias Flow is out of range.,,,,,,,,,,,,,,,,,,,,,,,,,
2025-12-30 10:01:06.397000,FinePointe Series WBP [SN 139781]  Site 4 Bias Flow is out of range.,,,,,,,,,,,,,,,,,,,,,,,,,
2025-12-30 10:01:06.397000,FinePointe Series WBP [SN 10499C]  Site 1 Bias Flow is out of range.,,,,,,,,,,,,,,,,,,,,,,,,,
2025-12-30 10:01:18.397000,6d,Toxicity,Original,,184.29664611816406,0.20136456191539764,37.11081314086914,0.36906152963638306,0.7234474420547485,0.769775927066803,11.153897285461426,2.270707607269287,1.238694190979004,0.1618780940771103,0.16368399560451508,0.08352560549974442,8.26649284362793,11.210769653320312,0.09778206795454025,12.503836631774902,8.997335433959961,37,25,30,95.23809814453125,
2025-12-30 10:01:18.397000,FinePointe Series WBP [SN 10499C]  Site 3 Bias Flow is out of range.,,,,,,,,,,,,,,,,,,,,,,,,,
2025-12-30 10:01:22.397000,6d,Toxicity,Original,,45.36001968383789,2.226271629333496,100.98372650146484,0.24952417612075806,0.300079345703125,0.8731197118759155,11.153897285461426,8.53819751739502,9.153153419494629,0.4981215298175812,0.8246291875839233,0.5007548332214355,24.48701286315918,0,0.6552778482437134,13.312923431396484,12.14931869506836,37,25,30,80,
2025-12-30 10:01:22.397000,FinePointe Series WBP [SN 139781]  Site 4 Bias Flow is out of range.,,,,,,,,,,,,,,,,,,,,,,,,,
2025-12-30 10:01:22.397000,FinePointe Series WBP [SN 10499C]  Site 1 Bias Flow is out of range.,,,,,,,,,,,,,,,,,,,,,,,,,
2025-12-30 10:01:24.397000,6d,Toxicity,Original,,31.338172912597656,3.3299193382263184,104.35358428955078,0.7952389717102051,1.005497932434082,0.6435195207595825,11.153897285461426,10.201600074768066,5.571980953216553,0.7739953398704529,1.1406025886535645,0.1267833709716797,136.85684204101562,0,0.5825952887535095,4.808706283569336,40.295467376708984,37,25,30,0,
2025-12-30 10:01:26.397000,6d,Toxicity,Original,,177.8074951171875,0.28926655650138855,51.43376541137695,0.6316712498664856,0.8809889554977417,0.5615724325180054,11.153897285461426,2.237236261367798,1.698293924331665,0.17717932164669037,0.1602642834186554,0.14306844770908356,5.825932025909424,0,0.0869472473859787,7.804460525512695,22.66388702392578,37,25,30,87.5,
2025-12-30 10:01:28.397000,6d,Toxicity,Original,,206.09442138671875,0.18340976536273956,37.954166412353516,1.489919662475586,0.970165491104126,0.3521553874015808,11.153897285461426,1.8717724084854126,2.705244541168213,0.16891968250274658,0.12225820869207382,0.2382855862379074,4.97617244720459,0,0.06359145790338516,13.983026504516602,16.84743309020996,37,25,30,0,
2025-12-30 10:01:28.397000,FinePointe Series WBP [SN 10499C]  Site 3 Bias Flow is out of range.,,,,,,,,,,,,,,,,,,,,,,,,,
2025-12-30 10:01:28.397000,FinePointe Series WBP [SN 139781]  Site 4 Bias Flow is out of range.,,,,,,,,,,,,,,,,,,,,,,,,,
2025-12-30 10:01:28.397000,FinePointe Series WBP [SN 10499C]  Site 1 Bias Flow is out of range.,,,,,,,,,,,,,,,,,,,,,,,,,
2025-12-30 10:01:36.397000,6d,Toxicity,Original,,238.11331176757812,0.1572822481393814,33.668128967285156,0.8719942569732666,0.9346686005592346,0.34150534868240356,11.153897285461426,2.2153971195220947,1.9872403144836426,0.10783404111862183,0.16638152301311493,0.15264493227005005,5.478878021240234,0,0.08402479439973831,7.411343574523926,12.182985305786133,37,25,30,77.77777862548828,
2025-12-30 10:01:36.397000,FinePointe Series WBP [SN 10499C]  Site 3 Bias Flow is out of range.,,,,,,,,,,,,,,,,,,,,,,,,,
2025-12-30 10:01:36.397000,Site Acknowledgement Changed: True,,,,,,,,,,,,,,,,,,,,,,,,,
2025-12-30 10:01:36.397000,Time Zero Set,,,,,,,,,,,,,,,,,,,,,,,,,
2025-12-30 10:01:36.397000,Measuring antidote.,,,,,,,,,,,,,,,,,,,,,,,,,
2025-12-30 10:01:36.397000,Create measurement 'antidote'. Duration: 00:01:00,,,,,,,,,,,,,,,,,,,,,,,,,
2025-12-30 10:01:36.397000,Site Acknowledgement Changed: False,,,,,,,,,,,,,,,,,,,,,,,,,
2025-12-30 10:01:36.397000,FinePointe Series WBP [SN 139781]  Site 4 Bias Flow is out of range.,,,,,,,,,,,,,,,,,,,,,,,,,
2025-12-30 10:01:36.397000,FinePointe Series WBP [SN 10499C]  Site 3 Bias Flow is out of range.,,,,,,,,,,,,,,,,,,,,,,,,,
2025-12-30 10:01:36.397000,FinePointe Series WBP [SN 10499C]  Site 1 Bias Flow is out of range.,,,,,,,,,,,,,,,,,,,,,,,,,
2025-12-30 10:01:36.397000,FinePointe Series WBP [SN 139781]  Site 4 Bias Flow is out of range.,,,,,,,,,,,,,,,,,,,,,,,,,
2025-12-30 10:01:36.397000,FinePointe Series WBP [SN 10499C]  Site 3 Bias Flow is out of range.,,,,,,,,,,,,,,,,,,,,,,,,,
2025-12-30 10:01:36.397000,FinePointe Series WBP [SN 10499C]  Site 1 Bias Flow is out of range.,,,,,,,,,,,,,,,,,,,,,,,,,
2025-12-30 10:01:59.067000,6d,Toxicity,Original,,303.0601501464844,0.2450992912054062,74.27983093261719,0.5114436149597168,0.6861915588378906,0.3910607397556305,11.153897285461426,3.037444591522217,2.2782514095306396,0.11615177989006042,0.08182872086763382,0.19542407989501953,6.118021488189697,0,0.0503963977098465,18.903688430786133,9.85832405090332,37,25,30,50,
2025-12-30 10:01:59.067000,FinePointe Series WBP [SN 139781]  Site 4 Bias Flow is out of range.,,,,,,,,,,,,,,,,,,,,,,,,,
2025-12-30 10:02:07.067000,6d,Toxicity,Original,,260.1290283203125,0.9045856595039368,240.56997680664062,0.3720247745513916,0.36838898062705994,0.8344109654426575,11.153897285461426,18.20240592956543,31.771583557128906,0.1155535951256752,0.14033496379852295,2.330338954925537,21.10107421875,0,0.09864551573991776,19.143213272094727,3.237077474594116,37,25,30,92.85713958740234,
2025-12-30 10:02:07.067000,FinePointe Series WBP [SN 10499C]  Site 3 Bias Flow is out of range.,,,,,,,,,,,,,,,,,,,,,,,,,
2025-12-30 10:02:11.067000,6d,Toxicity,Original,,365.2940673828125,0.2600284516811371,94.6404800415039,0.6583335399627686,0.5387340784072876,0.7343470454216003,11.153897285461426,5.3367919921875,6.943393707275391,0.087993323802948,0.07739953696727753,0.5495581030845642,5.2538323402404785,0,0.05111847072839737,18.219844818115234,12.090859413146973,37,25,30,66.66666412353516,
2025-12-30 10:02:11.067000,FinePointe Series WBP [SN 10499C]  Site 1 Bias Flow is out of range.,,,,,,,,,,,,,,,,,,,,,,,,,
2025-12-30 10:02:11.067000,FinePointe Series WBP [SN 139781]  Site 4 Bias Flow is out of range.,,,,,,,,,,,,,,,,,,,,,,,,,
2025-12-30 10:02:11.067000,FinePointe Series WBP [SN 10499C]  Site 3 Bias Flow is out of range.,,,,,,,,,,,,,,,,,,,,,,,,,
2025-12-30 10:02:23.067000,6d,Toxicity,Original,,38.715599060058594,327.65301513671875,12685.283203125,0.1496061086654663,0.34024497866630554,0.7483381032943726,11.153897285461426,2180.98828125,1265.8853759765625,0.3631334602832794,1.1866294145584106,99.81912231445312,191.496337890625,0,0.9086059331893921,23.47495460510254,10.006567001342773,37,25,30,92.85713958740234,
2025-12-30 10:02:23.067000,FinePointe Series WBP [SN 139781]  Site 4 Bias Flow is out of range.,,,,,,,,,,,,,,,,,,,,,,,,,
2025-12-30 10:02:23.067000,FinePointe Series WBP [SN 10499C]  Site 3 Bias Flow is out of range.,,,,,,,,,,,,,,,,,,,,,,,,,
2025-12-30 10:02:23.067000,FinePointe Series WBP [SN 139781]  Site 4 Bias Flow is out of range.,,,,,,,,,,,,,,,,,,,,,,,,,
2025-12-30 10:02:37.067000,6d,Toxicity,Original,,30.031009674072266,62.5654182434082,1878.9027099609375,12.967456817626953,8.761242866516113,0.16568942368030548,11.153897285461426,271.41937255859375,334.68927001953125,0.6580786108970642,1.3398562669754028,25.36470603942871,10.368257522583008,748.4717407226562,0.13942883908748627,,,37,25,30,66.66666412353516,
2025-12-30 10:02:37.067000,FinePointe Series WBP [SN 10499C]  Site 3 Bias Flow is out of range.,,,,,,,,,,,,,,,,,,,,,,,,,
2025-12-30 10:02:37.067000,Measuring T30.,,,,,,,,,,,,,,,,,,,,,,,,,
2025-12-30 10:02:37.067000,Create measurement 'T30'. Duration: 00:29:00,,,,,,,,,,,,,,,,,,,,,,,,,
2025-12-30 10:02:37.067000,FinePointe Series WBP [SN 139781]  Site 4 Bias Flow is out of range.,,,,,,,,,,,,,,,,,,,,,,,,,
2025-12-30 10:02:37.067000,FinePointe Series WBP [SN 10499C]  Site 3 Bias Flow is out of range.,,,,,,,,,,,,,,,,,,,,,,,,,
2025-12-30 10:02:37.067000,FinePointe Series WBP [SN 139781]  Site 4 Bias Flow is out of range.,,,,,,,,,,,,,,,,,,,,,,,,,
2025-12-30 10:02:37.067000,FinePointe Series WBP [SN 10499C]  Site 3 Bias Flow is out of range.,,,,,,,,,,,,,,,,,,,,,,,,,
2025-12-30 10:03:01.067000,6d,Toxicity,Original,,224.68496704101562,0.15709662437438965,34.77647399902344,1.0482877492904663,1.3533833026885986,0.34789007902145386,11.153897285461426,1.6137399673461914,1.2472219467163086,0.14559994637966156,0.12473815679550171,0.10661041736602783,4.742952346801758,34.807861328125,0.05381791666150093,12.309492111206055,21.90825080871582,37,25,30,60,
2025-12-30 10:03:01.067000,FinePointe Series WBP [SN 139781]  Site 4 Bias Flow is out of range.,,,,,,,,,,,,,,,,,,,,,,,,,
2025-12-30 10:03:01.067000,FinePointe Series WBP [SN 10499C]  Site 3 Bias Flow is out of range.,,,,,,,,,,,,,,,,,,,,,,,,,
2025-12-30 10:03:13.067000,6d,Toxicity,Original,,34.91844177246094,2.403916120529175,83.94100952148438,1.6070828437805176,1.5693917274475098,0.15313713252544403,11.153897285461426,7.608509063720703,5.149450302124023,0.5689929127693176,1.149296760559082,0.1012650728225708,45.560218811035156,0,0.461877703666687,,42.634952545166016,37,25,30,87.5,
2025-12-30 10:03:13.067000,FinePointe Series WBP [SN 139781]  Site 4 Bias Flow is out of range.,,,,,,,,,,,,,,,,,,,,,,,,,
2025-12-30 10:03:15.067000,6d,Toxicity,Original,,172.88046264648438,0.7565861344337463,51.233375549316406,0.9417700171470642,0.9100030660629272,0.44390663504600525,11.153897285461426,2.991154432296753,2.811556816101074,0.2968805730342865,0.37164080142974854,0.14122238755226135,7.3809814453125,4.242257595062256,0.18176785111427307,6.986603260040283,12.797037124633789,37,25,30,70,
2025-12-30 10:03:19.067000,6d,Toxicity,Original,,21.343971252441406,2.1218647956848145,45.289024353027344,13.809438705444336,9.853343963623047,0.0330103300511837,11.153897285461426,9.227368354797363,5.286066055297852,0.6299628615379333,2.181135416030884,0.294166624546051,21.387069702148438,2008.067138671875,0.20714430510997772,0.9479670524597168,21.49441909790039,37,25,30,50,
2025-12-30 10:03:19.067000,FinePointe Series WBP [SN 10499C]  Site 3 Bias Flow is out of range.,,,,,,,,,,,,,,,,,,,,,,,,,
2025-12-30 10:03:19.067000,FinePointe Series WBP [SN 139781]  Site 4 Bias Flow is out of range.,,,,,,,,,,,,,,,,,,,,,,,,,
2025-12-30 10:03:25.067000,6d,Toxicity,Original,,195.01223754882812,0.1603010594844818,31.260669708251953,0.829501211643219,1.1789116859436035,0.4756770133972168,11.153897285461426,1.9464367628097534,1.3885473012924194,0.16892337799072266,0.1387496143579483,0.1037924736738205,4.864504814147949,19.063610076904297,0.06476838141679764,13.963624954223633,18.029277801513672,37,25,30,90.90908813476562,
2025-12-30 10:03:29.067000,6d,Toxicity,Original,,162.33990478515625,0.18124538660049438,27.741207122802734,0.7805591821670532,0.7376890182495117,0.6377756595611572,11.153897285461426,2.4835474491119385,2.6445534229278564,0.15955352783203125,0.23435360193252563,0.12227451801300049,23.65607452392578,57.74781036376953,0.14199860394001007,23.11194610595703,26.02783966064453,37,25,30,80,
2025-12-30 10:03:29.067000,FinePointe Series WBP [SN 10499C]  Site 3 Bias Flow is out of range.,,,,,,,,,,,,,,,,,,,,,,,,,
2025-12-30 10:03:31.067000,6d,Toxicity,Original,,34.58547592163086,2.60365629196167,90.04869079589844,1.4622161388397217,1.8334259986877441,0.1608448326587677,11.153897285461426,9.238760948181152,5.43631649017334,0.5162665247917175,1.218565821647644,0.27792927622795105,16.709184646606445,0,0.43798497319221497,4.204310417175293,37.902610778808594,37,25,30,0,
2025-12-30 10:03:33.067000,6d,Toxicity,Original,,45.92976760864258,2.6978039741516113,123.90950775146484,1.084335207939148,1.1904066801071167,0.22790995240211487,11.153897285461426,8.339609146118164,5.363635540008545,0.5516583323478699,0.7546840310096741,0.283011794090271,74.6972427368164,0,0.36115244030952454,6.3715715408325195,20.141027450561523,37,25,30,83.33333587646484,
2025-12-30 10:03:33.067000,FinePointe Series WBP [SN 139781]  Site 4 Bias Flow is out of range.,,,,,,,,,,,,,,,,,,,,,,,,,
2025-12-30 10:03:35.067000,6d,Toxicity,Original,,239.56118774414062,0.1411934196949005,34.112220764160156,0.8258001804351807,0.9486289024353027,0.2712564766407013,11.153897285461426,1.9887298345565796,1.5647168159484863,0.13347595930099487,0.11938947439193726,0.09477043151855469,15.783973693847656,4.170811653137207,0.061599001288414,9.380019187927246,15.192294120788574,37,25,30,71.42857360839844,
2025-12-30 10:03:35.067000,FinePointe Series WBP [SN 10499C]  Site 4 Bias Flow is out of range.,,,,,,,,,,,,,,,,,,,,,,,,,
2025-12-30 10:03:35.067000,FinePointe Series WBP [SN 10499C]  Site 3 Bias Flow is out of range.,,,,,,,,,,,,,,,,,,,,,,,,,
2025-12-30 10:03:41.067000,6d,Toxicity,Original,,142.2216339111328,0.1368730515241623,19.46630859375,4.215269565582275,4.109524726867676,0.43576809763908386,11.153897285461426,2.1457159519195557,2.5037167072296143,0.17403849959373474,0.24783824384212494,0.11947714537382126,7.995858192443848,87.61695098876953,0.04951831325888634,13.815771102905273,27.947237014770508,37,25,30,93.33333587646484,
2025-12-30 10:03:41.067000,FinePointe Series WBP [SN 139781]  Site 4 Bias Flow is out of range.,,,,,,,,,,,,,,,,,,,,,,,,,
2025-12-30 10:03:45.067000,6d,Toxicity,Original,,39.11326217651367,2.634418249130249,103.04069519042969,1.3664681911468506,1.3714035749435425,0.21867427229881287,11.153897285461426,8.847981452941895,6.37921142578125,0.4822137951850891,1.0517926216125488,0.3768243193626404,19.884368896484375,515.5608520507812,0.44971147179603577,4.208915710449219,17.844161987304688,37,25,30,90.90908813476562,
2025-12-30 10:03:45.067000,FinePointe Series WBP [SN 10499C]  Site 4 Bias Flow is out of range.,,,,,,,,,,,,,,,,,,,,,,,,,
2025-12-30 10:03:49.067000,6d,Toxicity,Original,,46.07035446166992,2.8149423599243164,129.68539428710938,0.8885552287101746,1.0218303203582764,0.9888845086097717,11.153897285461426,9.313909530639648,7.243258476257324,0.5338131785392761,0.7685427665710449,0.2793011963367462,14.245969772338867,0,0.39479881525039673,3.6302168369293213,13.367785453796387,37,25,30,90,
2025-12-30 10:03:53.067000,6d,Toxicity,Original,,104.11448669433594,1.4770629405975342,64.88204956054688,1.9020283222198486,1.9816508293151855,0.3664877712726593,11.153897285461426,6.811761856079102,4.787034511566162,0.343455046415329,0.7165613770484924,0.3597201704978943,12.609013557434082,98.2140884399414,0.22407343983650208,8.270669937133789,20.017330169677734,37,25,30,88.23529052734375,
2025-12-30 10:03:53.067000,FinePointe Series WBP [SN 139781]  Site 4 Bias Flow is out of range.,,,,,,,,,,,,,,,,,,,,,,,,,
2025-12-30 10:03:53.067000,FinePointe Series WBP [SN 10499C]  Site 3 Bias Flow is out of range.,,,,,,,,,,,,,,,,,,,,,,,,,
2025-12-30 10:03:55.067000,6d,Toxicity,Original,,47.81355285644531,2.8016934394836426,133.9589080810547,0.7975710034370422,1.108867883682251,0.39017292857170105,11.153897285461426,9.541954040527344,6.5653815269470215,0.521865963935852,0.7330083250999451,0.38719600439071655,10.760590553283691,0,0.35948529839515686,5.874331474304199,4.981548309326172,37,25,30,0,
2025-12-30 10:03:55.067000,FinePointe Series WBP [SN 10499C]  Site 4 Bias Flow is out of range.,,,,,,,,,,,,,,,,,,,,,,,,,
2025-12-30 10:03:57.067000,6d,Toxicity,Original,,140.25645446777344,0.20211690664291382,28.348201751708984,4.806764125823975,2.405496597290039,0.27855217456817627,11.153897285461426,2.3413772583007812,4.548030853271484,0.14776840806007385,0.2800193727016449,0.37398049235343933,9.485276222229004,112.92081451416016,0.08392205834388733,12.656867027282715,35.412437438964844,37,25,30,90.90908813476562,
2025-12-30 10:03:59.067000,6d,Toxicity,Original,,226.72422790527344,0.10245537012815475,23.229114532470703,2.5497517585754395,2.2964959144592285,0.3290087878704071,11.153897285461426,1.6887632608413696,1.8087812662124634,0.10050932317972183,0.1641293615102768,0.14970724284648895,2.960177421569824,59.02688217163086,0.05021607503294945,5.763788223266602,30.95534324645996,37,25,30,50,
2025-12-30 10:04:01.067000,6d,Toxicity,Original,,83.37590026855469,0.8232919573783875,68.6427001953125,0.8948897123336792,0.668512225151062,0.5556862950325012,11.153897285461426,4.130366325378418,4.8700151443481445,0.3813120722770691,0.33832037448883057,0.4094918370246887,8.548550605773926,0,0.20713070034980774,1.6642178297042847,12.574325561523438,37,25,30,80,
2025-12-30 10:04:03.067000,6d,Toxicity,Original,,47.5734977722168,2.6272103786468506,124.98558807373047,0.9977338910102844,1.038307785987854,0.27984169125556946,11.153897285461426,10.007630348205566,7.0287017822265625,0.5036351680755615,0.7575712203979492,0.4934738278388977,52.12519454956055,0,0.3766832947731018,4.733260631561279,28.564350128173828,37,25,30,0,
2025-12-30 10:04:03.067000,FinePointe Series WBP [SN 139781]  Site 4 Bias Flow is out of range.,,,,,,,,,,,,,,,,,,,,,,,,,
2025-12-30 10:04:03.067000,FinePointe Series WBP [SN 10499C]  Site 3 Bias Flow is out of range.,,,,,,,,,,,,,,,,,,,,,,,,,
2025-12-30 10:04:05.067000,6d,Toxicity,Original,,119.92586517333984,1.390228033065796,82.86824035644531,1.1782994270324707,0.9460254907608032,0.4569924473762512,11.153897285461426,6.515230178833008,6.332278251647949,0.34524601697921753,0.4959205687046051,0.4441816806793213,4.831465244293213,82.11849975585938,0.2336377054452896,10.683708190917969,28.957130432128906,37,25,30,80,
2025-12-30 10:04:09.067000,6d,Toxicity,Original,,126.9919204711914,0.975409746170044,78.04570007324219,0.9557531476020813,1.0867432355880737,0.3649894893169403,11.153897285461426,6.18338680267334,5.340075492858887,0.27327919006347656,0.37462976574897766,0.3545272648334503,8.510984420776367,73.09874725341797,0.1847151219844818,11.415544509887695,21.90056037902832,37,25,30,81.25,
2025-12-30 10:04:11.067000,6d,Toxicity,Original,,137.7244110107422,1.4481979608535767,81.8604965209961,0.981006383895874,1.083875298500061,0.2849399447441101,11.153897285461426,4.58328914642334,3.7796387672424316,0.3555212616920471,0.3810962736606598,0.22532713413238525,16.461381912231445,0,0.19796401262283325,9.340665817260742,18.40070152282715,37,25,30,50,
2025-12-30 10:04:13.067000,6d,Toxicity,Original,,139.6184539794922,0.42645061016082764,59.54037857055664,0.9205398559570312,0.4892646372318268,0.7625137567520142,11.153897285461426,3.3575050830841064,6.2205424308776855,0.27499130368232727,0.15475130081176758,0.24511496722698212,10.909627914428711,0,0.11243871599435806,21.702497482299805,12.739068031311035,37,25,30,88.88888549804688,
2025-12-30 10:04:13.067000,FinePointe Series WBP [SN 139781]  Site 4 Bias Flow is out of range.,,,,,,,,,,,,,,,,,,,,,,,,,
2025-12-30 10:04:13.067000,FinePointe Series WBP [SN 10499C]  Site 3 Bias Flow is out of range.,,,,,,,,,,,,,,,,,,,,,,,,,
2025-12-30 10:04:15.067000,6d,Toxicity,Original,,50.23167419433594,2.748863458633423,138.08001708984375,0.9068983197212219,0.8604900240898132,0.6367502808570862,11.153897285461426,10.592472076416016,8.992676734924316,0.50031578540802,0.6941496729850769,0.6516351103782654,67.75443267822266,230.37535095214844,0.3845706284046173,11.564315795898438,34.48440170288086,37,25,30,0,
2025-12-30 10:04:19.067000,6d,Toxicity,Original,,391.03973388671875,0.36036306619644165,116.45269775390625,0.5360859632492065,0.5230149030685425,0.6522753238677979,11.153897285461426,5.484411239624023,6.3686113357543945,0.11106821894645691,0.07889823615550995,0.4889528155326843,5.820895671844482,0,0.05710524320602417,16.30336570739746,7.203701019287109,37,25,30,90,
2025-12-30 10:04:21.067000,6d,Toxicity,Original,,60.38329315185547,1.758004903793335,103.84288024902344,0.676331102848053,0.9305115342140198,0.5763078927993774,11.153897285461426,13.119306564331055,7.6910505294799805,0.3961503803730011,0.6041083335876465,0.6106866598129272,13.249326705932617,0,0.31722491979599,8.361738204956055,32.23395538330078,37,25,30,71.42857360839844,
2025-12-30 10:04:23.067000,6d,Toxicity,Original,,37.56204605102539,2.70253324508667,101.51268768310547,2.335301399230957,3.61324405670166,0.20578134059906006,11.153897285461426,11.233165740966797,5.425964832305908,0.4796657860279083,1.117691159248352,0.15557728707790375,12.56263542175293,545.4939575195312,0.24895620346069336,2.2445530891418457,16.098405838012695,37,25,30,50,
2025-12-30 10:04:23.067000,FinePointe Series WBP [SN 139781]  Site 4 Bias Flow is out of range.,,,,,,,,,,,,,,,,,,,,,,,,,
2025-12-30 10:04:23.067000,FinePointe Series WBP [SN 10499C]  Site 3 Bias Flow is out of range.,,,,,,,,,,,,,,,,,,,,,,,,,
2025-12-30 10:04:29.067000,6d,Toxicity,Original,,60.86504364013672,1.3621922731399536,82.9098892211914,1.3106398582458496,1.377048373222351,0.1348721832036972,11.153897285461426,6.586145877838135,5.06022834777832,0.33331790566444397,0.6524695754051208,0.30796611309051514,7.81222677230835,0,0.28005489706993103,0.7545588612556458,12.087488174438477,37,25,30,87.5,
2025-12-30 10:04:31.067000,6d,Toxicity,Original,,44.44276428222656,2.568688154220581,114.15959930419922,1.1981220245361328,1.4783002138137817,0.4233091175556183,11.153897285461426,10.145906448364258,6.2762370109558105,0.5279567837715149,0.8220942616462708,0.5119409561157227,46.65769958496094,0,0.3409256339073181,9.006620407104492,12.390024185180664,37,25,30,80,
2025-12-30 10:04:33.067000,6d,Toxicity,Original,,48.67909622192383,3.393474817276001,165.1912841796875,0.7856075167655945,1.0511345863342285,0.5422449707984924,11.153897285461426,11.965897560119629,7.197268486022949,0.45062750577926636,0.781934380531311,0.5024250149726868,17.402772903442383,0,0.38824737071990967,4.465385437011719,19.976757049560547,37,25,30,85.71428680419922,
2025-12-30 10:04:33.067000,FinePointe Series WBP [SN 139781]  Site 4 Bias Flow is out of range.,,,,,,,,,,,,,,,,,,,,,,,,,
2025-12-30 10:04:33.067000,FinePointe Series WBP [SN 10499C]  Site 3 Bias Flow is out of range.,,,,,,,,,,,,,,,,,,,,,,,,,
2025-12-30 10:04:37.067000,6d,Toxicity,Original,,64.08455657958984,2.0288732051849365,130.38339233398438,0.7926782369613647,0.6493169069290161,0.7635941505432129,11.153897285461426,8.821273803710938,10.708669662475586,0.48798656463623047,0.44856733083724976,0.7519382238388062,9.685270309448242,0,0.28001293540000916,11.369324684143066,16.46561622619629,37,25,30,71.42857360839844,
2025-12-30 10:04:41.067000,6d,Toxicity,Original,,156.6066436767578,1.1710284948349,70.84620666503906,0.996979832649231,1.5283418893814087,0.241288423538208,11.153897285461426,6.92825984954834,3.4596946239471436,0.23545226454734802,0.5281118154525757,0.09516651183366776,11.404144287109375,76.85417175292969,0.1754654198884964,,4.370691776275635,37,25,30,90.90908813476562,
2025-12-30 10:04:43.067000,6d,Toxicity,Original,,71.0821533203125,1.6242715120315552,96.72132873535156,1.1478915214538574,0.8978822231292725,0.38608190417289734,11.153897285461426,6.429643630981445,7.840636253356934,0.4059353470802307,0.5069659352302551,0.31072482466697693,12.32891845703125,0,0.25991180539131165,5.6910881996154785,8.69531536102295,37,25,30,0,
2025-12-30 10:04:43.067000,FinePointe Series WBP [SN 139781]  Site 4 Bias Flow is out of range.,,,,,,,,,,,,,,,,,,,,,,,,,
2025-12-30 10:04:45.067000,6d,Toxicity,Original,,52.435115814208984,1.7989671230316162,94.32904815673828,1.249367356300354,1.3562062978744507,0.22140920162200928,11.153897285461426,10.191437721252441,6.711729526519775,0.3674291670322418,0.7768421769142151,0.2788170874118805,18.64934539794922,0,0.3373931050300598,11.099050521850586,22.001129150390625,37,25,30,83.33333587646484,
2025-12-30 10:04:45.067000,FinePointe Series WBP [SN 10499C]  Site 3 Bias Flow is out of range.,,,,,,,,,,,,,,,,,,,,,,,,,
2025-12-30 10:04:47.067000,6d,Toxicity,Original,,50.62950897216797,1.1531513929367065,58.383487701416016,4.9588823318481445,6.923215866088867,0.11259637027978897,11.153897285461426,7.100749492645264,3.6435863971710205,0.31471410393714905,0.8703655004501343,0.29804766178131104,9.240805625915527,386.461669921875,0.11180732399225235,3.9818599224090576,66.02911376953125,37,25,30,50,
2025-12-30 10:04:49.067000,6d,Toxicity,Original,,50.48695755004883,2.93407940864563,148.1327362060547,1.088780164718628,1.313439130783081,0.29047372937202454,11.153897285461426,10.231945037841797,7.611625671386719,0.4585835337638855,0.7298422455787659,0.3567052483558655,8.522185325622559,0,0.3270632028579712,4.463943958282471,14.036486625671387,37,25,30,50,
2025-12-30 10:04:49.067000,FinePointe Series WBP [SN 10499C]  Site 4 Bias Flow is out of range.,,,,,,,,,,,,,,,,,,,,,,,,,
2025-12-30 10:04:51.067000,6d,Toxicity,Original,,92.80735778808594,0.845566987991333,76.05018615722656,0.5317699909210205,0.7925518751144409,0.6404521465301514,11.153897285461426,5.667304992675781,4.217155456542969,0.2866345942020416,0.3681710362434387,0.21093223989009857,21.63796043395996,83.51598358154297,0.21272686123847961,13.658166885375977,16.277158737182617,37,25,30,60,
2025-12-30 10:04:53.067000,6d,Toxicity,Original,,39.254459381103516,2.5390172004699707,99.6677474975586,3.360177516937256,2.679201364517212,0.12217291444540024,11.153897285461426,10.687135696411133,9.97480583190918,0.43168264627456665,1.0968061685562134,0.3692936599254608,8.36623477935791,270.1544189453125,0.3006255328655243,6.168829441070557,6.6852569580078125,37,25,30,0,
2025-12-30 10:04:53.067000,FinePointe Series WBP [SN 139781]  Site 4 Bias Flow is out of range.,,,,,,,,,,,,,,,,,,,,,,,,,
2025-12-30 10:04:55.067000,6d,Toxicity,Original,,73.89643859863281,1.8435118198394775,136.2289581298828,0.8055683970451355,0.8665668368339539,0.13955698907375336,11.153897285461426,13.765341758728027,10.129728317260742,0.28169775009155273,0.5302493572235107,0.586664080619812,11.286307334899902,437.2208557128906,0.291608601808548,5.241920471191406,34.07611846923828,37,25,30,85.71428680419922,
2025-12-30 10:04:55.067000,FinePointe Series WBP [SN 10499C]  Site 3 Bias Flow is out of range.,,,,,,,,,,,,,,,,,,,,,,,,,
2025-12-30 10:04:57.067000,6d,Toxicity,Original,,54.41395568847656,2.3250200748443604,126.51353454589844,1.0963636636734009,1.07472562789917,0.5717474818229675,11.153897285461426,10.095787048339844,8.956780433654785,0.3715662956237793,0.7310919761657715,0.4749298095703125,26.10154151916504,0,0.35996952652931213,9.08930778503418,9.10399055480957,37,25,30,66.66666412353516,
2025-12-30 10:05:01.067000,6d,Toxicity,Original,,48.72307586669922,1.8298715353012085,89.15696716308594,2.5327000617980957,3.1848223209381104,0.09209264814853668,11.153897285461426,9.102814674377441,5.329928398132324,0.36275896430015564,0.8686904311180115,0.18710723519325256,8.1564359664917,220.49864196777344,0.2103148102760315,1.3186038732528687,,37,25,30,85.71428680419922,
2025-12-30 10:05:03.067000,6d,Toxicity,Original,,78.05245208740234,1.601163387298584,124.9747314453125,0.7128063440322876,0.707263708114624,0.21438124775886536,11.153897285461426,7.890179634094238,5.611566066741943,0.3582301437854767,0.4104836583137512,0.2708715796470642,10.466721534729004,0,0.24646444618701935,1.3375675678253174,25.349660873413086,37,25,30,75,
2025-12-30 10:05:03.067000,FinePointe Series WBP [SN 139781]  Site 4 Bias Flow is out of range.,,,,,,,,,,,,,,,,,,,,,,,,,
2025-12-30 10:05:03.067000,FinePointe Series WBP [SN 10499C]  Site 3 Bias Flow is out of range.,,,,,,,,,,,,,,,,,,,,,,,,,
2025-12-30 10:05:03.067000,FinePointe Series WBP [SN 10499C]  Site 2 Bias Flow is out of range.,,,,,,,,,,,,,,,,,,,,,,,,,
2025-12-30 10:05:03.067000,FinePointe Series WBP [SN 139781]  Site 4 Bias Flow is out of range.,,,,,,,,,,,,,,,,,,,,,,,,,
2025-12-30 10:05:03.067000,FinePointe Series WBP [SN 10499C]  Site 3 Bias Flow is out of range.,,,,,,,,,,,,,,,,,,,,,,,,,
2025-12-30 10:05:21.067000,6d,Toxicity,Original,,63.44697952270508,1.8202592134475708,115.48995208740234,0.6304149627685547,0.5335792899131775,0.647148072719574,11.153897285461426,7.790031909942627,8.289237976074219,0.401746541261673,0.5439249873161316,0.7404631972312927,11.04786491394043,0,0.36433032155036926,2.5078060626983643,5.87345027923584,37,25,30,96.29629516601562,
2025-12-30 10:05:21.067000,FinePointe Series WBP [SN 10499C]  Site 2 Bias Flow is out of range.,,,,,,,,,,,,,,,,,,,,,,,,,
2025-12-30 10:05:21.067000,FinePointe Series WBP [SN 139781]  Site 4 Bias Flow is out of range.,,,,,,,,,,,,,,,,,,,,,,,,,
2025-12-30 10:05:25.067000,6d,Toxicity,Original,,53.451942443847656,2.138557195663452,114.3100357055664,0.7367939949035645,0.926063597202301,0.364592045545578,11.153897285461426,9.900535583496094,6.34596061706543,0.4697192311286926,0.6527844071388245,0.422969251871109,17.055009841918945,0,0.35289549827575684,15.516555786132812,19.331851959228516,37,25,30,80,
2025-12-30 10:05:27.067000,6d,Toxicity,Original,,54.604591369628906,1.5671772956848145,85.5750732421875,2.802652597427368,3.6407599449157715,0.2832241356372833,11.153897285461426,6.801928997039795,4.196413993835449,0.4067773222923279,0.6920313835144043,0.3503451347351074,14.502041816711426,228.33030700683594,0.15243057906627655,3.6347310543060303,24.839948654174805,37,25,30,0,
2025-12-30 10:05:29.067000,6d,Toxicity,Original,,72.51957702636719,1.0236295461654663,66.74422454833984,2.0789899826049805,2.611264705657959,0.3900725841522217,11.153897285461426,5.531263828277588,4.0849432945251465,0.3108448386192322,0.5383490920066833,0.26991114020347595,18.46143913269043,105.00161743164062,0.19195646047592163,6.2356719970703125,10.925573348999023,37,25,30,50,
2025-12-30 10:05:29.067000,FinePointe Series WBP [SN 10499C]  Site 3 Bias Flow is out of range.,,,,,,,,,,,,,,,,,,,,,,,,,
2025-12-30 10:05:31.067000,6d,Toxicity,Original,,172.07977294921875,0.1053100973367691,18.121736526489258,7.519919395446777,5.322024822235107,0.18153998255729675,11.153897285461426,1.339033842086792,1.6476564407348633,0.12833836674690247,0.2203371375799179,0.14767715334892273,5.2822465896606445,105.77050018310547,0.03535759076476097,7.956546783447266,46.532188415527344,37,25,30,66.66666412353516,
2025-12-30 10:05:31.067000,FinePointe Series WBP [SN 10499C]  Site 2 Bias Flow is out of range.,,,,,,,,,,,,,,,,,,,,,,,,,
2025-12-30 10:05:33.067000,6d,Toxicity,Original,,92.9918212890625,1.1462589502334595,87.54067993164062,0.7861566543579102,0.9342575073242188,0.5027405023574829,11.153897285461426,5.6388678550720215,4.256505489349365,0.3649803102016449,0.3750571608543396,0.33882343769073486,12.017536163330078,0,0.19209475815296173,11.499834060668945,35.809635162353516,37,25,30,33.33333206176758,
2025-12-30 10:05:33.067000,FinePointe Series WBP [SN 139781]  Site 4 Bias Flow is out of range.,,,,,,,,,,,,,,,,,,,,,,,,,
2025-12-30 10:05:35.067000,6d,Toxicity,Original,,59.101806640625,2.1905899047851562,128.3768310546875,0.8200948238372803,1.0765273571014404,0.508143961429596,11.153897285461426,8.042245864868164,6.782031536102295,0.4223659038543701,0.5995041728019714,0.48677289485931396,12.215688705444336,56.731075286865234,0.3069002330303192,2.8605871200561523,14.32182502746582,37,25,30,33.33333206176758,
2025-12-30 10:05:39.067000,6d,Toxicity,Original,,43.02861404418945,2.038316011428833,87.7059097290039,1.9953773021697998,2.2813029289245605,0.2485479712486267,11.153897285461426,8.96045207977295,4.859223365783691,0.4449060261249542,0.9495149254798889,0.2046460658311844,16.33683204650879,155.5994415283203,0.298551082611084,,19.15170669555664,37,25,30,75,
2025-12-30 10:05:39.067000,FinePointe Series WBP [SN 10499C]  Site 3 Bias Flow is out of range.,,,,,,,,,,,,,,,,,,,,,,,,,
2025-12-30 10:05:41.067000,6d,Toxicity,Original,,51.97037887573242,2.0479848384857178,106.43455505371094,1.9554131031036377,2.1012794971466064,0.13479377329349518,11.153897285461426,9.707141876220703,6.311661720275879,0.4274672269821167,0.7270365953445435,0.25605741143226624,22.1296329498291,164.9278106689453,0.23918360471725464,1.3868072032928467,8.069071769714355,37,25,30,66.66666412353516,
2025-12-30 10:05:41.067000,FinePointe Series WBP [SN 10499C]  Site 2 Bias Flow is out of range.,,,,,,,,,,,,,,,,,,,,,,,,,
2025-12-30 10:05:43.067000,6d,Toxicity,Original,,53.860008239746094,2.0333445072174072,109.51594543457031,1.2094361782073975,1.3685024976730347,0.22304990887641907,11.153897285461426,10.4442138671875,7.483344554901123,0.3966708779335022,0.7173282504081726,0.5425874590873718,18.894271850585938,78.11007690429688,0.3194592595100403,10.95093822479248,25.39649200439453,37,25,30,75,
2025-12-30 10:05:43.067000,FinePointe Series WBP [SN 139781]  Site 4 Bias Flow is out of range.,,,,,,,,,,,,,,,,,,,,,,,,,
2025-12-30 10:05:45.067000,6d,Toxicity,Original,,199.6123504638672,1.0496926307678223,209.5316162109375,0.6798914670944214,1.3875164985656738,0.2980419397354126,11.153897285461426,13.367218971252441,6.268054962158203,0.1328209787607193,0.16776162385940552,0.5562611818313599,5.974265098571777,0,0.07127105444669724,11.52165699005127,45.492027282714844,37,25,30,75,
2025-12-30 10:05:47.067000,6d,Toxicity,Original,,62.32969665527344,2.6777029037475586,166.90040588378906,0.6971670389175415,0.8798460364341736,0.8938738107681274,11.153897285461426,10.289145469665527,8.02092170715332,0.425634503364563,0.5369885563850403,0.4998227059841156,17.7662353515625,0,0.29415103793144226,6.722198486328125,39.38151168823242,37,25,30,66.66666412353516,
2025-12-30 10:05:51.067000,6d,Toxicity,Original,,80.2083969116211,0.4897056519985199,39.27850341796875,1.3276526927947998,1.2031382322311401,0.21128122508525848,11.153897285461426,2.7318153381347656,3.041663885116577,0.3410109281539917,0.40704044699668884,0.1899196356534958,14.699238777160645,37.006595611572266,0.19122709333896637,16.288747787475586,15.083812713623047,37,25,30,80,
2025-12-30 10:05:51.067000,FinePointe Series WBP [SN 10499C]  Site 3 Bias Flow is out of range.,,,,,,,,,,,,,,,,,,,,,,,,,
2025-12-30 10:05:53.067000,6d,Toxicity,Original,,64.54817199707031,1.0301086902618408,64.68635559082031,2.4885478019714355,1.944322109222412,0.22763755917549133,11.153897285461426,5.455421447753906,5.003990650177002,0.367987722158432,0.5660445094108582,0.25732889771461487,15.069381713867188,101.90009307861328,0.21180841326713562,3.1979615688323975,27.371002197265625,37,25,30,50,
2025-12-30 10:05:53.067000,FinePointe Series WBP [SN 139781]  Site 4 Bias Flow is out of range.,,,,,,,,,,,,,,,,,,,,,,,,,
2025-12-30 10:05:55.067000,6d,Toxicity,Original,,65.50536346435547,1.8556879758834839,121.5575180053711,0.8834437727928162,0.8140022158622742,0.3313147723674774,11.153897285461426,7.66137170791626,6.8010783195495605,0.38473865389823914,0.5312168598175049,0.5345313549041748,99.13488006591797,0,0.3032744824886322,11.850287437438965,17.52687644958496,37,25,30,66.66666412353516,
2025-12-30 10:05:57.067000,6d,Toxicity,Original,,60.655906677246094,2.0712108612060547,125.24308776855469,0.9641026258468628,0.992089033126831,0.1823544055223465,11.153897285461426,7.653069496154785,5.495110511779785,0.5253473520278931,0.46698784828186035,0.3706599771976471,11.106493949890137,0,0.24418942630290985,4.878666877746582,24.496158599853516,37,25,30,33.33333206176758,
2025-12-30 10:05:59.067000,6d,Toxicity,Original,,75.52946472167969,1.5852009057998657,92.71115112304688,1.8000001907348633,2.0228970050811768,0.47454455494880676,11.153897285461426,7.396439552307129,5.588428020477295,0.3605113625526428,0.5732050538063049,0.2603895664215088,14.548271179199219,170.4585723876953,0.2016325294971466,10.317259788513184,17.697723388671875,37,25,30,33.33333206176758,
2025-12-30 10:06:01.067000,6d,Toxicity,Original,,101.207275390625,0.9476969242095947,79.42674255371094,0.8814069032669067,0.7706871032714844,0.47338154911994934,11.153897285461426,5.390054225921631,4.258553981781006,0.27990609407424927,0.38535481691360474,0.33220237493515015,10.432804107666016,0,0.2173958122730255,10.32415771484375,13.413829803466797,37,25,30,0,
2025-12-30 10:06:01.067000,FinePointe Series WBP [SN 10499C]  Site 3 Bias Flow is out of range.,,,,,,,,,,,,,,,,,,,,,,,,,
2025-12-30 10:06:03.067000,6d,Toxicity,Original,,78.51313018798828,1.1838173866271973,85.71734619140625,1.0426281690597534,0.9568132758140564,0.4603482484817505,11.153897285461426,5.632553577423096,4.8244194984436035,0.3967830538749695,0.39932090044021606,0.27425673604011536,9.62977409362793,0,0.2146654725074768,5.041741847991943,18.201248168945312,37,25,30,33.33333206176758,
2025-12-30 10:06:03.067000,FinePointe Series WBP [SN 139781]  Site 4 Bias Flow is out of range.,,,,,,,,,,,,,,,,,,,,,,,,,
2025-12-30 10:06:07.067000,6d,Toxicity,Original,,50.03144454956055,2.3457093238830566,117.3592300415039,0.8290085792541504,0.9470071792602539,0.42671510577201843,11.153897285461426,8.175631523132324,5.987112522125244,0.5196354389190674,0.6796103715896606,0.41090118885040283,21.863832473754883,0,0.35783064365386963,11.432826042175293,8.96341323852539,37,25,30,75,
2025-12-30 10:06:09.067000,6d,Toxicity,Original,,84.6342544555664,1.6862164735794067,122.94417572021484,1.2418352365493774,1.4332350492477417,0.3588241934776306,11.153897285461426,7.894845008850098,5.723677635192871,0.3204599618911743,0.4781624376773834,0.3791671693325043,10.67320728302002,55.914180755615234,0.19343899190425873,6.700971603393555,24.08592414855957,37,25,30,25,
2025-12-30 10:06:11.067000,6d,Toxicity,Original,,90.83766174316406,1.1923401355743408,89.93623352050781,0.9898788928985596,1.1361039876937866,0.42996034026145935,11.153897285461426,6.77064847946167,4.458788871765137,0.3268759846687317,0.426531583070755,0.3485702574253082,14.268904685974121,52.30862045288086,0.20098501443862915,7.799052715301514,18.58667755126953,37,25,30,0,
2025-12-30 10:06:11.067000,FinePointe Series WBP [SN 10499C]  Site 3 Bias Flow is out of range.,,,,,,,,,,,,,,,,,,,,,,,,,
2025-12-30 10:06:13.067000,6d,Toxicity,Original,,101.39129638671875,1.3016064167022705,113.82798767089844,0.5378710627555847,0.7260928153991699,0.5357621908187866,11.153897285461426,7.396330833435059,4.6952667236328125,0.3235186040401459,0.3358317017555237,0.34264689683914185,14.244888305664062,0,0.19599401950836182,11.786245346069336,12.442462921142578,37,25,30,0,
2025-12-30 10:06:13.067000,FinePointe Series WBP [SN 139781]  Site 4 Bias Flow is out of range.,,,,,,,,,,,,,,,,,,,,,,,,,
2025-12-30 10:06:15.067000,6d,Toxicity,Original,,77.87102508544922,1.6898777484893799,123.8263168334961,1.2514605522155762,1.2423537969589233,0.2512982487678528,11.153897285461426,7.9190545082092285,6.191068649291992,0.36754345893859863,0.4355211853981018,0.44245120882987976,13.020951271057129,0,0.2023681402206421,6.44060754776001,20.03253936767578,37,25,30,0,
2025-12-30 10:06:17.067000,6d,Toxicity,Original,,65.029296875,1.7510671615600586,113.92955017089844,2.118227958679199,1.6038634777069092,0.15543565154075623,11.153897285461426,7.425071716308594,5.745556831359863,0.45979636907577515,0.4713779389858246,0.38357412815093994,6.922679901123047,67.07730102539062,0.1905706822872162,2.685734748840332,19.573184967041016,37,25,30,0,
2025-12-30 10:06:19.067000,6d,Toxicity,Original,,69.19328308105469,1.8680572509765625,128.31625366210938,1.288788914680481,1.1398698091506958,0.4932679533958435,11.153897285461426,7.58629846572876,7.40239953994751,0.45150792598724365,0.4185967445373535,0.5528407692909241,9.925792694091797,44.9443473815918,0.20706628262996674,5.431972503662109,9.980424880981445,37,25,30,0,
2025-12-30 10:06:21.067000,6d,Toxicity,Original,,77.84504699707031,1.5836048126220703,123.55076599121094,1.030129075050354,0.9399213194847107,0.4624286890029907,11.153897285461426,7.803284645080566,7.526553153991699,0.3651627004146576,0.412754625082016,0.4166772961616516,7.940157890319824,0,0.2190016806125641,3.019240379333496,14.295209884643555,37,25,30,33.33333206176758,
2025-12-30 10:06:21.067000,FinePointe Series WBP [SN 10499C]  Site 3 Bias Flow is out of range.,,,,,,,,,,,,,,,,,,,,,,,,,
2025-12-30 10:06:23.067000,6d,Toxicity,Original,,71.05664825439453,1.9438350200653076,137.04135131835938,1.632026195526123,1.5409260988235474,0.3067687153816223,11.153897285461426,8.746101379394531,7.873861312866211,0.39284127950668335,0.4554430842399597,0.605161726474762,12.736194610595703,70.18213653564453,0.18754419684410095,8.439295768737793,20.4261417388916,37,25,30,0,
2025-12-30 10:06:23.067000,FinePointe Series WBP [SN 139781]  Site 4 Bias Flow is out of range.,,,,,,,,,,,,,,,,,,,,,,,,,
2025-12-30 10:06:25.067000,6d,Toxicity,Original,,73.97840118408203,1.8296879529953003,135.35739135742188,1.2590477466583252,1.183434009552002,0.4650730490684509,11.153897285461426,7.705692768096924,6.474797248840332,0.3552051782608032,0.45584237575531006,0.5693818926811218,7.204451560974121,0,0.21361292898654938,4.8898701667785645,20.68044090270996,37,25,30,50,
2025-12-30 10:06:27.067000,6d,Toxicity,Original,,69.8416748046875,1.8881263732910156,129.7860870361328,1.3475322723388672,1.2998523712158203,0.5009804964065552,11.153897285461426,7.966804027557373,7.644005298614502,0.4036070704460144,0.4638614058494568,0.5816312432289124,12.649895668029785,61.65423583984375,0.22572791576385498,6.727153301239014,14.738785743713379,37,25,30,25,
2025-12-30 10:06:29.067000,6d,Toxicity,Original,,78.67501831054688,1.542559027671814,109.23888397216797,1.7715449333190918,1.774899959564209,0.16376322507858276,11.153897285461426,6.563277244567871,4.92060661315918,0.35780343413352966,0.4657577872276306,0.37847375869750977,6.584812164306641,100.06266784667969,0.1623174399137497,2.791832447052002,20.389524459838867,37,25,30,0,
2025-12-30 10:06:31.067000,6d,Toxicity,Original,,67.16222381591797,1.9443005323410034,129.04031372070312,1.6858398914337158,1.4818944931030273,0.4297983646392822,11.153897285461426,7.8516645431518555,8.069645881652832,0.44727465510368347,0.45332658290863037,0.662198543548584,9.374906539916992,96.13423919677734,0.19984030723571777,8.297077178955078,14.443201065063477,37,25,30,0,
2025-12-30 10:06:31.067000,FinePointe Series WBP [SN 10499C]  Site 3 Bias Flow is out of range.,,,,,,,,,,,,,,,,,,,,,,,,,
2025-12-30 10:06:33.067000,6d,Toxicity,Original,,66.75375366210938,1.8473409414291382,121.89909362792969,1.2545331716537476,1.0633530616760254,0.37768152356147766,11.153897285461426,7.53811502456665,6.545778751373291,0.4789105951786041,0.43143710494041443,0.47215592861175537,7.908051490783691,23.104806900024414,0.21740353107452393,3.3935136795043945,14.416669845581055,37,25,30,0,
2025-12-30 10:06:33.067000,FinePointe Series WBP [SN 139781]  Site 4 Bias Flow is out of range.,,,,,,,,,,,,,,,,,,,,,,,,,
2025-12-30 10:06:35.067000,6d,Toxicity,Original,,83.39067077636719,1.6127723455429077,133.42190551757812,1.1546458005905151,0.9920022487640381,0.3816584050655365,11.153897285461426,6.930600166320801,6.394559860229492,0.3986702561378479,0.33450496196746826,0.48423343896865845,7.421902179718018,0,0.17363177239894867,4.113400459289551,13.743387222290039,37,25,30,0,
2025-12-30 10:06:37.067000,6d,Toxicity,Original,,61.673728942871094,1.9404536485671997,118.44296264648438,1.5904461145401,1.3333220481872559,0.25353336334228516,11.153897285461426,7.335049629211426,7.493035793304443,0.4908088445663452,0.48896294832229614,0.5298325419425964,9.216670989990234,63.635128021240234,0.21549135446548462,6.631695747375488,17.77753448486328,37,25,30,0,
2025-12-30 10:06:39.067000,6d,Toxicity,Original,,71.74959564208984,1.8761478662490845,133.91635131835938,1.982113003730774,1.6089518070220947,0.2887115478515625,11.153897285461426,7.950985431671143,7.239853858947754,0.4084912836551666,0.4356958866119385,0.5344141125679016,7.52847146987915,49.905757904052734,0.17605045437812805,4.275208950042725,22.929258346557617,37,25,30,0,
2025-12-30 10:06:41.067000,6d,Toxicity,Original,,74.9052734375,1.832278847694397,137.24331665039062,1.2378995418548584,1.1439950466156006,0.2431449145078659,11.153897285461426,7.909893035888672,6.461313247680664,0.42081311345100403,0.3802050054073334,0.5605082511901855,9.342988967895508,0,0.18710988759994507,6.135598182678223,20.98902130126953,37,25,30,0,
2025-12-30 10:06:41.067000,FinePointe Series WBP [SN 10499C]  Site 3 Bias Flow is out of range.,,,,,,,,,,,,,,,,,,,,,,,,,
2025-12-30 10:06:43.067000,6d,Toxicity,Original,,83.94315338134766,1.931886911392212,161.96847534179688,0.8886994123458862,0.816524863243103,0.4853389859199524,11.153897285461426,8.176703453063965,7.755161762237549,0.3927941620349884,0.3222882151603699,0.6487756967544556,11.885614395141602,0,0.18735484778881073,9.356185913085938,20.208858489990234,37,25,30,33.33333206176758,
2025-12-30 10:06:43.067000,FinePointe Series WBP [SN 139781]  Site 4 Bias Flow is out of range.,,,,,,,,,,,,,,,,,,,,,,,,,
2025-12-30 10:06:45.067000,6d,Toxicity,Original,,72.50348663330078,1.893922209739685,136.37644958496094,1.8108892440795898,1.3509211540222168,0.29623734951019287,11.153897285461426,7.496294021606445,7.656699180603027,0.4384478032588959,0.3932337760925293,0.5919265151023865,7.278533458709717,55.8563232421875,0.174062579870224,4.256824016571045,20.37371826171875,37,25,30,0,
2025-12-30 10:06:47.067000,6d,Toxicity,Original,,66.88241577148438,2.04077410697937,135.12881469726562,0.9743105173110962,0.8562772274017334,0.3998551368713379,11.153897285461426,7.43891716003418,7.5468621253967285,0.5236819982528687,0.37945327162742615,0.5901299715042114,15.536741256713867,0,0.21960268914699554,13.919968605041504,12.937707901000977,37,25,30,0,
2025-12-30 10:06:49.067000,6d,Toxicity,Original,,73.60513305664062,2.0441598892211914,149.76712036132812,1.1973788738250732,1.0191024541854858,0.39989155530929565,11.153897285461426,8.005903244018555,7.314717769622803,0.4650019407272339,0.35450100898742676,0.6093902587890625,7.906213760375977,0,0.1833057999610901,5.943273544311523,16.543447494506836,37,25,30,0,
2025-12-30 10:06:51.067000,6d,Toxicity,Original,,63.46669387817383,1.9640882015228271,124.71214294433594,2.332688570022583,1.7875018119812012,0.2802456021308899,11.153897285461426,7.887889862060547,8.01671028137207,0.4754915237426758,0.46994245052337646,0.6180684566497803,9.368736267089844,109.02890014648438,0.1789073348045349,7.277412414550781,19.54424285888672,37,25,30,0,
2025-12-30 10:06:51.067000,FinePointe Series WBP [SN 10499C]  Site 3 Bias Flow is out of range.,,,,,,,,,,,,,,,,,,,,,,,,,
2025-12-30 10:06:53.067000,6d,Toxicity,Original,,79.2332763671875,1.9067859649658203,151.10726928710938,1.385157823562622,1.2186813354492188,0.5451732277870178,11.153897285461426,8.339832305908203,7.373526573181152,0.37171226739883423,0.38555604219436646,0.5837724804878235,7.278769493103027,36.89406967163086,0.17970335483551025,5.5248870849609375,22.471633911132812,37,25,30,0,
2025-12-30 10:06:53.067000,FinePointe Series WBP [SN 139781]  Site 4 Bias Flow is out of range.,,,,,,,,,,,,,,,,,,,,,,,,,
2025-12-30 10:06:55.067000,6d,Toxicity,Original,,76.37367248535156,1.9484690427780151,149.00723266601562,0.6374385356903076,0.6272985339164734,0.558129608631134,11.153897285461426,8.206840515136719,7.8920183181762695,0.3771741986274719,0.408511757850647,0.640943706035614,10.659213066101074,0,0.2629500925540924,10.993537902832031,10.911672592163086,37,25,30,33.33333206176758,
2025-12-30 10:06:57.067000,6d,Toxicity,Original,,74.93717956542969,1.9873261451721191,148.50721740722656,1.439368724822998,1.278550148010254,0.3030431270599365,11.153897285461426,8.43679428100586,7.560497760772705,0.40785539150238037,0.39687132835388184,0.5625499486923218,7.2419915199279785,24.830881118774414,0.1812550276517868,4.73969841003418,22.244325637817383,37,25,30,0,
2025-12-30 10:06:59.067000,6d,Toxicity,Original,,78.38046264648438,1.9145668745040894,150.0159912109375,1.166521668434143,1.096811294555664,0.48415178060531616,11.153897285461426,8.451383590698242,6.917820930480957,0.3808981478214264,0.3846762478351593,0.6094130277633667,9.412847518920898,0,0.18986696004867554,5.519344806671143,21.872154235839844,37,25,30,0,
2025-12-30 10:07:01.067000,6d,Toxicity,Original,,73.59049224853516,2.0978405475616455,154.5172576904297,1.3079739809036255,1.179036021232605,0.4039023816585541,11.153897285461426,8.67758560180664,7.683657169342041,0.43423184752464294,0.38670021295547485,0.6046359539031982,13.28372859954834,41.0296745300293,0.19864828884601593,10.79348373413086,15.333762168884277,37,25,30,0,
2025-12-30 10:07:01.067000,FinePointe Series WBP [SN 10499C]  Site 3 Bias Flow is out of range.,,,,,,,,,,,,,,,,,,,,,,,,,
2025-12-30 10:07:03.067000,6d,Toxicity,Original,,79.12208557128906,1.827837347984314,144.61439514160156,1.643468976020813,1.3594300746917725,0.17240795493125916,11.153897285461426,8.275834083557129,7.782305717468262,0.36586692929267883,0.39261627197265625,0.5657586455345154,7.2470622062683105,41.21493911743164,0.17137254774570465,5.240533828735352,24.30175018310547,37,25,30,0,
2025-12-30 10:07:03.067000,FinePointe Series WBP [SN 139781]  Site 4 Bias Flow is out of range.,,,,,,,,,,,,,,,,,,,,,,,,,
2025-12-30 10:07:05.067000,6d,Toxicity,Original,,78.0169448852539,1.7895694971084595,139.54388427734375,1.3371551036834717,1.2322156429290771,0.5051149129867554,11.153897285461426,7.420741081237793,7.218714714050293,0.3775585889816284,0.391752153635025,0.6201126575469971,7.307039737701416,37.284523010253906,0.1821681559085846,7.112003326416016,21.36322784423828,37,25,30,0,
2025-12-30 10:07:07.067000,6d,Toxicity,Original,,76.448486328125,1.9485042095184326,149.0181884765625,1.162069320678711,0.9984086155891418,0.43199241161346436,11.153897285461426,7.476407051086426,7.539731979370117,0.3968622088432312,0.3885815143585205,0.5254106521606445,8.604351043701172,21.961305618286133,0.21060684323310852,6.124405860900879,14.994182586669922,37,25,30,0,
2025-12-30 10:07:09.067000,6d,Toxicity,Original,,78.3138427734375,1.9581634998321533,153.35205078125,1.1472301483154297,1.0601873397827148,0.2764889895915985,11.153897285461426,8.51612663269043,7.612994194030762,0.42134523391723633,0.3448029160499573,0.6310616135597229,10.255531311035156,0,0.17594945430755615,8.248344421386719,19.419376373291016,37,25,30,0,
2025-12-30 10:07:11.067000,6d,Toxicity,Original,,78.54608154296875,1.977811336517334,155.34567260742188,1.0227471590042114,0.910591721534729,0.46164295077323914,11.153897285461426,7.9491167068481445,8.58865737915039,0.38574227690696716,0.3781413435935974,0.7173953652381897,9.851797103881836,0,0.21067582070827484,13.34774112701416,17.894432067871094,37,25,30,0,
2025-12-30 10:07:11.067000,FinePointe Series WBP [SN 10499C]  Site 3 Bias Flow is out of range.,,,,,,,,,,,,,,,,,,,,,,,,,
2025-12-30 10:07:13.067000,6d,Toxicity,Original,,79.24227905273438,1.8898804187774658,149.71768188476562,1.3151763677597046,1.1806286573410034,0.3007808327674866,11.153897285461426,8.212309837341309,7.484201431274414,0.3833993673324585,0.37410110235214233,0.5718590021133423,7.5062384605407715,14.420762062072754,0.17786839604377747,6.776766777038574,21.382658004760742,37,25,30,0,
2025-12-30 10:07:13.067000,FinePointe Series WBP [SN 139781]  Site 4 Bias Flow is out of range.,,,,,,,,,,,,,,,,,,,,,,,,,
2025-12-30 10:07:15.067000,6d,Toxicity,Original,,69.69991302490234,1.7925645112991333,124.98062133789062,2.4750871658325195,1.8923983573913574,0.16338279843330383,11.153897285461426,7.367165565490723,7.6603684425354,0.4340363144874573,0.4351522922515869,0.5188841819763184,7.953089714050293,64.05048370361328,0.15804055333137512,5.090631484985352,20.641239166259766,37,25,30,0,
2025-12-30 10:07:17.067000,6d,Toxicity,Original,,78.71530151367188,1.855851650238037,145.98431396484375,1.448714017868042,1.3951361179351807,0.41481372714042664,11.153897285461426,8.573823928833008,8.117576599121094,0.3702852129936218,0.3921900689601898,0.6112996339797974,8.847136497497559,66.08334350585938,0.17161157727241516,9.461586952209473,20.18047332763672,37,25,30,0,
2025-12-30 10:07:19.067000,6d,Toxicity,Original,,80.07168579101562,1.747645378112793,139.92724609375,1.384941816329956,1.257415771484375,0.3287029266357422,11.153897285461426,7.600500583648682,7.427127838134766,0.3707793951034546,0.3785672187805176,0.5803428888320923,9.236801147460938,57.9619255065918,0.1736321896314621,7.3846435546875,22.01382064819336,37,25,30,0,
2025-12-30 10:07:21.067000,6d,Toxicity,Original,,78.53223419189453,1.7817906141281128,139.671875,1.7566344738006592,1.5735365152359009,0.1536187380552292,11.153897285461426,8.342296600341797,7.839621067047119,0.3493768870830536,0.41513028740882874,0.5424549579620361,7.79248046875,83.77888488769531,0.16639338433742523,6.6576828956604,23.266157150268555,37,25,30,0,
2025-12-30 10:07:21.067000,FinePointe Series WBP [SN 10499C]  Site 3 Bias Flow is out of range.,,,,,,,,,,,,,,,,,,,,,,,,,
2025-12-30 10:07:23.067000,6d,Toxicity,Original,,87.71487426757812,1.8449790477752686,161.82586669921875,0.6849288940429688,0.6978934407234192,0.500688910484314,11.153897285461426,8.217254638671875,7.827704429626465,0.36134248971939087,0.32270509004592896,0.590262770652771,9.896966934204102,0,0.1987747848033905,11.981717109680176,10.94289779663086,37,25,30,0,
2025-12-30 10:07:23.067000,FinePointe Series WBP [SN 139781]  Site 4 Bias Flow is out of range.,,,,,,,,,,,,,,,,,,,,,,,,,
2025-12-30 10:07:25.067000,6d,Toxicity,Original,,77.92609405517578,1.9004255533218384,147.29476928710938,1.4160782098770142,1.1572368144989014,0.5300419926643372,11.153897285461426,7.713094711303711,7.700369834899902,0.42089155316352844,0.3546654284000397,0.6268303394317627,7.987906455993652,27.791269302368164,0.17095990478992462,6.277454853057861,20.409975051879883,37,25,30,0,
2025-12-30 10:07:27.067000,6d,Toxicity,Original,,73.32012939453125,1.978219985961914,145.0398712158203,1.2089706659317017,1.0299409627914429,0.47920721769332886,11.153897285461426,8.068729400634766,7.890459060668945,0.43527331948280334,0.38496753573417664,0.49037718772888184,10.33304214477539,29.755393981933594,0.20758715271949768,8.387160301208496,15.303018569946289,37,25,30,0,
2025-12-30 10:07:29.067000,6d,Toxicity,Original,,80.57263946533203,1.8398587703704834,148.19805908203125,1.3974120616912842,1.3050315380096436,0.35175055265426636,11.153897285461426,8.017361640930176,7.738399505615234,0.35798078775405884,0.38687512278556824,0.5717658996582031,6.739462852478027,36.674808502197266,0.1725129634141922,6.605758190155029,23.365882873535156,37,25,30,0,
2025-12-30 10:07:31.067000,6d,Toxicity,Original,,75.09742736816406,1.861594319343567,139.38015747070312,1.307399868965149,1.138129472732544,0.4843657612800598,11.153897285461426,7.557964324951172,8.66765308380127,0.4235306680202484,0.3787515461444855,0.6634117364883423,9.699129104614258,35.43042755126953,0.1898157298564911,10.77504825592041,18.343935012817383,37,25,30,0,
2025-12-30 10:07:31.067000,FinePointe Series WBP [SN 10499C]  Site 3 Bias Flow is out of range.,,,,,,,,,,,,,,,,,,,,,,,,,
2025-12-30 10:07:33.067000,6d,Toxicity,Original,,79.45187377929688,2.1597840785980225,170.84381103515625,1.2027406692504883,1.2266980409622192,0.39481446146965027,11.153897285461426,9.762791633605957,8.203863143920898,0.3902200758457184,0.36665472388267517,0.6474614143371582,9.965447425842285,51.08561325073242,0.17200526595115662,11.463895797729492,20.48629379272461,37,25,30,0,
2025-12-30 10:07:33.067000,FinePointe Series WBP [SN 139781]  Site 4 Bias Flow is out of range.,,,,,,,,,,,,,,,,,,,,,,,,,
2025-12-30 10:07:35.067000,6d,Toxicity,Original,,81.68147277832031,1.940011978149414,158.508056640625,1.1665555238723755,1.1272400617599487,0.5707195997238159,11.153897285461426,7.88665771484375,7.904359340667725,0.3742752969264984,0.36047178506851196,0.6686313152313232,8.177711486816406,37.88144302368164,0.1755475103855133,8.171873092651367,19.215227127075195,37,25,30,0,
2025-12-30 10:07:37.067000,6d,Toxicity,Original,,85.04420471191406,1.8918306827545166,161.26861572265625,0.9692292213439941,0.82130366563797,0.624814510345459,11.153897285461426,7.7200236320495605,9.467961311340332,0.3733038902282715,0.33298763632774353,0.7999221682548523,10.053122520446777,16.630544662475586,0.1934591829776764,13.355155944824219,16.573253631591797,37,25,30,0,
2025-12-30 10:07:39.067000,6d,Toxicity,Original,,84.93277740478516,1.8634021282196045,157.21080017089844,1.613754153251648,1.5018383264541626,0.3016432225704193,11.153897285461426,8.736700057983398,8.490642547607422,0.36007386445999146,0.35503318905830383,0.650827944278717,6.983893871307373,73.37346649169922,0.14758390188217163,8.005622863769531,22.389665603637695,37,25,30,0,
2025-12-30 10:07:41.067000,6d,Toxicity,Original,,83.72981262207031,1.9326503276824951,161.80897521972656,0.812315046787262,0.7635261416435242,0.3370307981967926,11.153897285461426,9.176410675048828,8.650493621826172,0.4151957631111145,0.30145344138145447,0.6952512860298157,10.245619773864746,0,0.18105360865592957,12.044096946716309,14.9890718460083,37,25,30,0,
2025-12-30 10:07:41.067000,FinePointe Series WBP [SN 10499C]  Site 3 Bias Flow is out of range.,,,,,,,,,,,,,,,,,,,,,,,,,
2025-12-30 10:07:43.067000,6d,Toxicity,Original,,80.20917510986328,1.9682724475860596,157.55364990234375,1.1628613471984863,0.8672536611557007,0.31447768211364746,11.153897285461426,7.209228515625,8.210092544555664,0.4588865041732788,0.28951460123062134,0.6552962064743042,7.3489179611206055,0,0.16103018820285797,8.846302032470703,14.34145736694336,37,25,30,0,
2025-12-30 10:07:43.067000,FinePointe Series WBP [SN 139781]  Site 4 Bias Flow is out of range.,,,,,,,,,,,,,,,,,,,,,,,,,
2025-12-30 10:07:45.067000,6d,Toxicity,Original,,79.17558288574219,2.0143823623657227,159.21131896972656,0.9445977210998535,0.8498668074607849,0.23340986669063568,11.153897285461426,8.363136291503906,7.9306254386901855,0.4620817303657532,0.29750514030456543,0.5804681777954102,7.59183406829834,0,0.16735602915287018,8.215682983398438,17.001047134399414,37,25,30,0,
2025-12-30 10:07:47.067000,6d,Toxicity,Original,,83.89176940917969,1.8494679927825928,155.04824829101562,1.124366044998169,1.0181320905685425,0.46454817056655884,11.153897285461426,8.318058013916016,8.26564884185791,0.3762393295764923,0.3397566080093384,0.6830467581748962,9.319243431091309,19.423686981201172,0.18142308294773102,11.744865417480469,17.669931411743164,37,25,30,0,
2025-12-30 10:07:49.067000,6d,Toxicity,Original,,81.84669494628906,1.7967575788497925,147.03936767578125,1.5908441543579102,1.3441696166992188,0.32567304372787476,11.153897285461426,7.631942272186279,7.81777286529541,0.3726500868797302,0.3604698181152344,0.6407347917556763,7.020544052124023,35.91176223754883,0.16032055020332336,7.566361904144287,21.94182586669922,37,25,30,0,
2025-12-30 10:07:51.067000,6d,Toxicity,Original,,76.59516906738281,2.204362392425537,169.24998474121094,0.7659192085266113,0.7996050715446472,0.5814076662063599,11.153897285461426,9.023414611816406,9.218218803405762,0.42222797870635986,0.36680540442466736,0.7770557403564453,10.191038131713867,0,0.212504580616951,12.598883628845215,14.753053665161133,37,25,30,0,
2025-12-30 10:07:51.067000,FinePointe Series WBP [SN 10499C]  Site 3 Bias Flow is out of range.,,,,,,,,,,,,,,,,,,,,,,,,,
2025-12-30 10:07:53.067000,6d,Toxicity,Original,,83.876708984375,2.1125288009643555,177.09048461914062,0.852732241153717,0.8352510929107666,0.5366397500038147,11.153897285461426,8.763553619384766,8.051963806152344,0.40005096793174744,0.31540215015411377,0.6892929077148438,10.791555404663086,0,0.17976577579975128,8.948476791381836,17.06674575805664,37,25,30,0,
2025-12-30 10:07:53.067000,FinePointe Series WBP [SN 139781]  Site 4 Bias Flow is out of range.,,,,,,,,,,,,,,,,,,,,,,,,,
2025-12-30 10:07:55.067000,6d,Toxicity,Original,,94.02071380615234,1.7761359214782715,166.34722900390625,0.9209707975387573,0.822159469127655,0.5508882403373718,11.153897285461426,8.07495403289795,8.691079139709473,0.3454146683216095,0.29515889286994934,0.7295748591423035,9.969178199768066,0,0.16975606977939606,10.697044372558594,16.368167877197266,37,25,30,0,
2025-12-30 10:07:57.067000,6d,Toxicity,Original,,84.98452758789062,1.940199851989746,164.8562774658203,1.187130331993103,1.137048363685608,0.38419395685195923,11.153897285461426,8.609212875366211,8.366435050964355,0.3693664073944092,0.336804062128067,0.6922475695610046,7.9412407875061035,28.492496490478516,0.16410396993160248,8.982111930847168,20.204227447509766,37,25,30,0,
2025-12-30 10:07:59.067000,6d,Toxicity,Original,,88.9310073852539,1.8883737325668335,167.3284912109375,1.0025084018707275,0.9944210648536682,0.32173776626586914,11.153897285461426,9.284669876098633,8.374201774597168,0.37253883481025696,0.3058088719844818,0.6801483035087585,8.081913948059082,23.332109451293945,0.15919119119644165,10.277409553527832,20.03992462158203,37,25,30,0,
2025-12-30 10:08:01.067000,6d,Toxicity,Original,,85.95757293701172,1.8807884454727173,161.64431762695312,0.7925601601600647,0.7062959671020508,0.4900232255458832,11.153897285461426,8.037924766540527,8.091092109680176,0.40113431215286255,0.29697078466415405,0.5161115527153015,11.43104076385498,0,0.18298619985580444,9.927607536315918,8.359457015991211,37,25,30,0,
2025-12-30 10:08:01.067000,FinePointe Series WBP [SN 10499C]  Site 3 Bias Flow is out of range.,,,,,,,,,,,,,,,,,,,,,,,,,
2025-12-30 10:08:03.067000,6d,Toxicity,Original,,84.02206420898438,1.8968878984451294,159.3986053466797,1.2542269229888916,1.2206627130508423,0.3944012522697449,11.153897285461426,8.555265426635742,8.324962615966797,0.35286176204681396,0.3612753748893738,0.6734721064567566,7.925171375274658,46.27851104736328,0.1682412326335907,9.349225997924805,19.61065101623535,37,25,30,0,
2025-12-30 10:08:03.067000,FinePointe Series WBP [SN 139781]  Site 4 Bias Flow is out of range.,,,,,,,,,,,,,,,,,,,,,,,,,
2025-12-30 10:08:05.067000,6d,Toxicity,Original,,91.69834899902344,1.8257641792297363,167.32687377929688,0.8508884906768799,0.7912363409996033,0.260766863822937,11.153897285461426,9.15551471710205,8.87472152709961,0.3796728551387787,0.2761864960193634,0.6736009120941162,8.12209701538086,0,0.16120898723602295,11.745155334472656,16.674636840820312,37,25,30,0,
2025-12-30 10:08:07.067000,6d,Toxicity,Original,,88.1986312866211,1.9676706790924072,173.74072265625,0.8358376026153564,0.7704393863677979,0.6696786880493164,11.153897285461426,8.104130744934082,8.315485000610352,0.41257208585739136,0.2688330411911011,0.6897667646408081,7.71689510345459,0,0.1586599349975586,10.230936050415039,20.019519805908203,37,25,30,50,
2025-12-30 10:08:09.067000,6d,Toxicity,Original,,86.37553405761719,1.9057201147079468,164.60101318359375,0.8604307770729065,0.7756069898605347,0.28491249680519104,11.153897285461426,8.209989547729492,8.12718677520752,0.4184339940547943,0.27640512585639954,0.6502641439437866,8.407861709594727,0,0.1622762233018875,11.603743553161621,14.896367073059082,37,25,30,0,
2025-12-30 10:08:11.067000,6d,Toxicity,Original,,88.74656677246094,1.820117712020874,161.59130859375,1.0114308595657349,0.8597310185432434,0.3575592339038849,11.153897285461426,7.716014385223389,8.275483131408691,0.3851860761642456,0.29139113426208496,0.7054373025894165,9.887960433959961,0,0.16450467705726624,12.191929817199707,17.15639877319336,37,25,30,0,
2025-12-30 10:08:11.067000,FinePointe Series WBP [SN 10499C]  Site 3 Bias Flow is out of range.,,,,,,,,,,,,,,,,,,,,,,,,,
2025-12-30 10:08:13.067000,6d,Toxicity,Original,,85.3104248046875,1.8168882131576538,154.9254150390625,0.8899346590042114,0.8155975341796875,0.2466018795967102,11.153897285461426,8.666038513183594,8.357344627380371,0.41932058334350586,0.2841441035270691,0.6625986099243164,8.509653091430664,0,0.1637524962425232,12.310815811157227,16.839866638183594,37,25,30,0,
2025-12-30 10:08:13.067000,FinePointe Series WBP [SN 139781]  Site 4 Bias Flow is out of range.,,,,,,,,,,,,,,,,,,,,,,,,,
2025-12-30 10:08:15.067000,6d,Toxicity,Original,,80.7921371459961,2.0587003231048584,166.26145935058594,0.8715235590934753,0.838408887386322,0.47280120849609375,11.153897285461426,8.286725044250488,8.216499328613281,0.4223301410675049,0.3290715515613556,0.7136639356613159,9.938156127929688,0,0.19080494344234467,14.1575345993042,14.527318000793457,37,25,30,0,
2025-12-30 10:08:17.067000,6d,Toxicity,Original,,89.17134857177734,1.9718587398529053,175.62684631347656,0.8525259494781494,0.7990055680274963,0.35704517364501953,11.153897285461426,8.471699714660645,8.366387367248535,0.3947078585624695,0.279704213142395,0.669266939163208,6.876662254333496,0,0.16154901683330536,9.351629257202148,19.42955207824707,37,25,30,0,
2025-12-30 10:08:19.067000,6d,Toxicity,Original,,87.65558624267578,1.8083152770996094,158.48565673828125,0.9734457731246948,0.8066840171813965,0.2583702802658081,11.153897285461426,8.119102478027344,8.528715133666992,0.409185528755188,0.27540698647499084,0.6719039678573608,8.55184268951416,0,0.15883983671665192,12.366486549377441,13.618772506713867,37,25,30,0,
2025-12-30 10:08:21.067000,6d,Toxicity,Original,,83.57549285888672,2.0629756450653076,172.2939453125,0.7482510805130005,0.678657591342926,0.590194046497345,11.153897285461426,8.388830184936523,10.34622573852539,0.4090709984302521,0.3162373900413513,0.8307373523712158,11.59364128112793,0,0.20018398761749268,16.347549438476562,10.923469543457031,37,25,30,0,
2025-12-30 10:08:21.067000,FinePointe Series WBP [SN 10499C]  Site 3 Bias Flow is out of range.,,,,,,,,,,,,,,,,,,,,,,,,,
2025-12-30 10:08:23.067000,6d,Toxicity,Original,,87.23407745361328,2.09061861038208,181.19313049316406,1.215578317642212,1.2215864658355713,0.4442096948623657,11.153897285461426,9.667549133300781,8.484820365905762,0.3614811897277832,0.33078405261039734,0.7279061079025269,8.097495079040527,39.784366607666016,0.15743905305862427,9.566838264465332,20.80799674987793,37,25,30,0,
2025-12-30 10:08:23.067000,FinePointe Series WBP [SN 139781]  Site 4 Bias Flow is out of range.,,,,,,,,,,,,,,,,,,,,,,,,,
2025-12-30 10:08:25.067000,6d,Toxicity,Original,,86.16874694824219,1.97705078125,170.48777770996094,0.6308010220527649,0.6719439625740051,0.5538513660430908,11.153897285461426,9.261096954345703,8.63148307800293,0.36916330456733704,0.3287127912044525,0.6723418831825256,8.660584449768066,0,0.21098321676254272,8.248370170593262,14.33078670501709,37,25,30,0,
2025-12-30 10:08:27.067000,6d,Toxicity,Original,,87.00203704833984,2.028489828109741,176.22857666015625,0.7242954969406128,0.7381353378295898,0.475358247756958,11.153897285461426,9.41496467590332,8.740843772888184,0.40733566880226135,0.28391116857528687,0.6833524703979492,8.690553665161133,0,0.17116016149520874,10.725903511047363,17.59894561767578,37,25,30,0,
2025-12-30 10:08:29.067000,6d,Toxicity,Original,,88.2370376586914,1.880556583404541,165.83697509765625,0.8206490278244019,0.7841030955314636,0.5267730951309204,11.153897285461426,8.928339004516602,8.336000442504883,0.39724114537239075,0.2846645414829254,0.6420084834098816,8.122048377990723,3.241661310195923,0.16560295224189758,10.260452270507812,17.117706298828125,37,25,30,0,
2025-12-30 10:08:31.067000,6d,Toxicity,Original,,88.57549285888672,1.9308491945266724,171.30787658691406,0.7828662395477295,0.6904300451278687,0.5581671595573425,11.153897285461426,8.75732421875,9.797492027282715,0.4018937945365906,0.27667492628097534,0.7941930890083313,11.453206062316895,0,0.17361395061016083,16.14643096923828,13.296991348266602,37,25,30,0,
2025-12-30 10:08:33.067000,6d,Toxicity,Original,,89.40450286865234,1.8918354511260986,168.96646118164062,1.112662672996521,0.8572187423706055,0.4164108633995056,11.153897285461426,9.825008392333984,12.082683563232422,0.3628937602043152,0.30886635184288025,0.8555923104286194,12.241035461425781,0,0.17144709825515747,10.68490982055664,11.696023941040039,37,25,30,0,
2025-12-30 10:08:33.067000,FinePointe Series WBP [SN 139781]  Site 4 Bias Flow is out of range.,,,,,,,,,,,,,,,,,,,,,,,,,
2025-12-30 10:08:35.067000,6d,Toxicity,Original,,80.88357543945312,2.068758249282837,167.45626831054688,0.996341347694397,1.0564234256744385,0.5861401557922363,11.153897285461426,10.299727439880371,8.321832656860352,0.3986092209815979,0.3445059061050415,0.6733373403549194,8.493144989013672,17.233089447021484,0.17240530252456665,9.050887107849121,17.498517990112305,37,25,30,50,
2025-12-30 10:08:37.067000,6d,Toxicity,Original,,88.50302124023438,1.8537944555282593,163.8553009033203,0.8984914422035217,0.967038094997406,0.5276131629943848,11.153897285461426,8.829202651977539,7.70592737197876,0.3578931987285614,0.3236180543899536,0.6003662347793579,8.179851531982422,10.483267784118652,0.1696654111146927,9.55517578125,19.18161964416504,37,25,30,0,
2025-12-30 10:08:39.067000,6d,Toxicity,Original,,85.35071563720703,1.8397959470748901,156.95556640625,0.7093111276626587,0.8219389915466309,0.46631720662117004,11.153897285461426,12.179798126220703,8.97240161895752,0.36903586983680725,0.33589357137680054,0.7361887693405151,39.23431396484375,9.559144020080566,0.1883019357919693,10.440959930419922,16.73520278930664,37,25,30,0,
2025-12-30 10:08:41.067000,6d,Toxicity,Original,,89.55831909179688,1.9013845920562744,170.2422332763672,0.8816874623298645,0.8370002508163452,0.29265326261520386,11.153897285461426,8.953097343444824,8.390196800231934,0.3928377032279968,0.27750155329704285,0.6632238030433655,8.28929328918457,0,0.15769152343273163,11.700616836547852,17.16953468322754,37,25,30,0,
2025-12-30 10:08:43.067000,6d,Toxicity,Original,,85.18456268310547,1.928055763244629,163.58457946777344,0.8506851196289062,0.7849583625793457,0.6103089451789856,11.153897285461426,8.218036651611328,8.123208045959473,0.4060666263103485,0.3021940588951111,0.638938307762146,10.044595718383789,0,0.17695264518260956,11.243976593017578,15.635676383972168,37,25,30,0,
2025-12-30 10:08:43.067000,FinePointe Series WBP [SN 10499C]  Site 3 Bias Flow is out of range.,,,,,,,,,,,,,,,,,,,,,,,,,
2025-12-30 10:08:43.067000,FinePointe Series WBP [SN 139781]  Site 4 Bias Flow is out of range.,,,,,,,,,,,,,,,,,,,,,,,,,
2025-12-30 10:08:45.067000,6d,Toxicity,Original,,96.00435638427734,1.7796802520751953,170.80482482910156,0.8911907076835632,0.8383721709251404,0.31690719723701477,11.153897285461426,8.55936336517334,8.023082733154297,0.3544137477874756,0.27086928486824036,0.6242110729217529,7.685171127319336,0,0.15307289361953735,11.066583633422852,16.559432983398438,37,25,30,0,
2025-12-30 10:08:47.067000,6d,Toxicity,Original,,88.96238708496094,1.7262165546417236,153.49610900878906,0.8932162523269653,0.7661921381950378,0.2965836822986603,11.153897285461426,8.044469833374023,8.04229736328125,0.3975755274295807,0.277174711227417,0.6445889472961426,8.500797271728516,0,0.1641954630613327,12.308701515197754,13.877938270568848,37,25,30,0,
2025-12-30 10:08:49.067000,6d,Toxicity,Original,,94.60840606689453,1.770370364189148,167.5804443359375,0.7622066736221313,0.679233193397522,0.5310826301574707,11.153897285461426,8.312029838562012,9.315746307373047,0.36209580302238464,0.2725033760070801,0.7339469194412231,9.586868286132812,0,0.16856247186660767,13.877233505249023,11.672404289245605,37,25,30,0,
2025-12-30 10:08:51.067000,6d,Toxicity,Original,,80.03424835205078,2.382996082305908,190.7296905517578,0.46649059653282166,0.5703861713409424,0.751442015171051,11.153897285461426,10.970468521118164,10.762630462646484,0.38345566391944885,0.36623138189315796,0.8807419538497925,17.07405662536621,0,0.2429068684577942,18.354738235473633,8.551822662353516,37,25,30,0,
2025-12-30 10:08:53.067000,6d,Toxicity,Original,,85.11097717285156,2.2807915210723877,193.61746215820312,0.6355116963386536,0.7108800411224365,0.7006072402000427,11.153897285461426,9.198675155639648,8.179801940917969,0.40923771262168884,0.297050416469574,0.6587024927139282,7.570547103881836,0,0.17932023108005524,7.098006248474121,15.55058765411377,37,25,30,0,
2025-12-30 10:08:53.067000,FinePointe Series WBP [SN 10499C]  Site 3 Bias Flow is out of range.,,,,,,,,,,,,,,,,,,,,,,,,,
2025-12-30 10:08:53.067000,FinePointe Series WBP [SN 139781]  Site 4 Bias Flow is out of range.,,,,,,,,,,,,,,,,,,,,,,,,,
2025-12-30 10:08:55.067000,6d,Toxicity,Original,,88.75431823730469,1.9304530620574951,171.32040405273438,0.8067370057106018,0.791583240032196,0.5269156098365784,11.153897285461426,8.5154390335083,7.529250621795654,0.361703097820282,0.31492137908935547,0.6388109922409058,8.818138122558594,0,0.18184788525104523,9.103493690490723,15.538369178771973,37,25,30,0,
2025-12-30 10:08:57.067000,6d,Toxicity,Original,,70.68739318847656,1.8896362781524658,132.18922424316406,0.8580710887908936,0.925872266292572,0.6851135492324829,11.153897285461426,11.646110534667969,8.601868629455566,0.3754962682723999,0.49517786502838135,0.6591156721115112,4.789783477783203,18.95979881286621,0.25952035188674927,9.690191268920898,18.22162628173828,37,25,30,0,
2025-12-30 10:08:59.067000,6d,Toxicity,Original,,83.20407104492188,2.0694806575775146,172.18922424316406,0.8098275661468506,0.787449836730957,0.38003095984458923,11.153897285461426,9.449272155761719,8.318666458129883,0.3948293626308441,0.32628920674324036,0.37115055322647095,14.61724853515625,0,0.1901998370885849,7.726434707641602,20.381515502929688,37,25,30,0,
2025-12-30 10:09:01.067000,6d,Toxicity,Original,,77.51468658447266,1.9982235431671143,154.5143280029297,0.793389081954956,0.738945484161377,0.4980047345161438,11.153897285461426,8.754060745239258,8.3008394241333,0.42412450909614563,0.3510371446609497,0.6342628598213196,13.31340217590332,0,0.20900076627731323,8.075852394104004,13.303183555603027,37,25,30,50,
2025-12-30 10:09:03.067000,6d,Toxicity,Original,,88.3241195678711,1.851724624633789,163.5742645263672,0.9167153835296631,0.8340844511985779,0.2744545340538025,11.153897285461426,8.626033782958984,8.178881645202637,0.39502647519111633,0.28432661294937134,0.6655552983283997,7.835685729980469,0,0.16076438128948212,10.769533157348633,17.550168991088867,37,25,30,0,
2025-12-30 10:09:03.067000,FinePointe Series WBP [SN 10499C]  Site 3 Bias Flow is out of range.,,,,,,,,,,,,,,,,,,,,,,,,,
2025-12-30 10:09:03.067000,FinePointe Series WBP [SN 139781]  Site 4 Bias Flow is out of range.,,,,,,,,,,,,,,,,,,,,,,,,,
2025-12-30 10:09:05.067000,6d,Toxicity,Original,,87.4002914428711,1.8719220161437988,163.80140686035156,0.7935442328453064,0.7701245546340942,0.5857375264167786,11.153897285461426,8.301618576049805,8.540471076965332,0.3634534180164337,0.3252982199192047,0.7237982153892517,11.867902755737305,0,0.19134826958179474,10.502090454101562,13.34416675567627,37,25,30,0,
2025-12-30 10:09:09.067000,6d,Toxicity,Original,,68.7889633178711,1.7658495903015137,120.96129608154297,2.8056576251983643,2.5716986656188965,0.554960310459137,11.153897285461426,8.451650619506836,10.503936767578125,0.37357908487319946,0.5608218908309937,0.651133120059967,22.69610595703125,66.68097686767578,0.16012005507946014,8.629804611206055,16.43085289001465,37,25,30,40,
2025-12-30 10:09:11.067000,6d,Toxicity,Original,,96.5211410522461,1.7012578248977661,164.74972534179688,0.6904973983764648,0.7092962265014648,0.619437038898468,11.153897285461426,9.831769943237305,9.682767868041992,0.32524868845939636,0.29965096712112427,0.6610895991325378,8.492179870605469,0,0.18140599131584167,14.088953971862793,12.455822944641113,37,25,30,25,
2025-12-30 10:09:13.067000,6d,Toxicity,Original,,91.93413543701172,1.7566968202590942,161.47801208496094,0.6833585500717163,0.6579040884971619,0.4842633605003357,11.153897285461426,9.748374938964844,9.705957412719727,0.3443056643009186,0.30844277143478394,0.6416300535202026,10.135427474975586,0,0.1909252107143402,13.848671913146973,11.377866744995117,37,25,30,0,
2025-12-30 10:09:13.067000,FinePointe Series WBP [SN 139781]  Site 4 Bias Flow is out of range.,,,,,,,,,,,,,,,,,,,,,,,,,
2025-12-30 10:09:15.067000,6d,Toxicity,Original,,90.88650512695312,1.7721869945526123,160.99191284179688,0.8076900243759155,0.7075130343437195,0.7229196429252625,11.153897285461426,8.492801666259766,10.821859359741211,0.3585476577281952,0.30248287320137024,0.6097139120101929,12.072771072387695,0,0.1864035576581955,10.84097671508789,11.275623321533203,37,25,30,0,
2025-12-30 10:09:17.067000,6d,Toxicity,Original,,88.37681579589844,1.8775944709777832,165.7463836669922,0.9638931155204773,1.1049768924713135,0.48461461067199707,11.153897285461426,9.003071784973145,7.648632526397705,0.34209755063056946,0.3370454013347626,0.6002894639968872,6.951916217803955,41.37117004394531,0.16474013030529022,9.642708778381348,15.768752098083496,37,25,30,25,
2025-12-30 10:09:19.067000,6d,Toxicity,Original,,95.01824188232422,1.674147367477417,159.06832885742188,0.963111162185669,0.9354395270347595,0.36499977111816406,11.153897285461426,10.652466773986816,11.036750793457031,0.3094940781593323,0.3238382935523987,0.5299891233444214,19.278703689575195,25.946496963500977,0.17133788764476776,12.399259567260742,12.585859298706055,37,25,30,0,
2025-12-30 10:09:21.067000,6d,Toxicity,Original,,93.93736267089844,1.6673663854599,156.60057067871094,0.8334487080574036,0.9078071713447571,0.5671982765197754,11.153897285461426,8.420387268066406,8.087727546691895,0.3288773000240326,0.3099638819694519,0.6902080774307251,6.81027889251709,0,0.1665486842393875,10.1189546585083,18.05306625366211,37,25,30,40,
2025-12-30 10:09:23.067000,6d,Toxicity,Original,,90.25778198242188,1.7987866401672363,162.47042846679688,0.7758908271789551,0.8269071578979492,0.4408302903175354,11.153897285461426,8.213869094848633,7.2614970207214355,0.35867124795913696,0.306807279586792,0.6180025339126587,8.696195602416992,0,0.1752387136220932,11.070859909057617,14.772509574890137,37,25,30,0,
2025-12-30 10:09:23.067000,FinePointe Series WBP [SN 139781]  Site 4 Bias Flow is out of range.,,,,,,,,,,,,,,,,,,,,,,,,,
2025-12-30 10:09:23.067000,FinePointe Series WBP [SN 10499C]  Site 3 Bias Flow is out of range.,,,,,,,,,,,,,,,,,,,,,,,,,
2025-12-30 10:09:25.067000,6d,Toxicity,Original,,92.76966857910156,1.7831223011016846,165.27061462402344,0.8075847625732422,0.795049786567688,0.4629770517349243,11.153897285461426,8.38789176940918,8.1735258102417,0.36581820249557495,0.282070517539978,0.6592893600463867,8.390270233154297,0,0.16281679272651672,12.429717063903809,14.904369354248047,37,25,30,0,
2025-12-30 10:09:27.067000,6d,Toxicity,Original,,93.4557113647461,1.6859573125839233,157.58187866210938,0.8936116695404053,0.7857086658477783,0.5126871466636658,11.153897285461426,7.2910380363464355,7.944016456604004,0.3661130368709564,0.27835577726364136,0.667084813117981,10.164855003356934,0,0.16384726762771606,12.393694877624512,13.843052864074707,37,25,30,0,
2025-12-30 10:09:29.067000,6d,Toxicity,Original,,97.68626403808594,1.7109719514846802,167.14422607421875,0.8184967637062073,0.7806835174560547,0.44825372099876404,11.153897285461426,8.037768363952637,7.976755142211914,0.3470757007598877,0.26715028285980225,0.674406886100769,8.343626976013184,0,0.1566431224346161,12.214661598205566,14.20052433013916,37,25,30,0,
2025-12-30 10:09:31.067000,6d,Toxicity,Original,,95.6669921875,1.7204596996307373,164.55474853515625,0.7668989896774292,0.7229329943656921,0.5521623492240906,11.153897285461426,8.049066543579102,8.11011791229248,0.3643806576728821,0.2629205584526062,0.65577232837677,8.311912536621094,0,0.15955042839050293,13.25727653503418,13.46615982055664,37,25,30,0,
2025-12-30 10:09:33.067000,6d,Toxicity,Original,,96.93864440917969,1.6684815883636475,161.62109375,0.8493832945823669,0.8114482760429382,0.4379686713218689,11.153897285461426,7.729212284088135,7.558408737182617,0.34144628047943115,0.27772244811058044,0.6322453022003174,8.975156784057617,0,0.16061142086982727,12.552498817443848,15.071123123168945,37,25,30,0,
2025-12-30 10:09:33.067000,FinePointe Series WBP [SN 139781]  Site 4 Bias Flow is out of range.,,,,,,,,,,,,,,,,,,,,,,,,,
2025-12-30 10:09:33.067000,FinePointe Series WBP [SN 10499C]  Site 3 Bias Flow is out of range.,,,,,,,,,,,,,,,,,,,,,,,,,
2025-12-30 10:09:35.067000,6d,Toxicity,Original,,93.57731628417969,1.6884875297546387,157.9060821533203,0.7409921288490295,0.7385510802268982,0.6904265284538269,11.153897285461426,8.141883850097656,8.147403717041016,0.35990962386131287,0.2815006673336029,0.6643129587173462,8.155719757080078,0,0.16880522668361664,12.863983154296875,14.338142395019531,37,25,30,0,
2025-12-30 10:09:37.067000,6d,Toxicity,Original,,90.40703582763672,1.8884108066558838,167.9358367919922,0.720020055770874,0.7193159461021423,0.48165810108184814,11.153897285461426,8.176680564880371,8.056894302368164,0.3671444058418274,0.3057405948638916,0.6084820032119751,9.791178703308105,0,0.18894743919372559,11.091962814331055,13.704052925109863,37,25,30,0,
2025-12-30 10:09:39.067000,6d,Toxicity,Original,,91.06207275390625,1.786845326423645,162.5106201171875,0.809382975101471,0.7845081090927124,0.2719007730484009,11.153897285461426,8.37561321258545,7.54345703125,0.384482741355896,0.2745996117591858,0.5693166851997375,8.251463890075684,0,0.1602843850851059,11.955466270446777,15.219608306884766,37,25,30,0,
2025-12-30 10:09:41.067000,6d,Toxicity,Original,,91.59131622314453,1.6792300939559937,153.73202514648438,0.8312038779258728,0.7474360466003418,0.5720937252044678,11.153897285461426,7.4016547203063965,7.637922286987305,0.3728557229042053,0.2824777662754059,0.6046215295791626,10.788372039794922,0,0.1682373583316803,13.179743766784668,12.03878402709961,37,25,30,0,
2025-12-30 10:09:43.067000,6d,Toxicity,Original,,79.87793731689453,2.0391242504119873,159.4947509765625,0.729621410369873,0.6641979217529297,0.7077602744102478,11.153897285461426,7.247502326965332,8.806567192077637,0.44772106409072876,0.3337157368659973,0.6751844882965088,16.358007431030273,0,0.21767571568489075,12.636472702026367,13.464815139770508,37,25,30,0,
2025-12-30 10:09:43.067000,FinePointe Series WBP [SN 139781]  Site 4 Bias Flow is out of range.,,,,,,,,,,,,,,,,,,,,,,,,,
2025-12-30 10:09:43.067000,FinePointe Series WBP [SN 10499C]  Site 3 Bias Flow is out of range.,,,,,,,,,,,,,,,,,,,,,,,,,
2025-12-30 10:09:45.067000,6d,Toxicity,Original,,91.18057250976562,1.7841718196868896,162.1322021484375,0.7473137378692627,0.7822443842887878,0.5197495818138123,11.153897285461426,8.520209312438965,7.886913776397705,0.37302252650260925,0.29212886095046997,0.6441635489463806,8.230947494506836,0,0.1698838621377945,11.233658790588379,16.852792739868164,37,25,30,0,
2025-12-30 10:09:47.067000,6d,Toxicity,Original,,93.28707885742188,1.747331142425537,162.99295043945312,0.8591015338897705,0.8119995594024658,0.31982284784317017,11.153897285461426,8.222928047180176,7.891815185546875,0.36752086877822876,0.27591386437416077,0.6255838871002197,8.627669334411621,0,0.1589725762605667,12.136205673217773,14.633487701416016,37,25,30,0,
2025-12-30 10:09:49.067000,6d,Toxicity,Original,,94.38309478759766,1.7581778764724731,165.97537231445312,0.7563045024871826,0.8330016732215881,0.4790745675563812,11.153897285461426,8.434911727905273,7.402063369750977,0.3338007926940918,0.3019770085811615,0.6213171482086182,7.7701191902160645,0,0.17085188627243042,11.238922119140625,16.260520935058594,37,25,30,0,
2025-12-30 10:09:51.067000,6d,Toxicity,Original,,93.27362823486328,1.6501500606536865,153.82745361328125,0.9578694105148315,0.8135762810707092,0.21197545528411865,11.153897285461426,7.468298435211182,7.766369819641113,0.3708783686161041,0.2730703055858612,0.6050375699996948,7.503286838531494,0,0.15613529086112976,11.670754432678223,14.211603164672852,37,25,30,0,
2025-12-30 10:09:53.067000,6d,Toxicity,Original,,94.91253662109375,1.621299386024475,154.14776611328125,0.8127937912940979,0.784069299697876,0.5728178024291992,11.153897285461426,7.54871129989624,7.045375347137451,0.3552634119987488,0.2772638499736786,0.6201657056808472,8.92119026184082,0,0.1626797467470169,13.258824348449707,13.554339408874512,37,25,30,0,
2025-12-30 10:09:53.067000,FinePointe Series WBP [SN 139781]  Site 4 Bias Flow is out of range.,,,,,,,,,,,,,,,,,,,,,,,,,
2025-12-30 10:09:53.067000,FinePointe Series WBP [SN 10499C]  Site 3 Bias Flow is out of range.,,,,,,,,,,,,,,,,,,,,,,,,,
2025-12-30 10:09:55.067000,6d,Toxicity,Original,,93.31800079345703,1.6523981094360352,154.16439819335938,0.8299262523651123,0.7776293158531189,0.3289620876312256,11.153897285461426,8.152740478515625,7.9034295082092285,0.3588794767856598,0.2841815650463104,0.6534545421600342,9.362480163574219,0,0.16705156862735748,14.128341674804688,15.287160873413086,37,25,30,0,
2025-12-30 10:09:57.067000,6d,Toxicity,Original,,92.30523681640625,1.7142512798309326,158.20199584960938,0.910088837146759,0.8103914260864258,0.22885292768478394,11.153897285461426,8.039897918701172,7.906520366668701,0.38267016410827637,0.26749637722969055,0.6312312483787537,7.684844493865967,0,0.15353044867515564,13.288615226745605,14.57187271118164,37,25,30,0,
2025-12-30 10:09:59.067000,6d,Toxicity,Original,,98.73270416259766,1.6773191690444946,165.6125946044922,0.8195613026618958,0.7955965995788574,0.4981171190738678,11.153897285461426,8.217893600463867,7.906227111816406,0.34374791383743286,0.26397019624710083,0.6715703010559082,8.131628036499023,0,0.15334753692150116,12.404946327209473,13.959671020507812,37,25,30,0,
2025-12-30 10:10:01.067000,6d,Toxicity,Original,,95.59491729736328,1.5804157257080078,150.97238159179688,0.752873420715332,0.7465699911117554,0.5493635535240173,11.153897285461426,7.5685577392578125,7.683906555175781,0.3563815951347351,0.27521243691444397,0.651394784450531,9.387914657592773,0,0.165395125746727,15.494965553283691,13.623897552490234,37,25,30,0,
2025-12-30 10:10:03.067000,6d,Toxicity,Original,,93.70306396484375,1.7104758024215698,160.42718505859375,0.796262800693512,0.7431487441062927,0.2996131181716919,11.153897285461426,7.862893104553223,7.549373149871826,0.3649447560310364,0.2756199240684509,0.5968769192695618,10.280281066894531,0,0.16632364690303802,13.982255935668945,11.542586326599121,37,25,30,0,
2025-12-30 10:10:03.067000,FinePointe Series WBP [SN 139781]  Site 4 Bias Flow is out of range.,,,,,,,,,,,,,,,,,,,,,,,,,
2025-12-30 10:10:03.067000,FinePointe Series WBP [SN 10499C]  Site 3 Bias Flow is out of range.,,,,,,,,,,,,,,,,,,,,,,,,,
2025-12-30 10:10:05.067000,6d,Toxicity,Original,,95.05040740966797,1.6495640277862549,156.78028869628906,0.6804524660110474,0.7356542348861694,0.6251614093780518,11.153897285461426,7.703647613525391,7.397511959075928,0.3441466689109802,0.28735512495040894,0.612318754196167,8.269281387329102,0,0.17133395373821259,12.54067325592041,13.65184211730957,37,25,30,0,
2025-12-30 10:10:07.067000,6d,Toxicity,Original,,89.1517333984375,1.775968313217163,158.15704345703125,0.7431874871253967,0.7426395416259766,0.5418134927749634,11.153897285461426,7.931910991668701,7.944433212280273,0.3819933533668518,0.2964504063129425,0.6391528844833374,10.575428009033203,0,0.1823447048664093,14.433732032775879,12.545970916748047,37,25,30,0,
2025-12-30 10:10:09.067000,6d,Toxicity,Original,,97.88319396972656,1.6365739107131958,160.181640625,0.7647085189819336,0.7581599950790405,0.4476560056209564,11.153897285461426,7.973569393157959,7.517368316650391,0.34899118542671204,0.2640030086040497,0.6037678718566895,7.851383686065674,0,0.15583324432373047,12.340105056762695,13.767823219299316,37,25,30,0,
2025-12-30 10:10:11.067000,6d,Toxicity,Original,,94.82276153564453,1.6835708618164062,159.61105346679688,0.732349157333374,0.7452176809310913,0.5836405158042908,11.153897285461426,7.377920150756836,7.625372886657715,0.3506029546260834,0.2825043201446533,0.6329890489578247,10.923623085021973,0,0.17235538363456726,13.283403396606445,13.571425437927246,37,25,30,0,
2025-12-30 10:10:13.067000,6d,Toxicity,Original,,91.93160247802734,1.7184417247772217,157.9122314453125,0.7947801947593689,0.806475818157196,0.6270909309387207,11.153897285461426,7.793973922729492,7.58176851272583,0.3588535189628601,0.2964673936367035,0.6410601735115051,8.68139362335205,0,0.17203111946582794,12.653963088989258,14.258430480957031,37,25,30,0,
2025-12-30 10:10:13.067000,FinePointe Series WBP [SN 139781]  Site 4 Bias Flow is out of range.,,,,,,,,,,,,,,,,,,,,,,,,,
2025-12-30 10:10:13.067000,FinePointe Series WBP [SN 10499C]  Site 3 Bias Flow is out of range.,,,,,,,,,,,,,,,,,,,,,,,,,
2025-12-30 10:10:15.067000,6d,Toxicity,Original,,90.93509674072266,1.783923625946045,162.0509033203125,0.7110775113105774,0.742591917514801,0.5507824420928955,11.153897285461426,8.061698913574219,7.953799247741699,0.3854495882987976,0.2839348614215851,0.656566858291626,9.676396369934082,0,0.17541886866092682,15.36195182800293,12.567065238952637,37,25,30,0,
2025-12-30 10:10:17.067000,6d,Toxicity,Original,,92.66509246826172,1.6912211179733276,156.6138458251953,0.767646074295044,0.8151645064353943,0.6201557517051697,11.153897285461426,8.153855323791504,7.410271644592285,0.3574989438056946,0.29032468795776367,0.6096459627151489,7.550209999084473,0,0.16557520627975464,12.04475212097168,15.62058162689209,37,25,30,0,
2025-12-30 10:10:19.067000,6d,Toxicity,Original,,93.87507629394531,1.622100830078125,152.35845947265625,0.8264221549034119,0.7623794674873352,0.44737744331359863,11.153897285461426,7.690999984741211,7.589977264404297,0.3722539246082306,0.26702913641929626,0.6075886487960815,8.53849983215332,0,0.1595568060874939,14.098417282104492,12.620084762573242,37,25,30,0,
2025-12-30 10:10:21.067000,6d,Toxicity,Original,,94.46963500976562,1.6699563264846802,157.44003295898438,0.7216698527336121,0.7462752461433411,0.6467407941818237,11.153897285461426,7.732752323150635,7.7433552742004395,0.3448546230792999,0.2912493050098419,0.655051589012146,11.850141525268555,0,0.17417919635772705,14.415694236755371,13.521479606628418,37,25,30,0,
2025-12-30 10:10:23.067000,6d,Toxicity,Original,,94.28524017333984,1.6513173580169678,155.64013671875,0.8648279905319214,0.7570705413818359,0.25238388776779175,11.153897285461426,7.7301411628723145,7.886310577392578,0.370113730430603,0.2667029798030853,0.6515172719955444,7.975403308868408,0,0.1578422635793686,13.996240615844727,12.958456039428711,37,25,30,0,
2025-12-30 10:10:23.067000,FinePointe Series WBP [SN 139781]  Site 4 Bias Flow is out of range.,,,,,,,,,,,,,,,,,,,,,,,,,
2025-12-30 10:10:23.067000,FinePointe Series WBP [SN 10499C]  Site 3 Bias Flow is out of range.,,,,,,,,,,,,,,,,,,,,,,,,,
2025-12-30 10:10:25.067000,6d,Toxicity,Original,,93.65972137451172,1.7174619436264038,160.70867919921875,0.7372921705245972,0.7790201306343079,0.4998036026954651,11.153897285461426,8.11457633972168,7.584571361541748,0.3535230755805969,0.288808137178421,0.6335676908493042,9.745994567871094,0,0.17091475427150726,13.195496559143066,12.779062271118164,37,25,30,0,
2025-12-30 10:10:27.067000,6d,Toxicity,Original,,96.16943359375,1.6729978322982788,160.86798095703125,0.6791696548461914,0.7280029058456421,0.6121382117271423,11.153897285461426,8.113605499267578,7.500742435455322,0.3519214391708374,0.2721347510814667,0.5998179316520691,8.375892639160156,0,0.16384325921535492,13.974019050598145,12.659716606140137,37,25,30,0,
2025-12-30 10:10:29.067000,6d,Toxicity,Original,,91.62073516845703,1.610553503036499,147.47833251953125,0.6844421029090881,0.6578408479690552,0.5673984289169312,11.153897285461426,7.049638271331787,7.747653484344482,0.34221819043159485,0.3168450891971588,0.6012020111083984,9.525115966796875,0,0.2060910314321518,10.282044410705566,13.227946281433105,37,25,30,0,
2025-12-30 10:10:31.067000,6d,Toxicity,Original,,95.15217590332031,1.6638001203536987,158.37420654296875,0.7603189945220947,0.7196756601333618,0.5866752862930298,11.153897285461426,7.332582473754883,8.062105178833008,0.3591567575931549,0.2717275619506836,0.6841461658477783,9.332732200622559,0,0.1680496782064438,15.317432403564453,11.87518310546875,37,25,30,0,
2025-12-30 10:10:33.067000,6d,Toxicity,Original,,95.25901794433594,1.6427103281021118,156.43902587890625,0.7909607291221619,0.745016872882843,0.40399304032325745,11.153897285461426,7.962095260620117,7.639856338500977,0.360307514667511,0.27017414569854736,0.6300925612449646,9.69615650177002,0,0.1618766486644745,14.895625114440918,12.610065460205078,37,25,30,0,
2025-12-30 10:10:33.067000,FinePointe Series WBP [SN 139781]  Site 4 Bias Flow is out of range.,,,,,,,,,,,,,,,,,,,,,,,,,
2025-12-30 10:10:33.067000,FinePointe Series WBP [SN 10499C]  Site 3 Bias Flow is out of range.,,,,,,,,,,,,,,,,,,,,,,,,,
2025-12-30 10:10:35.067000,6d,Toxicity,Original,,95.56008911132812,1.709219217300415,163.40695190429688,0.6462662220001221,0.7305054664611816,0.5668228268623352,11.153897285461426,8.1148681640625,7.469756603240967,0.3386320173740387,0.28975769877433777,0.6434022188186646,10.027066230773926,0,0.175913006067276,14.380034446716309,12.401931762695312,37,25,30,0,
2025-12-30 10:10:37.067000,6d,Toxicity,Original,,93.90412902832031,1.6943284273147583,159.07598876953125,0.7535197138786316,0.7630759477615356,0.5866365432739258,11.153897285461426,8.17778491973877,7.651064872741699,0.3572475016117096,0.28207623958587646,0.6208036541938782,9.617281913757324,0,0.16683922708034515,14.403125762939453,13.43432903289795,37,25,30,0,
2025-12-30 10:10:39.067000,6d,Toxicity,Original,,93.9699935913086,1.6509953737258911,155.18673706054688,0.772676408290863,0.7026070356369019,0.4702366888523102,11.153897285461426,7.7647576332092285,7.959168910980225,0.3660806715488434,0.272530198097229,0.6477823257446289,11.132434844970703,0,0.16700764000415802,16.55548095703125,10.99781608581543,37,25,30,0,
2025-12-30 10:10:41.067000,6d,Toxicity,Original,,96.3147201538086,1.6550586223602295,159.3397979736328,0.7334957718849182,0.7513716816902161,0.5800805687904358,11.153897285461426,7.598461627960205,7.7086501121521,0.3530709445476532,0.2706964313983917,0.6625699996948242,9.115998268127441,0,0.16298586130142212,15.022676467895508,13.682141304016113,37,25,30,0,
2025-12-30 10:10:43.067000,6d,Toxicity,Original,,96.94975280761719,1.599143385887146,155.01797485351562,0.8193774819374084,0.7315148711204529,0.4488610029220581,11.153897285461426,7.408565521240234,7.993776321411133,0.35298728942871094,0.26596590876579285,0.6245701313018799,9.835042953491211,0,0.16032683849334717,15.403093338012695,11.023282051086426,37,25,30,0,
2025-12-30 10:10:43.067000,FinePointe Series WBP [SN 139781]  Site 4 Bias Flow is out of range.,,,,,,,,,,,,,,,,,,,,,,,,,
2025-12-30 10:10:43.067000,FinePointe Series WBP [SN 10499C]  Site 3 Bias Flow is out of range.,,,,,,,,,,,,,,,,,,,,,,,,,
2025-12-30 10:10:45.067000,6d,Toxicity,Original,,97.11432647705078,1.6620745658874512,161.4632568359375,0.7298552989959717,0.7164891362190247,0.569607675075531,11.153897285461426,7.681969165802002,7.805453777313232,0.34877169132232666,0.2693367898464203,0.6620152592658997,9.510147094726562,0,0.16455216705799103,14.971626281738281,11.291440963745117,37,25,30,0,
2025-12-30 10:10:47.067000,6d,Toxicity,Original,,89.46984100341797,1.8059347867965698,160.8385467529297,0.6590995192527771,0.6944324970245361,0.5757665038108826,11.153897285461426,7.573014259338379,8.130071640014648,0.38421207666397095,0.29617899656295776,0.6667757034301758,10.02652359008789,0,0.18473510444164276,15.537391662597656,11.146326065063477,37,25,30,0,
2025-12-30 10:10:49.067000,6d,Toxicity,Original,,94.56291198730469,1.6735670566558838,158.23924255371094,0.7109363675117493,0.7304602861404419,0.6112456321716309,11.153897285461426,8.32358169555664,7.230213642120361,0.3563316762447357,0.2786524295806885,0.5688051581382751,9.304606437683105,0,0.16782905161380768,14.551020622253418,11.89341926574707,37,25,30,0,
2025-12-30 10:10:51.067000,6d,Toxicity,Original,,93.05797576904297,1.6815824508666992,156.292236328125,0.8164069652557373,0.7563642263412476,0.26591408252716064,11.153897285461426,7.6937947273254395,7.618175029754639,0.37098270654678345,0.2745834290981293,0.6124627590179443,8.894837379455566,0,0.16345907747745514,16.16432762145996,13.212203025817871,37,25,30,0,
2025-12-30 10:10:53.067000,6d,Toxicity,Original,,91.85747528076172,1.6122030019760132,147.9879608154297,0.751964807510376,0.7436503767967224,0.6654537916183472,11.153897285461426,7.692777156829834,7.755599021911621,0.3744211196899414,0.27918049693107605,0.6582653522491455,9.812274932861328,0,0.16714820265769958,16.102079391479492,13.553285598754883,37,25,30,0,
2025-12-30 10:10:53.067000,FinePointe Series WBP [SN 139781]  Site 4 Bias Flow is out of range.,,,,,,,,,,,,,,,,,,,,,,,,,
2025-12-30 10:10:53.067000,FinePointe Series WBP [SN 10499C]  Site 3 Bias Flow is out of range.,,,,,,,,,,,,,,,,,,,,,,,,,
2025-12-30 10:10:55.067000,6d,Toxicity,Original,,85.1386947631836,1.9335439205169678,161.7938690185547,0.6650665998458862,0.7223271131515503,0.5505107641220093,11.153897285461426,7.646673202514648,7.9139323234558105,0.40103238821029663,0.32787907123565674,0.6380910277366638,12.774942398071289,0,0.20246504247188568,12.149526596069336,10.689165115356445,37,25,30,0,
2025-12-30 10:10:57.067000,6d,Toxicity,Original,,93.29174041748047,1.6981260776519775,158.49838256835938,0.7574137449264526,0.7675070762634277,0.43483835458755493,11.153897285461426,7.263210773468018,7.135472297668457,0.35047754645347595,0.2929472327232361,0.6307687759399414,10.003622055053711,0,0.17470388114452362,11.48296070098877,12.332026481628418,37,25,30,0,
2025-12-30 10:10:59.067000,6d,Toxicity,Original,,96.48218536376953,1.7589672803878784,169.74227905273438,0.6894809603691101,0.7732813954353333,0.44690048694610596,11.153897285461426,8.523527145385742,7.519482135772705,0.3412483036518097,0.28081801533699036,0.6301306486129761,8.412675857543945,0,0.16522766649723053,13.24068832397461,13.375929832458496,37,25,30,0,
2025-12-30 10:11:01.067000,6d,Toxicity,Original,,95.88259887695312,1.6917270421981812,162.43482971191406,0.6594638824462891,0.661589503288269,0.7531871795654297,11.153897285461426,8.21495246887207,8.102540969848633,0.3448593020439148,0.28180697560310364,0.6494768857955933,11.177886962890625,0,0.1786944568157196,16.101181030273438,10.244417190551758,37,25,30,0,
2025-12-30 10:11:03.067000,6d,Toxicity,Original,,98.9547119140625,1.6754567623138428,165.8812713623047,0.7597030997276306,0.7725157737731934,0.49985983967781067,11.153897285461426,7.809715747833252,7.547948360443115,0.33783772587776184,0.26873356103897095,0.6371892690658569,8.371783256530762,0,0.1578121781349182,12.993038177490234,14.505440711975098,37,25,30,0,
2025-12-30 10:11:03.067000,FinePointe Series WBP [SN 139781]  Site 4 Bias Flow is out of range.,,,,,,,,,,,,,,,,,,,,,,,,,
2025-12-30 10:11:03.067000,FinePointe Series WBP [SN 10499C]  Site 3 Bias Flow is out of range.,,,,,,,,,,,,,,,,,,,,,,,,,
2025-12-30 10:11:05.067000,6d,Toxicity,Original,,94.080322265625,1.6574089527130127,155.90988159179688,0.8009289503097534,0.732760488986969,0.5467848777770996,11.153897285461426,7.513906955718994,7.386909008026123,0.358749121427536,0.27995434403419495,0.6066328883171082,8.893056869506836,0,0.16805164515972137,13.516403198242188,11.029800415039062,37,25,30,0,
2025-12-30 10:11:07.067000,6d,Toxicity,Original,,101.37985229492188,1.624983549118042,164.67660522460938,0.6951115727424622,0.7227594256401062,0.6456498503684998,11.153897285461426,7.628105640411377,7.99569034576416,0.32535386085510254,0.26699382066726685,0.6763707995414734,10.12932014465332,0,0.16401918232440948,13.839064598083496,11.129202842712402,37,25,30,0,
2025-12-30 10:11:09.067000,6d,Toxicity,Original,,96.62641906738281,1.669441819190979,161.19845581054688,0.7464433908462524,0.7720117568969727,0.5434794425964355,11.153897285461426,7.91781759262085,7.525344371795654,0.3364182412624359,0.2851100265979767,0.6319687366485596,8.115554809570312,0,0.16734008491039276,12.841572761535645,14.006368637084961,37,25,30,0,
2025-12-30 10:11:11.067000,6d,Toxicity,Original,,98.73218536376953,1.5982215404510498,157.02537536621094,0.7486318349838257,0.7873443961143494,0.4695623517036438,11.153897285461426,7.99315881729126,7.561487674713135,0.33772608637809753,0.2720523774623871,0.6333901286125183,8.3348388671875,0,0.16130578517913818,14.914873123168945,12.211589813232422,37,25,30,0,
2025-12-30 10:11:13.067000,6d,Toxicity,Original,,99.00596618652344,1.6867715120315552,167.08731079101562,0.73876953125,0.7200198769569397,0.6596640348434448,11.153897285461426,7.798405170440674,8.359210968017578,0.3484973907470703,0.25772976875305176,0.6884670853614807,8.498917579650879,0,0.1569555550813675,14.085155487060547,12.098876953125,37,25,30,0,
2025-12-30 10:11:13.067000,FinePointe Series WBP [SN 139781]  Site 4 Bias Flow is out of range.,,,,,,,,,,,,,,,,,,,,,,,,,
2025-12-30 10:11:13.067000,FinePointe Series WBP [SN 10499C]  Site 3 Bias Flow is out of range.,,,,,,,,,,,,,,,,,,,,,,,,,
2025-12-30 10:11:15.067000,6d,Toxicity,Original,,98.91474914550781,1.6529508829116821,163.52737426757812,0.7487021088600159,0.686407744884491,0.5487222671508789,11.153897285461426,7.284294605255127,7.751962184906006,0.3432648777961731,0.2637641727924347,0.6314464807510376,10.607572555541992,0,0.16440553963184357,14.054248809814453,10.772262573242188,37,25,30,0,
2025-12-30 10:11:17.067000,6d,Toxicity,Original,,96.88594818115234,1.6712666749954224,161.87744140625,0.6669220328330994,0.6773415207862854,0.6706704497337341,11.153897285461426,7.57827091217041,8.039979934692383,0.35530203580856323,0.26472821831703186,0.6657896041870117,9.07410717010498,0,0.16572272777557373,15.464079856872559,10.931432723999023,37,25,30,0,
2025-12-30 10:11:19.067000,6d,Toxicity,Original,,97.89967346191406,1.7078620195388794,167.23434448242188,0.7710102796554565,0.7036826610565186,0.5572909116744995,11.153897285461426,7.660721778869629,8.28991985321045,0.35370612144470215,0.25929632782936096,0.6976717114448547,12.19393539428711,0,0.16193802654743195,16.800228118896484,10.909345626831055,37,25,30,0,
2025-12-30 10:11:21.067000,6d,Toxicity,Original,,99.35810852050781,1.582380771636963,157.1328125,0.7069986462593079,0.6855390071868896,0.6359777450561523,11.153897285461426,7.792905330657959,8.15022087097168,0.3376079499721527,0.2670637369155884,0.6801428198814392,10.116284370422363,0,0.16724294424057007,16.42098045349121,10.985878944396973,37,25,30,0,
2025-12-30 10:11:23.067000,6d,Toxicity,Original,,96.69869995117188,1.7564014196395874,169.87936401367188,0.6464532017707825,0.7286514639854431,0.6323558688163757,11.153897285461426,8.108994483947754,7.557631015777588,0.3457714021205902,0.27543431520462036,0.6503572463989258,9.070136070251465,0,0.16617508232593536,13.710993766784668,12.895746231079102,37,25,30,0,
2025-12-30 10:11:23.067000,FinePointe Series WBP [SN 139781]  Site 4 Bias Flow is out of range.,,,,,,,,,,,,,,,,,,,,,,,,,
2025-12-30 10:11:23.067000,FinePointe Series WBP [SN 10499C]  Site 3 Bias Flow is out of range.,,,,,,,,,,,,,,,,,,,,,,,,,
2025-12-30 10:11:25.067000,6d,Toxicity,Original,,95.20794677734375,1.6850570440292358,160.37754821777344,0.666866660118103,0.7259358167648315,0.6407697200775146,11.153897285461426,8.064314842224121,7.733762741088867,0.3532194495201111,0.2776433825492859,0.6556136012077332,9.716584205627441,0,0.16910745203495026,14.712301254272461,12.938272476196289,37,25,30,0,
2025-12-30 10:11:27.067000,6d,Toxicity,Original,,94.92450714111328,1.6438117027282715,156.0532684326172,0.7110186219215393,0.7593244314193726,0.6027379631996155,11.153897285461426,8.020783424377441,7.519201278686523,0.3504864275455475,0.2816929817199707,0.6417697072029114,8.961894035339355,0,0.16686181724071503,14.69564151763916,13.144588470458984,37,25,30,0,
2025-12-30 10:11:29.067000,6d,Toxicity,Original,,95.12864685058594,1.691704273223877,160.92428588867188,0.7693657875061035,0.7452569603919983,0.5484872460365295,11.153897285461426,7.844503879547119,7.997125625610352,0.356911838054657,0.27397942543029785,0.6591244339942932,9.18045425415039,0,0.16393190622329712,15.803874015808105,11.981953620910645,37,25,30,0,
2025-12-30 10:11:31.067000,6d,Toxicity,Original,,93.53815460205078,1.6521936655044556,154.40928649902344,0.7538288235664368,0.7448586225509644,0.5741019248962402,11.153897285461426,7.556527614593506,7.804960250854492,0.3660677671432495,0.27602848410606384,0.6399983167648315,8.642797470092773,0,0.16627568006515503,14.914851188659668,12.140717506408691,37,25,30,0,
2025-12-30 10:11:33.067000,6d,Toxicity,Original,,98.16825103759766,1.618406057357788,158.97206115722656,0.6192666292190552,0.6267420053482056,0.7604436278343201,11.153897285461426,7.843714714050293,7.916364669799805,0.34318771958351135,0.2687482535839081,0.5930538177490234,10.858798027038574,0,0.1756189465522766,15.923925399780273,8.237298965454102,37,25,30,0,
2025-12-30 10:11:33.067000,FinePointe Series WBP [SN 139781]  Site 4 Bias Flow is out of range.,,,,,,,,,,,,,,,,,,,,,,,,,
2025-12-30 10:11:33.067000,FinePointe Series WBP [SN 10499C]  Site 3 Bias Flow is out of range.,,,,,,,,,,,,,,,,,,,,,,,,,
2025-12-30 10:11:35.067000,6d,Toxicity,Original,,95.56997680664062,1.6837718486785889,160.82687377929688,0.6627099514007568,0.6798218488693237,0.5333622097969055,11.153897285461426,7.715278148651123,7.880778789520264,0.34990930557250977,0.2792540490627289,0.6724721193313599,13.768943786621094,0,0.17631597816944122,16.651926040649414,9.266667366027832,37,25,30,0,
2025-12-30 10:11:37.067000,6d,Toxicity,Original,,96.59711456298828,1.6938798427581787,163.63803100585938,0.7458178997039795,0.7331584095954895,0.46448495984077454,11.153897285461426,7.093926429748535,7.564789295196533,0.35951000452041626,0.26168057322502136,0.6509692668914795,10.7788724899292,0,0.15968087315559387,14.983484268188477,11.04517936706543,37,25,30,0,
2025-12-30 10:11:39.067000,6d,Toxicity,Original,,95.0968246459961,1.6695648431777954,158.78372192382812,0.7458887100219727,0.7385387420654297,0.4567427933216095,11.153897285461426,7.351474285125732,7.6179046630859375,0.3547421395778656,0.27643588185310364,0.6644726395606995,9.762813568115234,0,0.16826151311397552,14.617012977600098,10.864103317260742,37,25,30,0,
2025-12-30 10:11:41.067000,6d,Toxicity,Original,,96.12509155273438,1.6588542461395264,159.4140625,0.6946679353713989,0.7203487157821655,0.4943678081035614,11.153897285461426,7.802093982696533,7.82619047164917,0.3442108631134033,0.28012555837631226,0.6909735202789307,11.257916450500488,0,0.1724604368209839,16.006427764892578,11.277153015136719,37,25,30,0,
2025-12-30 10:11:43.067000,6d,Toxicity,Original,,89.61792755126953,1.7489681243896484,155.3512725830078,0.6563506126403809,0.6885436773300171,0.6300005316734314,11.153897285461426,7.703570365905762,8.183181762695312,0.3828616440296173,0.2959127426147461,0.6363853812217712,9.842369079589844,0,0.18505382537841797,15.183501243591309,10.663695335388184,37,25,30,0,
2025-12-30 10:11:43.067000,FinePointe Series WBP [SN 139781]  Site 4 Bias Flow is out of range.,,,,,,,,,,,,,,,,,,,,,,,,,
2025-12-30 10:11:43.067000,FinePointe Series WBP [SN 10499C]  Site 3 Bias Flow is out of range.,,,,,,,,,,,,,,,,,,,,,,,,,
2025-12-30 10:11:45.067000,6d,Toxicity,Original,,98.1150131225586,1.706765055656433,167.17974853515625,0.6377270221710205,0.6956512928009033,0.7010383009910583,11.153897285461426,7.918430805206299,8.157389640808105,0.3529338240623474,0.259389728307724,0.6483201384544373,8.616620063781738,0,0.1603061705827713,16.314693450927734,11.39251708984375,37,25,30,0,
2025-12-30 10:11:47.067000,6d,Toxicity,Original,,92.43827056884766,1.6426142454147339,152.07919311523438,0.7245234847068787,0.7009549736976624,0.6769279837608337,11.153897285461426,7.385729789733887,7.756441593170166,0.37342551350593567,0.276266485452652,0.6457531452178955,11.091535568237305,0,0.17097987234592438,16.292011260986328,11.727401733398438,37,25,30,0,
2025-12-30 10:11:49.067000,6d,Toxicity,Original,,97.04183959960938,1.6159288883209229,156.85728454589844,0.7075114250183105,0.6987587809562683,0.5690988302230835,11.153897285461426,7.477063179016113,8.050121307373047,0.35537827014923096,0.26296287775039673,0.6862401962280273,9.622489929199219,0,0.16400548815727234,16.439817428588867,11.348169326782227,37,25,30,0,
2025-12-30 10:11:51.067000,6d,Toxicity,Original,,96.94107818603516,1.6160459518432617,156.67564392089844,0.7398254871368408,0.7444053292274475,0.5811928510665894,11.153897285461426,7.323306083679199,7.461608409881592,0.3518892228603363,0.26710015535354614,0.6350860595703125,9.327987670898438,0,0.15986615419387817,15.234305381774902,12.132593154907227,37,25,30,0,
2025-12-30 10:11:53.067000,6d,Toxicity,Original,,95.3787612915039,1.6076866388320923,153.34027099609375,0.7312045693397522,0.6977192163467407,0.6976577639579773,11.153897285461426,7.229557037353516,8.243144035339355,0.3652673065662384,0.263846755027771,0.6881948709487915,9.361760139465332,0,0.1642294079065323,16.9749755859375,10.715383529663086,37,25,30,0,
2025-12-30 10:11:53.067000,FinePointe Series WBP [SN 139781]  Site 4 Bias Flow is out of range.,,,,,,,,,,,,,,,,,,,,,,,,,
2025-12-30 10:11:53.067000,FinePointe Series WBP [SN 10499C]  Site 3 Bias Flow is out of range.,,,,,,,,,,,,,,,,,,,,,,,,,
2025-12-30 10:11:55.067000,6d,Toxicity,Original,,94.32646942138672,1.6399264335632324,154.72079467773438,0.5737611651420593,0.6528918743133545,0.6946576833724976,11.153897285461426,8.027888298034668,7.799736022949219,0.35307085514068604,0.2864926755428314,0.5864020586013794,12.994033813476562,0,0.1869710236787796,17.190109252929688,7.894318103790283,37,25,30,0,
2025-12-30 10:11:57.067000,6d,Toxicity,Original,,91.2670669555664,1.7023440599441528,155.4721221923828,0.5326383113861084,0.5745764374732971,0.6692293882369995,11.153897285461426,7.864797592163086,8.300211906433105,0.35030660033226013,0.3110664188861847,0.6799677014350891,11.818465232849121,0,0.2136010229587555,17.206207275390625,8.447237014770508,37,25,30,0,
2025-12-30 10:11:59.067000,6d,Toxicity,Original,,95.77628326416016,1.6322786808013916,156.39723205566406,0.6124546527862549,0.6696401238441467,0.6199143528938293,11.153897285461426,7.8408050537109375,7.9954681396484375,0.35847511887550354,0.2694089710712433,0.6719189882278442,13.210235595703125,0,0.17127348482608795,19.853429794311523,10.765131950378418,37,25,30,0,
2025-12-30 10:12:01.067000,6d,Toxicity,Original,,97.27284240722656,1.5995538234710693,155.5028533935547,0.7419140934944153,0.7016268968582153,0.5957059860229492,11.153897285461426,7.2176995277404785,8.254786491394043,0.3539896607398987,0.2632884085178375,0.6877957582473755,10.514127731323242,0,0.1644757241010666,15.678574562072754,11.662607192993164,37,25,30,0,
2025-12-30 10:12:03.067000,6d,Toxicity,Original,,96.58214569091797,1.5609482526779175,150.66236877441406,0.6688411831855774,0.6684598326683044,0.6376625299453735,11.153897285461426,7.3335466384887695,8.216207504272461,0.3526144325733185,0.2689298689365387,0.6787301898002625,10.930028915405273,0,0.17033785581588745,17.519588470458984,10.822842597961426,37,25,30,0,
2025-12-30 10:12:03.067000,FinePointe Series WBP [SN 139781]  Site 4 Bias Flow is out of range.,,,,,,,,,,,,,,,,,,,,,,,,,
2025-12-30 10:12:03.067000,FinePointe Series WBP [SN 10499C]  Site 3 Bias Flow is out of range.,,,,,,,,,,,,,,,,,,,,,,,,,
2025-12-30 10:12:05.067000,6d,Toxicity,Original,,91.6443862915039,1.716382384300232,157.1166534423828,0.5818303227424622,0.6305176615715027,0.7257483005523682,11.153897285461426,7.88712739944458,8.085549354553223,0.3796517252922058,0.27832505106925964,0.5829823017120361,10.161469459533691,0,0.17856891453266144,18.01121711730957,9.48228645324707,37,25,30,0,
2025-12-30 10:12:07.067000,6d,Toxicity,Original,,92.07022857666016,1.65479576587677,152.39678955078125,0.5900342464447021,0.6617765426635742,0.7384961843490601,11.153897285461426,7.564546585083008,7.609818935394287,0.3713144361972809,0.28235214948654175,0.6044344305992126,9.173856735229492,0,0.17794202268123627,16.29068946838379,9.367451667785645,37,25,30,0,
2025-12-30 10:12:09.067000,6d,Toxicity,Original,,66.96194458007812,2.6456775665283203,148.61563110351562,1.6894721984863281,1.2572365999221802,0.2476070374250412,11.153897285461426,9.061925888061523,8.598196029663086,0.48102426528930664,0.6655030250549316,0.5745586156845093,6.925344467163086,0,0.2743188738822937,21.356800079345703,17.58745765686035,37,25,30,0,
2025-12-30 10:12:11.067000,6d,Toxicity,Original,,126.48257446289062,1.4959056377410889,187.9998321533203,0.5640980005264282,0.8330738544464111,0.5321222543716431,11.153897285461426,9.841209411621094,5.840084552764893,0.248848557472229,0.23242583870887756,0.5011535882949829,5.396653652191162,0,0.1290554255247116,6.421677589416504,18.12449073791504,37,25,30,20,
2025-12-30 10:12:13.067000,6d,Toxicity,Original,,103.3355484008789,1.2431342601776123,129.8331756591797,0.7189204692840576,0.696246862411499,0.5564234256744385,11.153897285461426,6.893507957458496,6.957864761352539,0.2742706537246704,0.3136613070964813,0.5210815072059631,8.145713806152344,0,0.1919499784708023,7.683139324188232,13.240497589111328,37,25,30,0,
2025-12-30 10:12:13.067000,FinePointe Series WBP [SN 139781]  Site 4 Bias Flow is out of range.,,,,,,,,,,,,,,,,,,,,,,,,,
2025-12-30 10:12:13.067000,FinePointe Series WBP [SN 10499C]  Site 3 Bias Flow is out of range.,,,,,,,,,,,,,,,,,,,,,,,,,
2025-12-30 10:12:15.067000,6d,Toxicity,Original,,102.43502044677734,1.411863923072815,144.521240234375,0.8544671535491943,0.8236123919487,0.4729697108268738,11.153897285461426,7.125174522399902,6.776782989501953,0.3083595633506775,0.27785104513168335,0.6016330122947693,8.262269020080566,0,0.1574280858039856,9.419503211975098,14.36992073059082,37,25,30,0,
2025-12-30 10:12:17.067000,6d,Toxicity,Original,,101.28131103515625,1.5310678482055664,154.7700958251953,0.8144563436508179,0.7957350611686707,0.4001065790653229,11.153897285461426,7.177410125732422,6.9423017501831055,0.3109113276004791,0.2825637757778168,0.5666778683662415,6.36135721206665,0,0.1618712842464447,8.438448905944824,13.228765487670898,37,25,30,0,
2025-12-30 10:12:19.067000,6d,Toxicity,Original,,102.43183135986328,1.5584977865219116,159.47410583496094,0.8044239282608032,0.7975118160247803,0.6230494379997253,11.153897285461426,7.431764125823975,6.947048664093018,0.31970730423927307,0.26691535115242004,0.5729239583015442,6.047966003417969,0,0.15285219252109528,9.338520050048828,12.868597984313965,37,25,30,0,
2025-12-30 10:12:21.067000,6d,Toxicity,Original,,99.15010070800781,1.522533655166626,151.0145721435547,0.7842589616775513,0.767566978931427,0.6842650771141052,11.153897285461426,7.212038993835449,6.945812702178955,0.3209916651248932,0.28427231311798096,0.5638430118560791,7.64936637878418,0,0.16601818799972534,11.35250186920166,11.630118370056152,37,25,30,0,
2025-12-30 10:12:23.067000,6d,Toxicity,Original,,103.10934448242188,1.5026129484176636,154.87535095214844,0.7546606063842773,0.741267740726471,0.4501456916332245,11.153897285461426,7.132240295410156,7.188486576080322,0.31136226654052734,0.2706519663333893,0.6155064105987549,8.975493431091309,0,0.16128882765769958,11.959358215332031,11.76412296295166,37,25,30,0,
2025-12-30 10:12:23.067000,FinePointe Series WBP [SN 139781]  Site 4 Bias Flow is out of range.,,,,,,,,,,,,,,,,,,,,,,,,,
2025-12-30 10:12:23.067000,FinePointe Series WBP [SN 10499C]  Site 3 Bias Flow is out of range.,,,,,,,,,,,,,,,,,,,,,,,,,
2025-12-30 10:12:25.067000,6d,Toxicity,Original,,100.9615249633789,1.5260969400405884,153.66622924804688,0.6098945736885071,0.6946384906768799,0.6606091260910034,11.153897285461426,7.419495105743408,6.924365520477295,0.30534642934799194,0.29006317257881165,0.5547553896903992,8.23850154876709,0,0.17914046347141266,12.185689926147461,9.157331466674805,37,25,30,0,
2025-12-30 10:12:27.067000,6d,Toxicity,Original,,98.67642211914062,1.588963508605957,156.7074432373047,0.6640352606773376,0.7556732892990112,0.5814351439476013,11.153897285461426,7.414891242980957,6.759866714477539,0.3220512270927429,0.28667399287223816,0.5828781127929688,8.973708152770996,0,0.1698887050151825,12.3607759475708,11.991103172302246,37,25,30,0,
2025-12-30 10:12:29.067000,6d,Toxicity,Original,,98.02546691894531,1.5243455171585083,149.3050537109375,0.7333902716636658,0.6877289414405823,0.6031424403190613,11.153897285461426,7.060807704925537,7.335527420043945,0.3375168740749359,0.2750180661678314,0.5723536610603333,8.341679573059082,0,0.1699276864528656,11.55763053894043,10.985690116882324,37,25,30,0,
2025-12-30 10:12:31.067000,6d,Toxicity,Original,,98.7874755859375,1.5783611536026,155.0811004638672,0.6353507041931152,0.6734825372695923,0.5152433514595032,11.153897285461426,7.310319423675537,7.3366522789001465,0.3222537338733673,0.2867765426635742,0.5243717432022095,11.272621154785156,0,0.179644376039505,13.989500045776367,9.544865608215332,37,25,30,0,
2025-12-30 10:12:33.067000,6d,Toxicity,Original,,103.2763671875,1.5143872499465942,156.22698974609375,0.6564034223556519,0.6692835092544556,0.44019922614097595,11.153897285461426,7.826130390167236,7.627357006072998,0.3187868595123291,0.26259875297546387,0.564186692237854,9.833731651306152,0,0.1622830629348755,13.820503234863281,9.638958930969238,37,25,30,0,
2025-12-30 10:12:33.067000,FinePointe Series WBP [SN 139781]  Site 4 Bias Flow is out of range.,,,,,,,,,,,,,,,,,,,,,,,,,
2025-12-30 10:12:33.067000,FinePointe Series WBP [SN 10499C]  Site 3 Bias Flow is out of range.,,,,,,,,,,,,,,,,,,,,,,,,,
2025-12-30 10:12:35.067000,6d,Toxicity,Original,,101.145751953125,1.49286687374115,150.97689819335938,0.7826583385467529,0.7377367615699768,0.5327718257904053,11.153897285461426,7.289341926574707,7.544021129608154,0.3282634913921356,0.265098512172699,0.6663818955421448,8.371550559997559,0,0.16101036965847015,14.038067817687988,11.078812599182129,37,25,30,0,
2025-12-30 10:12:37.067000,6d,Toxicity,Original,,96.20612335205078,1.717816710472107,165.3488311767578,0.6559346914291382,0.7069054245948792,0.7174073457717896,11.153897285461426,10.224349021911621,9.690764427185059,0.31966930627822876,0.30850106477737427,0.5316540598869324,8.576614379882812,36.49324035644531,0.1878366321325302,12.45816421508789,11.159063339233398,37,25,30,0,
2025-12-30 10:12:39.067000,6d,Toxicity,Original,,91.04353332519531,1.7830443382263184,162.26071166992188,0.5227879881858826,0.6791896820068359,0.7054038643836975,11.153897285461426,8.982770919799805,7.270774841308594,0.34021085500717163,0.3190165162086487,0.5077192187309265,8.806520462036133,0,0.19568029046058655,11.518253326416016,9.62330436706543,37,25,30,60,
2025-12-30 10:12:41.067000,6d,Toxicity,Original,,96.37397003173828,1.6448866128921509,158.53736877441406,0.58870530128479,0.6949155330657959,0.6163884401321411,11.153897285461426,8.11837100982666,7.5289506912231445,0.3291541337966919,0.29342663288116455,0.6391218304634094,10.311525344848633,0,0.18201065063476562,15.734661102294922,11.117382049560547,37,25,30,0,
2025-12-30 10:12:41.067000,FinePointe Series WBP [SN 10499C]  Site 4 Bias Flow is out of range.,,,,,,,,,,,,,,,,,,,,,,,,,
2025-12-30 10:12:43.067000,6d,Toxicity,Original,,98.28943634033203,1.5998780727386475,157.20877075195312,0.5999043583869934,0.6460288763046265,0.6331503987312317,11.153897285461426,7.4192304611206055,7.366637706756592,0.3244932293891907,0.2859736979007721,0.6008571982383728,11.168864250183105,0,0.18266426026821136,14.974204063415527,8.763851165771484,37,25,30,0,
2025-12-30 10:12:43.067000,FinePointe Series WBP [SN 139781]  Site 4 Bias Flow is out of range.,,,,,,,,,,,,,,,,,,,,,,,,,
2025-12-30 10:12:45.067000,6d,Toxicity,Original,,100.91112518310547,1.7442079782485962,177.39366149902344,0.45888108015060425,0.5003206133842468,0.78280109167099,11.153897285461426,8.67941951751709,9.48666763305664,0.3154805600643158,0.29764682054519653,0.8028037548065186,9.935323715209961,0,0.20936645567417145,14.229829788208008,6.547374725341797,37,25,30,0,
2025-12-30 10:12:45.067000,FinePointe Series WBP [SN 10499C]  Site 3 Bias Flow is out of range.,,,,,,,,,,,,,,,,,,,,,,,,,
2025-12-30 10:12:47.067000,6d,Toxicity,Original,,205.1700439453125,1.1917837858200073,232.6515350341797,0.5240098237991333,0.6359480023384094,0.6010404229164124,11.153897285461426,11.362473487854004,9.378134727478027,0.14719563722610474,0.1526104360818863,0.7905459403991699,5.9644999504089355,0,0.09550034254789352,12.35395622253418,10.236684799194336,37,25,30,33.33333206176758,
2025-12-30 10:12:49.067000,6d,Toxicity,Original,,233.2008514404297,0.8428791165351868,188.93850708007812,0.852661669254303,0.6192604899406433,0.6776790022850037,11.153897285461426,8.868815422058105,12.355447769165039,0.13369350135326385,0.1288217008113861,0.9934298396110535,5.912716865539551,0,0.08135338872671127,12.421149253845215,10.581597328186035,37,25,30,62.5,
2025-12-30 10:12:51.067000,6d,Toxicity,Original,,219.98667907714844,0.9851276278495789,213.51210021972656,0.4640990197658539,0.5522254109382629,0.6658007502555847,11.153897285461426,11.096023559570312,9.68007755279541,0.13729341328144073,0.14482995867729187,0.8035380840301514,8.639961242675781,0,0.09526997059583664,16.761699676513672,9.434667587280273,37,25,30,16.66666603088379,
2025-12-30 10:12:51.067000,FinePointe Series WBP [SN 10499C]  Site 4 Bias Flow is out of range.,,,,,,,,,,,,,,,,,,,,,,,,,
2025-12-30 10:12:53.067000,6d,Toxicity,Original,,89.03959655761719,2.193958044052124,194.171142578125,0.5572188496589661,0.597402811050415,0.6650807857513428,11.153897285461426,7.481217384338379,7.980661392211914,0.42237305641174316,0.25345826148986816,0.5327177047729492,7.207176208496094,0,0.16262221336364746,15.216245651245117,8.956999778747559,37,25,30,50,
2025-12-30 10:12:53.067000,FinePointe Series WBP [SN 139781]  Site 4 Bias Flow is out of range.,,,,,,,,,,,,,,,,,,,,,,,,,
2025-12-30 10:12:53.067000,FinePointe Series WBP [SN 10499C]  Site 3 Bias Flow is out of range.,,,,,,,,,,,,,,,,,,,,,,,,,
2025-12-30 10:12:55.067000,6d,Toxicity,Original,,95.12532043457031,1.190566897392273,113.2530517578125,0.8114004731178284,0.6991114020347595,0.5014747381210327,11.153897285461426,6.027510166168213,7.9667067527771,0.3396055996417999,0.2911413013935089,0.7134683132171631,7.662556171417236,0,0.18026989698410034,17.567380905151367,9.247859001159668,37,25,30,66.66666412353516,
2025-12-30 10:13:01.067000,6d,Toxicity,Original,,114.18853759765625,2.164539098739624,247.16555786132812,0.3334144651889801,0.800130307674408,0.4545246362686157,11.153897285461426,17.546030044555664,7.621249675750732,0.16463026404380798,0.3608165383338928,0.6512642502784729,5.607059001922607,137.88345336914062,0.20240537822246552,2.569211721420288,2.998779296875,37,25,30,90.90908813476562,
2025-12-30 10:13:03.067000,6d,Toxicity,Original,,276.4295959472656,1.067284345626831,295.0289611816406,0.923487663269043,0.7450523972511292,0.3839142620563507,11.153897285461426,12.402018547058105,15.868380546569824,0.11286353319883347,0.104189932346344,1.385653018951416,5.245136737823486,0,0.06099148467183113,13.615720748901367,13.979616165161133,37,25,30,50,
2025-12-30 10:13:03.067000,FinePointe Series WBP [SN 139781]  Site 4 Bias Flow is out of range.,,,,,,,,,,,,,,,,,,,,,,,,,
2025-12-30 10:13:03.067000,FinePointe Series WBP [SN 10499C]  Site 3 Bias Flow is out of range.,,,,,,,,,,,,,,,,,,,,,,,,,
2025-12-30 10:13:05.067000,6d,Toxicity,Original,,105.5284194946289,1.4358359575271606,152.16021728515625,0.5773321390151978,0.678767740726471,0.7425978779792786,11.153897285461426,8.281228065490723,7.767324447631836,0.29848307371139526,0.27036088705062866,0.6588782668113708,8.28521728515625,0,0.16647878289222717,13.0562162399292,10.70230484008789,37,25,30,66.66666412353516,
2025-12-30 10:13:09.067000,6d,Toxicity,Original,,99.8687515258789,1.9263501167297363,192.38218688964844,0.42860469222068787,0.6300218105316162,0.6601051688194275,11.153897285461426,8.984829902648926,6.860312461853027,0.3402239680290222,0.26056453585624695,0.5182887315750122,10.363125801086426,0,0.16669683158397675,15.984025001525879,10.168261528015137,37,25,30,80,
2025-12-30 10:13:11.067000,6d,Toxicity,Original,,249.99961853027344,1.0336247682571411,254.72618103027344,0.6714898347854614,0.557334303855896,0.7175474166870117,11.153897285461426,11.784252166748047,14.333989143371582,0.12310313433408737,0.11941199004650116,1.1615586280822754,5.474108695983887,0,0.07841608673334122,12.965197563171387,10.23820686340332,37,25,30,40,
2025-12-30 10:13:13.067000,6d,Toxicity,Original,,158.2951202392578,1.241292119026184,195.9337158203125,0.506274402141571,0.5499129891395569,0.7733718156814575,11.153897285461426,10.952866554260254,11.07283878326416,0.17781102657318115,0.2108609825372696,0.9015405178070068,9.29292106628418,0,0.13903337717056274,14.124067306518555,8.2070894241333,37,25,30,77.77777862548828,
2025-12-30 10:13:13.067000,FinePointe Series WBP [SN 139781]  Site 4 Bias Flow is out of range.,,,,,,,,,,,,,,,,,,,,,,,,,
2025-12-30 10:13:13.067000,FinePointe Series WBP [SN 10499C]  Site 3 Bias Flow is out of range.,,,,,,,,,,,,,,,,,,,,,,,,,
2025-12-30 10:13:17.067000,6d,Toxicity,Original,,108.37434387207031,1.9477205276489258,209.9893035888672,0.40568798780441284,0.5883485674858093,0.7927671670913696,11.153897285461426,8.627370834350586,7.109625816345215,0.33002835512161255,0.22448420524597168,0.5296080112457275,11.694157600402832,0,0.1479758322238922,15.741636276245117,7.352469444274902,37,25,30,71.42857360839844,
2025-12-30 10:13:19.067000,6d,Toxicity,Original,,104.81226348876953,1.448732852935791,151.84498596191406,0.6450292468070984,0.5963273644447327,0.7722148299217224,11.153897285461426,7.135001182556152,8.231507301330566,0.3186366856098175,0.2538153827190399,0.6114341616630554,9.97467041015625,0,0.16524291038513184,16.309968948364258,8.336478233337402,37,25,30,0,
2025-12-30 10:13:21.067000,6d,Toxicity,Original,,276.8518371582031,1.0057765245437622,270.7957763671875,0.6334867477416992,0.5721909403800964,0.6265581846237183,11.153897285461426,12.223426818847656,13.330255508422852,0.11889710277318954,0.10797064006328583,1.152320146560669,6.763111591339111,0,0.07151302695274353,14.903643608093262,9.350955963134766,37,25,30,45.45454406738281,
2025-12-30 10:13:23.067000,6d,Toxicity,Original,,308.68731689453125,1.0401915311813354,318.21044921875,0.5305137038230896,0.5786513090133667,0.6682541966438293,11.153897285461426,14.81010913848877,13.460158348083496,0.10065411031246185,0.09623366594314575,1.1311599016189575,5.254864692687988,0,0.06229563057422638,14.590866088867188,11.124634742736816,37,25,30,33.33333206176758,
2025-12-30 10:13:23.067000,FinePointe Series WBP [SN 139781]  Site 4 Bias Flow is out of range.,,,,,,,,,,,,,,,,,,,,,,,,,
2025-12-30 10:13:23.067000,FinePointe Series WBP [SN 10499C]  Site 3 Bias Flow is out of range.,,,,,,,,,,,,,,,,,,,,,,,,,
2025-12-30 10:13:25.067000,6d,Toxicity,Original,,134.3778839111328,1.7366580963134766,222.23526000976562,0.37793391942977905,0.535113513469696,0.8063811659812927,11.153897285461426,10.707087516784668,9.000567436218262,0.2641943395137787,0.2186320722103119,0.667018473148346,10.610182762145996,0,0.1473603993654251,14.950549125671387,7.152166843414307,37,25,30,25,
2025-12-30 10:13:27.067000,6d,Toxicity,Original,,107.61524963378906,1.999063491821289,215.16842651367188,0.41962558031082153,0.5974212884902954,0.7993917465209961,11.153897285461426,9.579671859741211,7.180442810058594,0.3240664303302765,0.2335616648197174,0.5102936029434204,9.618274688720703,0,0.15152746438980103,12.831733703613281,8.09539794921875,37,25,30,50,
2025-12-30 10:13:29.067000,6d,Toxicity,Original,,109.65750122070312,1.5806608200073242,172.7227020263672,0.5821365118026733,0.5911169052124023,0.731347918510437,11.153897285461426,7.902305603027344,8.969032287597656,0.3054036796092987,0.24223139882087708,0.6966395378112793,11.657150268554688,0,0.15921124815940857,17.14451789855957,8.183292388916016,37,25,30,0,
2025-12-30 10:13:31.067000,6d,Toxicity,Original,,304.53045654296875,0.9025049805641174,235.17930603027344,0.6099820137023926,0.5761603116989136,0.6424440145492554,11.153897285461426,10.511063575744629,11.837904930114746,0.1337106078863144,0.10692322999238968,0.9813960194587708,7.117465019226074,0,0.07369501143693924,16.836307525634766,9.505575180053711,37,25,30,30,
2025-12-30 10:13:33.067000,6d,Toxicity,Original,,282.6992492675781,0.9830204844474792,276.6296081542969,0.5008693933486938,0.5591345429420471,0.6867434978485107,11.153897285461426,12.987271308898926,11.819247245788574,0.10884463787078857,0.10456499457359314,0.9666616916656494,6.477751731872559,0,0.06866457313299179,15.614377975463867,9.791055679321289,37,25,30,22.22222137451172,
2025-12-30 10:13:33.067000,FinePointe Series WBP [SN 139781]  Site 4 Bias Flow is out of range.,,,,,,,,,,,,,,,,,,,,,,,,,
2025-12-30 10:13:33.067000,FinePointe Series WBP [SN 10499C]  Site 3 Bias Flow is out of range.,,,,,,,,,,,,,,,,,,,,,,,,,
2025-12-30 10:13:35.067000,6d,Toxicity,Original,,99.86654663085938,2.149233818054199,214.72573852539062,0.411876916885376,0.700523853302002,0.5991631746292114,11.153897285461426,9.84197998046875,6.392432689666748,0.3388247787952423,0.2619978189468384,0.5614601373672485,8.780598640441895,0,0.15929153561592102,13.813395500183105,10.875747680664062,37,25,30,50,
2025-12-30 10:13:37.067000,6d,Toxicity,Original,,100.89342498779297,2.0150275230407715,203.33338928222656,0.4634464979171753,0.6838578581809998,0.6597670316696167,11.153897285461426,8.903857231140137,6.848855018615723,0.3384498059749603,0.25649094581604004,0.5408873558044434,8.697633743286133,0,0.15825799107551575,13.364007949829102,11.188803672790527,37,25,30,0,
2025-12-30 10:13:39.067000,6d,Toxicity,Original,,103.9803695678711,1.5391533374786377,159.940185546875,0.6804677844047546,0.601271390914917,0.7456785440444946,11.153897285461426,7.582942962646484,9.399394035339355,0.3207783102989197,0.2570788860321045,0.716401219367981,10.302340507507324,0,0.16794931888580322,15.656229019165039,8.915255546569824,37,25,30,0,
2025-12-30 10:13:41.067000,6d,Toxicity,Original,,118.59039306640625,1.6459953784942627,192.33262634277344,0.5539191961288452,0.5193511843681335,0.7554271221160889,11.153897285461426,8.953069686889648,10.775988578796387,0.3094060719013214,0.2229219377040863,0.8367067575454712,11.548351287841797,0,0.1560640037059784,18.78192138671875,6.4874677658081055,37,25,30,0,
2025-12-30 10:13:43.067000,6d,Toxicity,Original,,245.0935821533203,1.1175462007522583,272.43975830078125,0.6704563498497009,0.5553444623947144,0.6348711252212524,11.153897285461426,11.604684829711914,13.555685997009277,0.1475217044353485,0.11144832521677017,1.1641299724578857,8.216313362121582,0,0.07599432021379471,16.45083999633789,9.727989196777344,37,25,30,25,
2025-12-30 10:13:43.067000,FinePointe Series WBP [SN 139781]  Site 4 Bias Flow is out of range.,,,,,,,,,,,,,,,,,,,,,,,,,
2025-12-30 10:13:43.067000,FinePointe Series WBP [SN 10499C]  Site 3 Bias Flow is out of range.,,,,,,,,,,,,,,,,,,,,,,,,,
2025-12-30 10:13:45.067000,6d,Toxicity,Original,,216.3756561279297,1.2753502130508423,261.8756408691406,0.5690755248069763,0.5698947906494141,0.6636127233505249,11.153897285461426,12.021098136901855,12.382403373718262,0.15483051538467407,0.13811664283275604,1.052907109260559,7.573819637298584,0,0.09109731018543243,15.27279281616211,8.955809593200684,37,25,30,30,
2025-12-30 10:13:47.067000,6d,Toxicity,Original,,112.4964370727539,1.869606852531433,208.12538146972656,0.5144553184509277,0.6284962892532349,0.8125513195991516,11.153897285461426,9.702488899230957,8.306315422058105,0.3028871417045593,0.24526840448379517,0.615576982498169,8.536252975463867,0,0.1585155874490738,13.859188079833984,7.204227924346924,37,25,30,0,
2025-12-30 10:13:49.067000,6d,Toxicity,Original,,90.96186828613281,1.9044950008392334,174.3811798095703,0.37931719422340393,0.5621699094772339,0.6748927235603333,11.153897285461426,9.059492111206055,7.405470848083496,0.33422085642814636,0.3364483118057251,0.5407440066337585,14.868264198303223,0,0.23529472947120667,12.778719902038574,7.693811416625977,37,25,30,0,
2025-12-30 10:13:51.067000,6d,Toxicity,Original,,98.2741928100586,1.672603964805603,164.4517059326172,0.5856348276138306,0.640120267868042,0.7151021957397461,11.153897285461426,7.9008331298828125,8.173563003540039,0.3379799425601959,0.2727589011192322,0.6593664884567261,12.520721435546875,0,0.17938083410263062,16.932859420776367,8.221220016479492,37,25,30,0,
2025-12-30 10:13:53.067000,6d,Toxicity,Original,,317.97235107421875,0.8450458645820618,247.55453491210938,0.5938950181007385,0.5976935029029846,0.6415298581123352,11.153897285461426,11.034256935119629,10.68583869934082,0.10457384586334229,0.09455644339323044,0.9311609864234924,5.537908554077148,0,0.06070566922426224,15.285489082336426,10.794645309448242,37,25,30,40,
2025-12-30 10:13:53.067000,FinePointe Series WBP [SN 139781]  Site 4 Bias Flow is out of range.,,,,,,,,,,,,,,,,,,,,,,,,,
2025-12-30 10:13:53.067000,FinePointe Series WBP [SN 10499C]  Site 3 Bias Flow is out of range.,,,,,,,,,,,,,,,,,,,,,,,,,
2025-12-30 10:13:55.067000,6d,Toxicity,Original,,317.9153137207031,1.0603139400482178,335.5212097167969,0.5141004323959351,0.621519148349762,0.6126664876937866,11.153897285461426,15.477873802185059,12.712141036987305,0.1040835827589035,0.09156002849340439,1.0949018001556396,5.356410026550293,0,0.0582568421959877,15.04260540008545,12.335283279418945,37,25,30,55.55555725097656,
2025-12-30 10:13:57.067000,6d,Toxicity,Original,,242.90318298339844,1.3725154399871826,310.5295715332031,0.4611746072769165,0.5718272924423218,0.6472184658050537,11.153897285461426,14.047418594360352,11.26962947845459,0.13983464241027832,0.12047076225280762,0.9601995348930359,6.9278717041015625,0,0.07909377664327621,15.013869285583496,9.456960678100586,37,25,30,42.85714340209961,
2025-12-30 10:13:59.067000,6d,Toxicity,Original,,126.06436920166016,1.7365151643753052,217.76446533203125,0.42306339740753174,0.662440836429596,0.7412548065185547,11.153897285461426,11.788040161132812,7.365708351135254,0.2489168792963028,0.2695099413394928,0.5775261521339417,8.827058792114258,0,0.16645246744155884,11.424600601196289,8.902838706970215,37,25,30,0,
2025-12-30 10:14:01.067000,6d,Toxicity,Original,,94.81779479980469,1.6465835571289062,156.14772033691406,0.5883596539497375,0.697918713092804,0.5884769558906555,11.153897285461426,7.669998645782471,6.890132427215576,0.3278811275959015,0.30504584312438965,0.54372239112854,10.143235206604004,0,0.18880575895309448,13.188902854919434,7.256658554077148,37,25,30,0,
2025-12-30 10:14:03.067000,6d,Toxicity,Original,,98.60113525390625,1.5861166715621948,156.27346801757812,0.5579344630241394,0.6241652965545654,0.7531039714813232,11.153897285461426,8.039121627807617,7.675177574157715,0.319578617811203,0.2905001640319824,0.5690032243728638,11.156533241271973,0,0.19004227221012115,15.144726753234863,7.3458428382873535,37,25,30,0,
2025-12-30 10:14:03.067000,FinePointe Series WBP [SN 139781]  Site 4 Bias Flow is out of range.,,,,,,,,,,,,,,,,,,,,,,,,,
2025-12-30 10:14:03.067000,FinePointe Series WBP [SN 10499C]  Site 3 Bias Flow is out of range.,,,,,,,,,,,,,,,,,,,,,,,,,
2025-12-30 10:14:05.067000,6d,Toxicity,Original,,250.95623779296875,1.1301004886627197,269.320068359375,0.6274265646934509,0.6251662373542786,0.5904992818832397,11.153897285461426,11.97741413116455,12.044411659240723,0.15415814518928528,0.11516975611448288,1.0274349451065063,6.090369701385498,0,0.07592634856700897,15.173911094665527,10.88626766204834,37,25,30,22.22222137451172,
2025-12-30 10:14:07.067000,6d,Toxicity,Original,,206.55796813964844,1.1913928985595703,210.1433868408203,0.4643751084804535,0.5894351005554199,0.7331284284591675,11.153897285461426,11.0248384475708,9.413344383239746,0.15960749983787537,0.18817397952079773,0.7641575932502747,7.5035014152526855,0,0.1210489571094513,14.425084114074707,9.31391716003418,37,25,30,50,
2025-12-30 10:14:09.067000,6d,Toxicity,Original,,97.64263153076172,1.8776130676269531,183.8614959716797,0.3812290132045746,0.6118366122245789,0.8268449306488037,11.153897285461426,9.598560333251953,6.976945400238037,0.33123183250427246,0.28531360626220703,0.49240297079086304,11.211003303527832,0,0.18517659604549408,14.685405731201172,5.805627346038818,37,25,30,0,
2025-12-30 10:14:11.067000,6d,Toxicity,Original,,139.8719940185547,1.5528982877731323,203.4641876220703,0.5473366975784302,0.5746987462043762,0.6914029121398926,11.153897285461426,8.904193878173828,9.198763847351074,0.29869210720062256,0.2024485021829605,0.7362681031227112,10.468485832214355,0,0.14049838483333588,18.111835479736328,7.475249290466309,37,25,30,0,
2025-12-30 10:14:13.067000,6d,Toxicity,Original,,274.13043212890625,1.0528931617736816,270.0570068359375,0.642067015171051,0.6144251823425293,0.6068903207778931,11.153897285461426,11.936888694763184,12.48634147644043,0.12085960805416107,0.10598528385162354,1.0764604806900024,5.676576614379883,0,0.06736728549003601,14.726564407348633,10.706167221069336,37,25,30,30,
2025-12-30 10:14:13.067000,FinePointe Series WBP [SN 139781]  Site 4 Bias Flow is out of range.,,,,,,,,,,,,,,,,,,,,,,,,,
2025-12-30 10:14:13.067000,FinePointe Series WBP [SN 10499C]  Site 3 Bias Flow is out of range.,,,,,,,,,,,,,,,,,,,,,,,,,
2025-12-30 10:14:15.067000,6d,Toxicity,Original,,209.7798309326172,1.8312489986419678,384.15911865234375,0.4386856257915497,0.5532572865486145,0.6908195614814758,11.153897285461426,15.679272651672363,12.451665878295898,0.16152434051036835,0.12448981404304504,0.9537801742553711,7.2328009605407715,0,0.08249757438898087,13.31888198852539,8.624588012695312,37,25,30,50,
2025-12-30 10:14:17.067000,6d,Toxicity,Original,,88.60767364501953,1.9126404523849487,169.7255096435547,0.4597403407096863,0.5873427987098694,0.8559113144874573,11.153897285461426,8.545341491699219,7.997334957122803,0.360641747713089,0.31669002771377563,0.4670940935611725,10.588654518127441,0,0.20825296640396118,12.261126518249512,5.7734456062316895,37,25,30,40,
2025-12-30 10:14:19.067000,6d,Toxicity,Original,,88.74595642089844,2.0327510833740234,180.60479736328125,0.3561832010746002,0.5918123722076416,0.8230590224266052,11.153897285461426,9.389169692993164,7.012930870056152,0.35308194160461426,0.3234550356864929,0.49053049087524414,12.274369239807129,0,0.21177655458450317,13.479849815368652,4.938731670379639,37,25,30,0,
2025-12-30 10:14:21.067000,6d,Toxicity,Original,,239.3629913330078,1.131008267402649,234.7536163330078,0.5877363085746765,0.5865880250930786,0.7009825706481934,11.153897285461426,9.609207153320312,10.13330364227295,0.17326726019382477,0.13888828456401825,0.8668881058692932,6.694650173187256,0,0.0911528468132019,15.377842903137207,8.987202644348145,37,25,30,42.85714340209961,
2025-12-30 10:14:23.067000,6d,Toxicity,Original,,188.116943359375,1.5237007141113281,288.1266174316406,0.47684377431869507,0.6032782196998596,0.5972135066986084,11.153897285461426,13.238422393798828,10.482187271118164,0.1602688431739807,0.1621391475200653,0.8671241998672485,6.65060567855835,0,0.10342057794332504,12.315229415893555,9.429390907287598,37,25,30,33.33333206176758,
2025-12-30 10:14:23.067000,FinePointe Series WBP [SN 139781]  Site 4 Bias Flow is out of range.,,,,,,,,,,,,,,,,,,,,,,,,,
2025-12-30 10:14:23.067000,FinePointe Series WBP [SN 10499C]  Site 3 Bias Flow is out of range.,,,,,,,,,,,,,,,,,,,,,,,,,
2025-12-30 10:14:25.067000,6d,Toxicity,Original,,90.50989532470703,1.7411268949508667,157.93136596679688,0.7481647729873657,0.7184854745864868,0.5455518960952759,11.153897285461426,7.322775840759277,6.798714637756348,0.3777429461479187,0.2863106429576874,0.4593278467655182,9.397485733032227,0,0.17485345900058746,13.314105987548828,8.739095687866211,37,25,30,33.33333206176758,
2025-12-30 10:14:27.067000,6d,Toxicity,Original,,97.24302673339844,2.015096426010132,196.16871643066406,0.45045188069343567,0.6770877242088318,0.658037543296814,11.153897285461426,9.23076343536377,6.230947494506836,0.3392159044742584,0.2780493199825287,0.4447345435619354,11.051737785339355,0,0.1747531145811081,13.491406440734863,7.01210355758667,37,25,30,0,
2025-12-30 10:14:29.067000,6d,Toxicity,Original,,220.2518768310547,1.7416740655899048,276.490478515625,0.560635507106781,0.6054096817970276,0.560565710067749,11.153897285461426,12.54957389831543,11.169047355651855,0.20520919561386108,0.17007264494895935,0.8669196367263794,5.11899995803833,0,0.10920531302690506,12.261338233947754,12.629500389099121,37,25,30,28.571428298950195,
2025-12-30 10:14:31.067000,6d,Toxicity,Original,,171.69081115722656,1.1390105485916138,178.8805694580078,0.6685832738876343,0.9289995431900024,0.14064975082874298,11.153897285461426,12.470685958862305,7.554694175720215,0.13783210515975952,0.25831249356269836,0.5174916982650757,4.256224632263184,0,0.13303984701633453,2.628308057785034,14.098335266113281,37,25,30,0,
2025-12-30 10:14:33.067000,6d,Toxicity,Original,,93.50677490234375,1.5541976690292358,145.3347930908203,0.7261282205581665,0.8130868077278137,0.5513246655464172,11.153897285461426,6.961041450500488,5.691133499145508,0.31571388244628906,0.32600268721580505,0.4189240038394928,7.344736099243164,0,0.18557144701480865,5.285372257232666,10.803906440734863,37,25,30,25,
2025-12-30 10:14:33.067000,FinePointe Series WBP [SN 139781]  Site 4 Bias Flow is out of range.,,,,,,,,,,,,,,,,,,,,,,,,,
2025-12-30 10:14:33.067000,FinePointe Series WBP [SN 10499C]  Site 3 Bias Flow is out of range.,,,,,,,,,,,,,,,,,,,,,,,,,
2025-12-30 10:14:35.067000,6d,Toxicity,Original,,99.47386932373047,1.649584174156189,164.06582641601562,0.4859697222709656,0.7059192061424255,0.8575772047042847,11.153897285461426,7.645925045013428,5.152331829071045,0.3107239007949829,0.2924651503562927,0.33644789457321167,7.984793186187744,0,0.17675520479679108,8.428423881530762,8.300069808959961,37,25,30,0,
2025-12-30 10:14:37.067000,6d,Toxicity,Original,,97.8682632446289,1.5299054384231567,149.65530395507812,0.5938079357147217,0.6608632206916809,0.7921988368034363,11.153897285461426,7.574079990386963,7.041554927825928,0.3154636323451996,0.29777926206588745,0.4794946014881134,9.366079330444336,0,0.188081756234169,12.289331436157227,8.248260498046875,37,25,30,0,
2025-12-30 10:14:39.067000,6d,Toxicity,Original,,95.31634521484375,1.3911265134811401,132.48765563964844,0.6358350515365601,0.6480920314788818,0.7842216491699219,11.153897285461426,6.54453706741333,6.668238162994385,0.3265516757965088,0.30311787128448486,0.5120066404342651,9.460707664489746,0,0.19244545698165894,12.434493064880371,7.478276252746582,37,25,30,0,
2025-12-30 10:14:41.067000,6d,Toxicity,Original,,96.32279968261719,1.3508119583129883,130.3321075439453,0.5548826456069946,0.6235938668251038,0.8427855372428894,11.153897285461426,6.478952884674072,6.5132036209106445,0.3252912163734436,0.29846617579460144,0.4576578140258789,10.519495964050293,0,0.19409452378749847,13.206587791442871,7.765944480895996,37,25,30,0,
2025-12-30 10:14:43.067000,6d,Toxicity,Original,,129.58531188964844,1.507041573524475,192.23513793945312,0.4373776614665985,0.5321906208992004,0.7996022701263428,11.153897285461426,9.027312278747559,8.44354248046875,0.2704351842403412,0.23182465136051178,0.5764725804328918,9.603286743164062,0,0.15723133087158203,14.016648292541504,6.107141017913818,37,25,30,0,
2025-12-30 10:14:43.067000,FinePointe Series WBP [SN 139781]  Site 4 Bias Flow is out of range.,,,,,,,,,,,,,,,,,,,,,,,,,
2025-12-30 10:14:43.067000,FinePointe Series WBP [SN 10499C]  Site 3 Bias Flow is out of range.,,,,,,,,,,,,,,,,,,,,,,,,,
2025-12-30 10:14:45.067000,6d,Toxicity,Original,,135.07949829101562,1.398736596107483,184.22024536132812,0.5203080177307129,0.6002852916717529,0.8062734007835388,11.153897285461426,9.483841896057129,8.822835922241211,0.21917694807052612,0.2472752332687378,0.6395596861839294,8.30046558380127,0,0.15841765701770782,11.132657051086426,7.2075886726379395,37,25,30,0,
2025-12-30 10:14:47.067000,6d,Toxicity,Original,,202.52093505859375,1.0950552225112915,206.6781768798828,0.4538523852825165,0.5578740835189819,0.7463467121124268,11.153897285461426,11.437216758728027,9.853188514709473,0.14063869416713715,0.1752365231513977,0.777153730392456,6.990044116973877,0,0.1145688071846962,12.457500457763672,8.739579200744629,37,25,30,16.66666603088379,
2025-12-30 10:14:49.067000,6d,Toxicity,Original,,156.391357421875,1.2998595237731934,197.9484100341797,0.47857943177223206,0.6490275263786316,0.825393795967102,11.153897285461426,10.97014331817627,8.063505172729492,0.19514258205890656,0.26640036702156067,0.5147663950920105,8.844185829162598,0,0.16565506160259247,9.01410961151123,8.396966934204102,37,25,30,50,
2025-12-30 10:14:51.067000,6d,Toxicity,Original,,85.22005462646484,1.5211261510849,129.58717346191406,0.5728472471237183,0.6684488654136658,0.6536697149276733,11.153897285461426,7.41994047164917,6.396676540374756,0.36256054043769836,0.34367454051971436,0.4361479878425598,11.358214378356934,0,0.21848751604557037,12.47729206085205,6.215039253234863,37,25,30,0,
2025-12-30 10:14:53.067000,6d,Toxicity,Original,,89.4197006225586,1.8319895267486572,163.87811279296875,0.4400408864021301,0.7349931597709656,0.8667068481445312,11.153897285461426,8.144325256347656,5.4338507652282715,0.35118091106414795,0.3199097514152527,0.4045473337173462,9.271263122558594,0,0.19237446784973145,11.809764862060547,7.094647407531738,37,25,30,0,
2025-12-30 10:14:53.067000,FinePointe Series WBP [SN 139781]  Site 4 Bias Flow is out of range.,,,,,,,,,,,,,,,,,,,,,,,,,
2025-12-30 10:14:55.067000,6d,Toxicity,Original,,187.4125213623047,1.2371631860733032,193.07110595703125,0.6043493151664734,0.5901773571968079,0.7499998211860657,11.153897285461426,9.103377342224121,10.055975914001465,0.2224063128232956,0.190734401345253,0.7957077026367188,8.335694313049316,0,0.125493586063385,14.920352935791016,8.755964279174805,37,25,30,0,
2025-12-30 10:14:55.067000,FinePointe Series WBP [SN 10499C]  Site 3 Bias Flow is out of range.,,,,,,,,,,,,,,,,,,,,,,,,,
2025-12-30 10:14:57.067000,6d,Toxicity,Original,,199.0067138671875,1.058397889137268,199.64096069335938,0.5459138751029968,0.6152045726776123,0.7014671564102173,11.153897285461426,10.260497093200684,9.768495559692383,0.15089407563209534,0.17032064497470856,0.7806713581085205,6.867163181304932,0,0.10886982083320618,13.516037940979004,9.773451805114746,37,25,30,0,
2025-12-30 10:14:59.067000,6d,Toxicity,Original,,83.8237075805664,1.4585537910461426,123.68646240234375,0.4484974145889282,0.6085076332092285,0.6051721572875977,11.153897285461426,7.040155410766602,5.715004920959473,0.3464660048484802,0.38302314281463623,0.4043591022491455,13.077618598937988,0,0.259416788816452,12.063887596130371,10.100992202758789,37,25,30,25,
2025-12-30 10:15:01.067000,6d,Toxicity,Original,,129.9882049560547,1.5235503911972046,188.0185089111328,0.43904852867126465,0.5122630596160889,0.8176201581954956,11.153897285461426,8.188699722290039,8.153460502624512,0.2912304699420929,0.2251289188861847,0.5403345823287964,8.752520561218262,0,0.1558351069688797,14.102059364318848,4.659337520599365,37,25,30,0,
2025-12-30 10:15:03.067000,6d,Toxicity,Original,,250.0491943359375,1.0624802112579346,245.891845703125,0.5861584544181824,0.6081050634384155,0.6692776679992676,11.153897285461426,11.20742130279541,11.0614595413208,0.1372089982032776,0.1324697583913803,0.9070344567298889,6.097518444061279,0,0.08574734628200531,13.657767295837402,10.022910118103027,37,25,30,28.571428298950195,
2025-12-30 10:15:03.067000,FinePointe Series WBP [SN 139781]  Site 4 Bias Flow is out of range.,,,,,,,,,,,,,,,,,,,,,,,,,
2025-12-30 10:15:03.067000,FinePointe Series WBP [SN 10499C]  Site 3 Bias Flow is out of range.,,,,,,,,,,,,,,,,,,,,,,,,,
2025-12-30 10:15:05.067000,6d,Toxicity,Original,,323.9715881347656,0.6561727523803711,206.0399627685547,0.552718997001648,0.5960627794265747,0.6711856126785278,11.153897285461426,10.782185554504395,10.24697208404541,0.09596818685531616,0.09538803994655609,0.8738727569580078,5.3971147537231445,0,0.06111672520637512,15.50096321105957,10.776313781738281,37,25,30,55.55555725097656,
2025-12-30 10:15:07.067000,6d,Toxicity,Original,,87.18050384521484,2.025059700012207,176.6366424560547,0.5149454474449158,0.7575064897537231,0.6660025715827942,11.153897285461426,8.339035034179688,5.03118371963501,0.36797940731048584,0.3207858204841614,0.27503257989883423,9.025396347045898,0,0.18870535492897034,8.374595642089844,8.051717758178711,37,25,30,25,
2025-12-30 10:15:09.067000,6d,Toxicity,Original,,88.0256576538086,1.5770769119262695,138.3058319091797,0.5583004951477051,0.6377579569816589,0.7549538612365723,11.153897285461426,6.969837188720703,6.567276954650879,0.3616722822189331,0.32048162817955017,0.45616334676742554,10.854049682617188,0,0.20575952529907227,14.394518852233887,6.624335765838623,37,25,30,0,
2025-12-30 10:15:11.067000,6d,Toxicity,Original,,167.8052520751953,1.3045384883880615,217.44769287109375,0.625887393951416,0.4886791706085205,0.7641085386276245,11.153897285461426,9.047181129455566,12.283315658569336,0.25146082043647766,0.16277332603931427,0.9569424986839294,13.640884399414062,0,0.12774182856082916,18.809507369995117,6.499696731567383,37,25,30,33.33333206176758,
2025-12-30 10:15:13.067000,6d,Toxicity,Original,,243.0521697998047,0.9782133102416992,223.277587890625,0.6237441301345825,0.6091369390487671,0.6872084140777588,11.153897285461426,10.68522834777832,11.233907699584961,0.14127831161022186,0.12475444376468658,0.9236230254173279,5.691354751586914,0,0.07959647476673126,15.078946113586426,10.97889232635498,37,25,30,44.44444274902344,
2025-12-30 10:15:13.067000,FinePointe Series WBP [SN 139781]  Site 4 Bias Flow is out of range.,,,,,,,,,,,,,,,,,,,,,,,,,
2025-12-30 10:15:13.067000,FinePointe Series WBP [SN 10499C]  Site 3 Bias Flow is out of range.,,,,,,,,,,,,,,,,,,,,,,,,,
2025-12-30 10:15:15.067000,6d,Toxicity,Original,,149.66024780273438,1.4256763458251953,195.40499877929688,0.5392890572547913,0.7276550531387329,0.6629958152770996,11.153897285461426,10.090949058532715,7.427410125732422,0.21030046045780182,0.2485135942697525,0.5273936986923218,7.789507865905762,0,0.14309163391590118,9.274654388427734,9.64281940460205,37,25,30,0,
2025-12-30 10:15:17.067000,6d,Toxicity,Original,,88.44563293457031,1.776646614074707,157.08338928222656,0.5463675856590271,0.6778469681739807,0.886360764503479,11.153897285461426,7.304748058319092,6.145542144775391,0.37507787346839905,0.3037683963775635,0.3386341333389282,9.299870491027832,0,0.18979690968990326,10.575891494750977,4.2103986740112305,37,25,30,0,
2025-12-30 10:15:19.067000,6d,Toxicity,Original,,94.64839172363281,1.756819725036621,165.9088134765625,0.36454835534095764,0.5308856964111328,0.8359612822532654,11.153897285461426,7.927899360656738,7.123771667480469,0.3681018650531769,0.26679983735084534,0.433796226978302,12.542627334594727,0,0.1976681500673294,17.24618911743164,3.969019651412964,37,25,30,0,
2025-12-30 10:15:21.067000,6d,Toxicity,Original,,203.1383056640625,1.325919270515442,263.3534851074219,0.562606155872345,0.5396513938903809,0.762649655342102,11.153897285461426,11.556612968444824,12.47739028930664,0.17381127178668976,0.13574469089508057,0.9344242811203003,7.2750043869018555,0,0.0916845053434372,14.808778762817383,7.188066005706787,37,25,30,28.571428298950195,
2025-12-30 10:15:23.067000,6d,Toxicity,Original,,184.94143676757812,1.1274480819702148,208.51185607910156,0.47800201177597046,0.5528196692466736,0.8069315552711487,11.153897285461426,12.331216812133789,11.528895378112793,0.1311020702123642,0.1933249533176422,0.8358356356620789,6.635880947113037,0,0.12663675844669342,11.328591346740723,8.424776077270508,37,25,30,50,
2025-12-30 10:15:23.067000,FinePointe Series WBP [SN 139781]  Site 4 Bias Flow is out of range.,,,,,,,,,,,,,,,,,,,,,,,,,
2025-12-30 10:15:23.067000,FinePointe Series WBP [SN 10499C]  Site 3 Bias Flow is out of range.,,,,,,,,,,,,,,,,,,,,,,,,,
2025-12-30 10:15:25.067000,6d,Toxicity,Original,,84.25128173828125,1.6535218954086304,139.5064697265625,0.4849497675895691,0.682250440120697,0.886155366897583,11.153897285461426,6.911189079284668,6.091001033782959,0.37515339255332947,0.33737051486968994,0.3297315239906311,12.555268287658691,0,0.20980173349380493,11.216708183288574,4.924148082733154,37,25,30,40,
2025-12-30 10:15:27.067000,6d,Toxicity,Original,,87.00894165039062,2.0257129669189453,176.09988403320312,0.4387804865837097,0.5621504783630371,0.873929500579834,11.153897285461426,7.853644847869873,7.303596496582031,0.398555725812912,0.2950679659843445,0.4259670376777649,11.14808464050293,0,0.19767731428146362,13.418854713439941,4.3960185050964355,37,25,30,0,
2025-12-30 10:15:29.067000,6d,Toxicity,Original,,219.8704376220703,1.2694960832595825,268.9425354003906,0.5102481842041016,0.5945698022842407,0.6918469667434692,11.153897285461426,12.017386436462402,10.235461235046387,0.14792829751968384,0.13203009963035583,0.8559147119522095,5.7427978515625,0,0.08490944653749466,12.643231391906738,10.212820053100586,37,25,30,0,
2025-12-30 10:15:31.067000,6d,Toxicity,Original,,191.11154174804688,1.0815668106079102,203.4730682373047,0.47113654017448425,0.5419835448265076,0.8293493390083313,11.153897285461426,11.356691360473633,10.357306480407715,0.13940028846263885,0.17861126363277435,0.6763630509376526,5.424245357513428,0,0.11795387417078018,7.850022792816162,6.755702972412109,37,25,30,28.571428298950195,
2025-12-30 10:15:33.067000,6d,Toxicity,Original,,234.5220184326172,1.2383100986480713,278.15313720703125,0.4770706295967102,0.5219948291778564,0.7502716183662415,11.153897285461426,12.622909545898438,11.595813751220703,0.13811957836151123,0.12534640729427338,0.8762233853340149,6.780134201049805,0,0.08476170897483826,14.537201881408691,8.50247859954834,37,25,30,37.5,
2025-12-30 10:15:33.067000,FinePointe Series WBP [SN 139781]  Site 4 Bias Flow is out of range.,,,,,,,,,,,,,,,,,,,,,,,,,
2025-12-30 10:15:33.067000,FinePointe Series WBP [SN 10499C]  Site 3 Bias Flow is out of range.,,,,,,,,,,,,,,,,,,,,,,,,,
2025-12-30 10:15:35.067000,6d,Toxicity,Original,,287.3440856933594,1.0057746171951294,266.416015625,0.5131584405899048,0.6420355439186096,0.6573464274406433,11.153897285461426,13.09807014465332,10.113753318786621,0.11186053603887558,0.11016906797885895,0.8694705963134766,5.142016410827637,0,0.06843263655900955,12.893338203430176,11.142946243286133,37,25,30,25,
2025-12-30 10:15:37.067000,6d,Toxicity,Original,,321.65008544921875,0.8621970415115356,263.1643371582031,0.5784168243408203,0.5844057202339172,0.6792795658111572,11.153897285461426,12.482400894165039,11.166727066040039,0.09848172962665558,0.09694407880306244,0.8908864855766296,4.77912712097168,0,0.06364332884550095,12.829206466674805,10.974939346313477,37,25,30,60,
2025-12-30 10:15:39.067000,6d,Toxicity,Original,,70.96533203125,1.720943570137024,122.12733459472656,1.832947850227356,3.0039472579956055,0.9609724879264832,11.153897285461426,12.677474975585938,5.11720085144043,0.22111570835113525,0.6243675351142883,0.07645552605390549,6.738636016845703,0,0.1589801162481308,1.3924188613891602,42.4747314453125,37,25,30,75,
2025-12-30 10:15:41.067000,6d,Toxicity,Original,,80.77748107910156,2.2153444290161133,178.94993591308594,0.28185972571372986,0.5346989631652832,0.9074237942695618,11.153897285461426,7.36566686630249,5.084704399108887,0.3967466950416565,0.34603458642959595,0.1769442856311798,11.784529685974121,0,0.2384757250547409,7.129039764404297,1.318697452545166,37,25,30,50,
2025-12-30 10:15:43.067000,6d,Toxicity,Original,,91.8765869140625,1.626315712928772,149.39010620117188,0.48551100492477417,0.5766115784645081,0.8406180143356323,11.153897285461426,7.3410468101501465,7.701512336730957,0.3243568539619446,0.32870376110076904,0.47913166880607605,11.2345609664917,0,0.21777088940143585,12.852073669433594,4.574212074279785,37,25,30,0,
2025-12-30 10:15:43.067000,FinePointe Series WBP [SN 139781]  Site 4 Bias Flow is out of range.,,,,,,,,,,,,,,,,,,,,,,,,,
2025-12-30 10:15:43.067000,FinePointe Series WBP [SN 10499C]  Site 3 Bias Flow is out of range.,,,,,,,,,,,,,,,,,,,,,,,,,
2025-12-30 10:15:45.067000,6d,Toxicity,Original,,144.68515014648438,1.371847152709961,192.735107421875,0.6207890510559082,0.594540536403656,0.7968043684959412,11.153897285461426,9.172199249267578,9.981821060180664,0.2486133724451065,0.23718670010566711,0.7946361303329468,9.974117279052734,0,0.15570068359375,13.327217102050781,7.275799751281738,37,25,30,0,
2025-12-30 10:15:47.067000,6d,Toxicity,Original,,344.8194580078125,0.9513822793960571,325.19989013671875,0.5506143569946289,0.6678101420402527,0.5969007611274719,11.153897285461426,13.922481536865234,11.371611595153809,0.10205182433128357,0.07474317401647568,0.9919516444206238,4.7823262214660645,0,0.04602554440498352,15.213420867919922,12.885612487792969,37,25,30,54.54545593261719,
2025-12-30 10:15:49.067000,6d,Toxicity,Original,,373.7309875488281,0.7740181684494019,287.6911926269531,0.6064174175262451,0.670779824256897,0.5270110964775085,11.153897285461426,13.791061401367188,12.095705032348633,0.08568906784057617,0.0752616748213768,1.0721856355667114,4.807791709899902,0,0.04595465585589409,16.001604080200195,13.605607986450195,37,25,30,27.272727966308594,
2025-12-30 10:15:51.067000,6d,Toxicity,Original,,353.62298583984375,0.742560088634491,259.2618103027344,0.425853967666626,0.6315374374389648,0.6164163947105408,11.153897285461426,13.78869915008545,9.235589027404785,0.08426627516746521,0.08884062618017197,0.7807525396347046,5.237279891967773,0,0.05605375021696091,15.409506797790527,11.819295883178711,37,25,30,23.076923370361328,
2025-12-30 10:15:53.067000,6d,Toxicity,Original,,186.56109619140625,1.3511955738067627,234.50396728515625,0.2804778814315796,0.5763012170791626,0.7612310647964478,11.153897285461426,14.059432983398438,7.207223415374756,0.15006263554096222,0.20610889792442322,0.5498321652412415,7.075195789337158,0,0.13229729235172272,11.192461967468262,8.795960426330566,37,25,30,40,
2025-12-30 10:15:53.067000,FinePointe Series WBP [SN 139781]  Site 4 Bias Flow is out of range.,,,,,,,,,,,,,,,,,,,,,,,,,
2025-12-30 10:15:53.067000,FinePointe Series WBP [SN 10499C]  Site 3 Bias Flow is out of range.,,,,,,,,,,,,,,,,,,,,,,,,,
2025-12-30 10:15:55.067000,6d,Toxicity,Original,,97.20328521728516,1.5938928127288818,154.8929443359375,0.5407425761222839,0.6604606509208679,0.793631911277771,11.153897285461426,8.230220794677734,7.411624431610107,0.29061010479927063,0.32667654752731323,0.5702977180480957,9.632105827331543,0,0.20357921719551086,12.372506141662598,9.48813533782959,37,25,30,25,
2025-12-30 10:15:57.067000,6d,Toxicity,Original,,99.94932556152344,1.5052785873413086,150.43321228027344,0.6390920281410217,0.6373099088668823,0.7423721551895142,11.153897285461426,7.850375175476074,8.442294120788574,0.2962358295917511,0.3042418360710144,0.6230462789535522,9.935916900634766,0,0.19473198056221008,13.81220531463623,7.554033279418945,37,25,30,33.33333206176758,
2025-12-30 10:15:59.067000,6d,Toxicity,Original,,321.0122985839844,1.0343984365463257,290.49346923828125,0.587673544883728,0.6432760953903198,0.5973460674285889,11.153897285461426,12.394204139709473,11.59552001953125,0.1380041539669037,0.1015634834766388,0.9889516830444336,6.102212429046631,0,0.06712592393159866,15.527260780334473,11.33127498626709,37,25,30,11.11111068725586,
2025-12-30 10:16:01.067000,6d,Toxicity,Original,,303.94195556640625,0.8691296577453613,251.91893005371094,0.4692389667034149,0.5605543255805969,0.6355766654014587,11.153897285461426,12.918188095092773,10.996493339538574,0.10181377083063126,0.10231271386146545,0.9026320576667786,5.9415507316589355,0,0.06756027787923813,16.482885360717773,10.757245063781738,37,25,30,30,
2025-12-30 10:16:03.067000,6d,Toxicity,Original,,245.99468994140625,1.1013418436050415,270.7744445800781,0.3673732876777649,0.4678799510002136,0.7955187559127808,11.153897285461426,13.19054889678955,10.977325439453125,0.12619787454605103,0.1180751770734787,0.8442961573600769,11.662313461303711,0,0.08309122920036316,19.07419204711914,8.960864067077637,37,25,30,0,
2025-12-30 10:16:03.067000,FinePointe Series WBP [SN 139781]  Site 4 Bias Flow is out of range.,,,,,,,,,,,,,,,,,,,,,,,,,
2025-12-30 10:16:05.067000,6d,Toxicity,Original,,75.10469818115234,1.254083514213562,94.18755340576172,1.256339430809021,0.9441509246826172,0.9051404595375061,11.153897285461426,6.808413982391357,7.562157154083252,0.3105628192424774,0.48832201957702637,0.3066297471523285,7.444670677185059,0,0.25824809074401855,,3.222230911254883,37,25,30,66.66666412353516,
2025-12-30 10:16:05.067000,FinePointe Series WBP [SN 10499C]  Site 3 Bias Flow is out of range.,,,,,,,,,,,,,,,,,,,,,,,,,
2025-12-30 10:16:07.067000,6d,Toxicity,Original,,91.45703887939453,1.8666465282440186,170.04251098632812,0.47483372688293457,0.613013744354248,0.8464875221252441,11.153897285461426,8.200363159179688,6.896508693695068,0.33229175209999084,0.324352502822876,0.38896456360816956,9.099611282348633,0,0.2079109400510788,9.074930191040039,5.174087047576904,37,25,30,40,
2025-12-30 10:16:09.067000,6d,Toxicity,Original,,177.88995361328125,1.3639039993286133,231.17269897460938,0.4412853717803955,0.446790874004364,0.8211603164672852,11.153897285461426,11.749510765075684,11.579258918762207,0.174291729927063,0.18676289916038513,0.7027304768562317,6.761351585388184,0,0.13453181087970734,11.011764526367188,6.222776889801025,37,25,30,20,
2025-12-30 10:16:11.067000,6d,Toxicity,Original,,287.4949035644531,0.8978195786476135,254.22781372070312,0.5943048596382141,0.6228622794151306,0.6877046823501587,11.153897285461426,12.208731651306152,11.567184448242188,0.10831530392169952,0.10276421904563904,0.9440837502479553,4.894217491149902,0,0.06471850723028183,13.243185043334961,11.410005569458008,37,25,30,33.33333206176758,
2025-12-30 10:16:13.067000,6d,Toxicity,Original,,201.87869262695312,1.0787901878356934,217.7847442626953,0.35898271203041077,0.5440547466278076,0.8658356666564941,11.153897285461426,12.965987205505371,9.482069969177246,0.12396515160799026,0.17324303090572357,0.6511207222938538,6.285643100738525,0,0.11412268131971359,10.61381721496582,6.185543060302734,37,25,30,50,
2025-12-30 10:16:13.067000,FinePointe Series WBP [SN 139781]  Site 4 Bias Flow is out of range.,,,,,,,,,,,,,,,,,,,,,,,,,
2025-12-30 10:16:13.067000,FinePointe Series WBP [SN 10499C]  Site 3 Bias Flow is out of range.,,,,,,,,,,,,,,,,,,,,,,,,,
2025-12-30 10:16:15.067000,6d,Toxicity,Original,,89.1192626953125,2.212461471557617,197.17294311523438,0.29719078540802,0.5319395661354065,0.8834306001663208,11.153897285461426,9.378413200378418,6.334965705871582,0.3608366847038269,0.3124184310436249,0.2507641613483429,10.078654289245605,0,0.21098896861076355,8.73159408569336,1.2002490758895874,37,25,30,75,
2025-12-30 10:16:17.067000,6d,Toxicity,Original,,99.42172241210938,1.6711903810501099,165.4083251953125,0.5259507894515991,0.5433972477912903,0.8634461164474487,11.153897285461426,7.84527587890625,9.335468292236328,0.3099466562271118,0.3040614128112793,0.5376070737838745,9.609251976013184,0,0.2042447030544281,11.85083293914795,3.9310097694396973,37,25,30,0,
2025-12-30 10:16:19.067000,6d,Toxicity,Original,,246.23681640625,1.07644522190094,243.14378356933594,0.567930281162262,0.6052964925765991,0.657747209072113,11.153897285461426,12.399667739868164,11.484554290771484,0.12700609862804413,0.13829529285430908,0.9345933198928833,6.0999932289123535,0,0.0886354148387909,12.398801803588867,9.831825256347656,37,25,30,0,
2025-12-30 10:16:21.067000,6d,Toxicity,Original,,253.99925231933594,0.9664674401283264,243.98898315429688,0.46086859703063965,0.5915016531944275,0.650941014289856,11.153897285461426,13.801156997680664,10.716926574707031,0.10555396974086761,0.1345774084329605,0.7822620272636414,5.217177391052246,0,0.08661156892776489,11.341167449951172,9.45231819152832,37,25,30,25,
2025-12-30 10:16:23.067000,6d,Toxicity,Original,,335.64141845703125,0.7155315279960632,231.4333038330078,0.42227718234062195,0.5835424661636353,0.694805383682251,11.153897285461426,12.591130256652832,9.199891090393066,0.08957002311944962,0.09305012971162796,0.7619668841362,5.555883407592773,0,0.05991991609334946,16.347291946411133,11.738703727722168,37,25,30,40,
2025-12-30 10:16:23.067000,FinePointe Series WBP [SN 139781]  Site 4 Bias Flow is out of range.,,,,,,,,,,,,,,,,,,,,,,,,,
2025-12-30 10:16:23.067000,FinePointe Series WBP [SN 10499C]  Site 3 Bias Flow is out of range.,,,,,,,,,,,,,,,,,,,,,,,,,
2025-12-30 10:16:25.067000,6d,Toxicity,Original,,204.68251037597656,1.138354778289795,212.8971405029297,0.29423385858535767,0.5704326629638672,0.667105495929718,11.153897285461426,13.368329048156738,6.738365650177002,0.13222123682498932,0.2105616331100464,0.411984920501709,5.847315788269043,0,0.13905403017997742,8.759276390075684,8.76496696472168,37,25,30,0,
2025-12-30 10:16:27.067000,6d,Toxicity,Original,,93.2550277709961,1.5493626594543457,143.8916015625,0.5410729646682739,0.5836043357849121,0.7734957933425903,11.153897285461426,6.973773956298828,7.615838050842285,0.3249203562736511,0.3198389708995819,0.4866883158683777,11.714680671691895,0,0.21020330488681793,12.468761444091797,5.483880043029785,37,25,30,0,
2025-12-30 10:16:29.067000,6d,Toxicity,Original,,97.05636596679688,1.4100009202957153,136.8495635986328,0.5418749451637268,0.5272261500358582,0.8221448659896851,11.153897285461426,6.818709373474121,9.178951263427734,0.336008757352829,0.2821887135505676,0.6711450815200806,13.202695846557617,0,0.19693244993686676,18.66598129272461,5.37834358215332,37,25,30,66.66666412353516,
2025-12-30 10:16:31.067000,6d,Toxicity,Original,,240.5433807373047,1.4706923961639404,260.335693359375,0.47478100657463074,0.5109825134277344,0.7580274343490601,11.153897285461426,11.511160850524902,11.543875694274902,0.19288304448127747,0.15095344185829163,0.9082179665565491,12.745370864868164,0,0.11044713854789734,17.5336971282959,13.201934814453125,37,25,30,28.571428298950195,
2025-12-30 10:16:33.067000,6d,Toxicity,Original,,301.753662109375,0.6931934952735901,211.08926391601562,0.3792151212692261,0.6506363749504089,0.6704455614089966,11.153897285461426,13.23943042755127,8.02255630493164,0.08339805155992508,0.12530872225761414,0.6630603075027466,4.824186325073242,0,0.07659265398979187,12.470773696899414,12.684025764465332,37,25,30,45.45454406738281,
2025-12-30 10:16:33.067000,FinePointe Series WBP [SN 139781]  Site 4 Bias Flow is out of range.,,,,,,,,,,,,,,,,,,,,,,,,,
2025-12-30 10:16:33.067000,FinePointe Series WBP [SN 10499C]  Site 3 Bias Flow is out of range.,,,,,,,,,,,,,,,,,,,,,,,,,
2025-12-30 10:16:35.067000,6d,Toxicity,Original,,88.24356842041016,1.9366638660430908,170.8981475830078,0.25186237692832947,0.36559441685676575,0.9189603924751282,11.153897285461426,9.079510688781738,8.063976287841797,0.2794836759567261,0.40045252442359924,0.21459874510765076,7.315731525421143,0,0.29807329177856445,7.25787878036499,,37,25,30,66.66666412353516,
2025-12-30 10:16:37.067000,6d,Toxicity,Original,,87.65289306640625,1.8015012741088867,157.51644897460938,0.4172627329826355,0.580269455909729,0.8820065259933472,11.153897285461426,7.599070072174072,6.894696235656738,0.33922329545021057,0.3461042642593384,0.38289186358451843,9.359600067138672,0,0.22740934789180756,8.947460174560547,3.7627310752868652,37,25,30,0,
2025-12-30 10:16:39.067000,6d,Toxicity,Original,,173.89883422851562,1.234222650527954,186.55313110351562,0.6422939300537109,0.8726677894592285,0.583507776260376,11.153897285461426,9.398086547851562,7.905786991119385,0.21284547448158264,0.23203042149543762,0.5809729099273682,6.923389911651611,25.504634857177734,0.12441917508840561,11.90623664855957,14.300437927246094,37,25,30,33.33333206176758,
2025-12-30 10:16:41.067000,6d,Toxicity,Original,,271.42138671875,0.8191036581993103,210.93966674804688,0.5103967785835266,0.5660696029663086,0.6972376108169556,11.153897285461426,10.679695129394531,9.827448844909668,0.11064587533473969,0.11949780583381653,0.8012321591377258,6.257242679595947,0,0.07856819778680801,15.504968643188477,9.925222396850586,37,25,30,12.5,
2025-12-30 10:16:43.067000,6d,Toxicity,Original,,92.47529602050781,1.665488362312317,153.5169677734375,0.45989853143692017,0.6669528484344482,0.8699367046356201,11.153897285461426,8.366409301757812,6.784852027893066,0.299856036901474,0.3504863679409027,0.40631672739982605,8.974244117736816,0,0.21728843450546265,6.758968353271484,4.435341835021973,37,25,30,33.33333206176758,
2025-12-30 10:16:43.067000,FinePointe Series WBP [SN 139781]  Site 4 Bias Flow is out of range.,,,,,,,,,,,,,,,,,,,,,,,,,
2025-12-30 10:16:43.067000,FinePointe Series WBP [SN 10499C]  Site 3 Bias Flow is out of range.,,,,,,,,,,,,,,,,,,,,,,,,,
2025-12-30 10:16:45.067000,6d,Toxicity,Original,,90.39421844482422,1.7850934267044067,161.20701599121094,0.3786109983921051,0.5676735639572144,0.8822492361068726,11.153897285461426,7.607399940490723,6.272649765014648,0.3452762961387634,0.3189357817173004,0.37587425112724304,13.658697128295898,0,0.21094098687171936,11.254175186157227,3.265946865081787,37,25,30,0,
2025-12-30 10:16:47.067000,6d,Toxicity,Original,,90.57460021972656,1.6673182249069214,150.5581817626953,0.447751522064209,0.3850260078907013,0.8741560578346252,11.153897285461426,6.757720947265625,9.833017349243164,0.36197349429130554,0.3158521056175232,0.5886054635047913,12.698175430297852,0,0.23913297057151794,15.52855110168457,1.6621402502059937,37,25,30,0,
2025-12-30 10:16:49.067000,6d,Toxicity,Original,,201.6300811767578,1.2156482934951782,244.8899688720703,0.4198617935180664,0.506137490272522,0.762317419052124,11.153897285461426,12.285615921020508,10.750415802001953,0.1559513509273529,0.14739015698432922,0.7590104937553406,28.700763702392578,0,0.10001932084560394,9.775176048278809,6.505934715270996,37,25,30,33.33333206176758,
2025-12-30 10:16:51.067000,6d,Toxicity,Original,,238.2932891845703,1.133678913116455,270.97509765625,0.41539984941482544,0.5641773343086243,0.6758028268814087,11.153897285461426,14.307609558105469,10.807829856872559,0.12112601101398468,0.131259948015213,0.8048349618911743,5.974961280822754,0,0.08603538572788239,13.242134094238281,9.968573570251465,37,25,30,50,
2025-12-30 10:16:53.067000,6d,Toxicity,Original,,116.40643310546875,1.705761432647705,190.05343627929688,0.37670812010765076,0.5590135455131531,0.923662543296814,11.153897285461426,11.084321975708008,7.81220817565918,0.25013768672943115,0.33613747358322144,0.2771514356136322,8.35079574584961,0,0.2146226465702057,4.889561653137207,,37,25,30,33.33333206176758,
2025-12-30 10:16:53.067000,FinePointe Series WBP [SN 139781]  Site 4 Bias Flow is out of range.,,,,,,,,,,,,,,,,,,,,,,,,,
2025-12-30 10:16:53.067000,FinePointe Series WBP [SN 10499C]  Site 3 Bias Flow is out of range.,,,,,,,,,,,,,,,,,,,,,,,,,
2025-12-30 10:16:55.067000,6d,Toxicity,Original,,222.87159729003906,1.317388653755188,271.4878845214844,0.3501783013343811,0.5378790497779846,0.7544019222259521,11.153897285461426,14.222217559814453,9.138632774353027,0.1364663988351822,0.1611737161874771,0.6185491681098938,5.717728614807129,0,0.10973048210144043,10.550823211669922,9.980547904968262,37,25,30,14.285714149475098,
2025-12-30 10:16:57.067000,6d,Toxicity,Original,,291.62530517578125,0.7760686874389648,226.32125854492188,0.6203977465629578,0.6439442038536072,0.47668322920799255,11.153897285461426,12.281314849853516,11.788759231567383,0.09665634483098984,0.10908711701631546,1.0482535362243652,5.2168288230896,0,0.06748119741678238,14.697802543640137,12.001754760742188,37,25,30,0,
2025-12-30 10:16:59.067000,6d,Toxicity,Original,,81.72346496582031,1.4968655109405518,122.50193786621094,0.5529588460922241,0.5991214513778687,0.9014937877655029,11.153897285461426,6.474923133850098,7.652707099914551,0.35069262981414795,0.38382282853126526,0.30179816484451294,9.932405471801758,0,0.2512128949165344,7.526940822601318,0.18901991844177246,37,25,30,60,
2025-12-30 10:17:01.067000,6d,Toxicity,Original,,93.04022216796875,1.7504148483276367,162.92916870117188,0.4093145430088043,0.5399776697158813,0.866300642490387,11.153897285461426,7.738994121551514,7.327446460723877,0.3305433392524719,0.3146402835845947,0.3715079128742218,11.12165355682373,0,0.21546697616577148,10.489789962768555,2.4309136867523193,37,25,30,0,
2025-12-30 10:17:03.067000,6d,Toxicity,Original,,141.6183624267578,1.4894347190856934,203.72128295898438,0.36513614654541016,0.4983982443809509,0.8366705775260925,11.153897285461426,10.210941314697266,7.72127628326416,0.2465987652540207,0.24857105314731598,0.4162273406982422,8.363497734069824,0,0.17250119149684906,13.001787185668945,4.501413345336914,37,25,30,0,
2025-12-30 10:17:03.067000,FinePointe Series WBP [SN 139781]  Site 4 Bias Flow is out of range.,,,,,,,,,,,,,,,,,,,,,,,,,
2025-12-30 10:17:05.067000,6d,Toxicity,Original,,213.0228271484375,1.2972517013549805,260.4814758300781,0.33870431780815125,0.49256718158721924,0.7677427530288696,11.153897285461426,13.853959083557129,9.491385459899902,0.1358187198638916,0.16252459585666656,0.5921652913093567,5.672005653381348,0,0.11340876668691635,12.818643569946289,7.82758903503418,37,25,30,33.33333206176758,
2025-12-30 10:17:05.067000,FinePointe Series WBP [SN 10499C]  Site 3 Bias Flow is out of range.,,,,,,,,,,,,,,,,,,,,,,,,,
2025-12-30 10:17:07.067000,6d,Toxicity,Original,,63.93107604980469,1.603299617767334,102.50066375732422,0.7300115823745728,0.7964317202568054,0.9254864454269409,11.153897285461426,8.123513221740723,7.238647937774658,0.3204573392868042,0.6180533766746521,0.2566453814506531,8.706426620483398,0,0.3527056574821472,,1.1018915176391602,37,25,30,66.66666412353516,
2025-12-30 10:17:09.067000,6d,Toxicity,Original,,79.20246887207031,1.8440256118774414,147.21231079101562,0.592619776725769,0.8304042220115662,0.9161531329154968,11.153897285461426,7.880375862121582,5.066719055175781,0.3351801633834839,0.4243376851081848,0.18011921644210815,8.785135269165039,0,0.24318206310272217,1.8815516233444214,7.95172643661499,37,25,30,33.33333206176758,
2025-12-30 10:17:11.067000,6d,Toxicity,Original,,187.13751220703125,1.3384027481079102,231.59634399414062,0.40303853154182434,0.4879734218120575,0.8280223608016968,11.153897285461426,11.506296157836914,10.086591720581055,0.17700710892677307,0.18004409968852997,0.6462717652320862,6.795554161071777,0,0.12652745842933655,11.045939445495605,5.568286418914795,37,25,30,16.66666603088379,
2025-12-30 10:17:13.067000,6d,Toxicity,Original,,229.50274658203125,0.906684935092926,202.0640869140625,0.4971162676811218,0.5843039751052856,0.6899269223213196,11.153897285461426,11.282106399536133,9.871795654296875,0.1250443011522293,0.14294396340847015,0.7009738683700562,17.18915367126465,0,0.09265393763780594,11.524094581604004,7.394144535064697,37,25,30,25,
2025-12-30 10:17:13.067000,FinePointe Series WBP [SN 139781]  Site 4 Bias Flow is out of range.,,,,,,,,,,,,,,,,,,,,,,,,,
2025-12-30 10:17:15.067000,6d,Toxicity,Original,,229.03912353515625,1.201883316040039,199.51829528808594,0.36562973260879517,0.6247814297676086,0.7106720209121704,11.153897285461426,12.66118049621582,7.535226821899414,0.13850274682044983,0.2399878054857254,0.46023768186569214,6.3103532791137695,0,0.15380507707595825,11.366503715515137,10.871505737304688,37,25,30,20,
2025-12-30 10:17:15.067000,FinePointe Series WBP [SN 10499C]  Site 3 Bias Flow is out of range.,,,,,,,,,,,,,,,,,,,,,,,,,
2025-12-30 10:17:17.067000,6d,Toxicity,Original,,86.85203552246094,1.8570201396942139,161.28598022460938,0.422160804271698,0.6160878539085388,0.9387640357017517,11.153897285461426,10.055012702941895,8.325645446777344,0.30308619141578674,0.38774389028549194,0.3556945025920868,7.941795349121094,0,0.24611683189868927,3.5981833934783936,0.7479749917984009,37,25,30,66.66666412353516,
2025-12-30 10:17:19.067000,6d,Toxicity,Original,,89.13482666015625,1.8624579906463623,166.00987243652344,0.43766406178474426,0.6553040742874146,0.9054880738258362,11.153897285461426,9.782222747802734,6.735374927520752,0.2910231947898865,0.38211435079574585,0.3531820774078369,11.936158180236816,0,0.23961524665355682,5.868658065795898,4.676416873931885,37,25,30,75,
2025-12-30 10:17:21.067000,6d,Toxicity,Original,,91.6865234375,1.8579226732254028,170.25863647460938,0.49040141701698303,0.6252404451370239,0.5317290425300598,11.153897285461426,8.579018592834473,6.682469367980957,0.32780879735946655,0.3316705524921417,0.3214663863182068,8.832928657531738,0,0.21383075416088104,8.759284973144531,1.5032910108566284,37,25,30,60,
2025-12-30 10:17:23.067000,6d,Toxicity,Original,,80.61127471923828,1.6215521097183228,130.35968017578125,0.38676318526268005,0.4723687767982483,0.8939458131790161,11.153897285461426,7.869362831115723,8.134613037109375,0.3388369381427765,0.40882012248039246,0.2925383150577545,12.742852210998535,0,0.28949040174484253,7.682503700256348,0.426871120929718,37,25,30,0,
2025-12-30 10:17:23.067000,FinePointe Series WBP [SN 139781]  Site 4 Bias Flow is out of range.,,,,,,,,,,,,,,,,,,,,,,,,,
2025-12-30 10:17:23.067000,FinePointe Series WBP [SN 10499C]  Site 3 Bias Flow is out of range.,,,,,,,,,,,,,,,,,,,,,,,,,
2025-12-30 10:17:25.067000,6d,Toxicity,Original,,104.5783920288086,1.706047534942627,178.6684112548828,0.423728346824646,0.4846689701080322,0.8703773021697998,11.153897285461426,8.391679763793945,9.257153511047363,0.29606205224990845,0.29215213656425476,0.6121360063552856,11.277388572692871,0,0.204506978392601,13.662267684936523,3.0204687118530273,37,25,30,0,
2025-12-30 10:17:27.067000,6d,Toxicity,Original,,226.54696655273438,0.9354279041290283,180.4772186279297,0.3087460696697235,0.4409988224506378,0.8323866128921509,11.153897285461426,10.121965408325195,8.190339088439941,0.14157505333423615,0.19335538148880005,0.6061206459999084,9.881855964660645,0,0.14180012047290802,20.916011810302734,7.814807415008545,37,25,30,42.85714340209961,
2025-12-30 10:17:29.067000,6d,Toxicity,Original,,173.19505310058594,1.4598472118377686,243.85447692871094,0.34457340836524963,0.47909116744995117,0.8343768119812012,11.153897285461426,12.358266830444336,9.460975646972656,0.16460086405277252,0.19674229621887207,0.5393500328063965,6.03348970413208,0,0.1352957785129547,7.415915012359619,3.4418375492095947,37,25,30,16.66666603088379,
2025-12-30 10:17:31.067000,6d,Toxicity,Original,,227.68043518066406,1.0752301216125488,226.23907470703125,0.52829909324646,0.6173030138015747,0.7813438773155212,11.153897285461426,12.168769836425781,9.769960403442383,0.13216671347618103,0.16325579583644867,0.6430016160011292,5.368552207946777,0,0.10218628495931625,9.7175931930542,7.432154655456543,37,25,30,42.85714340209961,
2025-12-30 10:17:31.067000,FinePointe Series WBP [SN 139781]  Site 4 Bias Flow is out of range.,,,,,,,,,,,,,,,,,,,,,,,,,
2025-12-30 10:17:31.067000,FinePointe Series WBP [SN 10499C]  Site 3 Bias Flow is out of range.,,,,,,,,,,,,,,,,,,,,,,,,,
2025-12-30 10:17:35.067000,6d,Toxicity,Original,,79.3626480102539,1.6767163276672363,133.34999084472656,0.4043002128601074,0.5631042718887329,0.9080109000205994,11.153897285461426,7.518396854400635,6.57994270324707,0.34953469038009644,0.408491313457489,0.23607370257377625,10.715551376342773,0,0.2707652151584625,5.713376998901367,0.08692870289087296,37,25,30,66.66666412353516,
2025-12-30 10:17:37.067000,6d,Toxicity,Original,,87.97331237792969,1.6479790210723877,144.71310424804688,0.40940767526626587,0.5275882482528687,0.88470059633255,11.153897285461426,6.982850074768066,7.141196250915527,0.3255240023136139,0.3578307330608368,0.3663249611854553,9.520956993103027,0,0.2423822432756424,8.747723579406738,2.1996259689331055,37,25,30,0,
2025-12-30 10:17:39.067000,6d,Toxicity,Original,,156.0914306640625,1.3384705781936646,205.90650939941406,0.36002135276794434,0.4505626857280731,0.8716071844100952,11.153897285461426,12.501121520996094,10.694303512573242,0.1622457504272461,0.23282836377620697,0.6081869602203369,7.919198036193848,0,0.16320514678955078,9.262194633483887,4.13726282119751,37,25,30,16.66666603088379,
2025-12-30 10:17:41.067000,6d,Toxicity,Original,,153.5172882080078,1.4788179397583008,227.73443603515625,0.38441747426986694,0.5931553244590759,0.8887559175491333,11.153897285461426,13.003162384033203,8.548614501953125,0.16477268934249878,0.23075246810913086,0.4871940612792969,5.367246627807617,0,0.14778786897659302,5.474608421325684,5.173619747161865,37,25,30,20,
2025-12-30 10:17:43.067000,6d,Toxicity,Original,,213.92913818359375,1.0164366960525513,166.75714111328125,0.42427143454551697,0.5265387892723083,0.7594016790390015,11.153897285461426,10.851432800292969,8.939423561096191,0.1419304609298706,0.24099209904670715,0.5600458979606628,5.9921393394470215,0,0.17276760935783386,7.549077033996582,14.600625038146973,37,25,30,0,
2025-12-30 10:17:43.067000,FinePointe Series WBP [SN 139781]  Site 4 Bias Flow is out of range.,,,,,,,,,,,,,,,,,,,,,,,,,
2025-12-30 10:17:43.067000,FinePointe Series WBP [SN 10499C]  Site 3 Bias Flow is out of range.,,,,,,,,,,,,,,,,,,,,,,,,,
2025-12-30 10:17:45.067000,6d,Toxicity,Original,,79.09770202636719,1.905936360359192,150.75604248046875,0.5815340280532837,0.9728387594223022,0.8801497220993042,11.153897285461426,9.082423210144043,4.1525797843933105,0.3218296468257904,0.4367258548736572,0.1190292090177536,8.70319652557373,0,0.23184390366077423,2.579691171646118,2.6402244567871094,37,25,30,50,
2025-12-30 10:17:47.067000,6d,Toxicity,Original,,79.92884063720703,1.8172180652618408,145.1589813232422,0.45900410413742065,0.5538601875305176,0.8723064064979553,11.153897285461426,7.546572208404541,6.5319623947143555,0.35873937606811523,0.3920804560184479,0.28481388092041016,8.464136123657227,0,0.26115912199020386,6.568521499633789,1.869117021560669,37,25,30,0,
2025-12-30 10:17:49.067000,6d,Toxicity,Original,,136.15414428710938,1.2962843179702759,157.46189880371094,0.459538072347641,0.5039609670639038,0.8329164385795593,11.153897285461426,8.93014907836914,8.893640518188477,0.22998346388339996,0.2792521119117737,0.5278096199035645,9.781444549560547,0,0.1954929530620575,12.752097129821777,5.4291768074035645,37,25,30,0,
2025-12-30 10:17:51.067000,6d,Toxicity,Original,,281.0789794921875,0.9945195317268372,227.4949951171875,0.47745534777641296,0.7061640024185181,0.570988655090332,11.153897285461426,12.206491470336914,7.566685199737549,0.11519358307123184,0.1387968212366104,0.5850871205329895,4.928123474121094,0,0.08481207489967346,11.191767692565918,10.711687088012695,37,25,30,28.571428298950195,
2025-12-30 10:17:53.067000,6d,Toxicity,Original,,225.41879272460938,0.8342034816741943,183.63311767578125,0.43550074100494385,0.4904228448867798,0.8075350522994995,11.153897285461426,10.572291374206543,10.096695899963379,0.12163165211677551,0.1520104557275772,0.6581923961639404,6.7813720703125,0,0.10454089194536209,11.684893608093262,7.166160583496094,37,25,30,60,
2025-12-30 10:17:53.067000,FinePointe Series WBP [SN 139781]  Site 4 Bias Flow is out of range.,,,,,,,,,,,,,,,,,,,,,,,,,
2025-12-30 10:17:53.067000,FinePointe Series WBP [SN 10499C]  Site 3 Bias Flow is out of range.,,,,,,,,,,,,,,,,,,,,,,,,,
2025-12-30 10:17:55.067000,6d,Toxicity,Original,,190.222900390625,1.3532758951187134,156.07489013671875,0.836877167224884,1.3587791919708252,0.26745331287384033,11.153897285461426,11.324636459350586,5.645098686218262,0.16725869476795197,0.3121296167373657,0.2636507749557495,5.630056381225586,0,0.1236375942826271,19.49989891052246,28.80244255065918,37,25,30,40,
2025-12-30 10:17:57.067000,6d,Toxicity,Original,,74.25511932373047,2.154040575027466,159.94854736328125,0.41210561990737915,0.7004836797714233,0.9224967956542969,11.153897285461426,9.418301582336426,4.794045448303223,0.3527389466762543,0.4552861452102661,0.2011713683605194,7.969582557678223,0,0.2742190361022949,0.8055157661437988,2.919717788696289,37,25,30,50,
2025-12-30 10:17:59.067000,6d,Toxicity,Original,,84.20494842529297,1.8033568859100342,151.20700073242188,0.4978359341621399,0.606042206287384,0.8977368474006653,11.153897285461426,7.834758281707764,6.7585835456848145,0.31939345598220825,0.39570552110671997,0.34928449988365173,8.743498802185059,0,0.2532995939254761,7.747047424316406,3.4615907669067383,37,25,30,0,
2025-12-30 10:18:01.067000,6d,Toxicity,Original,,160.0091094970703,1.3456701040267944,212.63369750976562,0.5206515789031982,0.48654448986053467,0.8530805706977844,11.153897285461426,9.732824325561523,11.128870964050293,0.2119135856628418,0.20640651881694794,0.7402138710021973,8.362062454223633,0,0.1441592127084732,13.01395034790039,5.3388519287109375,37,25,30,25,
2025-12-30 10:18:03.067000,6d,Toxicity,Original,,215.16189575195312,1.082666039466858,202.54876708984375,0.36706435680389404,0.5591332912445068,0.6751152873039246,11.153897285461426,12.797183990478516,8.081947326660156,0.12317973375320435,0.1996743381023407,0.5510271787643433,4.752087116241455,0,0.13235732913017273,9.63232421875,7.729748249053955,37,25,30,25,
2025-12-30 10:18:03.067000,FinePointe Series WBP [SN 139781]  Site 4 Bias Flow is out of range.,,,,,,,,,,,,,,,,,,,,,,,,,
2025-12-30 10:18:05.067000,6d,Toxicity,Original,,180.25674438476562,1.3602999448776245,240.6419219970703,0.24869558215141296,0.4658072590827942,0.8776226043701172,11.153897285461426,14.119552612304688,8.088871002197266,0.1396903693675995,0.20272955298423767,0.418317586183548,5.890938758850098,0,0.14069680869579315,6.147306442260742,6.456089496612549,37,25,30,33.33333206176758,
2025-12-30 10:18:05.067000,FinePointe Series WBP [SN 10499C]  Site 3 Bias Flow is out of range.,,,,,,,,,,,,,,,,,,,,,,,,,
2025-12-30 10:18:07.067000,6d,Toxicity,Original,,323.8028259277344,0.5988972187042236,193.92462158203125,0.5490311980247498,0.5782243013381958,0.7136949896812439,11.153897285461426,12.018972396850586,11.642176628112793,0.08161219954490662,0.10368575155735016,1.0266191959381104,5.976166725158691,0,0.06681350618600845,16.94183921813965,12.874669075012207,37,25,30,66.66666412353516,
2025-12-30 10:18:11.067000,6d,Toxicity,Original,,77.08753967285156,1.7175041437149048,132.36325073242188,0.4488368034362793,0.5194414258003235,0.8932533264160156,11.153897285461426,7.767924785614014,6.6948561668396,0.31266093254089355,0.4656807780265808,0.24335193634033203,7.619803428649902,0,0.31287285685539246,0.5240299105644226,,37,25,30,77.77777862548828,
2025-12-30 10:18:13.067000,6d,Toxicity,Original,,92.57168579101562,1.3871477842330933,128.41061401367188,0.6490138173103333,0.5881091952323914,0.8392050862312317,11.153897285461426,7.066889762878418,8.02970027923584,0.2906651794910431,0.3574811518192291,0.45582279562950134,8.869068145751953,0,0.23309291899204254,6.860881328582764,5.140138149261475,37,25,30,0,
2025-12-30 10:18:13.067000,FinePointe Series WBP [SN 139781]  Site 4 Bias Flow is out of range.,,,,,,,,,,,,,,,,,,,,,,,,,
2025-12-30 10:18:15.067000,6d,Toxicity,Original,,121.9643325805664,1.5192047357559204,185.24459838867188,0.37139543890953064,0.4988517463207245,0.8784911632537842,11.153897285461426,11.561334609985352,8.869268417358398,0.2034115046262741,0.2930590808391571,0.4326510429382324,7.230256080627441,0,0.19970959424972534,8.523052215576172,2.843040943145752,37,25,30,33.33333206176758,
2025-12-30 10:18:15.067000,FinePointe Series WBP [SN 10499C]  Site 3 Bias Flow is out of range.,,,,,,,,,,,,,,,,,,,,,,,,,
2025-12-30 10:18:17.067000,6d,Toxicity,Original,,125.08222961425781,1.6706955432891846,212.8534698486328,0.9794015288352966,1.669961929321289,0.5933732390403748,11.153897285461426,13.60244083404541,6.390569686889648,0.19278821349143982,0.44695979356765747,0.33901089429855347,5.891327857971191,0,0.15069356560707092,7.000268936157227,23.853599548339844,37,25,30,33.33333206176758,
2025-12-30 10:18:19.067000,6d,Toxicity,Original,,66.52861022949219,2.001659393310547,133.07168579101562,0.3059934079647064,0.532600998878479,0.9446808695793152,11.153897285461426,8.076211929321289,5.759328842163086,0.33637648820877075,0.5673261284828186,0.12577268481254578,6.6851701736450195,0,0.3759528398513794,,,37,25,30,0,
2025-12-30 10:18:21.067000,6d,Toxicity,Original,,74.83277893066406,1.860755443572998,138.89010620117188,0.3973946273326874,0.532406747341156,0.9113918542861938,11.153897285461426,7.885105609893799,6.74036979675293,0.3240746855735779,0.48119187355041504,0.2514672577381134,7.398561000823975,0,0.32051482796669006,1.8352470397949219,,37,25,30,0,
2025-12-30 10:18:23.067000,6d,Toxicity,Original,,173.82786560058594,1.3343355655670166,213.8776092529297,0.5167626738548279,0.5946467518806458,0.7095035314559937,11.153897285461426,11.545019149780273,9.868350982666016,0.18183636665344238,0.210530087351799,0.7108534574508667,7.525457859039307,0,0.1382514387369156,10.431893348693848,7.630998611450195,37,25,30,0,
2025-12-30 10:18:23.067000,FinePointe Series WBP [SN 139781]  Site 4 Bias Flow is out of range.,,,,,,,,,,,,,,,,,,,,,,,,,
2025-12-30 10:18:23.067000,FinePointe Series WBP [SN 10499C]  Site 3 Bias Flow is out of range.,,,,,,,,,,,,,,,,,,,,,,,,,
2025-12-30 10:18:25.067000,6d,Toxicity,Original,,249.5417022705078,0.8653861880302429,212.92625427246094,0.37115323543548584,0.48317232728004456,0.8057894706726074,11.153897285461426,12.444189071655273,9.975038528442383,0.10401051491498947,0.14007511734962463,0.6946403980255127,5.697759628295898,0,0.09549679607152939,13.523845672607422,7.960856914520264,37,25,30,40,
2025-12-30 10:18:27.067000,6d,Toxicity,Original,,65.71403503417969,1.5684006214141846,103.22462463378906,0.6739091873168945,0.8935109972953796,0.9474090337753296,11.153897285461426,10.199463844299316,7.258606910705566,0.251434862613678,0.6618651151657104,0.20032745599746704,6.034626007080078,0,0.35332420468330383,,6.37832498550415,37,25,30,33.33333206176758,
2025-12-30 10:18:29.067000,6d,Toxicity,Original,,126.70928192138672,1.6748430728912354,209.93507385253906,0.20753423869609833,0.3442675769329071,0.9104732871055603,11.153897285461426,12.840765953063965,8.294389724731445,0.19868387281894684,0.28525733947753906,0.3163793683052063,6.651372909545898,0,0.21615129709243774,3.6883203983306885,,37,25,30,20,
2025-12-30 10:18:31.067000,6d,Toxicity,Original,,75.74418640136719,1.635716438293457,123.89601135253906,0.563312292098999,0.7061754465103149,0.9151076078414917,11.153897285461426,10.359024047851562,7.270289421081543,0.23264294862747192,0.559497058391571,0.2052595019340515,7.425527095794678,0,0.3329832851886749,,,37,25,30,50,
2025-12-30 10:18:33.067000,6d,Toxicity,Original,,72.15242004394531,1.7594451904296875,127.70266723632812,0.5345306396484375,0.6709088683128357,0.919675350189209,11.153897285461426,8.210619926452637,6.676711559295654,0.3277049660682678,0.5098480582237244,0.2086063027381897,7.6617279052734375,0,0.312116414308548,3.7037198543548584,2.2718544006347656,37,25,30,0,
2025-12-30 10:18:33.067000,FinePointe Series WBP [SN 139781]  Site 4 Bias Flow is out of range.,,,,,,,,,,,,,,,,,,,,,,,,,
2025-12-30 10:18:33.067000,FinePointe Series WBP [SN 10499C]  Site 3 Bias Flow is out of range.,,,,,,,,,,,,,,,,,,,,,,,,,
2025-12-30 10:18:35.067000,6d,Toxicity,Original,,86.74307250976562,1.6718361377716064,143.73133850097656,0.4015660583972931,0.4495875835418701,0.8948535323143005,11.153897285461426,8.158041000366211,8.50520133972168,0.3065479099750519,0.4024358093738556,0.3600537180900574,9.51913833618164,0,0.29079174995422363,5.520118713378906,1.1563777923583984,37,25,30,0,
2025-12-30 10:18:37.067000,6d,Toxicity,Original,,111.16780090332031,1.6128158569335938,179.2979278564453,0.4009932279586792,0.5798006057739258,0.9329310059547424,11.153897285461426,11.263559341430664,8.893523216247559,0.20472583174705505,0.335019588470459,0.3849146366119385,6.255398750305176,0,0.21488872170448303,4.8220319747924805,0.3467232286930084,37,25,30,0,
2025-12-30 10:18:39.067000,6d,Toxicity,Original,,152.57020568847656,1.5271825790405273,225.8805389404297,0.14765262603759766,0.29937151074409485,0.8976789116859436,11.153897285461426,13.946475982666016,7.664811611175537,0.1571977734565735,0.2722932696342468,0.3354877829551697,6.123073577880859,0,0.21933871507644653,10.507323265075684,1.974534273147583,37,25,30,50,
2025-12-30 10:18:43.067000,6d,Toxicity,Original,,73.91943359375,1.9080814123153687,141.04429626464844,0.3636600971221924,0.6711660027503967,0.9259160757064819,11.153897285461426,9.030117988586426,4.39663553237915,0.31488925218582153,0.4968052804470062,0.1802009791135788,7.243199825286865,0,0.3030572235584259,,1.9342235326766968,37,25,30,83.33333587646484,
2025-12-30 10:18:43.067000,FinePointe Series WBP [SN 139781]  Site 4 Bias Flow is out of range.,,,,,,,,,,,,,,,,,,,,,,,,,
2025-12-30 10:18:43.067000,FinePointe Series WBP [SN 10499C]  Site 3 Bias Flow is out of range.,,,,,,,,,,,,,,,,,,,,,,,,,
2025-12-30 10:18:45.067000,6d,Toxicity,Original,,89.32588958740234,1.5506025552749634,137.8468017578125,0.5273553133010864,0.5831461548805237,0.8714863061904907,11.153897285461426,7.651357650756836,6.871618747711182,0.2911500334739685,0.38316598534584045,0.37664327025413513,7.789599418640137,0,0.24837307631969452,4.985976696014404,3.6875739097595215,37,25,30,0,
2025-12-30 10:18:47.067000,6d,Toxicity,Original,,127.42703247070312,1.4123342037200928,180.15660095214844,0.46473896503448486,0.545669674873352,0.8638777732849121,11.153897285461426,9.56249713897705,8.352272987365723,0.21986670792102814,0.2755780518054962,0.48136866092681885,6.59226131439209,0,0.18176354467868805,6.242443561553955,3.560551166534424,37,25,30,25,
2025-12-30 10:18:49.067000,6d,Toxicity,Original,,162.10227966308594,1.7179851531982422,205.78907775878906,0.3769834637641907,0.44033774733543396,0.8603872060775757,11.153897285461426,12.505837440490723,10.477954864501953,0.2153184711933136,0.23568783700466156,0.5334381461143494,5.6816606521606445,0,0.17283150553703308,7.594433307647705,14.71440315246582,37,25,30,0,
2025-12-30 10:18:51.067000,6d,Toxicity,Original,,288.8721008300781,0.6988481879234314,187.01377868652344,0.543976902961731,0.8742029666900635,0.35595637559890747,11.153897285461426,13.654379844665527,8.05141830444336,0.08381229639053345,0.19849728047847748,0.5533694624900818,3.8394546508789062,63.00056838989258,0.09951333701610565,12.700112342834473,12.761154174804688,37,25,30,25,
2025-12-30 10:18:51.067000,FinePointe Series WBP [SN 139781]  Site 4 Bias Flow is out of range.,,,,,,,,,,,,,,,,,,,,,,,,,
2025-12-30 10:18:51.067000,FinePointe Series WBP [SN 10499C]  Site 3 Bias Flow is out of range.,,,,,,,,,,,,,,,,,,,,,,,,,
2025-12-30 10:18:55.067000,6d,Toxicity,Original,,141.88047790527344,1.4672808647155762,187.93113708496094,0.3471289873123169,0.4409768581390381,0.8819088339805603,11.153897285461426,10.286659240722656,8.77307415008545,0.20587711036205292,0.27820730209350586,0.35717684030532837,5.463168144226074,0,0.19753068685531616,5.827213287353516,2.35762882232666,37,25,30,37.5,
2025-12-30 10:18:57.067000,6d,Toxicity,Original,,365.3473815917969,0.5927062630653381,205.41603088378906,0.6090623140335083,0.6968039870262146,0.448862761259079,11.153897285461426,10.217352867126465,8.719368934631348,0.08428366482257843,0.08597663044929504,0.7377374172210693,4.391392230987549,0,0.05172685161232948,14.599831581115723,12.603873252868652,37,25,30,28.571428298950195,
2025-12-30 10:18:59.067000,6d,Toxicity,Original,,112.40524291992188,1.5645620822906494,177.81642150878906,0.3821839690208435,0.5854138731956482,0.718482255935669,11.153897285461426,9.81322193145752,6.850430965423584,0.24454420804977417,0.2931324243545532,0.47372937202453613,7.6871185302734375,0,0.18942265212535858,11.204861640930176,7.336076259613037,37,25,30,40,
2025-12-30 10:19:01.067000,6d,Toxicity,Original,,182.29388427734375,1.2467402219772339,141.97976684570312,0.4969189167022705,0.7187716960906982,0.6662245988845825,11.153897285461426,7.183764457702637,5.400106430053711,0.23429477214813232,0.24444371461868286,0.46581149101257324,9.128959655761719,0,0.1450660675764084,13.55136775970459,10.874483108520508,37,25,30,40,
2025-12-30 10:19:03.067000,6d,Toxicity,Original,,105.03394317626953,1.8156155347824097,190.70126342773438,0.2787834107875824,0.38957929611206055,0.8607043623924255,11.153897285461426,10.750514030456543,9.28080940246582,0.23663422465324402,0.33460965752601624,0.43330204486846924,8.275996208190918,0,0.24480265378952026,8.14069938659668,,37,25,30,50,
2025-12-30 10:19:03.067000,FinePointe Series WBP [SN 139781]  Site 4 Bias Flow is out of range.,,,,,,,,,,,,,,,,,,,,,,,,,
2025-12-30 10:19:03.067000,FinePointe Series WBP [SN 10499C]  Site 3 Bias Flow is out of range.,,,,,,,,,,,,,,,,,,,,,,,,,
2025-12-30 10:19:05.067000,6d,Toxicity,Original,,155.41204833984375,1.4743045568466187,224.59640502929688,0.3234454393386841,0.48014068603515625,0.6061570048332214,11.153897285461426,14.663402557373047,9.602745056152344,0.14915743470191956,0.2516891062259674,0.5525752305984497,7.753688812255859,0,0.181273952126503,10.231454849243164,7.1369948387146,37,25,30,50,
2025-12-30 10:19:09.067000,6d,Toxicity,Original,,66.51585388183594,1.4578841924667358,96.972412109375,1.4622441530227661,1.713186502456665,0.9232445955276489,11.153897285461426,11.05210018157959,5.663567543029785,0.21099941432476044,0.691041111946106,0.22693338990211487,5.086945056915283,0,0.2578127086162567,,20.743595123291016,37,25,30,80,
2025-12-30 10:19:11.067000,6d,Toxicity,Original,,102.36231231689453,1.8837454319000244,190.53585815429688,0.35327327251434326,0.509951114654541,0.8938552141189575,11.153897285461426,9.5087251663208,7.4566650390625,0.28301042318344116,0.31214189529418945,0.33662334084510803,7.056766510009766,0,0.21195465326309204,5.731611251831055,1.7776217460632324,37,25,30,66.66666412353516,
2025-12-30 10:19:13.067000,6d,Toxicity,Original,,284.177001953125,1.0522574186325073,235.4674072265625,0.5075965523719788,0.605931282043457,0.6389233469963074,11.153897285461426,11.76103401184082,9.170774459838867,0.12227709591388702,0.14098067581653595,0.7281123995780945,8.30177116394043,0,0.0939316600561142,15.187410354614258,9.565827369689941,37,25,30,33.33333206176758,
2025-12-30 10:19:13.067000,FinePointe Series WBP [SN 139781]  Site 4 Bias Flow is out of range.,,,,,,,,,,,,,,,,,,,,,,,,,
2025-12-30 10:19:15.067000,6d,Toxicity,Original,,71.40042114257812,1.862535834312439,132.98583984375,0.5752255320549011,0.7677158713340759,0.9238229990005493,11.153897285461426,9.005736351013184,6.407899379730225,0.3207511305809021,0.519580066204071,0.23914735019207,6.4479756355285645,0,0.2996216118335724,,,37,25,30,75,
2025-12-30 10:19:15.067000,FinePointe Series WBP [SN 10499C]  Site 3 Bias Flow is out of range.,,,,,,,,,,,,,,,,,,,,,,,,,
2025-12-30 10:19:19.067000,6d,Toxicity,Original,,93.41961669921875,1.8499959707260132,172.85684204101562,0.35890111327171326,0.499397337436676,0.8582979440689087,11.153897285461426,9.39306640625,7.147385597229004,0.2859327793121338,0.35634204745292664,0.3035654127597809,8.139105796813965,0,0.24334311485290527,3.81939435005188,2.677309989929199,37,25,30,40,
2025-12-30 10:19:21.067000,6d,Toxicity,Original,,183.77394104003906,1.2989214658737183,212.7157745361328,0.5165677666664124,0.6091252565383911,0.7049077749252319,11.153897285461426,10.04044246673584,8.649324417114258,0.1940910518169403,0.1981436014175415,0.6010112762451172,5.952638626098633,0,0.12766112387180328,10.041177749633789,7.987649917602539,37,25,30,28.571428298950195,
2025-12-30 10:19:23.067000,6d,Toxicity,Original,,214.0042266845703,0.9544128179550171,205.51829528808594,0.3061009645462036,0.49191462993621826,0.8755884170532227,11.153897285461426,13.705324172973633,8.314529418945312,0.10806254297494888,0.1735822558403015,0.4283570945262909,5.633474349975586,0,0.11848767846822739,7.468326568603516,5.822198867797852,37,25,30,57.14285659790039,
2025-12-30 10:19:23.067000,FinePointe Series WBP [SN 139781]  Site 4 Bias Flow is out of range.,,,,,,,,,,,,,,,,,,,,,,,,,
2025-12-30 10:19:25.067000,6d,Toxicity,Original,,148.6088409423828,1.1150643825531006,161.72561645507812,0.20452317595481873,0.36719822883605957,0.9000536203384399,11.153897285461426,13.298635482788086,8.655069351196289,0.13107381761074066,0.2773156762123108,0.42933326959609985,8.456347465515137,0,0.2051825225353241,12.172215461730957,2.6222689151763916,37,25,30,60,
2025-12-30 10:19:25.067000,FinePointe Series WBP [SN 10499C]  Site 3 Bias Flow is out of range.,,,,,,,,,,,,,,,,,,,,,,,,,
2025-12-30 10:19:27.067000,6d,Toxicity,Original,,122.54395294189453,1.3931705951690674,169.25682067871094,0.2747877836227417,0.5862799882888794,0.6204897165298462,11.153897285461426,13.225204467773438,6.776261806488037,0.15894156694412231,0.3571174740791321,0.28942030668258667,5.56733512878418,0,0.221346914768219,6.379509925842285,3.2121946811676025,37,25,30,0,
2025-12-30 10:19:29.067000,6d,Toxicity,Original,,70.08687591552734,1.8208351135253906,127.61663818359375,0.713046133518219,1.1253401041030884,0.9324967861175537,11.153897285461426,8.610374450683594,4.342751502990723,0.29414820671081543,0.5619322061538696,0.06926827132701874,5.3059983253479,0,0.2674441933631897,,,37,25,30,0,
2025-12-30 10:19:31.067000,6d,Toxicity,Original,,94.85653686523438,1.4050883054733276,133.2250213623047,0.45395272970199585,0.4775813817977905,0.8788761496543884,11.153897285461426,7.5774712562561035,8.45229721069336,0.2757611870765686,0.357130765914917,0.3712962865829468,9.297891616821289,0,0.25167569518089294,5.697362422943115,2.902620553970337,37,25,30,50,
2025-12-30 10:19:33.067000,6d,Toxicity,Original,,97.55609893798828,1.503309965133667,146.42311096191406,0.430429607629776,0.552338719367981,0.879261314868927,11.153897285461426,7.5792717933654785,7.124791622161865,0.2892662286758423,0.32755371928215027,0.37858739495277405,8.783541679382324,0,0.2170930951833725,8.129439353942871,3.122525691986084,37,25,30,0,
2025-12-30 10:19:33.067000,FinePointe Series WBP [SN 139781]  Site 4 Bias Flow is out of range.,,,,,,,,,,,,,,,,,,,,,,,,,
2025-12-30 10:19:33.067000,FinePointe Series WBP [SN 10499C]  Site 3 Bias Flow is out of range.,,,,,,,,,,,,,,,,,,,,,,,,,
2025-12-30 10:19:35.067000,6d,Toxicity,Original,,156.22813415527344,1.0540838241577148,156.4154052734375,0.3054831624031067,0.48436135053634644,0.8352826833724976,11.153897285461426,10.868197441101074,7.780863285064697,0.15641164779663086,0.24093928933143616,0.5107825994491577,7.508120536804199,0,0.16604864597320557,11.964421272277832,4.247542381286621,37,25,30,20,
2025-12-30 10:19:37.067000,6d,Toxicity,Original,,114.52201843261719,1.500582218170166,171.25521850585938,0.531531572341919,0.7042093276977539,0.47281354665756226,11.153897285461426,9.263044357299805,7.118884086608887,0.2458980828523636,0.283224493265152,0.4195846915245056,9.097341537475586,0,0.17412805557250977,9.90833854675293,11.643946647644043,37,25,30,0,
2025-12-30 10:19:39.067000,6d,Toxicity,Original,,227.3077850341797,1.0078303813934326,146.72189331054688,0.43694859743118286,0.5159938931465149,0.7583800554275513,11.153897285461426,8.504270553588867,7.589252471923828,0.1794869303703308,0.2441355139017105,0.5260673761367798,7.39915657043457,0,0.17334680259227753,10.271495819091797,5.427114486694336,37,25,30,50,
2025-12-30 10:19:41.067000,6d,Toxicity,Original,,205.97328186035156,1.2302526235580444,216.77490234375,0.3732801079750061,0.5841876864433289,0.6412777900695801,11.153897285461426,12.791502952575684,8.626548767089844,0.15025679767131805,0.19912821054458618,0.5339553952217102,7.812277317047119,0,0.127454936504364,11.910988807678223,10.016634941101074,37,25,30,33.33333206176758,
2025-12-30 10:19:41.067000,FinePointe Series WBP [SN 139781]  Site 4 Bias Flow is out of range.,,,,,,,,,,,,,,,,,,,,,,,,,
2025-12-30 10:19:41.067000,FinePointe Series WBP [SN 10499C]  Site 3 Bias Flow is out of range.,,,,,,,,,,,,,,,,,,,,,,,,,
2025-12-30 10:19:45.067000,6d,Toxicity,Original,,139.67178344726562,1.630649209022522,223.55490112304688,0.19795607030391693,0.3776509165763855,0.9151521921157837,11.153897285461426,13.480633735656738,7.733967304229736,0.18401895463466644,0.251933753490448,0.35173654556274414,6.285738945007324,0,0.1863042712211609,4.914183139801025,0.5281507968902588,37,25,30,66.66666412353516,
2025-12-30 10:19:47.067000,6d,Toxicity,Original,,167.20620727539062,1.1782913208007812,193.90045166015625,0.3017701804637909,0.43463483452796936,0.883563220500946,11.153897285461426,12.22700023651123,8.77283763885498,0.14230003952980042,0.22712573409080505,0.4551338255405426,5.543613433837891,0,0.1611880511045456,5.200346946716309,6.847622871398926,37,25,30,50,
2025-12-30 10:19:49.067000,6d,Toxicity,Original,,75.5949935913086,1.3576269149780273,102.62979888916016,0.635621964931488,0.6620420813560486,0.918494462966919,11.153897285461426,7.964179992675781,7.409175872802734,0.2841738760471344,0.5095294713973999,0.30649709701538086,7.047541618347168,0,0.314007431268692,,0.7259893417358398,37,25,30,66.66666412353516,
2025-12-30 10:19:51.067000,6d,Toxicity,Original,,162.790283203125,1.4524892568588257,215.3783721923828,0.4379403591156006,0.509226381778717,0.8387311697006226,11.153897285461426,10.092472076416016,9.740067481994629,0.22936460375785828,0.25562211871147156,0.5129686594009399,6.843326091766357,0,0.17518985271453857,7.1372175216674805,6.288677215576172,37,25,30,20,
2025-12-30 10:19:53.067000,6d,Toxicity,Original,,213.70193481445312,0.9364697337150574,193.95933532714844,0.40846455097198486,0.5391573905944824,0.6691662073135376,11.153897285461426,11.6788330078125,8.446085929870605,0.11821965128183365,0.18138733506202698,0.5452924966812134,4.585452556610107,0,0.11920508742332458,9.018162727355957,6.131216526031494,37,25,30,28.571428298950195,
2025-12-30 10:19:53.067000,FinePointe Series WBP [SN 139781]  Site 4 Bias Flow is out of range.,,,,,,,,,,,,,,,,,,,,,,,,,
2025-12-30 10:19:53.067000,FinePointe Series WBP [SN 10499C]  Site 3 Bias Flow is out of range.,,,,,,,,,,,,,,,,,,,,,,,,,
2025-12-30 10:19:55.067000,6d,Toxicity,Original,,212.39730834960938,0.9673870205879211,175.78128051757812,0.40947645902633667,0.5889326930046082,0.6172969341278076,11.153897285461426,12.43001937866211,7.913969993591309,0.11473426967859268,0.22785584628582,0.4760335087776184,5.033298969268799,0,0.15665380656719208,10.918307304382324,13.378302574157715,37,25,30,50,
2025-12-30 10:19:57.067000,6d,Toxicity,Original,,70.18543243408203,1.9679803848266602,138.72201538085938,0.42785367369651794,0.6787319183349609,0.9495470523834229,11.153897285461426,9.005462646484375,5.509065628051758,0.30483102798461914,0.5555301904678345,0.10710986703634262,6.984157562255859,0,0.3478715717792511,,,37,25,30,0,
2025-12-30 10:19:59.067000,6d,Toxicity,Original,,94.18942260742188,1.5305548906326294,143.5651397705078,0.4422100782394409,0.4232425093650818,0.917478621006012,11.153897285461426,7.506504535675049,9.54940128326416,0.2762867510318756,0.3700510859489441,0.33333665132522583,7.7210235595703125,0,0.26534906029701233,4.617396354675293,,37,25,30,0,
2025-12-30 10:20:01.067000,6d,Toxicity,Original,,198.17135620117188,1.209241271018982,228.66404724121094,0.3860563337802887,0.520510733127594,0.788409948348999,11.153897285461426,12.609496116638184,9.119900703430176,0.14315229654312134,0.1864537000656128,0.49326902627944946,5.79662561416626,0,0.12771734595298767,6.015021324157715,9.190288543701172,37,25,30,33.33333206176758,
2025-12-30 10:20:03.067000,6d,Toxicity,Original,,160.5426025390625,1.144200325012207,148.00950622558594,0.5072603225708008,0.5007399320602417,0.872978687286377,11.153897285461426,10.5960693359375,7.121976375579834,0.1506500542163849,0.280333012342453,0.31736239790916443,5.412217140197754,0,0.18892507255077362,13.522369384765625,12.337045669555664,37,25,30,20,
2025-12-30 10:20:03.067000,FinePointe Series WBP [SN 139781]  Site 4 Bias Flow is out of range.,,,,,,,,,,,,,,,,,,,,,,,,,
2025-12-30 10:20:03.067000,FinePointe Series WBP [SN 10499C]  Site 3 Bias Flow is out of range.,,,,,,,,,,,,,,,,,,,,,,,,,
2025-12-30 10:20:05.067000,6d,Toxicity,Original,,61.9669303894043,1.5199270248413086,94.60101318359375,0.4898086190223694,0.6243910193443298,0.9494771957397461,11.153897285461426,8.513130187988281,6.822918891906738,0.26957952976226807,0.6999318599700928,0.20489439368247986,4.95212984085083,0,0.4366229772567749,,,37,25,30,0,
2025-12-30 10:20:07.067000,6d,Toxicity,Original,,70.65503692626953,1.8368808031082153,129.9190216064453,0.3806834816932678,0.5524333119392395,0.9491859674453735,11.153897285461426,8.86760139465332,6.595453262329102,0.30239617824554443,0.5478041768074036,0.15796098113059998,6.342634201049805,0,0.3653807044029236,,,37,25,30,0,
2025-12-30 10:20:09.067000,6d,Toxicity,Original,,189.03526306152344,1.240917682647705,204.1671600341797,0.3318699896335602,0.529729425907135,0.8313326835632324,11.153897285461426,11.558704376220703,7.456207275390625,0.16236869990825653,0.21012777090072632,0.40021848678588867,6.268456935882568,0,0.14573097229003906,7.509086608886719,7.244091510772705,37,25,30,0,
2025-12-30 10:20:11.067000,6d,Toxicity,Original,,389.2269287109375,0.5913181900978088,228.73886108398438,0.5048266053199768,0.6854719519615173,0.4861859679222107,11.153897285461426,11.604244232177734,8.583553314208984,0.07964897900819778,0.07589973509311676,0.7668054699897766,4.164316654205322,0,0.04599000886082649,15.092591285705566,13.784414291381836,37,25,30,54.54545593261719,
2025-12-30 10:20:13.067000,6d,Toxicity,Original,,180.02978515625,1.127445936203003,198.74949645996094,0.43092048168182373,0.6672122478485107,0.6885102391242981,11.153897285461426,12.916288375854492,9.640073776245117,0.13372394442558289,0.20695893466472626,0.4896787405014038,5.664661884307861,0,0.13565732538700104,6.294401168823242,10.72365665435791,37,25,30,42.85714340209961,
2025-12-30 10:20:15.067000,6d,Toxicity,Original,,61.88276672363281,1.7273701429367065,106.89444732666016,1.9188849925994873,3.0364174842834473,0.9684152603149414,11.153897285461426,9.948487281799316,5.422046661376953,0.2673971652984619,0.7021781206130981,0.12243369221687317,6.180847644805908,0,0.17625588178634644,,,37,25,30,50,
2025-12-30 10:20:15.067000,FinePointe Series WBP [SN 139781]  Site 4 Bias Flow is out of range.,,,,,,,,,,,,,,,,,,,,,,,,,
2025-12-30 10:20:15.067000,FinePointe Series WBP [SN 10499C]  Site 3 Bias Flow is out of range.,,,,,,,,,,,,,,,,,,,,,,,,,
2025-12-30 10:20:17.067000,6d,Toxicity,Original,,75.2704086303711,1.8454477787017822,138.32199096679688,0.32329368591308594,0.5332817435264587,0.9175580143928528,11.153897285461426,8.938760757446289,5.283779621124268,0.29285138845443726,0.5055665969848633,0.1450439989566803,6.644530296325684,0,0.3390491008758545,,3.1198832988739014,37,25,30,33.33333206176758,
2025-12-30 10:20:19.067000,6d,Toxicity,Original,,107.51529693603516,1.4463471174240112,153.72918701171875,0.41033798456192017,0.49689289927482605,0.8795510530471802,11.153897285461426,8.589131355285645,7.752723693847656,0.24395547807216644,0.3329441249370575,0.3254430294036865,7.3590545654296875,0,0.22936278581619263,2.412139415740967,2.2179858684539795,37,25,30,0,
2025-12-30 10:20:21.067000,6d,Toxicity,Original,,212.2970733642578,0.9687572717666626,197.02249145507812,0.41478267312049866,0.5336127877235413,0.8108218908309937,11.153897285461426,11.079520225524902,8.541905403137207,0.12743236124515533,0.17031559348106384,0.6062361001968384,5.1924052238464355,0,0.11246012896299362,9.877755165100098,6.271461009979248,37,25,30,16.66666603088379,
2025-12-30 10:20:23.067000,6d,Toxicity,Original,,181.0422821044922,1.0884116888046265,190.13308715820312,0.23039698600769043,0.39517998695373535,0.8539043068885803,11.153897285461426,12.744942665100098,7.541690349578857,0.12756730616092682,0.250478059053421,0.44590356945991516,5.126189231872559,0,0.18823300302028656,17.59748649597168,7.751481533050537,37,25,30,20,
2025-12-30 10:20:23.067000,FinePointe Series WBP [SN 139781]  Site 4 Bias Flow is out of range.,,,,,,,,,,,,,,,,,,,,,,,,,
2025-12-30 10:20:25.067000,6d,Toxicity,Original,,65.15900421142578,1.6114013195037842,104.997314453125,0.22397349774837494,0.28752294182777405,0.93197101354599,11.153897285461426,8.799971580505371,6.583662986755371,0.29204943776130676,0.6287749409675598,0.1743125170469284,5.574531078338623,0,0.494785338640213,,,37,25,30,50,
2025-12-30 10:20:25.067000,FinePointe Series WBP [SN 10499C]  Site 3 Bias Flow is out of range.,,,,,,,,,,,,,,,,,,,,,,,,,
2025-12-30 10:20:27.067000,6d,Toxicity,Original,,68.90896606445312,1.8589024543762207,128.0609893798828,0.24054676294326782,0.4033066928386688,0.9464539289474487,11.153897285461426,9.268632888793945,6.039351463317871,0.28649985790252686,0.5843098163604736,0.14007510244846344,5.840052604675293,0,0.42172110080718994,,,37,25,30,0,
2025-12-30 10:20:29.067000,6d,Toxicity,Original,,95.9955062866211,1.7384363412857056,163.95765686035156,0.30260083079338074,0.42584916949272156,0.8957675695419312,11.153897285461426,9.81828784942627,7.597240447998047,0.2560112476348877,0.4042753279209137,0.28488922119140625,6.289725303649902,0,0.28586751222610474,3.4269046783447266,0.21649368107318878,37,25,30,0,
2025-12-30 10:20:31.067000,6d,Toxicity,Original,,177.57456970214844,1.0607901811599731,183.37306213378906,0.29248183965682983,0.3861408233642578,0.8816894888877869,11.153897285461426,12.973623275756836,9.986377716064453,0.11924509704113007,0.22810421884059906,0.32078981399536133,5.189939498901367,0,0.16816985607147217,3.916975736618042,6.003680229187012,37,25,30,57.14285659790039,
2025-12-30 10:20:33.067000,6d,Toxicity,Original,,319.62127685546875,0.692850649356842,218.69781494140625,0.40754732489585876,0.5946521759033203,0.6957061290740967,11.153897285461426,12.909282684326172,8.832890510559082,0.08649733662605286,0.11086683720350266,0.6872555017471313,4.98628044128418,0,0.07237603515386581,13.04530143737793,10.139362335205078,37,25,30,50,
2025-12-30 10:20:33.067000,FinePointe Series WBP [SN 139781]  Site 4 Bias Flow is out of range.,,,,,,,,,,,,,,,,,,,,,,,,,
2025-12-30 10:20:35.067000,6d,Toxicity,Original,,329.9651794433594,0.8092041611671448,266.1695556640625,0.46857237815856934,0.6376467347145081,0.5457080006599426,11.153897285461426,14.510924339294434,10.461853981018066,0.08861027657985687,0.09485164284706116,0.8917468786239624,4.898834228515625,0,0.05937947332859039,14.778786659240723,12.453265190124512,37,25,30,44.44444274902344,
2025-12-30 10:20:35.067000,FinePointe Series WBP [SN 10499C]  Site 3 Bias Flow is out of range.,,,,,,,,,,,,,,,,,,,,,,,,,
2025-12-30 10:20:37.067000,6d,Toxicity,Original,,113.75253295898438,1.144149899482727,125.06027221679688,0.3862272799015045,0.729893684387207,0.9534714221954346,11.153897285461426,13.209218978881836,7.176762104034424,0.13901673257350922,0.4241352081298828,0.14995336532592773,6.000833988189697,0,0.24605613946914673,,1.0785443782806396,37,25,30,60,
2025-12-30 10:20:41.067000,6d,Toxicity,Original,,60.77192306518555,2.6006417274475098,117.24272155761719,2.575817346572876,2.4681029319763184,0.059167493134737015,11.153897285461426,14.055901527404785,8.803120613098145,0.3929070830345154,0.8261651992797852,0.29186204075813293,4.4379563331604,13.36146068572998,0.22775544226169586,,29.526935577392578,37,25,30,0,
2025-12-30 10:20:43.067000,6d,Toxicity,Original,,106.20001983642578,1.3663573265075684,144.7306365966797,0.5362371802330017,0.6763420104980469,0.6028586626052856,11.153897285461426,9.418153762817383,6.406039237976074,0.2281918227672577,0.3417022228240967,0.4416341781616211,4.419467926025391,0,0.2061941772699356,2.2593834400177,8.92483139038086,37,25,30,0,
2025-12-30 10:20:43.067000,FinePointe Series WBP [SN 139781]  Site 4 Bias Flow is out of range.,,,,,,,,,,,,,,,,,,,,,,,,,
2025-12-30 10:20:43.067000,FinePointe Series WBP [SN 10499C]  Site 3 Bias Flow is out of range.,,,,,,,,,,,,,,,,,,,,,,,,,
2025-12-30 10:20:45.067000,6d,Toxicity,Original,,113.75679016113281,1.4170341491699219,160.8856658935547,0.5138515830039978,0.6573572158813477,0.8816057443618774,11.153897285461426,9.053507804870605,7.464672088623047,0.2219921499490738,0.3060965836048126,0.49251607060432434,5.525008678436279,0,0.18784302473068237,3.8390724658966064,7.008901119232178,37,25,30,0,
2025-12-30 10:20:47.067000,6d,Toxicity,Original,,112.97068786621094,1.5985758304595947,180.74392700195312,0.28932517766952515,0.5328723192214966,0.8960738182067871,11.153897285461426,10.253951072692871,6.402577877044678,0.22574162483215332,0.3091053366661072,0.3076814115047455,6.022892951965332,0,0.20551426708698273,3.8471081256866455,5.375698566436768,37,25,30,0,
2025-12-30 10:20:49.067000,6d,Toxicity,Original,,179.9071044921875,0.8254585862159729,144.18283081054688,0.28654125332832336,0.4439343810081482,0.8931926488876343,11.153897285461426,11.043463706970215,7.526982307434082,0.11476804316043854,0.22571931779384613,0.19588303565979004,4.651780605316162,0,0.158189058303833,,0.11913533508777618,37,25,30,66.66666412353516,
2025-12-30 10:20:51.067000,6d,Toxicity,Original,,171.8760223388672,1.1716010570526123,192.30075073242188,0.2460423856973648,0.4070131480693817,0.859961211681366,11.153897285461426,11.98750114440918,8.228940963745117,0.13912099599838257,0.23823152482509613,0.3787868022918701,5.4413604736328125,0,0.17812234163284302,8.100831985473633,5.262599468231201,37,25,30,0,
2025-12-30 10:20:53.067000,6d,Toxicity,Original,,85.72689819335938,1.6836843490600586,143.5006866455078,0.4179534316062927,0.54310142993927,0.9343714118003845,11.153897285461426,11.073710441589355,7.132987976074219,0.23757927119731903,0.5002997517585754,0.2363061010837555,5.045426845550537,0,0.32280319929122925,9.741995811462402,1.1525139808654785,37,25,30,50,
2025-12-30 10:20:53.067000,FinePointe Series WBP [SN 139781]  Site 4 Bias Flow is out of range.,,,,,,,,,,,,,,,,,,,,,,,,,
2025-12-30 10:20:53.067000,FinePointe Series WBP [SN 10499C]  Site 3 Bias Flow is out of range.,,,,,,,,,,,,,,,,,,,,,,,,,
2025-12-30 10:20:55.067000,6d,Toxicity,Original,,88.57940673828125,1.61785888671875,142.71636962890625,0.4865667521953583,0.6064155697822571,0.8983535170555115,11.153897285461426,8.478497505187988,6.731513977050781,0.27453818917274475,0.4051859676837921,0.30405113101005554,6.05600118637085,0,0.2568027973175049,2.30981183052063,3.3170626163482666,37,25,30,0,
2025-12-30 10:20:57.067000,6d,Toxicity,Original,,99.22053527832031,1.4777096509933472,146.730224609375,0.48021242022514343,0.5925374627113342,0.8787115812301636,11.153897285461426,8.226018905639648,6.589385032653809,0.26163628697395325,0.34340184926986694,0.35398951172828674,6.447826862335205,0,0.22018961608409882,3.1627445220947266,4.633058547973633,37,25,30,0,
2025-12-30 10:20:59.067000,6d,Toxicity,Original,,142.05999755859375,1.3569213151931763,189.90162658691406,0.4063112139701843,0.5385125875473022,0.6170426607131958,11.153897285461426,10.178190231323242,7.609524726867676,0.19793567061424255,0.2446688860654831,0.35414424538612366,5.927740097045898,0,0.159732848405838,4.876413345336914,7.754093170166016,37,25,30,40,
2025-12-30 10:21:01.067000,6d,Toxicity,Original,,152.7459716796875,1.104985237121582,163.77687072753906,0.33908748626708984,0.4771885573863983,0.8953675031661987,11.153897285461426,12.14806842803955,8.950176239013672,0.13826152682304382,0.26852068305015564,0.4309486746788025,7.136116981506348,0,0.19091381132602692,6.880341053009033,7.402190208435059,37,25,30,50,
2025-12-30 10:21:03.067000,6d,Toxicity,Original,,152.28713989257812,1.1025378704071045,168.83453369140625,0.191817969083786,0.3861095607280731,0.9112401604652405,11.153897285461426,13.84347915649414,8.086343765258789,0.1257012039422989,0.2826129198074341,0.2686730623245239,5.43564510345459,0,0.2089727818965912,1.7279809713363647,2.3888511657714844,37,25,30,60,
2025-12-30 10:21:03.067000,FinePointe Series WBP [SN 139781]  Site 4 Bias Flow is out of range.,,,,,,,,,,,,,,,,,,,,,,,,,
2025-12-30 10:21:03.067000,FinePointe Series WBP [SN 10499C]  Site 3 Bias Flow is out of range.,,,,,,,,,,,,,,,,,,,,,,,,,
2025-12-30 10:21:05.067000,6d,Toxicity,Original,,155.5734100341797,1.4941118955612183,227.38380432128906,0.18506300449371338,0.403621643781662,0.9154071807861328,11.153897285461426,15.217300415039062,7.57724666595459,0.14533556997776031,0.24327875673770905,0.22092899680137634,4.554744243621826,0,0.17497709393501282,0.6068601012229919,,37,25,30,25,
2025-12-30 10:21:07.067000,6d,Toxicity,Original,,69.24920654296875,1.432841181755066,99.2231216430664,0.7731596827507019,0.7761631011962891,0.049627628177404404,11.153897285461426,8.512838363647461,5.9920806884765625,0.26193392276763916,0.6045019626617432,0.16345453262329102,3.661243438720703,0,0.34316930174827576,,4.895092964172363,37,25,30,50,
2025-12-30 10:21:09.067000,6d,Toxicity,Original,,87.71048736572266,1.5527023077011108,134.9964599609375,0.5157866477966309,0.6624326109886169,0.6054020524024963,11.153897285461426,8.816547393798828,5.839965343475342,0.26650696992874146,0.4232594668865204,0.30100950598716736,4.758671283721924,0,0.2581268548965454,1.8780763149261475,6.9839324951171875,37,25,30,0,
2025-12-30 10:21:11.067000,6d,Toxicity,Original,,104.84555053710938,1.3424447774887085,140.76119995117188,0.6063067317008972,0.6422523260116577,0.6846217513084412,11.153897285461426,7.948291778564453,6.918525218963623,0.24810609221458435,0.32606181502342224,0.443649560213089,5.023745536804199,0,0.20224156975746155,2.5122196674346924,7.502758502960205,37,25,30,0,
2025-12-30 10:21:13.067000,6d,Toxicity,Original,,213.44705200195312,0.9404327273368835,157.91952514648438,0.45667001605033875,0.5126199126243591,0.7687405347824097,11.153897285461426,8.958976745605469,6.849641799926758,0.15722131729125977,0.1741718351840973,0.4281262159347534,6.264152526855469,0,0.11694493889808655,12.97156810760498,8.287565231323242,37,25,30,33.33333206176758,
2025-12-30 10:21:15.067000,6d,Toxicity,Original,,129.3974609375,1.4093067646026611,173.63270568847656,0.3789404630661011,0.6215452551841736,0.5224704742431641,11.153897285461426,13.361482620239258,7.721875190734863,0.15778392553329468,0.3128204345703125,0.3596855700016022,5.532571315765381,0,0.19534672796726227,2.059967279434204,11.732277870178223,37,25,30,50,
2025-12-30 10:21:15.067000,FinePointe Series WBP [SN 139781]  Site 4 Bias Flow is out of range.,,,,,,,,,,,,,,,,,,,,,,,,,
2025-12-30 10:21:15.067000,FinePointe Series WBP [SN 10499C]  Site 3 Bias Flow is out of range.,,,,,,,,,,,,,,,,,,,,,,,,,
2025-12-30 10:21:17.067000,6d,Toxicity,Original,,186.00680541992188,1.055772066116333,187.11729431152344,0.363381028175354,0.43895453214645386,0.638418972492218,11.153897285461426,11.536027908325195,8.014840126037598,0.1394919753074646,0.1994372308254242,0.36285561323165894,5.108438968658447,0,0.13918477296829224,2.0029783248901367,1.644394874572754,37,25,30,40,
2025-12-30 10:21:19.067000,6d,Toxicity,Original,,131.3105926513672,1.2506802082061768,159.48216247558594,0.27934545278549194,0.5507165193557739,0.5065041184425354,11.153897285461426,14.289505004882812,6.655886650085449,0.13428395986557007,0.33414575457572937,0.2016311138868332,4.889340877532959,44.771785736083984,0.2196851670742035,21.229398727416992,6.680231094360352,37,25,30,42.85714340209961,
2025-12-30 10:21:21.067000,6d,Toxicity,Original,,101.91390228271484,1.4884006977081299,150.65811157226562,0.41267871856689453,0.7111369967460632,0.3550894260406494,11.153897285461426,12.995677947998047,5.470597743988037,0.18243032693862915,0.42316508293151855,0.26754897832870483,3.954653024673462,119.39408111572266,0.24779221415519714,,10.961353302001953,37,25,30,0,
2025-12-30 10:21:23.067000,6d,Toxicity,Original,,95.21003723144531,1.4867545366287231,140.8904571533203,0.6221520304679871,0.7178224921226501,0.30757787823677063,11.153897285461426,9.307230949401855,6.145222187042236,0.25726789236068726,0.37830686569213867,0.4110400676727295,4.345853805541992,0,0.22306481003761292,0.9090969562530518,9.060701370239258,37,25,30,0,
2025-12-30 10:21:23.067000,FinePointe Series WBP [SN 139781]  Site 4 Bias Flow is out of range.,,,,,,,,,,,,,,,,,,,,,,,,,
2025-12-30 10:21:25.067000,6d,Toxicity,Original,,179.57888793945312,1.3242639303207397,219.52459716796875,0.4660739004611969,0.6102965474128723,0.56180340051651,11.153897285461426,11.273052215576172,8.224404335021973,0.1861802190542221,0.2135493904352188,0.5781295299530029,5.061522960662842,0,0.1354643553495407,6.386591911315918,8.2938232421875,37,25,30,16.66666603088379,
2025-12-30 10:21:25.067000,FinePointe Series WBP [SN 10499C]  Site 3 Bias Flow is out of range.,,,,,,,,,,,,,,,,,,,,,,,,,
2025-12-30 10:21:27.067000,6d,Toxicity,Original,,324.54583740234375,0.6304877400398254,203.9744873046875,0.5237130522727966,0.7274689674377441,0.4726470708847046,11.153897285461426,12.05916690826416,8.614789009094238,0.08160760998725891,0.10467603802680969,0.7463808059692383,4.609692573547363,0,0.06110454723238945,13.351370811462402,14.7957763671875,37,25,30,60,
2025-12-30 10:21:29.067000,6d,Toxicity,Original,,153.3670654296875,1.2049123048782349,182.631591796875,0.5507338047027588,0.9503350257873535,0.45300790667533875,11.153897285461426,14.351585388183594,7.636261940002441,0.13598787784576416,0.2569442093372345,0.3452448844909668,3.802485704421997,50.85420227050781,0.13705050945281982,2.117079734802246,13.3176908493042,37,25,30,42.85714340209961,
2025-12-30 10:21:31.067000,6d,Toxicity,Original,,111.93964385986328,1.5538249015808105,174.08370971679688,0.815619170665741,1.0855802297592163,0.22324639558792114,11.153897285461426,11.918351173400879,6.243813991546631,0.20372682809829712,0.33309948444366455,0.33953744173049927,3.4875905513763428,0,0.16241012513637543,0.773547887802124,18.12112808227539,37,25,30,0,
2025-12-30 10:21:33.067000,6d,Toxicity,Original,,120.58349609375,1.5219688415527344,183.2494659423828,0.46655547618865967,0.7134026288986206,0.604972243309021,11.153897285461426,10.576175689697266,6.1983819007873535,0.22021248936653137,0.27818286418914795,0.4583929181098938,4.897804260253906,0,0.1649027317762375,3.167461633682251,11.305804252624512,37,25,30,0,
2025-12-30 10:21:33.067000,FinePointe Series WBP [SN 139781]  Site 4 Bias Flow is out of range.,,,,,,,,,,,,,,,,,,,,,,,,,
2025-12-30 10:21:35.067000,6d,Toxicity,Original,,129.29534912109375,1.309988260269165,167.9285888671875,0.29892265796661377,0.453054815530777,0.8552834987640381,11.153897285461426,11.431036949157715,8.09015941619873,0.17146626114845276,0.29850369691848755,0.5119665265083313,5.084967613220215,0,0.20964428782463074,8.830482482910156,4.451155662536621,37,25,30,0,
2025-12-30 10:21:35.067000,FinePointe Series WBP [SN 10499C]  Site 3 Bias Flow is out of range.,,,,,,,,,,,,,,,,,,,,,,,,,
2025-12-30 10:21:37.067000,6d,Toxicity,Original,,82.90959167480469,1.5298203229904175,126.8367691040039,0.7022103071212769,1.1213802099227905,0.07583851367235184,11.153897285461426,9.734600067138672,3.9504494667053223,0.24898701906204224,0.47469282150268555,0.2683265209197998,5.019439697265625,0,0.22667334973812103,,19.290878295898438,37,25,30,66.66666412353516,
2025-12-30 10:21:39.067000,6d,Toxicity,Original,,98.40108489990234,1.6062672138214111,157.9888458251953,0.4876957833766937,0.8291917443275452,0.556419849395752,11.153897285461426,9.629310607910156,4.156380653381348,0.2578635811805725,0.3520561158657074,0.245766282081604,4.551212310791016,0,0.19555412232875824,,11.347208976745605,37,25,30,0,
2025-12-30 10:21:41.067000,6d,Toxicity,Original,,107.53416442871094,1.4285598993301392,153.7840576171875,0.4467523396015167,0.6418095231056213,0.8858648538589478,11.153897285461426,8.65478229522705,5.568584442138672,0.24131383001804352,0.3177691400051117,0.3242306113243103,5.241096496582031,0,0.19644591212272644,1.8263475894927979,7.387602806091309,37,25,30,0,
2025-12-30 10:21:43.067000,6d,Toxicity,Original,,108.0462417602539,1.3403524160385132,144.8663330078125,0.47391974925994873,0.6138158440589905,0.8809906244277954,11.153897285461426,8.151854515075684,6.285371780395508,0.236999049782753,0.3185538649559021,0.3418543338775635,5.115536689758301,0,0.20066744089126587,2.3714852333068848,6.63714075088501,37,25,30,0,
2025-12-30 10:21:43.067000,FinePointe Series WBP [SN 139781]  Site 4 Bias Flow is out of range.,,,,,,,,,,,,,,,,,,,,,,,,,
2025-12-30 10:21:43.067000,FinePointe Series WBP [SN 10499C]  Site 3 Bias Flow is out of range.,,,,,,,,,,,,,,,,,,,,,,,,,
2025-12-30 10:21:45.067000,6d,Toxicity,Original,,114.54224395751953,1.2548103332519531,143.7892608642578,0.27446475625038147,0.5036788582801819,0.6810215711593628,11.153897285461426,11.345296859741211,6.594048023223877,0.16494333744049072,0.36116135120391846,0.3012486398220062,4.716559886932373,0,0.24446146190166473,3.640964984893799,3.9754350185394287,37,25,30,0,
2025-12-30 10:21:47.067000,6d,Toxicity,Original,,260.3187561035156,0.804061233997345,198.32762145996094,0.49607110023498535,0.718000054359436,0.5171714425086975,11.153897285461426,12.411442756652832,8.262043952941895,0.10044961422681808,0.14331038296222687,0.607947826385498,3.928128242492676,0,0.08631985634565353,7.031623840332031,10.72347640991211,37,25,30,44.44444274902344,
2025-12-30 10:21:49.067000,6d,Toxicity,Original,,176.6336212158203,1.1366856098175049,183.1622772216797,0.48147472739219666,0.6563627123832703,0.420724481344223,11.153897285461426,11.418281555175781,7.281506538391113,0.15442049503326416,0.21627476811408997,0.4082460403442383,5.005700588226318,0,0.1341329962015152,4.8088812828063965,8.382192611694336,37,25,30,57.14285659790039,
2025-12-30 10:21:51.067000,6d,Toxicity,Original,,143.6363983154297,1.5244965553283691,211.9453125,0.41080212593078613,0.7610840797424316,0.4833824634552002,11.153897285461426,11.602039337158203,6.248348712921143,0.1894330084323883,0.23881779611110687,0.46818989515304565,6.455874443054199,0,0.13912925124168396,8.445881843566895,12.658616065979004,37,25,30,0,
2025-12-30 10:21:53.067000,6d,Toxicity,Original,,189.3121337890625,0.8525310754776001,143.49017333984375,0.4253825545310974,0.624710202217102,0.854739785194397,11.153897285461426,10.734914779663086,6.921884536743164,0.11834381520748138,0.23781931400299072,0.45542532205581665,4.793871879577637,0,0.14510633051395416,10.251235961914062,9.294559478759766,37,25,30,66.66666412353516,
2025-12-30 10:21:53.067000,FinePointe Series WBP [SN 139781]  Site 4 Bias Flow is out of range.,,,,,,,,,,,,,,,,,,,,,,,,,
2025-12-30 10:21:53.067000,FinePointe Series WBP [SN 10499C]  Site 3 Bias Flow is out of range.,,,,,,,,,,,,,,,,,,,,,,,,,
2025-12-30 10:21:55.067000,6d,Toxicity,Original,,104.95377349853516,1.7471927404403687,183.38922119140625,0.42264002561569214,0.7400082349777222,0.8884382843971252,11.153897285461426,11.216882705688477,6.669509410858154,0.2621522843837738,0.3095513582229614,0.41061121225357056,6.479318618774414,0,0.1822861284017563,6.705606460571289,10.757011413574219,37,25,30,0,
2025-12-30 10:21:57.067000,6d,Toxicity,Original,,108.74696350097656,1.6968327760696411,181.87648010253906,0.36419129371643066,0.5886898636817932,0.7885261178016663,11.153897285461426,9.26610279083252,6.402027606964111,0.26936882734298706,0.29426535964012146,0.37658488750457764,6.501136779785156,0,0.19011156260967255,7.605434894561768,5.886276721954346,37,25,30,0,
2025-12-30 10:22:01.067000,6d,Toxicity,Original,,167.6223602294922,1.393995761871338,217.596923828125,0.44137275218963623,0.6784675121307373,0.37647590041160583,11.153897285461426,12.98682689666748,7.907501697540283,0.16835738718509674,0.2455749660730362,0.5020774006843567,5.249368667602539,4.008850574493408,0.14518262445926666,8.364676475524902,7.903955459594727,37,25,30,63.6363639831543,
2025-12-30 10:22:03.067000,6d,Toxicity,Original,,401.7786865234375,0.5632098317146301,225.28955078125,0.5400117635726929,0.7546454071998596,0.46013250946998596,11.153897285461426,11.725008010864258,8.41754150390625,0.07525560259819031,0.08178458362817764,0.7114363312721252,3.6969220638275146,0,0.046050023287534714,13.03261947631836,13.969470977783203,37,25,30,30,
2025-12-30 10:22:03.067000,FinePointe Series WBP [SN 139781]  Site 4 Bias Flow is out of range.,,,,,,,,,,,,,,,,,,,,,,,,,
2025-12-30 10:22:03.067000,FinePointe Series WBP [SN 139781]  Site 1 Bias Flow is out of range.,,,,,,,,,,,,,,,,,,,,,,,,,
2025-12-30 10:22:03.067000,FinePointe Series WBP [SN 10499C]  Site 3 Bias Flow is out of range.,,,,,,,,,,,,,,,,,,,,,,,,,
2025-12-30 10:22:05.067000,6d,Toxicity,Original,,108.57691192626953,1.2863354682922363,135.59100341796875,0.24886514246463776,0.39357462525367737,0.6397807002067566,11.153897285461426,12.361237525939941,6.9918599128723145,0.15726542472839355,0.4062296748161316,0.2182704210281372,4.341841220855713,0,0.29417380690574646,,0.8794326782226562,37,25,30,25,
2025-12-30 10:22:07.067000,6d,Toxicity,Original,,78.39236450195312,2.0590524673461914,160.55267333984375,0.4978303611278534,0.7227613925933838,0.5216630697250366,11.153897285461426,13.328766822814941,7.440052032470703,0.24396610260009766,0.5241085290908813,0.3681254982948303,5.302404880523682,0,0.3080882430076599,,4.9132609367370605,37,25,30,0,
2025-12-30 10:22:09.067000,6d,Toxicity,Original,,106.31816101074219,1.715269923210144,181.79461669921875,0.512597382068634,0.7253727316856384,0.6783683896064758,11.153897285461426,10.31376838684082,6.052830219268799,0.25016340613365173,0.3150498867034912,0.38063478469848633,4.426601409912109,0,0.18557393550872803,0.9896078705787659,9.589639663696289,37,25,30,0,
2025-12-30 10:22:11.067000,6d,Toxicity,Original,,141.76963806152344,1.3906489610671997,192.44320678710938,0.38668093085289,0.5200004577636719,0.8274645209312439,11.153897285461426,10.53367805480957,8.554614067077637,0.19414333999156952,0.2409861832857132,0.512231171131134,5.392888069152832,0,0.161555677652359,5.684661865234375,5.8499040603637695,37,25,30,20,
2025-12-30 10:22:13.067000,6d,Toxicity,Original,,218.2476806640625,0.922416090965271,193.6193084716797,0.4422517418861389,0.6721521019935608,0.6908177733421326,11.153897285461426,13.074743270874023,8.548063278198242,0.10585204511880875,0.18655535578727722,0.4658750295639038,3.9191195964813232,0,0.11535877734422684,4.738229274749756,8.360554695129395,37,25,30,40,
2025-12-30 10:22:13.067000,FinePointe Series WBP [SN 139781]  Site 4 Bias Flow is out of range.,,,,,,,,,,,,,,,,,,,,,,,,,
2025-12-30 10:22:13.067000,FinePointe Series WBP [SN 139781]  Site 1 Bias Flow is out of range.,,,,,,,,,,,,,,,,,,,,,,,,,
2025-12-30 10:22:13.067000,FinePointe Series WBP [SN 10499C]  Site 3 Bias Flow is out of range.,,,,,,,,,,,,,,,,,,,,,,,,,
2025-12-30 10:22:15.067000,6d,Toxicity,Original,,83.33507537841797,1.4258451461791992,119.5597915649414,1.1431069374084473,1.1145131587982178,0.07438168674707413,11.153897285461426,8.556196212768555,5.847505569458008,0.2666471004486084,0.4552079439163208,0.3027130961418152,4.154849052429199,0,0.21859140694141388,,16.25238037109375,37,25,30,33.33333206176758,
2025-12-30 10:22:17.067000,6d,Toxicity,Original,,105.96929168701172,1.8563895225524902,196.61961364746094,0.4011341631412506,0.6810688972473145,0.8660615086555481,11.153897285461426,9.713706016540527,4.971567153930664,0.2686136066913605,0.2982432246208191,0.26730403304100037,4.8402018547058105,0,0.18039149045944214,1.7788302898406982,6.803668022155762,37,25,30,25,
2025-12-30 10:22:19.067000,6d,Toxicity,Original,,104.06500244140625,1.550172209739685,161.44796752929688,0.43545058369636536,0.639192521572113,0.8966901898384094,11.153897285461426,8.9055814743042,6.650453090667725,0.2422957569360733,0.3345610499382019,0.4354262351989746,5.685618877410889,0,0.20748020708560944,3.77009654045105,5.641633987426758,37,25,30,0,
2025-12-30 10:22:21.067000,6d,Toxicity,Original,,103.63066864013672,1.3185235261917114,136.38995361328125,0.7504146099090576,0.6886517405509949,0.7967038750648499,11.153897285461426,7.527183532714844,6.788364887237549,0.2565062940120697,0.3234594762325287,0.45735448598861694,4.983259201049805,0,0.19534066319465637,2.5551562309265137,8.895801544189453,37,25,30,0,
2025-12-30 10:22:23.067000,6d,Toxicity,Original,,139.27755737304688,1.2415333986282349,165.11312866210938,0.46177080273628235,0.6378653645515442,0.7179057598114014,11.153897285461426,9.510543823242188,6.868847846984863,0.20538653433322906,0.25834921002388,0.4546218812465668,5.757661819458008,0,0.162852942943573,4.803275108337402,7.264840126037598,37,25,30,25,
2025-12-30 10:22:25.067000,6d,Toxicity,Original,,90.91954040527344,1.5704519748687744,143.48309326171875,0.4714491665363312,0.749321460723877,0.6482676267623901,11.153897285461426,12.203413963317871,5.704424858093262,0.1976650059223175,0.479092538356781,0.27188441157341003,4.8275861740112305,0,0.27501675486564636,,8.193370819091797,37,25,30,0,
2025-12-30 10:22:25.067000,FinePointe Series WBP [SN 139781]  Site 4 Bias Flow is out of range.,,,,,,,,,,,,,,,,,,,,,,,,,
2025-12-30 10:22:25.067000,FinePointe Series WBP [SN 139781]  Site 1 Bias Flow is out of range.,,,,,,,,,,,,,,,,,,,,,,,,,
2025-12-30 10:22:25.067000,FinePointe Series WBP [SN 10499C]  Site 3 Bias Flow is out of range.,,,,,,,,,,,,,,,,,,,,,,,,,
2025-12-30 10:22:27.067000,6d,Toxicity,Original,,102.45854187011719,1.6371424198150635,163.7720184326172,0.4837905466556549,0.704643726348877,0.8728101849555969,11.153897285461426,12.177310943603516,8.518173217773438,0.20743760466575623,0.40242525935173035,0.3659283220767975,5.034560203552246,8.325382232666016,0.23851744830608368,,4.182428359985352,37,25,30,0,
2025-12-30 10:22:29.067000,6d,Toxicity,Original,,77.95499420166016,1.6065459251403809,123.07261657714844,0.6933424472808838,1.060257911682129,0.045000478625297546,11.153897285461426,11.580533981323242,5.162992477416992,0.23499590158462524,0.5506879687309265,0.16265670955181122,3.6387829780578613,223.49510192871094,0.2716980278491974,,14.811188697814941,37,25,30,0,
2025-12-30 10:22:31.067000,6d,Toxicity,Original,,94.95004272460938,1.6437441110610962,154.94248962402344,0.3101521134376526,0.44494691491127014,0.9291954636573792,11.153897285461426,10.924576759338379,7.953182697296143,0.2411361038684845,0.3987581431865692,0.34364384412765503,4.669811248779297,0,0.27965062856674194,3.4144911766052246,2.4491257667541504,37,25,30,0,
2025-12-30 10:22:33.067000,6d,Toxicity,Original,,135.11541748046875,1.3401036262512207,180.25552368164062,0.33741527795791626,0.6202914714813232,0.9317463636398315,11.153897285461426,12.609460830688477,6.124912261962891,0.1582697033882141,0.29085129499435425,0.37731248140335083,4.926360130310059,0,0.18190816044807434,1.4482276439666748,4.405059337615967,37,25,30,50,
2025-12-30 10:22:33.067000,FinePointe Series WBP [SN 139781]  Site 4 Bias Flow is out of range.,,,,,,,,,,,,,,,,,,,,,,,,,
2025-12-30 10:22:35.067000,6d,Toxicity,Original,,76.70457458496094,1.6751344203948975,128.4888153076172,0.6063474416732788,0.8551689982414246,0.49577978253364563,11.153897285461426,10.653251647949219,5.451406478881836,0.24433651566505432,0.5379282832145691,0.23896361887454987,3.8434579372406006,0,0.292466938495636,,10.048860549926758,37,25,30,0,
2025-12-30 10:22:35.067000,FinePointe Series WBP [SN 139781]  Site 1 Bias Flow is out of range.,,,,,,,,,,,,,,,,,,,,,,,,,
2025-12-30 10:22:35.067000,FinePointe Series WBP [SN 139781]  Site 3 Bias Flow is out of range.,,,,,,,,,,,,,,,,,,,,,,,,,
2025-12-30 10:22:35.067000,FinePointe Series WBP [SN 10499C]  Site 3 Bias Flow is out of range.,,,,,,,,,,,,,,,,,,,,,,,,,
2025-12-30 10:22:37.067000,6d,Toxicity,Original,,79.8597412109375,1.7293528318405151,137.94534301757812,0.4762498736381531,0.6881173849105835,0.628674328327179,11.153897285461426,9.046990394592285,5.095573425292969,0.2962859570980072,0.4570111036300659,0.2583397328853607,5.091142177581787,0,0.2747078239917755,,4.488559722900391,37,25,30,0,
2025-12-30 10:22:39.067000,6d,Toxicity,Original,,92.32061004638672,1.5658386945724487,144.53175354003906,0.4610864222049713,0.6137506365776062,0.8899031281471252,11.153897285461426,8.92746639251709,6.041020393371582,0.26799824833869934,0.3820192515850067,0.30932989716529846,5.46298360824585,0,0.24071860313415527,0.7239877581596375,5.832799911499023,37,25,30,0,
2025-12-30 10:22:41.067000,6d,Toxicity,Original,,95.78982543945312,1.5272884368896484,146.40579223632812,0.4540891945362091,0.5006076097488403,0.8983213901519775,11.153897285461426,7.973993301391602,7.29086971282959,0.2784980833530426,0.3524850308895111,0.3506636619567871,6.1032280921936035,0,0.23812133073806763,2.791288137435913,2.7983787059783936,37,25,30,0,
2025-12-30 10:22:43.067000,6d,Toxicity,Original,,123.26432800292969,1.238516926765442,148.841796875,0.6377373933792114,0.8999515771865845,0.4532552659511566,11.153897285461426,12.15479564666748,7.140717506408691,0.15734627842903137,0.3738420009613037,0.3526919484138489,4.897815704345703,0,0.19522926211357117,1.96580171585083,11.88497543334961,37,25,30,33.33333206176758,
2025-12-30 10:22:43.067000,FinePointe Series WBP [SN 139781]  Site 4 Bias Flow is out of range.,,,,,,,,,,,,,,,,,,,,,,,,,
2025-12-30 10:22:45.067000,6d,Toxicity,Original,,70.46453094482422,1.4737735986709595,103.84877014160156,0.9701546430587769,1.3747366666793823,0.03977537527680397,11.153897285461426,12.3303861618042,5.547981262207031,0.19782140851020813,0.6536707878112793,0.21483857929706573,3.6656177043914795,0,0.27728211879730225,,21.77903175354004,37,25,30,75,
2025-12-30 10:22:45.067000,FinePointe Series WBP [SN 139781]  Site 1 Bias Flow is out of range.,,,,,,,,,,,,,,,,,,,,,,,,,
2025-12-30 10:22:45.067000,FinePointe Series WBP [SN 139781]  Site 3 Bias Flow is out of range.,,,,,,,,,,,,,,,,,,,,,,,,,
2025-12-30 10:22:45.067000,FinePointe Series WBP [SN 10499C]  Site 3 Bias Flow is out of range.,,,,,,,,,,,,,,,,,,,,,,,,,
2025-12-30 10:22:47.067000,6d,Toxicity,Original,,77.63553619384766,2.015831232070923,156.48626708984375,0.4405021071434021,0.8003315329551697,0.3540034294128418,11.153897285461426,11.175376892089844,4.534330368041992,0.2636837065219879,0.5095728635787964,0.1583455502986908,4.7433857917785645,0,0.2861337959766388,,3.6738719940185547,37,25,30,0,
2025-12-30 10:22:49.067000,6d,Toxicity,Original,,119.6236343383789,1.483161211013794,166.2379150390625,0.37191519141197205,0.5633867383003235,0.9179217219352722,11.153897285461426,11.122064590454102,6.247825622558594,0.2110643982887268,0.36145246028900146,0.27790433168411255,4.326347827911377,0,0.23517437279224396,2.064389228820801,5.733687400817871,37,25,30,0,
2025-12-30 10:22:51.067000,6d,Toxicity,Original,,158.8018035888672,0.9488574266433716,147.428955078125,0.3579176962375641,0.45918622612953186,0.5047293305397034,11.153897285461426,11.507801055908203,9.052446365356445,0.11933339387178421,0.27717503905296326,0.3827064037322998,4.091009616851807,56.54389953613281,0.1939144730567932,3.5810909271240234,0.373779296875,37,25,30,20,
2025-12-30 10:22:53.067000,6d,Toxicity,Original,,108.16607666015625,1.5301977396011353,165.51548767089844,1.6370233297348022,2.311176061630249,0.07890964299440384,11.153897285461426,11.670010566711426,6.386580944061279,0.19986632466316223,0.35483625531196594,0.253509521484375,3.7806618213653564,0,0.10820029675960541,0.09297073632478714,44.151607513427734,37,25,30,50,
2025-12-30 10:22:53.067000,FinePointe Series WBP [SN 139781]  Site 4 Bias Flow is out of range.,,,,,,,,,,,,,,,,,,,,,,,,,
2025-12-30 10:22:53.067000,FinePointe Series WBP [SN 10499C]  Site 3 Bias Flow is out of range.,,,,,,,,,,,,,,,,,,,,,,,,,
2025-12-30 10:22:55.067000,6d,Toxicity,Original,,82.18844604492188,2.0122463703155518,165.38340759277344,0.4632074236869812,0.7379111647605896,0.06257954984903336,11.153897285461426,10.888334274291992,5.168090343475342,0.2825990915298462,0.44743049144744873,0.17753899097442627,4.340230941772461,0,0.2602584660053253,,3.1338751316070557,37,25,30,75,
2025-12-30 10:22:55.067000,FinePointe Series WBP [SN 139781]  Site 1 Bias Flow is out of range.,,,,,,,,,,,,,,,,,,,,,,,,,
2025-12-30 10:22:55.067000,FinePointe Series WBP [SN 139781]  Site 3 Bias Flow is out of range.,,,,,,,,,,,,,,,,,,,,,,,,,
2025-12-30 10:22:57.067000,6d,Toxicity,Original,,165.74325561523438,1.4742425680160522,218.44268798828125,0.3716905415058136,0.6124860644340515,0.6028937101364136,11.153897285461426,11.945463180541992,6.29116153717041,0.19439096748828888,0.2536243498325348,0.3756844401359558,4.630324840545654,0,0.16119742393493652,10.475350379943848,5.846553802490234,37,25,30,0,
2025-12-30 10:22:59.067000,6d,Toxicity,Original,,203.88185119628906,1.0364136695861816,205.16928100585938,0.3626076877117157,0.5331765413284302,0.6716794371604919,11.153897285461426,12.529083251953125,8.811458587646484,0.12642237544059753,0.17650824785232544,0.470290869474411,4.509270668029785,0,0.11813157051801682,5.060912609100342,6.303718090057373,37,25,30,25,
2025-12-30 10:23:01.067000,6d,Toxicity,Original,,171.6148223876953,1.157036542892456,189.9163360595703,0.41515833139419556,0.7332147359848022,0.5469492077827454,11.153897285461426,13.96377944946289,7.441582679748535,0.12609601020812988,0.2657430171966553,0.31273767352104187,3.9959864616394043,0,0.1540057361125946,1.9724332094192505,6.075778007507324,37,25,30,55.55555725097656,
2025-12-30 10:23:03.067000,6d,Toxicity,Original,,109.30723571777344,0.8317750096321106,90.91902923583984,0.6837319135665894,1.3945701122283936,0.06184474751353264,11.153897285461426,15.045364379882812,5.452888011932373,0.09616491198539734,0.45274659991264343,0.17676326632499695,4.3555498123168945,0,0.19053442776203156,,26.14076042175293,37,25,30,66.66666412353516,
2025-12-30 10:23:03.067000,FinePointe Series WBP [SN 139781]  Site 4 Bias Flow is out of range.,,,,,,,,,,,,,,,,,,,,,,,,,
2025-12-30 10:23:03.067000,FinePointe Series WBP [SN 139781]  Site 1 Bias Flow is out of range.,,,,,,,,,,,,,,,,,,,,,,,,,
2025-12-30 10:23:03.067000,FinePointe Series WBP [SN 10499C]  Site 3 Bias Flow is out of range.,,,,,,,,,,,,,,,,,,,,,,,,,
2025-12-30 10:23:05.067000,6d,Toxicity,Original,,93.16967010498047,1.66904616355896,154.48516845703125,0.4222957193851471,0.6312731504440308,0.6169255375862122,11.153897285461426,9.797536849975586,5.801076412200928,0.2577073276042938,0.38934609293937683,0.29569095373153687,4.882967472076416,0,0.24305710196495056,1.8722419738769531,5.603466510772705,37,25,30,25,
2025-12-30 10:23:05.067000,FinePointe Series WBP [SN 139781]  Site 3 Bias Flow is out of range.,,,,,,,,,,,,,,,,,,,,,,,,,
2025-12-30 10:23:07.067000,6d,Toxicity,Original,,104.6907958984375,1.4754283428192139,154.01107788085938,0.47481727600097656,0.5474729537963867,0.8648883104324341,11.153897285461426,8.776357650756836,7.763946533203125,0.24460162222385406,0.3302574157714844,0.4582293629646301,5.600170612335205,0,0.21709124743938446,2.2262463569641113,4.742127418518066,37,25,30,0,
2025-12-30 10:23:09.067000,6d,Toxicity,Original,,115.40410614013672,1.3036079406738281,149.9669952392578,0.26749375462532043,0.44389182329177856,0.9148556590080261,11.153897285461426,12.12818717956543,8.279617309570312,0.15809834003448486,0.3833785057067871,0.3131941854953766,5.423341751098633,0,0.2660677433013916,3.502143144607544,0.8504945635795593,37,25,30,0,
2025-12-30 10:23:11.067000,6d,Toxicity,Original,,73.29792785644531,1.6622482538223267,121.6450424194336,0.6005988121032715,0.8604098558425903,0.4980787932872772,11.153897285461426,11.226886749267578,5.923130512237549,0.22390341758728027,0.6000205278396606,0.20130977034568787,4.457098960876465,0,0.32664257287979126,,8.500585556030273,37,25,30,0,
2025-12-30 10:23:13.067000,6d,Toxicity,Original,,77.6787109375,1.843233346939087,142.89317321777344,0.45777010917663574,0.6978403329849243,0.3395758867263794,11.153897285461426,9.599615097045898,4.9135661125183105,0.2830461859703064,0.4933089315891266,0.14056190848350525,4.4027910232543945,0,0.29347458481788635,,2.7067983150482178,37,25,30,0,
2025-12-30 10:23:13.067000,FinePointe Series WBP [SN 139781]  Site 4 Bias Flow is out of range.,,,,,,,,,,,,,,,,,,,,,,,,,
2025-12-30 10:23:13.067000,FinePointe Series WBP [SN 139781]  Site 1 Bias Flow is out of range.,,,,,,,,,,,,,,,,,,,,,,,,,
2025-12-30 10:23:13.067000,FinePointe Series WBP [SN 139781]  Site 3 Bias Flow is out of range.,,,,,,,,,,,,,,,,,,,,,,,,,
2025-12-30 10:23:13.067000,FinePointe Series WBP [SN 10499C]  Site 3 Bias Flow is out of range.,,,,,,,,,,,,,,,,,,,,,,,,,
2025-12-30 10:23:15.067000,6d,Toxicity,Original,,100.41683959960938,1.5849785804748535,158.24761962890625,0.47599583864212036,0.7248520255088806,0.7045597434043884,11.153897285461426,10.565686225891113,6.280947685241699,0.22710628807544708,0.3770825266838074,0.26648497581481934,4.844381332397461,38.153873443603516,0.22317086160182953,0.04366518184542656,2.117997169494629,37,25,30,0,
2025-12-30 10:23:19.067000,6d,Toxicity,Original,,126.81219482421875,1.2144243717193604,126.115478515625,0.4253501892089844,0.6577009558677673,0.9036234021186829,11.153897285461426,10.292447090148926,5.674380779266357,0.18567772209644318,0.3429376184940338,0.2678590416908264,6.058516502380371,0,0.2040357142686844,27.220108032226562,7.581569671630859,37,25,30,42.85714340209961,
2025-12-30 10:23:21.067000,6d,Toxicity,Original,,185.19189453125,1.2365564107894897,215.3279571533203,0.2738679051399231,0.4371856153011322,0.8581897020339966,11.153897285461426,12.59308910369873,8.249067306518555,0.14729949831962585,0.20164434611797333,0.2515486776828766,4.777763366699219,0,0.144286647439003,7.403735637664795,5.999392986297607,37,25,30,0,
2025-12-30 10:23:23.067000,6d,Toxicity,Original,,85.35379028320312,1.5390263795852661,131.9231414794922,0.4878813922405243,0.6898516416549683,0.6434701681137085,11.153897285461426,12.09321117401123,6.339547157287598,0.19608546793460846,0.5136653780937195,0.24453264474868774,8.428387641906738,0,0.31011196970939636,8.555986404418945,8.606269836425781,37,25,30,40,
2025-12-30 10:23:25.067000,6d,Toxicity,Original,,81.04546356201172,1.8471431732177734,148.86131286621094,0.4507056772708893,0.6856371760368347,0.8972650766372681,11.153897285461426,10.492240905761719,5.214353561401367,0.2792195677757263,0.46753963828086853,0.23823997378349304,4.401609897613525,0,0.2817792296409607,,6.4061808586120605,37,25,30,0,
2025-12-30 10:23:25.067000,FinePointe Series WBP [SN 139781]  Site 4 Bias Flow is out of range.,,,,,,,,,,,,,,,,,,,,,,,,,
2025-12-30 10:23:25.067000,FinePointe Series WBP [SN 139781]  Site 1 Bias Flow is out of range.,,,,,,,,,,,,,,,,,,,,,,,,,
2025-12-30 10:23:25.067000,FinePointe Series WBP [SN 139781]  Site 3 Bias Flow is out of range.,,,,,,,,,,,,,,,,,,,,,,,,,
2025-12-30 10:23:25.067000,FinePointe Series WBP [SN 10499C]  Site 3 Bias Flow is out of range.,,,,,,,,,,,,,,,,,,,,,,,,,
2025-12-30 10:23:27.067000,6d,Toxicity,Original,,91.6083984375,1.680938720703125,154.02658081054688,0.4481763243675232,0.680275022983551,0.610563337802887,11.153897285461426,9.316553115844727,5.386947154998779,0.2634073495864868,0.39301854372024536,0.29687005281448364,4.477689266204834,0,0.23705092072486877,0.17568688094615936,7.23337459564209,37,25,30,0,
2025-12-30 10:23:29.067000,6d,Toxicity,Original,,92.58918762207031,1.390190601348877,128.56024169921875,0.5073837637901306,0.6142401695251465,0.8553086519241333,11.153897285461426,8.205658912658691,6.136122703552246,0.25686758756637573,0.39218661189079285,0.38246840238571167,4.6213483810424805,0,0.24616427719593048,0.6724299192428589,5.828800678253174,37,25,30,0,
2025-12-30 10:23:31.067000,6d,Toxicity,Original,,91.8681411743164,1.4449636936187744,132.482666015625,0.44028422236442566,0.6177541613578796,0.8885083794593811,11.153897285461426,10.273734092712402,5.812281608581543,0.22705642879009247,0.42749035358428955,0.3474920392036438,4.5569329261779785,0,0.2673121988773346,0.26378339529037476,6.057925701141357,37,25,30,0,
2025-12-30 10:23:33.067000,6d,Toxicity,Original,,71.77897644042969,1.7886273860931396,127.92610168457031,0.6932457089424133,1.0291777849197388,0.05403890460729599,11.153897285461426,10.766907691955566,5.065831661224365,0.26324185729026794,0.5737518072128296,0.16050924360752106,4.195226669311523,0,0.2860606610774994,,9.488153457641602,37,25,30,0,
2025-12-30 10:23:35.067000,6d,Toxicity,Original,,84.61337280273438,1.6848689317703247,142.44857788085938,0.4724419414997101,0.6215342879295349,0.6359179019927979,11.153897285461426,9.074474334716797,6.110526084899902,0.2838296592235565,0.425931841135025,0.2530006468296051,5.207400321960449,0,0.266320139169693,,2.8738718032836914,37,25,30,0,
2025-12-30 10:23:35.067000,FinePointe Series WBP [SN 139781]  Site 4 Bias Flow is out of range.,,,,,,,,,,,,,,,,,,,,,,,,,
2025-12-30 10:23:35.067000,FinePointe Series WBP [SN 139781]  Site 1 Bias Flow is out of range.,,,,,,,,,,,,,,,,,,,,,,,,,
2025-12-30 10:23:35.067000,FinePointe Series WBP [SN 139781]  Site 3 Bias Flow is out of range.,,,,,,,,,,,,,,,,,,,,,,,,,
2025-12-30 10:23:35.067000,FinePointe Series WBP [SN 10499C]  Site 3 Bias Flow is out of range.,,,,,,,,,,,,,,,,,,,,,,,,,
2025-12-30 10:23:37.067000,6d,Toxicity,Original,,72.6881103515625,1.4816739559173584,107.7000732421875,0.7842708230018616,1.02004873752594,0.055614445358514786,11.153897285461426,11.110630989074707,6.148534774780273,0.21409255266189575,0.6113519668579102,0.22807852923870087,4.014412879943848,0,0.30489760637283325,,10.944555282592773,37,25,30,75,
2025-12-30 10:23:39.067000,6d,Toxicity,Original,,75.993896484375,1.5982534885406494,121.49417114257812,0.6274768114089966,0.7971085906028748,0.0770585834980011,11.153897285461426,9.109905242919922,5.1039276123046875,0.2814868688583374,0.5088265538215637,0.24537751078605652,4.210587501525879,0,0.28596895933151245,,4.905814170837402,37,25,30,0,
2025-12-30 10:23:41.067000,6d,Toxicity,Original,,99.83281707763672,1.5821096897125244,155.12632751464844,0.319404274225235,0.4770333468914032,0.903264582157135,11.153897285461426,9.913750648498535,6.741803169250488,0.24401530623435974,0.37085166573524475,0.3487588167190552,5.617151737213135,0,0.25357288122177124,1.7538857460021973,2.7885537147521973,37,25,30,0,
2025-12-30 10:23:43.067000,6d,Toxicity,Original,,77.64031982421875,1.5787584781646729,122.70309448242188,0.5443331599235535,0.7820137739181519,0.3252667784690857,11.153897285461426,10.495133399963379,5.244284152984619,0.23942473530769348,0.5344542860984802,0.21390250325202942,4.017733573913574,0,0.3026922941207886,,8.62624740600586,37,25,30,0,
2025-12-30 10:23:43.067000,FinePointe Series WBP [SN 139781]  Site 4 Bias Flow is out of range.,,,,,,,,,,,,,,,,,,,,,,,,,
2025-12-30 10:23:45.067000,6d,Toxicity,Original,,88.88090515136719,1.590559482574463,141.3902587890625,0.47692787647247314,0.6239229440689087,0.4887823462486267,11.153897285461426,9.259315490722656,6.130807399749756,0.2797081470489502,0.39654606580734253,0.3392443358898163,4.742813587188721,0,0.24726104736328125,,6.291284561157227,37,25,30,0,
2025-12-30 10:23:45.067000,FinePointe Series WBP [SN 139781]  Site 1 Bias Flow is out of range.,,,,,,,,,,,,,,,,,,,,,,,,,
2025-12-30 10:23:45.067000,FinePointe Series WBP [SN 139781]  Site 3 Bias Flow is out of range.,,,,,,,,,,,,,,,,,,,,,,,,,
2025-12-30 10:23:45.067000,FinePointe Series WBP [SN 10499C]  Site 3 Bias Flow is out of range.,,,,,,,,,,,,,,,,,,,,,,,,,
2025-12-30 10:23:47.067000,6d,Toxicity,Original,,61.522586822509766,1.4524036645889282,89.35563659667969,0.6923570036888123,0.7359620332717896,0.038817159831523895,11.153897285461426,9.144979476928711,6.047134876251221,0.2539210915565491,0.721330463886261,0.18573930859565735,4.0102858543396,0,0.4188004434108734,,,37,25,30,75,
2025-12-30 10:23:49.067000,6d,Toxicity,Original,,79.22187805175781,1.7916409969329834,141.8314666748047,0.49645569920539856,0.7126123905181885,0.6071140766143799,11.153897285461426,9.77908992767334,5.215336799621582,0.2868109345436096,0.4766526222229004,0.2054317444562912,4.2308197021484375,0,0.28024154901504517,,4.621954917907715,37,25,30,0,
2025-12-30 10:23:51.067000,6d,Toxicity,Original,,91.10198974609375,1.4811030626296997,134.84434509277344,0.32265526056289673,0.5263083577156067,0.9442006349563599,11.153897285461426,10.984521865844727,6.924229145050049,0.21765288710594177,0.44097787141799927,0.3036535978317261,5.795327663421631,0,0.2912088632583618,,4.23313045501709,37,25,30,50,
2025-12-30 10:23:53.067000,6d,Toxicity,Original,,72.87995910644531,1.540972113609314,112.15301513671875,0.5549021363258362,0.8304844498634338,0.34249767661094666,11.153897285461426,11.193719863891602,5.979373455047607,0.21485662460327148,0.6088037490844727,0.2518374025821686,4.1205525398254395,0,0.3465961515903473,,13.563714027404785,37,25,30,0,
2025-12-30 10:23:53.067000,FinePointe Series WBP [SN 139781]  Site 4 Bias Flow is out of range.,,,,,,,,,,,,,,,,,,,,,,,,,
2025-12-30 10:23:55.067000,6d,Toxicity,Original,,73.81037902832031,1.8076212406158447,133.37367248535156,0.5728060007095337,0.7786892652511597,0.5058408379554749,11.153897285461426,10.01559066772461,5.2976789474487305,0.29421550035476685,0.518976092338562,0.20165225863456726,4.379560947418213,0,0.2952703535556793,,6.265210151672363,37,25,30,0,
2025-12-30 10:23:55.067000,FinePointe Series WBP [SN 139781]  Site 1 Bias Flow is out of range.,,,,,,,,,,,,,,,,,,,,,,,,,
2025-12-30 10:23:55.067000,FinePointe Series WBP [SN 139781]  Site 3 Bias Flow is out of range.,,,,,,,,,,,,,,,,,,,,,,,,,
2025-12-30 10:23:55.067000,FinePointe Series WBP [SN 10499C]  Site 3 Bias Flow is out of range.,,,,,,,,,,,,,,,,,,,,,,,,,
2025-12-30 10:23:57.067000,6d,Toxicity,Original,,101.44196319580078,1.7263275384902954,174.71961975097656,0.5430901050567627,0.9300412535667419,0.37647971510887146,11.153897285461426,10.986132621765137,5.215528964996338,0.2392425686120987,0.379402220249176,0.27051204442977905,4.29541015625,0,0.20824342966079712,1.476273775100708,9.69334602355957,37,25,30,0,
2025-12-30 10:23:59.067000,6d,Toxicity,Original,,148.61215209960938,1.2777162790298462,181.27378845214844,0.2810772955417633,0.43829604983329773,0.893072247505188,11.153897285461426,12.655539512634277,8.06207275390625,0.14611461758613586,0.26865100860595703,0.3484032154083252,5.106287956237793,0,0.19139821827411652,3.0313053131103516,0.9358367919921875,37,25,30,40,
2025-12-30 10:24:01.067000,6d,Toxicity,Original,,137.09738159179688,1.2574890851974487,172.99200439453125,0.24697370827198029,0.6218243837356567,0.5162485241889954,11.153897285461426,14.0006103515625,5.564798355102539,0.1403270959854126,0.29770708084106445,0.13613077998161316,4.8670454025268555,64.70358276367188,0.18989445269107819,,,37,25,30,0,
2025-12-30 10:24:03.067000,6d,Toxicity,Original,,191.06813049316406,0.6926862597465515,90.20093536376953,0.45276057720184326,0.8224528431892395,0.9139376282691956,11.153897285461426,8.908438682556152,4.353182315826416,0.1171426773071289,0.2722671627998352,0.19529813528060913,6.615776538848877,0,0.13729111850261688,39.40060043334961,12.455928802490234,37,25,30,66.66666412353516,
2025-12-30 10:24:03.067000,FinePointe Series WBP [SN 139781]  Site 4 Bias Flow is out of range.,,,,,,,,,,,,,,,,,,,,,,,,,
2025-12-30 10:24:03.067000,FinePointe Series WBP [SN 139781]  Site 1 Bias Flow is out of range.,,,,,,,,,,,,,,,,,,,,,,,,,
2025-12-30 10:24:03.067000,FinePointe Series WBP [SN 10499C]  Site 3 Bias Flow is out of range.,,,,,,,,,,,,,,,,,,,,,,,,,
2025-12-30 10:24:05.067000,6d,Toxicity,Original,,75.40069580078125,1.8671826124191284,140.786865234375,0.4775294363498688,0.6466703414916992,0.05969088897109032,11.153897285461426,10.069645881652832,5.683548450469971,0.2931593358516693,0.5025892853736877,0.20471028983592987,4.116084098815918,0,0.30808019638061523,,4.7855939865112305,37,25,30,75,
2025-12-30 10:24:05.067000,FinePointe Series WBP [SN 139781]  Site 3 Bias Flow is out of range.,,,,,,,,,,,,,,,,,,,,,,,,,
2025-12-30 10:24:07.067000,6d,Toxicity,Original,,87.17808532714844,1.418632984161377,123.6737060546875,0.6040858626365662,0.6074659824371338,0.07051574438810349,11.153897285461426,8.324705123901367,6.461491584777832,0.2628094553947449,0.4254368841648102,0.35977137088775635,3.9140145778656006,0,0.2675280272960663,,7.340889930725098,37,25,30,0,
2025-12-30 10:24:09.067000,6d,Toxicity,Original,,113.20050048828125,1.5805065631866455,180.54605102539062,0.4530147910118103,0.6028323769569397,0.5155887603759766,11.153897285461426,10.811789512634277,7.3337225914001465,0.20703336596488953,0.3247772455215454,0.3988255262374878,4.8663740158081055,0,0.2072601467370987,2.7551751136779785,10.854037284851074,37,25,30,50,
2025-12-30 10:24:11.067000,6d,Toxicity,Original,,107.58820343017578,1.3822429180145264,148.71304321289062,0.46856018900871277,1.061070203781128,0.9563401341438293,11.153897285461426,14.098811149597168,5.140341281890869,0.147785946726799,0.40989598631858826,0.30552706122398376,3.5646159648895264,0,0.19988501071929932,,18.972370147705078,37,25,30,75,
2025-12-30 10:24:13.067000,6d,Toxicity,Original,,114.11058044433594,1.3384709358215332,104.6353759765625,0.783502995967865,0.9535266160964966,0.569443941116333,11.153897285461426,8.8211030960083,5.533217906951904,0.22134195268154144,0.44227245450019836,0.2562220096588135,13.68138313293457,0,0.2147802859544754,13.651840209960938,14.74062728881836,37,25,30,40,
2025-12-30 10:24:13.067000,FinePointe Series WBP [SN 139781]  Site 4 Bias Flow is out of range.,,,,,,,,,,,,,,,,,,,,,,,,,
2025-12-30 10:24:13.067000,FinePointe Series WBP [SN 139781]  Site 1 Bias Flow is out of range.,,,,,,,,,,,,,,,,,,,,,,,,,
2025-12-30 10:24:13.067000,FinePointe Series WBP [SN 139781]  Site 3 Bias Flow is out of range.,,,,,,,,,,,,,,,,,,,,,,,,,
2025-12-30 10:24:13.067000,FinePointe Series WBP [SN 10499C]  Site 3 Bias Flow is out of range.,,,,,,,,,,,,,,,,,,,,,,,,,
2025-12-30 10:24:15.067000,6d,Toxicity,Original,,86.80891418457031,2.0362131595611572,175.89114379882812,0.31882548332214355,0.5924358367919922,0.8927173614501953,11.153897285461426,10.413524627685547,4.788304328918457,0.27675187587738037,0.41645240783691406,0.186757430434227,4.842259883880615,0,0.2644304931163788,,3.914100170135498,37,25,30,33.33333206176758,
2025-12-30 10:24:17.067000,6d,Toxicity,Original,,90.148681640625,1.476767897605896,133.08583068847656,0.5951793789863586,0.6227632761001587,0.8822519779205322,11.153897285461426,8.596502304077148,6.749607563018799,0.2655106782913208,0.4001060128211975,0.36936527490615845,5.457738399505615,0,0.2505349814891815,0.277738481760025,6.237989902496338,37,25,30,0,
2025-12-30 10:24:19.067000,6d,Toxicity,Original,,89.3896255493164,1.3974666595458984,124.86538696289062,0.6013181209564209,0.635016143321991,0.6309307217597961,11.153897285461426,7.935111045837402,6.386538028717041,0.2652084231376648,0.40697547793388367,0.369663804769516,5.06719970703125,0,0.25278031826019287,0.24745361506938934,6.015234470367432,37,25,30,25,
2025-12-30 10:24:21.067000,6d,Toxicity,Original,,88.49400329589844,1.2992780208587646,114.80127716064453,0.48363828659057617,0.6502817869186401,0.4988698959350586,11.153897285461426,10.809028625488281,6.266421318054199,0.1811506748199463,0.5005208849906921,0.19779200851917267,4.412515163421631,0,0.31118348240852356,,13.064724922180176,37,25,30,0,
2025-12-30 10:24:23.067000,6d,Toxicity,Original,,75.64382934570312,1.8514727354049683,140.14724731445312,0.5599769949913025,0.7636314630508423,0.6408951282501221,11.153897285461426,10.160938262939453,5.587288856506348,0.28926652669906616,0.5059340000152588,0.20797346532344818,4.884357452392578,0,0.28998446464538574,,4.122547149658203,37,25,30,0,
2025-12-30 10:24:23.067000,FinePointe Series WBP [SN 139781]  Site 4 Bias Flow is out of range.,,,,,,,,,,,,,,,,,,,,,,,,,
2025-12-30 10:24:23.067000,FinePointe Series WBP [SN 139781]  Site 1 Bias Flow is out of range.,,,,,,,,,,,,,,,,,,,,,,,,,
2025-12-30 10:24:23.067000,FinePointe Series WBP [SN 139781]  Site 3 Bias Flow is out of range.,,,,,,,,,,,,,,,,,,,,,,,,,
2025-12-30 10:24:23.067000,FinePointe Series WBP [SN 10499C]  Site 3 Bias Flow is out of range.,,,,,,,,,,,,,,,,,,,,,,,,,
2025-12-30 10:24:25.067000,6d,Toxicity,Original,,93.15864562988281,1.8248964548110962,169.14959716796875,0.23464491963386536,0.491791695356369,0.9377752542495728,11.153897285461426,14.676271438598633,7.828338623046875,0.1915535032749176,0.4562508463859558,0.3213244378566742,5.375444412231445,0,0.30812346935272217,,0.5469669103622437,37,25,30,50,
2025-12-30 10:24:27.067000,6d,Toxicity,Original,,75.36785888671875,1.6542699337005615,124.67878723144531,0.9571934342384338,1.1306297779083252,0.05545481666922569,11.153897285461426,12.182809829711914,7.103342533111572,0.21904893219470978,0.5770463347434998,0.3168931305408478,3.9786593914031982,0,0.2733900249004364,,22.675460815429688,37,25,30,50,
2025-12-30 10:24:29.067000,6d,Toxicity,Original,,26.177043914794922,5.036154747009277,131.83164978027344,23.622314453125,19.10799217224121,0.024014635011553764,11.153897285461426,25.392560958862305,19.855642318725586,0.4598684310913086,1.8322161436080933,0.28826746344566345,3.9222612380981445,1663.4635009765625,0.09152505546808243,,25.230072021484375,37,25,30,0,
2025-12-30 10:24:31.067000,6d,Toxicity,Original,,92.64420318603516,1.23949134349823,114.14932250976562,1.9169729948043823,1.7967661619186401,0.06498828530311584,11.153897285461426,9.448389053344727,7.676449775695801,0.26763585209846497,0.38315409421920776,0.3528261184692383,3.1020708084106445,58.386444091796875,0.14795181155204773,,26.473739624023438,37,25,30,0,
2025-12-30 10:24:33.067000,6d,Toxicity,Original,,107.63861083984375,1.2879140377044678,138.51348876953125,0.6385319232940674,0.7799373865127563,0.4629876911640167,11.153897285461426,9.923820495605469,6.4089508056640625,0.24056726694107056,0.3188607096672058,0.44474443793296814,4.183141231536865,0,0.18103578686714172,0.9074857234954834,13.651847839355469,37,25,30,0,
2025-12-30 10:24:35.067000,6d,Toxicity,Original,,110.62853240966797,1.3958600759506226,152.8984375,0.4529336988925934,0.733784556388855,0.6541639566421509,11.153897285461426,10.991402626037598,6.147790908813477,0.20566606521606445,0.35327649116516113,0.44023528695106506,4.613855838775635,0,0.2039201557636261,3.580059289932251,12.05012321472168,37,25,30,0,
2025-12-30 10:24:35.067000,FinePointe Series WBP [SN 139781]  Site 4 Bias Flow is out of range.,,,,,,,,,,,,,,,,,,,,,,,,,
2025-12-30 10:24:35.067000,FinePointe Series WBP [SN 139781]  Site 1 Bias Flow is out of range.,,,,,,,,,,,,,,,,,,,,,,,,,
2025-12-30 10:24:35.067000,FinePointe Series WBP [SN 139781]  Site 3 Bias Flow is out of range.,,,,,,,,,,,,,,,,,,,,,,,,,
2025-12-30 10:24:35.067000,FinePointe Series WBP [SN 10499C]  Site 3 Bias Flow is out of range.,,,,,,,,,,,,,,,,,,,,,,,,,
2025-12-30 10:24:37.067000,6d,Toxicity,Original,,101.28492736816406,1.4917458295822144,150.73736572265625,0.47607123851776123,0.752574622631073,0.37411150336265564,11.153897285461426,9.5769624710083,4.664727687835693,0.2607479989528656,0.3339945077896118,0.25743594765663147,4.695511817932129,0,0.19351480901241302,0.8262959718704224,10.621886253356934,37,25,30,0,
2025-12-30 10:24:39.067000,6d,Toxicity,Original,,133.84312438964844,1.3076040744781494,174.14794921875,0.3935111165046692,0.6969475150108337,0.795988917350769,11.153897285461426,11.771787643432617,5.392212390899658,0.191155806183815,0.26528289914131165,0.38340073823928833,5.793224334716797,0,0.15901435911655426,5.918692588806152,12.106731414794922,37,25,30,0,
2025-12-30 10:24:41.067000,6d,Toxicity,Original,,80.70903015136719,1.4774154424667358,118.71543884277344,0.41718703508377075,0.6396320462226868,0.3382374942302704,11.153897285461426,11.104936599731445,5.074197769165039,0.22130784392356873,0.5251253843307495,0.3315414786338806,3.777207851409912,0,0.3325243592262268,23.513965606689453,9.903865814208984,37,25,30,33.33333206176758,
2025-12-30 10:24:43.067000,6d,Toxicity,Original,,75.52552032470703,1.5605075359344482,117.73094177246094,0.5177696943283081,0.7531065940856934,0.3507108986377716,11.153897285461426,10.925036430358887,5.008296966552734,0.2642369866371155,0.5377166271209717,0.28340694308280945,3.837332248687744,0,0.3173588812351227,,9.175281524658203,37,25,30,0,
2025-12-30 10:24:43.067000,FinePointe Series WBP [SN 139781]  Site 4 Bias Flow is out of range.,,,,,,,,,,,,,,,,,,,,,,,,,
2025-12-30 10:24:45.067000,6d,Toxicity,Original,,109.47360229492188,1.45704984664917,159.1483612060547,0.3985952138900757,0.624191403388977,0.8601067662239075,11.153897285461426,9.919693946838379,5.844654560089111,0.24349826574325562,0.30764511227607727,0.3563739061355591,4.9073166847229,0,0.19268979132175446,3.511746406555176,8.832674026489258,37,25,30,0,
2025-12-30 10:24:45.067000,FinePointe Series WBP [SN 139781]  Site 1 Bias Flow is out of range.,,,,,,,,,,,,,,,,,,,,,,,,,
2025-12-30 10:24:45.067000,FinePointe Series WBP [SN 139781]  Site 3 Bias Flow is out of range.,,,,,,,,,,,,,,,,,,,,,,,,,
2025-12-30 10:24:45.067000,FinePointe Series WBP [SN 10499C]  Site 3 Bias Flow is out of range.,,,,,,,,,,,,,,,,,,,,,,,,,
2025-12-30 10:24:47.067000,6d,Toxicity,Original,,133.8825225830078,1.278878092765808,172.7898712158203,0.6526458263397217,0.9625385999679565,0.37743136286735535,11.153897285461426,12.2926607131958,6.467738628387451,0.16312937438488007,0.28855055570602417,0.35830000042915344,4.030259609222412,0,0.1554287075996399,0.4973030686378479,21.565528869628906,37,25,30,0,
2025-12-30 10:24:49.067000,6d,Toxicity,Original,,140.65283203125,1.3411835432052612,187.68069458007812,0.6479318141937256,0.895686149597168,0.34110134840011597,11.153897285461426,13.323946952819824,7.31812047958374,0.16704915463924408,0.2678961455821991,0.5053407549858093,3.6566519737243652,0,0.1441640555858612,1.770352840423584,15.200794219970703,37,25,30,20,
2025-12-30 10:24:51.067000,6d,Toxicity,Original,,100.74427032470703,1.4490865468978882,145.91885375976562,0.8422227501869202,1.214390754699707,0.08104812353849411,11.153897285461426,11.556681632995605,5.983868598937988,0.23771525919437408,0.35793986916542053,0.3157787621021271,3.5227975845336914,0,0.1631683111190796,,24.83380889892578,37,25,30,25,
2025-12-30 10:24:53.067000,6d,Toxicity,Original,,111.49175262451172,1.4158073663711548,157.7224578857422,0.5372454524040222,0.843910276889801,0.4933127760887146,11.153897285461426,10.186094284057617,4.951355934143066,0.24117091298103333,0.29744234681129456,0.3763541579246521,4.247682094573975,0,0.16355866193771362,1.1234869956970215,15.71295166015625,37,25,30,0,
2025-12-30 10:24:53.067000,FinePointe Series WBP [SN 139781]  Site 4 Bias Flow is out of range.,,,,,,,,,,,,,,,,,,,,,,,,,
2025-12-30 10:24:55.067000,6d,Toxicity,Original,,120.2491683959961,1.307702898979187,157.89048767089844,0.3157179057598114,0.5511016845703125,0.8380088806152344,11.153897285461426,11.162253379821777,5.850775718688965,0.19373276829719543,0.3160804808139801,0.2756899297237396,4.511618137359619,0,0.20404917001724243,1.560424566268921,9.929492950439453,37,25,30,0,
2025-12-30 10:24:55.067000,FinePointe Series WBP [SN 139781]  Site 1 Bias Flow is out of range.,,,,,,,,,,,,,,,,,,,,,,,,,
2025-12-30 10:24:55.067000,FinePointe Series WBP [SN 139781]  Site 3 Bias Flow is out of range.,,,,,,,,,,,,,,,,,,,,,,,,,
2025-12-30 10:24:55.067000,FinePointe Series WBP [SN 10499C]  Site 3 Bias Flow is out of range.,,,,,,,,,,,,,,,,,,,,,,,,,
2025-12-30 10:24:57.067000,6d,Toxicity,Original,,96.532470703125,1.3513907194137573,130.3316650390625,0.8481756448745728,1.1222455501556396,0.08366313576698303,11.153897285461426,10.092071533203125,5.5758819580078125,0.2629767954349518,0.35886359214782715,0.3188037574291229,3.422147750854492,0,0.17154745757579803,,24.975162506103516,37,25,30,50,
2025-12-30 10:24:59.067000,6d,Toxicity,Original,,102.97525024414062,1.4520902633666992,149.6825714111328,0.644911527633667,1.0348281860351562,0.12788616120815277,11.153897285461426,10.825858116149902,4.813857555389404,0.2737870514392853,0.3112453520298004,0.3757389187812805,3.8132317066192627,0,0.154610276222229,,18.57999038696289,37,25,30,0,
2025-12-30 10:25:01.067000,6d,Toxicity,Original,,129.9083709716797,1.2572619915008545,162.55545043945312,0.6159877181053162,0.8691962957382202,0.48531466722488403,11.153897285461426,10.60008430480957,6.703808784484863,0.21519792079925537,0.2499350607395172,0.5296630263328552,4.424683094024658,3.612100839614868,0.13544587790966034,4.168872833251953,19.119611740112305,37,25,30,0,
2025-12-30 10:25:03.067000,6d,Toxicity,Original,,148.9757843017578,1.1152297258377075,165.51597595214844,0.842056155204773,1.1558916568756104,0.21632197499275208,11.153897285461426,13.5300874710083,7.528345108032227,0.13610167801380157,0.2959020137786865,0.44989871978759766,3.4519190788269043,0,0.13672730326652527,3.5332555770874023,21.876928329467773,37,25,30,0,
2025-12-30 10:25:03.067000,FinePointe Series WBP [SN 139781]  Site 4 Bias Flow is out of range.,,,,,,,,,,,,,,,,,,,,,,,,,
2025-12-30 10:25:03.067000,FinePointe Series WBP [SN 10499C]  Site 3 Bias Flow is out of range.,,,,,,,,,,,,,,,,,,,,,,,,,
2025-12-30 10:25:05.067000,6d,Toxicity,Original,,106.91790008544922,1.264952540397644,135.1712646484375,1.6590640544891357,1.671905279159546,0.07130567729473114,11.153897285461426,10.297022819519043,7.704285621643066,0.2183542549610138,0.3436909317970276,0.4095768630504608,2.8586721420288086,7.458664417266846,0.13037391006946564,,30.480918884277344,37,25,30,0,
2025-12-30 10:25:05.067000,FinePointe Series WBP [SN 139781]  Site 1 Bias Flow is out of range.,,,,,,,,,,,,,,,,,,,,,,,,,
2025-12-30 10:25:05.067000,FinePointe Series WBP [SN 139781]  Site 3 Bias Flow is out of range.,,,,,,,,,,,,,,,,,,,,,,,,,
2025-12-30 10:25:07.067000,6d,Toxicity,Original,,136.51475524902344,1.2992620468139648,177.84967041015625,1.1231034994125366,1.2581886053085327,0.3143845796585083,11.153897285461426,11.559944152832031,8.089844703674316,0.1977931559085846,0.2442621886730194,0.603293776512146,3.6981594562530518,11.605353355407715,0.10982796549797058,3.135519027709961,24.701231002807617,37,25,30,0,
2025-12-30 10:25:09.067000,6d,Toxicity,Original,,138.8030242919922,1.3366503715515137,185.13771057128906,0.762397289276123,1.050795316696167,0.37059485912323,11.153897285461426,13.331582069396973,8.439386367797852,0.1838170886039734,0.24951700866222382,0.6112228631973267,4.594134330749512,0,0.12303800135850906,3.165036916732788,23.511005401611328,37,25,30,0,
2025-12-30 10:25:11.067000,6d,Toxicity,Original,,173.64808654785156,1.2708882093429565,221.272216796875,0.9647336602210999,1.4666093587875366,0.3031294345855713,11.153897285461426,15.56052017211914,8.799882888793945,0.1313380002975464,0.22249114513397217,0.7036536335945129,3.945359468460083,20.223163604736328,0.09171690791845322,5.104921340942383,29.606159210205078,37,25,30,20,
2025-12-30 10:25:13.067000,6d,Toxicity,Original,,195.0487823486328,1.1110119819641113,213.83302307128906,2.948943614959717,3.3870813846588135,0.14412760734558105,11.153897285461426,14.780776023864746,11.31533145904541,0.13234500586986542,0.2125367820262909,0.8982251882553101,2.7313735485076904,87.50862121582031,0.05173560231924057,5.261979579925537,39.048439025878906,37,25,30,33.33333206176758,
2025-12-30 10:25:13.067000,FinePointe Series WBP [SN 139781]  Site 2 Bias Flow is out of range.,,,,,,,,,,,,,,,,,,,,,,,,,
2025-12-30 10:25:13.067000,FinePointe Series WBP [SN 139781]  Site 4 Bias Flow is out of range.,,,,,,,,,,,,,,,,,,,,,,,,,
2025-12-30 10:25:13.067000,FinePointe Series WBP [SN 139781]  Site 1 Bias Flow is out of range.,,,,,,,,,,,,,,,,,,,,,,,,,
2025-12-30 10:25:13.067000,FinePointe Series WBP [SN 10499C]  Site 3 Bias Flow is out of range.,,,,,,,,,,,,,,,,,,,,,,,,,
2025-12-30 10:25:15.067000,6d,Toxicity,Original,,115.027099609375,1.3600261211395264,155.10877990722656,1.5426725149154663,1.92067289352417,0.2115265280008316,11.153897285461426,13.977685928344727,8.144330024719238,0.15753841400146484,0.37241336703300476,0.4706723988056183,3.0862183570861816,48.77265548706055,0.1316310316324234,1.6816976070404053,28.53925895690918,37,25,30,40,
2025-12-30 10:25:15.067000,FinePointe Series WBP [SN 139781]  Site 3 Bias Flow is out of range.,,,,,,,,,,,,,,,,,,,,,,,,,
2025-12-30 10:25:17.067000,6d,Toxicity,Original,,134.206787109375,1.7012050151824951,227.7689208984375,0.5604709386825562,0.9281988739967346,0.3753635883331299,11.153897285461426,13.489115715026855,6.918417453765869,0.21658149361610413,0.2323681116104126,0.5642709136009216,4.135104656219482,0,0.12204849720001221,2.986171007156372,22.012807846069336,37,25,30,0,
2025-12-30 10:25:19.067000,6d,Toxicity,Original,,138.54779052734375,1.297438621520996,180.34605407714844,0.7191315293312073,0.9263292551040649,0.5124052166938782,11.153897285461426,11.315010070800781,7.830228328704834,0.2085827738046646,0.22564898431301117,0.6767011880874634,4.819589614868164,0,0.11928346753120422,5.047950744628906,22.843538284301758,37,25,30,0,
2025-12-30 10:25:21.067000,6d,Toxicity,Original,,148.6508026123047,0.9730397462844849,144.65948486328125,0.9144238233566284,0.9566214084625244,0.5471226572990417,11.153897285461426,9.970630645751953,8.698745727539062,0.1901007890701294,0.21386784315109253,0.7330156564712524,4.719484806060791,3.960597515106201,0.11143995821475983,5.369853973388672,25.750825881958008,37,25,30,0,
2025-12-30 10:25:23.067000,6d,Toxicity,Original,,122.57791900634766,1.0976308584213257,133.713134765625,1.658713698387146,2.311958074569702,0.22814416885375977,11.153897285461426,12.41154670715332,7.656147003173828,0.16249781847000122,0.3611081838607788,0.5626956820487976,4.039796829223633,110.86195373535156,0.12402722239494324,3.5292482376098633,32.65888595581055,37,25,30,0,
2025-12-30 10:25:23.067000,FinePointe Series WBP [SN 139781]  Site 2 Bias Flow is out of range.,,,,,,,,,,,,,,,,,,,,,,,,,
2025-12-30 10:25:23.067000,FinePointe Series WBP [SN 139781]  Site 4 Bias Flow is out of range.,,,,,,,,,,,,,,,,,,,,,,,,,
2025-12-30 10:25:23.067000,FinePointe Series WBP [SN 139781]  Site 1 Bias Flow is out of range.,,,,,,,,,,,,,,,,,,,,,,,,,
2025-12-30 10:25:23.067000,FinePointe Series WBP [SN 139781]  Site 3 Bias Flow is out of range.,,,,,,,,,,,,,,,,,,,,,,,,,
2025-12-30 10:25:23.067000,FinePointe Series WBP [SN 10499C]  Site 3 Bias Flow is out of range.,,,,,,,,,,,,,,,,,,,,,,,,,
2025-12-30 10:25:25.067000,6d,Toxicity,Original,,121.19741821289062,1.3140302896499634,161.53587341308594,2.851789951324463,2.404597282409668,0.08397398144006729,11.153897285461426,11.246428489685059,10.324769973754883,0.19367027282714844,0.316100150346756,0.5050328969955444,2.8739938735961914,79.4256362915039,0.09166939556598663,0.6840314865112305,36.653507232666016,37,25,30,0,
2025-12-30 10:25:27.067000,6d,Toxicity,Original,,137.2940673828125,1.457602620124817,196.4421844482422,0.9004356265068054,1.1036503314971924,0.4786994159221649,11.153897285461426,14.189655303955078,9.642507553100586,0.18076902627944946,0.27435922622680664,0.6676313877105713,3.8696224689483643,6.335501194000244,0.15378716588020325,4.004446029663086,26.752613067626953,37,25,30,0,
2025-12-30 10:25:29.067000,6d,Toxicity,Original,,138.76963806152344,1.4478788375854492,200.9696502685547,0.7495495080947876,0.9694643020629883,0.5108698606491089,11.153897285461426,12.314881324768066,8.366483688354492,0.19405046105384827,0.2387426495552063,0.7117530107498169,4.813901424407959,0,0.1230805516242981,4.791383743286133,21.199935913085938,37,25,30,0,
2025-12-30 10:25:31.067000,6d,Toxicity,Original,,146.91348266601562,1.1423581838607788,167.66653442382812,0.6553581953048706,0.8588160276412964,0.5444499850273132,11.153897285461426,10.684123039245605,7.52803897857666,0.18982373178005219,0.21868391335010529,0.6355904936790466,5.079020023345947,1.215235948562622,0.11997650563716888,5.745379447937012,20.74665641784668,37,25,30,0,
2025-12-30 10:25:33.067000,6d,Toxicity,Original,,150.5283660888672,1.2110364437103271,182.18377685546875,0.5779038667678833,0.8831140398979187,0.46865057945251465,11.153897285461426,12.668283462524414,7.752581596374512,0.16519127786159515,0.23417022824287415,0.6288290023803711,5.247067451477051,0,0.12597864866256714,5.843419551849365,20.13203239440918,37,25,30,0,
2025-12-30 10:25:33.067000,FinePointe Series WBP [SN 139781]  Site 2 Bias Flow is out of range.,,,,,,,,,,,,,,,,,,,,,,,,,
2025-12-30 10:25:35.067000,6d,Toxicity,Original,,113.60017395019531,1.3408851623535156,152.2789764404297,0.9980624914169312,1.4528448581695557,0.28060081601142883,11.153897285461426,11.664450645446777,6.2587080001831055,0.21432286500930786,0.3139681816101074,0.5157033205032349,4.118040084838867,0,0.12949307262897491,2.3592026233673096,32.683074951171875,37,25,30,0,
2025-12-30 10:25:35.067000,FinePointe Series WBP [SN 139781]  Site 4 Bias Flow is out of range.,,,,,,,,,,,,,,,,,,,,,,,,,
2025-12-30 10:25:35.067000,FinePointe Series WBP [SN 139781]  Site 1 Bias Flow is out of range.,,,,,,,,,,,,,,,,,,,,,,,,,
2025-12-30 10:25:35.067000,FinePointe Series WBP [SN 139781]  Site 3 Bias Flow is out of range.,,,,,,,,,,,,,,,,,,,,,,,,,
2025-12-30 10:25:35.067000,FinePointe Series WBP [SN 10499C]  Site 3 Bias Flow is out of range.,,,,,,,,,,,,,,,,,,,,,,,,,
2025-12-30 10:25:37.067000,6d,Toxicity,Original,,136.5659637451172,1.2144650220870972,165.78919982910156,0.6023306846618652,0.8328929543495178,0.6125355362892151,11.153897285461426,10.713356018066406,6.8425703048706055,0.2094995379447937,0.2302229255437851,0.5664549469947815,4.8676581382751465,0,0.12773993611335754,4.334988117218018,20.74958610534668,37,25,30,0,
2025-12-30 10:25:39.067000,6d,Toxicity,Original,,130.73388671875,1.1981563568115234,156.3064422607422,0.8515280485153198,1.1680316925048828,0.41994044184684753,11.153897285461426,10.778810501098633,6.617778778076172,0.19987109303474426,0.2603461742401123,0.5444188714027405,5.058610916137695,10.313909530639648,0.12436334788799286,4.511261463165283,24.610706329345703,37,25,30,0,
2025-12-30 10:25:41.067000,6d,Toxicity,Original,,98.05315399169922,1.4176642894744873,137.59567260742188,1.2726022005081177,1.6248480081558228,0.15071995556354523,11.153897285461426,12.163247108459473,6.774523735046387,0.20762789249420166,0.4158051311969757,0.5377218723297119,3.3522965908050537,0,0.1612113118171692,1.6660208702087402,33.48408508300781,37,25,30,0,
2025-12-30 10:25:43.067000,6d,Toxicity,Original,,133.76596069335938,1.2958471775054932,172.8378448486328,1.2686012983322144,1.399549126625061,0.30986014008522034,11.153897285461426,11.489094734191895,8.889033317565918,0.21991941332817078,0.23671503365039825,0.7820258736610413,4.1491899490356445,1.2082444429397583,0.09971955418586731,3.6093132495880127,31.127552032470703,37,25,30,0,
2025-12-30 10:25:43.067000,FinePointe Series WBP [SN 139781]  Site 2 Bias Flow is out of range.,,,,,,,,,,,,,,,,,,,,,,,,,
2025-12-30 10:25:45.067000,6d,Toxicity,Original,,143.18075561523438,1.304124355316162,186.34410095214844,0.8439344763755798,1.1376640796661377,0.40834465622901917,11.153897285461426,12.038409233093262,7.983107089996338,0.1961335390806198,0.22427411377429962,0.687440037727356,4.500060558319092,12.122742652893066,0.10656183212995529,4.763998985290527,25.347137451171875,37,25,30,0,
2025-12-30 10:25:45.067000,FinePointe Series WBP [SN 139781]  Site 4 Bias Flow is out of range.,,,,,,,,,,,,,,,,,,,,,,,,,
2025-12-30 10:25:45.067000,FinePointe Series WBP [SN 139781]  Site 1 Bias Flow is out of range.,,,,,,,,,,,,,,,,,,,,,,,,,
2025-12-30 10:25:45.067000,FinePointe Series WBP [SN 139781]  Site 3 Bias Flow is out of range.,,,,,,,,,,,,,,,,,,,,,,,,,
2025-12-30 10:25:45.067000,FinePointe Series WBP [SN 10499C]  Site 3 Bias Flow is out of range.,,,,,,,,,,,,,,,,,,,,,,,,,
2025-12-30 10:25:47.067000,6d,Toxicity,Original,,126.2236328125,1.399329423904419,176.87905883789062,1.2097758054733276,1.5185661315917969,0.28461647033691406,11.153897285461426,13.184122085571289,8.844861030578613,0.19046568870544434,0.288197785615921,0.7568390965461731,4.128928184509277,1.7837337255477905,0.1162506714463234,3.6911873817443848,33.742427825927734,37,25,30,0,
2025-12-30 10:25:49.067000,6d,Toxicity,Original,,131.1882781982422,1.3640615940093994,178.96505737304688,0.7179223299026489,0.9535443782806396,0.5432566404342651,11.153897285461426,11.418498992919922,7.431406021118164,0.2105531394481659,0.2470840960741043,0.628641664981842,4.689088821411133,0,0.1292462795972824,4.101212501525879,20.387975692749023,37,25,30,0,
2025-12-30 10:25:51.067000,6d,Toxicity,Original,,126.52407836914062,1.4097832441329956,177.36109924316406,0.5375074744224548,0.8508369326591492,0.5643385052680969,11.153897285461426,13.04200553894043,7.120922565460205,0.18055163323879242,0.3018013536930084,0.6006496548652649,7.283746719360352,1.7847440242767334,0.16470128297805786,6.460965156555176,18.478727340698242,37,25,30,0,
2025-12-30 10:25:53.067000,6d,Toxicity,Original,,131.10621643066406,1.474902868270874,193.36892700195312,0.25006064772605896,0.411181777715683,0.7893065810203552,11.153897285461426,12.904046058654785,8.116171836853027,0.1814524382352829,0.2761918008327484,0.49689123034477234,10.511846542358398,0,0.19848184287548065,13.170019149780273,7.269890785217285,37,25,30,0,
2025-12-30 10:25:53.067000,FinePointe Series WBP [SN 139781]  Site 2 Bias Flow is out of range.,,,,,,,,,,,,,,,,,,,,,,,,,
2025-12-30 10:25:53.067000,FinePointe Series WBP [SN 139781]  Site 4 Bias Flow is out of range.,,,,,,,,,,,,,,,,,,,,,,,,,
2025-12-30 10:25:55.067000,6d,Toxicity,Original,,240.91183471679688,0.8455846905708313,175.5632781982422,0.4137287735939026,0.7787140607833862,0.48668012022972107,11.153897285461426,12.596324920654297,6.129275798797607,0.109819695353508,0.17413946986198425,0.4161578118801117,4.374421119689941,0,0.09827673435211182,7.340590476989746,13.561758995056152,37,25,30,50,
2025-12-30 10:25:55.067000,FinePointe Series WBP [SN 139781]  Site 1 Bias Flow is out of range.,,,,,,,,,,,,,,,,,,,,,,,,,
2025-12-30 10:25:55.067000,FinePointe Series WBP [SN 139781]  Site 3 Bias Flow is out of range.,,,,,,,,,,,,,,,,,,,,,,,,,
2025-12-30 10:25:55.067000,FinePointe Series WBP [SN 10499C]  Site 3 Bias Flow is out of range.,,,,,,,,,,,,,,,,,,,,,,,,,
2025-12-30 10:25:57.067000,6d,Toxicity,Original,,116.78660583496094,1.4606213569641113,170.5436248779297,0.7552179098129272,1.3449206352233887,0.3469420373439789,11.153897285461426,13.892074584960938,6.805986404418945,0.16969825327396393,0.3455820381641388,0.48938652873039246,4.195155620574951,42.8830680847168,0.15457706153392792,1.4473785161972046,24.722942352294922,37,25,30,0,
2025-12-30 10:25:59.067000,6d,Toxicity,Original,,118.34027862548828,1.4619402885437012,172.08255004882812,0.809493362903595,1.1670206785202026,0.42361196875572205,11.153897285461426,11.739946365356445,6.563136577606201,0.20974493026733398,0.3001590967178345,0.5746922492980957,4.298782825469971,0,0.1399437040090561,2.913888931274414,24.173721313476562,37,25,30,0,
2025-12-30 10:26:01.067000,6d,Toxicity,Original,,118.39674377441406,1.3115822076797485,155.2930450439453,0.6475815773010254,0.9778634309768677,0.4730260670185089,11.153897285461426,10.695913314819336,6.0095415115356445,0.2142813503742218,0.29341134428977966,0.4816128611564636,4.540088176727295,0,0.15021827816963196,3.2518036365509033,22.219003677368164,37,25,30,0,
2025-12-30 10:26:03.067000,6d,Toxicity,Original,,120.68426513671875,1.196916103363037,144.30767822265625,0.5676168203353882,0.9819621443748474,0.32917535305023193,11.153897285461426,11.84924602508545,5.627327919006348,0.18011145293712616,0.320108026266098,0.4556545615196228,4.933177947998047,0,0.16255070269107819,3.6473870277404785,21.72079086303711,37,25,30,0,
2025-12-30 10:26:03.067000,FinePointe Series WBP [SN 139781]  Site 2 Bias Flow is out of range.,,,,,,,,,,,,,,,,,,,,,,,,,
2025-12-30 10:26:03.067000,FinePointe Series WBP [SN 139781]  Site 4 Bias Flow is out of range.,,,,,,,,,,,,,,,,,,,,,,,,,
2025-12-30 10:26:05.067000,6d,Toxicity,Original,,98.95741271972656,1.4091193675994873,140.394287109375,1.4744513034820557,1.9467670917510986,0.0726507157087326,11.153897285461426,12.458846092224121,6.756328582763672,0.20442114770412445,0.4067511558532715,0.4514125883579254,3.3138623237609863,60.66665267944336,0.14801442623138428,0.45404934883117676,30.499431610107422,37,25,30,0,
2025-12-30 10:26:05.067000,FinePointe Series WBP [SN 139781]  Site 1 Bias Flow is out of range.,,,,,,,,,,,,,,,,,,,,,,,,,
2025-12-30 10:26:05.067000,FinePointe Series WBP [SN 139781]  Site 3 Bias Flow is out of range.,,,,,,,,,,,,,,,,,,,,,,,,,
2025-12-30 10:26:05.067000,FinePointe Series WBP [SN 10499C]  Site 3 Bias Flow is out of range.,,,,,,,,,,,,,,,,,,,,,,,,,
2025-12-30 10:26:07.067000,6d,Toxicity,Original,,113.43756866455078,1.4464479684829712,164.2289276123047,0.6920678019523621,0.9824366569519043,0.40129056572914124,11.153897285461426,11.25928020477295,6.121737957000732,0.23130901157855988,0.29931288957595825,0.48088574409484863,4.067310810089111,3.213258981704712,0.15282264351844788,1.7632639408111572,20.34319305419922,37,25,30,0,
2025-12-30 10:26:09.067000,6d,Toxicity,Original,,124.7526626586914,1.3722569942474365,171.31280517578125,0.6427862644195557,0.863210141658783,0.2450140118598938,11.153897285461426,10.540605545043945,6.236822605133057,0.22058367729187012,0.2606271505355835,0.5279819369316101,4.306877136230469,0,0.14194221794605255,3.0201406478881836,18.014965057373047,37,25,30,0,
2025-12-30 10:26:11.067000,6d,Toxicity,Original,,116.64129638671875,1.3563940525054932,158.11468505859375,0.49922648072242737,0.8456058502197266,0.6476439237594604,11.153897285461426,10.875840187072754,5.36692476272583,0.21273593604564667,0.3021405339241028,0.437823086977005,4.641663551330566,0,0.16586056351661682,2.819734811782837,16.87471580505371,37,25,30,0,
2025-12-30 10:26:13.067000,6d,Toxicity,Original,,90.52993774414062,1.4290683269500732,130.64584350585938,0.3314071595668793,0.6872496604919434,0.40158212184906006,11.153897285461426,12.388934135437012,4.500940322875977,0.1873614490032196,0.4807555675506592,0.3580120801925659,3.9151768684387207,0,0.30238744616508484,11.481599807739258,13.170050621032715,37,25,30,50,
2025-12-30 10:26:13.067000,FinePointe Series WBP [SN 139781]  Site 2 Bias Flow is out of range.,,,,,,,,,,,,,,,,,,,,,,,,,
2025-12-30 10:26:13.067000,FinePointe Series WBP [SN 139781]  Site 4 Bias Flow is out of range.,,,,,,,,,,,,,,,,,,,,,,,,,
2025-12-30 10:26:13.067000,FinePointe Series WBP [SN 10499C]  Site 3 Bias Flow is out of range.,,,,,,,,,,,,,,,,,,,,,,,,,
2025-12-30 10:26:15.067000,6d,Toxicity,Original,,98.14656829833984,1.5081604719161987,148.01736450195312,0.6516757607460022,0.9542514085769653,0.07802560925483704,11.153897285461426,11.007830619812012,5.305278301239014,0.24497577548027039,0.36643972992897034,0.378966748714447,3.8049941062927246,0,0.18980266153812408,,18.47539520263672,37,25,30,0,
2025-12-30 10:26:15.067000,FinePointe Series WBP [SN 139781]  Site 1 Bias Flow is out of range.,,,,,,,,,,,,,,,,,,,,,,,,,
2025-12-30 10:26:15.067000,FinePointe Series WBP [SN 139781]  Site 3 Bias Flow is out of range.,,,,,,,,,,,,,,,,,,,,,,,,,
2025-12-30 10:26:17.067000,6d,Toxicity,Original,,107.49089050292969,1.4792689085006714,158.87841796875,0.5249999761581421,0.8152177929878235,0.3658739924430847,11.153897285461426,10.469619750976562,5.226673603057861,0.24440792202949524,0.3140997886657715,0.42000913619995117,4.314819812774658,0,0.17537115514278412,0.8938419818878174,14.5028076171875,37,25,30,0,
2025-12-30 10:26:19.067000,6d,Toxicity,Original,,126.37145233154297,1.6081044673919678,204.953125,0.3466108441352844,0.700522243976593,0.6034649610519409,11.153897285461426,14.873044967651367,6.731139183044434,0.17832067608833313,0.2994080185890198,0.5070858597755432,5.371650695800781,0,0.17815908789634705,5.653991222381592,13.521448135375977,37,25,30,0,
2025-12-30 10:26:21.067000,6d,Toxicity,Original,,109.78180694580078,1.4557578563690186,160.2336883544922,0.6263467073440552,0.9120537042617798,0.2917940318584442,11.153897285461426,12.275586128234863,6.217197418212891,0.2312360405921936,0.31628674268722534,0.4537457525730133,3.608128786087036,0,0.16676759719848633,0.9691643714904785,20.24595832824707,37,25,30,50,
2025-12-30 10:26:23.067000,6d,Toxicity,Original,,106.55587005615234,1.652991533279419,176.12342834472656,0.4420563280582428,0.8095272779464722,0.7384248971939087,11.153897285461426,11.670381546020508,5.093745231628418,0.24234774708747864,0.3208548426628113,0.4279586374759674,4.5469160079956055,0,0.17985914647579193,1.416457176208496,14.551898956298828,37,25,30,0,
2025-12-30 10:26:23.067000,FinePointe Series WBP [SN 139781]  Site 2 Bias Flow is out of range.,,,,,,,,,,,,,,,,,,,,,,,,,
2025-12-30 10:26:23.067000,FinePointe Series WBP [SN 139781]  Site 4 Bias Flow is out of range.,,,,,,,,,,,,,,,,,,,,,,,,,
2025-12-30 10:26:23.067000,FinePointe Series WBP [SN 139781]  Site 1 Bias Flow is out of range.,,,,,,,,,,,,,,,,,,,,,,,,,
2025-12-30 10:26:23.067000,FinePointe Series WBP [SN 10499C]  Site 3 Bias Flow is out of range.,,,,,,,,,,,,,,,,,,,,,,,,,
2025-12-30 10:26:25.067000,6d,Toxicity,Original,,111.77140808105469,1.4369409084320068,160.48858642578125,0.5866678953170776,0.884143054485321,0.536731481552124,11.153897285461426,10.40615463256836,5.475381374359131,0.23850072920322418,0.2985846996307373,0.47787532210350037,5.013279438018799,0,0.16111411154270172,2.4763383865356445,17.914329528808594,37,25,30,0,
2025-12-30 10:26:25.067000,FinePointe Series WBP [SN 139781]  Site 3 Bias Flow is out of range.,,,,,,,,,,,,,,,,,,,,,,,,,
2025-12-30 10:26:27.067000,6d,Toxicity,Original,,106.86250305175781,1.2363742589950562,132.86566162109375,0.5096311569213867,0.8446654081344604,0.464505136013031,11.153897285461426,10.73033332824707,5.579876899719238,0.19666659832000732,0.37734782695770264,0.4279639422893524,4.483984470367432,0,0.20749622583389282,3.315178632736206,16.296884536743164,37,25,30,0,
2025-12-30 10:26:29.067000,6d,Toxicity,Original,,92.60856628417969,1.43217933177948,132.71868896484375,0.8572617173194885,1.0976319313049316,0.06998766213655472,11.153897285461426,10.92201042175293,6.106046676635742,0.23380394279956818,0.4146457314491272,0.3180903494358063,3.3985304832458496,0,0.19876466691493988,,21.070493698120117,37,25,30,0,
2025-12-30 10:26:31.067000,6d,Toxicity,Original,,111.98116302490234,1.5164377689361572,169.8289337158203,0.554962694644928,0.8391968011856079,0.4799995720386505,11.153897285461426,11.226997375488281,5.67018461227417,0.2464754283428192,0.2894488573074341,0.44795218110084534,4.105194568634033,0,0.15964730083942413,1.1329014301300049,17.399181365966797,37,25,30,0,
2025-12-30 10:26:33.067000,6d,Toxicity,Original,,105.45364379882812,1.4616177082061768,153.9486541748047,0.3992975056171417,0.8015813827514648,0.4466700851917267,11.153897285461426,12.879740715026855,5.339751243591309,0.19250722229480743,0.377732515335083,0.4053139090538025,4.413671016693115,0,0.21310608088970184,2.574615478515625,13.569076538085938,37,25,30,0,
2025-12-30 10:26:33.067000,FinePointe Series WBP [SN 139781]  Site 2 Bias Flow is out of range.,,,,,,,,,,,,,,,,,,,,,,,,,
2025-12-30 10:26:33.067000,FinePointe Series WBP [SN 139781]  Site 4 Bias Flow is out of range.,,,,,,,,,,,,,,,,,,,,,,,,,
2025-12-30 10:26:33.067000,FinePointe Series WBP [SN 139781]  Site 1 Bias Flow is out of range.,,,,,,,,,,,,,,,,,,,,,,,,,
2025-12-30 10:26:33.067000,FinePointe Series WBP [SN 139781]  Site 3 Bias Flow is out of range.,,,,,,,,,,,,,,,,,,,,,,,,,
2025-12-30 10:26:33.067000,FinePointe Series WBP [SN 10499C]  Site 3 Bias Flow is out of range.,,,,,,,,,,,,,,,,,,,,,,,,,
2025-12-30 10:26:35.067000,6d,Toxicity,Original,,94.40117645263672,1.5830376148223877,149.58709716796875,0.6935712695121765,1.0209349393844604,0.07275617122650146,11.153897285461426,12.826741218566895,6.580544948577881,0.19228102266788483,0.4516478180885315,0.3390430808067322,3.5773978233337402,0,0.22481189668178558,,16.80951690673828,37,25,30,0,
2025-12-30 10:26:37.067000,6d,Toxicity,Original,,144.12049865722656,1.3825998306274414,191.8374481201172,0.3515283465385437,0.5982986092567444,0.6534848213195801,11.153897285461426,14.63790225982666,7.918583869934082,0.152413010597229,0.28041160106658936,0.44021549820899963,4.045080661773682,0,0.17676757276058197,1.0496091842651367,6.133388519287109,37,25,30,0,
2025-12-30 10:26:39.067000,6d,Toxicity,Original,,121.37504577636719,1.4567681550979614,174.5764617919922,0.8568313717842102,1.6855313777923584,0.06620576977729797,11.153897285461426,15.015207290649414,5.771701812744141,0.14595718681812286,0.3559117317199707,0.28316712379455566,3.639221668243408,3.5611979961395264,0.13736960291862488,,28.23517417907715,37,25,30,20,
2025-12-30 10:26:41.067000,6d,Toxicity,Original,,111.48159790039062,1.4516156911849976,160.91241455078125,0.5844693183898926,0.9870140552520752,0.21337555348873138,11.153897285461426,14.36414909362793,6.537103652954102,0.1677190661430359,0.37592706084251404,0.3743271827697754,3.4520184993743896,0,0.19489312171936035,,16.421911239624023,37,25,30,0,
2025-12-30 10:26:43.067000,6d,Toxicity,Original,,110.25939178466797,1.5756016969680786,173.61903381347656,0.6533644199371338,0.8689411282539368,0.1250823587179184,11.153897285461426,11.192999839782715,6.235517501831055,0.24222086369991302,0.30255401134490967,0.47965914011001587,4.114260673522949,0,0.1641751378774643,1.3195769786834717,17.114715576171875,37,25,30,0,
2025-12-30 10:26:43.067000,FinePointe Series WBP [SN 139781]  Site 2 Bias Flow is out of range.,,,,,,,,,,,,,,,,,,,,,,,,,
2025-12-30 10:26:45.067000,6d,Toxicity,Original,,108.45819854736328,1.506657600402832,163.37855529785156,0.4548701345920563,0.7504553198814392,0.7158854603767395,11.153897285461426,10.9396390914917,5.905992031097412,0.2326807826757431,0.32059404253959656,0.47473078966140747,4.732693672180176,0,0.18569518625736237,2.267904281616211,13.597436904907227,37,25,30,0,
2025-12-30 10:26:45.067000,FinePointe Series WBP [SN 139781]  Site 4 Bias Flow is out of range.,,,,,,,,,,,,,,,,,,,,,,,,,
2025-12-30 10:26:45.067000,FinePointe Series WBP [SN 139781]  Site 1 Bias Flow is out of range.,,,,,,,,,,,,,,,,,,,,,,,,,
2025-12-30 10:26:45.067000,FinePointe Series WBP [SN 139781]  Site 3 Bias Flow is out of range.,,,,,,,,,,,,,,,,,,,,,,,,,
2025-12-30 10:26:45.067000,FinePointe Series WBP [SN 10499C]  Site 3 Bias Flow is out of range.,,,,,,,,,,,,,,,,,,,,,,,,,
2025-12-30 10:26:47.067000,6d,Toxicity,Original,,105.01052856445312,1.3664597272872925,143.4891815185547,0.494834303855896,0.7383696436882019,0.6070612072944641,11.153897285461426,9.661372184753418,5.307989120483398,0.2286241352558136,0.34275326132774353,0.381835401058197,4.420026779174805,0,0.19968204200267792,0.6550164222717285,11.835857391357422,37,25,30,0,
2025-12-30 10:26:49.067000,6d,Toxicity,Original,,113.51314544677734,1.3974539041519165,159.00531005859375,0.46278777718544006,0.7315394878387451,0.751854658126831,11.153897285461426,10.882126808166504,6.384102821350098,0.2161327302455902,0.31465891003608704,0.4560267925262451,5.039844512939453,0,0.18498745560646057,2.8442134857177734,13.445762634277344,37,25,30,0,
2025-12-30 10:26:51.067000,6d,Toxicity,Original,,107.0566635131836,1.515175461769104,163.44033813476562,0.5057623386383057,0.9248737096786499,0.491983026266098,11.153897285461426,12.420408248901367,5.454022407531738,0.19991834461688995,0.36299434304237366,0.36965659260749817,4.239256858825684,8.082782745361328,0.19124539196491241,1.715601921081543,16.992900848388672,37,25,30,25,
2025-12-30 10:26:53.067000,6d,Toxicity,Original,,91.53292846679688,1.4662909507751465,134.81008911132812,0.7104059457778931,0.989793062210083,0.06727644801139832,11.153897285461426,11.55250358581543,5.500119209289551,0.23052698373794556,0.4294576644897461,0.3974286913871765,4.086790084838867,0,0.21711769700050354,,17.932540893554688,37,25,30,33.33333206176758,
2025-12-30 10:26:53.067000,FinePointe Series WBP [SN 139781]  Site 2 Bias Flow is out of range.,,,,,,,,,,,,,,,,,,,,,,,,,
2025-12-30 10:26:55.067000,6d,Toxicity,Original,,109.1662826538086,1.64491605758667,179.32545471191406,0.556189239025116,0.9114347100257874,0.2349931001663208,11.153897285461426,11.412803649902344,5.062267303466797,0.2529352009296417,0.2970351576805115,0.3770400881767273,4.33330774307251,0,0.1577051877975464,0.9413141012191772,17.652591705322266,37,25,30,0,
2025-12-30 10:26:55.067000,FinePointe Series WBP [SN 139781]  Site 4 Bias Flow is out of range.,,,,,,,,,,,,,,,,,,,,,,,,,
2025-12-30 10:26:55.067000,FinePointe Series WBP [SN 139781]  Site 1 Bias Flow is out of range.,,,,,,,,,,,,,,,,,,,,,,,,,
2025-12-30 10:26:55.067000,FinePointe Series WBP [SN 139781]  Site 3 Bias Flow is out of range.,,,,,,,,,,,,,,,,,,,,,,,,,
2025-12-30 10:26:55.067000,FinePointe Series WBP [SN 10499C]  Site 3 Bias Flow is out of range.,,,,,,,,,,,,,,,,,,,,,,,,,
2025-12-30 10:26:57.067000,6d,Toxicity,Original,,106.29960632324219,1.5282093286514282,162.676025390625,0.335667222738266,0.7428129315376282,0.6971492767333984,11.153897285461426,13.17258358001709,4.681084632873535,0.20110642910003662,0.36384469270706177,0.3718833923339844,4.942439079284668,0,0.21225082874298096,2.8093018531799316,12.510931015014648,37,25,30,0,
2025-12-30 10:26:59.067000,6d,Toxicity,Original,,135.53482055664062,1.209862232208252,164.42945861816406,0.49427086114883423,0.6976442337036133,0.34262633323669434,11.153897285461426,14.049123764038086,8.353841781616211,0.13643360137939453,0.31005239486694336,0.34423506259918213,3.652754306793213,0,0.18362507224082947,,7.319793701171875,37,25,30,66.66666412353516,
2025-12-30 10:27:01.067000,6d,Toxicity,Original,,93.7203369140625,1.8491023778915405,172.90570068359375,0.3682156205177307,0.8110292553901672,0.37686920166015625,11.153897285461426,14.769110679626465,4.62896728515625,0.20482544600963593,0.43572354316711426,0.3004228472709656,3.9344232082366943,0,0.24330711364746094,0.19983696937561035,15.684002876281738,37,25,30,50,
2025-12-30 10:27:03.067000,6d,Toxicity,Original,,85.95555877685547,1.5285017490386963,130.71438598632812,0.5565232634544373,0.883840799331665,0.2986958622932434,11.153897285461426,10.202995300292969,4.5831098556518555,0.24773555994033813,0.4542052447795868,0.22694191336631775,4.18558406829834,0,0.24286413192749023,,15.001665115356445,37,25,30,0,
2025-12-30 10:27:03.067000,FinePointe Series WBP [SN 139781]  Site 2 Bias Flow is out of range.,,,,,,,,,,,,,,,,,,,,,,,,,
2025-12-30 10:27:03.067000,FinePointe Series WBP [SN 139781]  Site 4 Bias Flow is out of range.,,,,,,,,,,,,,,,,,,,,,,,,,
2025-12-30 10:27:05.067000,6d,Toxicity,Original,,111.7239990234375,1.4564100503921509,161.8658447265625,0.5704981088638306,0.7998817563056946,0.3844429850578308,11.153897285461426,10.178762435913086,5.93796968460083,0.24825474619865417,0.2918397784233093,0.4048948884010315,4.65358829498291,0,0.16434623301029205,2.441046953201294,14.569064140319824,37,25,30,0,
2025-12-30 10:27:05.067000,FinePointe Series WBP [SN 139781]  Site 1 Bias Flow is out of range.,,,,,,,,,,,,,,,,,,,,,,,,,
2025-12-30 10:27:05.067000,FinePointe Series WBP [SN 139781]  Site 3 Bias Flow is out of range.,,,,,,,,,,,,,,,,,,,,,,,,,
2025-12-30 10:27:05.067000,FinePointe Series WBP [SN 10499C]  Site 3 Bias Flow is out of range.,,,,,,,,,,,,,,,,,,,,,,,,,
2025-12-30 10:27:07.067000,6d,Toxicity,Original,,115.87643432617188,1.3169615268707275,152.32675170898438,0.6071670651435852,0.9112221598625183,0.6126226782798767,11.153897285461426,10.544703483581543,5.687445163726807,0.2180175930261612,0.3008754551410675,0.47645848989486694,4.356982707977295,2.8660061359405518,0.15978586673736572,2.4796833992004395,19.919065475463867,37,25,30,0,
2025-12-30 10:27:09.067000,6d,Toxicity,Original,,186.4199676513672,0.9660857915878296,108.68265533447266,0.6160101890563965,0.928596556186676,0.5221947431564331,11.153897285461426,9.734018325805664,4.306351184844971,0.14715898036956787,0.3016488552093506,0.2654407322406769,3.6491785049438477,0,0.16648705303668976,6.178555011749268,14.706644058227539,37,25,30,25,
2025-12-30 10:27:11.067000,6d,Toxicity,Original,,106.02976989746094,1.4813580513000488,158.04934692382812,0.8274253606796265,1.0119740962982178,0.08875671029090881,11.153897285461426,12.227465629577637,7.052581310272217,0.20010483264923096,0.3673383891582489,0.4850298762321472,3.551875114440918,0,0.18406960368156433,,19.163501739501953,37,25,30,50,
2025-12-30 10:27:13.067000,6d,Toxicity,Original,,94.04844665527344,1.7785122394561768,167.1352081298828,0.4747098386287689,0.8867864012718201,0.2758305072784424,11.153897285461426,13.50524616241455,5.328311443328857,0.2214152216911316,0.41739609837532043,0.3372897803783417,3.942512273788452,0,0.22431950271129608,,15.33956527709961,37,25,30,0,
2025-12-30 10:27:13.067000,FinePointe Series WBP [SN 139781]  Site 2 Bias Flow is out of range.,,,,,,,,,,,,,,,,,,,,,,,,,
2025-12-30 10:27:13.067000,FinePointe Series WBP [SN 139781]  Site 4 Bias Flow is out of range.,,,,,,,,,,,,,,,,,,,,,,,,,
2025-12-30 10:27:15.067000,6d,Toxicity,Original,,107.03362274169922,1.6613590717315674,177.56295776367188,0.47832703590393066,0.730256199836731,0.6277868151664734,11.153897285461426,11.09850788116455,5.754998207092285,0.24267040193080902,0.31872785091400146,0.392539918422699,4.099061965942383,0,0.18658721446990967,1.0103321075439453,11.402981758117676,37,25,30,0,
2025-12-30 10:27:15.067000,FinePointe Series WBP [SN 139781]  Site 1 Bias Flow is out of range.,,,,,,,,,,,,,,,,,,,,,,,,,
2025-12-30 10:27:15.067000,FinePointe Series WBP [SN 139781]  Site 3 Bias Flow is out of range.,,,,,,,,,,,,,,,,,,,,,,,,,
2025-12-30 10:27:15.067000,FinePointe Series WBP [SN 10499C]  Site 3 Bias Flow is out of range.,,,,,,,,,,,,,,,,,,,,,,,,,
2025-12-30 10:27:17.067000,6d,Toxicity,Original,,107.26464080810547,1.460062026977539,156.63414001464844,0.4539231061935425,0.7725133895874023,0.3502863049507141,11.153897285461426,12.798969268798828,6.377721786499023,0.18346597254276276,0.37652385234832764,0.41494250297546387,4.1851935386657715,0,0.21424396336078644,2.0067477226257324,11.225629806518555,37,25,30,0,
2025-12-30 10:27:19.067000,6d,Toxicity,Original,,91.99561309814453,1.4975577592849731,137.8024139404297,0.6324042081832886,0.9157548546791077,0.06864193081855774,11.153897285461426,11.278486251831055,5.45741605758667,0.23433908820152283,0.4189704656600952,0.3667721152305603,3.71553897857666,0,0.22074417769908905,,17.617780685424805,37,25,30,0,
2025-12-30 10:27:21.067000,6d,Toxicity,Original,,100.88924407958984,1.6206804513931274,162.74571228027344,0.5695458650588989,0.7242626547813416,0.3548005223274231,11.153897285461426,11.181358337402344,6.625069618225098,0.247139111161232,0.37037891149520874,0.41916197538375854,4.188242435455322,85.2120132446289,0.22511403262615204,2.266756057739258,10.592140197753906,37,25,30,0,
2025-12-30 10:27:23.067000,6d,Toxicity,Original,,117.4573974609375,1.5080907344818115,177.09693908691406,0.4648544192314148,0.7742033004760742,0.5419355630874634,11.153897285461426,11.498642921447754,6.180521488189697,0.21979139745235443,0.292781800031662,0.46673399209976196,4.917354583740234,0,0.16693918406963348,3.080343008041382,15.282090187072754,37,25,30,0,
2025-12-30 10:27:23.067000,FinePointe Series WBP [SN 139781]  Site 2 Bias Flow is out of range.,,,,,,,,,,,,,,,,,,,,,,,,,
2025-12-30 10:27:23.067000,FinePointe Series WBP [SN 139781]  Site 4 Bias Flow is out of range.,,,,,,,,,,,,,,,,,,,,,,,,,
2025-12-30 10:27:23.067000,FinePointe Series WBP [SN 10499C]  Site 3 Bias Flow is out of range.,,,,,,,,,,,,,,,,,,,,,,,,,
2025-12-30 10:27:25.067000,6d,Toxicity,Original,,103.55794525146484,1.477393388748169,152.93472290039062,0.48828184604644775,0.8015718460083008,0.5463413000106812,11.153897285461426,10.935870170593262,5.451844215393066,0.2229626476764679,0.3566185235977173,0.39727747440338135,4.786431789398193,0,0.20051100850105286,1.2742434740066528,15.170367240905762,37,25,30,0,
2025-12-30 10:27:25.067000,FinePointe Series WBP [SN 139781]  Site 1 Bias Flow is out of range.,,,,,,,,,,,,,,,,,,,,,,,,,
2025-12-30 10:27:25.067000,FinePointe Series WBP [SN 139781]  Site 3 Bias Flow is out of range.,,,,,,,,,,,,,,,,,,,,,,,,,
2025-12-30 10:27:27.067000,6d,Toxicity,Original,,114.432373046875,1.455824613571167,167.3762664794922,0.5840401649475098,0.9589027166366577,0.17930510640144348,11.153897285461426,12.06949234008789,5.856813430786133,0.2049606740474701,0.3213886022567749,0.34499290585517883,4.626400947570801,1.3212063312530518,0.16722388565540314,0.8998160362243652,14.848653793334961,37,25,30,0,
2025-12-30 10:27:29.067000,6d,Toxicity,Original,,77.00850677490234,1.2181364297866821,93.80686950683594,2.743931293487549,2.563148260116577,0.06905117630958557,11.153897285461426,7.710819721221924,5.291828155517578,0.2577822208404541,0.5213524699211121,0.32016655802726746,3.6307520866394043,117.49346923828125,0.1479434221982956,,11.298467636108398,37,25,30,66.66666412353516,
2025-12-30 10:27:31.067000,6d,Toxicity,Original,,129.07131958007812,1.4756956100463867,186.1661834716797,0.34757882356643677,0.5650080442428589,0.35695868730545044,11.153897285461426,12.53879451751709,6.521669864654541,0.20744997262954712,0.27403515577316284,0.2879924774169922,4.330088138580322,0,0.17623694241046906,,3.919857978820801,37,25,30,40,
2025-12-30 10:27:33.067000,6d,Toxicity,Original,,163.75006103515625,0.9781500697135925,143.23788452148438,0.7234267592430115,1.3113707304000854,0.2678509056568146,11.153897285461426,15.238537788391113,6.624973773956299,0.10154438018798828,0.32269221544265747,0.3496187627315521,3.8324742317199707,18.274911880493164,0.14235374331474304,2.212606906890869,24.46493148803711,37,25,30,0,
2025-12-30 10:27:33.067000,FinePointe Series WBP [SN 139781]  Site 2 Bias Flow is out of range.,,,,,,,,,,,,,,,,,,,,,,,,,
2025-12-30 10:27:33.067000,FinePointe Series WBP [SN 139781]  Site 4 Bias Flow is out of range.,,,,,,,,,,,,,,,,,,,,,,,,,
2025-12-30 10:27:33.067000,FinePointe Series WBP [SN 139781]  Site 1 Bias Flow is out of range.,,,,,,,,,,,,,,,,,,,,,,,,,
2025-12-30 10:27:33.067000,FinePointe Series WBP [SN 10499C]  Site 3 Bias Flow is out of range.,,,,,,,,,,,,,,,,,,,,,,,,,
2025-12-30 10:27:35.067000,6d,Toxicity,Original,,92.38505554199219,1.776100516319275,164.34188842773438,0.4658685624599457,0.7305442094802856,0.2532075345516205,11.153897285461426,12.437545776367188,5.871974468231201,0.2315995842218399,0.4228723645210266,0.3928597569465637,3.9128737449645996,0,0.24605177342891693,,11.18690299987793,37,25,30,0,
2025-12-30 10:27:35.067000,FinePointe Series WBP [SN 139781]  Site 3 Bias Flow is out of range.,,,,,,,,,,,,,,,,,,,,,,,,,
2025-12-30 10:27:37.067000,6d,Toxicity,Original,,136.5154571533203,1.5179332494735718,207.22134399414062,0.1619139313697815,0.3577728569507599,0.910352349281311,11.153897285461426,13.074378967285156,5.914496421813965,0.17587649822235107,0.26363420486450195,0.2133813202381134,3.9142024517059326,0,0.19568824768066406,,,37,25,30,0,
2025-12-30 10:27:39.067000,6d,Toxicity,Original,,166.58258056640625,1.2123628854751587,191.98779296875,0.34193307161331177,0.6326660513877869,0.6410537958145142,11.153897285461426,14.019362449645996,7.179349422454834,0.13555791974067688,0.2822929918766022,0.3506320118904114,4.80096435546875,0,0.17225559055805206,4.329351902008057,6.967121601104736,37,25,30,50,
2025-12-30 10:27:41.067000,6d,Toxicity,Original,,85.1180191040039,1.7562302350997925,149.62322998046875,0.5551468729972839,1.001446008682251,0.29759249091148376,11.153897285461426,11.69507122039795,4.414652347564697,0.25541120767593384,0.4523482918739319,0.19116158783435822,4.117034435272217,0,0.2277746945619583,,15.70976448059082,37,25,30,25,
2025-12-30 10:27:43.067000,6d,Toxicity,Original,,105.72463989257812,1.7045984268188477,180.07577514648438,0.47262898087501526,0.7484003305435181,0.5474977493286133,11.153897285461426,11.865233421325684,5.943414211273193,0.2508552670478821,0.31755930185317993,0.40089014172554016,4.503795623779297,0,0.18417200446128845,0.7082542181015015,12.911683082580566,37,25,30,0,
2025-12-30 10:27:43.067000,FinePointe Series WBP [SN 139781]  Site 2 Bias Flow is out of range.,,,,,,,,,,,,,,,,,,,,,,,,,
2025-12-30 10:27:45.067000,6d,Toxicity,Original,,103.25979614257812,1.4736137390136719,149.14984130859375,0.5233152508735657,0.7824070453643799,0.27033451199531555,11.153897285461426,12.491305351257324,6.404390335083008,0.19011396169662476,0.4163888990879059,0.39472368359565735,3.817366600036621,0,0.23498529195785522,,11.974323272705078,37,25,30,0,
2025-12-30 10:27:45.067000,FinePointe Series WBP [SN 139781]  Site 4 Bias Flow is out of range.,,,,,,,,,,,,,,,,,,,,,,,,,
2025-12-30 10:27:45.067000,FinePointe Series WBP [SN 139781]  Site 1 Bias Flow is out of range.,,,,,,,,,,,,,,,,,,,,,,,,,
2025-12-30 10:27:45.067000,FinePointe Series WBP [SN 139781]  Site 3 Bias Flow is out of range.,,,,,,,,,,,,,,,,,,,,,,,,,
2025-12-30 10:27:45.067000,FinePointe Series WBP [SN 10499C]  Site 3 Bias Flow is out of range.,,,,,,,,,,,,,,,,,,,,,,,,,
2025-12-30 10:27:47.067000,6d,Toxicity,Original,,94.101806640625,1.5239129066467285,143.42108154296875,0.6070148348808289,0.8165296316146851,0.08217360824346542,11.153897285461426,10.78174114227295,5.75800895690918,0.24836905300617218,0.38969099521636963,0.35669296979904175,3.825866937637329,0,0.2168038934469223,,13.420475959777832,37,25,30,0,
2025-12-30 10:27:49.067000,6d,Toxicity,Original,,104.62915802001953,1.5666764974594116,164.01052856445312,0.33330297470092773,0.6582978367805481,0.5257267951965332,11.153897285461426,11.692938804626465,5.186727523803711,0.21739719808101654,0.35729533433914185,0.28234320878982544,4.326898574829102,0,0.21826334297657013,,9.367424011230469,37,25,30,0,
2025-12-30 10:27:51.067000,6d,Toxicity,Original,,98.32198333740234,1.712116003036499,168.49008178710938,0.4801555871963501,0.7854454517364502,0.41326940059661865,11.153897285461426,12.528459548950195,5.907407760620117,0.220849871635437,0.3895280361175537,0.380940318107605,3.996734380722046,0,0.2203294336795807,0.05224033072590828,13.15199089050293,37,25,30,33.33333206176758,
2025-12-30 10:27:53.067000,6d,Toxicity,Original,,109.08263397216797,1.6109793186187744,175.4952392578125,0.5357595682144165,0.7697421908378601,0.5765038728713989,11.153897285461426,11.242549896240234,6.075407028198242,0.2497442215681076,0.300930380821228,0.40567976236343384,4.206362724304199,0,0.17222893238067627,1.051581621170044,15.033700942993164,37,25,30,0,
2025-12-30 10:27:53.067000,FinePointe Series WBP [SN 139781]  Site 2 Bias Flow is out of range.,,,,,,,,,,,,,,,,,,,,,,,,,
2025-12-30 10:27:55.067000,6d,Toxicity,Original,,105.9747085571289,1.4417600631713867,152.84288024902344,0.5090441107749939,0.8706986904144287,0.6943020820617676,11.153897285461426,11.001888275146484,5.383716583251953,0.22500813007354736,0.34212198853492737,0.3510228991508484,4.790501594543457,2.7401444911956787,0.18509605526924133,1.263932466506958,15.561864852905273,37,25,30,0,
2025-12-30 10:27:55.067000,FinePointe Series WBP [SN 139781]  Site 4 Bias Flow is out of range.,,,,,,,,,,,,,,,,,,,,,,,,,
2025-12-30 10:27:55.067000,FinePointe Series WBP [SN 139781]  Site 1 Bias Flow is out of range.,,,,,,,,,,,,,,,,,,,,,,,,,
2025-12-30 10:27:55.067000,FinePointe Series WBP [SN 139781]  Site 3 Bias Flow is out of range.,,,,,,,,,,,,,,,,,,,,,,,,,
2025-12-30 10:27:55.067000,FinePointe Series WBP [SN 10499C]  Site 3 Bias Flow is out of range.,,,,,,,,,,,,,,,,,,,,,,,,,
2025-12-30 10:27:57.067000,6d,Toxicity,Original,,91.69104766845703,1.5261585712432861,139.599365234375,0.6357504725456238,0.8897338509559631,0.06794879585504532,11.153897285461426,12.014845848083496,6.077336311340332,0.21576865017414093,0.44239479303359985,0.33136069774627686,3.660728693008423,0,0.23587335646152496,,14.319259643554688,37,25,30,0,
2025-12-30 10:27:59.067000,6d,Toxicity,Original,,101.04856872558594,1.5410082340240479,155.76560974121094,0.5210004448890686,0.7327408194541931,0.7272884845733643,11.153897285461426,10.459829330444336,5.675856113433838,0.24972659349441528,0.3458603322505951,0.3809249699115753,4.557432651519775,0,0.2021886110305786,1.4283462762832642,12.57208251953125,37,25,30,0,
2025-12-30 10:28:01.067000,6d,Toxicity,Original,,99.10450744628906,1.5706994533538818,155.76724243164062,0.4873000681400299,0.7424449920654297,0.5047110319137573,11.153897285461426,11.989033699035645,6.187623500823975,0.21960599720478058,0.38625943660736084,0.36328303813934326,3.933600425720215,0,0.22414366900920868,,12.362847328186035,37,25,30,0,
2025-12-30 10:28:03.067000,6d,Toxicity,Original,,99.75170135498047,1.5733463764190674,156.6602020263672,0.46333491802215576,0.755745530128479,0.25588205456733704,11.153897285461426,13.721303939819336,6.207097053527832,0.1823708415031433,0.42576393485069275,0.35876786708831787,4.004824161529541,0,0.24537810683250427,,11.409412384033203,37,25,30,0,
2025-12-30 10:28:03.067000,FinePointe Series WBP [SN 139781]  Site 2 Bias Flow is out of range.,,,,,,,,,,,,,,,,,,,,,,,,,
2025-12-30 10:28:05.067000,6d,Toxicity,Original,,90.22224426269531,1.6865684986114502,151.95220947265625,0.5550312399864197,0.8417397737503052,0.07771889865398407,11.153897285461426,11.16344165802002,5.283565044403076,0.25925058126449585,0.4067302942276001,0.2820133566856384,3.8630034923553467,0,0.22352822124958038,,13.378316879272461,37,25,30,0,
2025-12-30 10:28:05.067000,FinePointe Series WBP [SN 139781]  Site 1 Bias Flow is out of range.,,,,,,,,,,,,,,,,,,,,,,,,,
2025-12-30 10:28:05.067000,FinePointe Series WBP [SN 139781]  Site 3 Bias Flow is out of range.,,,,,,,,,,,,,,,,,,,,,,,,,
2025-12-30 10:28:05.067000,FinePointe Series WBP [SN 10499C]  Site 3 Bias Flow is out of range.,,,,,,,,,,,,,,,,,,,,,,,,,
2025-12-30 10:28:05.067000,FinePointe Series WBP [SN 139781]  Site 4 Bias Flow is out of range.,,,,,,,,,,,,,,,,,,,,,,,,,
2025-12-30 10:28:07.067000,6d,Toxicity,Original,,90.60377502441406,1.5851284265518188,143.34951782226562,0.5575168132781982,0.8324142694473267,0.08486715704202652,11.153897285461426,11.00477409362793,5.2461419105529785,0.2609953284263611,0.4025614261627197,0.3342311680316925,4.718318939208984,0,0.22214888036251068,,14.404358863830566,37,25,30,0,
2025-12-30 10:28:09.067000,6d,Toxicity,Original,,96.7155532836914,1.4547884464263916,140.67068481445312,0.516093909740448,0.7098720669746399,0.35469815135002136,11.153897285461426,9.91121768951416,5.635721683502197,0.24219585955142975,0.3801092505455017,0.35870465636253357,4.23939323425293,0,0.22450166940689087,0.7000632286071777,10.054550170898438,37,25,30,0,
2025-12-30 10:28:11.067000,6d,Toxicity,Original,,103.50037384033203,1.5916903018951416,164.93533325195312,0.5491945743560791,0.9282634854316711,0.08076208829879761,11.153897285461426,13.951231956481934,7.103573799133301,0.18372184038162231,0.3961690366268158,0.2793612778186798,4.210524559020996,24.600997924804688,0.20801836252212524,,13.968527793884277,37,25,30,0,
2025-12-30 10:28:13.067000,6d,Toxicity,Original,,99.77741241455078,1.7575407028198242,175.41806030273438,0.4715989828109741,0.8707799315452576,0.4480617046356201,11.153897285461426,15.454031944274902,6.555946350097656,0.17839612066745758,0.4232942461967468,0.4405200779438019,4.422832489013672,0,0.2326706498861313,4.259276390075684,14.010333061218262,37,25,30,25,
2025-12-30 10:28:13.067000,FinePointe Series WBP [SN 139781]  Site 2 Bias Flow is out of range.,,,,,,,,,,,,,,,,,,,,,,,,,
2025-12-30 10:28:15.067000,6d,Toxicity,Original,,79.042236328125,1.694679856300354,134.82940673828125,0.450660765171051,0.7192913293838501,0.2869511842727661,11.153897285461426,12.896771430969238,5.864388942718506,0.21475039422512054,0.5469151139259338,0.3635150194168091,3.7183985710144043,0,0.32511356472969055,,7.535138130187988,37,25,30,0,
2025-12-30 10:28:15.067000,FinePointe Series WBP [SN 139781]  Site 1 Bias Flow is out of range.,,,,,,,,,,,,,,,,,,,,,,,,,
2025-12-30 10:28:15.067000,FinePointe Series WBP [SN 139781]  Site 3 Bias Flow is out of range.,,,,,,,,,,,,,,,,,,,,,,,,,
2025-12-30 10:28:15.067000,FinePointe Series WBP [SN 10499C]  Site 3 Bias Flow is out of range.,,,,,,,,,,,,,,,,,,,,,,,,,
2025-12-30 10:28:15.067000,FinePointe Series WBP [SN 139781]  Site 4 Bias Flow is out of range.,,,,,,,,,,,,,,,,,,,,,,,,,
2025-12-30 10:28:17.067000,6d,Toxicity,Original,,107.3834457397461,2.2974460124969482,215.62586975097656,0.35903969407081604,0.6964803338050842,0.587839663028717,11.153897285461426,15.859752655029297,7.223260879516602,0.24328047037124634,0.35569822788238525,0.4818953573703766,4.208014011383057,0,0.21337756514549255,9.57266616821289,9.36055850982666,37,25,30,25,
2025-12-30 10:28:19.067000,6d,Toxicity,Original,,96.22280883789062,1.7192847728729248,164.92701721191406,0.5896526575088501,0.8830974698066711,0.3085542917251587,11.153897285461426,11.896864891052246,5.900302410125732,0.24457024037837982,0.38089725375175476,0.4139801263809204,4.052426338195801,0,0.20441566407680511,,15.872769355773926,37,25,30,0,
2025-12-30 10:28:21.067000,6d,Toxicity,Original,,108.343994140625,1.4647216796875,158.27914428710938,0.6287111639976501,0.8791072368621826,0.10459286719560623,11.153897285461426,11.256050109863281,6.093674659729004,0.23639118671417236,0.31900516152381897,0.4274349510669708,4.623851776123047,0,0.17200367152690887,0.5175385475158691,18.21103858947754,37,25,30,0,
2025-12-30 10:28:23.067000,6d,Toxicity,Original,,118.1169662475586,1.314319372177124,153.6846160888672,0.4455089569091797,0.6292073130607605,0.5705181956291199,11.153897285461426,10.85549259185791,6.532358646392822,0.20884057879447937,0.3050409257411957,0.37928539514541626,4.656324863433838,0,0.1903752237558365,0.9263321757316589,8.722930908203125,37,25,30,0,
2025-12-30 10:28:23.067000,FinePointe Series WBP [SN 139781]  Site 2 Bias Flow is out of range.,,,,,,,,,,,,,,,,,,,,,,,,,
2025-12-30 10:28:25.067000,6d,Toxicity,Original,,89.0364990234375,1.393641471862793,124.08495330810547,0.7554919123649597,0.920412540435791,0.06798280030488968,11.153897285461426,10.927873611450195,6.2989935874938965,0.2325928658246994,0.4412881135940552,0.36506056785583496,3.940976619720459,0,0.23202987015247345,,15.597101211547852,37,25,30,80,
2025-12-30 10:28:25.067000,FinePointe Series WBP [SN 139781]  Site 1 Bias Flow is out of range.,,,,,,,,,,,,,,,,,,,,,,,,,
2025-12-30 10:28:25.067000,FinePointe Series WBP [SN 139781]  Site 3 Bias Flow is out of range.,,,,,,,,,,,,,,,,,,,,,,,,,
2025-12-30 10:28:25.067000,FinePointe Series WBP [SN 10499C]  Site 3 Bias Flow is out of range.,,,,,,,,,,,,,,,,,,,,,,,,,
2025-12-30 10:28:25.067000,FinePointe Series WBP [SN 139781]  Site 4 Bias Flow is out of range.,,,,,,,,,,,,,,,,,,,,,,,,,
2025-12-30 10:28:27.067000,6d,Toxicity,Original,,102.23332977294922,1.5623505115509033,157.65045166015625,0.4204685389995575,0.8254496455192566,0.5715234279632568,11.153897285461426,11.465338706970215,4.571811676025391,0.2323668748140335,0.36855366826057434,0.26122453808784485,4.840055465698242,0,0.20913635194301605,2.530251979827881,13.190434455871582,37,25,30,0,
2025-12-30 10:28:29.067000,6d,Toxicity,Original,,107.63859558105469,1.5857163667678833,170.94216918945312,0.32426565885543823,0.7846503853797913,0.45823290944099426,11.153897285461426,14.372679710388184,4.863368988037109,0.16721265017986298,0.3906118869781494,0.34242188930511475,4.837170124053955,0,0.22378824651241302,1.1739895343780518,11.924602508544922,37,25,30,0,
2025-12-30 10:28:31.067000,6d,Toxicity,Original,,99.8043212890625,1.4431586265563965,144.0332794189453,0.6070783138275146,0.9056663513183594,0.20991575717926025,11.153897285461426,12.284104347229004,6.362399101257324,0.19956843554973602,0.4054830074310303,0.42227911949157715,4.436347007751465,0,0.21443518996238708,3.0815932750701904,16.85065460205078,37,25,30,0,
2025-12-30 10:28:33.067000,6d,Toxicity,Original,,103.35435485839844,1.4085155725479126,145.62417602539062,0.5625864863395691,0.8379697203636169,0.32703953981399536,11.153897285461426,10.593944549560547,5.558849334716797,0.2333688884973526,0.34821024537086487,0.39901235699653625,4.223160743713379,0,0.19295115768909454,0.5462208986282349,15.854111671447754,37,25,30,0,
2025-12-30 10:28:33.067000,FinePointe Series WBP [SN 139781]  Site 2 Bias Flow is out of range.,,,,,,,,,,,,,,,,,,,,,,,,,
2025-12-30 10:28:33.067000,FinePointe Series WBP [SN 10499C]  Site 3 Bias Flow is out of range.,,,,,,,,,,,,,,,,,,,,,,,,,
2025-12-30 10:28:35.067000,6d,Toxicity,Original,,103.26725769042969,1.5344198942184448,157.5984649658203,0.40358680486679077,0.6902562975883484,0.5744717717170715,11.153897285461426,12.082234382629395,6.506087779998779,0.2141004502773285,0.3751591145992279,0.33749401569366455,5.490715026855469,0,0.22316962480545044,1.5426976680755615,8.499707221984863,37,25,30,25,
2025-12-30 10:28:35.067000,FinePointe Series WBP [SN 139781]  Site 1 Bias Flow is out of range.,,,,,,,,,,,,,,,,,,,,,,,,,
2025-12-30 10:28:35.067000,FinePointe Series WBP [SN 139781]  Site 3 Bias Flow is out of range.,,,,,,,,,,,,,,,,,,,,,,,,,
2025-12-30 10:28:35.067000,FinePointe Series WBP [SN 139781]  Site 4 Bias Flow is out of range.,,,,,,,,,,,,,,,,,,,,,,,,,
2025-12-30 10:28:37.067000,6d,Toxicity,Original,,95.86067199707031,1.5226839780807495,145.96334838867188,0.5169180035591125,0.9108250141143799,0.30430859327316284,11.153897285461426,13.151681900024414,5.573949813842773,0.19101400673389435,0.4376354515552521,0.3276064097881317,3.7436423301696777,3.518259048461914,0.233505517244339,,15.649126052856445,37,25,30,0,
2025-12-30 10:28:39.067000,6d,Toxicity,Original,,86.69440460205078,1.7824594974517822,154.12779235839844,0.5150166749954224,0.8551729917526245,0.28345584869384766,11.153897285461426,12.491549491882324,5.173365592956543,0.23475728929042816,0.4600176215171814,0.35586339235305786,3.677645444869995,0,0.2505601942539215,,14.185700416564941,37,25,30,0,
2025-12-30 10:28:41.067000,6d,Toxicity,Original,,103.13663482666016,1.600296974182129,164.6970672607422,0.549226701259613,0.8236977458000183,0.2833709716796875,11.153897285461426,11.265122413635254,5.603855609893799,0.24386459589004517,0.33873891830444336,0.40536922216415405,4.400859832763672,0,0.18829867243766785,1.1112778186798096,15.269793510437012,37,25,30,0,
2025-12-30 10:28:43.067000,6d,Toxicity,Original,,102.84625244140625,1.5046945810317993,154.69091796875,0.44404247403144836,0.7662342190742493,0.7362019419670105,11.153897285461426,10.619795799255371,5.012786865234375,0.2345549464225769,0.34892672300338745,0.3865421712398529,4.6910200119018555,0,0.20009060204029083,1.300318717956543,14.268747329711914,37,25,30,0,
2025-12-30 10:28:43.067000,FinePointe Series WBP [SN 139781]  Site 2 Bias Flow is out of range.,,,,,,,,,,,,,,,,,,,,,,,,,
2025-12-30 10:28:45.067000,6d,Toxicity,Original,,101.90153503417969,1.3857885599136353,141.2487335205078,0.49772384762763977,0.7545716762542725,0.5907939672470093,11.153897285461426,9.948014259338379,5.19429874420166,0.2380726933479309,0.35107719898223877,0.37438055872917175,4.779109001159668,0,0.20306049287319183,1.423640251159668,13.599905014038086,37,25,30,0,
2025-12-30 10:28:45.067000,FinePointe Series WBP [SN 139781]  Site 1 Bias Flow is out of range.,,,,,,,,,,,,,,,,,,,,,,,,,
2025-12-30 10:28:45.067000,FinePointe Series WBP [SN 10499C]  Site 3 Bias Flow is out of range.,,,,,,,,,,,,,,,,,,,,,,,,,
2025-12-30 10:28:45.067000,FinePointe Series WBP [SN 139781]  Site 3 Bias Flow is out of range.,,,,,,,,,,,,,,,,,,,,,,,,,
2025-12-30 10:28:47.067000,6d,Toxicity,Original,,86.2862548828125,1.4843461513519287,126.5516128540039,0.5237933993339539,0.8865228295326233,0.40428662300109863,11.153897285461426,11.771528244018555,5.4051384925842285,0.20794616639614105,0.5009498000144958,0.28665921092033386,5.091782569885254,0,0.2650938332080841,0.3819580376148224,13.70120906829834,37,25,30,0,
2025-12-30 10:28:47.067000,FinePointe Series WBP [SN 139781]  Site 4 Bias Flow is out of range.,,,,,,,,,,,,,,,,,,,,,,,,,
2025-12-30 10:28:49.067000,6d,Toxicity,Original,,84.06410217285156,1.6649603843688965,139.87652587890625,0.6145157217979431,0.9324833154678345,0.07680962234735489,11.153897285461426,11.152530670166016,5.256744861602783,0.2787433862686157,0.4359075427055359,0.26833710074424744,4.004889488220215,0,0.22754627466201782,,14.528870582580566,37,25,30,0,
2025-12-30 10:28:51.067000,6d,Toxicity,Original,,92.51364135742188,1.554085612297058,143.41741943359375,0.5328434109687805,0.7996931076049805,0.47197312116622925,11.153897285461426,10.262659072875977,4.930018424987793,0.2628633975982666,0.38737598061561584,0.3150825798511505,4.3541388511657715,0,0.21774719655513763,,12.849533081054688,37,25,30,0,
2025-12-30 10:28:53.067000,6d,Toxicity,Original,,89.8369369506836,1.521889567375183,135.04847717285156,0.46527424454689026,0.7718002796173096,0.08366182446479797,11.153897285461426,12.137128829956055,5.458240509033203,0.20656980574131012,0.4692480266094208,0.2686491906642914,4.093542098999023,0,0.2662549614906311,,10.571996688842773,37,25,30,0,
2025-12-30 10:28:53.067000,FinePointe Series WBP [SN 139781]  Site 2 Bias Flow is out of range.,,,,,,,,,,,,,,,,,,,,,,,,,
2025-12-30 10:28:55.067000,6d,Toxicity,Original,,82.09970092773438,1.5339975357055664,125.99415588378906,0.73793625831604,0.987156331539154,0.07352207601070404,11.153897285461426,10.699917793273926,5.55275821685791,0.2583256959915161,0.4736095666885376,0.26761913299560547,3.5816702842712402,0,0.2400417923927307,,16.418407440185547,37,25,30,0,
2025-12-30 10:28:55.067000,FinePointe Series WBP [SN 139781]  Site 1 Bias Flow is out of range.,,,,,,,,,,,,,,,,,,,,,,,,,
2025-12-30 10:28:55.067000,FinePointe Series WBP [SN 139781]  Site 3 Bias Flow is out of range.,,,,,,,,,,,,,,,,,,,,,,,,,
2025-12-30 10:28:55.067000,FinePointe Series WBP [SN 10499C]  Site 3 Bias Flow is out of range.,,,,,,,,,,,,,,,,,,,,,,,,,
2025-12-30 10:28:57.067000,6d,Toxicity,Original,,90.3270034790039,1.5120514631271362,136.16055297851562,0.6206904649734497,0.9464910626411438,0.0823579728603363,11.153897285461426,10.659733772277832,4.946329116821289,0.25885844230651855,0.4071703851222992,0.2910650670528412,3.7683119773864746,0,0.21104301512241364,,17.990018844604492,37,25,30,0,
2025-12-30 10:28:57.067000,FinePointe Series WBP [SN 139781]  Site 4 Bias Flow is out of range.,,,,,,,,,,,,,,,,,,,,,,,,,
2025-12-30 10:28:59.067000,6d,Toxicity,Original,,99.26769256591797,1.4317823648452759,142.11521911621094,0.563442587852478,0.90226149559021,0.3901577591896057,11.153897285461426,11.156196594238281,5.414238929748535,0.2293756902217865,0.37632495164871216,0.3584931194782257,4.4923248291015625,0,0.20061229169368744,1.1667734384536743,17.105504989624023,37,25,30,0,
2025-12-30 10:29:01.067000,6d,Toxicity,Original,,87.58750915527344,1.6272584199905396,142.23797607421875,0.9505558013916016,1.5433489084243774,0.060072965919971466,11.153897285461426,14.030762672424316,6.144577503204346,0.20606449246406555,0.48111653327941895,0.398239403963089,3.679431915283203,12.602896690368652,0.2006470113992691,,29.375972747802734,37,25,30,0,
2025-12-30 10:29:03.067000,6d,Toxicity,Original,,96.12271118164062,1.5867077112197876,152.07945251464844,0.7949894666671753,1.0383260250091553,0.0969311073422432,11.153897285461426,11.260937690734863,6.286578178405762,0.24852605164051056,0.3801661729812622,0.34714916348457336,3.543368339538574,0,0.18760506808757782,,18.322240829467773,37,25,30,0,
2025-12-30 10:29:03.067000,FinePointe Series WBP [SN 139781]  Site 2 Bias Flow is out of range.,,,,,,,,,,,,,,,,,,,,,,,,,
2025-12-30 10:29:05.067000,6d,Toxicity,Original,,111.86711120605469,1.565214991569519,174.88705444335938,0.5148314237594604,0.7726887464523315,0.5910652279853821,11.153897285461426,11.497990608215332,5.971696376800537,0.2374267280101776,0.2996342182159424,0.44239187240600586,4.753791809082031,0,0.17148344218730927,1.860154628753662,13.590075492858887,37,25,30,0,
2025-12-30 10:29:05.067000,FinePointe Series WBP [SN 139781]  Site 1 Bias Flow is out of range.,,,,,,,,,,,,,,,,,,,,,,,,,
2025-12-30 10:29:05.067000,FinePointe Series WBP [SN 139781]  Site 3 Bias Flow is out of range.,,,,,,,,,,,,,,,,,,,,,,,,,
2025-12-30 10:29:05.067000,FinePointe Series WBP [SN 10499C]  Site 3 Bias Flow is out of range.,,,,,,,,,,,,,,,,,,,,,,,,,
2025-12-30 10:29:05.067000,FinePointe Series WBP [SN 139781]  Site 4 Bias Flow is out of range.,,,,,,,,,,,,,,,,,,,,,,,,,
2025-12-30 10:29:07.067000,6d,Toxicity,Original,,87.70846557617188,1.6405483484268188,143.3646697998047,0.5475320816040039,0.8964917659759521,0.26186713576316833,11.153897285461426,12.359675407409668,5.568615913391113,0.2247064709663391,0.4636135697364807,0.33283179998397827,4.18535041809082,0,0.24847133457660675,1.6322181224822998,16.40603256225586,37,25,30,0,
2025-12-30 10:29:09.067000,6d,Toxicity,Original,,103.74795532226562,1.459518313407898,150.91433715820312,0.7002349495887756,0.9939997792243958,0.10747469961643219,11.153897285461426,11.202641487121582,5.850235939025879,0.2328132838010788,0.3471343219280243,0.4126155376434326,4.018289566040039,0,0.17629310488700867,0.5158661007881165,20.294322967529297,37,25,30,0,
2025-12-30 10:29:11.067000,6d,Toxicity,Original,,101.73949432373047,1.5637563467025757,158.66311645507812,0.4092460572719574,0.7288797497749329,0.5070561766624451,11.153897285461426,12.692116737365723,6.126486778259277,0.19898101687431335,0.3927091658115387,0.3500758111476898,5.4682393074035645,0,0.23179620504379272,3.2880361080169678,10.021393775939941,37,25,30,0,
2025-12-30 10:29:13.067000,6d,Toxicity,Original,,85.17047119140625,1.6792222261428833,142.97250366210938,0.4955698847770691,0.947370171546936,0.22221499681472778,11.153897285461426,14.59115219116211,5.709046363830566,0.19490963220596313,0.510023832321167,0.3631719946861267,4.663177490234375,36.91592788696289,0.2639079689979553,12.050108909606934,19.972379684448242,37,25,30,0,
2025-12-30 10:29:13.067000,FinePointe Series WBP [SN 139781]  Site 2 Bias Flow is out of range.,,,,,,,,,,,,,,,,,,,,,,,,,
2025-12-30 10:29:15.067000,6d,Toxicity,Original,,107.15042114257812,1.5620514154434204,167.51870727539062,0.5497449636459351,0.825299084186554,0.07102546095848083,11.153897285461426,12.869318008422852,6.350793838500977,0.2004387080669403,0.35956841707229614,0.36213332414627075,3.694500684738159,0,0.19951729476451874,,12.782169342041016,37,25,30,25,
2025-12-30 10:29:15.067000,FinePointe Series WBP [SN 139781]  Site 1 Bias Flow is out of range.,,,,,,,,,,,,,,,,,,,,,,,,,
2025-12-30 10:29:15.067000,FinePointe Series WBP [SN 139781]  Site 3 Bias Flow is out of range.,,,,,,,,,,,,,,,,,,,,,,,,,
2025-12-30 10:29:15.067000,FinePointe Series WBP [SN 10499C]  Site 3 Bias Flow is out of range.,,,,,,,,,,,,,,,,,,,,,,,,,
2025-12-30 10:29:15.067000,FinePointe Series WBP [SN 139781]  Site 4 Bias Flow is out of range.,,,,,,,,,,,,,,,,,,,,,,,,,
2025-12-30 10:29:17.067000,6d,Toxicity,Original,,140.86090087890625,1.9547028541564941,244.4868621826172,0.3300175666809082,0.6943160891532898,0.7562991380691528,11.153897285461426,19.118938446044922,7.207187652587891,0.16393883526325226,0.28307610750198364,0.5192828178405762,4.400496482849121,0,0.16856418550014496,3.9943809509277344,10.334153175354004,37,25,30,25,
2025-12-30 10:29:19.067000,6d,Toxicity,Original,,178.37832641601562,1.0385924577713013,178.86849975585938,1.003618597984314,1.407384991645813,0.37267792224884033,11.153897285461426,14.944487571716309,8.401220321655273,0.10291437059640884,0.24715681374073029,0.5014798045158386,3.2774429321289062,36.0791015625,0.13003724813461304,2.0071096420288086,17.72271156311035,37,25,30,62.5,
2025-12-30 10:29:21.067000,6d,Toxicity,Original,,125.28952026367188,1.1831666231155396,148.23838806152344,1.3013639450073242,2.0227761268615723,0.06375262141227722,11.153897285461426,14.637296676635742,8.45936393737793,0.13380694389343262,0.3450838625431061,0.4017093777656555,2.8302855491638184,241.25892639160156,0.11457709223031998,,14.871811866760254,37,25,30,75,
2025-12-30 10:29:23.067000,6d,Toxicity,Original,,122.78723907470703,1.5897293090820312,196.1039276123047,0.7494202256202698,1.0538166761398315,0.0815468356013298,11.153897285461426,15.228250503540039,7.670856475830078,0.16953831911087036,0.3198121190071106,0.4122353494167328,3.5110440254211426,0,0.1576247215270996,,20.44504165649414,37,25,30,25,
2025-12-30 10:29:23.067000,FinePointe Series WBP [SN 139781]  Site 2 Bias Flow is out of range.,,,,,,,,,,,,,,,,,,,,,,,,,
2025-12-30 10:29:25.067000,6d,Toxicity,Original,,103.20194244384766,1.7118505239486694,176.87594604492188,0.4808551073074341,0.7699733376502991,0.08392075449228287,11.153897285461426,13.632747650146484,6.204449653625488,0.21754200756549835,0.38185834884643555,0.3678132891654968,3.8174965381622314,106.9618911743164,0.2272278368473053,1.2230420112609863,17.549707412719727,37,25,30,0,
2025-12-30 10:29:25.067000,FinePointe Series WBP [SN 139781]  Site 1 Bias Flow is out of range.,,,,,,,,,,,,,,,,,,,,,,,,,
2025-12-30 10:29:25.067000,FinePointe Series WBP [SN 139781]  Site 3 Bias Flow is out of range.,,,,,,,,,,,,,,,,,,,,,,,,,
2025-12-30 10:29:25.067000,FinePointe Series WBP [SN 10499C]  Site 3 Bias Flow is out of range.,,,,,,,,,,,,,,,,,,,,,,,,,
2025-12-30 10:29:25.067000,FinePointe Series WBP [SN 139781]  Site 4 Bias Flow is out of range.,,,,,,,,,,,,,,,,,,,,,,,,,
2025-12-30 10:29:27.067000,6d,Toxicity,Original,,104.87126159667969,1.5058832168579102,157.94932556152344,0.44101276993751526,0.7383185029029846,0.7710998058319092,11.153897285461426,11.761774063110352,5.82224702835083,0.2286074161529541,0.34354710578918457,0.4229649603366852,4.350203990936279,0,0.20001262426376343,1.0641169548034668,15.596200942993164,37,25,30,0,
2025-12-30 10:29:29.067000,6d,Toxicity,Original,,100.31289672851562,1.5008764266967773,150.6271514892578,0.5013701915740967,0.8776114583015442,0.39406436681747437,11.153897285461426,11.989690780639648,5.082592010498047,0.23248980939388275,0.3657762408256531,0.36591336131095886,4.349811553955078,0,0.19729863107204437,0.3438323438167572,16.78540802001953,37,25,30,0,
2025-12-30 10:29:31.067000,6d,Toxicity,Original,,94.92654418945312,1.4183030128479004,134.6962127685547,0.8283479809761047,1.3742388486862183,0.09166882932186127,11.153897285461426,12.78917407989502,5.886144161224365,0.2001998871564865,0.4322372376918793,0.3563677966594696,3.8210368156433105,30.569265365600586,0.188733771443367,,28.30913543701172,37,25,30,0,
2025-12-30 10:29:33.067000,6d,Toxicity,Original,,96.17301940917969,1.4880924224853516,143.4613800048828,0.7764112949371338,1.058844804763794,0.09799309819936752,11.153897285461426,11.122734069824219,5.878405570983887,0.24021634459495544,0.3853152394294739,0.3785046935081482,4.020135879516602,0,0.18844258785247803,0.39092156291007996,20.825523376464844,37,25,30,0,
2025-12-30 10:29:33.067000,FinePointe Series WBP [SN 139781]  Site 2 Bias Flow is out of range.,,,,,,,,,,,,,,,,,,,,,,,,,
2025-12-30 10:29:33.067000,FinePointe Series WBP [SN 10499C]  Site 3 Bias Flow is out of range.,,,,,,,,,,,,,,,,,,,,,,,,,
2025-12-30 10:29:35.067000,6d,Toxicity,Original,,103.82433319091797,1.5310710668563843,158.9716796875,0.5118019580841064,0.8210384845733643,0.36180102825164795,11.153897285461426,11.000836372375488,5.097605228424072,0.23431192338466644,0.34361496567726135,0.34615182876586914,4.424100399017334,0,0.19158339500427246,0.3616337478160858,14.236621856689453,37,25,30,0,
2025-12-30 10:29:35.067000,FinePointe Series WBP [SN 139781]  Site 1 Bias Flow is out of range.,,,,,,,,,,,,,,,,,,,,,,,,,
2025-12-30 10:29:35.067000,FinePointe Series WBP [SN 139781]  Site 3 Bias Flow is out of range.,,,,,,,,,,,,,,,,,,,,,,,,,
2025-12-30 10:29:35.067000,FinePointe Series WBP [SN 139781]  Site 4 Bias Flow is out of range.,,,,,,,,,,,,,,,,,,,,,,,,,
2025-12-30 10:29:37.067000,6d,Toxicity,Original,,106.85221862792969,1.492354154586792,159.4283447265625,0.4896462559700012,0.845884382724762,0.539262592792511,11.153897285461426,11.72584342956543,5.156305313110352,0.21539977192878723,0.34664690494537354,0.3717663884162903,4.4466071128845215,0,0.18979330360889435,0.9835113883018494,16.243755340576172,37,25,30,0,
2025-12-30 10:29:39.067000,6d,Toxicity,Original,,92.10121154785156,1.5491676330566406,142.3462371826172,0.745064377784729,1.1072742938995361,0.0829305648803711,11.153897285461426,11.53775691986084,5.560403823852539,0.2405959814786911,0.4132097661495209,0.32408711314201355,3.535806179046631,0,0.19732916355133057,,21.996057510375977,37,25,30,0,
2025-12-30 10:29:41.067000,6d,Toxicity,Original,,102.38703155517578,1.3360921144485474,136.80960083007812,0.6511049270629883,0.8754510879516602,0.13147222995758057,11.153897285461426,10.168845176696777,5.6478471755981445,0.24678505957126617,0.3416427969932556,0.4165928065776825,4.182060241699219,0,0.1839699000120163,1.2436931133270264,18.088951110839844,37,25,30,0,
2025-12-30 10:29:43.067000,6d,Toxicity,Original,,91.31852722167969,1.4504759311676025,132.40267944335938,0.5682801008224487,0.9039756059646606,0.27209851145744324,11.153897285461426,11.725236892700195,5.406044960021973,0.21877793967723846,0.4384419918060303,0.3085041046142578,4.070920944213867,0,0.23342977464199066,,17.522621154785156,37,25,30,0,
2025-12-30 10:29:43.067000,FinePointe Series WBP [SN 139781]  Site 2 Bias Flow is out of range.,,,,,,,,,,,,,,,,,,,,,,,,,
2025-12-30 10:29:43.067000,FinePointe Series WBP [SN 139781]  Site 1 Bias Flow is out of range.,,,,,,,,,,,,,,,,,,,,,,,,,
2025-12-30 10:29:43.067000,FinePointe Series WBP [SN 10499C]  Site 3 Bias Flow is out of range.,,,,,,,,,,,,,,,,,,,,,,,,,
2025-12-30 10:29:45.067000,6d,Toxicity,Original,,90.54280853271484,1.590114951133728,143.82095336914062,0.6022387146949768,0.9093101024627686,0.07062645256519318,11.153897285461426,10.870338439941406,5.039768695831299,0.24893078207969666,0.41437724232673645,0.2808969020843506,3.941256284713745,0,0.21919649839401245,,15.192980766296387,37,25,30,0,
2025-12-30 10:29:45.067000,FinePointe Series WBP [SN 139781]  Site 3 Bias Flow is out of range.,,,,,,,,,,,,,,,,,,,,,,,,,
2025-12-30 10:29:47.067000,6d,Toxicity,Original,,97.12187194824219,1.4883449077606201,144.56887817382812,0.5332342386245728,0.9065085053443909,0.3284595012664795,11.153897285461426,11.010544776916504,4.702530384063721,0.23727373778820038,0.3805348873138428,0.3125002086162567,4.039747714996338,0,0.20308084785938263,,17.851423263549805,37,25,30,0,
2025-12-30 10:29:47.067000,FinePointe Series WBP [SN 139781]  Site 4 Bias Flow is out of range.,,,,,,,,,,,,,,,,,,,,,,,,,
2025-12-30 10:29:49.067000,6d,Toxicity,Original,,92.51475524902344,1.4381543397903442,133.05917358398438,0.6200518608093262,0.8712526559829712,0.08288013935089111,11.153897285461426,10.594686508178711,5.503434181213379,0.24951091408729553,0.3991016745567322,0.342843234539032,4.0345892906188965,0,0.21574851870536804,,16.254878997802734,37,25,30,0,
2025-12-30 10:29:51.067000,6d,Toxicity,Original,,98.27749633789062,1.4043965339660645,137.99803161621094,0.6769266724586487,0.9104073643684387,0.32758253812789917,11.153897285461426,9.916762351989746,5.422064781188965,0.24806733429431915,0.3626675009727478,0.36140090227127075,4.024988651275635,0,0.19310928881168365,,16.480823516845703,37,25,30,0,
2025-12-30 10:29:53.067000,6d,Toxicity,Original,,99.35811614990234,1.3363256454467773,132.85487365722656,0.6510500907897949,0.9226871132850647,0.09359165281057358,11.153897285461426,9.715545654296875,4.873997211456299,0.24277372658252716,0.3612338602542877,0.3208838701248169,4.081577777862549,0,0.19002561271190643,0.8396264314651489,17.96017074584961,37,25,30,0,
2025-12-30 10:29:53.067000,FinePointe Series WBP [SN 139781]  Site 2 Bias Flow is out of range.,,,,,,,,,,,,,,,,,,,,,,,,,
2025-12-30 10:29:55.067000,6d,Toxicity,Original,,97.520751953125,1.405269980430603,137.07559204101562,0.5809394121170044,0.8932916522026062,0.31070759892463684,11.153897285461426,9.874871253967285,4.651594161987305,0.2551423907279968,0.36023369431495667,0.3327404856681824,4.245722770690918,0,0.1929919719696045,,18.766096115112305,37,25,30,0,
2025-12-30 10:29:55.067000,FinePointe Series WBP [SN 139781]  Site 1 Bias Flow is out of range.,,,,,,,,,,,,,,,,,,,,,,,,,
2025-12-30 10:29:55.067000,FinePointe Series WBP [SN 139781]  Site 3 Bias Flow is out of range.,,,,,,,,,,,,,,,,,,,,,,,,,
2025-12-30 10:29:55.067000,FinePointe Series WBP [SN 10499C]  Site 3 Bias Flow is out of range.,,,,,,,,,,,,,,,,,,,,,,,,,
2025-12-30 10:29:57.067000,6d,Toxicity,Original,,109.68034362792969,1.2960410118103027,141.97572326660156,0.6191506385803223,0.862571656703949,0.30551987886428833,11.153897285461426,10.03210163116455,5.754698276519775,0.24187709391117096,0.3061860501766205,0.3945998549461365,4.787014961242676,0,0.16845576465129852,1.1445612907409668,17.99292755126953,37,25,30,0,
2025-12-30 10:29:57.067000,FinePointe Series WBP [SN 139781]  Site 4 Bias Flow is out of range.,,,,,,,,,,,,,,,,,,,,,,,,,
2025-12-30 10:29:59.067000,6d,Toxicity,Original,,91.00811004638672,1.4789278507232666,132.72335815429688,0.8315622210502625,1.2217406034469604,0.0818103775382042,11.153897285461426,12.07502269744873,6.626063823699951,0.22355426847934723,0.4435613751411438,0.3530241549015045,4.183406829833984,168.73623657226562,0.21776224672794342,1.9035028219223022,14.34420108795166,37,25,30,0,
2025-12-30 10:30:01.067000,6d,Toxicity,Original,,83.2313232421875,1.5425347089767456,128.38720703125,0.6991756558418274,0.9749546647071838,0.08153650164604187,11.153897285461426,10.40660572052002,5.257765293121338,0.27936241030693054,0.4415200650691986,0.313554048538208,5.85293436050415,0,0.22674031555652618,,14.213154792785645,37,25,30,50,
2025-12-30 10:30:03.067000,6d,Toxicity,Original,,84.62492370605469,1.7419860363006592,148.12400817871094,0.6659401059150696,0.9907327890396118,0.05540923774242401,11.153897285461426,13.432470321655273,6.105346202850342,0.21563173830509186,0.4964138865470886,0.2970728278160095,3.730806827545166,0,0.25196462869644165,,15.108685493469238,37,25,30,50,
2025-12-30 10:30:03.067000,FinePointe Series WBP [SN 139781]  Site 2 Bias Flow is out of range.,,,,,,,,,,,,,,,,,,,,,,,,,
2025-12-30 10:30:05.067000,6d,Toxicity,Original,,88.36272430419922,1.7056220769882202,149.71896362304688,0.4691651463508606,0.7440931797027588,0.050340209156274796,11.153897285461426,13.8635892868042,6.279448509216309,0.1981709897518158,0.4959638714790344,0.38253310322761536,3.4968252182006836,0,0.29257458448410034,,11.944360733032227,37,25,30,25,
2025-12-30 10:30:05.067000,FinePointe Series WBP [SN 139781]  Site 1 Bias Flow is out of range.,,,,,,,,,,,,,,,,,,,,,,,,,
2025-12-30 10:30:05.067000,FinePointe Series WBP [SN 139781]  Site 3 Bias Flow is out of range.,,,,,,,,,,,,,,,,,,,,,,,,,
2025-12-30 10:30:05.067000,FinePointe Series WBP [SN 10499C]  Site 3 Bias Flow is out of range.,,,,,,,,,,,,,,,,,,,,,,,,,
2025-12-30 10:30:05.067000,FinePointe Series WBP [SN 139781]  Site 4 Bias Flow is out of range.,,,,,,,,,,,,,,,,,,,,,,,,,
2025-12-30 10:30:07.067000,6d,Toxicity,Original,,112.09613037109375,1.5101454257965088,168.11441040039062,0.6317446231842041,0.9690734148025513,0.08762295544147491,11.153897285461426,13.47616195678711,7.007648468017578,0.1777787208557129,0.36209753155708313,0.393449604511261,3.5833191871643066,0,0.18818733096122742,,12.755439758300781,37,25,30,50,
2025-12-30 10:30:09.067000,6d,Toxicity,Original,,209.3167724609375,1.1020312309265137,230.6736297607422,0.31503385305404663,0.71894770860672,0.14390981197357178,11.153897285461426,15.014625549316406,6.026627063751221,0.10597817599773407,0.18066871166229248,0.39238911867141724,3.7926971912384033,0,0.10593336820602417,1.7399753332138062,10.155311584472656,37,25,30,50,
2025-12-30 10:30:11.067000,6d,Toxicity,Original,,122.58615112304688,1.6694972515106201,204.16725158691406,0.6612855792045593,0.9773328304290771,0.08586640655994415,11.153897285461426,14.390907287597656,8.038991928100586,0.18949070572853088,0.32466092705726624,0.5983535051345825,3.5512869358062744,0,0.1642976999282837,4.173164367675781,18.759361267089844,37,25,30,60,
2025-12-30 10:30:13.067000,6d,Toxicity,Original,,118.41297149658203,1.4679996967315674,173.083740234375,0.495225191116333,1.0716018676757812,0.2992938756942749,11.153897285461426,15.104873657226562,5.539763927459717,0.16213327646255493,0.35510656237602234,0.3182201087474823,3.9206223487854004,3.0164144039154053,0.174241304397583,,20.802947998046875,37,25,30,40,
2025-12-30 10:30:13.067000,FinePointe Series WBP [SN 139781]  Site 2 Bias Flow is out of range.,,,,,,,,,,,,,,,,,,,,,,,,,
2025-12-30 10:30:15.067000,6d,Toxicity,Original,,125.23265075683594,1.46598482131958,181.26202392578125,1.2275625467300415,1.7705626487731934,0.08554039895534515,11.153897285461426,13.613641738891602,8.09678840637207,0.16832387447357178,0.3185853958129883,0.3455864191055298,3.357006549835205,28.061166763305664,0.11872711777687073,,22.538963317871094,37,25,30,0,
2025-12-30 10:30:15.067000,FinePointe Series WBP [SN 139781]  Site 1 Bias Flow is out of range.,,,,,,,,,,,,,,,,,,,,,,,,,
2025-12-30 10:30:15.067000,FinePointe Series WBP [SN 139781]  Site 3 Bias Flow is out of range.,,,,,,,,,,,,,,,,,,,,,,,,,
2025-12-30 10:30:15.067000,FinePointe Series WBP [SN 10499C]  Site 3 Bias Flow is out of range.,,,,,,,,,,,,,,,,,,,,,,,,,
2025-12-30 10:30:15.067000,FinePointe Series WBP [SN 139781]  Site 4 Bias Flow is out of range.,,,,,,,,,,,,,,,,,,,,,,,,,
2025-12-30 10:30:17.067000,6d,Toxicity,Original,,108.99373626708984,1.3492236137390137,147.0568389892578,0.8262187242507935,0.9792038202285767,0.11606568098068237,11.153897285461426,11.464502334594727,7.197718620300293,0.2320115566253662,0.3184787929058075,0.5012122392654419,3.9865775108337402,0,0.16287553310394287,0.05674675479531288,21.444713592529297,37,25,30,60,
2025-12-30 10:30:19.067000,6d,Toxicity,Original,,109.31249237060547,1.611760139465332,176.15989685058594,0.5028302073478699,0.8093911409378052,0.10435647517442703,11.153897285461426,11.953755378723145,5.406390190124512,0.24470220506191254,0.3059483468532562,0.3665298819541931,4.186734199523926,0,0.17115293443202972,0.1723451316356659,15.8696928024292,37,25,30,0,
2025-12-30 10:30:21.067000,6d,Toxicity,Original,,105.063232421875,1.5529955625534058,163.110595703125,0.5373428463935852,0.8240941166877747,0.4445154070854187,11.153897285461426,11.32101058959961,5.7306060791015625,0.24199271202087402,0.33067354559898376,0.38452085852622986,4.503039360046387,0,0.18341711163520813,0.6736060976982117,15.650969505310059,37,25,30,0,
2025-12-30 10:30:23.067000,6d,Toxicity,Original,,101.12069702148438,1.4033527374267578,142.2272491455078,0.7497653961181641,1.138042688369751,0.09442481398582458,11.153897285461426,12.339566230773926,6.024803161621094,0.21457569301128387,0.3820517659187317,0.3590043783187866,4.099835395812988,0,0.1812693327665329,0.7264138460159302,21.14852523803711,37,25,30,0,
2025-12-30 10:30:23.067000,FinePointe Series WBP [SN 139781]  Site 2 Bias Flow is out of range.,,,,,,,,,,,,,,,,,,,,,,,,,
2025-12-30 10:30:25.067000,6d,Toxicity,Original,,89.11145782470703,1.6005163192749023,142.53500366210938,0.7089089751243591,0.950404942035675,0.0683973878622055,11.153897285461426,11.571050643920898,6.259345531463623,0.23458589613437653,0.4413391351699829,0.3052598536014557,3.983499526977539,0,0.22767674922943115,,15.066012382507324,37,25,30,0,
2025-12-30 10:30:25.067000,FinePointe Series WBP [SN 139781]  Site 1 Bias Flow is out of range.,,,,,,,,,,,,,,,,,,,,,,,,,
2025-12-30 10:30:25.067000,FinePointe Series WBP [SN 139781]  Site 3 Bias Flow is out of range.,,,,,,,,,,,,,,,,,,,,,,,,,
2025-12-30 10:30:25.067000,FinePointe Series WBP [SN 10499C]  Site 3 Bias Flow is out of range.,,,,,,,,,,,,,,,,,,,,,,,,,
2025-12-30 10:30:25.067000,FinePointe Series WBP [SN 139781]  Site 4 Bias Flow is out of range.,,,,,,,,,,,,,,,,,,,,,,,,,
2025-12-30 10:30:27.067000,6d,Toxicity,Original,,91.0968017578125,1.636200189590454,148.72764587402344,0.5620388388633728,0.9090946316719055,0.2431621104478836,11.153897285461426,12.546570777893066,5.3247551918029785,0.2315620332956314,0.42882418632507324,0.32442566752433777,4.003262996673584,0,0.22757136821746826,,16.93353271484375,37,25,30,0,
2025-12-30 10:30:29.067000,6d,Toxicity,Original,,95.321044921875,1.4637914896011353,139.4097442626953,0.6439828872680664,0.9224488139152527,0.0924375057220459,11.153897285461426,10.534806251525879,5.305100917816162,0.24440093338489532,0.38649889826774597,0.31406164169311523,4.1095733642578125,0,0.2030157446861267,,17.048704147338867,37,25,30,0,
2025-12-30 10:30:31.067000,6d,Toxicity,Original,,109.36013793945312,1.4017179012298584,153.28465270996094,0.5204957127571106,0.7818317413330078,0.28668251633644104,11.153897285461426,10.942456245422363,5.5213727951049805,0.25471261143684387,0.29411423206329346,0.3710930347442627,4.611420154571533,0,0.16743938624858856,0.2692573368549347,17.48579216003418,37,25,30,0,
2025-12-30 10:30:33.067000,6d,Toxicity,Original,,92.36148834228516,1.4489257335662842,132.44866943359375,0.6024278998374939,0.8611841797828674,0.3056323230266571,11.153897285461426,11.610810279846191,5.9417243003845215,0.21478506922721863,0.45053139328956604,0.3038780689239502,4.07712984085083,0,0.24644231796264648,0.6308913230895996,14.67410659790039,37,25,30,0,
2025-12-30 10:30:33.067000,FinePointe Series WBP [SN 139781]  Site 2 Bias Flow is out of range.,,,,,,,,,,,,,,,,,,,,,,,,,
2025-12-30 10:30:35.067000,6d,Toxicity,Original,,94.76417541503906,1.5229060649871826,144.20504760742188,0.6744610667228699,0.9657687544822693,0.08562851697206497,11.153897285461426,10.850480079650879,5.42467737197876,0.2352519929409027,0.3989361524581909,0.3195292055606842,4.045028209686279,0,0.2053804248571396,,18.192123413085938,37,25,30,0,
2025-12-30 10:30:35.067000,FinePointe Series WBP [SN 139781]  Site 1 Bias Flow is out of range.,,,,,,,,,,,,,,,,,,,,,,,,,
2025-12-30 10:30:35.067000,FinePointe Series WBP [SN 139781]  Site 3 Bias Flow is out of range.,,,,,,,,,,,,,,,,,,,,,,,,,
2025-12-30 10:30:35.067000,FinePointe Series WBP [SN 10499C]  Site 3 Bias Flow is out of range.,,,,,,,,,,,,,,,,,,,,,,,,,
2025-12-30 10:30:35.067000,FinePointe Series WBP [SN 139781]  Site 4 Bias Flow is out of range.,,,,,,,,,,,,,,,,,,,,,,,,,
2025-12-30 10:30:37.067000,6d,Toxicity,Original,,106.37123107910156,1.4494385719299316,154.147216796875,0.6268649101257324,0.9207022786140442,0.2734770178794861,11.153897285461426,11.227497100830078,5.7759785652160645,0.2281644195318222,0.3366394639015198,0.352267861366272,4.321117401123047,0,0.17762811481952667,1.0394961833953857,17.182342529296875,37,25,30,0,
2025-12-30 10:30:39.067000,6d,Toxicity,Original,,87.51060485839844,1.56767737865448,136.70321655273438,0.6141614317893982,0.9929220676422119,0.06841368228197098,11.153897285461426,13.028337478637695,5.733245849609375,0.20408427715301514,0.48362863063812256,0.2910510301589966,3.7948575019836426,0,0.24466419219970703,,17.592544555664062,37,25,30,0,
2025-12-30 10:30:41.067000,6d,Toxicity,Original,,91.70535278320312,1.567923903465271,143.32626342773438,0.5248284935951233,0.8958731889724731,0.1998009830713272,11.153897285461426,11.930919647216797,5.067734718322754,0.23597970604896545,0.42025136947631836,0.31665652990341187,4.247692584991455,0,0.22337816655635834,,17.647754669189453,37,25,30,0,
2025-12-30 10:30:43.067000,6d,Toxicity,Original,,97.80363464355469,1.506893277168274,147.33099365234375,0.521506667137146,0.813652753829956,0.32326290011405945,11.153897285461426,10.929377555847168,5.186192989349365,0.2452068030834198,0.3685837388038635,0.33671730756759644,4.291406154632568,0,0.20565588772296906,,13.499615669250488,37,25,30,0,
2025-12-30 10:30:43.067000,FinePointe Series WBP [SN 139781]  Site 2 Bias Flow is out of range.,,,,,,,,,,,,,,,,,,,,,,,,,
2025-12-30 10:30:43.067000,FinePointe Series WBP [SN 10499C]  Site 3 Bias Flow is out of range.,,,,,,,,,,,,,,,,,,,,,,,,,
2025-12-30 10:30:45.067000,6d,Toxicity,Original,,98.01412200927734,1.4331392049789429,140.5768280029297,0.5392765998840332,0.8831830024719238,0.13388118147850037,11.153897285461426,11.310323715209961,5.159603595733643,0.23299433290958405,0.37988272309303284,0.33505484461784363,4.668962478637695,2.5596654415130615,0.20385584235191345,0.7298216223716736,17.64154624938965,37,25,30,0,
2025-12-30 10:30:45.067000,FinePointe Series WBP [SN 139781]  Site 1 Bias Flow is out of range.,,,,,,,,,,,,,,,,,,,,,,,,,
2025-12-30 10:30:45.067000,FinePointe Series WBP [SN 139781]  Site 3 Bias Flow is out of range.,,,,,,,,,,,,,,,,,,,,,,,,,
2025-12-30 10:30:45.067000,FinePointe Series WBP [SN 139781]  Site 4 Bias Flow is out of range.,,,,,,,,,,,,,,,,,,,,,,,,,
2025-12-30 10:30:47.067000,6d,Toxicity,Original,,87.72789764404297,1.5904978513717651,139.9684600830078,0.6551333665847778,1.0131163597106934,0.07746453583240509,11.153897285461426,11.945825576782227,5.5256876945495605,0.22544945776462555,0.46328163146972656,0.30373674631118774,4.057947158813477,0,0.23074446618556976,,19.509532928466797,37,25,30,0,
2025-12-30 10:30:49.067000,6d,Toxicity,Original,,99.95115661621094,1.4485421180725098,144.78726196289062,0.5565570592880249,0.8735446333885193,0.36565524339675903,11.153897285461426,11.274309158325195,5.228424549102783,0.22819752991199493,0.37209898233413696,0.36949247121810913,4.6598381996154785,0,0.20105279982089996,0.1469859480857849,14.840903282165527,37,25,30,0,
2025-12-30 10:30:51.067000,6d,Toxicity,Original,,89.87962341308594,1.609571933746338,144.63844299316406,0.5570878982543945,0.9171398282051086,0.06349170207977295,11.153897285461426,12.318166732788086,5.407353401184082,0.22233985364437103,0.4454093277454376,0.2872786521911621,3.97019624710083,0,0.23410770297050476,,15.941515922546387,37,25,30,0,
2025-12-30 10:30:53.067000,6d,Toxicity,Original,,94.84230041503906,1.497422456741333,141.59930419921875,0.5839512348175049,0.9453119039535522,0.08126077800989151,11.153897285461426,10.588932991027832,4.713598728179932,0.24403195083141327,0.38925105333328247,0.30331966280937195,4.059907913208008,0,0.202413871884346,,18.259727478027344,37,25,30,0,
2025-12-30 10:30:53.067000,FinePointe Series WBP [SN 139781]  Site 2 Bias Flow is out of range.,,,,,,,,,,,,,,,,,,,,,,,,,
2025-12-30 10:30:55.067000,6d,Toxicity,Original,,87.64730072021484,1.4504088163375854,126.473388671875,0.8198033571243286,1.2298694849014282,0.08461108058691025,11.153897285461426,11.631193161010742,5.537703514099121,0.21587808430194855,0.47296902537345886,0.3218073546886444,3.7940638065338135,0,0.2143513560295105,,24.457412719726562,37,25,30,0,
2025-12-30 10:30:55.067000,FinePointe Series WBP [SN 139781]  Site 1 Bias Flow is out of range.,,,,,,,,,,,,,,,,,,,,,,,,,
2025-12-30 10:30:55.067000,FinePointe Series WBP [SN 10499C]  Site 3 Bias Flow is out of range.,,,,,,,,,,,,,,,,,,,,,,,,,
2025-12-30 10:30:55.067000,FinePointe Series WBP [SN 139781]  Site 3 Bias Flow is out of range.,,,,,,,,,,,,,,,,,,,,,,,,,
2025-12-30 10:30:57.067000,6d,Toxicity,Original,,91.87047576904297,1.4866491556167603,136.3482666015625,0.662503182888031,0.9528017640113831,0.3227528929710388,11.153897285461426,10.994473457336426,5.418794631958008,0.25426989793777466,0.39959022402763367,0.3565646708011627,3.888303518295288,0,0.20672109723091125,,17.10964012145996,37,25,30,0,
2025-12-30 10:30:57.067000,FinePointe Series WBP [SN 139781]  Site 4 Bias Flow is out of range.,,,,,,,,,,,,,,,,,,,,,,,,,
2025-12-30 10:30:59.067000,6d,Toxicity,Original,,102.0780029296875,1.3899292945861816,141.75685119628906,0.5262671709060669,0.8796914219856262,0.2763572931289673,11.153897285461426,11.154297828674316,5.275603771209717,0.23532068729400635,0.364421546459198,0.2954493761062622,4.613877296447754,0,0.19344283640384674,0.4599347710609436,18.002546310424805,37,25,30,0,
2025-12-30 10:31:01.067000,6d,Toxicity,Original,,91.10983276367188,1.504275918006897,136.95359802246094,0.7237494587898254,1.113202691078186,0.07973411679267883,11.153897285461426,13.045068740844727,6.124732494354248,0.20822565257549286,0.4505128264427185,0.33304524421691895,3.632373332977295,0,0.21536029875278473,,22.3886775970459,37,25,30,0,
2025-12-30 10:31:03.067000,6d,Toxicity,Original,,103.29654693603516,1.5247013568878174,157.5431671142578,0.7205361723899841,0.9784600734710693,0.09679078310728073,11.153897285461426,11.647583961486816,6.262120723724365,0.24089723825454712,0.34119632840156555,0.3923775553703308,3.8904404640197754,0,0.1740720272064209,,19.826337814331055,37,25,30,0,
2025-12-30 10:31:03.067000,FinePointe Series WBP [SN 139781]  Site 2 Bias Flow is out of range.,,,,,,,,,,,,,,,,,,,,,,,,,
2025-12-30 10:31:05.067000,6d,Toxicity,Original,,108.23351287841797,1.483596682548523,160.5950927734375,0.6241721510887146,0.9230387210845947,0.26942333579063416,11.153897285461426,10.97256851196289,5.577260971069336,0.24190828204154968,0.3125126361846924,0.4064639210700989,4.152896881103516,0,0.16488195955753326,0.6884769797325134,17.994569778442383,37,25,30,0,
2025-12-30 10:31:05.067000,FinePointe Series WBP [SN 139781]  Site 1 Bias Flow is out of range.,,,,,,,,,,,,,,,,,,,,,,,,,
2025-12-30 10:31:05.067000,FinePointe Series WBP [SN 139781]  Site 3 Bias Flow is out of range.,,,,,,,,,,,,,,,,,,,,,,,,,
2025-12-30 10:31:05.067000,FinePointe Series WBP [SN 10499C]  Site 3 Bias Flow is out of range.,,,,,,,,,,,,,,,,,,,,,,,,,
2025-12-30 10:31:07.067000,6d,Toxicity,Original,,108.80731964111328,1.4005894660949707,152.3978271484375,0.577919602394104,0.8057138323783875,0.33668678998947144,11.153897285461426,10.53781795501709,5.574902057647705,0.24327218532562256,0.30829188227653503,0.4038900136947632,4.3532795906066895,0,0.17304034531116486,0.3717197775840759,16.687299728393555,37,25,30,0,
2025-12-30 10:31:07.067000,FinePointe Series WBP [SN 139781]  Site 4 Bias Flow is out of range.,,,,,,,,,,,,,,,,,,,,,,,,,
2025-12-30 10:31:09.067000,6d,Toxicity,Original,,98.77887725830078,1.4380624294281006,141.1712646484375,0.5053805708885193,0.8776258230209351,0.2584441602230072,11.153897285461426,11.750155448913574,5.013137340545654,0.21459519863128662,0.40678727626800537,0.3518308401107788,4.60163688659668,0,0.21657611429691315,2.7388596534729004,17.695106506347656,37,25,30,0,
2025-12-30 10:31:11.067000,6d,Toxicity,Original,,77.9210205078125,1.5734626054763794,123.22969055175781,0.6033408641815186,0.8885665535926819,0.06265918910503387,11.153897285461426,11.073939323425293,5.216259956359863,0.27637073397636414,0.5136041045188904,0.2757561206817627,3.847088098526001,199.08338928222656,0.28570523858070374,,14.583366394042969,37,25,30,0,
2025-12-30 10:31:13.067000,6d,Toxicity,Original,,98.56818389892578,1.4327996969223022,141.01007080078125,0.5691761374473572,0.8567520380020142,0.285238116979599,11.153897285461426,10.51245403289795,5.100071430206299,0.24006037414073944,0.37151122093200684,0.36628690361976624,4.225702285766602,0,0.20233044028282166,0.34408748149871826,16.47712516784668,37,25,30,0,
2025-12-30 10:31:13.067000,FinePointe Series WBP [SN 139781]  Site 2 Bias Flow is out of range.,,,,,,,,,,,,,,,,,,,,,,,,,
2025-12-30 10:31:15.067000,6d,Toxicity,Original,,106.10203552246094,1.3480268716812134,142.732177734375,0.6433512568473816,1.0267130136489868,0.3341803550720215,11.153897285461426,11.384428977966309,5.480260848999023,0.21633824706077576,0.3557600677013397,0.4131373465061188,4.600308895111084,0,0.17698094248771667,2.037346839904785,22.694429397583008,37,25,30,0,
2025-12-30 10:31:15.067000,FinePointe Series WBP [SN 139781]  Site 1 Bias Flow is out of range.,,,,,,,,,,,,,,,,,,,,,,,,,
2025-12-30 10:31:15.067000,FinePointe Series WBP [SN 139781]  Site 3 Bias Flow is out of range.,,,,,,,,,,,,,,,,,,,,,,,,,
2025-12-30 10:31:15.067000,FinePointe Series WBP [SN 10499C]  Site 3 Bias Flow is out of range.,,,,,,,,,,,,,,,,,,,,,,,,,
2025-12-30 10:31:15.067000,FinePointe Series WBP [SN 139781]  Site 4 Bias Flow is out of range.,,,,,,,,,,,,,,,,,,,,,,,,,
2025-12-30 10:31:17.067000,6d,Toxicity,Original,,89.75538635253906,1.470051646232605,131.80288696289062,0.7179391384124756,1.0663836002349854,0.06728960573673248,11.153897285461426,10.643192291259766,5.046252250671387,0.2533706724643707,0.41615554690361023,0.2914084494113922,3.7371826171875,0,0.20322702825069427,,21.535900115966797,37,25,30,0,
2025-12-30 10:31:19.067000,6d,Toxicity,Original,,96.03257751464844,1.3654752969741821,130.89971923828125,0.667435348033905,0.9455541968345642,0.09431669861078262,11.153897285461426,9.898946762084961,5.1226806640625,0.2467202991247177,0.37983107566833496,0.3362336754798889,4.190165042877197,0,0.19812145829200745,,19.577566146850586,37,25,30,0,
2025-12-30 10:31:21.067000,6d,Toxicity,Original,,109.32874298095703,1.3455535173416138,147.1047821044922,0.6221251487731934,0.8651705384254456,0.4447285234928131,11.153897285461426,10.489463806152344,5.759087562561035,0.2454853653907776,0.30542802810668945,0.406154990196228,4.561789512634277,0,0.165904700756073,0.8708629012107849,17.94014549255371,37,25,30,0,
2025-12-30 10:31:23.067000,6d,Toxicity,Original,,99.65652465820312,1.4018142223358154,139.53221130371094,0.6897661089897156,1.1355358362197876,0.35373082756996155,11.153897285461426,10.942459106445312,5.15443229675293,0.210589200258255,0.39937785267829895,0.3374286890029907,4.8961334228515625,0,0.1892353743314743,1.2037932872772217,20.528139114379883,37,25,30,0,
2025-12-30 10:31:23.067000,FinePointe Series WBP [SN 139781]  Site 2 Bias Flow is out of range.,,,,,,,,,,,,,,,,,,,,,,,,,
2025-12-30 10:31:25.067000,6d,Toxicity,Original,,73.56380462646484,1.571572184562683,114.93508911132812,1.3797301054000854,2.177408456802368,0.05314499884843826,11.153897285461426,11.960033416748047,5.251744270324707,0.21801087260246277,0.6047853827476501,0.3082547187805176,3.9772441387176514,402.2134704589844,0.23879311978816986,0.3056381046772003,32.62507629394531,37,25,30,0,
2025-12-30 10:31:25.067000,FinePointe Series WBP [SN 139781]  Site 1 Bias Flow is out of range.,,,,,,,,,,,,,,,,,,,,,,,,,
2025-12-30 10:31:25.067000,FinePointe Series WBP [SN 139781]  Site 3 Bias Flow is out of range.,,,,,,,,,,,,,,,,,,,,,,,,,
2025-12-30 10:31:25.067000,FinePointe Series WBP [SN 10499C]  Site 3 Bias Flow is out of range.,,,,,,,,,,,,,,,,,,,,,,,,,
2025-12-30 10:31:25.067000,FinePointe Series WBP [SN 139781]  Site 4 Bias Flow is out of range.,,,,,,,,,,,,,,,,,,,,,,,,,
2025-12-30 10:31:27.067000,6d,Toxicity,Original,,81.10675811767578,1.578817367553711,128.4783935546875,0.6138496398925781,0.896487295627594,0.06063934788107872,11.153897285461426,12.510442733764648,5.934102535247803,0.23503096401691437,0.5079969167709351,0.2897006869316101,3.7986137866973877,0,0.2693648636341095,,15.433564186096191,37,25,30,0,
2025-12-30 10:31:29.067000,6d,Toxicity,Original,,80.4094467163086,1.9529680013656616,155.5952606201172,0.5924103260040283,1.0449942350387573,0.05297976732254028,11.153897285461426,14.016365051269531,5.400498867034912,0.23911210894584656,0.5104069113731384,0.3418586254119873,3.971327304840088,0,0.25656163692474365,,19.595415115356445,37,25,30,0,
2025-12-30 10:31:31.067000,6d,Toxicity,Original,,91.32012939453125,1.600683331489563,145.62832641601562,0.7313197255134583,1.0113613605499268,0.07747181504964828,11.153897285461426,11.757513999938965,6.069469928741455,0.24754324555397034,0.41296541690826416,0.36286139488220215,3.813493490219116,0,0.20691798627376556,,19.210811614990234,37,25,30,0,
2025-12-30 10:31:33.067000,6d,Toxicity,Original,,104.83628845214844,1.4653348922729492,152.48495483398438,0.518022894859314,0.8503877520561218,0.31064966320991516,11.153897285461426,11.728897094726562,5.317170143127441,0.24618129432201385,0.330395370721817,0.3798566460609436,4.710203170776367,0,0.18100185692310333,1.011073350906372,18.729145050048828,37,25,30,0,
2025-12-30 10:31:33.067000,FinePointe Series WBP [SN 139781]  Site 2 Bias Flow is out of range.,,,,,,,,,,,,,,,,,,,,,,,,,
2025-12-30 10:31:35.067000,6d,Toxicity,Original,,84.03343200683594,1.5881609916687012,133.5665740966797,0.6736463904380798,1.093994140625,0.24262139201164246,11.153897285461426,12.56558895111084,5.3346710205078125,0.24895763397216797,0.4675159156322479,0.36346039175987244,4.215343475341797,0,0.22586579620838165,,23.28801727294922,37,25,30,0,
2025-12-30 10:31:35.067000,FinePointe Series WBP [SN 139781]  Site 1 Bias Flow is out of range.,,,,,,,,,,,,,,,,,,,,,,,,,
2025-12-30 10:31:35.067000,FinePointe Series WBP [SN 139781]  Site 3 Bias Flow is out of range.,,,,,,,,,,,,,,,,,,,,,,,,,
2025-12-30 10:31:35.067000,FinePointe Series WBP [SN 10499C]  Site 3 Bias Flow is out of range.,,,,,,,,,,,,,,,,,,,,,,,,,
2025-12-30 10:31:35.067000,FinePointe Series WBP [SN 139781]  Site 4 Bias Flow is out of range.,,,,,,,,,,,,,,,,,,,,,,,,,
2025-12-30 10:31:37.067000,6d,Toxicity,Original,,96.66629791259766,1.458837628364563,141.08787536621094,0.828697919845581,1.3752795457839966,0.08756563067436218,11.153897285461426,11.62138557434082,5.3471174240112305,0.22164638340473175,0.4046153128147125,0.3644554316997528,4.189196586608887,30.15045738220215,0.172965869307518,0.8075889348983765,25.862754821777344,37,25,30,0,
2025-12-30 10:31:39.067000,6d,Toxicity,Original,,87.2700424194336,1.535642147064209,134.53717041015625,0.6191834807395935,0.9330208897590637,0.2325272262096405,11.153897285461426,13.71021556854248,6.141639232635498,0.20369024574756622,0.48760735988616943,0.37516844272613525,3.8162639141082764,0,0.25491493940353394,2.7792060375213623,18.793886184692383,37,25,30,0,
2025-12-30 10:31:39.067000,Record signals and tables.,,,,,,,,,,,,,,,,,,,,,,,,,
2025-12-30 10:31:39.067000,Experiment Complete.,,,,,,,,,,,,,,,,,,,,,,,,,
2025-12-30 10:31:41.067000,6d,Toxicity,Original,,90.23888397216797,1.615480899810791,145.83905029296875,0.6017463207244873,0.951613187789917,0.08046013861894608,11.153897285461426,11.755704879760742,5.210459232330322,0.25278714299201965,0.4140762686729431,0.3070303201675415,4.218023777008057,0,0.21453090012073517,,18.95909309387207,37,25,30,0,
