Time,Subject,Phase,Recording,Alarms,f,TVb,MVb,Penh,PAU,Rpef,Comp,PIFb,PEFb,Ti,Te,EF50,EIP,EEP,Tr,TB,TP,Tbody,Tc,RH,Rinx,BFCF
2025-12-30 09:59:24.346000,8d,Toxicity,Original,,34.259490966796875,488.0016174316406,16718.685546875,0.8806083798408508,0.8360579013824463,0.4539436995983124,11.153897285461426,1564.9945068359375,1269.2249755859375,0.6851280927658081,1.066211462020874,82.30062866210938,160.55186462402344,0,0.6280040144920349,13.787269592285156,14.168442726135254,37,25,30,88.88888549804688,
2025-12-30 09:59:24.346000,FinePointe Series WBP [SN 139781]  Site 4 Bias Flow is out of range.,,,,,,,,,,,,,,,,,,,,,,,,,
2025-12-30 09:59:24.346000,FinePointe Series WBP [SN 10499C]  Site 1 Bias Flow is out of range.,,,,,,,,,,,,,,,,,,,,,,,,,
2025-12-30 09:59:24.346000,FinePointe Series WBP [SN 10499C]  Site 3 Bias Flow is out of range.,,,,,,,,,,,,,,,,,,,,,,,,,
2025-12-30 09:59:24.346000,FinePointe Series WBP [SN 139781]  Site 4 Bias Flow is out of range.,,,,,,,,,,,,,,,,,,,,,,,,,
2025-12-30 09:59:24.346000,FinePointe Series WBP [SN 10499C]  Site 1 Bias Flow is out of range.,,,,,,,,,,,,,,,,,,,,,,,,,
2025-12-30 09:59:24.346000,FinePointe Series WBP [SN 10499C]  Site 3 Bias Flow is out of range.,,,,,,,,,,,,,,,,,,,,,,,,,
2025-12-30 09:59:24.346000,FinePointe Series WBP [SN 139781]  Site 4 Bias Flow is out of range.,,,,,,,,,,,,,,,,,,,,,,,,,
2025-12-30 09:59:24.346000,FinePointe Series WBP [SN 10499C]  Site 1 Bias Flow is out of range.,,,,,,,,,,,,,,,,,,,,,,,,,
2025-12-30 09:59:24.346000,FinePointe Series WBP [SN 10499C]  Site 3 Bias Flow is out of range.,,,,,,,,,,,,,,,,,,,,,,,,,
2025-12-30 10:00:00.346000,8d,Toxicity,Original,,143.2017364501953,0.14497597515583038,20.760812759399414,0.9294565916061401,1.737991452217102,0.30063894391059875,11.153897285461426,2.0999629497528076,0.9688778519630432,0.14623691141605377,0.27275240421295166,0.04900657758116722,4.80586051940918,52.038970947265625,0.10075540095567703,13.322206497192383,36.208011627197266,37,25,30,85.71428680419922,
2025-12-30 10:00:02.346000,8d,Toxicity,Original,,243.21975708007812,0.18722055852413177,43.73750305175781,0.541358470916748,0.5459868907928467,0.6145815849304199,11.153897285461426,2.387253522872925,2.5415146350860596,0.16859981417655945,0.12938247621059418,0.22210459411144257,9.763209342956543,0,0.09249434620141983,26.975908279418945,10.809173583984375,37,25,30,60,
2025-12-30 10:00:02.346000,FinePointe Series WBP [SN 139781]  Site 4 Bias Flow is out of range.,,,,,,,,,,,,,,,,,,,,,,,,,
2025-12-30 10:00:02.346000,FinePointe Series WBP [SN 10499C]  Site 1 Bias Flow is out of range.,,,,,,,,,,,,,,,,,,,,,,,,,
2025-12-30 10:00:08.346000,8d,Toxicity,Original,,130.86685180664062,0.2748243510723114,35.96540069580078,0.11647336184978485,0.2479734867811203,0.8071746826171875,11.153897285461426,3.672668933868408,1.861488699913025,0.12893670797348022,0.3295445442199707,0.14749543368816376,4.5818610191345215,0,0.2657669186592102,,,37,25,30,91.66666412353516,
2025-12-30 10:00:08.346000,FinePointe Series WBP [SN 10499C]  Site 3 Bias Flow is out of range.,,,,,,,,,,,,,,,,,,,,,,,,,
2025-12-30 10:00:10.346000,8d,Toxicity,Original,,147.12130737304688,0.17358648777008057,25.538270950317383,2.277097225189209,3.1706156730651855,0.12482549250125885,11.153897285461426,2.8443124294281006,1.8341453075408936,0.10340175032615662,0.3044250011444092,0.12828415632247925,5.663167953491211,68.4413070678711,0.07368035614490509,5.582774639129639,41.58169937133789,37,25,30,83.33333587646484,
2025-12-30 10:00:12.346000,8d,Toxicity,Original,,261.82147216796875,0.13344494998455048,35.03639602661133,0.5512186884880066,0.8107043504714966,0.3056080639362335,11.153897285461426,1.9417189359664917,1.2154004573822021,0.11626984179019928,0.11296670138835907,0.10399214923381805,6.399556636810303,0,0.06373283267021179,11.172863006591797,15.783896446228027,37,25,30,50,
2025-12-30 10:00:12.346000,FinePointe Series WBP [SN 139781]  Site 4 Bias Flow is out of range.,,,,,,,,,,,,,,,,,,,,,,,,,
2025-12-30 10:00:12.346000,FinePointe Series WBP [SN 10499C]  Site 1 Bias Flow is out of range.,,,,,,,,,,,,,,,,,,,,,,,,,
2025-12-30 10:00:14.346000,8d,Toxicity,Original,,122.33031463623047,0.10147784650325775,12.413816452026367,2.322626829147339,2.743509292602539,0.2271321713924408,11.153897285461426,0.874995231628418,0.779024064540863,0.17347927391529083,0.3169960379600525,0.06980977952480316,7.34499454498291,194.71340942382812,0.08578931540250778,6.7858428955078125,39.580970764160156,37,25,30,75,
2025-12-30 10:00:16.346000,8d,Toxicity,Original,,98.50655364990234,0.34131568670272827,33.62183380126953,0.8119081258773804,1.3107951879501343,0.4695785939693451,11.153897285461426,3.1281578540802,1.8701952695846558,0.2300332486629486,0.37906327843666077,0.08490189164876938,3.913417100906372,136.82237243652344,0.16500647366046906,,50.77077102661133,37,25,30,75,
2025-12-30 10:00:18.346000,8d,Toxicity,Original,,181.59764099121094,0.16967302560806274,30.81222152709961,0.6887643933296204,0.7110970616340637,0.27216726541519165,11.153897285461426,2.364612340927124,2.08955454826355,0.131993368268013,0.19840741157531738,0.07482817769050598,12.798404693603516,0,0.11837760359048843,7.03351354598999,10.232636451721191,37,25,30,87.5,
2025-12-30 10:00:18.346000,FinePointe Series WBP [SN 10499C]  Site 3 Bias Flow is out of range.,,,,,,,,,,,,,,,,,,,,,,,,,
2025-12-30 10:00:18.346000,Measuring Baseline.,,,,,,,,,,,,,,,,,,,,,,,,,
2025-12-30 10:00:18.346000,Create measurement 'Baseline'. Duration: 00:08:00,,,,,,,,,,,,,,,,,,,,,,,,,
2025-12-30 10:00:18.346000,FinePointe Series WBP [SN 139781]  Site 4 Bias Flow is out of range.,,,,,,,,,,,,,,,,,,,,,,,,,
2025-12-30 10:00:18.346000,FinePointe Series WBP [SN 10499C]  Site 1 Bias Flow is out of range.,,,,,,,,,,,,,,,,,,,,,,,,,
2025-12-30 10:00:24.346000,8d,Toxicity,Original,,33.33786392211914,3.7178702354431152,123.94584655761719,0.815326452255249,1.2115435600280762,0.4588767886161804,11.153897285461426,13.319573402404785,6.655346393585205,0.6665536761283875,1.1332018375396729,0.11847607046365738,25.39535140991211,293.0721130371094,0.5253387093544006,4.54919958114624,55.54896545410156,37,25,30,88.88888549804688,
2025-12-30 10:00:26.346000,8d,Toxicity,Original,,86.38641357421875,0.45219364762306213,39.063385009765625,0.3093113303184509,0.33073437213897705,0.9037173390388489,11.153897285461426,2.573862314224243,2.603355646133423,0.3714437782764435,0.323109894990921,0.08472781628370285,7.870604991912842,0,0.25002753734588623,,,37,25,30,80,
2025-12-30 10:00:28.346000,8d,Toxicity,Original,,150.502197265625,0.16538839042186737,24.06021499633789,2.9377989768981934,2.424821376800537,0.5325008630752563,11.153897285461426,2.2026681900024414,1.9735549688339233,0.13791681826114655,0.2717590928077698,0.14807987213134766,4.972639560699463,72.2564468383789,0.14666329324245453,8.986878395080566,17.966901779174805,37,25,30,50,
2025-12-30 10:00:28.346000,FinePointe Series WBP [SN 10499C]  Site 3 Bias Flow is out of range.,,,,,,,,,,,,,,,,,,,,,,,,,
2025-12-30 10:00:28.346000,FinePointe Series WBP [SN 139781]  Site 4 Bias Flow is out of range.,,,,,,,,,,,,,,,,,,,,,,,,,
2025-12-30 10:00:28.346000,FinePointe Series WBP [SN 10499C]  Site 1 Bias Flow is out of range.,,,,,,,,,,,,,,,,,,,,,,,,,
2025-12-30 10:00:34.346000,8d,Toxicity,Original,,267.3203125,0.1246507465839386,33.45836639404297,0.725494921207428,1.1835914850234985,0.29130202531814575,11.153897285461426,2.0423645973205566,1.094775676727295,0.10285142064094543,0.13773974776268005,0.07772262394428253,4.297798156738281,0,0.06192496791481972,12.10640811920166,12.5812406539917,37,25,30,84.61538696289062,
2025-12-30 10:00:38.346000,8d,Toxicity,Original,,117.49772644042969,0.3092140853404999,36.79841995239258,2.45454740524292,2.718870162963867,0.2767193019390106,11.153897285461426,2.9176669120788574,2.301154613494873,0.21002358198165894,0.3015545606613159,0.17800593376159668,6.7861223220825195,138.2910919189453,0.0826224759221077,6.514340400695801,25.998924255371094,37,25,30,77.77777862548828,
2025-12-30 10:00:38.346000,FinePointe Series WBP [SN 10499C]  Site 3 Bias Flow is out of range.,,,,,,,,,,,,,,,,,,,,,,,,,
2025-12-30 10:00:42.346000,8d,Toxicity,Original,,260.64715576171875,0.23109407722949982,60.23401641845703,0.5821822285652161,0.8438984155654907,0.34859272837638855,11.153897285461426,3.0310986042022705,1.9554790258407593,0.13839858770370483,0.09179766476154327,0.1642281860113144,5.518712520599365,0,0.05099243298172951,12.909698486328125,18.830684661865234,37,25,30,85.71428680419922,
2025-12-30 10:00:42.346000,FinePointe Series WBP [SN 139781]  Site 4 Bias Flow is out of range.,,,,,,,,,,,,,,,,,,,,,,,,,
2025-12-30 10:00:42.346000,FinePointe Series WBP [SN 10499C]  Site 1 Bias Flow is out of range.,,,,,,,,,,,,,,,,,,,,,,,,,
2025-12-30 10:00:48.346000,8d,Toxicity,Original,,121.20639038085938,0.47783446311950684,57.91659164428711,0.4452305734157562,0.6262308955192566,0.7004117369651794,11.153897285461426,3.450827121734619,2.8434507846832275,0.30941829085350037,0.18560510873794556,0.25469866394996643,13.147006034851074,0,0.11645739525556564,6.965577602386475,9.925371170043945,37,25,30,88.88888549804688,
2025-12-30 10:00:48.346000,FinePointe Series WBP [SN 10499C]  Site 3 Bias Flow is out of range.,,,,,,,,,,,,,,,,,,,,,,,,,
2025-12-30 10:00:52.346000,8d,Toxicity,Original,,52.323490142822266,0.37421607971191406,19.580291748046875,6.377284049987793,5.227865219116211,0.3795245587825775,11.153897285461426,5.614107131958008,4.898239612579346,0.1770782768726349,0.9696342349052429,0.386034220457077,11.152737617492676,543.4845581054688,0.15881170332431793,7.405574321746826,8.943309783935547,37,25,30,83.33333587646484,
2025-12-30 10:00:52.346000,FinePointe Series WBP [SN 139781]  Site 4 Bias Flow is out of range.,,,,,,,,,,,,,,,,,,,,,,,,,
2025-12-30 10:00:52.346000,FinePointe Series WBP [SN 10499C]  Site 1 Bias Flow is out of range.,,,,,,,,,,,,,,,,,,,,,,,,,
2025-12-30 10:00:52.346000,FinePointe Series WBP [SN 10499C]  Site 3 Bias Flow is out of range.,,,,,,,,,,,,,,,,,,,,,,,,,
2025-12-30 10:00:52.346000,FinePointe Series WBP [SN 139781]  Site 4 Bias Flow is out of range.,,,,,,,,,,,,,,,,,,,,,,,,,
2025-12-30 10:00:52.346000,FinePointe Series WBP [SN 10499C]  Site 1 Bias Flow is out of range.,,,,,,,,,,,,,,,,,,,,,,,,,
2025-12-30 10:01:04.346000,8d,Toxicity,Original,,158.05917358398438,0.43247687816619873,64.09263610839844,0.5504098534584045,0.9238290786743164,0.4681129455566406,11.153897285461426,4.356468677520752,2.311969041824341,0.17674843966960907,0.22970269620418549,0.19748087227344513,7.442302703857422,16.428537368774414,0.12829254567623138,10.599515914916992,19.080677032470703,37,25,30,85,
2025-12-30 10:01:06.346000,8d,Toxicity,Original,,149.41986083984375,0.2516474425792694,37.03459167480469,2.3126139640808105,2.839876413345337,0.37368106842041016,11.153897285461426,2.9532599449157715,2.3723549842834473,0.1783110797405243,0.2279573678970337,0.2063407003879547,5.739429950714111,83.02947998046875,0.08055655658245087,5.091424465179443,5.3278703689575195,37,25,30,71.42857360839844,
2025-12-30 10:01:08.346000,8d,Toxicity,Original,,214.09295654296875,0.1548185795545578,32.14765167236328,0.8988637328147888,0.8645150661468506,0.42593657970428467,11.153897285461426,2.396580219268799,2.347659111022949,0.12238344550132751,0.163533017039299,0.17742708325386047,8.601118087768555,0,0.08950139582157135,11.712762832641602,18.749095916748047,37,25,30,66.66666412353516,
2025-12-30 10:01:08.346000,FinePointe Series WBP [SN 10499C]  Site 3 Bias Flow is out of range.,,,,,,,,,,,,,,,,,,,,,,,,,
2025-12-30 10:01:10.346000,8d,Toxicity,Original,,167.8525390625,0.32541659474372864,46.28575897216797,0.8452559113502502,1.2538726329803467,0.3614843487739563,11.153897285461426,3.1659774780273438,2.154057741165161,0.2047855108976364,0.2385936975479126,0.18765562772750854,11.616891860961914,58.698707580566406,0.10619381070137024,15.121146202087402,20.357433319091797,37,25,30,20,
2025-12-30 10:01:12.346000,8d,Toxicity,Original,,263.4574890136719,0.21112224459648132,55.621734619140625,0.5006678700447083,0.824569046497345,0.4668954312801361,11.153897285461426,2.7517426013946533,1.5370357036590576,0.12493399530649185,0.10280674695968628,0.13628266751766205,5.857364654541016,9.042008399963379,0.057684898376464844,13.503388404846191,15.408804893493652,37,25,30,75,
2025-12-30 10:01:12.346000,FinePointe Series WBP [SN 139781]  Site 4 Bias Flow is out of range.,,,,,,,,,,,,,,,,,,,,,,,,,
2025-12-30 10:01:12.346000,FinePointe Series WBP [SN 10499C]  Site 1 Bias Flow is out of range.,,,,,,,,,,,,,,,,,,,,,,,,,
2025-12-30 10:01:14.346000,8d,Toxicity,Original,,116.69877624511719,0.41115397214889526,47.98116683959961,0.6466478109359741,0.9184160828590393,0.29918357729911804,11.153897285461426,3.8594138622283936,2.5984513759613037,0.3069135844707489,0.20723062753677368,0.2122323215007782,14.782015800476074,0,0.11422640830278397,28.91657066345215,10.692264556884766,37,25,30,50,
2025-12-30 10:01:16.346000,8d,Toxicity,Original,,83.08678436279297,0.5147681832313538,42.77043151855469,1.1474690437316895,1.8197592496871948,0.13404522836208344,11.153897285461426,3.9357922077178955,1.8466432094573975,0.3043670654296875,0.4177694618701935,0.11555175483226776,5.740766525268555,120.1192398071289,0.1502782702445984,,27.47142219543457,37,25,30,83.33333587646484,
2025-12-30 10:01:18.346000,8d,Toxicity,Original,,192.36294555664062,0.2576080560684204,49.55424880981445,1.288631796836853,2.014899969100952,0.2007995843887329,11.153897285461426,3.4278652667999268,2.0482234954833984,0.1425873190164566,0.16932305693626404,0.17962545156478882,5.9921464920043945,68.20193481445312,0.0569784939289093,7.994444847106934,29.675477981567383,37,25,30,66.66666412353516,
2025-12-30 10:01:18.346000,FinePointe Series WBP [SN 10499C]  Site 3 Bias Flow is out of range.,,,,,,,,,,,,,,,,,,,,,,,,,
2025-12-30 10:01:20.346000,8d,Toxicity,Original,,173.17120361328125,0.194622203707695,33.702964782714844,1.346366047859192,1.0150281190872192,0.3061399757862091,11.153897285461426,1.9684879779815674,2.39391827583313,0.1700880080461502,0.1763899028301239,0.180602565407753,4.561924457550049,0,0.08887734264135361,7.037841796875,24.713834762573242,37,25,30,80,
2025-12-30 10:01:22.346000,8d,Toxicity,Original,,156.3873291015625,0.39443284273147583,61.684295654296875,0.16049925982952118,0.425824910402298,0.1429016888141632,11.153897285461426,5.093608856201172,1.8199071884155273,0.13174135982990265,0.2519214451313019,0.020552322268486023,7.749709606170654,159.41390991210938,0.17830204963684082,,,37,25,30,87.5,
2025-12-30 10:01:22.346000,FinePointe Series WBP [SN 139781]  Site 4 Bias Flow is out of range.,,,,,,,,,,,,,,,,,,,,,,,,,
2025-12-30 10:01:22.346000,FinePointe Series WBP [SN 10499C]  Site 1 Bias Flow is out of range.,,,,,,,,,,,,,,,,,,,,,,,,,
2025-12-30 10:01:24.346000,8d,Toxicity,Original,,150.40109252929688,0.23050881922245026,34.66877746582031,2.8212153911590576,2.568653106689453,0.1913967877626419,11.153897285461426,3.3547708988189697,3.420092821121216,0.12724636495113373,0.2716869115829468,0.267208456993103,5.291646957397461,152.90451049804688,0.07685217261314392,6.317586421966553,42.62434387207031,37,25,30,50,
2025-12-30 10:01:26.346000,8d,Toxicity,Original,,262.25067138671875,0.23517294228076935,61.67426300048828,0.7675080895423889,1.0405341386795044,0.3290833830833435,11.153897285461426,3.20981502532959,2.2818853855133057,0.1193939745426178,0.10939477384090424,0.19372189044952393,6.014863014221191,7.395631790161133,0.05471910536289215,12.154705047607422,26.84795570373535,37,25,30,85.71428680419922,
2025-12-30 10:01:28.346000,8d,Toxicity,Original,,141.388671875,0.26906341314315796,38.042518615722656,0.49131909012794495,0.8729637861251831,0.19922418892383575,11.153897285461426,2.1735689640045166,1.07179856300354,0.2537001371383667,0.17066200077533722,0.09038174897432327,6.684275150299072,0,0.0938156247138977,16.861177444458008,22.984207153320312,37,25,30,0,
2025-12-30 10:01:28.346000,FinePointe Series WBP [SN 10499C]  Site 3 Bias Flow is out of range.,,,,,,,,,,,,,,,,,,,,,,,,,
2025-12-30 10:01:30.346000,8d,Toxicity,Original,,125.71497344970703,0.2665201425552368,33.50557327270508,0.1777123361825943,0.26882603764533997,0.8177141547203064,11.153897285461426,3.119502544403076,2.0356228351593018,0.1397438645362854,0.33752626180648804,0.0952017679810524,7.404476642608643,6.446172714233398,0.26656970381736755,28.614465713500977,,37,25,30,66.66666412353516,
2025-12-30 10:01:32.346000,8d,Toxicity,Original,,73.24510955810547,0.8841560482978821,64.7601089477539,0.27248531579971313,0.4847264885902405,0.9072034955024719,11.153897285461426,6.011197566986084,3.0281894207000732,0.32093289494514465,0.49823442101478577,0.20641636848449707,46.713172912597656,0,0.3416145145893097,,,37,25,30,75,
2025-12-30 10:01:32.346000,FinePointe Series WBP [SN 139781]  Site 4 Bias Flow is out of range.,,,,,,,,,,,,,,,,,,,,,,,,,
2025-12-30 10:01:32.346000,FinePointe Series WBP [SN 10499C]  Site 1 Bias Flow is out of range.,,,,,,,,,,,,,,,,,,,,,,,,,
2025-12-30 10:01:36.346000,8d,Toxicity,Original,,197.70950317382812,0.1466805785894394,29.000144958496094,0.8658943176269531,0.6113712191581726,0.5013027787208557,11.153897285461426,1.6932072639465332,2.3252055644989014,0.15984979271888733,0.14362576603889465,0.15628454089164734,42.714012145996094,0,0.09046000987291336,23.171878814697266,13.254645347595215,37,25,30,75,
2025-12-30 10:01:36.346000,FinePointe Series WBP [SN 10499C]  Site 3 Bias Flow is out of range.,,,,,,,,,,,,,,,,,,,,,,,,,
2025-12-30 10:01:36.346000,FinePointe Series WBP [SN 139781]  Site 4 Bias Flow is out of range.,,,,,,,,,,,,,,,,,,,,,,,,,
2025-12-30 10:01:48.346000,8d,Toxicity,Original,,274.9939880371094,0.12576787173748016,34.30706024169922,0.9110462665557861,0.8835736513137817,0.5619882941246033,11.153897285461426,2.0727555751800537,2.140819787979126,0.09767879545688629,0.13650059700012207,0.1221485584974289,3.9315757751464844,0,0.07449255138635635,7.904286861419678,15.630596160888672,37,25,30,84.61538696289062,
2025-12-30 10:01:48.346000,FinePointe Series WBP [SN 10499C]  Site 3 Bias Flow is out of range.,,,,,,,,,,,,,,,,,,,,,,,,,
2025-12-30 10:01:48.346000,FinePointe Series WBP [SN 10499C]  Site 1 Bias Flow is out of range.,,,,,,,,,,,,,,,,,,,,,,,,,
2025-12-30 10:01:48.346000,FinePointe Series WBP [SN 139781]  Site 4 Bias Flow is out of range.,,,,,,,,,,,,,,,,,,,,,,,,,
2025-12-30 10:01:54.346000,8d,Toxicity,Original,,178.9029998779297,0.21367281675338745,37.60527801513672,0.30696427822113037,0.4086087942123413,0.7381154894828796,11.153897285461426,2.094513177871704,1.5675050020217896,0.14588290452957153,0.18984675407409668,0.1279037892818451,6.617411136627197,0,0.1382417529821396,15.811574935913086,8.31765365600586,37,25,30,83.33333587646484,
2025-12-30 10:01:56.346000,8d,Toxicity,Original,,80.71942138671875,0.6054414510726929,48.96900177001953,0.5606324076652527,0.7046154737472534,0.5735677480697632,11.153897285461426,3.5557305812835693,2.859919548034668,0.33638447523117065,0.40697216987609863,0.17721158266067505,14.74287223815918,12.121492385864258,0.2534792125225067,6.394137859344482,37.46166229248047,37,25,30,0,
2025-12-30 10:01:58.346000,8d,Toxicity,Original,,140.5499725341797,0.22791549563407898,31.95970916748047,5.963909149169922,5.99226188659668,0.21946947276592255,11.153897285461426,3.793354034423828,2.8688457012176514,0.11690478026866913,0.3806391954421997,0.24248568713665009,7.0399603843688965,217.73553466796875,0.06700021028518677,6.106902122497559,26.400821685791016,37,25,30,50,
2025-12-30 10:01:58.346000,FinePointe Series WBP [SN 10499C]  Site 3 Bias Flow is out of range.,,,,,,,,,,,,,,,,,,,,,,,,,
2025-12-30 10:01:58.346000,FinePointe Series WBP [SN 10499C]  Site 1 Bias Flow is out of range.,,,,,,,,,,,,,,,,,,,,,,,,,
2025-12-30 10:01:58.346000,FinePointe Series WBP [SN 139781]  Site 4 Bias Flow is out of range.,,,,,,,,,,,,,,,,,,,,,,,,,
2025-12-30 10:02:04.346000,8d,Toxicity,Original,,291.90972900390625,0.1930142194032669,54.78487777709961,1.4462125301361084,1.6283180713653564,0.44381967186927795,11.153897285461426,3.056692600250244,2.3878023624420166,0.10812924802303314,0.09811136871576309,0.09956780821084976,3.639103412628174,38.87862777709961,0.04332111403346062,1.6492958068847656,22.177019119262695,37,25,30,84.61538696289062,
2025-12-30 10:02:06.346000,8d,Toxicity,Original,,237.7915496826172,0.20216183364391327,48.0723762512207,0.19871099293231964,0.13583260774612427,0.8982997536659241,11.153897285461426,3.173187494277954,4.567042827606201,0.13877397775650024,0.11354784667491913,0.09826488047838211,30.55742835998535,0,0.10047979652881622,,,37,25,30,88.88888549804688,
2025-12-30 10:02:06.346000,FinePointe Series WBP [SN 10499C]  Site 3 Bias Flow is out of range.,,,,,,,,,,,,,,,,,,,,,,,,,
2025-12-30 10:02:06.346000,FinePointe Series WBP [SN 10499C]  Site 1 Bias Flow is out of range.,,,,,,,,,,,,,,,,,,,,,,,,,
2025-12-30 10:02:12.346000,8d,Toxicity,Original,,248.82667541503906,0.20035555958747864,49.05189514160156,0.402754545211792,0.5609304904937744,0.7048444747924805,11.153897285461426,2.983159065246582,2.16591215133667,0.12682345509529114,0.123170405626297,0.15199944376945496,16.37289810180664,0,0.08114834129810333,17.183013916015625,14.652267456054688,37,25,30,85.71428680419922,
2025-12-30 10:02:12.346000,FinePointe Series WBP [SN 139781]  Site 4 Bias Flow is out of range.,,,,,,,,,,,,,,,,,,,,,,,,,
2025-12-30 10:02:14.346000,8d,Toxicity,Original,,55.49530029296875,0.7183715105056763,39.866241455078125,0.3343891501426697,0.35483232140541077,0.8212128281593323,11.153897285461426,5.632008075714111,4.468960762023926,0.6233131885528564,0.4578593969345093,0.2622574269771576,6.684328556060791,0,0.3400634229183197,,1.062941312789917,37,25,30,85.71428680419922,
2025-12-30 10:02:16.346000,8d,Toxicity,Original,,223.35928344726562,0.20661544799804688,46.149478912353516,1.3523128032684326,1.0379170179367065,0.4617157578468323,11.153897285461426,3.315703868865967,4.253441333770752,0.1516704261302948,0.11695507168769836,0.3798365890979767,16.25380516052246,23.9517822265625,0.05957362428307533,19.465299606323242,17.4284725189209,37,25,30,87.5,
2025-12-30 10:02:18.346000,8d,Toxicity,Original,,233.50987243652344,0.2759310305118561,64.43262481689453,1.096549153327942,1.057937502861023,0.49029287695884705,11.153897285461426,3.8316307067871094,3.8581626415252686,0.11825583875179291,0.13869261741638184,0.29218778014183044,2.885960102081299,41.7762451171875,0.0678626149892807,0.5253884196281433,18.342430114746094,37,25,30,66.66666412353516,
2025-12-30 10:02:18.346000,FinePointe Series WBP [SN 10499C]  Site 3 Bias Flow is out of range.,,,,,,,,,,,,,,,,,,,,,,,,,
2025-12-30 10:02:18.346000,FinePointe Series WBP [SN 139781]  Site 4 Bias Flow is out of range.,,,,,,,,,,,,,,,,,,,,,,,,,
2025-12-30 10:02:24.346000,8d,Toxicity,Original,,188.85948181152344,0.2233542501926422,42.18256759643555,2.0673537254333496,1.8699281215667725,0.33271709084510803,11.153897285461426,4.53459358215332,4.730628967285156,0.0952853411436081,0.2224111706018448,0.41787323355674744,3.274773359298706,127.28968811035156,0.07789774239063263,15.088401794433594,34.83061218261719,37,25,30,95.83333587646484,
2025-12-30 10:02:26.346000,8d,Toxicity,Original,,157.66580200195312,0.24690008163452148,36.52392578125,2.6436421871185303,2.5588207244873047,0.195610910654068,11.153897285461426,3.3659234046936035,2.830378532409668,0.1457863450050354,0.24220775067806244,0.23074129223823547,3.631183624267578,97.23224639892578,0.06889049708843231,5.748801231384277,23.538742065429688,37,25,30,77.77777862548828,
2025-12-30 10:02:28.346000,8d,Toxicity,Original,,174.90025329589844,0.22955559194087982,40.149330139160156,1.0506268739700317,1.2265331745147705,0.32224389910697937,11.153897285461426,2.1350107192993164,1.7164503335952759,0.19409719109535217,0.14895549416542053,0.15300869941711426,3.566923141479492,0,0.06797599047422409,7.127391338348389,22.736827850341797,37,25,30,80,
2025-12-30 10:02:28.346000,FinePointe Series WBP [SN 10499C]  Site 3 Bias Flow is out of range.,,,,,,,,,,,,,,,,,,,,,,,,,
2025-12-30 10:02:32.346000,8d,Toxicity,Original,,26.511802673339844,2.849879264831543,75.55543518066406,0.33627262711524963,0.6649776101112366,0.7813218235969543,11.153897285461426,8.629150390625,3.2603209018707275,0.8885493874549866,1.3745936155319214,-0.1713981330394745,307.91900634765625,155.60125732421875,0.841205358505249,5.352968692779541,1.573939323425293,37,25,30,87.5,
2025-12-30 10:02:32.346000,FinePointe Series WBP [SN 139781]  Site 4 Bias Flow is out of range.,,,,,,,,,,,,,,,,,,,,,,,,,
2025-12-30 10:02:34.346000,8d,Toxicity,Original,,165.78469848632812,0.21708014607429504,35.82811737060547,1.1946282386779785,1.370385766029358,0.2966439723968506,11.153897285461426,2.269865036010742,1.9199929237365723,0.17268821597099304,0.18999695777893066,0.15044912695884705,5.978173732757568,0,0.0826834961771965,10.677337646484375,25.847476959228516,37,25,30,50,
2025-12-30 10:02:38.346000,8d,Toxicity,Original,,259.3448486328125,0.15691973268985748,40.69632339477539,0.7419588565826416,0.6705780029296875,0.25299206376075745,11.153897285461426,2.724916458129883,2.7866017818450928,0.12067678570747375,0.11067540943622589,0.18714548647403717,2.9073104858398438,0,0.06691043078899384,,5.464832782745361,37,25,30,95.45454406738281,
2025-12-30 10:02:38.346000,FinePointe Series WBP [SN 10499C]  Site 3 Bias Flow is out of range.,,,,,,,,,,,,,,,,,,,,,,,,,
2025-12-30 10:02:38.346000,FinePointe Series WBP [SN 139781]  Site 4 Bias Flow is out of range.,,,,,,,,,,,,,,,,,,,,,,,,,
2025-12-30 10:02:46.346000,8d,Toxicity,Original,,64.77732849121094,1.3397022485733032,86.78233337402344,1.5484269857406616,1.2863596677780151,0.3930172622203827,11.153897285461426,6.966209411621094,6.498465061187744,0.39192232489585876,0.5343276858329773,0.5248722434043884,29.234636306762695,0,0.2410009652376175,9.005194664001465,28.442296981811523,37,25,30,91.66666412353516,
2025-12-30 10:02:48.346000,8d,Toxicity,Original,,57.56255340576172,1.7366009950637817,99.96318817138672,1.3178292512893677,1.9268401861190796,0.28152894973754883,11.153897285461426,6.943053245544434,3.793320894241333,0.39587441086769104,0.6464698910713196,0.27241823077201843,19.05153465270996,224.6268310546875,0.22966085374355316,10.638294219970703,41.380374908447266,37,25,30,0,
2025-12-30 10:02:48.346000,FinePointe Series WBP [SN 10499C]  Site 3 Bias Flow is out of range.,,,,,,,,,,,,,,,,,,,,,,,,,
2025-12-30 10:02:52.346000,8d,Toxicity,Original,,219.28382873535156,0.15893766283988953,34.85246276855469,0.964245080947876,1.0473390817642212,0.23836947977542877,11.153897285461426,1.55504310131073,1.3993810415267944,0.1813242882490158,0.09229369461536407,0.11454739421606064,3.133162260055542,0,0.04560269042849541,6.496194362640381,14.217877388000488,37,25,30,85.71428680419922,
2025-12-30 10:02:52.346000,FinePointe Series WBP [SN 139781]  Site 4 Bias Flow is out of range.,,,,,,,,,,,,,,,,,,,,,,,,,
2025-12-30 10:02:54.346000,8d,Toxicity,Original,,200.38912963867188,0.24340388178825378,48.977264404296875,0.5401196479797363,0.7981171011924744,0.5523200035095215,11.153897285461426,3.0430617332458496,2.0123932361602783,0.1380150318145752,0.16448429226875305,0.16170038282871246,9.619558334350586,0,0.09565311670303345,14.332695007324219,14.34276008605957,37,25,30,81.81818389892578,
2025-12-30 10:02:56.346000,8d,Toxicity,Original,,161.59967041015625,0.24860432744026184,41.024932861328125,0.2373916208744049,0.38089361786842346,0.7360784411430359,11.153897285461426,3.0239458084106445,1.878368854522705,0.13056179881095886,0.2551864683628082,0.12354396283626556,11.697543144226074,0,0.1873612403869629,17.53291893005371,4.5662760734558105,37,25,30,33.33333206176758,
2025-12-30 10:02:58.346000,8d,Toxicity,Original,,160.20774841308594,0.3035295605659485,48.62778854370117,0.28755640983581543,0.44888198375701904,0.8527957201004028,11.153897285461426,3.2085392475128174,2.11358904838562,0.1446814239025116,0.22983229160308838,0.14406660199165344,8.700179100036621,0,0.1604783982038498,15.409812927246094,6.682091236114502,37,25,30,50,
2025-12-30 10:02:58.346000,FinePointe Series WBP [SN 10499C]  Site 3 Bias Flow is out of range.,,,,,,,,,,,,,,,,,,,,,,,,,
2025-12-30 10:02:58.346000,FinePointe Series WBP [SN 139781]  Site 4 Bias Flow is out of range.,,,,,,,,,,,,,,,,,,,,,,,,,
2025-12-30 10:03:04.346000,8d,Toxicity,Original,,261.2006530761719,0.18123550713062286,44.85553741455078,1.1677908897399902,0.9618790745735168,0.4084166884422302,11.153897285461426,2.0813708305358887,2.2247657775878906,0.13534508645534515,0.10286255925893784,0.19375130534172058,4.846923828125,1.8036655187606812,0.053899817168712616,11.272941589355469,19.04855728149414,37,25,30,70.5882339477539,
2025-12-30 10:03:04.346000,FinePointe Series WBP [SN 10499C]  Site 3 Bias Flow is out of range.,,,,,,,,,,,,,,,,,,,,,,,,,
2025-12-30 10:03:12.346000,8d,Toxicity,Original,,155.05120849609375,0.24182042479515076,37.49454879760742,1.5190500020980835,1.3398370742797852,0.40221208333969116,11.153897285461426,2.9668262004852295,3.1996302604675293,0.14828890562057495,0.23868004977703094,0.28678661584854126,14.384417533874512,42.94426727294922,0.10541427135467529,12.649344444274902,27.600818634033203,37,25,30,93.75,
2025-12-30 10:03:12.346000,FinePointe Series WBP [SN 139781]  Site 4 Bias Flow is out of range.,,,,,,,,,,,,,,,,,,,,,,,,,
2025-12-30 10:03:14.346000,8d,Toxicity,Original,,170.53392028808594,0.22457255423069,38.548763275146484,0.9173437356948853,1.0377726554870605,0.4341479539871216,11.153897285461426,2.384716033935547,1.6881721019744873,0.17662978172302246,0.17979009449481964,0.11564862728118896,12.47640323638916,10.676945686340332,0.09114367514848709,9.000215530395508,17.14836311340332,37,25,30,50,
2025-12-30 10:03:14.346000,FinePointe Series WBP [SN 10499C]  Site 3 Bias Flow is out of range.,,,,,,,,,,,,,,,,,,,,,,,,,
2025-12-30 10:03:20.346000,8d,Toxicity,Original,,305.2720642089844,0.1465565413236618,44.658416748046875,0.7385832667350769,0.733963131904602,0.639441192150116,11.153897285461426,2.4193458557128906,2.3623578548431396,0.10063327848911285,0.09595346450805664,0.20123307406902313,4.290344715118408,0,0.05632060766220093,11.720438003540039,14.484283447265625,37,25,30,84.61538696289062,
2025-12-30 10:03:20.346000,FinePointe Series WBP [SN 139781]  Site 4 Bias Flow is out of range.,,,,,,,,,,,,,,,,,,,,,,,,,
2025-12-30 10:03:24.346000,8d,Toxicity,Original,,68.6318359375,0.9647408723831177,66.21192932128906,1.7042618989944458,1.4372097253799438,0.4872700572013855,11.153897285461426,2.9476873874664307,3.1790506839752197,0.48019787669181824,0.3940320312976837,0.18923872709274292,5.103816986083984,120.2146224975586,0.1656695008277893,5.898837566375732,18.320253372192383,37,25,30,90.90908813476562,
2025-12-30 10:03:24.346000,FinePointe Series WBP [SN 10499C]  Site 3 Bias Flow is out of range.,,,,,,,,,,,,,,,,,,,,,,,,,
2025-12-30 10:03:32.346000,8d,Toxicity,Original,,199.5090789794922,0.16832716763019562,32.323604583740234,0.7863516211509705,0.7146401405334473,0.5478268265724182,11.153897285461426,2.889385938644409,2.468320846557617,0.14604873955249786,0.1727755069732666,0.12937664985656738,12.244625091552734,35.335777282714844,0.10552463680505753,28.677183151245117,20.161327362060547,37,25,30,84,
2025-12-30 10:03:32.346000,FinePointe Series WBP [SN 139781]  Site 4 Bias Flow is out of range.,,,,,,,,,,,,,,,,,,,,,,,,,
2025-12-30 10:03:32.346000,FinePointe Series WBP [SN 10499C]  Site 4 Bias Flow is out of range.,,,,,,,,,,,,,,,,,,,,,,,,,
2025-12-30 10:03:38.346000,8d,Toxicity,Original,,403.6725769042969,0.3203185796737671,129.3038330078125,0.21331214904785156,0.5615875720977783,0.672522246837616,11.153897285461426,9.933799743652344,3.975451946258545,0.06536669284105301,0.08326862007379532,0.27551814913749695,14.3350830078125,0,0.05410974472761154,16.243183135986328,10.554422378540039,37,25,30,92.85713958740234,
2025-12-30 10:03:38.346000,FinePointe Series WBP [SN 10499C]  Site 3 Bias Flow is out of range.,,,,,,,,,,,,,,,,,,,,,,,,,
2025-12-30 10:03:42.346000,8d,Toxicity,Original,,86.82601928710938,0.22022700309753418,19.12143325805664,2.0013298988342285,2.0091657638549805,0.5960609912872314,11.153897285461426,3.586418628692627,4.492971420288086,0.1374025046825409,0.5536346435546875,0.12966172397136688,13.533729553222656,162.13186645507812,0.18557585775852203,13.125343322753906,,37,25,30,94.11764526367188,
2025-12-30 10:03:42.346000,FinePointe Series WBP [SN 139781]  Site 4 Bias Flow is out of range.,,,,,,,,,,,,,,,,,,,,,,,,,
2025-12-30 10:03:44.346000,8d,Toxicity,Original,,87.12610626220703,0.7894081473350525,68.77806091308594,1.013839840888977,1.0685967206954956,0.45624059438705444,11.153897285461426,5.570150375366211,5.46494722366333,0.280977338552475,0.40767964720726013,0.44368189573287964,11.958420753479004,185.6344451904297,0.20396317541599274,2.193389654159546,22.161964416503906,37,25,30,0,
2025-12-30 10:03:44.346000,FinePointe Series WBP [SN 10499C]  Site 4 Bias Flow is out of range.,,,,,,,,,,,,,,,,,,,,,,,,,
2025-12-30 10:03:46.346000,8d,Toxicity,Original,,232.54014587402344,0.1290869563817978,30.017900466918945,0.5611124038696289,1.4639029502868652,0.3983633518218994,11.153897285461426,2.7350776195526123,1.0658320188522339,0.08230098336935043,0.1757189780473709,0.0834541767835617,7.997593402862549,89.4531021118164,0.07171250879764557,7.372583389282227,,37,25,30,88.88888549804688,
2025-12-30 10:03:52.346000,8d,Toxicity,Original,,423.1675720214844,0.2683921158313751,112.79168701171875,1.2564092874526978,1.3760125637054443,0.3370993137359619,11.153897285461426,6.185342311859131,5.034034729003906,0.07461876422166824,0.07077541947364807,0.43390220403671265,3.8030707836151123,15.39579963684082,0.030526746064424515,15.773324012756348,23.168716430664062,37,25,30,76.19047546386719,
2025-12-30 10:03:52.346000,FinePointe Series WBP [SN 139781]  Site 4 Bias Flow is out of range.,,,,,,,,,,,,,,,,,,,,,,,,,
2025-12-30 10:03:52.346000,FinePointe Series WBP [SN 10499C]  Site 3 Bias Flow is out of range.,,,,,,,,,,,,,,,,,,,,,,,,,
2025-12-30 10:03:52.346000,FinePointe Series WBP [SN 10499C]  Site 4 Bias Flow is out of range.,,,,,,,,,,,,,,,,,,,,,,,,,
2025-12-30 10:03:56.346000,8d,Toxicity,Original,,213.4082489013672,0.2087429314851761,43.129695892333984,2.519890069961548,2.032989025115967,0.40740448236465454,11.153897285461426,3.9820640087127686,4.2331109046936035,0.11400230973958969,0.20823536813259125,0.28674009442329407,23.74751091003418,86.31966400146484,0.07227937132120132,17.941226959228516,12.031867980957031,37,25,30,80,
2025-12-30 10:04:00.346000,8d,Toxicity,Original,,130.92539978027344,0.2743756175041199,35.92273712158203,2.7902255058288574,2.3673603534698486,0.22804544866085052,11.153897285461426,2.3214621543884277,2.6494243144989014,0.16886024177074432,0.28941598534584045,0.21432249248027802,5.034295082092285,127.42540740966797,0.08669012784957886,5.164299488067627,35.95314025878906,37,25,30,94.11764526367188,
2025-12-30 10:04:02.346000,8d,Toxicity,Original,,145.59869384765625,0.26647984981536865,38.79911804199219,0.47454017400741577,1.0248602628707886,0.679457426071167,11.153897285461426,3.333772897720337,1.442682147026062,0.12656967341899872,0.2855219542980194,0.023297425359487534,4.578335285186768,79.86925506591797,0.14116527140140533,5.358726978302002,15.313044548034668,37,25,30,0,
2025-12-30 10:04:02.346000,FinePointe Series WBP [SN 139781]  Site 4 Bias Flow is out of range.,,,,,,,,,,,,,,,,,,,,,,,,,
2025-12-30 10:04:02.346000,FinePointe Series WBP [SN 10499C]  Site 3 Bias Flow is out of range.,,,,,,,,,,,,,,,,,,,,,,,,,
2025-12-30 10:04:06.346000,8d,Toxicity,Original,,250.66192626953125,0.21123774349689484,49.35649108886719,0.6544890999794006,0.785529375076294,0.5202818512916565,11.153897285461426,5.212090969085693,4.289254665374756,0.12436840683221817,0.1274486780166626,0.3452107906341553,4.527711391448975,0,0.07674877345561981,6.989388942718506,7.543316841125488,37,25,30,88.88888549804688,
2025-12-30 10:04:08.346000,8d,Toxicity,Original,,464.46197509765625,0.42156490683555603,195.80087280273438,0.6452327966690063,0.6810194849967957,0.5463907718658447,11.153897285461426,9.265658378601074,9.042115211486816,0.07427597045898438,0.05490575730800629,0.7974729537963867,3.940429210662842,0,0.03311570733785629,18.11642074584961,13.287759780883789,37,25,30,87.5,
2025-12-30 10:04:08.346000,FinePointe Series WBP [SN 139781]  Site 4 Bias Flow is out of range.,,,,,,,,,,,,,,,,,,,,,,,,,
2025-12-30 10:04:08.346000,FinePointe Series WBP [SN 10499C]  Site 3 Bias Flow is out of range.,,,,,,,,,,,,,,,,,,,,,,,,,
2025-12-30 10:04:14.346000,8d,Toxicity,Original,,391.017578125,0.6215752363204956,248.45272827148438,0.44244083762168884,0.6107558012008667,0.6675863265991211,11.153897285461426,13.616853713989258,9.064507484436035,0.09276939928531647,0.0754590705037117,0.6992025375366211,2.982407808303833,0,0.04782712832093239,8.967947006225586,7.77907657623291,37,25,30,87.5,
2025-12-30 10:04:18.346000,8d,Toxicity,Original,,317.41845703125,0.1258559376001358,39.948997497558594,1.1894676685333252,0.792695164680481,0.4059371054172516,11.153897285461426,2.2572333812713623,3.122223377227783,0.10526811331510544,0.08375681936740875,0.2737518548965454,4.854953765869141,0,0.04758257046341896,7.728699207305908,13.183688163757324,37,25,30,83.33333587646484,
2025-12-30 10:04:22.346000,8d,Toxicity,Original,,172.550537109375,0.26083049178123474,45.006439208984375,0.23904912173748016,0.5960118770599365,0.40804192423820496,11.153897285461426,4.612630844116211,1.709739089012146,0.12715864181518555,0.2205655723810196,0.10335037112236023,3.142876625061035,34.44047927856445,0.1387922614812851,10.240628242492676,11.097051620483398,37,25,30,94.44444274902344,
2025-12-30 10:04:22.346000,FinePointe Series WBP [SN 139781]  Site 4 Bias Flow is out of range.,,,,,,,,,,,,,,,,,,,,,,,,,
2025-12-30 10:04:24.346000,8d,Toxicity,Original,,212.92681884765625,0.23408356308937073,49.844478607177734,1.0479446649551392,1.0184005498886108,0.5777637362480164,11.153897285461426,2.881263017654419,2.9763102531433105,0.15135683119297028,0.13087020814418793,0.23983708024024963,18.759674072265625,7.744537830352783,0.07512571662664413,14.43375301361084,29.498884201049805,37,25,30,66.66666412353516,
2025-12-30 10:04:24.346000,FinePointe Series WBP [SN 10499C]  Site 3 Bias Flow is out of range.,,,,,,,,,,,,,,,,,,,,,,,,,
2025-12-30 10:04:26.346000,8d,Toxicity,Original,,199.74508666992188,0.14435799419879913,28.834800720214844,0.9070166349411011,0.38900622725486755,0.9335427284240723,11.153897285461426,1.7650058269500732,4.500935077667236,0.12256559729576111,0.17781725525856018,0.1411924660205841,10.717082023620605,0,0.12987852096557617,14.967521667480469,,37,25,30,66.66666412353516,
2025-12-30 10:04:30.346000,8d,Toxicity,Original,,200.44651794433594,0.2950804829597473,57.017921447753906,0.7777854204177856,1.0782990455627441,0.6899305582046509,11.153897285461426,4.0277605056762695,2.854635715484619,0.16421706974506378,0.1463356912136078,0.22442804276943207,6.877902984619141,0,0.07153791189193726,6.756904602050781,10.65438461303711,37,25,30,80,
2025-12-30 10:04:32.346000,8d,Toxicity,Original,,210.91278076171875,0.2883547842502594,60.81771469116211,1.0583878755569458,0.9163064360618591,0.2501191794872284,11.153897285461426,3.289693832397461,3.637826919555664,0.18052732944488525,0.10395044088363647,0.2574317455291748,4.489229202270508,0,0.05564083158969879,17.302440643310547,2.3217737674713135,37,25,30,90,
2025-12-30 10:04:34.346000,8d,Toxicity,Original,,127.3354263305664,0.30251139402389526,38.52042007446289,0.8817410469055176,1.0184922218322754,0.2596137821674347,11.153897285461426,3.430708408355713,2.7000091075897217,0.20926889777183533,0.2619275450706482,0.20316624641418457,4.9927167892456055,163.73390197753906,0.13068023324012756,,14.714981079101562,37,25,30,0,
2025-12-30 10:04:34.346000,FinePointe Series WBP [SN 139781]  Site 4 Bias Flow is out of range.,,,,,,,,,,,,,,,,,,,,,,,,,
2025-12-30 10:04:34.346000,FinePointe Series WBP [SN 10499C]  Site 3 Bias Flow is out of range.,,,,,,,,,,,,,,,,,,,,,,,,,
2025-12-30 10:04:36.346000,8d,Toxicity,Original,,123.39105987548828,0.7077323198318481,87.32783508300781,0.41880396008491516,0.2490268498659134,0.9189112186431885,11.153897285461426,5.117018222808838,7.497874736785889,0.26861000061035156,0.21764887869358063,0.6229698657989502,6.474640369415283,0,0.1776687204837799,,,37,25,30,90,
2025-12-30 10:04:40.346000,8d,Toxicity,Original,,232.7945556640625,0.40482303500175476,94.2406005859375,2.9823286533355713,1.894061803817749,0.3920219838619232,11.153897285461426,5.005391597747803,8.643468856811523,0.11488884687423706,0.1428491324186325,0.5705159902572632,6.264963150024414,64.34276580810547,0.05004121735692024,11.35888671875,,37,25,30,94.11764526367188,
2025-12-30 10:04:42.346000,8d,Toxicity,Original,,287.15631103515625,0.10072506964206696,28.897621154785156,1.1781518459320068,1.3260455131530762,0.4278320372104645,11.153897285461426,2.630220890045166,1.828153133392334,0.07242319732904434,0.14767619967460632,0.11400537192821503,8.062542915344238,46.66185760498047,0.07483141869306564,16.719741821289062,18.414756774902344,37,25,30,60,
2025-12-30 10:04:42.346000,FinePointe Series WBP [SN 139781]  Site 4 Bias Flow is out of range.,,,,,,,,,,,,,,,,,,,,,,,,,
2025-12-30 10:04:44.346000,8d,Toxicity,Original,,247.65638732910156,0.27594947814941406,68.34064483642578,0.3056964874267578,0.4823189377784729,0.6896121501922607,11.153897285461426,4.39138650894165,2.9253268241882324,0.12626393139362335,0.1160072311758995,0.22608572244644165,5.011719703674316,0,0.07913346588611603,15.128274917602539,1.7212659120559692,37,25,30,85.71428680419922,
2025-12-30 10:04:44.346000,FinePointe Series WBP [SN 10499C]  Site 3 Bias Flow is out of range.,,,,,,,,,,,,,,,,,,,,,,,,,
2025-12-30 10:04:48.346000,8d,Toxicity,Original,,211.10765075683594,0.19428956508636475,40.138084411621094,1.5406417846679688,1.7719963788986206,0.33413368463516235,11.153897285461426,3.8634731769561768,3.202876567840576,0.11080506443977356,0.19547370076179504,0.2859739363193512,4.808073043823242,72.94053649902344,0.06837988644838333,14.746039390563965,32.088260650634766,37,25,30,86.66666412353516,
2025-12-30 10:04:48.346000,FinePointe Series WBP [SN 10499C]  Site 4 Bias Flow is out of range.,,,,,,,,,,,,,,,,,,,,,,,,,
2025-12-30 10:04:50.346000,8d,Toxicity,Original,,124.11000061035156,0.4049851894378662,50.26271438598633,1.7078702449798584,2.007219076156616,0.11312743276357651,11.153897285461426,3.888889789581299,3.0800395011901855,0.18289607763290405,0.3005460202693939,0.17829559743404388,5.179311752319336,119.571533203125,0.10078462958335876,5.40880012512207,33.11567306518555,37,25,30,50,
2025-12-30 10:04:52.346000,8d,Toxicity,Original,,220.86158752441406,0.2348019927740097,51.85873794555664,0.8841716647148132,0.7674226760864258,0.5750463008880615,11.153897285461426,3.1424834728240967,3.9788737297058105,0.11167624592781067,0.15998712182044983,0.2911732494831085,6.2811598777771,0,0.09177198261022568,14.985536575317383,3.7349088191986084,37,25,30,83.33333587646484,
2025-12-30 10:04:52.346000,FinePointe Series WBP [SN 139781]  Site 4 Bias Flow is out of range.,,,,,,,,,,,,,,,,,,,,,,,,,
2025-12-30 10:04:52.346000,FinePointe Series WBP [SN 10499C]  Site 3 Bias Flow is out of range.,,,,,,,,,,,,,,,,,,,,,,,,,
2025-12-30 10:04:58.346000,8d,Toxicity,Original,,228.06813049316406,0.20083661377429962,45.8044319152832,0.7954933643341064,1.2352467775344849,0.32098260521888733,11.153897285461426,2.5504953861236572,1.5329772233963013,0.13846193253993988,0.12461734563112259,0.13585525751113892,6.020506858825684,22.704795837402344,0.056950196623802185,11.485608100891113,24.025482177734375,37,25,30,94.44444274902344,
2025-12-30 10:05:00.346000,8d,Toxicity,Original,,171.3118896484375,0.2124357968568802,36.39277648925781,0.6577350497245789,0.6931580305099487,0.48828354477882385,11.153897285461426,1.618010401725769,1.4024804830551147,0.2232629805803299,0.1269754022359848,0.12337090075016022,5.417788028717041,0,0.07688979059457779,9.738059997558594,20.518383026123047,37,25,30,83.33333587646484,
2025-12-30 10:05:02.346000,8d,Toxicity,Original,,159.47723388671875,0.18746471405029297,29.89635467529297,1.2007923126220703,1.902020812034607,0.17798620462417603,11.153897285461426,2.7522807121276855,1.5222089290618896,0.11778224259614944,0.25844699144363403,0.12366126477718353,4.833785533905029,34.52957534790039,0.0899055153131485,4.718667030334473,33.3297004699707,37,25,30,50,
2025-12-30 10:05:02.346000,FinePointe Series WBP [SN 139781]  Site 4 Bias Flow is out of range.,,,,,,,,,,,,,,,,,,,,,,,,,
2025-12-30 10:05:04.346000,8d,Toxicity,Original,,79.11158752441406,0.5180520415306091,40.98392105102539,0.8718538880348206,0.8494744300842285,0.5170379877090454,11.153897285461426,5.884200096130371,6.251532077789307,0.17819420993328094,0.5802281498908997,0.09380140155553818,33.11266326904297,240.0821075439453,0.3150094151496887,,,37,25,30,80,
2025-12-30 10:05:04.346000,FinePointe Series WBP [SN 10499C]  Site 3 Bias Flow is out of range.,,,,,,,,,,,,,,,,,,,,,,,,,
2025-12-30 10:05:04.346000,FinePointe Series WBP [SN 10499C]  Site 2 Bias Flow is out of range.,,,,,,,,,,,,,,,,,,,,,,,,,
2025-12-30 10:05:04.346000,FinePointe Series WBP [SN 139781]  Site 4 Bias Flow is out of range.,,,,,,,,,,,,,,,,,,,,,,,,,
2025-12-30 10:05:14.346000,8d,Toxicity,Original,,80.51866912841797,1.7329925298690796,139.53823852539062,0.4019143283367157,0.6476981043815613,0.5689799785614014,11.153897285461426,7.025564670562744,4.505370616912842,0.4463885426521301,0.29878026247024536,0.298938512802124,20.18320083618164,10.3338041305542,0.1954127848148346,20.109655380249023,34.709442138671875,37,25,30,95.65217590332031,
2025-12-30 10:05:14.346000,FinePointe Series WBP [SN 10499C]  Site 3 Bias Flow is out of range.,,,,,,,,,,,,,,,,,,,,,,,,,
2025-12-30 10:05:14.346000,FinePointe Series WBP [SN 10499C]  Site 2 Bias Flow is out of range.,,,,,,,,,,,,,,,,,,,,,,,,,
2025-12-30 10:05:22.346000,8d,Toxicity,Original,,311.4242858886719,0.11928467452526093,37.14814758300781,1.2271928787231445,1.2208412885665894,0.3447759449481964,11.153897285461426,1.8923017978668213,1.8390334844589233,0.09984929859638214,0.0928139016032219,0.15414302051067352,3.7381155490875244,13.640585899353027,0.042315058410167694,11.615863800048828,24.095272064208984,37,25,30,92.30769348144531,
2025-12-30 10:05:22.346000,FinePointe Series WBP [SN 139781]  Site 4 Bias Flow is out of range.,,,,,,,,,,,,,,,,,,,,,,,,,
2025-12-30 10:05:22.346000,FinePointe Series WBP [SN 10499C]  Site 3 Bias Flow is out of range.,,,,,,,,,,,,,,,,,,,,,,,,,
2025-12-30 10:05:22.346000,FinePointe Series WBP [SN 10499C]  Site 2 Bias Flow is out of range.,,,,,,,,,,,,,,,,,,,,,,,,,
2025-12-30 10:05:32.346000,8d,Toxicity,Original,,62.554771423339844,2.0019450187683105,113.72149658203125,0.7873917818069458,0.9772077798843384,0.4221898317337036,11.153897285461426,5.769687652587891,4.82286262512207,0.49742916226387024,0.49344784021377563,0.4157036542892456,14.127851486206055,0,0.25916892290115356,15.39181900024414,24.756153106689453,37,25,30,90,
2025-12-30 10:05:32.346000,FinePointe Series WBP [SN 139781]  Site 4 Bias Flow is out of range.,,,,,,,,,,,,,,,,,,,,,,,,,
2025-12-30 10:05:36.346000,8d,Toxicity,Original,,50.22869110107422,0.7638999223709106,38.369693756103516,3.186173915863037,3.505321502685547,0.3502627909183502,11.153897285461426,7.265430927276611,5.459897518157959,0.28664669394493103,0.907889723777771,0.48520806431770325,60.61292266845703,422.6010437011719,0.20690865814685822,10.909544944763184,13.809374809265137,37,25,30,85.71428680419922,
2025-12-30 10:05:38.346000,8d,Toxicity,Original,,196.22837829589844,0.1860196888446808,36.62212371826172,0.7475160956382751,0.7106627821922302,0.5641056299209595,11.153897285461426,2.069108486175537,1.9295789003372192,0.16014733910560608,0.16072618961334229,0.1528903692960739,14.766732215881348,10.376391410827637,0.09991836547851562,14.403883934020996,16.062467575073242,37,25,30,57.14285659790039,
2025-12-30 10:05:38.346000,FinePointe Series WBP [SN 10499C]  Site 3 Bias Flow is out of range.,,,,,,,,,,,,,,,,,,,,,,,,,
2025-12-30 10:05:42.346000,8d,Toxicity,Original,,58.24006271362305,0.8936390280723572,52.04559326171875,0.3891620635986328,0.7658390402793884,0.6035577654838562,11.153897285461426,6.347784996032715,3.3004820346832275,0.37079551815986633,0.6594231724739075,0.08369817584753036,271.3079528808594,70.4906997680664,0.37971335649490356,,42.290287017822266,37,25,30,80,
2025-12-30 10:05:42.346000,FinePointe Series WBP [SN 10499C]  Site 2 Bias Flow is out of range.,,,,,,,,,,,,,,,,,,,,,,,,,
2025-12-30 10:05:42.346000,FinePointe Series WBP [SN 139781]  Site 4 Bias Flow is out of range.,,,,,,,,,,,,,,,,,,,,,,,,,
2025-12-30 10:05:44.346000,8d,Toxicity,Original,,148.17184448242188,0.38209420442581177,56.615604400634766,0.43245771527290344,0.4916243255138397,0.6703043580055237,11.153897285461426,4.234060764312744,3.711120367050171,0.1334167718887329,0.27151843905448914,0.2897239029407501,5.794579029083252,59.77630615234375,0.18366220593452454,4.25908088684082,3.4292795658111572,37,25,30,88.88888549804688,
2025-12-30 10:05:48.346000,8d,Toxicity,Original,,173.9982147216797,3.434946060180664,148.3082275390625,0.47179824113845825,1.112852692604065,0.4737122654914856,11.153897285461426,37.713287353515625,7.715823173522949,0.2049652636051178,0.6610162854194641,0.42404550313949585,36.48973846435547,0,0.26724690198898315,9.983515739440918,31.328201293945312,37,25,30,71.42857360839844,
2025-12-30 10:05:48.346000,FinePointe Series WBP [SN 10499C]  Site 3 Bias Flow is out of range.,,,,,,,,,,,,,,,,,,,,,,,,,
2025-12-30 10:05:52.346000,8d,Toxicity,Original,,237.63818359375,0.15274012088775635,36.2968864440918,1.118656873703003,0.9011573195457458,0.4416743516921997,11.153897285461426,1.6984589099884033,2.089404582977295,0.1483355462551117,0.10414912551641464,0.1871614009141922,4.246228218078613,0,0.05589359998703003,10.515475273132324,15.266966819763184,37,25,30,85.71428680419922,
2025-12-30 10:05:52.346000,FinePointe Series WBP [SN 139781]  Site 4 Bias Flow is out of range.,,,,,,,,,,,,,,,,,,,,,,,,,
2025-12-30 10:05:54.346000,8d,Toxicity,Original,,313.5798645019531,0.16812719404697418,52.7213020324707,1.1435530185699463,0.8104732632637024,0.41028571128845215,11.153897285461426,2.2171576023101807,2.925238609313965,0.11334438621997833,0.07799442857503891,0.2570999562740326,6.869546890258789,0,0.04445456713438034,13.31743335723877,20.455013275146484,37,25,30,66.66666412353516,
2025-12-30 10:05:58.346000,8d,Toxicity,Original,,152.34011840820312,0.22844088077545166,34.80071258544922,0.297489732503891,0.4030531048774719,0.8291390538215637,11.153897285461426,2.595088005065918,2.0667459964752197,0.1357564926147461,0.2580990493297577,0.07008244842290878,8.004300117492676,0,0.18609827756881714,4.146999359130859,23.993284225463867,37,25,30,85.71428680419922,
2025-12-30 10:06:00.346000,8d,Toxicity,Original,,138.353515625,0.2251530885696411,30.68585968017578,2.5390188694000244,2.6353085041046143,0.5072723627090454,11.153897285461426,2.7921695709228516,2.0227720737457275,0.1365722417831421,0.2988165020942688,0.16927595436573029,32.8560791015625,91.32955169677734,0.12824276089668274,14.282776832580566,41.84043502807617,37,25,30,71.42857360839844,
2025-12-30 10:06:00.346000,FinePointe Series WBP [SN 10499C]  Site 3 Bias Flow is out of range.,,,,,,,,,,,,,,,,,,,,,,,,,
2025-12-30 10:06:02.346000,8d,Toxicity,Original,,109.7916259765625,0.2795298993587494,30.78656768798828,1.9700987339019775,1.9277538061141968,0.5268099308013916,11.153897285461426,2.4271843433380127,2.0390663146972656,0.248762309551239,0.3088362216949463,0.08774980902671814,14.069463729858398,70.66127014160156,0.15729564428329468,5.237475395202637,29.62770652770996,37,25,30,60,
2025-12-30 10:06:02.346000,FinePointe Series WBP [SN 139781]  Site 4 Bias Flow is out of range.,,,,,,,,,,,,,,,,,,,,,,,,,
2025-12-30 10:06:04.346000,8d,Toxicity,Original,,34.40332794189453,3.930978298187256,135.23873901367188,0.5679820775985718,0.984751284122467,0.7728193402290344,11.153897285461426,11.290894508361816,5.6229047775268555,0.6907311081886292,1.0532861948013306,0.4618680477142334,36.061500549316406,0,0.5613183379173279,3.5951364040374756,10.862359046936035,37,25,30,75,
2025-12-30 10:06:06.346000,8d,Toxicity,Original,,228.58311462402344,0.2399914264678955,38.50208282470703,0.8076064586639404,0.6063128709793091,0.40120619535446167,11.153897285461426,1.986633539199829,2.4025659561157227,0.23332315683364868,0.17911314964294434,0.12017962336540222,5.63203763961792,0,0.11530004441738129,17.55457878112793,10.987488746643066,37,25,30,0,
2025-12-30 10:06:08.346000,8d,Toxicity,Original,,279.7175598144531,0.1271589994430542,36.34455871582031,0.627306342124939,0.85780930519104,0.4090924561023712,11.153897285461426,1.8921995162963867,1.3721718788146973,0.11448973417282104,0.10254828631877899,0.11256327480077744,5.300806522369385,5.069192886352539,0.05673040822148323,15.674772262573242,18.417102813720703,37,25,30,66.66666412353516,
2025-12-30 10:06:08.346000,FinePointe Series WBP [SN 10499C]  Site 3 Bias Flow is out of range.,,,,,,,,,,,,,,,,,,,,,,,,,
2025-12-30 10:06:08.346000,FinePointe Series WBP [SN 139781]  Site 4 Bias Flow is out of range.,,,,,,,,,,,,,,,,,,,,,,,,,
2025-12-30 10:06:08.346000,FinePointe Series WBP [SN 10499C]  Site 3 Bias Flow is out of range.,,,,,,,,,,,,,,,,,,,,,,,,,
2025-12-30 10:06:22.346000,8d,Toxicity,Original,,46.57950973510742,3.60785174369812,168.05197143554688,0.6724726557731628,0.7460387945175171,0.7106267809867859,11.153897285461426,9.871170997619629,7.299111843109131,0.6211032271385193,0.6670168042182922,0.5174539089202881,33.543479919433594,0,0.4118243455886841,12.314942359924316,11.95268440246582,37,25,30,93.33333587646484,
2025-12-30 10:06:22.346000,FinePointe Series WBP [SN 139781]  Site 4 Bias Flow is out of range.,,,,,,,,,,,,,,,,,,,,,,,,,
2025-12-30 10:06:24.346000,8d,Toxicity,Original,,24.84646224975586,3.7688815593719482,93.64337158203125,0.5609092712402344,0.8567341566085815,0.7704872488975525,11.153897285461426,11.424562454223633,7.993654727935791,0.6886502504348755,1.7261804342269897,0.5395612120628357,183.80386352539062,0,0.9553786516189575,4.33935022354126,5.668982982635498,37,25,30,75,
2025-12-30 10:06:30.346000,8d,Toxicity,Original,,62.81736373901367,1.3242857456207275,83.18814086914062,0.4702073633670807,0.6614885926246643,0.881750226020813,11.153897285461426,6.661193370819092,5.044726371765137,0.33139047026634216,0.6237594485282898,0.25471124053001404,79.73699951171875,0,0.3846234083175659,1.5668779611587524,,37,25,30,85.71428680419922,
2025-12-30 10:06:30.346000,FinePointe Series WBP [SN 10499C]  Site 3 Bias Flow is out of range.,,,,,,,,,,,,,,,,,,,,,,,,,
2025-12-30 10:06:32.346000,8d,Toxicity,Original,,240.3123016357422,0.2741067409515381,65.87122344970703,0.5798729062080383,0.6523146629333496,0.5334741473197937,11.153897285461426,3.1735711097717285,2.7674195766448975,0.14470282196998596,0.10497228801250458,0.24773751199245453,11.838675498962402,0,0.06594647467136383,18.217315673828125,10.984574317932129,37,25,30,75,
2025-12-30 10:06:32.346000,FinePointe Series WBP [SN 139781]  Site 4 Bias Flow is out of range.,,,,,,,,,,,,,,,,,,,,,,,,,
2025-12-30 10:06:34.346000,8d,Toxicity,Original,,60.73200988769531,1.9579155445098877,118.90814971923828,0.25546032190322876,0.3393040597438812,0.8170556426048279,11.153897285461426,6.138756275177002,4.9277520179748535,0.5130710005760193,0.47487586736679077,0.17913497984409332,109.67926788330078,0,0.3705650269985199,16.07376480102539,,37,25,30,50,
2025-12-30 10:06:36.346000,8d,Toxicity,Original,,43.565425872802734,2.379760980606079,103.67529296875,0.6614886522293091,0.9445307850837708,0.9472439289093018,11.153897285461426,6.556217193603516,3.8786230087280273,0.4946785271167755,0.8825603723526001,0.21952708065509796,21.075870513916016,0,0.4629285931587219,4.331603050231934,18.47428321838379,37,25,30,50,
2025-12-30 10:06:36.346000,FinePointe Series WBP [SN 10499C]  Site 3 Bias Flow is out of range.,,,,,,,,,,,,,,,,,,,,,,,,,
2025-12-30 10:06:44.346000,8d,Toxicity,Original,,31.836652755737305,3.7442543506622314,119.20452880859375,0.6523659229278564,1.092258334159851,0.6841141581535339,11.153897285461426,10.101089477539062,6.173962116241455,0.574897289276123,1.3097230195999146,0.18824248015880585,34.556697845458984,0,0.648225724697113,,42.48162841796875,37,25,30,87.5,
2025-12-30 10:06:44.346000,FinePointe Series WBP [SN 139781]  Site 4 Bias Flow is out of range.,,,,,,,,,,,,,,,,,,,,,,,,,
2025-12-30 10:06:46.346000,8d,Toxicity,Original,,47.09030532836914,2.1188395023345947,99.77680206298828,0.6286314725875854,0.9321509003639221,0.7320103645324707,11.153897285461426,8.20286750793457,5.5551252365112305,0.4681481122970581,0.8059995174407959,0.43005746603012085,23.010116577148438,110.9080810546875,0.4323326349258423,7.543332576751709,13.520196914672852,37,25,30,66.66666412353516,
2025-12-30 10:06:48.346000,8d,Toxicity,Original,,38.24536895751953,2.793200731277466,106.82698822021484,0.8507000207901001,1.4542003870010376,0.6592798233032227,11.153897285461426,9.549051284790039,5.151846408843994,0.4888511300086975,1.0799663066864014,0.3330889046192169,24.310115814208984,123.9693374633789,0.4506692588329315,6.842498779296875,8.78449535369873,37,25,30,75,
2025-12-30 10:06:48.346000,FinePointe Series WBP [SN 10499C]  Site 3 Bias Flow is out of range.,,,,,,,,,,,,,,,,,,,,,,,,,
2025-12-30 10:06:52.346000,8d,Toxicity,Original,,30.111339569091797,3.6683497428894043,110.45892333984375,0.6400606036186218,0.9358025789260864,0.539350688457489,11.153897285461426,11.41945743560791,7.662955284118652,0.5649622678756714,1.427642583847046,0.6035430431365967,110.51383209228516,0,0.7577589750289917,3.121216058731079,25.341873168945312,37,25,30,80,
2025-12-30 10:06:52.346000,FinePointe Series WBP [SN 139781]  Site 4 Bias Flow is out of range.,,,,,,,,,,,,,,,,,,,,,,,,,
2025-12-30 10:06:54.346000,8d,Toxicity,Original,,40.736717224121094,4.221241474151611,171.9595184326172,1.3242034912109375,1.4903712272644043,0.24103552103042603,11.153897285461426,9.56061840057373,5.982395172119141,0.6846071481704712,0.788265585899353,0.5074191093444824,11.85354232788086,0,0.32717013359069824,3.8780696392059326,30.013151168823242,37,25,30,50,
2025-12-30 10:06:56.346000,8d,Toxicity,Original,,47.69408416748047,2.934706449508667,139.9681396484375,1.330531358718872,1.4025012254714966,0.19585949182510376,11.153897285461426,8.95255184173584,6.600088596343994,0.5330080986022949,0.725009560585022,0.5202462077140808,28.05156707763672,0,0.31484249234199524,7.281215190887451,55.08710479736328,37,25,30,66.66666412353516,
2025-12-30 10:06:58.346000,8d,Toxicity,Original,,50.94041442871094,2.2571096420288086,114.97810363769531,0.6143032908439636,1.0483955144882202,0.2693168818950653,11.153897285461426,7.583104133605957,3.460475206375122,0.5094889998435974,0.6683576703071594,0.2234811633825302,17.684267044067383,0,0.3368074595928192,3.975687026977539,,37,25,30,66.66666412353516,
2025-12-30 10:07:00.346000,8d,Toxicity,Original,,73.68334197998047,0.42440009117126465,31.271217346191406,2.7987804412841797,2.2454121112823486,0.5772005915641785,11.153897285461426,1.9183945655822754,2.9928247928619385,0.41928529739379883,0.39500999450683594,0.13359777629375458,32.3642692565918,106.4976806640625,0.12429268658161163,10.696371078491211,18.643848419189453,37,25,30,66.66666412353516,
2025-12-30 10:07:00.346000,FinePointe Series WBP [SN 10499C]  Site 3 Bias Flow is out of range.,,,,,,,,,,,,,,,,,,,,,,,,,
2025-12-30 10:07:02.346000,8d,Toxicity,Original,,33.677310943603516,3.229006052017212,108.7442398071289,1.4125919342041016,1.7668050527572632,0.8500537872314453,11.153897285461426,10.835466384887695,6.8926897048950195,0.4805208146572113,1.3010941743850708,0.3375316858291626,29.627473831176758,0,0.4840443432331085,,22.23935890197754,37,25,30,0,
2025-12-30 10:07:02.346000,FinePointe Series WBP [SN 139781]  Site 4 Bias Flow is out of range.,,,,,,,,,,,,,,,,,,,,,,,,,
2025-12-30 10:07:04.346000,8d,Toxicity,Original,,91.13673400878906,1.0641777515411377,56.34040451049805,1.1292444467544556,1.4432382583618164,0.5167941451072693,11.153897285461426,5.064943790435791,3.7430787086486816,0.3536423146724701,0.5568058490753174,0.30330538749694824,10.384482383728027,256.04071044921875,0.2197367548942566,19.301334381103516,14.107983589172363,37,25,30,66.66666412353516,
2025-12-30 10:07:08.346000,8d,Toxicity,Original,,28.015382766723633,2.942990303039551,82.4489974975586,1.992647409439087,2.452749252319336,0.3219253420829773,11.153897285461426,10.970108032226562,5.825628280639648,0.5139738321304321,1.6277066469192505,0.27338865399360657,18.676902770996094,0,0.4819091558456421,1.9468597173690796,30.88255500793457,37,25,30,50,
2025-12-30 10:07:08.346000,FinePointe Series WBP [SN 10499C]  Site 3 Bias Flow is out of range.,,,,,,,,,,,,,,,,,,,,,,,,,
2025-12-30 10:07:08.346000,FinePointe Series WBP [SN 139781]  Site 4 Bias Flow is out of range.,,,,,,,,,,,,,,,,,,,,,,,,,
2025-12-30 10:07:14.346000,8d,Toxicity,Original,,74.01630401611328,1.3005833625793457,76.96705627441406,0.78082275390625,0.8406354188919067,0.5120947957038879,11.153897285461426,6.913042068481445,4.2287373542785645,0.376932293176651,0.5358520746231079,0.20293599367141724,52.93049240112305,0,0.28542032837867737,24.780824661254883,17.279733657836914,37,25,30,75,
2025-12-30 10:07:16.346000,8d,Toxicity,Original,,69.728515625,0.6133726835250854,42.769569396972656,4.299415588378906,2.814873218536377,0.2852135896682739,11.153897285461426,3.62092924118042,4.871021747589111,0.44675499200820923,0.4137250483036041,0.43257027864456177,20.719337463378906,181.12350463867188,0.11387839913368225,15.323493957519531,26.613718032836914,37,25,30,75,
2025-12-30 10:07:16.346000,FinePointe Series WBP [SN 10499C]  Site 3 Bias Flow is out of range.,,,,,,,,,,,,,,,,,,,,,,,,,
2025-12-30 10:07:16.346000,FinePointe Series WBP [SN 139781]  Site 4 Bias Flow is out of range.,,,,,,,,,,,,,,,,,,,,,,,,,
2025-12-30 10:07:24.346000,8d,Toxicity,Original,,320.1932678222656,0.1011449322104454,32.38592529296875,0.3152511715888977,0.5935966968536377,0.8491327166557312,11.153897285461426,1.5533809661865234,0.8371487855911255,0.09552840143442154,0.09185843169689178,0.07113254815340042,5.936854839324951,0,0.058831438422203064,12.988868713378906,12.800226211547852,37,25,30,94.11764526367188,
2025-12-30 10:07:26.346000,8d,Toxicity,Original,,168.406982421875,0.16020672023296356,26.979930877685547,4.492310047149658,5.791843414306641,0.17300017178058624,11.153897285461426,3.1519978046417236,2.365265369415283,0.10194476693868637,0.2543350160121918,0.2049943208694458,5.821017742156982,168.572509765625,0.03771326690912247,8.069774627685547,,37,25,30,0,
2025-12-30 10:07:28.346000,8d,Toxicity,Original,,25.69620132446289,3.7820351123809814,97.1839370727539,4.108756065368652,4.429118633270264,0.06979349255561829,11.153897285461426,13.752429962158203,5.620509147644043,0.558305561542511,1.7766698598861694,0.29383522272109985,14.726244926452637,109.72303771972656,0.3355116844177246,1.7031537294387817,28.6120662689209,37,25,30,50,
2025-12-30 10:07:28.346000,FinePointe Series WBP [SN 10499C]  Site 3 Bias Flow is out of range.,,,,,,,,,,,,,,,,,,,,,,,,,
2025-12-30 10:07:32.346000,8d,Toxicity,Original,,37.88308334350586,3.65446400642395,138.44236755371094,0.6624054908752441,1.0612080097198486,0.37918466329574585,11.153897285461426,11.829813003540039,6.422457695007324,0.5183764100074768,1.0654438734054565,0.4055158793926239,16.223407745361328,0,0.5288949608802795,3.0257654190063477,11.547422409057617,37,25,30,83.33333587646484,
2025-12-30 10:07:32.346000,FinePointe Series WBP [SN 139781]  Site 4 Bias Flow is out of range.,,,,,,,,,,,,,,,,,,,,,,,,,
2025-12-30 10:07:34.346000,8d,Toxicity,Original,,269.13250732421875,0.16836054623126984,44.3109130859375,0.5746285319328308,0.8295098543167114,0.41278040409088135,11.153897285461426,2.4325785636901855,1.5450851917266846,0.10727138072252274,0.1163882464170456,0.13224509358406067,4.759929180145264,5.093662738800049,0.06448877602815628,16.227392196655273,17.12607192993164,37,25,30,75,
2025-12-30 10:07:36.346000,8d,Toxicity,Original,,206.53416442871094,0.15669649839401245,32.36317825317383,1.4721214771270752,1.5177749395370483,0.26529058814048767,11.153897285461426,2.535127878189087,2.391545534133911,0.10203626751899719,0.18847258388996124,0.2017086148262024,6.865174293518066,73.23892211914062,0.07600922137498856,10.693035125732422,30.86441421508789,37,25,30,66.66666412353516,
2025-12-30 10:07:38.346000,8d,Toxicity,Original,,57.43419647216797,1.8969011306762695,94.51918029785156,1.2668979167938232,1.402795433998108,0.2773469090461731,11.153897285461426,7.8727264404296875,5.52718448638916,0.4155523180961609,0.6816750764846802,0.4295341968536377,15.589439392089844,37.01869201660156,0.29626867175102234,6.490504264831543,20.035480499267578,37,25,30,60,
2025-12-30 10:07:38.346000,FinePointe Series WBP [SN 10499C]  Site 3 Bias Flow is out of range.,,,,,,,,,,,,,,,,,,,,,,,,,
2025-12-30 10:07:42.346000,8d,Toxicity,Original,,139.95785522460938,0.39919713139533997,55.87077331542969,0.8410530090332031,0.8573521971702576,0.40828555822372437,11.153897285461426,2.7172048091888428,2.368704319000244,0.252353310585022,0.17634715139865875,0.20966622233390808,5.820155620574951,0,0.09703835844993591,7.301755905151367,11.733078956604004,37,25,30,85.71428680419922,
2025-12-30 10:07:42.346000,FinePointe Series WBP [SN 139781]  Site 4 Bias Flow is out of range.,,,,,,,,,,,,,,,,,,,,,,,,,
2025-12-30 10:07:46.346000,8d,Toxicity,Original,,74.7730941772461,1.2362024784088135,92.43467712402344,0.3666794002056122,0.6224430799484253,0.13997705280780792,11.153897285461426,6.499356746673584,2.83354115486145,0.34520986676216125,0.457217812538147,0.17489634454250336,11.269149780273438,315.4863586425781,0.2928100526332855,,31.75489616394043,37,25,30,85.71428680419922,
2025-12-30 10:07:50.346000,8d,Toxicity,Original,,40.53281021118164,3.4940826892852783,141.625,1.2790148258209229,1.4501309394836426,0.29681289196014404,11.153897285461426,12.57033634185791,7.2126784324646,0.570618212223053,0.9096640348434448,0.6307297348976135,12.79759407043457,0,0.3864787817001343,3.508549451828003,57.21752166748047,37,25,30,83.33333587646484,
2025-12-30 10:07:50.346000,FinePointe Series WBP [SN 10499C]  Site 3 Bias Flow is out of range.,,,,,,,,,,,,,,,,,,,,,,,,,
2025-12-30 10:07:54.346000,8d,Toxicity,Original,,36.27293014526367,3.1522698402404785,114.3420639038086,1.5874459743499756,1.9247266054153442,0.32783353328704834,11.153897285461426,10.20775032043457,6.513339519500732,0.5560078024864197,1.0981183052062988,0.30777302384376526,18.51241111755371,0,0.3878026008605957,4.85476541519165,25.28010368347168,37,25,30,83.33333587646484,
2025-12-30 10:07:54.346000,FinePointe Series WBP [SN 139781]  Site 4 Bias Flow is out of range.,,,,,,,,,,,,,,,,,,,,,,,,,
2025-12-30 10:07:56.346000,8d,Toxicity,Original,,193.55960083007812,0.23113946616649628,44.95212173461914,0.531802773475647,0.6910936832427979,0.5501224994659424,11.153897285461426,2.6203980445861816,2.0119051933288574,0.1575404703617096,0.15291494131088257,0.14013805985450745,7.443185329437256,0,0.09177336096763611,8.750958442687988,15.239477157592773,37,25,30,60,
2025-12-30 10:07:58.346000,8d,Toxicity,Original,,48.208221435546875,1.655007243156433,47.43162155151367,1.675255537033081,2.707618236541748,0.6561219692230225,11.153897285461426,7.79518461227417,2.989807367324829,0.353593111038208,1.2353386878967285,0.22796864807605743,12.310705184936523,229.0421905517578,0.3275560736656189,1.841538667678833,19.595579147338867,37,25,30,0,
2025-12-30 10:08:00.346000,8d,Toxicity,Original,,36.58364486694336,3.698397159576416,135.30084228515625,0.981080949306488,1.361914038658142,0.42110559344291687,11.153897285461426,12.35962200164795,5.827510356903076,0.6142062544822693,1.0258709192276,0.46526962518692017,19.052892684936523,0,0.46031492948532104,5.026566982269287,10.90250015258789,37,25,30,50,
2025-12-30 10:08:00.346000,FinePointe Series WBP [SN 10499C]  Site 3 Bias Flow is out of range.,,,,,,,,,,,,,,,,,,,,,,,,,
2025-12-30 10:08:00.346000,FinePointe Series WBP [SN 139781]  Site 4 Bias Flow is out of range.,,,,,,,,,,,,,,,,,,,,,,,,,
2025-12-30 10:08:04.346000,8d,Toxicity,Original,,48.669063568115234,1.7762436866760254,86.4481201171875,0.7194141149520874,1.0057015419006348,0.465948224067688,11.153897285461426,8.388995170593262,5.092319011688232,0.46878257393836975,0.7640334367752075,0.4506780803203583,46.171600341796875,0,0.3911752700805664,3.755727767944336,40.6414909362793,37,25,30,85.71428680419922,
2025-12-30 10:08:08.346000,8d,Toxicity,Original,,22.24113655090332,3.131545305252075,69.64913177490234,4.158683776855469,4.814774513244629,0.35058480501174927,11.153897285461426,11.73324966430664,5.805749416351318,0.5812401175498962,2.1164636611938477,0.5140841007232666,44.93128204345703,1272.685791015625,0.370168000459671,0.36723819375038147,8.545577049255371,37,25,30,66.66666412353516,
2025-12-30 10:08:10.346000,8d,Toxicity,Original,,95.70823669433594,1.3785946369171143,63.58440017700195,0.8395369052886963,1.3073666095733643,0.4119875133037567,11.153897285461426,6.497717380523682,2.9981727600097656,0.34063950181007385,0.6035479307174683,0.19952282309532166,17.629432678222656,301.82086181640625,0.24663785099983215,4.975000381469727,14.962807655334473,37,25,30,50,
2025-12-30 10:08:10.346000,FinePointe Series WBP [SN 10499C]  Site 3 Bias Flow is out of range.,,,,,,,,,,,,,,,,,,,,,,,,,
2025-12-30 10:08:10.346000,FinePointe Series WBP [SN 139781]  Site 4 Bias Flow is out of range.,,,,,,,,,,,,,,,,,,,,,,,,,
2025-12-30 10:08:18.346000,8d,Toxicity,Original,,91.10480499267578,0.5337204933166504,48.6245002746582,0.15768562257289886,0.33395785093307495,0.7600653171539307,11.153897285461426,5.035789489746094,2.545555591583252,0.17704463005065918,0.4815375506877899,0.07014334946870804,16.677980422973633,0,0.36541512608528137,7.990986347198486,,37,25,30,94.44444274902344,
2025-12-30 10:08:20.346000,8d,Toxicity,Original,,40.17740249633789,2.427917242050171,97.54741668701172,1.992916226387024,2.409670829772949,0.2290809154510498,11.153897285461426,11.450035095214844,6.840564727783203,0.42825087904930115,1.065125823020935,0.4668714106082916,15.700092315673828,0,0.3188823461532593,4.5376763343811035,61.1436882019043,37,25,30,75,
2025-12-30 10:08:20.346000,FinePointe Series WBP [SN 10499C]  Site 3 Bias Flow is out of range.,,,,,,,,,,,,,,,,,,,,,,,,,
2025-12-30 10:08:20.346000,Deliver compound.,,,,,,,,,,,,,,,,,,,,,,,,,
2025-12-30 10:08:20.346000,FinePointe Series WBP [SN 139781]  Site 4 Bias Flow is out of range.,,,,,,,,,,,,,,,,,,,,,,,,,
2025-12-30 10:08:24.346000,8d,Toxicity,Original,,43.22251892089844,3.679941177368164,159.0563201904297,1.438474416732788,1.510249137878418,0.40912753343582153,11.153897285461426,12.698415756225586,7.954089641571045,0.5375747680664062,0.8505905270576477,0.6533306241035461,11.04378604888916,0,0.3470892310142517,3.5649521350860596,30.111892700195312,37,25,30,83.33333587646484,
2025-12-30 10:08:28.346000,8d,Toxicity,Original,,82.65406036376953,0.9026469588279724,45.89027786254883,1.4227638244628906,1.8626399040222168,0.2347707748413086,11.153897285461426,4.264500141143799,2.5421533584594727,0.26840782165527344,0.6415400505065918,0.09185774624347687,13.439699172973633,279.1498107910156,0.2414984405040741,3.3098340034484863,13.865912437438965,37,25,30,71.42857360839844,
2025-12-30 10:08:28.346000,Site Acknowledgement Changed: True,,,,,,,,,,,,,,,,,,,,,,,,,
2025-12-30 10:08:28.346000,Time Zero Set,,,,,,,,,,,,,,,,,,,,,,,,,
2025-12-30 10:08:28.346000,Measuring antidote.,,,,,,,,,,,,,,,,,,,,,,,,,
2025-12-30 10:08:28.346000,Create measurement 'antidote'. Duration: 00:01:00,,,,,,,,,,,,,,,,,,,,,,,,,
2025-12-30 10:08:28.346000,Site Acknowledgement Changed: False,,,,,,,,,,,,,,,,,,,,,,,,,
2025-12-30 10:08:28.346000,FinePointe Series WBP [SN 139781]  Site 4 Bias Flow is out of range.,,,,,,,,,,,,,,,,,,,,,,,,,
2025-12-30 10:08:28.346000,FinePointe Series WBP [SN 10499C]  Site 3 Bias Flow is out of range.,,,,,,,,,,,,,,,,,,,,,,,,,
2025-12-30 10:08:28.346000,FinePointe Series WBP [SN 139781]  Site 4 Bias Flow is out of range.,,,,,,,,,,,,,,,,,,,,,,,,,
2025-12-30 10:08:51.098000,8d,Toxicity,Original,,130.84512329101562,0.4233691990375519,55.39579391479492,0.6854387521743774,1.0021166801452637,0.806640625,11.153897285461426,3.9319114685058594,2.775573968887329,0.18830075860023499,0.2702566385269165,0.18490293622016907,60.287803649902344,24.409799575805664,0.14046314358711243,13.99026870727539,,37,25,30,80,
2025-12-30 10:08:51.098000,FinePointe Series WBP [SN 10499C]  Site 3 Bias Flow is out of range.,,,,,,,,,,,,,,,,,,,,,,,,,
2025-12-30 10:08:51.098000,FinePointe Series WBP [SN 139781]  Site 4 Bias Flow is out of range.,,,,,,,,,,,,,,,,,,,,,,,,,
2025-12-30 10:09:01.098000,8d,Toxicity,Original,,191.81967163085938,0.33860769867897034,64.95162200927734,0.6827341914176941,1.2971386909484863,0.15218104422092438,11.153897285461426,5.446171760559082,2.859036684036255,0.1156601682305336,0.1971336156129837,0.23592336475849152,4.774210453033447,99.327392578125,0.08624303340911865,,7.875819206237793,37,25,30,91.66666412353516,
2025-12-30 10:09:01.098000,FinePointe Series WBP [SN 10499C]  Site 3 Bias Flow is out of range.,,,,,,,,,,,,,,,,,,,,,,,,,
2025-12-30 10:09:01.098000,FinePointe Series WBP [SN 139781]  Site 4 Bias Flow is out of range.,,,,,,,,,,,,,,,,,,,,,,,,,
2025-12-30 10:09:01.098000,FinePointe Series WBP [SN 139781]  Site 4 Bias Flow is out of range.,,,,,,,,,,,,,,,,,,,,,,,,,
2025-12-30 10:09:01.098000,FinePointe Series WBP [SN 139781]  Site 4 Bias Flow is out of range.,,,,,,,,,,,,,,,,,,,,,,,,,
2025-12-30 10:09:01.098000,FinePointe Series WBP [SN 10499C]  Site 3 Bias Flow is out of range.,,,,,,,,,,,,,,,,,,,,,,,,,
2025-12-30 10:09:01.098000,Measuring T30.,,,,,,,,,,,,,,,,,,,,,,,,,
2025-12-30 10:09:01.098000,Create measurement 'T30'. Duration: 00:29:00,,,,,,,,,,,,,,,,,,,,,,,,,
2025-12-30 10:09:01.098000,FinePointe Series WBP [SN 139781]  Site 4 Bias Flow is out of range.,,,,,,,,,,,,,,,,,,,,,,,,,
2025-12-30 10:09:01.098000,FinePointe Series WBP [SN 10499C]  Site 3 Bias Flow is out of range.,,,,,,,,,,,,,,,,,,,,,,,,,
2025-12-30 10:09:01.098000,FinePointe Series WBP [SN 139781]  Site 4 Bias Flow is out of range.,,,,,,,,,,,,,,,,,,,,,,,,,
2025-12-30 10:09:01.098000,FinePointe Series WBP [SN 10499C]  Site 3 Bias Flow is out of range.,,,,,,,,,,,,,,,,,,,,,,,,,
2025-12-30 10:09:51.098000,8d,Toxicity,Original,,122.86531066894531,0.5474399328231812,38.58015823364258,1.2284835577011108,1.5809203386306763,0.392650306224823,11.153897285461426,3.5170774459838867,2.1073620319366455,0.24253705143928528,0.4282306134700775,0.11122845113277435,8.191889762878418,204.0559539794922,0.2034798413515091,3.698629140853882,25.332683563232422,37,25,30,90,
2025-12-30 10:09:53.098000,8d,Toxicity,Original,,135.5369415283203,0.28897497057914734,39.16678237915039,1.5542696714401245,2.617764472961426,0.22800852358341217,11.153897285461426,3.2243170738220215,1.7482194900512695,0.1883072853088379,0.25437647104263306,0.1435653269290924,8.132585525512695,143.37411499023438,0.07174976915121078,9.970640182495117,43.57537078857422,37,25,30,50,
2025-12-30 10:09:53.098000,FinePointe Series WBP [SN 139781]  Site 4 Bias Flow is out of range.,,,,,,,,,,,,,,,,,,,,,,,,,
2025-12-30 10:09:53.098000,FinePointe Series WBP [SN 10499C]  Site 3 Bias Flow is out of range.,,,,,,,,,,,,,,,,,,,,,,,,,
2025-12-30 10:09:57.098000,8d,Toxicity,Original,,24.612892150878906,2.9645402431488037,72.96591186523438,6.4246110916137695,6.800351619720459,0.09453984349966049,11.153897285461426,13.065374374389648,5.750305652618408,0.5760979056358337,1.8616489171981812,0.40779682993888855,22.49435806274414,1014.3903198242188,0.24323473870754242,2.9062447547912598,16.922880172729492,37,25,30,66.66666412353516,
2025-12-30 10:10:01.098000,8d,Toxicity,Original,,183.67303466796875,0.1872764676809311,33.92278289794922,0.9279288053512573,1.107039213180542,0.4750438332557678,11.153897285461426,1.7728439569473267,1.5533392429351807,0.18459203839302063,0.14968334138393402,0.1247810572385788,6.972408294677734,10.791321754455566,0.07250368595123291,11.844249725341797,17.0627384185791,37,25,30,77.77777862548828,
2025-12-30 10:10:03.098000,8d,Toxicity,Original,,141.60299682617188,0.22816219925880432,32.28739547729492,1.4748890399932861,1.0076909065246582,0.47562533617019653,11.153897285461426,1.9963099956512451,2.930478572845459,0.2300170660018921,0.1944330632686615,0.2575368881225586,9.899579048156738,0,0.09821101278066635,9.389049530029297,22.041406631469727,37,25,30,0,
2025-12-30 10:10:03.098000,FinePointe Series WBP [SN 139781]  Site 4 Bias Flow is out of range.,,,,,,,,,,,,,,,,,,,,,,,,,
2025-12-30 10:10:03.098000,FinePointe Series WBP [SN 10499C]  Site 3 Bias Flow is out of range.,,,,,,,,,,,,,,,,,,,,,,,,,
2025-12-30 10:10:05.098000,8d,Toxicity,Original,,135.946533203125,0.2771196961402893,37.28584289550781,1.447972297668457,1.2364978790283203,0.5070387125015259,11.153897285461426,2.794771671295166,2.751274585723877,0.18469801545143127,0.2585715651512146,0.19602975249290466,11.636240005493164,56.49098205566406,0.13479921221733093,7.539251327514648,17.54265785217285,37,25,30,60,
2025-12-30 10:10:07.098000,8d,Toxicity,Original,,109.6714859008789,0.4416523277759552,34.070762634277344,0.6063686609268188,0.7099922299385071,0.6304818391799927,11.153897285461426,2.674922466278076,2.1233103275299072,0.3789781332015991,0.30993449687957764,0.17714494466781616,13.041479110717773,63.16317367553711,0.18072821199893951,15.999560356140137,10.116899490356445,37,25,30,33.33333206176758,
2025-12-30 10:10:09.098000,8d,Toxicity,Original,,114.18832397460938,0.17110122740268707,19.537763595581055,1.6951080560684204,2.4941511154174805,0.3336433470249176,11.153897285461426,2.0944156646728516,1.3845988512039185,0.1717766672372818,0.3536710739135742,0.12184116989374161,28.941465377807617,136.52633666992188,0.10383985936641693,12.414183616638184,11.519320487976074,37,25,30,85.71428680419922,
2025-12-30 10:10:09.098000,FinePointe Series WBP [SN 139781]  Site 4 Bias Flow is out of range.,,,,,,,,,,,,,,,,,,,,,,,,,
2025-12-30 10:10:09.098000,FinePointe Series WBP [SN 10499C]  Site 3 Bias Flow is out of range.,,,,,,,,,,,,,,,,,,,,,,,,,
2025-12-30 10:10:17.098000,8d,Toxicity,Original,,156.06021118164062,0.3004162311553955,46.61620330810547,0.6573290228843689,0.7537299394607544,0.5807948112487793,11.153897285461426,3.624460458755493,3.22019362449646,0.16290336847305298,0.230342298746109,0.27787262201309204,11.026809692382812,0,0.1352422684431076,19.729724884033203,16.411182403564453,37,25,30,84.61538696289062,
2025-12-30 10:10:21.098000,8d,Toxicity,Original,,146.96060180664062,0.24532248079776764,36.05274200439453,0.3370203971862793,0.31699860095977783,0.7801498174667358,11.153897285461426,2.619633674621582,2.9096500873565674,0.15960247814655304,0.24867019057273865,0.227285236120224,8.223625183105469,0,0.19101667404174805,27.87259292602539,4.902798652648926,37,25,30,90,
2025-12-30 10:10:23.098000,8d,Toxicity,Original,,263.0208435058594,0.16713838279247284,41.526737213134766,0.5073989629745483,0.6046303510665894,0.5526768565177917,11.153897285461426,2.480433464050293,2.0665087699890137,0.1190853863954544,0.13914935290813446,0.18052367866039276,29.60244369506836,0,0.09641891717910767,22.846878051757812,13.886598587036133,37,25,30,57.14285659790039,
2025-12-30 10:10:23.098000,FinePointe Series WBP [SN 139781]  Site 4 Bias Flow is out of range.,,,,,,,,,,,,,,,,,,,,,,,,,
2025-12-30 10:10:23.098000,FinePointe Series WBP [SN 10499C]  Site 3 Bias Flow is out of range.,,,,,,,,,,,,,,,,,,,,,,,,,
2025-12-30 10:10:25.098000,8d,Toxicity,Original,,39.674522399902344,4.203821659088135,166.7846221923828,0.9123108983039856,1.1181442737579346,0.5091466903686523,11.153897285461426,17.04296875,9.6516695022583,0.6127611994743347,0.8995442390441895,0.8649032115936279,23.669694900512695,0,0.4406115710735321,2.9744133949279785,39.22172546386719,37,25,30,50,
2025-12-30 10:10:29.098000,8d,Toxicity,Original,,107.75923156738281,2.803785800933838,114.94002532958984,0.5019808411598206,0.8481494784355164,0.7912722826004028,11.153897285461426,9.97253131866455,4.284226417541504,0.39031094312667847,0.6294058561325073,0.30269667506217957,16.062820434570312,0,0.3132210969924927,9.887323379516602,20.73452377319336,37,25,30,60,
2025-12-30 10:10:31.098000,8d,Toxicity,Original,,187.28021240234375,0.17648187279701233,32.789573669433594,1.3665566444396973,1.177616000175476,0.44456201791763306,11.153897285461426,1.6632870435714722,2.2049105167388916,0.1714804619550705,0.15293823182582855,0.1966286599636078,9.668770790100098,29.746244430541992,0.07537687569856644,15.747978210449219,19.153955459594727,37,25,30,60,
2025-12-30 10:10:31.098000,FinePointe Series WBP [SN 139781]  Site 4 Bias Flow is out of range.,,,,,,,,,,,,,,,,,,,,,,,,,
2025-12-30 10:10:31.098000,FinePointe Series WBP [SN 10499C]  Site 3 Bias Flow is out of range.,,,,,,,,,,,,,,,,,,,,,,,,,
2025-12-30 10:10:35.098000,8d,Toxicity,Original,,114.94900512695312,2.0891976356506348,55.74000549316406,2.1828150749206543,2.405306577682495,0.38398680090904236,11.153897285461426,9.393609046936035,5.070779800415039,0.3177485466003418,1.4436745643615723,0.2154008448123932,115.85277557373047,455.6764831542969,0.31430935859680176,11.857394218444824,24.985897064208984,37,25,30,33.33333206176758,
2025-12-30 10:10:37.098000,8d,Toxicity,Original,,41.691078186035156,4.474182605743408,186.53350830078125,1.0110582113265991,1.117343783378601,0.3027765452861786,11.153897285461426,15.602991104125977,9.311464309692383,0.6464930772781372,0.7926637530326843,0.5602743029594421,14.102128982543945,0,0.3876534700393677,3.651418924331665,29.955493927001953,37,25,30,0,
2025-12-30 10:10:39.098000,8d,Toxicity,Original,,51.37883377075195,2.622195243835449,134.725341796875,0.7984076738357544,1.2914893627166748,0.27484339475631714,11.153897285461426,12.818602561950684,5.110469341278076,0.4837701618671417,0.6840258836746216,0.41490545868873596,13.485089302062988,0,0.306256502866745,0.9566770792007446,44.16025924682617,37,25,30,80,
2025-12-30 10:10:41.098000,8d,Toxicity,Original,,243.56190490722656,0.1656169891357422,40.337989807128906,0.7268599271774292,0.7293873429298401,0.4611249566078186,11.153897285461426,2.007347345352173,2.0362188816070557,0.129239022731781,0.1171049177646637,0.1817300021648407,6.999732971191406,0,0.06939250230789185,16.427932739257812,22.28472900390625,37,25,30,75,
2025-12-30 10:10:43.098000,8d,Toxicity,Original,,91.94120025634766,0.5747342705726624,52.841758728027344,1.1027075052261353,0.9929047226905823,0.35614854097366333,11.153897285461426,2.8167240619659424,3.596332550048828,0.3886561691761017,0.26393482089042664,0.31607750058174133,16.678104400634766,7.6730427742004395,0.14332808554172516,23.07341766357422,17.145469665527344,37,25,30,0,
2025-12-30 10:10:43.098000,FinePointe Series WBP [SN 139781]  Site 4 Bias Flow is out of range.,,,,,,,,,,,,,,,,,,,,,,,,,
2025-12-30 10:10:43.098000,FinePointe Series WBP [SN 10499C]  Site 3 Bias Flow is out of range.,,,,,,,,,,,,,,,,,,,,,,,,,
2025-12-30 10:10:45.098000,8d,Toxicity,Original,,22.062131881713867,3.438969612121582,75.87100219726562,4.954610824584961,5.640420436859131,0.20988735556602478,11.153897285461426,17.156999588012695,7.810510158538818,0.5374693274497986,2.1821229457855225,0.2306692898273468,20.918577194213867,1016.391357421875,0.339036226272583,5.337653160095215,38.02437210083008,37,25,30,50,
2025-12-30 10:10:47.098000,8d,Toxicity,Original,,40.477569580078125,4.510672569274902,182.58106994628906,0.9200142621994019,1.244760274887085,0.5544157028198242,11.153897285461426,15.872123718261719,8.729165077209473,0.5624149441719055,0.9198874235153198,0.665402352809906,12.82575798034668,0,0.4216245710849762,3.962085247039795,19.646495819091797,37,25,30,0,
2025-12-30 10:10:49.098000,8d,Toxicity,Original,,60.13605880737305,2.5329861640930176,152.3238067626953,0.5612185001373291,0.9866348505020142,0.5925198793411255,11.153897285461426,13.755232810974121,7.322033405303955,0.3462825417518616,0.6514549255371094,0.5043882727622986,20.191572189331055,0,0.3361920416355133,4.136768817901611,22.185482025146484,37,25,30,50,
2025-12-30 10:10:51.098000,8d,Toxicity,Original,,277.5489501953125,0.1257849633693695,34.867095947265625,0.6610655188560486,0.76573246717453,0.41779330372810364,11.153897285461426,1.7689231634140015,1.550842046737671,0.11823519319295883,0.09845055639743805,0.13185955584049225,10.190930366516113,3.093625783920288,0.058747000992298126,19.00714683532715,15.692914962768555,37,25,30,50,
2025-12-30 10:10:51.098000,FinePointe Series WBP [SN 139781]  Site 4 Bias Flow is out of range.,,,,,,,,,,,,,,,,,,,,,,,,,
2025-12-30 10:10:51.098000,FinePointe Series WBP [SN 10499C]  Site 3 Bias Flow is out of range.,,,,,,,,,,,,,,,,,,,,,,,,,
2025-12-30 10:10:57.098000,8d,Toxicity,Original,,98.83842468261719,1.965404987335205,113.11961364746094,0.6798591017723083,0.787771463394165,0.3620385229587555,11.153897285461426,8.826545715332031,5.297931671142578,0.30569738149642944,0.4939114451408386,0.36839041113853455,8.390586853027344,72.03351593017578,0.26916733384132385,3.4390735626220703,32.25395584106445,37,25,30,75,
2025-12-30 10:10:59.098000,8d,Toxicity,Original,,41.413448333740234,3.871049165725708,160.31349182128906,1.248093605041504,1.4138154983520508,0.18152616918087006,11.153897285461426,14.250778198242188,8.135347366333008,0.5123007297515869,0.936504065990448,0.6899465322494507,36.026885986328125,0,0.3989265561103821,4.340379238128662,33.01395034790039,37,25,30,83.33333587646484,
2025-12-30 10:10:59.098000,FinePointe Series WBP [SN 139781]  Site 4 Bias Flow is out of range.,,,,,,,,,,,,,,,,,,,,,,,,,
2025-12-30 10:10:59.098000,FinePointe Series WBP [SN 10499C]  Site 3 Bias Flow is out of range.,,,,,,,,,,,,,,,,,,,,,,,,,
2025-12-30 10:11:05.098000,8d,Toxicity,Original,,61.05030822753906,2.0236501693725586,123.54446411132812,0.8716500401496887,1.064565658569336,0.12762150168418884,11.153897285461426,9.673667907714844,5.344503402709961,0.38728511333465576,0.5955109000205994,0.3099750578403473,12.782476425170898,0,0.2980363070964813,0.8520779013633728,21.49179458618164,37,25,30,85.71428680419922,
2025-12-30 10:11:07.098000,8d,Toxicity,Original,,52.067840576171875,2.355412483215332,121.90101623535156,1.2964953184127808,1.5467708110809326,0.30548641085624695,11.153897285461426,11.588218688964844,7.015040397644043,0.40772366523742676,0.74822998046875,0.33621513843536377,13.840070724487305,0,0.30427858233451843,2.0943973064422607,26.797683715820312,37,25,30,0,
2025-12-30 10:11:09.098000,8d,Toxicity,Original,,152.6943359375,1.2126851081848145,81.01268768310547,0.521928071975708,0.565140426158905,0.6340461373329163,11.153897285461426,6.275403022766113,4.455055236816406,0.2678508460521698,0.3717659115791321,0.3961525857448578,12.714460372924805,0,0.2473461776971817,25.99099349975586,11.21902847290039,37,25,30,0,
2025-12-30 10:11:11.098000,8d,Toxicity,Original,,351.81866455078125,0.13302923738956451,46.80216598510742,0.5894569158554077,0.8063933849334717,0.4179898202419281,11.153897285461426,2.257704496383667,1.6555554866790771,0.09877031296491623,0.07177208364009857,0.1400565356016159,4.946422576904297,0,0.0403384305536747,16.51953125,19.82036590576172,37,25,30,50,
2025-12-30 10:11:13.098000,8d,Toxicity,Original,,49.04167556762695,2.7489097118377686,134.81114196777344,1.5248533487319946,1.860693097114563,0.08006726205348969,11.153897285461426,12.641568183898926,6.080805778503418,0.49905821681022644,0.724390983581543,0.4786900281906128,9.993419647216797,0,0.25869759917259216,,25.64513397216797,37,25,30,50,
2025-12-30 10:11:13.098000,FinePointe Series WBP [SN 139781]  Site 4 Bias Flow is out of range.,,,,,,,,,,,,,,,,,,,,,,,,,
2025-12-30 10:11:13.098000,FinePointe Series WBP [SN 10499C]  Site 3 Bias Flow is out of range.,,,,,,,,,,,,,,,,,,,,,,,,,
2025-12-30 10:11:15.098000,8d,Toxicity,Original,,45.54158020019531,3.2529184818267822,148.14305114746094,1.896279215812683,1.742007851600647,0.17391221225261688,11.153897285461426,13.098849296569824,8.774096488952637,0.4549731910228729,0.8625041246414185,0.4604542553424835,11.48499584197998,0,0.32338646054267883,2.4013967514038086,45.06058883666992,37,25,30,66.66666412353516,
2025-12-30 10:11:17.098000,8d,Toxicity,Original,,137.06869506835938,1.1778819561004639,100.04315948486328,1.126214623451233,1.4754067659378052,0.2805606722831726,11.153897285461426,6.8995137214660645,4.546933650970459,0.29638153314590454,0.3161061406135559,0.33042481541633606,10.397211074829102,14.544147491455078,0.12941722571849823,10.570405960083008,23.095706939697266,37,25,30,57.14285659790039,
2025-12-30 10:11:21.098000,8d,Toxicity,Original,,36.40162658691406,3.38277006149292,112.6197280883789,3.889206647872925,4.336332321166992,0.09053660929203033,11.153897285461426,14.909156799316406,6.881930828094482,0.5438909530639648,1.3240575790405273,0.21483290195465088,17.875211715698242,614.8471069335938,0.24957767128944397,3.491920232772827,28.498680114746094,37,25,30,33.33333206176758,
2025-12-30 10:11:23.098000,8d,Toxicity,Original,,133.4494171142578,1.9496744871139526,113.89825439453125,1.712932825088501,1.5372693538665771,0.3487119972705841,11.153897285461426,8.707985877990723,7.0590620040893555,0.3218316435813904,0.5521107316017151,0.45891422033309937,11.433504104614258,0,0.18723510205745697,9.359663009643555,18.227378845214844,37,25,30,33.33333206176758,
2025-12-30 10:11:23.098000,FinePointe Series WBP [SN 139781]  Site 4 Bias Flow is out of range.,,,,,,,,,,,,,,,,,,,,,,,,,
2025-12-30 10:11:23.098000,FinePointe Series WBP [SN 10499C]  Site 3 Bias Flow is out of range.,,,,,,,,,,,,,,,,,,,,,,,,,
2025-12-30 10:11:27.098000,8d,Toxicity,Original,,51.496307373046875,2.052441120147705,105.6931381225586,1.6062437295913696,2.142333984375,0.1000855341553688,11.153897285461426,12.099466323852539,5.880266189575195,0.3857986629009247,0.7793334126472473,0.3802247643470764,9.666543006896973,202.61293029785156,0.25218480825424194,,5.113915920257568,37,25,30,75,
2025-12-30 10:11:29.098000,8d,Toxicity,Original,,73.54129028320312,1.01168954372406,73.8350830078125,1.8475849628448486,1.6469101905822754,0.35883885622024536,11.153897285461426,6.027070999145508,4.756916522979736,0.31687408685684204,0.5033010840415955,0.219405397772789,9.257659912109375,144.66444396972656,0.20977281033992767,3.9217276573181152,26.64857292175293,37,25,30,60,
2025-12-30 10:11:31.098000,8d,Toxicity,Original,,143.0701446533203,1.6506383419036865,107.39128875732422,1.379868507385254,1.437743902206421,0.3298172950744629,11.153897285461426,8.807655334472656,6.150685787200928,0.2901162803173065,0.4731941521167755,0.40067532658576965,9.142536163330078,0,0.18031981587409973,6.738171577453613,15.885165214538574,37,25,30,40,
2025-12-30 10:11:33.098000,8d,Toxicity,Original,,53.03148651123047,2.6999807357788086,143.18399047851562,1.0952632427215576,1.8122466802597046,0.2884596884250641,11.153897285461426,13.18322467803955,6.031874656677246,0.42419880628585815,0.7072045207023621,0.4955594837665558,13.767928123474121,131.10711669921875,0.2565966248512268,2.24153470993042,27.94966697692871,37,25,30,66.66666412353516,
2025-12-30 10:11:33.098000,FinePointe Series WBP [SN 139781]  Site 4 Bias Flow is out of range.,,,,,,,,,,,,,,,,,,,,,,,,,
2025-12-30 10:11:33.098000,FinePointe Series WBP [SN 10499C]  Site 3 Bias Flow is out of range.,,,,,,,,,,,,,,,,,,,,,,,,,
2025-12-30 10:11:35.098000,8d,Toxicity,Original,,89.9013442993164,1.154921293258667,87.47904968261719,0.9032737612724304,1.161484718322754,0.4527745246887207,11.153897285461426,6.765634536743164,4.187243461608887,0.2877640426158905,0.48274660110473633,0.330741286277771,13.475936889648438,43.1227912902832,0.21156613528728485,20.401447296142578,15.7872314453125,37,25,30,0,
2025-12-30 10:11:37.098000,8d,Toxicity,Original,,90.53325653076172,1.3615477085113525,80.01220703125,0.7267322540283203,0.8293498754501343,0.49988049268722534,11.153897285461426,7.750331401824951,4.844463348388672,0.25861892104148865,0.5245062112808228,0.3150669038295746,12.281475067138672,0,0.2862206995487213,,33.62091827392578,37,25,30,60,
2025-12-30 10:11:39.098000,8d,Toxicity,Original,,65.8433837890625,2.6058616638183594,171.5787353515625,1.1059154272079468,1.1703391075134277,0.13529808819293976,11.153897285461426,12.389189720153809,7.615901470184326,0.37909504771232605,0.5321582555770874,0.6036951541900635,9.310443878173828,0,0.2515972852706909,1.4226438999176025,38.86625289916992,37,25,30,50,
2025-12-30 10:11:41.098000,8d,Toxicity,Original,,55.013519287109375,1.8264849185943604,96.4612045288086,2.3743491172790527,3.040386915206909,0.45417672395706177,11.153897285461426,9.651598930358887,5.540114879608154,0.312762588262558,0.7818715572357178,0.3971790075302124,11.853108406066895,174.1433868408203,0.2404501587152481,3.952977180480957,14.869586944580078,37,25,30,50,
2025-12-30 10:11:43.098000,8d,Toxicity,Original,,53.397254943847656,3.038574457168579,162.25152587890625,0.8519976735115051,1.0834356546401978,0.14277920126914978,11.153897285461426,13.039873123168945,7.453850746154785,0.4933094084262848,0.6303439140319824,0.5319021344184875,11.395340919494629,0,0.3104482889175415,3.0902676582336426,21.580223083496094,37,25,30,66.66666412353516,
2025-12-30 10:11:43.098000,FinePointe Series WBP [SN 139781]  Site 4 Bias Flow is out of range.,,,,,,,,,,,,,,,,,,,,,,,,,
2025-12-30 10:11:43.098000,FinePointe Series WBP [SN 10499C]  Site 3 Bias Flow is out of range.,,,,,,,,,,,,,,,,,,,,,,,,,
2025-12-30 10:11:45.098000,8d,Toxicity,Original,,65.10448455810547,2.7081611156463623,176.3134307861328,1.4493964910507202,1.5675996541976929,0.13081078231334686,11.153897285461426,12.792769432067871,8.40552806854248,0.34060361981391907,0.580991804599762,0.5190320014953613,9.432615280151367,0,0.23143352568149567,2.871849775314331,46.43152618408203,37,25,30,66.66666412353516,
2025-12-30 10:11:47.098000,8d,Toxicity,Original,,66.73052978515625,1.671444296836853,107.2598648071289,1.420890212059021,2.050049066543579,0.21842879056930542,11.153897285461426,10.556960105895996,5.719023704528809,0.32237857580184937,0.5866012573242188,0.38492026925086975,13.744749069213867,102.80725860595703,0.20343995094299316,3.9758992195129395,37.748756408691406,37,25,30,33.33333206176758,
2025-12-30 10:11:49.098000,8d,Toxicity,Original,,101.41920471191406,1.2370363473892212,94.81148529052734,0.7627487778663635,0.7702597379684448,0.43534359335899353,11.153897285461426,6.651510238647461,5.140881061553955,0.29614076018333435,0.37415769696235657,0.3237733244895935,17.991249084472656,0,0.21285264194011688,9.32508659362793,12.869539260864258,37,25,30,50,
2025-12-30 10:11:51.098000,8d,Toxicity,Original,,93.07569122314453,1.5756558179855347,95.74278259277344,0.7392088174819946,1.1266639232635498,0.2246175855398178,11.153897285461426,8.802342414855957,4.656919956207275,0.26263749599456787,0.5074275732040405,0.36524277925491333,10.900854110717773,126.92285919189453,0.23525920510292053,3.490070104598999,13.528400421142578,37,25,30,60,
2025-12-30 10:11:53.098000,8d,Toxicity,Original,,54.664756774902344,2.95013689994812,161.2685089111328,1.2397743463516235,1.136489748954773,0.19052928686141968,11.153897285461426,13.22884464263916,11.088963508605957,0.4362837076187134,0.6613156795501709,0.42314818501472473,15.848939895629883,0,0.3229059875011444,2.037385940551758,16.30229949951172,37,25,30,75,
2025-12-30 10:11:53.098000,FinePointe Series WBP [SN 139781]  Site 4 Bias Flow is out of range.,,,,,,,,,,,,,,,,,,,,,,,,,
2025-12-30 10:11:53.098000,FinePointe Series WBP [SN 10499C]  Site 3 Bias Flow is out of range.,,,,,,,,,,,,,,,,,,,,,,,,,
2025-12-30 10:11:57.098000,8d,Toxicity,Original,,76.30459594726562,1.767475962638855,99.49285888671875,0.9497712254524231,1.2142053842544556,0.3676764667034149,11.153897285461426,9.412247657775879,5.282711029052734,0.34372931718826294,0.5851083397865295,0.3834475874900818,13.485404968261719,48.59112548828125,0.2647445797920227,4.438394069671631,30.045963287353516,37,25,30,25,
2025-12-30 10:11:59.098000,8d,Toxicity,Original,,54.28971481323242,2.6930289268493652,146.2037811279297,0.9296761751174927,1.1761198043823242,0.529903769493103,11.153897285461426,12.216766357421875,7.643991470336914,0.47110435366630554,0.6340773701667786,0.21956846117973328,11.092264175415039,0,0.29738175868988037,2.5589778423309326,17.50210952758789,37,25,30,50,
2025-12-30 10:12:01.098000,8d,Toxicity,Original,,79.63639831542969,1.4993724822998047,112.9644775390625,0.9838190078735352,1.0913372039794922,0.4539810121059418,11.153897285461426,8.560260772705078,6.373575210571289,0.32878702878952026,0.4356811046600342,0.5182785987854004,13.986234664916992,0,0.21692237257957458,9.834476470947266,29.569026947021484,37,25,30,60,
2025-12-30 10:12:03.098000,8d,Toxicity,Original,,59.57136535644531,2.024080276489258,114.0863037109375,1.5043461322784424,1.6131268739700317,0.4122803807258606,11.153897285461426,9.917047500610352,6.148855209350586,0.390424907207489,0.64447420835495,0.3910820484161377,8.727227210998535,0,0.2534990906715393,1.0157510042190552,15.127090454101562,37,25,30,33.33333206176758,
2025-12-30 10:12:03.098000,FinePointe Series WBP [SN 139781]  Site 4 Bias Flow is out of range.,,,,,,,,,,,,,,,,,,,,,,,,,
2025-12-30 10:12:03.098000,FinePointe Series WBP [SN 10499C]  Site 3 Bias Flow is out of range.,,,,,,,,,,,,,,,,,,,,,,,,,
2025-12-30 10:12:05.098000,8d,Toxicity,Original,,64.04603576660156,3.1070785522460938,198.9960479736328,0.9495922327041626,1.3372892141342163,0.2921609580516815,11.153897285461426,15.589805603027344,7.797433376312256,0.39602839946746826,0.540797770023346,0.6613602042198181,9.364395141601562,0,0.23621490597724915,2.1331417560577393,39.86381149291992,37,25,30,66.66666412353516,
2025-12-30 10:12:07.098000,8d,Toxicity,Original,,83.90673828125,1.154511570930481,91.72599792480469,1.6236143112182617,1.4801474809646606,0.23302027583122253,11.153897285461426,5.843557834625244,5.080596446990967,0.3252437710762024,0.40295833349227905,0.34689462184906006,12.054082870483398,0,0.16554570198059082,6.829158782958984,24.39242935180664,37,25,30,33.33333206176758,
2025-12-30 10:12:09.098000,8d,Toxicity,Original,,75.84732818603516,1.5870524644851685,114.42045593261719,1.2308597564697266,1.1630632877349854,0.4347344934940338,11.153897285461426,8.648221015930176,7.3516740798950195,0.33871686458587646,0.4757654070854187,0.3654974102973938,9.591079711914062,0,0.22013995051383972,3.8573060035705566,30.245405197143555,37,25,30,33.33333206176758,
2025-12-30 10:12:11.098000,8d,Toxicity,Original,,72.9429702758789,1.3520458936691284,94.6575927734375,1.5905565023422241,2.0607056617736816,0.29784977436065674,11.153897285461426,8.549966812133789,5.956319808959961,0.31915414333343506,0.5303674936294556,0.4859619736671448,11.039112091064453,63.35091018676758,0.1774255633354187,7.542022705078125,28.135730743408203,37,25,30,33.33333206176758,
2025-12-30 10:12:13.098000,8d,Toxicity,Original,,84.64401245117188,1.1056272983551025,89.96830749511719,0.8679541349411011,1.024327039718628,0.500063955783844,11.153897285461426,5.889830589294434,4.004485130310059,0.34531041979789734,0.37910687923431396,0.2683684229850769,9.120576858520508,0,0.19104459881782532,3.1899585723876953,18.15313720703125,37,25,30,0,
2025-12-30 10:12:13.098000,FinePointe Series WBP [SN 139781]  Site 4 Bias Flow is out of range.,,,,,,,,,,,,,,,,,,,,,,,,,
2025-12-30 10:12:13.098000,FinePointe Series WBP [SN 10499C]  Site 3 Bias Flow is out of range.,,,,,,,,,,,,,,,,,,,,,,,,,
2025-12-30 10:12:15.098000,8d,Toxicity,Original,,29.612205505371094,3.5196285247802734,104.22396087646484,5.331908702850342,4.857126712799072,0.024196486920118332,11.153897285461426,13.740679740905762,9.112648010253906,0.6210289597511292,1.4051625728607178,0.46555811166763306,24.654720306396484,759.7747192382812,0.26318880915641785,5.266157627105713,35.74051284790039,37,25,30,0,
2025-12-30 10:12:17.098000,8d,Toxicity,Original,,91.4437026977539,1.4431536197662354,108.07894134521484,0.8302690386772156,1.1756064891815186,0.4726383686065674,11.153897285461426,8.086519241333008,4.622620582580566,0.3450680375099182,0.39995378255844116,0.35821616649627686,11.302785873413086,0,0.18537095189094543,7.6077351570129395,29.0192813873291,37,25,30,0,
2025-12-30 10:12:19.098000,8d,Toxicity,Original,,150.23779296875,1.0811115503311157,82.39916229248047,1.072611927986145,1.0427141189575195,0.5223548412322998,11.153897285461426,5.989736080169678,4.636639595031738,0.23560599982738495,0.3361615836620331,0.3821873068809509,6.958455562591553,23.886011123657227,0.15554018318653107,5.965767860412598,16.54412841796875,37,25,30,25,
2025-12-30 10:12:21.098000,8d,Toxicity,Original,,51.2363395690918,3.0666396617889404,157.12339782714844,1.984143614768982,2.2084341049194336,0.17412571609020233,11.153897285461426,13.994338035583496,8.033855438232422,0.4129708707332611,0.7580729722976685,0.4070834517478943,10.390515327453613,0,0.2435692697763443,2.7725772857666016,21.419431686401367,37,25,30,0,
2025-12-30 10:12:23.098000,8d,Toxicity,Original,,71.95823669433594,1.6997849941253662,115.5820541381836,1.62956702709198,1.8688281774520874,0.18877145648002625,11.153897285461426,8.250335693359375,5.6722412109375,0.33164066076278687,0.5631203651428223,0.3388211131095886,12.210015296936035,174.2083740234375,0.1965840458869934,4.160485744476318,35.720767974853516,37,25,30,50,
2025-12-30 10:12:23.098000,FinePointe Series WBP [SN 139781]  Site 4 Bias Flow is out of range.,,,,,,,,,,,,,,,,,,,,,,,,,
2025-12-30 10:12:23.098000,FinePointe Series WBP [SN 10499C]  Site 3 Bias Flow is out of range.,,,,,,,,,,,,,,,,,,,,,,,,,
2025-12-30 10:12:25.098000,8d,Toxicity,Original,,67.28125,2.461705446243286,147.23751831054688,1.5534595251083374,1.7586652040481567,0.22401775419712067,11.153897285461426,11.94775104522705,7.61406135559082,0.3833087384700775,0.5848057270050049,0.5732085704803467,11.557974815368652,79.30985260009766,0.22023749351501465,5.392162799835205,33.38656234741211,37,25,30,25,
2025-12-30 10:12:27.098000,8d,Toxicity,Original,,52.05636978149414,2.528168201446533,131.60726928710938,2.510016918182373,2.3416194915771484,0.10497742891311646,11.153897285461426,11.672060012817383,8.284228324890137,0.4476832449436188,0.7049134373664856,0.5074436068534851,9.037393569946289,118.31692504882812,0.2156616598367691,1.7220687866210938,18.679931640625,37,25,30,50,
2025-12-30 10:12:29.098000,8d,Toxicity,Original,,122.47106170654297,1.111168622970581,71.5721664428711,0.9784039855003357,0.9061028957366943,0.5130093097686768,11.153897285461426,5.268052101135254,4.186621189117432,0.28394392132759094,0.3688632547855377,0.26766616106033325,21.67369842529297,47.99775314331055,0.1879241168498993,18.36925506591797,25.969144821166992,37,25,30,25,
2025-12-30 10:12:31.098000,8d,Toxicity,Original,,49.371524810791016,3.5988855361938477,177.68246459960938,2.4042999744415283,2.393861770629883,0.1999816596508026,11.153897285461426,16.62116241455078,11.820611953735352,0.4052010774612427,0.8100743293762207,0.5632487535476685,16.193078994750977,138.5978240966797,0.2452336996793747,3.2951250076293945,6.336947441101074,37,25,30,50,
2025-12-30 10:12:33.098000,8d,Toxicity,Original,,55.902706146240234,3.3266308307647705,185.96766662597656,0.797698438167572,0.8876124024391174,0.36509785056114197,11.153897285461426,14.195262908935547,10.054147720336914,0.4597591161727905,0.613534152507782,0.744433581829071,34.71016311645508,0,0.33852434158325195,13.783607482910156,12.519754409790039,37,25,30,50,
2025-12-30 10:12:33.098000,FinePointe Series WBP [SN 139781]  Site 4 Bias Flow is out of range.,,,,,,,,,,,,,,,,,,,,,,,,,
2025-12-30 10:12:33.098000,FinePointe Series WBP [SN 10499C]  Site 3 Bias Flow is out of range.,,,,,,,,,,,,,,,,,,,,,,,,,
2025-12-30 10:12:35.098000,8d,Toxicity,Original,,57.264991760253906,2.69883131980896,154.54855346679688,0.9059581160545349,1.246638536453247,0.18196120858192444,11.153897285461426,13.343575477600098,7.456436634063721,0.4762101471424103,0.5715504288673401,0.28878626227378845,19.398656845092773,0,0.2625637352466583,7.2440595626831055,10.320796966552734,37,25,30,75,
2025-12-30 10:12:37.098000,8d,Toxicity,Original,,53.551116943359375,3.431147336959839,183.7417755126953,1.345078706741333,1.355873942375183,0.2406814992427826,11.153897285461426,15.680295944213867,11.568270683288574,0.4390263557434082,0.6813984513282776,0.2287760078907013,21.030054092407227,361.3497314453125,0.29832708835601807,2.972024917602539,,37,25,30,75,
2025-12-30 10:12:39.098000,8d,Toxicity,Original,,174.04847717285156,0.996789813041687,92.57011413574219,0.5272343158721924,0.910633385181427,0.522042989730835,11.153897285461426,7.4535040855407715,3.575483798980713,0.22591552138328552,0.2893948554992676,0.2807202935218811,14.940425872802734,0,0.14695005118846893,4.541327476501465,12.386570930480957,37,25,30,75,
2025-12-30 10:12:41.098000,8d,Toxicity,Original,,142.1099090576172,0.9966572523117065,71.2470703125,1.3684337139129639,1.386271357536316,0.26825955510139465,11.153897285461426,5.440823554992676,4.908583164215088,0.21896599233150482,0.4021817743778229,0.25698915123939514,8.642443656921387,123.06082916259766,0.1617080718278885,4.887202739715576,19.978113174438477,37,25,30,25,
2025-12-30 10:12:41.098000,FinePointe Series WBP [SN 10499C]  Site 4 Bias Flow is out of range.,,,,,,,,,,,,,,,,,,,,,,,,,
2025-12-30 10:12:43.098000,8d,Toxicity,Original,,290.95989990234375,0.10749062895774841,31.275461196899414,0.6535196900367737,0.6602910757064819,0.5726704001426697,11.153897285461426,1.7175064086914062,1.7338330745697021,0.11191890388727188,0.09429507702589035,0.1549462378025055,11.459688186645508,0,0.0583292581140995,19.57781410217285,26.506885528564453,37,25,30,50,
2025-12-30 10:12:43.098000,FinePointe Series WBP [SN 139781]  Site 4 Bias Flow is out of range.,,,,,,,,,,,,,,,,,,,,,,,,,
2025-12-30 10:12:43.098000,FinePointe Series WBP [SN 10499C]  Site 3 Bias Flow is out of range.,,,,,,,,,,,,,,,,,,,,,,,,,
2025-12-30 10:12:45.098000,8d,Toxicity,Original,,61.742374420166016,1.7274119853973389,106.58038330078125,1.1875314712524414,1.316070795059204,0.33332687616348267,11.153897285461426,9.161290168762207,6.147445201873779,0.46385350823402405,0.5104857683181763,0.5117703080177307,12.35657787322998,0,0.22787810862064362,3.3423824310302734,45.24293518066406,37,25,30,66.66666412353516,
2025-12-30 10:12:47.098000,8d,Toxicity,Original,,58.943058013916016,3.097944736480713,182.60232543945312,1.0476046800613403,1.1990678310394287,0.27149462699890137,11.153897285461426,14.936809539794922,10.111969947814941,0.4728010892868042,0.5451304912567139,0.5352407693862915,13.526723861694336,0,0.2591152787208557,4.548853397369385,28.251922607421875,37,25,30,50,
2025-12-30 10:12:49.098000,8d,Toxicity,Original,,59.41679000854492,1.828839659690857,108.66378021240234,2.525172472000122,2.7769908905029297,0.21230947971343994,11.153897285461426,11.885022163391113,8.414690017700195,0.32214024662971497,0.6876753568649292,0.6198948621749878,12.114618301391602,225.04782104492188,0.18572749197483063,6.828591346740723,15.363680839538574,37,25,30,75,
2025-12-30 10:12:51.098000,8d,Toxicity,Original,,91.34256744384766,1.814524531364441,100.34194946289062,0.8163014054298401,0.8633435368537903,0.41266098618507385,11.153897285461426,8.497980117797852,6.0489726066589355,0.39889806509017944,0.42786282300949097,0.45645785331726074,20.58707046508789,0,0.22976453602313995,23.24758529663086,13.654827117919922,37,25,30,33.33333206176758,
2025-12-30 10:12:51.098000,FinePointe Series WBP [SN 10499C]  Site 4 Bias Flow is out of range.,,,,,,,,,,,,,,,,,,,,,,,,,
2025-12-30 10:12:53.098000,8d,Toxicity,Original,,52.93912887573242,2.5411667823791504,134.52716064453125,2.623621702194214,2.8273754119873047,0.1886538565158844,11.153897285461426,11.8536376953125,8.18242359161377,0.3488715589046478,0.7845055460929871,0.35368579626083374,11.043622016906738,180.382568359375,0.209260493516922,2.1476478576660156,10.67879581451416,37,25,30,50,
2025-12-30 10:12:53.098000,FinePointe Series WBP [SN 139781]  Site 4 Bias Flow is out of range.,,,,,,,,,,,,,,,,,,,,,,,,,
2025-12-30 10:12:53.098000,FinePointe Series WBP [SN 10499C]  Site 3 Bias Flow is out of range.,,,,,,,,,,,,,,,,,,,,,,,,,
2025-12-30 10:12:55.098000,8d,Toxicity,Original,,52.83401107788086,3.068310499191284,161.77597045898438,1.5410165786743164,1.74753999710083,0.26394784450531006,11.153897285461426,15.365976333618164,9.95709228515625,0.5177382230758667,0.6313788294792175,0.7307504415512085,15.076303482055664,89.81929016113281,0.23836015164852142,4.215363502502441,23.449832916259766,37,25,30,33.33333206176758,
2025-12-30 10:12:57.098000,8d,Toxicity,Original,,62.58839416503906,1.5202667713165283,95.15105438232422,0.6391038298606873,1.2144434452056885,0.13618586957454681,11.153897285461426,9.472871780395508,3.9771087169647217,0.3565259575843811,0.6021182537078857,0.1371368020772934,22.49871063232422,412.18682861328125,0.277072012424469,3.4085724353790283,38.520606994628906,37,25,30,66.66666412353516,
2025-12-30 10:12:59.098000,8d,Toxicity,Original,,177.0144500732422,1.0298670530319214,94.59700012207031,0.9607520699501038,1.1162853240966797,0.3380812406539917,11.153897285461426,6.098726272583008,4.697823524475098,0.23316636681556702,0.31715065240859985,0.3266354203224182,8.20096492767334,163.8226318359375,0.13544677197933197,19.984416961669922,19.195695877075195,37,25,30,33.33333206176758,
2025-12-30 10:13:01.098000,8d,Toxicity,Original,,49.001304626464844,3.6982436180114746,185.4605712890625,1.7333533763885498,1.8145132064819336,0.11957912147045135,11.153897285461426,17.265451431274414,10.081995010375977,0.4171029329299927,0.9254264831542969,0.7055281400680542,19.791271209716797,561.5396728515625,0.3264808654785156,4.287754058837891,36.52302551269531,37,25,30,50,
2025-12-30 10:13:03.098000,8d,Toxicity,Original,,92.99555969238281,1.553767442703247,87.96100616455078,0.8055092692375183,1.1126012802124023,0.5483920574188232,11.153897285461426,8.352686882019043,4.861750602722168,0.3523084223270416,0.4480755627155304,0.4112844467163086,10.445308685302734,39.50431823730469,0.22198982536792755,2.0377936363220215,7.317179203033447,37,25,30,50,
2025-12-30 10:13:03.098000,FinePointe Series WBP [SN 139781]  Site 4 Bias Flow is out of range.,,,,,,,,,,,,,,,,,,,,,,,,,
2025-12-30 10:13:03.098000,FinePointe Series WBP [SN 10499C]  Site 3 Bias Flow is out of range.,,,,,,,,,,,,,,,,,,,,,,,,,
2025-12-30 10:13:05.098000,8d,Toxicity,Original,,88.24048614501953,1.838973879814148,135.65940856933594,0.7904767990112305,0.912824273109436,0.48378050327301025,11.153897285461426,9.508784294128418,6.181273460388184,0.3430367112159729,0.4278251528739929,0.5209054350852966,13.411928176879883,0,0.21882832050323486,11.366674423217773,27.704185485839844,37,25,30,0,
2025-12-30 10:13:07.098000,8d,Toxicity,Original,,67.48684692382812,1.4055715799331665,93.34527587890625,2.0858051776885986,2.0789194107055664,0.10492056608200073,11.153897285461426,6.926071643829346,5.061833381652832,0.3769676685333252,0.5155860185623169,0.36664336919784546,7.3322906494140625,77.07038879394531,0.17886030673980713,2.8508076667785645,39.640716552734375,37,25,30,33.33333206176758,
2025-12-30 10:13:09.098000,8d,Toxicity,Original,,83.11727905273438,1.5013035535812378,106.35687255859375,1.607795000076294,2.5976502895355225,0.25324931740760803,11.153897285461426,9.2606840133667,5.659503936767578,0.271989107131958,0.4878762364387512,0.4392738938331604,10.469438552856445,84.57231903076172,0.17387470602989197,2.061293363571167,26.793062210083008,37,25,30,50,
2025-12-30 10:13:11.098000,8d,Toxicity,Original,,70.07193756103516,2.00947904586792,133.39324951171875,1.771815538406372,1.7004141807556152,0.15082529187202454,11.153897285461426,9.660146713256836,6.793129920959473,0.3933700919151306,0.4950099587440491,0.5557794570922852,8.898387908935547,115.52591705322266,0.1875811517238617,2.3883025646209717,40.70514678955078,37,25,30,0,
2025-12-30 10:13:13.098000,8d,Toxicity,Original,,60.57933807373047,2.2960362434387207,140.06121826171875,1.9268996715545654,2.1697616577148438,0.21615266799926758,11.153897285461426,12.74026870727539,8.48269271850586,0.3977508544921875,0.6098781228065491,0.6747483611106873,10.324666023254395,94.20531463623047,0.20699064433574677,2.251084327697754,28.978179931640625,37,25,30,33.33333206176758,
2025-12-30 10:13:13.098000,FinePointe Series WBP [SN 139781]  Site 4 Bias Flow is out of range.,,,,,,,,,,,,,,,,,,,,,,,,,
2025-12-30 10:13:13.098000,FinePointe Series WBP [SN 10499C]  Site 3 Bias Flow is out of range.,,,,,,,,,,,,,,,,,,,,,,,,,
2025-12-30 10:13:15.098000,8d,Toxicity,Original,,96.69493865966797,1.403139352798462,85.693603515625,1.1062434911727905,1.2211517095565796,0.3652597665786743,11.153897285461426,7.599960803985596,4.605332374572754,0.2968765199184418,0.49819546937942505,0.3498491048812866,19.078189849853516,0,0.2124597430229187,14.967024803161621,13.195528984069824,37,25,30,33.33333206176758,
2025-12-30 10:13:17.098000,8d,Toxicity,Original,,58.15503692626953,2.5489602088928223,147.33262634277344,2.102302074432373,2.0124707221984863,0.10143095254898071,11.153897285461426,12.477380752563477,7.6617279052734375,0.46494585275650024,0.5987844467163086,0.47316616773605347,9.115775108337402,74.0473403930664,0.20362113416194916,0.9667541980743408,32.1490478515625,37,25,30,33.33333206176758,
2025-12-30 10:13:19.098000,8d,Toxicity,Original,,136.47999572753906,1.3503801822662354,81.12973022460938,2.5520570278167725,1.9650650024414062,0.32078438997268677,11.153897285461426,6.782577037811279,6.323032855987549,0.26723092794418335,0.4529583156108856,0.28338274359703064,8.663330078125,103.67996978759766,0.12883488833904266,7.5686140060424805,37.55147171020508,37,25,30,33.33333206176758,
2025-12-30 10:13:21.098000,8d,Toxicity,Original,,80.6466293334961,1.3662514686584473,95.14896392822266,1.5437939167022705,1.6340219974517822,0.23050230741500854,11.153897285461426,8.217768669128418,6.394247531890869,0.32478994131088257,0.4528248906135559,0.3853940963745117,10.782386779785156,54.385231018066406,0.17558345198631287,12.321634292602539,26.358413696289062,37,25,30,33.33333206176758,
2025-12-30 10:13:23.098000,8d,Toxicity,Original,,76.34394836425781,1.69986891746521,125.01589965820312,1.1154046058654785,1.2366353273391724,0.25468209385871887,11.153897285461426,8.727231979370117,5.3851847648620605,0.3825884461402893,0.4223703145980835,0.3995561897754669,9.14267635345459,84.382080078125,0.19369059801101685,1.96479070186615,14.137589454650879,37,25,30,0,
2025-12-30 10:13:23.098000,FinePointe Series WBP [SN 139781]  Site 4 Bias Flow is out of range.,,,,,,,,,,,,,,,,,,,,,,,,,
2025-12-30 10:13:23.098000,FinePointe Series WBP [SN 10499C]  Site 3 Bias Flow is out of range.,,,,,,,,,,,,,,,,,,,,,,,,,
2025-12-30 10:13:25.098000,8d,Toxicity,Original,,97.15739440917969,1.5815112590789795,106.34893798828125,1.4381437301635742,1.3832474946975708,0.483900249004364,11.153897285461426,8.906669616699219,6.769838809967041,0.30269354581832886,0.4743173122406006,0.46665456891059875,10.766666412353516,86.0113296508789,0.2020382285118103,3.6102890968322754,12.523350715637207,37,25,30,33.33333206176758,
2025-12-30 10:13:27.098000,8d,Toxicity,Original,,72.4459228515625,1.6881879568099976,108.77312469482422,1.7299950122833252,1.6178584098815918,0.23167479038238525,11.153897285461426,8.159090042114258,5.906213283538818,0.37494325637817383,0.4965096712112427,0.32790425419807434,9.133796691894531,56.77048873901367,0.1930166780948639,1.0111149549484253,22.106882095336914,37,25,30,0,
2025-12-30 10:13:29.098000,8d,Toxicity,Original,,72.85177612304688,1.8812413215637207,115.9754409790039,1.9767624139785767,1.631274938583374,0.19373460114002228,11.153897285461426,8.726357460021973,7.483245849609375,0.39272767305374146,0.47676217555999756,0.4289134740829468,7.950291156768799,0,0.18214550614356995,5.415869235992432,23.450794219970703,37,25,30,0,
2025-12-30 10:13:31.098000,8d,Toxicity,Original,,53.28654479980469,2.98942232131958,159.29598999023438,2.7842538356781006,2.7662651538848877,0.20582595467567444,11.153897285461426,14.60824966430664,10.865234375,0.4652353525161743,0.6607524156570435,0.9095853567123413,11.736807823181152,143.2728271484375,0.18082839250564575,4.58125638961792,32.65422821044922,37,25,30,50,
2025-12-30 10:13:33.098000,8d,Toxicity,Original,,79.50511932373047,1.1700770854949951,87.04051208496094,2.032578468322754,2.299920082092285,0.24493089318275452,11.153897285461426,8.208148002624512,5.758701801300049,0.25475358963012695,0.5144534707069397,0.40958452224731445,18.669260025024414,153.8607177734375,0.16321459412574768,10.340069770812988,29.876209259033203,37,25,30,33.33333206176758,
2025-12-30 10:13:33.098000,FinePointe Series WBP [SN 139781]  Site 4 Bias Flow is out of range.,,,,,,,,,,,,,,,,,,,,,,,,,
2025-12-30 10:13:33.098000,FinePointe Series WBP [SN 10499C]  Site 3 Bias Flow is out of range.,,,,,,,,,,,,,,,,,,,,,,,,,
2025-12-30 10:13:35.098000,8d,Toxicity,Original,,44.78514099121094,3.4826698303222656,155.97186279296875,1.9076679944992065,2.2222235202789307,0.2551863193511963,11.153897285461426,16.535560607910156,9.221123695373535,0.4227529466152191,0.9169771075248718,0.4972286820411682,20.9976806640625,182.5224609375,0.2967732548713684,4.194991111755371,2.0145044326782227,37,25,30,0,
2025-12-30 10:13:37.098000,8d,Toxicity,Original,,55.997013092041016,2.590928316116333,143.8353271484375,1.7362682819366455,1.6404842138290405,0.20604468882083893,11.153897285461426,12.302787780761719,8.98067855834961,0.5035425424575806,0.5727851986885071,0.5966392159461975,11.82946491241455,0,0.222822904586792,3.033358097076416,36.00853729248047,37,25,30,60,
2025-12-30 10:13:39.098000,8d,Toxicity,Original,,46.71247100830078,3.221280574798584,150.47398376464844,2.965338945388794,2.5374250411987305,0.12086300551891327,11.153897285461426,12.817014694213867,10.615386962890625,0.5067135095596313,0.7777400612831116,0.5554590225219727,11.319001197814941,138.97442626953125,0.22419868409633636,1.7792006731033325,,37,25,30,66.66666412353516,
2025-12-30 10:13:41.098000,8d,Toxicity,Original,,95.38734436035156,1.8526188135147095,153.03614807128906,0.8020939230918884,0.9924730658531189,0.4154260754585266,11.153897285461426,9.419529914855957,6.741887092590332,0.34898829460144043,0.3254867196083069,0.516033411026001,13.11342716217041,0,0.16952134668827057,10.71884822845459,36.278221130371094,37,25,30,60,
2025-12-30 10:13:43.098000,8d,Toxicity,Original,,46.00525665283203,2.8247058391571045,129.95130920410156,3.843933582305908,3.8042850494384766,0.16024194657802582,11.153897285461426,13.415670394897461,9.852273941040039,0.4554821252822876,0.8487166166305542,0.44289228320121765,13.10403060913086,214.71908569335938,0.1814427673816681,4.232786178588867,2.5849742889404297,37,25,30,50,
2025-12-30 10:13:43.098000,FinePointe Series WBP [SN 139781]  Site 4 Bias Flow is out of range.,,,,,,,,,,,,,,,,,,,,,,,,,
2025-12-30 10:13:43.098000,FinePointe Series WBP [SN 10499C]  Site 3 Bias Flow is out of range.,,,,,,,,,,,,,,,,,,,,,,,,,
2025-12-30 10:13:45.098000,8d,Toxicity,Original,,68.12918853759766,0.6319644451141357,43.05522537231445,2.534229278564453,2.9030961990356445,0.2758874297142029,11.153897285461426,5.805142402648926,4.387453079223633,0.24998776614665985,0.6306920051574707,0.3666113317012787,14.26563835144043,350.81988525390625,0.16432687640190125,12.83449649810791,51.32539749145508,37,25,30,66.66666412353516,
2025-12-30 10:13:47.098000,8d,Toxicity,Original,,57.56556701660156,3.160384178161621,182.113037109375,1.7679990530014038,1.788464069366455,0.13619713485240936,11.153897285461426,14.964920043945312,10.167312622070312,0.42270714044570923,0.6323471069335938,0.7791392803192139,9.503759384155273,0,0.23238684237003326,3.163262128829956,25.523433685302734,37,25,30,33.33333206176758,
2025-12-30 10:13:49.098000,8d,Toxicity,Original,,80.37107849121094,1.7473152875900269,129.99710083007812,0.6874186396598816,0.8800359964370728,0.49257373809814453,11.153897285461426,8.88197135925293,5.996542930603027,0.3688264787197113,0.3944202959537506,0.349480539560318,11.8036470413208,0,0.2167677879333496,4.253780364990234,8.634822845458984,37,25,30,33.33333206176758,
2025-12-30 10:13:51.098000,8d,Toxicity,Original,,63.54335403442383,1.5162543058395386,96.34788513183594,2.131824016571045,2.6990671157836914,0.24935278296470642,11.153897285461426,10.889080047607422,6.737421989440918,0.28653451800346375,0.6577026844024658,0.4308403432369232,9.238017082214355,144.72647094726562,0.1811559796333313,3.373338460922241,34.286346435546875,37,25,30,75,
2025-12-30 10:13:53.098000,8d,Toxicity,Original,,81.69597625732422,1.6939504146575928,119.95024108886719,1.5183203220367432,1.734973430633545,0.242811381816864,11.153897285461426,9.766448974609375,6.7397074699401855,0.34128737449645996,0.43443846702575684,0.49691662192344666,12.433002471923828,60.427879333496094,0.16751492023468018,9.135441780090332,31.9273681640625,37,25,30,33.33333206176758,
2025-12-30 10:13:53.098000,FinePointe Series WBP [SN 139781]  Site 4 Bias Flow is out of range.,,,,,,,,,,,,,,,,,,,,,,,,,
2025-12-30 10:13:53.098000,FinePointe Series WBP [SN 10499C]  Site 3 Bias Flow is out of range.,,,,,,,,,,,,,,,,,,,,,,,,,
2025-12-30 10:13:55.098000,8d,Toxicity,Original,,65.54890441894531,2.2738797664642334,148.97093200683594,1.652907133102417,1.619988203048706,0.25809505581855774,11.153897285461426,11.586358070373535,8.815558433532715,0.44891613721847534,0.4672926664352417,0.6889299154281616,11.306499481201172,0,0.18584230542182922,4.72688627243042,23.385818481445312,37,25,30,0,
2025-12-30 10:13:57.098000,8d,Toxicity,Original,,98.12841796875,1.47144615650177,121.10885620117188,1.316584587097168,1.291306495666504,0.29987913370132446,11.153897285461426,8.303120613098145,6.378129005432129,0.2836666703224182,0.37046322226524353,0.4839732050895691,14.857446670532227,0,0.16970667243003845,10.470988273620605,35.90870666503906,37,25,30,40,
2025-12-30 10:13:59.098000,8d,Toxicity,Original,,64.3233642578125,2.4149515628814697,155.3378143310547,0.3240126669406891,0.47078099846839905,0.8324374556541443,11.153897285461426,12.41351318359375,8.636130332946777,0.401816189289093,0.5309708118438721,0.6838372945785522,13.75989818572998,0,0.3691202700138092,8.008009910583496,4.902592182159424,37,25,30,0,
2025-12-30 10:14:01.098000,8d,Toxicity,Original,,91.64680480957031,1.7785234451293945,136.71316528320312,1.3229061365127563,1.2982001304626465,0.40572214126586914,11.153897285461426,10.556673049926758,8.167928695678711,0.3282667100429535,0.4312906265258789,0.43325960636138916,11.672891616821289,0,0.19009941816329956,9.410847663879395,28.920820236206055,37,25,30,33.33333206176758,
2025-12-30 10:14:03.098000,8d,Toxicity,Original,,66.18706512451172,2.5265133380889893,165.8529815673828,1.8077967166900635,1.5313911437988281,0.15031516551971436,11.153897285461426,12.367222785949707,10.192903518676758,0.4020433723926544,0.5060920715332031,0.6711032390594482,7.234275817871094,0,0.20384028553962708,0.7607648372650146,30.230337142944336,37,25,30,60,
2025-12-30 10:14:03.098000,FinePointe Series WBP [SN 139781]  Site 4 Bias Flow is out of range.,,,,,,,,,,,,,,,,,,,,,,,,,
2025-12-30 10:14:03.098000,FinePointe Series WBP [SN 10499C]  Site 3 Bias Flow is out of range.,,,,,,,,,,,,,,,,,,,,,,,,,
2025-12-30 10:14:05.098000,8d,Toxicity,Original,,78.54740142822266,2.078390598297119,155.84829711914062,1.183813452720642,0.9969320297241211,0.32215332984924316,11.153897285461426,8.430441856384277,8.94566535949707,0.4214179515838623,0.35709571838378906,0.5955227613449097,7.702047824859619,0,0.18347273766994476,4.256008148193359,10.288158416748047,37,25,30,0,
2025-12-30 10:14:07.098000,8d,Toxicity,Original,,63.47978210449219,1.7955732345581055,108.28121185302734,3.2158002853393555,3.5133328437805176,0.10040222108364105,11.153897285461426,9.961463928222656,6.293081283569336,0.36564013361930847,0.5944727659225464,0.4571598172187805,8.285918235778809,154.20657348632812,0.1429917812347412,0.6747421622276306,35.78789520263672,37,25,30,50,
2025-12-30 10:14:09.098000,8d,Toxicity,Original,,60.448707580566406,2.706784248352051,162.36871337890625,1.485590934753418,1.4685993194580078,0.15259701013565063,11.153897285461426,12.23362922668457,9.045645713806152,0.439656138420105,0.5556392073631287,0.512936532497406,9.19865894317627,0,0.23159101605415344,3.836578369140625,19.254642486572266,37,25,30,50,
2025-12-30 10:14:11.098000,8d,Toxicity,Original,,70.20111083984375,2.077597141265869,143.77154541015625,2.901116371154785,2.408596992492676,0.1679445505142212,11.153897285461426,10.759031295776367,9.211938858032227,0.3931826949119568,0.4636080861091614,0.7044018507003784,7.733859062194824,69.02271270751953,0.15056617558002472,2.0968849658966064,22.352537155151367,37,25,30,0,
2025-12-30 10:14:13.098000,8d,Toxicity,Original,,74.20191955566406,2.5451340675354004,186.62997436523438,1.2701162099838257,1.3610891103744507,0.2485935091972351,11.153897285461426,12.589407920837402,8.940917015075684,0.3746146857738495,0.45272552967071533,0.5511940121650696,10.086612701416016,0,0.1962195634841919,4.086353302001953,20.96654510498047,37,25,30,33.33333206176758,
2025-12-30 10:14:13.098000,FinePointe Series WBP [SN 139781]  Site 4 Bias Flow is out of range.,,,,,,,,,,,,,,,,,,,,,,,,,
2025-12-30 10:14:13.098000,FinePointe Series WBP [SN 10499C]  Site 3 Bias Flow is out of range.,,,,,,,,,,,,,,,,,,,,,,,,,
2025-12-30 10:14:15.098000,8d,Toxicity,Original,,114.46858215332031,1.4141507148742676,106.35630798339844,0.8084644675254822,0.9193810224533081,0.6285715103149414,11.153897285461426,8.208765983581543,5.66958475112915,0.2567474842071533,0.3846469521522522,0.44887471199035645,11.15793514251709,0,0.20257160067558289,7.9787187576293945,21.266319274902344,37,25,30,0,
2025-12-30 10:14:17.098000,8d,Toxicity,Original,,74.53208923339844,1.9458112716674805,126.2184829711914,1.5529569387435913,1.855041742324829,0.2946512699127197,11.153897285461426,10.072489738464355,7.053130626678467,0.37078142166137695,0.49642109870910645,0.5472372770309448,16.687522888183594,150.17221069335938,0.17727544903755188,11.04195785522461,31.606767654418945,37,25,30,33.33333206176758,
2025-12-30 10:14:19.098000,8d,Toxicity,Original,,93.47100067138672,1.6778548955917358,127.03595733642578,1.3211041688919067,1.2061182260513306,0.29400235414505005,11.153897285461426,9.553258895874023,7.082332611083984,0.319420725107193,0.4003717303276062,0.492911696434021,37.21367645263672,0,0.19926060736179352,12.595547676086426,24.018320083618164,37,25,30,0,
2025-12-30 10:14:21.098000,8d,Toxicity,Original,,68.59683227539062,2.6446971893310547,181.2174072265625,1.283421277999878,1.2596850395202637,0.20186197757720947,11.153897285461426,12.523820877075195,9.960854530334473,0.4191989302635193,0.4561278820037842,0.729278564453125,10.429544448852539,0,0.20867076516151428,6.233081817626953,26.936765670776367,37,25,30,33.33333206176758,
2025-12-30 10:14:23.098000,8d,Toxicity,Original,,76.36468505859375,1.9155104160308838,147.55560302734375,1.9534636735916138,2.1630818843841553,0.41488200426101685,11.153897285461426,9.180932998657227,7.535836219787598,0.3207710385322571,0.46815282106399536,0.3772619366645813,7.926587104797363,81.24381256103516,0.17276863753795624,1.8153595924377441,25.54846954345703,37,25,30,33.33333206176758,
2025-12-30 10:14:23.098000,FinePointe Series WBP [SN 139781]  Site 4 Bias Flow is out of range.,,,,,,,,,,,,,,,,,,,,,,,,,
2025-12-30 10:14:23.098000,FinePointe Series WBP [SN 10499C]  Site 3 Bias Flow is out of range.,,,,,,,,,,,,,,,,,,,,,,,,,
2025-12-30 10:14:25.098000,8d,Toxicity,Original,,72.229736328125,2.04910945892334,135.18722534179688,2.1101622581481934,1.5444316864013672,0.19667312502861023,11.153897285461426,8.447683334350586,7.700427055358887,0.4610643684864044,0.42013055086135864,0.5780312418937683,7.479459285736084,0,0.16811946034431458,1.5376254320144653,17.649253845214844,37,25,30,33.33333206176758,
2025-12-30 10:14:27.098000,8d,Toxicity,Original,,105.05905151367188,1.4584951400756836,116.18473815917969,1.8564975261688232,1.338709831237793,0.3338191509246826,11.153897285461426,8.17685317993164,6.474132537841797,0.29798567295074463,0.34511902928352356,0.4705115556716919,8.112829208374023,0,0.15368562936782837,5.577942371368408,25.4105224609375,37,25,30,25,
2025-12-30 10:14:29.098000,8d,Toxicity,Original,,62.48587417602539,2.2039241790771484,131.86831665039062,1.5312457084655762,1.668219804763794,0.552803635597229,11.153897285461426,10.547836303710938,7.169338226318359,0.4041661322116852,0.5763435363769531,0.3913872241973877,8.452835083007812,138.99427795410156,0.2229171097278595,4.763558864593506,21.581817626953125,37,25,30,0,
2025-12-30 10:14:31.098000,8d,Toxicity,Original,,80.95162963867188,2.354947566986084,188.34310913085938,1.219268560409546,1.2047070264816284,0.2977181077003479,11.153897285461426,11.831241607666016,9.775260925292969,0.3357110619544983,0.40974530577659607,0.6861727833747864,9.998506546020508,0,0.190103679895401,4.182463645935059,28.00107192993164,37,25,30,33.33333206176758,
2025-12-30 10:14:33.098000,8d,Toxicity,Original,,79.13843536376953,2.2354817390441895,170.057373046875,1.1795556545257568,1.2768733501434326,0.16807393729686737,11.153897285461426,10.354410171508789,7.331402778625488,0.36988866329193115,0.4025607407093048,0.5186982750892639,8.34245491027832,0,0.17915844917297363,2.8141531944274902,26.1151065826416,37,25,30,50,
2025-12-30 10:14:33.098000,FinePointe Series WBP [SN 139781]  Site 4 Bias Flow is out of range.,,,,,,,,,,,,,,,,,,,,,,,,,
2025-12-30 10:14:33.098000,FinePointe Series WBP [SN 10499C]  Site 3 Bias Flow is out of range.,,,,,,,,,,,,,,,,,,,,,,,,,
2025-12-30 10:14:35.098000,8d,Toxicity,Original,,92.51748657226562,1.8638479709625244,128.4870147705078,1.4076244831085205,1.219106674194336,0.3982401490211487,11.153897285461426,8.904581069946289,7.464799404144287,0.3481252193450928,0.41860997676849365,0.5077555179595947,10.407675743103027,0,0.19181594252586365,6.501782417297363,13.357911109924316,37,25,30,0,
2025-12-30 10:14:37.098000,8d,Toxicity,Original,,79.0680160522461,1.822338342666626,134.05145263671875,1.4258018732070923,1.50266432762146,0.25574633479118347,11.153897285461426,8.803650856018066,6.601082801818848,0.33937931060791016,0.4360828697681427,0.5169146060943604,9.336708068847656,39.43474197387695,0.18119314312934875,3.951310157775879,28.297632217407227,37,25,30,0,
2025-12-30 10:14:39.098000,8d,Toxicity,Original,,66.11674499511719,1.8321332931518555,120.21881103515625,2.6941189765930176,2.8863525390625,0.19440487027168274,11.153897285461426,9.885589599609375,6.714295387268066,0.33321815729141235,0.5834448337554932,0.5454233884811401,8.644681930541992,128.68768310546875,0.15362057089805603,2.9560751914978027,28.762901306152344,37,25,30,0,
2025-12-30 10:14:41.098000,8d,Toxicity,Original,,71.24551391601562,2.051802635192871,144.82763671875,2.3183212280273438,2.0321905612945557,0.21608400344848633,11.153897285461426,8.742572784423828,8.724845886230469,0.3716970682144165,0.47307348251342773,0.5083218216896057,8.67288589477539,56.459442138671875,0.16741406917572021,4.147461414337158,22.706411361694336,37,25,30,0,
2025-12-30 10:14:43.098000,8d,Toxicity,Original,,76.5611572265625,2.1202285289764404,159.6505126953125,1.9135377407073975,1.7485883235931396,0.3060433268547058,11.153897285461426,12.061043739318848,9.12474536895752,0.3394383192062378,0.4656135141849518,0.7340107560157776,11.86620044708252,90.3387222290039,0.17638568580150604,6.217513084411621,28.556867599487305,37,25,30,0,
2025-12-30 10:14:43.098000,FinePointe Series WBP [SN 139781]  Site 4 Bias Flow is out of range.,,,,,,,,,,,,,,,,,,,,,,,,,
2025-12-30 10:14:43.098000,FinePointe Series WBP [SN 10499C]  Site 3 Bias Flow is out of range.,,,,,,,,,,,,,,,,,,,,,,,,,
2025-12-30 10:14:45.098000,8d,Toxicity,Original,,66.27096557617188,2.0658655166625977,131.55142211914062,2.436131477355957,2.113957405090332,0.21011117100715637,11.153897285461426,10.518956184387207,8.783295631408691,0.42211616039276123,0.5076156854629517,0.6972686052322388,8.312749862670898,92.22252655029297,0.16590984165668488,3.7336950302124023,34.801490783691406,37,25,30,0,
2025-12-30 10:14:47.098000,8d,Toxicity,Original,,68.78852844238281,2.634296417236328,181.20938110351562,1.1477073431015015,1.2359789609909058,0.14620114862918854,11.153897285461426,14.255233764648438,9.092204093933105,0.3797662556171417,0.49247220158576965,0.7020440697669983,9.05575942993164,0,0.22511351108551025,1.827647089958191,16.32113265991211,37,25,30,0,
2025-12-30 10:14:49.098000,8d,Toxicity,Original,,71.80036926269531,2.268756866455078,160.9039306640625,1.7984395027160645,1.586493968963623,0.2213907241821289,11.153897285461426,10.284547805786133,8.584465026855469,0.38939541578292847,0.44795671105384827,0.5973359942436218,9.095226287841797,28.41312599182129,0.17831182479858398,2.6253435611724854,24.51396369934082,37,25,30,25,
2025-12-30 10:14:51.098000,8d,Toxicity,Original,,78.93901824951172,1.5959737300872803,109.9566421508789,3.397191047668457,2.8212270736694336,0.17814314365386963,11.153897285461426,8.193653106689453,7.9488444328308105,0.3344040513038635,0.487552285194397,0.5210421085357666,8.362756729125977,128.1918487548828,0.12584063410758972,9.306563377380371,33.38730239868164,37,25,30,0,
2025-12-30 10:14:53.098000,8d,Toxicity,Original,,83.0462417602539,2.092902183532715,148.67945861816406,1.4934738874435425,1.2532762289047241,0.31817981600761414,11.153897285461426,10.505196571350098,8.805719375610352,0.35995611548423767,0.4222262501716614,0.6369329690933228,12.229948997497559,33.612186431884766,0.19357410073280334,11.45073127746582,23.763267517089844,37,25,30,0,
2025-12-30 10:14:53.098000,FinePointe Series WBP [SN 139781]  Site 4 Bias Flow is out of range.,,,,,,,,,,,,,,,,,,,,,,,,,
2025-12-30 10:14:55.098000,8d,Toxicity,Original,,100.00218200683594,1.9313926696777344,144.24215698242188,1.483128547668457,1.2821325063705444,0.43405619263648987,11.153897285461426,9.851171493530273,7.790009498596191,0.354137122631073,0.3677934408187866,0.5085441470146179,9.307130813598633,0,0.15896613895893097,8.848295211791992,21.00426483154297,37,25,30,33.33333206176758,
2025-12-30 10:14:55.098000,FinePointe Series WBP [SN 10499C]  Site 3 Bias Flow is out of range.,,,,,,,,,,,,,,,,,,,,,,,,,
2025-12-30 10:14:57.098000,8d,Toxicity,Original,,87.69759368896484,1.9409199953079224,150.27593994140625,1.443619966506958,1.0999226570129395,0.3038289248943329,11.153897285461426,8.93242073059082,7.791051864624023,0.35266759991645813,0.3566255569458008,0.6065407991409302,8.345987319946289,0,0.17317791283130646,4.99022102355957,21.579349517822266,37,25,30,0,
2025-12-30 10:14:59.098000,8d,Toxicity,Original,,75.65667724609375,2.087118625640869,142.7642822265625,2.3759491443634033,2.025362968444824,0.17352332174777985,11.153897285461426,9.66230583190918,8.014312744140625,0.3717099130153656,0.46916475892066956,0.5159198045730591,8.202430725097656,47.414546966552734,0.15859505534172058,3.0583066940307617,25.139387130737305,37,25,30,0,
2025-12-30 10:15:01.098000,8d,Toxicity,Original,,88.282958984375,1.665198802947998,113.28865051269531,1.2045879364013672,1.3163723945617676,0.38823550939559937,11.153897285461426,9.536886215209961,7.541136741638184,0.26423221826553345,0.46905454993247986,0.34696128964424133,24.643156051635742,54.01605987548828,0.20891740918159485,12.045955657958984,20.087181091308594,37,25,30,50,
2025-12-30 10:15:03.098000,8d,Toxicity,Original,,61.64771270751953,2.9548683166503906,183.26467895507812,1.8813416957855225,1.4545787572860718,0.15158742666244507,11.153897285461426,12.38958740234375,11.866179466247559,0.46846166253089905,0.5071569681167603,0.5059846639633179,7.697179317474365,0,0.21191923320293427,2.904294490814209,23.555953979492188,37,25,30,0,
2025-12-30 10:15:03.098000,FinePointe Series WBP [SN 139781]  Site 4 Bias Flow is out of range.,,,,,,,,,,,,,,,,,,,,,,,,,
2025-12-30 10:15:03.098000,FinePointe Series WBP [SN 10499C]  Site 3 Bias Flow is out of range.,,,,,,,,,,,,,,,,,,,,,,,,,
2025-12-30 10:15:05.098000,8d,Toxicity,Original,,77.24028015136719,2.2429041862487793,160.51617431640625,1.2719308137893677,1.1724910736083984,0.22045257687568665,11.153897285461426,10.020278930664062,8.233028411865234,0.4241917133331299,0.39806658029556274,0.6036347150802612,7.894267559051514,0,0.186818465590477,4.111354351043701,19.61945343017578,37,25,30,0,
2025-12-30 10:15:07.098000,8d,Toxicity,Original,,94.54865264892578,1.879755973815918,157.7377166748047,0.8830191493034363,0.9385604858398438,0.45497235655784607,11.153897285461426,9.95712661743164,7.580904006958008,0.32912468910217285,0.34094858169555664,0.5328783988952637,10.050837516784668,0,0.1765231490135193,6.971654891967773,18.418607711791992,37,25,30,33.33333206176758,
2025-12-30 10:15:09.098000,8d,Toxicity,Original,,89.74159240722656,1.9597797393798828,156.638671875,1.054740071296692,1.022205114364624,0.35868412256240845,11.153897285461426,9.42163372039795,8.593867301940918,0.3646106719970703,0.34622713923454285,0.6592893600463867,11.712575912475586,0,0.17429515719413757,10.539838790893555,24.504737854003906,37,25,30,0,
2025-12-30 10:15:11.098000,8d,Toxicity,Original,,102.142578125,1.6779720783233643,160.34353637695312,1.418197512626648,1.425217628479004,0.3360459506511688,11.153897285461426,9.027093887329102,8.604560852050781,0.28920531272888184,0.3148513436317444,0.6532168388366699,8.693380355834961,39.34210968017578,0.13970834016799927,9.381634712219238,30.034536361694336,37,25,30,40,
2025-12-30 10:15:13.098000,8d,Toxicity,Original,,67.70115661621094,2.70272159576416,180.1614990234375,1.8711397647857666,1.621504545211792,0.14809668064117432,11.153897285461426,11.90477466583252,9.927072525024414,0.39386484026908875,0.49984320998191833,0.5228911638259888,9.229776382446289,0,0.19715958833694458,2.5710160732269287,26.870849609375,37,25,30,0,
2025-12-30 10:15:13.098000,FinePointe Series WBP [SN 139781]  Site 4 Bias Flow is out of range.,,,,,,,,,,,,,,,,,,,,,,,,,
2025-12-30 10:15:13.098000,FinePointe Series WBP [SN 10499C]  Site 3 Bias Flow is out of range.,,,,,,,,,,,,,,,,,,,,,,,,,
2025-12-30 10:15:15.098000,8d,Toxicity,Original,,79.51065063476562,2.0855865478515625,162.90005493164062,1.005532145500183,0.9755530953407288,0.5722305774688721,11.153897285461426,9.79374885559082,7.856901168823242,0.3662654161453247,0.3951570391654968,0.6359855532646179,18.81783676147461,0,0.21199733018875122,9.38941764831543,16.420082092285156,37,25,30,0,
2025-12-30 10:15:17.098000,8d,Toxicity,Original,,85.0133056640625,1.8259763717651367,148.8275909423828,1.2322734594345093,1.3263659477233887,0.4218352735042572,11.153897285461426,8.424639701843262,7.666928768157959,0.34959954023361206,0.3701031804084778,0.6324599981307983,8.518522262573242,50.38595962524414,0.16211727261543274,8.097797393798828,25.193716049194336,37,25,30,0,
2025-12-30 10:15:19.098000,8d,Toxicity,Original,,79.54806518554688,2.2289671897888184,172.44297790527344,1.414215087890625,1.163767695426941,0.23184621334075928,11.153897285461426,9.75767707824707,9.073562622070312,0.4236159324645996,0.3515250086784363,0.6111180782318115,7.4383864402771,0,0.1663750857114792,4.1407365798950195,16.751131057739258,37,25,30,0,
2025-12-30 10:15:21.098000,8d,Toxicity,Original,,76.47911071777344,1.8317224979400635,126.03742218017578,1.7387430667877197,1.7157939672470093,0.1964542418718338,11.153897285461426,9.497589111328125,7.180428981781006,0.3600732088088989,0.4537067711353302,0.5551085472106934,28.76343536376953,106.61442565917969,0.17051266133785248,10.948161125183105,28.073841094970703,37,25,30,0,
2025-12-30 10:15:23.098000,8d,Toxicity,Original,,82.50784301757812,1.676654577255249,139.2772674560547,2.0229039192199707,1.9679155349731445,0.2050454020500183,11.153897285461426,8.32000732421875,7.7134599685668945,0.3228868544101715,0.4069845974445343,0.561712384223938,8.037460327148438,60.14141082763672,0.1416957974433899,5.19625186920166,22.2620849609375,37,25,30,0,
2025-12-30 10:15:23.098000,FinePointe Series WBP [SN 139781]  Site 4 Bias Flow is out of range.,,,,,,,,,,,,,,,,,,,,,,,,,
2025-12-30 10:15:23.098000,FinePointe Series WBP [SN 10499C]  Site 3 Bias Flow is out of range.,,,,,,,,,,,,,,,,,,,,,,,,,
2025-12-30 10:15:25.098000,8d,Toxicity,Original,,94.6646957397461,1.6603450775146484,131.3448028564453,1.1363619565963745,1.1015276908874512,0.4287382960319519,11.153897285461426,8.381436347961426,7.185572147369385,0.34599602222442627,0.36211711168289185,0.5196710824966431,10.878461837768555,0,0.1745053380727768,8.04998779296875,21.145700454711914,37,25,30,0,
2025-12-30 10:15:27.098000,8d,Toxicity,Original,,66.80332946777344,2.5535800457000732,166.65943908691406,2.270456314086914,2.2942142486572266,0.2620899975299835,11.153897285461426,11.57946491241455,9.493368148803711,0.36721503734588623,0.5430541038513184,0.6926230192184448,9.276205062866211,107.45343017578125,0.17312872409820557,5.35612678527832,30.840396881103516,37,25,30,0,
2025-12-30 10:15:29.098000,8d,Toxicity,Original,,94.76924133300781,1.792624592781067,141.46022033691406,0.9672049283981323,1.0001704692840576,0.46594202518463135,11.153897285461426,8.617731094360352,7.162254333496094,0.37289193272590637,0.3365144431591034,0.5823950171470642,9.888304710388184,0,0.17453089356422424,9.057343482971191,18.61797523498535,37,25,30,0,
2025-12-30 10:15:31.098000,8d,Toxicity,Original,,64.78345489501953,2.5449604988098145,165.10557556152344,2.147482395172119,1.680800199508667,0.16829058527946472,11.153897285461426,9.97077751159668,9.604793548583984,0.46459221839904785,0.46830207109451294,0.6893900632858276,7.099437713623047,64.03622436523438,0.1806114763021469,4.553798675537109,28.68402099609375,37,25,30,0,
2025-12-30 10:15:33.098000,8d,Toxicity,Original,,81.03595733642578,2.0541293621063232,157.96067810058594,0.9415838122367859,0.9168753027915955,0.45312684774398804,11.153897285461426,9.022391319274902,7.687614440917969,0.3876437544822693,0.365677148103714,0.6300570964813232,9.277438163757324,0,0.19638271629810333,4.626830101013184,14.886731147766113,37,25,30,0,
2025-12-30 10:15:33.098000,FinePointe Series WBP [SN 139781]  Site 4 Bias Flow is out of range.,,,,,,,,,,,,,,,,,,,,,,,,,
2025-12-30 10:15:33.098000,FinePointe Series WBP [SN 10499C]  Site 3 Bias Flow is out of range.,,,,,,,,,,,,,,,,,,,,,,,,,
2025-12-30 10:15:35.098000,8d,Toxicity,Original,,83.21446228027344,1.9797186851501465,165.32379150390625,1.4836950302124023,1.2696592807769775,0.24206136167049408,11.153897285461426,9.89535903930664,9.420156478881836,0.3224925696849823,0.4113316535949707,0.6185575723648071,10.293198585510254,0,0.18849985301494598,4.659234046936035,23.124866485595703,37,25,30,0,
2025-12-30 10:15:37.098000,8d,Toxicity,Original,,68.59113311767578,2.5331473350524902,171.61843872070312,2.114041805267334,1.8160362243652344,0.22004850208759308,11.153897285461426,10.725543975830078,10.112213134765625,0.4293254613876343,0.4728567600250244,0.6973276138305664,7.156233787536621,59.56289291381836,0.1756420135498047,4.225228309631348,26.033546447753906,37,25,30,25,
2025-12-30 10:15:39.098000,8d,Toxicity,Original,,71.9267578125,2.4001364707946777,172.64382934570312,1.3550148010253906,1.3306026458740234,0.17499703168869019,11.153897285461426,10.381834030151367,8.202385902404785,0.3942262828350067,0.4399556815624237,0.48563575744628906,7.798186302185059,0,0.19472059607505798,4.441274166107178,23.225507736206055,37,25,30,0,
2025-12-30 10:15:41.098000,8d,Toxicity,Original,,74.03001403808594,2.24955415725708,166.3109588623047,1.725351095199585,1.5159250497817993,0.2829176187515259,11.153897285461426,10.457505226135254,9.21529769897461,0.38567760586738586,0.42544376850128174,0.7333211898803711,8.836970329284668,27.52851104736328,0.17390485107898712,4.759866237640381,26.467763900756836,37,25,30,0,
2025-12-30 10:15:43.098000,8d,Toxicity,Original,,90.26553344726562,2.037426710128784,180.16571044921875,1.1118977069854736,1.012715458869934,0.2755676507949829,11.153897285461426,8.9454345703125,9.293021202087402,0.3602842688560486,0.31095099449157715,0.7306509017944336,7.549551486968994,0,0.15988761186599731,8.142303466796875,24.486042022705078,37,25,30,33.33333206176758,
2025-12-30 10:15:43.098000,FinePointe Series WBP [SN 139781]  Site 4 Bias Flow is out of range.,,,,,,,,,,,,,,,,,,,,,,,,,
2025-12-30 10:15:43.098000,FinePointe Series WBP [SN 10499C]  Site 3 Bias Flow is out of range.,,,,,,,,,,,,,,,,,,,,,,,,,
2025-12-30 10:15:45.098000,8d,Toxicity,Original,,98.01788330078125,2.071286678314209,172.06649780273438,1.141523003578186,1.0119436979293823,0.3873129189014435,11.153897285461426,9.393621444702148,8.966357231140137,0.32411861419677734,0.35488906502723694,0.6434937715530396,23.74063491821289,0,0.18078456819057465,13.396648406982422,19.768047332763672,37,25,30,0,
2025-12-30 10:15:47.098000,8d,Toxicity,Original,,81.72349548339844,2.1875717639923096,174.04957580566406,1.7290841341018677,1.463793158531189,0.3085988759994507,11.153897285461426,9.843611717224121,9.758354187011719,0.3750606179237366,0.3760643005371094,0.7414133548736572,8.40759563446045,43.596893310546875,0.15693657100200653,4.375362396240234,20.527090072631836,37,25,30,0,
2025-12-30 10:15:49.098000,8d,Toxicity,Original,,99.25996398925781,1.9670437574386597,160.04052734375,0.6763213276863098,0.8190159201622009,0.5033145546913147,11.153897285461426,8.872098922729492,7.0342230796813965,0.3062834143638611,0.37106120586395264,0.5905547738075256,11.036905288696289,0,0.20662665367126465,8.857484817504883,14.285289764404297,37,25,30,0,
2025-12-30 10:15:51.098000,8d,Toxicity,Original,,96.50552368164062,1.8427642583847046,153.31459045410156,1.141299843788147,1.1246720552444458,0.41378819942474365,11.153897285461426,9.056305885314941,7.201423645019531,0.35509559512138367,0.3333820104598999,0.5785207152366638,13.348834037780762,29.270139694213867,0.16029363870620728,12.247443199157715,20.7025089263916,37,25,30,0,
2025-12-30 10:15:53.098000,8d,Toxicity,Original,,61.73321533203125,2.557811975479126,157.90194702148438,1.2496953010559082,1.1665236949920654,0.2292819768190384,11.153897285461426,11.316505432128906,9.707645416259766,0.474719762802124,0.49720436334609985,0.5559619665145874,11.507002830505371,0,0.2380472719669342,7.125526428222656,17.842514038085938,37,25,30,0,
2025-12-30 10:15:53.098000,FinePointe Series WBP [SN 139781]  Site 4 Bias Flow is out of range.,,,,,,,,,,,,,,,,,,,,,,,,,
2025-12-30 10:15:53.098000,FinePointe Series WBP [SN 10499C]  Site 3 Bias Flow is out of range.,,,,,,,,,,,,,,,,,,,,,,,,,
2025-12-30 10:15:55.098000,8d,Toxicity,Original,,73.96504974365234,2.4576261043548584,179.5669708251953,1.839124321937561,1.5774073600769043,0.29783394932746887,11.153897285461426,10.715475082397461,9.956385612487793,0.4023056626319885,0.4248332381248474,0.7221456170082092,7.241215229034424,32.02672576904297,0.16931064426898956,4.111319065093994,25.945905685424805,37,25,30,25,
2025-12-30 10:15:57.098000,8d,Toxicity,Original,,80.00740051269531,2.235358715057373,176.54481506347656,1.4466370344161987,1.1789408922195435,0.2146436870098114,11.153897285461426,9.516498565673828,8.803396224975586,0.40775546431541443,0.3610323369503021,0.6739895343780518,7.193644046783447,0,0.16950447857379913,3.7532236576080322,21.958967208862305,37,25,30,0,
2025-12-30 10:15:59.098000,8d,Toxicity,Original,,64.62831115722656,2.6234850883483887,169.03843688964844,1.643115520477295,1.170915126800537,0.30521631240844727,11.153897285461426,10.161054611206055,10.084714889526367,0.5184106230735779,0.41302743554115295,0.676904559135437,8.949575424194336,24.383474349975586,0.2016221582889557,3.0732462406158447,19.684131622314453,37,25,30,0,
2025-12-30 10:16:01.098000,8d,Toxicity,Original,,73.31332397460938,2.1861093044281006,159.67372131347656,2.183990955352783,2.0722339153289795,0.2859291732311249,11.153897285461426,9.567459106445312,8.393129348754883,0.3794330954551697,0.44068315625190735,0.6894603967666626,8.378182411193848,67.4944839477539,0.15569335222244263,5.259344100952148,23.36100196838379,37,25,30,0,
2025-12-30 10:16:03.098000,8d,Toxicity,Original,,66.89481353759766,2.196763038635254,145.0059051513672,2.3265135288238525,1.9128308296203613,0.13806042075157166,11.153897285461426,10.20173454284668,8.846479415893555,0.3965689539909363,0.5283641219139099,0.606818675994873,6.890172481536865,103.42454528808594,0.18257328867912292,2.282799482345581,28.789705276489258,37,25,30,0,
2025-12-30 10:16:03.098000,FinePointe Series WBP [SN 139781]  Site 4 Bias Flow is out of range.,,,,,,,,,,,,,,,,,,,,,,,,,
2025-12-30 10:16:05.098000,8d,Toxicity,Original,,74.35477447509766,2.015028238296509,147.5302276611328,1.7157498598098755,1.3106175661087036,0.23336026072502136,11.153897285461426,8.881052017211914,8.495795249938965,0.4202015995979309,0.3975127935409546,0.5796240568161011,8.85032844543457,13.083656311035156,0.1753200739622116,4.307979106903076,22.6699161529541,37,25,30,0,
2025-12-30 10:16:05.098000,FinePointe Series WBP [SN 10499C]  Site 3 Bias Flow is out of range.,,,,,,,,,,,,,,,,,,,,,,,,,
2025-12-30 10:16:07.098000,8d,Toxicity,Original,,64.70672607421875,2.244328737258911,145.26283264160156,1.5938634872436523,1.392246127128601,0.26992714405059814,11.153897285461426,9.73893928527832,8.151915550231934,0.4514601230621338,0.4783984422683716,0.5938242673873901,9.654069900512695,46.75691604614258,0.21286943554878235,4.9168009757995605,22.493331909179688,37,25,30,0,
2025-12-30 10:16:09.098000,8d,Toxicity,Original,,65.45126342773438,2.6120800971984863,171.6119384765625,2.5884671211242676,1.8644554615020752,0.18876966834068298,11.153897285461426,10.768388748168945,11.377365112304688,0.49805307388305664,0.42504173517227173,0.7550064325332642,7.059610366821289,75.6927261352539,0.15513212978839874,4.864474296569824,28.44693374633789,37,25,30,33.33333206176758,
2025-12-30 10:16:11.098000,8d,Toxicity,Original,,73.08633422851562,1.8974547386169434,133.2063446044922,3.4333834648132324,3.044825553894043,0.2087068259716034,11.153897285461426,9.736019134521484,8.714851379394531,0.3474615812301636,0.5681649446487427,0.662632405757904,7.239548206329346,180.33363342285156,0.1502486914396286,4.265029430389404,22.483489990234375,37,25,30,0,
2025-12-30 10:16:13.098000,8d,Toxicity,Original,,73.0751953125,2.2965471744537354,167.82064819335938,1.5415434837341309,1.090675950050354,0.17231839895248413,11.153897285461426,9.129117012023926,11.894079208374023,0.39163440465927124,0.4294376075267792,0.6548472046852112,6.824947834014893,0,0.2115311622619629,5.083142280578613,15.665623664855957,37,25,30,66.66666412353516,
2025-12-30 10:16:13.098000,FinePointe Series WBP [SN 139781]  Site 4 Bias Flow is out of range.,,,,,,,,,,,,,,,,,,,,,,,,,
2025-12-30 10:16:13.098000,FinePointe Series WBP [SN 10499C]  Site 3 Bias Flow is out of range.,,,,,,,,,,,,,,,,,,,,,,,,,
2025-12-30 10:16:15.098000,8d,Toxicity,Original,,60.256980895996094,2.3621296882629395,142.33209228515625,2.236725091934204,2.146202564239502,0.12773683667182922,11.153897285461426,11.587890625,8.272705078125,0.4104573726654053,0.5852787494659424,0.5875650644302368,9.907598495483398,127.46085357666016,0.19317227602005005,3.946816921234131,26.813968658447266,37,25,30,33.33333206176758,
2025-12-30 10:16:17.098000,8d,Toxicity,Original,,74.83078002929688,1.906257152557373,142.9656219482422,2.1437110900878906,1.7987217903137207,0.29791438579559326,11.153897285461426,8.738216400146484,8.298571586608887,0.38148245215415955,0.42058315873146057,0.7073116302490234,7.742793083190918,113.53852844238281,0.15439781546592712,5.632469177246094,28.449016571044922,37,25,30,0,
2025-12-30 10:16:19.098000,8d,Toxicity,Original,,85.42696380615234,1.8161377906799316,151.09716796875,1.4070985317230225,1.22636079788208,0.48079073429107666,11.153897285461426,8.109699249267578,8.414976119995117,0.3628624975681305,0.3491969704627991,0.6751372814178467,8.344687461853027,0,0.16379711031913757,8.373945236206055,28.280515670776367,37,25,30,25,
2025-12-30 10:16:21.098000,8d,Toxicity,Original,,79.2731704711914,1.9029964208602905,141.58474731445312,1.8689079284667969,1.8712377548217773,0.3078840672969818,11.153897285461426,8.228275299072266,6.7231597900390625,0.35346490144729614,0.44606155157089233,0.6002594828605652,8.302766799926758,72.02506256103516,0.16150438785552979,8.184758186340332,26.054092407226562,37,25,30,0,
2025-12-30 10:16:23.098000,8d,Toxicity,Original,,87.41738891601562,1.7716346979141235,131.6661376953125,1.7016102075576782,1.299622893333435,0.2748635411262512,11.153897285461426,7.945033073425293,8.053641319274902,0.39486220479011536,0.37009403109550476,0.6218723058700562,9.599475860595703,40.87649917602539,0.1627693921327591,8.330077171325684,20.160905838012695,37,25,30,0,
2025-12-30 10:16:23.098000,FinePointe Series WBP [SN 139781]  Site 4 Bias Flow is out of range.,,,,,,,,,,,,,,,,,,,,,,,,,
2025-12-30 10:16:23.098000,FinePointe Series WBP [SN 10499C]  Site 3 Bias Flow is out of range.,,,,,,,,,,,,,,,,,,,,,,,,,
2025-12-30 10:16:25.098000,8d,Toxicity,Original,,70.34062957763672,2.3642287254333496,166.30133056640625,1.0668503046035767,0.9875579476356506,0.38762304186820984,11.153897285461426,11.281095504760742,9.58177375793457,0.4041023850440979,0.44888973236083984,0.7879791855812073,14.358159065246582,0,0.2350558489561081,5.769144058227539,7.268169403076172,37,25,30,0,
2025-12-30 10:16:27.098000,8d,Toxicity,Original,,94.1913070678711,1.9426428079605103,160.0368194580078,1.2032198905944824,1.1875605583190918,0.20363199710845947,11.153897285461426,9.291443824768066,7.987587928771973,0.3268464207649231,0.36751115322113037,0.548789918422699,9.939940452575684,0,0.17103978991508484,8.698760986328125,23.74759292602539,37,25,30,57.14285659790039,
2025-12-30 10:16:29.098000,8d,Toxicity,Original,,73.99598693847656,2.204183340072632,163.10072326660156,1.1558483839035034,1.0577752590179443,0.21733081340789795,11.153897285461426,10.054819107055664,8.548699378967285,0.39673954248428345,0.41411522030830383,0.6459220051765442,9.45170783996582,0,0.20853927731513977,6.391582489013672,17.19759178161621,37,25,30,0,
2025-12-30 10:16:31.098000,8d,Toxicity,Original,,71.69992065429688,2.068614959716797,148.41384887695312,2.0932276248931885,1.6522413492202759,0.14328080415725708,11.153897285461426,9.386985778808594,9.347698211669922,0.37539762258529663,0.4629497528076172,0.5077317953109741,6.92901086807251,45.32254409790039,0.17944401502609253,2.690685987472534,27.500530242919922,37,25,30,25,
2025-12-30 10:16:33.098000,8d,Toxicity,Original,,81.0440673828125,2.3841443061828613,191.8497314453125,1.3706884384155273,1.1715301275253296,0.30500301718711853,11.153897285461426,10.742118835449219,9.262125015258789,0.36511844396591187,0.3830699920654297,0.6690241098403931,7.107356071472168,0,0.18015889823436737,2.990955352783203,30.728689193725586,37,25,30,33.33333206176758,
2025-12-30 10:16:33.098000,FinePointe Series WBP [SN 139781]  Site 4 Bias Flow is out of range.,,,,,,,,,,,,,,,,,,,,,,,,,
2025-12-30 10:16:33.098000,FinePointe Series WBP [SN 10499C]  Site 3 Bias Flow is out of range.,,,,,,,,,,,,,,,,,,,,,,,,,
2025-12-30 10:16:35.098000,8d,Toxicity,Original,,84.35648345947266,1.921971082687378,160.90225219726562,1.531813621520996,1.2303516864776611,0.19903449714183807,11.153897285461426,8.715587615966797,8.811810493469238,0.3581371605396271,0.35739365220069885,0.5873244404792786,8.474625587463379,0,0.16513985395431519,6.739912986755371,27.91118049621582,37,25,30,25,
2025-12-30 10:16:37.098000,8d,Toxicity,Original,,60.86482620239258,2.789734125137329,169.7966766357422,1.8312591314315796,1.3549057245254517,0.10991086810827255,11.153897285461426,9.092869758605957,9.530617713928223,0.5308769941329956,0.4549140930175781,0.5981372594833374,5.186290740966797,0,0.19868029654026031,2.3874425888061523,13.818547248840332,37,25,30,0,
2025-12-30 10:16:39.098000,8d,Toxicity,Original,,76.10799407958984,1.9637407064437866,141.8524627685547,1.3809430599212646,1.0873918533325195,0.4717431366443634,11.153897285461426,8.295445442199707,8.106095314025879,0.41194263100624084,0.40197956562042236,0.5334363579750061,8.133419036865234,0,0.19544218480587006,2.418388605117798,14.779982566833496,37,25,30,25,
2025-12-30 10:16:41.098000,8d,Toxicity,Original,,64.73127746582031,1.573904037475586,96.81719970703125,2.9017934799194336,2.3335583209991455,0.31213539838790894,11.153897285461426,7.211033344268799,6.772927284240723,0.44178181886672974,0.5026182532310486,0.4036344587802887,11.325291633605957,147.461669921875,0.15481019020080566,4.242125988006592,27.269962310791016,37,25,30,0,
2025-12-30 10:16:43.098000,8d,Toxicity,Original,,82.07286071777344,1.7350472211837769,137.09396362304688,1.4216971397399902,1.2339563369750977,0.267693430185318,11.153897285461426,7.856545448303223,7.540828704833984,0.35865867137908936,0.3827976584434509,0.6046253442764282,11.07492446899414,0,0.17943443357944489,9.277830123901367,21.81875991821289,37,25,30,0,
2025-12-30 10:16:43.098000,FinePointe Series WBP [SN 139781]  Site 4 Bias Flow is out of range.,,,,,,,,,,,,,,,,,,,,,,,,,
2025-12-30 10:16:43.098000,FinePointe Series WBP [SN 10499C]  Site 3 Bias Flow is out of range.,,,,,,,,,,,,,,,,,,,,,,,,,
2025-12-30 10:16:45.098000,8d,Toxicity,Original,,71.86654663085938,1.8845263719558716,135.48683166503906,2.83512020111084,2.1432859897613525,0.15683895349502563,11.153897285461426,8.660360336303711,8.507499694824219,0.3633309602737427,0.4715796113014221,0.6463980078697205,8.034255981445312,83.15544128417969,0.1632116436958313,3.7488131523132324,19.53989601135254,37,25,30,0,
2025-12-30 10:16:47.098000,8d,Toxicity,Original,,78.92494201660156,1.5378049612045288,119.44669342041016,1.9314212799072266,1.6764228343963623,0.24410153925418854,11.153897285461426,7.431558132171631,7.0383734703063965,0.34967488050460815,0.42697978019714355,0.5605349540710449,8.283020973205566,48.8865966796875,0.1655757874250412,5.439541339874268,22.14533042907715,37,25,30,25,
2025-12-30 10:16:49.098000,8d,Toxicity,Original,,65.45765686035156,2.2101640701293945,147.0337677001953,2.791680335998535,2.1845204830169678,0.13006292283535004,11.153897285461426,9.186172485351562,8.203885078430176,0.4183032810688019,0.5066448450088501,0.6176321506500244,8.513472557067871,76.71721649169922,0.17129188776016235,3.859220266342163,28.625070571899414,37,25,30,0,
2025-12-30 10:16:51.098000,8d,Toxicity,Original,,80.05845642089844,1.7804523706436157,137.79293823242188,1.1158137321472168,1.034640908241272,0.39870378375053406,11.153897285461426,8.287059783935547,7.121003150939941,0.4157659709453583,0.3509625196456909,0.6169974207878113,8.56917953491211,0,0.17827947437763214,5.158664703369141,14.35499095916748,37,25,30,0,
2025-12-30 10:16:53.098000,8d,Toxicity,Original,,73.88713073730469,1.7901643514633179,131.75299072265625,1.7410657405853271,1.4563112258911133,0.29710960388183594,11.153897285461426,8.254995346069336,7.833640098571777,0.3843652009963989,0.4295899271965027,0.5309068560600281,10.133148193359375,43.11167526245117,0.18235620856285095,4.337828159332275,22.19019889831543,37,25,30,0,
2025-12-30 10:16:53.098000,FinePointe Series WBP [SN 139781]  Site 4 Bias Flow is out of range.,,,,,,,,,,,,,,,,,,,,,,,,,
2025-12-30 10:16:53.098000,FinePointe Series WBP [SN 10499C]  Site 3 Bias Flow is out of range.,,,,,,,,,,,,,,,,,,,,,,,,,
2025-12-30 10:16:55.098000,8d,Toxicity,Original,,78.45259094238281,2.104766368865967,163.71136474609375,1.7101329565048218,1.4209115505218506,0.1748739778995514,11.153897285461426,9.702230453491211,9.247746467590332,0.37433162331581116,0.4032687246799469,0.6789324879646301,7.620121479034424,0,0.17064401507377625,5.069730758666992,22.692272186279297,37,25,30,0,
2025-12-30 10:16:57.098000,8d,Toxicity,Original,,82.82914733886719,2.1142935752868652,172.82720947265625,1.1839418411254883,1.012406587600708,0.44947078824043274,11.153897285461426,10.051809310913086,9.573975563049316,0.4090093672275543,0.32327061891555786,0.7364606857299805,7.89919376373291,0,0.1672225296497345,7.934318542480469,17.76106071472168,37,25,30,33.33333206176758,
2025-12-30 10:16:59.098000,8d,Toxicity,Original,,62.79656982421875,2.246593952178955,141.07839965820312,2.1069977283477783,1.5316275358200073,0.12123026698827744,11.153897285461426,8.712101936340332,9.208089828491211,0.4935353696346283,0.4619308412075043,0.6799725890159607,6.534183025360107,87.52949523925781,0.18837442994117737,4.209066390991211,17.829288482666016,37,25,30,0,
2025-12-30 10:17:01.098000,8d,Toxicity,Original,,71.93263244628906,2.1649081707000732,155.98316955566406,1.9614298343658447,1.6362006664276123,0.22971127927303314,11.153897285461426,9.307971954345703,8.962774276733398,0.4107789695262909,0.42417585849761963,0.6250823140144348,6.882533073425293,47.71348571777344,0.17376545071601868,4.055477619171143,24.771535873413086,37,25,30,25,
2025-12-30 10:17:03.098000,8d,Toxicity,Original,,82.86784362792969,1.7777400016784668,140.54478454589844,1.2744418382644653,1.2430448532104492,0.2553662657737732,11.153897285461426,8.64590072631836,7.041780948638916,0.3707575798034668,0.38845571875572205,0.45207923650741577,10.17844295501709,0,0.177219957113266,9.37939167022705,20.447771072387695,37,25,30,0,
2025-12-30 10:17:03.098000,FinePointe Series WBP [SN 139781]  Site 4 Bias Flow is out of range.,,,,,,,,,,,,,,,,,,,,,,,,,
2025-12-30 10:17:05.098000,8d,Toxicity,Original,,65.9108657836914,2.254249095916748,148.63534545898438,1.9584643840789795,1.649975299835205,0.28218960762023926,11.153897285461426,10.49339485168457,9.174516677856445,0.42453187704086304,0.49966341257095337,0.7160725593566895,10.911774635314941,0,0.19842016696929932,6.472208023071289,25.852096557617188,37,25,30,0,
2025-12-30 10:17:05.098000,FinePointe Series WBP [SN 10499C]  Site 3 Bias Flow is out of range.,,,,,,,,,,,,,,,,,,,,,,,,,
2025-12-30 10:17:07.098000,8d,Toxicity,Original,,68.82261657714844,2.5061910152435303,172.48263549804688,1.1664364337921143,1.0315262079238892,0.18046046793460846,11.153897285461426,9.866767883300781,8.132079124450684,0.4617443382740021,0.41006210446357727,0.5767523646354675,9.289217948913574,0,0.21328230202198029,5.215277671813965,24.537973403930664,37,25,30,50,
2025-12-30 10:17:09.098000,8d,Toxicity,Original,,59.613243103027344,2.5148613452911377,150.17739868164062,1.2287976741790771,1.0957778692245483,0.28071656823158264,11.153897285461426,9.393552780151367,7.681962966918945,0.5267740488052368,0.4801984429359436,0.44411778450012207,7.407485008239746,0,0.24047771096229553,1.7838977575302124,19.02350616455078,37,25,30,0,
2025-12-30 10:17:11.098000,8d,Toxicity,Original,,82.58560943603516,1.814784288406372,141.1046905517578,1.243386149406433,1.2469456195831299,0.410220742225647,11.153897285461426,8.13798713684082,6.977893829345703,0.37855932116508484,0.369894415140152,0.6074697375297546,9.683789253234863,21.039949417114258,0.17398566007614136,8.176568984985352,21.133804321289062,37,25,30,0,
2025-12-30 10:17:13.098000,8d,Toxicity,Original,,71.06431579589844,2.09494686126709,148.89500427246094,1.374313235282898,1.1251612901687622,0.4151691794395447,11.153897285461426,8.68358039855957,8.125118255615234,0.43308746814727783,0.4112590551376343,0.47948041558265686,10.051910400390625,54.141761779785156,0.19950418174266815,5.411730766296387,18.13558006286621,37,25,30,0,
2025-12-30 10:17:13.098000,FinePointe Series WBP [SN 139781]  Site 4 Bias Flow is out of range.,,,,,,,,,,,,,,,,,,,,,,,,,
2025-12-30 10:17:15.098000,8d,Toxicity,Original,,77.699462890625,1.8976672887802124,146.9998779296875,1.8085834980010986,1.6260045766830444,0.4084559679031372,11.153897285461426,9.412338256835938,9.107965469360352,0.36148548126220703,0.4122943878173828,0.8000302314758301,9.862751960754395,51.85437774658203,0.17109662294387817,8.010859489440918,24.23851776123047,37,25,30,33.33333206176758,
2025-12-30 10:17:15.098000,FinePointe Series WBP [SN 10499C]  Site 3 Bias Flow is out of range.,,,,,,,,,,,,,,,,,,,,,,,,,
2025-12-30 10:17:17.098000,8d,Toxicity,Original,,65.83240509033203,2.205871105194092,144.32455444335938,2.304337501525879,1.5400269031524658,0.3281362056732178,11.153897285461426,7.471611022949219,9.627685546875,0.520407497882843,0.3944075107574463,0.8194781541824341,7.023031234741211,47.609947204589844,0.16584718227386475,5.697417736053467,17.11043357849121,37,25,30,0,
2025-12-30 10:17:19.098000,8d,Toxicity,Original,,76.62939453125,2.199855089187622,169.0399932861328,1.337471842765808,0.9433103799819946,0.3147205114364624,11.153897285461426,8.102306365966797,9.620458602905273,0.4768389165401459,0.31707385182380676,0.7379701733589172,8.380279541015625,0,0.17388854920864105,5.3839616775512695,14.005668640136719,37,25,30,0,
2025-12-30 10:17:21.098000,8d,Toxicity,Original,,73.9696044921875,2.1692519187927246,160.04200744628906,1.2411844730377197,1.0236319303512573,0.3064633309841156,11.153897285461426,8.476224899291992,8.904569625854492,0.4808000922203064,0.33138179779052734,0.7087142467498779,9.456842422485352,0,0.17171749472618103,7.870822906494141,15.081598281860352,37,25,30,0,
2025-12-30 10:17:23.098000,8d,Toxicity,Original,,79.99732208251953,2.022117853164673,161.7144775390625,1.3650206327438354,1.0946916341781616,0.30680787563323975,11.153897285461426,8.07559871673584,9.226851463317871,0.41687294840812683,0.3430311679840088,0.7158704996109009,9.960921287536621,26.104278564453125,0.17053893208503723,7.117443084716797,19.89684295654297,37,25,30,0,
2025-12-30 10:17:23.098000,FinePointe Series WBP [SN 139781]  Site 4 Bias Flow is out of range.,,,,,,,,,,,,,,,,,,,,,,,,,
2025-12-30 10:17:23.098000,FinePointe Series WBP [SN 10499C]  Site 3 Bias Flow is out of range.,,,,,,,,,,,,,,,,,,,,,,,,,
2025-12-30 10:17:25.098000,8d,Toxicity,Original,,68.21061706542969,2.536849021911621,172.74510192871094,1.7621135711669922,1.245841383934021,0.1876756250858307,11.153897285461426,9.483596801757812,10.207475662231445,0.5116193294525146,0.3740678131580353,0.704555869102478,8.131683349609375,13.757085800170898,0.17569181323051453,8.17546272277832,20.853076934814453,37,25,30,33.33333206176758,
2025-12-30 10:17:27.098000,8d,Toxicity,Original,,72.11298370361328,2.0421857833862305,147.52244567871094,2.1514132022857666,1.565889835357666,0.25694698095321655,11.153897285461426,9.061127662658691,9.827644348144531,0.42551279067993164,0.40696942806243896,0.7755813002586365,8.029082298278809,47.00424575805664,0.16801758110523224,5.3216705322265625,24.605173110961914,37,25,30,0,
2025-12-30 10:17:29.098000,8d,Toxicity,Original,,77.6582260131836,2.074899673461914,156.0078125,1.481546401977539,1.1352014541625977,0.2136651575565338,11.153897285461426,8.456581115722656,8.86810302734375,0.4553409516811371,0.3355668783187866,0.5980703830718994,8.49868106842041,28.06884002685547,0.1635538935661316,9.225183486938477,19.72919464111328,37,25,30,0,
2025-12-30 10:17:31.098000,8d,Toxicity,Original,,78.62963104248047,1.7973275184631348,140.64352416992188,2.0196104049682617,1.3445566892623901,0.2810104787349701,11.153897285461426,7.398767948150635,8.924447059631348,0.4268459379673004,0.34218254685401917,0.7078742980957031,10.325450897216797,38.44023132324219,0.16483499109745026,8.846386909484863,18.983688354492188,37,25,30,0,
2025-12-30 10:17:33.098000,8d,Toxicity,Original,,72.84367370605469,2.275871992111206,165.87660217285156,1.3158766031265259,1.0498126745224,0.38867056369781494,11.153897285461426,8.603400230407715,9.685836791992188,0.46192899346351624,0.36553874611854553,0.8454458117485046,10.439143180847168,0,0.1938844621181488,10.687084197998047,16.871187210083008,37,25,30,0,
2025-12-30 10:17:33.098000,FinePointe Series WBP [SN 139781]  Site 4 Bias Flow is out of range.,,,,,,,,,,,,,,,,,,,,,,,,,
2025-12-30 10:17:33.098000,FinePointe Series WBP [SN 10499C]  Site 3 Bias Flow is out of range.,,,,,,,,,,,,,,,,,,,,,,,,,
2025-12-30 10:17:35.098000,8d,Toxicity,Original,,62.28921127319336,2.166520118713379,134.95083618164062,1.8019291162490845,1.237181305885315,0.47904348373413086,11.153897285461426,7.7826690673828125,8.304683685302734,0.6041998267173767,0.35904884338378906,0.7134118676185608,8.445277214050293,46.88505554199219,0.1695653796195984,2.9047164916992188,16.88570213317871,37,25,30,0,
2025-12-30 10:17:37.098000,8d,Toxicity,Original,,68.2943344116211,1.9141438007354736,128.83363342285156,1.4448671340942383,1.1573028564453125,0.4119676947593689,11.153897285461426,8.157028198242188,7.849433898925781,0.41904598474502563,0.46330779790878296,0.5634868144989014,8.939269065856934,42.0328369140625,0.23871837556362152,10.962546348571777,15.136495590209961,37,25,30,33.33333206176758,
2025-12-30 10:17:39.098000,8d,Toxicity,Original,,71.40009307861328,2.33213210105896,166.49539184570312,1.4422539472579956,1.0778264999389648,0.21870684623718262,11.153897285461426,9.233779907226562,8.810060501098633,0.479400098323822,0.36221951246261597,0.7021104097366333,8.562864303588867,0,0.18827050924301147,8.597871780395508,21.608135223388672,37,25,30,25,
2025-12-30 10:17:41.098000,8d,Toxicity,Original,,87.29545593261719,1.7343515157699585,149.22030639648438,1.2744981050491333,1.0253486633300781,0.3454524278640747,11.153897285461426,7.292913913726807,7.808722972869873,0.37424468994140625,0.3222297430038452,0.6593335270881653,8.6989164352417,0,0.1643252968788147,6.9322509765625,19.227272033691406,37,25,30,0,
2025-12-30 10:17:43.098000,8d,Toxicity,Original,,79.93401336669922,1.8784852027893066,147.99765014648438,1.532655954360962,1.1093751192092896,0.36427947878837585,11.153897285461426,7.547006607055664,9.140430450439453,0.41827794909477234,0.34077656269073486,0.6981565356254578,8.400259017944336,0,0.1675489842891693,9.333524703979492,19.328327178955078,37,25,30,0,
2025-12-30 10:17:43.098000,FinePointe Series WBP [SN 139781]  Site 4 Bias Flow is out of range.,,,,,,,,,,,,,,,,,,,,,,,,,
2025-12-30 10:17:43.098000,FinePointe Series WBP [SN 10499C]  Site 3 Bias Flow is out of range.,,,,,,,,,,,,,,,,,,,,,,,,,
2025-12-30 10:17:45.098000,8d,Toxicity,Original,,75.65282440185547,2.073704481124878,153.6701202392578,1.2498962879180908,0.9529533386230469,0.3575493395328522,11.153897285461426,8.1421537399292,8.526836395263672,0.4492388069629669,0.36662766337394714,0.4989444315433502,9.544961929321289,0,0.19805920124053955,7.88353967666626,12.387226104736328,37,25,30,0,
2025-12-30 10:17:47.098000,8d,Toxicity,Original,,68.13507080078125,2.3628313541412354,159.0343017578125,1.5430461168289185,1.2668309211730957,0.23800508677959442,11.153897285461426,9.357963562011719,8.221263885498047,0.5117623805999756,0.3773129880428314,0.694267988204956,8.923280715942383,29.120323181152344,0.1758800446987152,5.5075764656066895,18.553443908691406,37,25,30,0,
2025-12-30 10:17:49.098000,8d,Toxicity,Original,,77.33738708496094,2.0742640495300293,160.32891845703125,1.562951922416687,1.4639829397201538,0.33588171005249023,11.153897285461426,9.572027206420898,9.462336540222168,0.3852912187576294,0.3908146917819977,0.7433953285217285,10.402158737182617,53.006019592285156,0.1695449948310852,6.143250465393066,25.304697036743164,37,25,30,0,
2025-12-30 10:17:51.098000,8d,Toxicity,Original,,74.834716796875,2.0815587043762207,155.26734924316406,1.4183725118637085,0.8819628357887268,0.37732982635498047,11.153897285461426,7.558218002319336,10.325138092041016,0.4982200860977173,0.3163674771785736,0.7755225896835327,10.263040542602539,0,0.17689549922943115,10.993334770202637,17.559097290039062,37,25,30,0,
2025-12-30 10:17:53.098000,8d,Toxicity,Original,,75.05553436279297,2.1886143684387207,163.33370971679688,0.9909183979034424,0.8389794826507568,0.6221085786819458,11.153897285461426,8.594413757324219,8.555593490600586,0.4758940637111664,0.3278084397315979,0.6804763078689575,8.195944786071777,0,0.18530960381031036,5.442549705505371,22.20653533935547,37,25,30,0,
2025-12-30 10:17:53.098000,FinePointe Series WBP [SN 139781]  Site 4 Bias Flow is out of range.,,,,,,,,,,,,,,,,,,,,,,,,,
2025-12-30 10:17:53.098000,FinePointe Series WBP [SN 10499C]  Site 3 Bias Flow is out of range.,,,,,,,,,,,,,,,,,,,,,,,,,
2025-12-30 10:17:55.098000,8d,Toxicity,Original,,70.75078582763672,2.1447901725769043,151.8866729736328,1.8337832689285278,1.428318977355957,0.4353969395160675,11.153897285461426,8.949554443359375,8.867254257202148,0.4601500630378723,0.3896268606185913,0.7405495643615723,9.315664291381836,50.48388671875,0.16822758316993713,5.012960433959961,24.563697814941406,37,25,30,0,
2025-12-30 10:17:57.098000,8d,Toxicity,Original,,73.80127716064453,2.3057217597961426,166.405029296875,1.749894380569458,1.347003698348999,0.45912882685661316,11.153897285461426,9.756653785705566,9.798720359802246,0.4718117117881775,0.3702806532382965,0.7894566059112549,10.054677963256836,54.33536148071289,0.17132283747196198,8.93598747253418,18.353939056396484,37,25,30,0,
2025-12-30 10:17:59.098000,8d,Toxicity,Original,,72.15522003173828,1.9673606157302856,142.05743408203125,1.8402643203735352,1.4391636848449707,0.37794238328933716,11.153897285461426,7.525027275085449,8.490514755249023,0.483844518661499,0.3492611050605774,0.6644797325134277,6.676400661468506,46.99858474731445,0.15512308478355408,7.146394729614258,18.492902755737305,37,25,30,0,
2025-12-30 10:18:01.098000,8d,Toxicity,Original,,69.10826873779297,1.8249988555908203,124.62078094482422,2.8410136699676514,1.9022890329360962,0.1743016242980957,11.153897285461426,7.8699445724487305,8.964070320129395,0.4386710226535797,0.44489309191703796,0.5382782220840454,7.617945194244385,67.60855102539062,0.1595579832792282,4.918475151062012,22.524415969848633,37,25,30,0,
2025-12-30 10:18:03.098000,8d,Toxicity,Original,,73.91645812988281,1.873604655265808,138.06675720214844,1.1359925270080566,0.8292363882064819,0.4078581631183624,11.153897285461426,6.528597831726074,8.171257972717285,0.4904276430606842,0.32174330949783325,0.6065264940261841,9.838827133178711,0,0.18653029203414917,9.61351203918457,8.650924682617188,37,25,30,0,
2025-12-30 10:18:03.098000,FinePointe Series WBP [SN 139781]  Site 4 Bias Flow is out of range.,,,,,,,,,,,,,,,,,,,,,,,,,
2025-12-30 10:18:03.098000,FinePointe Series WBP [SN 10499C]  Site 3 Bias Flow is out of range.,,,,,,,,,,,,,,,,,,,,,,,,,
2025-12-30 10:18:05.098000,8d,Toxicity,Original,,81.90514373779297,2.0683653354644775,164.09368896484375,1.125412106513977,0.9754165410995483,0.3975575864315033,11.153897285461426,7.835859775543213,8.819902420043945,0.4088923931121826,0.3394782245159149,0.7125325798988342,12.729823112487793,0,0.18220560252666473,10.641411781311035,16.2730655670166,37,25,30,0,
2025-12-30 10:18:07.098000,8d,Toxicity,Original,,75.69261169433594,1.7025045156478882,128.21583557128906,1.4912502765655518,1.1938285827636719,0.388651579618454,11.153897285461426,7.303640365600586,7.684679985046387,0.382817804813385,0.4108261466026306,0.6590776443481445,12.293122291564941,38.2923698425293,0.19800925254821777,6.925774574279785,20.598167419433594,37,25,30,0,
2025-12-30 10:18:09.098000,8d,Toxicity,Original,,72.13113403320312,2.153532028198242,154.47750854492188,1.1231205463409424,0.9491167664527893,0.42255717515945435,11.153897285461426,8.337909698486328,7.940739631652832,0.5231488347053528,0.3396252691745758,0.6005516052246094,9.272845268249512,8.984232902526855,0.18279297649860382,7.4821391105651855,12.768658638000488,37,25,30,0,
2025-12-30 10:18:11.098000,8d,Toxicity,Original,,88.37464141845703,1.761434555053711,142.13673400878906,1.1590067148208618,0.9478062391281128,0.40281933546066284,11.153897285461426,8.780705451965332,7.828088283538818,0.4142035245895386,0.3151061534881592,0.5139765739440918,15.05055046081543,0,0.16582459211349487,13.832401275634766,16.25072479248047,37,25,30,0,
2025-12-30 10:18:13.098000,8d,Toxicity,Original,,75.42021179199219,1.7793395519256592,133.0641632080078,2.1232292652130127,1.4371997117996216,0.18387994170188904,11.153897285461426,7.243691444396973,7.989292144775391,0.434902161359787,0.37889882922172546,0.5797352194786072,7.747912406921387,47.588993072509766,0.16263535618782043,6.15297794342041,19.642200469970703,37,25,30,0,
2025-12-30 10:18:13.098000,FinePointe Series WBP [SN 139781]  Site 4 Bias Flow is out of range.,,,,,,,,,,,,,,,,,,,,,,,,,
2025-12-30 10:18:15.098000,8d,Toxicity,Original,,76.79319763183594,2.010183811187744,153.5274658203125,2.2816262245178223,1.3998881578445435,0.2347812056541443,11.153897285461426,7.595099449157715,9.674193382263184,0.43576735258102417,0.3526275157928467,0.685411810874939,8.077987670898438,38.2369270324707,0.156280517578125,5.256482124328613,22.44527244567871,37,25,30,0,
2025-12-30 10:18:15.098000,FinePointe Series WBP [SN 10499C]  Site 3 Bias Flow is out of range.,,,,,,,,,,,,,,,,,,,,,,,,,
2025-12-30 10:18:17.098000,8d,Toxicity,Original,,77.62832641601562,2.06122088432312,159.64810180664062,1.549221158027649,1.2006299495697021,0.25689876079559326,11.153897285461426,8.436528205871582,9.033927917480469,0.4225727617740631,0.35747066140174866,0.6808861494064331,8.204702377319336,0,0.16769354045391083,6.7555460929870605,20.25313377380371,37,25,30,0,
2025-12-30 10:18:19.098000,8d,Toxicity,Original,,74.48434448242188,2.021333932876587,151.04000854492188,1.6734710931777954,1.2075388431549072,0.3661627471446991,11.153897285461426,8.117789268493652,9.48560905456543,0.4545649290084839,0.3517429530620575,0.8249725699424744,9.99434757232666,17.730379104614258,0.16965052485466003,8.620071411132812,22.874950408935547,37,25,30,0,
2025-12-30 10:18:21.098000,8d,Toxicity,Original,,76.61805725097656,2.011373281478882,152.92776489257812,1.4945331811904907,1.1396230459213257,0.28548896312713623,11.153897285461426,7.634143829345703,9.108789443969727,0.4249928295612335,0.36420395970344543,0.690096914768219,9.845548629760742,0,0.17802667617797852,8.001523971557617,22.216217041015625,37,25,30,0,
2025-12-30 10:18:23.098000,8d,Toxicity,Original,,74.83702087402344,2.2462501525878906,166.2977294921875,1.077152967453003,0.9602816700935364,0.25024962425231934,11.153897285461426,7.766192436218262,8.190618515014648,0.4734283685684204,0.3420981168746948,0.6009612083435059,11.6116943359375,0,0.18925568461418152,7.308835029602051,17.271324157714844,37,25,30,0,
2025-12-30 10:18:23.098000,FinePointe Series WBP [SN 139781]  Site 4 Bias Flow is out of range.,,,,,,,,,,,,,,,,,,,,,,,,,
2025-12-30 10:18:23.098000,FinePointe Series WBP [SN 10499C]  Site 3 Bias Flow is out of range.,,,,,,,,,,,,,,,,,,,,,,,,,
2025-12-30 10:18:25.098000,8d,Toxicity,Original,,85.63851165771484,1.8043242692947388,150.86468505859375,0.7370539903640747,0.7536024451255798,0.577281653881073,11.153897285461426,7.889580249786377,7.6951751708984375,0.41900017857551575,0.3004586696624756,0.6376773118972778,9.167950630187988,0,0.1784900575876236,11.591684341430664,12.83222484588623,37,25,30,0,
2025-12-30 10:18:27.098000,8d,Toxicity,Original,,78.33106231689453,2.2333269119262695,174.45933532714844,1.265507698059082,1.0230258703231812,0.4748324155807495,11.153897285461426,8.409170150756836,9.65373706817627,0.42282167077064514,0.3444938659667969,0.760253369808197,8.018874168395996,0,0.18023376166820526,9.041048049926758,21.83543586730957,37,25,30,0,
2025-12-30 10:18:29.098000,8d,Toxicity,Original,,68.93437194824219,2.3362884521484375,161.11801147460938,1.543604850769043,1.1768248081207275,0.1800922453403473,11.153897285461426,8.012176513671875,9.068490982055664,0.49409744143486023,0.37827521562576294,0.6786621809005737,9.2664794921875,18.18671226501465,0.18625861406326294,8.40886402130127,18.5792293548584,37,25,30,0,
2025-12-30 10:18:31.098000,8d,Toxicity,Original,,83.36146545410156,2.0589585304260254,156.06085205078125,1.040701985359192,0.893825888633728,0.3704506754875183,11.153897285461426,7.801143169403076,7.5764899253845215,0.4509764313697815,0.32119348645210266,0.6251439452171326,9.001450538635254,0,0.17937804758548737,11.249507904052734,17.709552764892578,37,25,30,0,
2025-12-30 10:18:33.098000,8d,Toxicity,Original,,75.88065338134766,2.1710023880004883,164.98092651367188,1.1964993476867676,0.8427625894546509,0.260409951210022,11.153897285461426,7.965023040771484,9.813879013061523,0.48537999391555786,0.3066866397857666,0.7747870683670044,7.195453643798828,0,0.17341402173042297,11.074077606201172,11.635902404785156,37,25,30,0,
2025-12-30 10:18:33.098000,FinePointe Series WBP [SN 139781]  Site 4 Bias Flow is out of range.,,,,,,,,,,,,,,,,,,,,,,,,,
2025-12-30 10:18:33.098000,FinePointe Series WBP [SN 10499C]  Site 3 Bias Flow is out of range.,,,,,,,,,,,,,,,,,,,,,,,,,
2025-12-30 10:18:35.098000,8d,Toxicity,Original,,74.90145874023438,2.1250624656677246,158.97824096679688,1.5955193042755127,1.160564661026001,0.4077964425086975,11.153897285461426,8.18714714050293,9.345317840576172,0.458009272813797,0.3533165156841278,0.7445091009140015,8.728326797485352,30.200519561767578,0.1695088893175125,5.6735358238220215,20.15789031982422,37,25,30,0,
2025-12-30 10:18:37.098000,8d,Toxicity,Original,,75.9083023071289,2.2335205078125,168.52809143066406,1.2363231182098389,1.107842206954956,0.2864782214164734,11.153897285461426,9.725537300109863,9.412322044372559,0.4405747652053833,0.36086323857307434,0.7364669442176819,10.57187271118164,1.8735183477401733,0.18002448976039886,11.583823204040527,18.05137062072754,37,25,30,0,
2025-12-30 10:18:39.098000,8d,Toxicity,Original,,64.38304901123047,2.4898715019226074,160.4288330078125,1.4227596521377563,1.0266515016555786,0.38705816864967346,11.153897285461426,8.500946044921875,9.398518562316895,0.5309931635856628,0.401364266872406,0.703548014163971,6.729523658752441,0,0.20414751768112183,8.437376022338867,26.345600128173828,37,25,30,0,
2025-12-30 10:18:41.098000,8d,Toxicity,Original,,81.36614990234375,2.080441474914551,164.9168701171875,1.059096097946167,0.9351856112480164,0.30862170457839966,11.153897285461426,8.180581092834473,7.775277614593506,0.44188013672828674,0.3119415044784546,0.6471967101097107,7.5741376876831055,0,0.1672130823135376,10.56618881225586,20.235361099243164,37,25,30,25,
2025-12-30 10:18:43.098000,8d,Toxicity,Original,,71.58814239501953,2.0457582473754883,144.86546325683594,1.0170280933380127,0.9345585107803345,0.6586805582046509,11.153897285461426,8.882942199707031,8.148158073425293,0.4421998858451843,0.4529601037502289,0.51160728931427,8.781330108642578,0,0.23706281185150146,7.722040176391602,15.728991508483887,37,25,30,0,
2025-12-30 10:18:43.098000,FinePointe Series WBP [SN 139781]  Site 4 Bias Flow is out of range.,,,,,,,,,,,,,,,,,,,,,,,,,
2025-12-30 10:18:43.098000,FinePointe Series WBP [SN 10499C]  Site 3 Bias Flow is out of range.,,,,,,,,,,,,,,,,,,,,,,,,,
2025-12-30 10:18:45.098000,8d,Toxicity,Original,,74.08782958984375,2.2702572345733643,168.140380859375,1.2956733703613281,0.9095094203948975,0.2915850877761841,11.153897285461426,7.455863952636719,9.807655334472656,0.5034798383712769,0.30639439821243286,0.6992775797843933,9.040010452270508,0,0.1677987426519394,7.223611354827881,19.167804718017578,37,25,30,0,
2025-12-30 10:18:47.098000,8d,Toxicity,Original,,79.97184753417969,1.9660178422927856,157.44827270507812,1.6485384702682495,1.2115365266799927,0.2184533178806305,11.153897285461426,7.633868217468262,9.289372444152832,0.4094701111316681,0.3418247401714325,0.6177421808242798,7.489235877990723,30.40937614440918,0.16035805642604828,6.562289714813232,16.80746078491211,37,25,30,25,
2025-12-30 10:18:49.098000,8d,Toxicity,Original,,78.99590301513672,2.058180332183838,162.74278259277344,1.221924901008606,0.8887626528739929,0.3125082850456238,11.153897285461426,8.054987907409668,10.038848876953125,0.4585901200771332,0.3013312816619873,0.8003987073898315,11.159503936767578,0,0.17332394421100616,13.980382919311523,16.094905853271484,37,25,30,0,
2025-12-30 10:18:51.098000,8d,Toxicity,Original,,69.79329681396484,2.466609239578247,172.15277099609375,1.0404621362686157,0.8430488109588623,0.5472701787948608,11.153897285461426,8.462186813354492,8.927802085876465,0.5161582827568054,0.34352317452430725,0.7334341406822205,7.955039978027344,0,0.1959318220615387,12.20401382446289,16.74915313720703,37,25,30,66.66666412353516,
2025-12-30 10:18:53.098000,8d,Toxicity,Original,,74.01957702636719,1.9480650424957275,143.50189208984375,1.461474895477295,1.1105363368988037,0.44077298045158386,11.153897285461426,7.422900199890137,9.307313919067383,0.46377962827682495,0.3481181263923645,0.789567232131958,9.754536628723145,0,0.17341601848602295,9.297101974487305,18.160160064697266,37,25,30,0,
2025-12-30 10:18:53.098000,FinePointe Series WBP [SN 139781]  Site 4 Bias Flow is out of range.,,,,,,,,,,,,,,,,,,,,,,,,,
2025-12-30 10:18:53.098000,FinePointe Series WBP [SN 10499C]  Site 3 Bias Flow is out of range.,,,,,,,,,,,,,,,,,,,,,,,,,
2025-12-30 10:18:55.098000,8d,Toxicity,Original,,76.12263488769531,2.2346229553222656,170.04345703125,1.2295585870742798,0.9114443063735962,0.39950454235076904,11.153897285461426,7.845620155334473,10.057031631469727,0.4726034104824066,0.317579060792923,0.8320531845092773,8.488862991333008,0,0.1780468225479126,11.200852394104004,14.051248550415039,37,25,30,0,
2025-12-30 10:18:57.098000,8d,Toxicity,Original,,82.64530944824219,2.195549249649048,181.23060607910156,0.9341087937355042,0.8480291962623596,0.3673321306705475,11.153897285461426,9.712739944458008,9.999343872070312,0.42002204060554504,0.3061167001724243,0.8051154017448425,11.307402610778809,0,0.17953336238861084,15.322819709777832,15.681035041809082,37,25,30,0,
2025-12-30 10:18:59.098000,8d,Toxicity,Original,,71.84427642822266,2.1651999950408936,155.57025146484375,1.3074219226837158,0.9821410775184631,0.2466776818037033,11.153897285461426,8.187807083129883,8.94405746459961,0.5271762609481812,0.30804306268692017,0.7745710611343384,10.527215957641602,0,0.17404553294181824,10.96015739440918,19.67974090576172,37,25,30,0,
2025-12-30 10:19:01.098000,8d,Toxicity,Original,,77.33039855957031,2.1139774322509766,163.45480346679688,1.0675036907196045,1.0357106924057007,0.3020573854446411,11.153897285461426,9.111913681030273,7.853268623352051,0.401760458946228,0.3741799592971802,0.671951174736023,13.998834609985352,32.66291809082031,0.19742561876773834,8.097856521606445,19.439334869384766,37,25,30,0,
2025-12-30 10:19:03.098000,8d,Toxicity,Original,,73.76109313964844,2.2224531173706055,163.77200317382812,1.1953564882278442,0.8217465877532959,0.3289865255355835,11.153897285461426,7.553828716278076,9.520403861999512,0.4988246560096741,0.31562453508377075,0.7421661019325256,13.575427055358887,0,0.18469572067260742,12.956086158752441,14.09595775604248,37,25,30,0,
2025-12-30 10:19:03.098000,FinePointe Series WBP [SN 139781]  Site 4 Bias Flow is out of range.,,,,,,,,,,,,,,,,,,,,,,,,,
2025-12-30 10:19:03.098000,FinePointe Series WBP [SN 10499C]  Site 3 Bias Flow is out of range.,,,,,,,,,,,,,,,,,,,,,,,,,
2025-12-30 10:19:05.098000,8d,Toxicity,Original,,69.69741821289062,2.3385190963745117,162.44943237304688,1.6218607425689697,1.265836238861084,0.2441830039024353,11.153897285461426,8.426200866699219,9.686250686645508,0.4882414638996124,0.37457960844039917,0.6645060181617737,9.1173677444458,52.2247428894043,0.17693594098091125,8.866415023803711,16.41388702392578,37,25,30,0,
2025-12-30 10:19:07.098000,8d,Toxicity,Original,,80.26104736328125,2.0676846504211426,165.33798217773438,1.2586275339126587,1.0295751094818115,0.4287397861480713,11.153897285461426,8.469700813293457,9.890604972839355,0.42041054368019104,0.331882506608963,0.8044943809509277,9.746538162231445,22.65877342224121,0.17339052259922028,13.39208984375,15.839229583740234,37,25,30,0,
2025-12-30 10:19:09.098000,8d,Toxicity,Original,,70.37357330322266,2.1181087493896484,148.17835998535156,1.8777716159820557,1.3625380992889404,0.282259464263916,11.153897285461426,7.9371538162231445,9.768611907958984,0.4951559901237488,0.3728641867637634,0.7279515266418457,11.852594375610352,49.77981948852539,0.1657884120941162,15.852394104003906,14.874907493591309,37,25,30,0,
2025-12-30 10:19:11.098000,8d,Toxicity,Original,,76.72970581054688,2.1838622093200684,167.9123992919922,1.3157799243927002,1.1104960441589355,0.2893286943435669,11.153897285461426,7.840672969818115,8.206794738769531,0.4490275979042053,0.33484017848968506,0.6686914563179016,9.310511589050293,5.283543586730957,0.1688215434551239,6.967334270477295,18.39179801940918,37,25,30,0,
2025-12-30 10:19:13.098000,8d,Toxicity,Original,,79.18318176269531,2.0604867935180664,162.44276428222656,1.2310124635696411,0.9106541872024536,0.28779250383377075,11.153897285461426,8.154420852661133,9.760624885559082,0.44729942083358765,0.31189095973968506,0.7458616495132446,9.132765769958496,0,0.17519237101078033,12.156270027160645,16.706707000732422,37,25,30,0,
2025-12-30 10:19:13.098000,FinePointe Series WBP [SN 139781]  Site 4 Bias Flow is out of range.,,,,,,,,,,,,,,,,,,,,,,,,,
2025-12-30 10:19:15.098000,8d,Toxicity,Original,,66.933837890625,2.2667832374572754,152.08499145507812,1.6661393642425537,1.1943738460540771,0.18487223982810974,11.153897285461426,8.261972427368164,9.452564239501953,0.5199486017227173,0.3839613199234009,0.5941210985183716,9.202287673950195,0,0.1816856414079666,10.270099639892578,17.678964614868164,37,25,30,0,
2025-12-30 10:19:15.098000,FinePointe Series WBP [SN 10499C]  Site 3 Bias Flow is out of range.,,,,,,,,,,,,,,,,,,,,,,,,,
2025-12-30 10:19:17.098000,8d,Toxicity,Original,,69.4384765625,2.335853338241577,162.19886779785156,1.6456952095031738,1.125475287437439,0.25634318590164185,11.153897285461426,8.54146957397461,9.959609985351562,0.490648478269577,0.3787940740585327,0.7720755934715271,13.729421615600586,31.98114585876465,0.1948273479938507,12.304553031921387,16.71023941040039,37,25,30,0,
2025-12-30 10:19:19.098000,8d,Toxicity,Original,,68.47128295898438,2.1513798236846924,146.84017944335938,1.3186883926391602,0.9172519445419312,0.5443587899208069,11.153897285461426,6.512059688568115,8.087136268615723,0.5339338183403015,0.3430855870246887,0.6915410757064819,9.687408447265625,0,0.18774443864822388,7.881076335906982,16.37519073486328,37,25,30,0,
2025-12-30 10:19:21.098000,8d,Toxicity,Original,,70.14344787597656,2.1600985527038574,151.41549682617188,1.435877799987793,1.0928831100463867,0.24677971005439758,11.153897285461426,7.66339635848999,8.626046180725098,0.5214620232582092,0.3344499170780182,0.6386066675186157,8.556445121765137,22.734102249145508,0.17528706789016724,11.307598114013672,17.0407657623291,37,25,30,0,
2025-12-30 10:19:23.098000,8d,Toxicity,Original,,74.96107482910156,2.1843414306640625,163.13751220703125,1.0122816562652588,0.7850398421287537,0.3174420893192291,11.153897285461426,7.385451316833496,9.002979278564453,0.4999043345451355,0.30259498953819275,0.7226054668426514,9.068687438964844,0,0.18344435095787048,8.906335830688477,17.259201049804688,37,25,30,0,
2025-12-30 10:19:23.098000,FinePointe Series WBP [SN 139781]  Site 4 Bias Flow is out of range.,,,,,,,,,,,,,,,,,,,,,,,,,
2025-12-30 10:19:25.098000,8d,Toxicity,Original,,75.79459381103516,1.9458445310592651,147.47906494140625,1.289623737335205,0.8743144869804382,0.2272610068321228,11.153897285461426,7.247858047485352,9.148680686950684,0.49192577600479126,0.29990941286087036,0.6685296893119812,8.870656967163086,0,0.1715492457151413,13.2848539352417,11.351922988891602,37,25,30,0,
2025-12-30 10:19:25.098000,FinePointe Series WBP [SN 10499C]  Site 3 Bias Flow is out of range.,,,,,,,,,,,,,,,,,,,,,,,,,
2025-12-30 10:19:27.098000,8d,Toxicity,Original,,80.53417205810547,1.6117805242538452,124.67359924316406,1.081142544746399,0.8230224251747131,0.4612974226474762,11.153897285461426,6.634532451629639,7.619362831115723,0.42980602383613586,0.3405228555202484,0.41067057847976685,12.232751846313477,13.759082794189453,0.19438713788986206,11.928339004516602,11.558340072631836,37,25,30,0,
2025-12-30 10:19:29.098000,8d,Toxicity,Original,,54.16600036621094,2.512117624282837,136.0713653564453,0.8658572435379028,0.8216185569763184,0.14370658993721008,11.153897285461426,8.731282234191895,8.439239501953125,0.5788505673408508,0.5288553833961487,0.3019532263278961,10.370153427124023,0,0.30216100811958313,8.119874954223633,11.069574356079102,37,25,30,50,
2025-12-30 10:19:31.098000,8d,Toxicity,Original,,75.92725372314453,2.2751927375793457,171.8187255859375,1.0503395795822144,0.9196605682373047,0.27968618273735046,11.153897285461426,8.222284317016602,8.423386573791504,0.4744906425476074,0.32504114508628845,0.6486114859580994,8.929400444030762,4.875809192657471,0.17847466468811035,11.57112979888916,17.459238052368164,37,25,30,0,
2025-12-30 10:19:33.098000,8d,Toxicity,Original,,75.82496643066406,1.9975569248199463,151.68145751953125,1.2844370603561401,1.0753681659698486,0.30976301431655884,11.153897285461426,7.82711124420166,8.307499885559082,0.4398910403251648,0.3544198274612427,0.6735475063323975,11.34237289428711,0,0.17813542485237122,10.116469383239746,16.85630989074707,37,25,30,0,
2025-12-30 10:19:33.098000,FinePointe Series WBP [SN 139781]  Site 4 Bias Flow is out of range.,,,,,,,,,,,,,,,,,,,,,,,,,
2025-12-30 10:19:33.098000,FinePointe Series WBP [SN 10499C]  Site 3 Bias Flow is out of range.,,,,,,,,,,,,,,,,,,,,,,,,,
2025-12-30 10:19:35.098000,8d,Toxicity,Original,,72.28406524658203,1.9062248468399048,136.5920867919922,1.1016792058944702,0.9338946342468262,0.43353256583213806,11.153897285461426,7.263881206512451,7.608081340789795,0.44961410760879517,0.3832109272480011,0.5847645998001099,11.236660957336426,0,0.20923654735088348,9.802580833435059,17.87200927734375,37,25,30,0,
2025-12-30 10:19:37.098000,8d,Toxicity,Original,,74.47355651855469,2.2414517402648926,166.5973663330078,0.9268429279327393,0.9214149117469788,0.4932081997394562,11.153897285461426,8.974309921264648,8.566534042358398,0.452423095703125,0.35334688425064087,0.7040523886680603,14.220146179199219,7.906242370605469,0.1978265345096588,12.283153533935547,16.77305793762207,37,25,30,0,
2025-12-30 10:19:39.098000,8d,Toxicity,Original,,77.5598373413086,2.002110719680786,154.88853454589844,1.0859370231628418,0.9276543259620667,0.33539795875549316,11.153897285461426,8.102227210998535,9.13038444519043,0.45507216453552246,0.32040709257125854,0.7661960124969482,15.266122817993164,0,0.18684016168117523,14.610273361206055,19.830322265625,37,25,30,0,
2025-12-30 10:19:41.098000,8d,Toxicity,Original,,70.72605895996094,2.3599181175231934,166.90792846679688,1.3265533447265625,1.1448721885681152,0.18562832474708557,11.153897285461426,8.529884338378906,9.06654167175293,0.5113552808761597,0.3369952142238617,0.6618704795837402,12.343988418579102,40.68451690673828,0.17388468980789185,10.391427993774414,16.659055709838867,37,25,30,0,
2025-12-30 10:19:43.098000,8d,Toxicity,Original,,85.09193420410156,1.8221250772476196,154.83563232421875,1.0142918825149536,0.8318483233451843,0.4862300753593445,11.153897285461426,8.314558029174805,9.956289291381836,0.38860926032066345,0.3169168531894684,0.8427818417549133,14.357906341552734,0,0.18248851597309113,13.779742240905762,17.24831771850586,37,25,30,0,
2025-12-30 10:19:43.098000,FinePointe Series WBP [SN 139781]  Site 4 Bias Flow is out of range.,,,,,,,,,,,,,,,,,,,,,,,,,
2025-12-30 10:19:43.098000,FinePointe Series WBP [SN 10499C]  Site 3 Bias Flow is out of range.,,,,,,,,,,,,,,,,,,,,,,,,,
2025-12-30 10:19:45.098000,8d,Toxicity,Original,,66.822509765625,2.4447779655456543,162.78189086914062,1.2293486595153809,0.856480598449707,0.54798424243927,11.153897285461426,7.7709550857543945,9.328485488891602,0.5568976402282715,0.3424951434135437,0.7745447754859924,11.715143203735352,0,0.19939669966697693,10.500367164611816,13.187984466552734,37,25,30,0,
2025-12-30 10:19:47.098000,8d,Toxicity,Original,,73.14530181884766,2.124382734298706,156.10321044921875,1.134474515914917,0.7878960371017456,0.5333642959594727,11.153897285461426,7.034407615661621,8.531604766845703,0.5163841247558594,0.3078806698322296,0.686913251876831,10.443624496459961,0,0.18496298789978027,14.038878440856934,11.831244468688965,37,25,30,0,
2025-12-30 10:19:49.098000,8d,Toxicity,Original,,76.16973114013672,2.084216833114624,158.99176025390625,1.1801979541778564,0.8634786009788513,0.31474268436431885,11.153897285461426,6.749839782714844,8.55551815032959,0.47090232372283936,0.3208932876586914,0.7138277292251587,12.094587326049805,0,0.18932676315307617,14.63010311126709,13.7774658203125,37,25,30,0,
2025-12-30 10:19:51.098000,8d,Toxicity,Original,,70.17049407958984,2.250304698944092,157.2974090576172,1.2349485158920288,0.7886561155319214,0.3774409592151642,11.153897285461426,6.772043704986572,9.644038200378418,0.5435222387313843,0.3223404884338379,0.788065493106842,8.959644317626953,0,0.1938459724187851,12.469122886657715,11.85594654083252,37,25,30,0,
2025-12-30 10:19:53.098000,8d,Toxicity,Original,,75.79998779296875,2.2609128952026367,171.31210327148438,0.9482629299163818,0.7412242889404297,0.4476974606513977,11.153897285461426,7.880117893218994,9.128387451171875,0.5117735862731934,0.27994444966316223,0.6997712254524231,12.762094497680664,0,0.17336878180503845,9.550361633300781,17.7586669921875,37,25,30,0,
2025-12-30 10:19:53.098000,FinePointe Series WBP [SN 139781]  Site 4 Bias Flow is out of range.,,,,,,,,,,,,,,,,,,,,,,,,,
2025-12-30 10:19:53.098000,FinePointe Series WBP [SN 10499C]  Site 3 Bias Flow is out of range.,,,,,,,,,,,,,,,,,,,,,,,,,
2025-12-30 10:19:55.098000,8d,Toxicity,Original,,75.62710571289062,2.091656446456909,158.1747283935547,1.2761390209197998,0.9046478271484375,0.4078264832496643,11.153897285461426,7.822015285491943,9.437823295593262,0.48301705718040466,0.3127320408821106,0.679409921169281,8.163300514221191,0,0.17210881412029266,7.2003912925720215,19.85997200012207,37,25,30,0,
2025-12-30 10:19:57.098000,8d,Toxicity,Original,,75.15157318115234,2.1187703609466553,159.5311737060547,1.2387092113494873,0.9494458436965942,0.4143039286136627,11.153897285461426,8.204702377319336,10.304916381835938,0.47687867283821106,0.3236098289489746,0.8986451625823975,15.790586471557617,0,0.18942174315452576,15.602264404296875,18.411163330078125,37,25,30,0,
2025-12-30 10:19:59.098000,8d,Toxicity,Original,,75.51600646972656,2.01143479347229,152.42828369140625,0.8525186777114868,0.7283998727798462,0.28002798557281494,11.153897285461426,8.566079139709473,9.018248558044434,0.43509334325790405,0.3777640759944916,0.6453237533569336,15.74138069152832,0,0.24350965023040771,18.012121200561523,13.906440734863281,37,25,30,0,
2025-12-30 10:20:01.098000,8d,Toxicity,Original,,75.56002044677734,2.2894814014434814,168.28053283691406,1.30582594871521,1.0418896675109863,0.4918168783187866,11.153897285461426,7.666777610778809,8.203353881835938,0.4629707634449005,0.35525545477867126,0.6138546466827393,7.728780269622803,0,0.18023483455181122,10.089828491210938,16.14522933959961,37,25,30,0,
2025-12-30 10:20:03.098000,8d,Toxicity,Original,,73.23907470703125,2.0131490230560303,147.66152954101562,0.8586385846138,0.7324346303939819,0.47672221064567566,11.153897285461426,7.493808746337891,7.730782508850098,0.46948355436325073,0.35012125968933105,0.5321658849716187,9.15183162689209,0,0.2123601734638214,10.456666946411133,16.08201789855957,37,25,30,0,
2025-12-30 10:20:03.098000,FinePointe Series WBP [SN 139781]  Site 4 Bias Flow is out of range.,,,,,,,,,,,,,,,,,,,,,,,,,
2025-12-30 10:20:03.098000,FinePointe Series WBP [SN 10499C]  Site 3 Bias Flow is out of range.,,,,,,,,,,,,,,,,,,,,,,,,,
2025-12-30 10:20:05.098000,8d,Toxicity,Original,,73.18289947509766,2.059800386428833,150.88539123535156,1.2057347297668457,0.9213290214538574,0.25844457745552063,11.153897285461426,7.646124839782715,8.90032958984375,0.4984522759914398,0.3226034939289093,0.7498152852058411,10.89906120300293,0,0.1790623813867569,14.2742919921875,13.593436241149902,37,25,30,0,
2025-12-30 10:20:07.098000,8d,Toxicity,Original,,76.29985046386719,2.048624038696289,156.2963104248047,1.03952956199646,0.7289575338363647,0.43941861391067505,11.153897285461426,6.974016189575195,8.772048950195312,0.48203155398368835,0.30444473028182983,0.7460235953330994,15.996194839477539,0,0.2099253237247467,16.256729125976562,11.759678840637207,37,25,30,0,
2025-12-30 10:20:09.098000,8d,Toxicity,Original,,73.14283752441406,2.241736888885498,163.94009399414062,1.476714849472046,1.2389003038406372,0.32342758774757385,11.153897285461426,7.997483730316162,8.917187690734863,0.4449949562549591,0.38515377044677734,0.7378745079040527,11.133992195129395,21.901321411132812,0.1784578561782837,9.065972328186035,22.220800399780273,37,25,30,0,
2025-12-30 10:20:11.098000,8d,Toxicity,Original,,75.624755859375,1.9073467254638672,144.28170776367188,0.9762174487113953,0.7521101832389832,0.5175415277481079,11.153897285461426,7.174020767211914,9.366220474243164,0.4866296052932739,0.3068799376487732,0.7333928346633911,13.313230514526367,0,0.18666276335716248,11.998870849609375,16.931442260742188,37,25,30,0,
2025-12-30 10:20:13.098000,8d,Toxicity,Original,,69.17295837402344,2.429321765899658,164.65463256835938,1.2723466157913208,0.9270075559616089,0.24600820243358612,11.153897285461426,8.002387046813965,9.99701976776123,0.5490874648094177,0.34204328060150146,0.7492432594299316,9.924139022827148,0,0.18765762448310852,11.466863632202148,14.887706756591797,37,25,30,0,
2025-12-30 10:20:15.098000,8d,Toxicity,Original,,80.48858642578125,2.159175395965576,173.7708740234375,1.2836155891418457,1.0899286270141602,0.24183712899684906,11.153897285461426,9.374387741088867,9.613842010498047,0.45138171315193176,0.29409685730934143,0.7223526239395142,7.70670223236084,0,0.1473090648651123,12.717631340026855,19.73674774169922,37,25,30,33.33333206176758,
2025-12-30 10:20:15.098000,FinePointe Series WBP [SN 139781]  Site 4 Bias Flow is out of range.,,,,,,,,,,,,,,,,,,,,,,,,,
2025-12-30 10:20:15.098000,FinePointe Series WBP [SN 10499C]  Site 3 Bias Flow is out of range.,,,,,,,,,,,,,,,,,,,,,,,,,
2025-12-30 10:20:17.098000,8d,Toxicity,Original,,77.45966339111328,1.945009708404541,150.63693237304688,1.0707365274429321,0.7877453565597534,0.42638474702835083,11.153897285461426,7.284877300262451,9.342328071594238,0.4791603982448578,0.29546496272087097,0.7349868416786194,10.402299880981445,0,0.1793355792760849,15.602643013000488,13.242730140686035,37,25,30,0,
2025-12-30 10:20:19.098000,8d,Toxicity,Original,,82.26235961914062,1.8407498598098755,151.22982788085938,0.9356245994567871,0.8139412999153137,0.42584913969039917,11.153897285461426,7.517305374145508,8.782256126403809,0.45024770498275757,0.2794325053691864,0.731708288192749,15.11602783203125,0,0.16729819774627686,17.31989288330078,19.638092041015625,37,25,30,0,
2025-12-30 10:20:21.098000,8d,Toxicity,Original,,77.58890533447266,2.0370209217071533,157.2630157470703,1.2841521501541138,0.8606805205345154,0.3127232491970062,11.153897285461426,7.217973709106445,9.742120742797852,0.48476120829582214,0.2917587161064148,0.7475118041038513,10.157965660095215,0,0.16862408816814423,10.327926635742188,13.174513816833496,37,25,30,0,
2025-12-30 10:20:23.098000,8d,Toxicity,Original,,77.7336196899414,1.9586440324783325,151.80162048339844,1.26107919216156,1.0807536840438843,0.349678099155426,11.153897285461426,8.141913414001465,8.867534637451172,0.42887595295906067,0.34456270933151245,0.728126049041748,14.507908821105957,26.85359001159668,0.18069639801979065,14.501958847045898,18.941444396972656,37,25,30,0,
2025-12-30 10:20:23.098000,FinePointe Series WBP [SN 139781]  Site 4 Bias Flow is out of range.,,,,,,,,,,,,,,,,,,,,,,,,,
2025-12-30 10:20:25.098000,8d,Toxicity,Original,,76.07913208007812,2.2215888500213623,169.16995239257812,0.973667562007904,0.8758920431137085,0.3268035352230072,11.153897285461426,8.011240005493164,8.830488204956055,0.4825516939163208,0.3062620759010315,0.6799492835998535,10.786101341247559,0,0.17582789063453674,13.912469863891602,16.087865829467773,37,25,30,0,
2025-12-30 10:20:25.098000,FinePointe Series WBP [SN 10499C]  Site 3 Bias Flow is out of range.,,,,,,,,,,,,,,,,,,,,,,,,,
2025-12-30 10:20:27.098000,8d,Toxicity,Original,,76.16700744628906,1.8907722234725952,143.8339385986328,1.398393988609314,0.9281466603279114,0.32162216305732727,11.153897285461426,7.0061469078063965,9.640405654907227,0.4815749228000641,0.3129592835903168,0.8198327422142029,13.097838401794434,0,0.1720046103000641,15.19513988494873,14.486804962158203,37,25,30,0,
2025-12-30 10:20:29.098000,8d,Toxicity,Original,,72.45906066894531,1.636810541152954,118.82274627685547,1.2751502990722656,1.1043009757995605,0.40978825092315674,11.153897285461426,6.687485694885254,7.333856105804443,0.44426244497299194,0.3847951889038086,0.6323318481445312,13.2252197265625,33.301483154296875,0.20118987560272217,8.748747825622559,15.554061889648438,37,25,30,0,
2025-12-30 10:20:31.098000,8d,Toxicity,Original,,74.32363891601562,2.149289608001709,159.18934631347656,1.04599130153656,0.8655267357826233,0.5087963938713074,11.153897285461426,7.280335426330566,8.850251197814941,0.5029420256614685,0.3050881624221802,0.7559704780578613,10.008149147033691,0,0.17530328035354614,13.196131706237793,16.426904678344727,37,25,30,0,
2025-12-30 10:20:33.098000,8d,Toxicity,Original,,81.94636535644531,2.085048198699951,170.86111450195312,1.0374977588653564,0.8896545767784119,0.362276554107666,11.153897285461426,7.6927337646484375,8.64126205444336,0.42994433641433716,0.3022455871105194,0.7481985688209534,12.666461944580078,0,0.16827625036239624,11.672425270080566,15.996244430541992,37,25,30,0,
2025-12-30 10:20:33.098000,FinePointe Series WBP [SN 139781]  Site 4 Bias Flow is out of range.,,,,,,,,,,,,,,,,,,,,,,,,,
2025-12-30 10:20:35.098000,8d,Toxicity,Original,,79.50377655029297,1.8890382051467896,150.2115936279297,1.250009298324585,0.8456000685691833,0.38740289211273193,11.153897285461426,7.1873016357421875,9.871966361999512,0.4747622311115265,0.282571941614151,0.8041065335273743,8.377890586853027,0,0.16090594232082367,15.138880729675293,11.656681060791016,37,25,30,0,
2025-12-30 10:20:35.098000,FinePointe Series WBP [SN 10499C]  Site 3 Bias Flow is out of range.,,,,,,,,,,,,,,,,,,,,,,,,,
2025-12-30 10:20:37.098000,8d,Toxicity,Original,,74.2413101196289,2.0646281242370605,153.23223876953125,1.4234559535980225,0.9177749156951904,0.2431214451789856,11.153897285461426,6.46157693862915,10.097481727600098,0.5162034034729004,0.2920352816581726,0.7777900695800781,10.176362991333008,0,0.16931745409965515,18.251163482666016,11.819576263427734,37,25,30,0,
2025-12-30 10:20:39.098000,8d,Toxicity,Original,,73.44866943359375,2.041250228881836,149.10633850097656,1.164858102798462,1.122653603553772,0.3619770109653473,11.153897285461426,8.752050399780273,8.39986801147461,0.4744187295436859,0.34627842903137207,0.7366157174110413,12.618108749389648,21.47222328186035,0.17447878420352936,13.80045223236084,21.093780517578125,37,25,30,0,
2025-12-30 10:20:41.098000,8d,Toxicity,Original,,70.38978576660156,2.1285650730133057,149.82923889160156,1.340246319770813,0.8846914172172546,0.19419889152050018,11.153897285461426,7.4140214920043945,8.989272117614746,0.5125386118888855,0.3398577570915222,0.7258937358856201,11.355372428894043,0,0.18927793204784393,11.853559494018555,17.049020767211914,37,25,30,50,
2025-12-30 10:20:43.098000,8d,Toxicity,Original,,75.92597961425781,1.9857665300369263,150.24612426757812,1.088464379310608,0.8863295912742615,0.3697097897529602,11.153897285461426,7.299361705780029,7.750171661376953,0.4663822054862976,0.3289359211921692,0.6608617305755615,10.198894500732422,0,0.18875810503959656,10.675219535827637,17.040481567382812,37,25,30,0,
2025-12-30 10:20:43.098000,FinePointe Series WBP [SN 139781]  Site 4 Bias Flow is out of range.,,,,,,,,,,,,,,,,,,,,,,,,,
2025-12-30 10:20:43.098000,FinePointe Series WBP [SN 10499C]  Site 3 Bias Flow is out of range.,,,,,,,,,,,,,,,,,,,,,,,,,
2025-12-30 10:20:45.098000,8d,Toxicity,Original,,77.98675537109375,1.8035098314285278,140.677490234375,0.979892909526825,0.7941027283668518,0.42259150743484497,11.153897285461426,8.265875816345215,8.850099563598633,0.4508737027645111,0.3201056122779846,0.6606202125549316,9.989721298217773,0,0.18537908792495728,13.52090072631836,17.070066452026367,37,25,30,0,
2025-12-30 10:20:47.098000,8d,Toxicity,Original,,74.69029235839844,2.042999744415283,152.5244903564453,1.0755813121795654,0.8328179717063904,0.20869523286819458,11.153897285461426,7.923177242279053,8.69156265258789,0.5085694193840027,0.29560497403144836,0.5987368822097778,8.54222297668457,0,0.16947340965270996,13.71130657196045,13.104338645935059,37,25,30,0,
2025-12-30 10:20:49.098000,8d,Toxicity,Original,,73.97853088378906,2.0777995586395264,153.3821563720703,1.0158809423446655,0.8500709533691406,0.45311498641967773,11.153897285461426,7.617818832397461,8.750436782836914,0.4879785478115082,0.33146804571151733,0.6580469608306885,11.129695892333984,0,0.18709880113601685,12.474372863769531,14.644323348999023,37,25,30,0,
2025-12-30 10:20:51.098000,8d,Toxicity,Original,,72.744873046875,2.0627548694610596,150.24034118652344,0.9002083539962769,0.7070470452308655,0.39808374643325806,11.153897285461426,7.275202751159668,8.73928165435791,0.5229126214981079,0.30480772256851196,0.6497746706008911,10.515897750854492,0,0.1929447054862976,12.651535034179688,12.409132957458496,37,25,30,0,
2025-12-30 10:20:53.098000,8d,Toxicity,Original,,75.51232147216797,1.9272711277008057,145.56019592285156,0.9778438210487366,0.8111389875411987,0.5062474012374878,11.153897285461426,7.1670637130737305,9.025394439697266,0.48807159066200256,0.3076700270175934,0.7757561206817627,12.247295379638672,0,0.1833278089761734,12.42049789428711,18.5362606048584,37,25,30,0,
2025-12-30 10:20:53.098000,FinePointe Series WBP [SN 139781]  Site 4 Bias Flow is out of range.,,,,,,,,,,,,,,,,,,,,,,,,,
2025-12-30 10:20:53.098000,FinePointe Series WBP [SN 10499C]  Site 3 Bias Flow is out of range.,,,,,,,,,,,,,,,,,,,,,,,,,
2025-12-30 10:20:55.098000,8d,Toxicity,Original,,75.75112915039062,1.8617143630981445,139.79075622558594,1.3806246519088745,1.1277835369110107,0.34094008803367615,11.153897285461426,7.532625198364258,8.950730323791504,0.46096333861351013,0.33483725786209106,0.7593415379524231,14.065133094787598,34.0778694152832,0.17218513786792755,13.25388240814209,16.686622619628906,37,25,30,0,
2025-12-30 10:20:57.098000,8d,Toxicity,Original,,77.317626953125,2.0460472106933594,158.0977783203125,1.1666290760040283,0.8388808369636536,0.27228400111198425,11.153897285461426,6.909725189208984,9.096216201782227,0.47435033321380615,0.304101824760437,0.6647135019302368,10.86094856262207,0,0.17622724175453186,11.844717979431152,14.08133316040039,37,25,30,0,
2025-12-30 10:20:59.098000,8d,Toxicity,Original,,75.14018249511719,2.152808904647827,158.5731658935547,1.4728422164916992,0.9397068023681641,0.39294394850730896,11.153897285461426,7.530630111694336,9.689701080322266,0.4969717264175415,0.3142043948173523,0.8097453117370605,11.965608596801758,0,0.17705796658992767,12.999112129211426,16.207956314086914,37,25,30,0,
2025-12-30 10:21:01.098000,8d,Toxicity,Original,,82.15225219726562,2.0711312294006348,170.12088012695312,0.8736075162887573,0.7550700902938843,0.5364470481872559,11.153897285461426,8.005874633789062,9.098087310791016,0.4439252018928528,0.28769105672836304,0.7833685278892517,8.756019592285156,0,0.17368920147418976,14.417786598205566,14.324169158935547,37,25,30,0,
2025-12-30 10:21:03.098000,8d,Toxicity,Original,,74.1282958984375,2.11259126663208,157.2565460205078,1.0483108758926392,0.8471615314483643,0.5157004594802856,11.153897285461426,7.425943374633789,8.541561126708984,0.47958052158355713,0.33919090032577515,0.5893438458442688,8.28353500366211,0,0.19402366876602173,15.567403793334961,14.385149002075195,37,25,30,0,
2025-12-30 10:21:03.098000,FinePointe Series WBP [SN 139781]  Site 4 Bias Flow is out of range.,,,,,,,,,,,,,,,,,,,,,,,,,
2025-12-30 10:21:03.098000,FinePointe Series WBP [SN 10499C]  Site 3 Bias Flow is out of range.,,,,,,,,,,,,,,,,,,,,,,,,,
2025-12-30 10:21:05.098000,8d,Toxicity,Original,,70.44535827636719,2.0053534507751465,140.3098907470703,0.9732193350791931,0.9344356656074524,0.5839740037918091,11.153897285461426,8.067276000976562,8.092294692993164,0.4913223087787628,0.3630214333534241,0.6653952598571777,12.772335052490234,9.030538558959961,0.2003057897090912,17.9400577545166,14.99287223815918,37,25,30,33.33333206176758,
2025-12-30 10:21:07.098000,8d,Toxicity,Original,,77.24345397949219,1.9421745538711548,150.00830078125,0.8598278760910034,0.7749854326248169,0.46473923325538635,11.153897285461426,7.93729829788208,8.181318283081055,0.4691474735736847,0.3079203963279724,0.7148268818855286,10.085236549377441,0,0.18533830344676971,13.95552921295166,13.551095008850098,37,25,30,0,
2025-12-30 10:21:09.098000,8d,Toxicity,Original,,79.09727478027344,2.0366363525390625,161.17132568359375,1.0808165073394775,0.8219277262687683,0.2564372718334198,11.153897285461426,7.457355499267578,8.676555633544922,0.4697082042694092,0.28908032178878784,0.6484823822975159,9.312071800231934,0,0.16852599382400513,15.860881805419922,9.92276668548584,37,25,30,0,
2025-12-30 10:21:11.098000,8d,Toxicity,Original,,71.10860443115234,2.0281858444213867,144.13153076171875,0.8086295127868652,0.6698504090309143,0.5773913264274597,11.153897285461426,7.463580131530762,9.24919605255127,0.4960714876651764,0.35264071822166443,0.7482326626777649,11.89582347869873,0,0.2361135631799698,15.698261260986328,10.058298110961914,37,25,30,0,
2025-12-30 10:21:13.098000,8d,Toxicity,Original,,76.20500183105469,2.2855496406555176,173.57083129882812,0.8698034286499023,0.7412736415863037,0.4567902088165283,11.153897285461426,8.132584571838379,9.3671875,0.5013159513473511,0.28761929273605347,0.6669130325317383,10.551576614379883,0,0.17874981462955475,14.083240509033203,12.098703384399414,37,25,30,0,
2025-12-30 10:21:13.098000,FinePointe Series WBP [SN 139781]  Site 4 Bias Flow is out of range.,,,,,,,,,,,,,,,,,,,,,,,,,
2025-12-30 10:21:13.098000,FinePointe Series WBP [SN 10499C]  Site 3 Bias Flow is out of range.,,,,,,,,,,,,,,,,,,,,,,,,,
2025-12-30 10:21:15.098000,8d,Toxicity,Original,,76.65139770507812,2.02707576751709,155.4438934326172,1.07486891746521,0.7010759115219116,0.49324482679367065,11.153897285461426,6.143810749053955,9.834623336791992,0.5042686462402344,0.2786487638950348,0.7845377922058105,11.853431701660156,0,0.1752646118402481,16.218780517578125,10.670456886291504,37,25,30,0,
2025-12-30 10:21:17.098000,8d,Toxicity,Original,,75.99690246582031,2.038940906524658,154.65109252929688,1.0059592723846436,0.7752891778945923,0.44911468029022217,11.153897285461426,7.9412713050842285,9.803985595703125,0.49725833535194397,0.2925020158290863,0.7916259765625,13.258909225463867,0,0.1759859323501587,18.69549560546875,15.686317443847656,37,25,30,0,
2025-12-30 10:21:19.098000,8d,Toxicity,Original,,72.48085021972656,1.9756532907485962,143.08749389648438,1.085198998451233,0.8789570927619934,0.28414538502693176,11.153897285461426,7.545466423034668,8.474893569946289,0.49667996168136597,0.33252859115600586,0.6677691340446472,12.910420417785645,0,0.19444540143013,14.656577110290527,16.84398651123047,37,25,30,0,
2025-12-30 10:21:21.098000,8d,Toxicity,Original,,77.4953842163086,1.8782258033752441,145.26922607421875,1.1047585010528564,0.9928873777389526,0.3921482563018799,11.153897285461426,7.0920562744140625,8.189352035522461,0.43861138820648193,0.3377135992050171,0.6868414282798767,15.388936996459961,0,0.19074104726314545,13.817166328430176,17.455137252807617,37,25,30,0,
2025-12-30 10:21:23.098000,8d,Toxicity,Original,,71.74853515625,2.0992660522460938,150.6160125732422,1.0500242710113525,0.7727347612380981,0.3398703634738922,11.153897285461426,6.531949996948242,7.981142997741699,0.5257275104522705,0.31052693724632263,0.6626067757606506,8.433148384094238,0,0.18559780716896057,13.237434387207031,13.433408737182617,37,25,30,0,
2025-12-30 10:21:23.098000,FinePointe Series WBP [SN 139781]  Site 4 Bias Flow is out of range.,,,,,,,,,,,,,,,,,,,,,,,,,
2025-12-30 10:21:25.098000,8d,Toxicity,Original,,72.95499420166016,2.0360288619995117,148.2313232421875,0.922514796257019,0.8093615770339966,0.4256347119808197,11.153897285461426,7.650763034820557,9.366373062133789,0.5070491433143616,0.3168295621871948,0.8103340864181519,15.567026138305664,0,0.19461625814437866,17.776456832885742,13.743949890136719,37,25,30,0,
2025-12-30 10:21:25.098000,FinePointe Series WBP [SN 10499C]  Site 3 Bias Flow is out of range.,,,,,,,,,,,,,,,,,,,,,,,,,
2025-12-30 10:21:27.098000,8d,Toxicity,Original,,70.96400451660156,2.285250663757324,160.76416015625,1.1718928813934326,0.8516708016395569,0.38353055715560913,11.153897285461426,7.011448860168457,9.836528778076172,0.5247454643249512,0.3227706551551819,0.8244260549545288,11.217970848083496,0,0.20022428035736084,15.309555053710938,18.761768341064453,37,25,30,0,
2025-12-30 10:21:29.098000,8d,Toxicity,Original,,80.86176300048828,2.096632480621338,169.38961791992188,0.956184983253479,0.7841500639915466,0.3366222679615021,11.153897285461426,7.931705474853516,8.924162864685059,0.4749336242675781,0.2672581672668457,0.7738857269287109,8.777619361877441,0,0.15966558456420898,10.616155624389648,17.070972442626953,37,25,30,0,
2025-12-30 10:21:31.098000,8d,Toxicity,Original,,71.21505737304688,2.05556058883667,146.88267517089844,0.6746721267700195,0.7253174781799316,0.5485067963600159,11.153897285461426,8.995443344116211,7.270726203918457,0.4231981039047241,0.41989853978157043,0.34254130721092224,9.821250915527344,0,0.25378745794296265,8.992390632629395,5.647399425506592,37,25,30,33.33333206176758,
2025-12-30 10:21:33.098000,8d,Toxicity,Original,,72.87425231933594,2.02793025970459,145.45004272460938,1.256529450416565,0.9031956195831299,0.2270514965057373,11.153897285461426,6.595909118652344,8.728998184204102,0.4838531017303467,0.34431886672973633,0.6105633974075317,11.081412315368652,0,0.18840157985687256,15.259544372558594,15.101762771606445,37,25,30,0,
2025-12-30 10:21:33.098000,FinePointe Series WBP [SN 139781]  Site 4 Bias Flow is out of range.,,,,,,,,,,,,,,,,,,,,,,,,,
2025-12-30 10:21:35.098000,8d,Toxicity,Original,,79.64892578125,2.175717353820801,173.5133056640625,0.915270209312439,0.7388869524002075,0.4302498400211334,11.153897285461426,8.16230297088623,10.369409561157227,0.454193115234375,0.300726056098938,0.7814048528671265,10.987188339233398,0,0.18312910199165344,17.58796501159668,15.133001327514648,37,25,30,33.33333206176758,
2025-12-30 10:21:35.098000,FinePointe Series WBP [SN 10499C]  Site 3 Bias Flow is out of range.,,,,,,,,,,,,,,,,,,,,,,,,,
2025-12-30 10:21:37.098000,8d,Toxicity,Original,,78.7200698852539,2.157054901123047,169.75999450683594,0.8762094378471375,0.785185694694519,0.5851070284843445,11.153897285461426,8.225693702697754,8.287640571594238,0.46619725227355957,0.29610809683799744,0.608476996421814,10.075874328613281,0,0.17908978462219238,12.933993339538574,14.283390045166016,37,25,30,0,
2025-12-30 10:21:39.098000,8d,Toxicity,Original,,75.92131042480469,1.9043381214141846,144.4578094482422,1.0812596082687378,0.9934248328208923,0.2804560661315918,11.153897285461426,7.737071990966797,8.232133865356445,0.4465513825416565,0.34417957067489624,0.6878478527069092,13.936655044555664,20.314361572265625,0.19573944807052612,14.291603088378906,17.23135757446289,37,25,30,0,
2025-12-30 10:21:41.098000,8d,Toxicity,Original,,76.96768188476562,2.0807478427886963,160.15667724609375,0.9065873026847839,0.748149037361145,0.4620392322540283,11.153897285461426,7.809409141540527,9.194462776184082,0.47480541467666626,0.3050568699836731,0.7346182465553284,10.256674766540527,0,0.1886882185935974,13.810315132141113,13.997244834899902,37,25,30,0,
2025-12-30 10:21:43.098000,8d,Toxicity,Original,,78.49276733398438,2.026074171066284,159.7823944091797,0.8191038966178894,0.7595427632331848,0.4716137647628784,11.153897285461426,7.589684009552002,8.31678295135498,0.4815954566001892,0.2847081124782562,0.694622814655304,11.019230842590332,0,0.17310106754302979,16.596359252929688,13.737889289855957,37,25,30,0,
2025-12-30 10:21:43.098000,FinePointe Series WBP [SN 139781]  Site 4 Bias Flow is out of range.,,,,,,,,,,,,,,,,,,,,,,,,,
2025-12-30 10:21:43.098000,FinePointe Series WBP [SN 10499C]  Site 3 Bias Flow is out of range.,,,,,,,,,,,,,,,,,,,,,,,,,
2025-12-30 10:21:45.098000,8d,Toxicity,Original,,77.15643310546875,1.9860141277313232,153.2791748046875,0.7535378932952881,0.5710462331771851,0.5901914834976196,11.153897285461426,7.143808841705322,9.860392570495605,0.44198077917099,0.3357188105583191,0.7422957420349121,68.30776977539062,0,0.23598897457122803,21.355213165283203,7.561662673950195,37,25,30,0,
2025-12-30 10:21:47.098000,8d,Toxicity,Original,,78.36203002929688,1.845640778541565,144.79368591308594,0.9334563612937927,0.6464506387710571,0.41173726320266724,11.153897285461426,6.860179424285889,9.547657012939453,0.4451755881309509,0.32093560695648193,0.7942352294921875,42.59069061279297,0,0.22445331513881683,20.310649871826172,11.004152297973633,37,25,30,0,
2025-12-30 10:21:49.098000,8d,Toxicity,Original,,71.88568115234375,2.1272120475769043,152.80648803710938,1.0534284114837646,0.9021755456924438,0.376809686422348,11.153897285461426,8.130290031433105,8.091609001159668,0.485859215259552,0.3489641547203064,0.6067498922348022,12.028154373168945,0,0.19394834339618683,13.307788848876953,15.645698547363281,37,25,30,0,
2025-12-30 10:21:51.098000,8d,Toxicity,Original,,75.15502166748047,2.0853068828582764,157.92697143554688,0.9496715664863586,0.7996484637260437,0.5309487581253052,11.153897285461426,7.278684616088867,8.170147895812988,0.4724738895893097,0.33106058835983276,0.6332855820655823,12.520857810974121,0,0.2061515897512436,14.240046501159668,14.233501434326172,37,25,30,0,
2025-12-30 10:21:53.098000,8d,Toxicity,Original,,80.63756561279297,1.8310015201568604,146.8150634765625,0.8652694225311279,0.7227020263671875,0.6385729312896729,11.153897285461426,7.496831893920898,9.17432975769043,0.44186627864837646,0.30483078956604004,0.6759761571884155,11.271832466125488,0,0.1863933801651001,11.220059394836426,12.091207504272461,37,25,30,0,
2025-12-30 10:21:53.098000,FinePointe Series WBP [SN 139781]  Site 4 Bias Flow is out of range.,,,,,,,,,,,,,,,,,,,,,,,,,
2025-12-30 10:21:53.098000,FinePointe Series WBP [SN 10499C]  Site 3 Bias Flow is out of range.,,,,,,,,,,,,,,,,,,,,,,,,,
2025-12-30 10:21:55.098000,8d,Toxicity,Original,,77.70244598388672,2.1870172023773193,169.67019653320312,0.9009669423103333,0.7177107930183411,0.42905208468437195,11.153897285461426,7.4094414710998535,9.047322273254395,0.4840162992477417,0.2931191325187683,0.6384276747703552,12.572403907775879,0,0.18838074803352356,15.151811599731445,10.670644760131836,37,25,30,0,
2025-12-30 10:21:57.098000,8d,Toxicity,Original,,74.81367492675781,1.8472421169281006,137.69349670410156,1.564223051071167,0.9841281175613403,0.2674236595630646,11.153897285461426,6.854883193969727,11.263938903808594,0.5163962841033936,0.28943610191345215,0.829903244972229,9.05152702331543,0,0.15823614597320557,21.767574310302734,15.8378267288208,37,25,30,0,
2025-12-30 10:21:59.098000,8d,Toxicity,Original,,76.24575805664062,2.205758571624756,166.86146545410156,0.7718775272369385,0.6963709592819214,0.4719819724559784,11.153897285461426,8.381534576416016,9.48194694519043,0.5010163187980652,0.29843661189079285,0.7837861180305481,18.258150100708008,0,0.19235561788082123,19.67166519165039,13.028040885925293,37,25,30,0,
2025-12-30 10:22:01.098000,8d,Toxicity,Original,,76.50679016113281,2.031619071960449,155.41305541992188,0.9135535955429077,0.8700743913650513,0.47362765669822693,11.153897285461426,8.877862930297852,8.51705551147461,0.4467236399650574,0.34024709463119507,0.6983605027198792,16.17896270751953,11.130440711975098,0.19423030316829681,17.945938110351562,13.979745864868164,37,25,30,0,
2025-12-30 10:22:03.098000,8d,Toxicity,Original,,81.50917053222656,1.9582408666610718,159.49427795410156,0.9479650259017944,0.779813826084137,0.6609364151954651,11.153897285461426,7.194929599761963,9.335420608520508,0.4447776973247528,0.291556179523468,0.7239732146263123,10.522294998168945,4.874107837677002,0.1740318238735199,15.866901397705078,16.288490295410156,37,25,30,0,
2025-12-30 10:22:03.098000,FinePointe Series WBP [SN 139781]  Site 4 Bias Flow is out of range.,,,,,,,,,,,,,,,,,,,,,,,,,
2025-12-30 10:22:03.098000,FinePointe Series WBP [SN 139781]  Site 1 Bias Flow is out of range.,,,,,,,,,,,,,,,,,,,,,,,,,
2025-12-30 10:22:03.098000,FinePointe Series WBP [SN 10499C]  Site 3 Bias Flow is out of range.,,,,,,,,,,,,,,,,,,,,,,,,,
2025-12-30 10:22:05.098000,8d,Toxicity,Original,,80.81587982177734,1.9776870012283325,159.87425231933594,1.208409309387207,0.823233962059021,0.45825985074043274,11.153897285461426,7.188601493835449,10.18080997467041,0.47065868973731995,0.2719646990299225,0.8153344392776489,11.767349243164062,0,0.1590014100074768,15.133355140686035,14.763568878173828,37,25,30,0,
2025-12-30 10:22:07.098000,8d,Toxicity,Original,,70.37295532226562,2.2612736225128174,157.30654907226562,0.7597124576568604,0.6205517649650574,0.7150067090988159,11.153897285461426,8.16808795928955,10.503610610961914,0.5450630784034729,0.31455832719802856,0.848241925239563,29.59353256225586,0,0.20272979140281677,19.836275100708008,14.078550338745117,37,25,30,0,
2025-12-30 10:22:09.098000,8d,Toxicity,Original,,75.18902587890625,2.19149112701416,164.49746704101562,0.8496438264846802,0.6989061832427979,0.55618816614151,11.153897285461426,7.850537300109863,9.411338806152344,0.5250706672668457,0.27392834424972534,0.8315114378929138,13.131193161010742,0,0.1814231276512146,18.011127471923828,12.684532165527344,37,25,30,0,
2025-12-30 10:22:11.098000,8d,Toxicity,Original,,80.6046142578125,2.1608400344848633,173.76841735839844,1.130661964416504,0.8800657391548157,0.3184650242328644,11.153897285461426,7.909483432769775,9.68012809753418,0.4406176805496216,0.30613017082214355,0.8018425703048706,12.831657409667969,0,0.17794540524482727,13.60214614868164,14.942985534667969,37,25,30,33.33333206176758,
2025-12-30 10:22:13.098000,8d,Toxicity,Original,,74.6666030883789,2.035383701324463,152.03890991210938,0.925877034664154,0.7418393492698669,0.5043864846229553,11.153897285461426,7.009511947631836,8.979005813598633,0.4778910279273987,0.3282836973667145,0.7111527919769287,13.604326248168945,0,0.2036251723766327,16.787830352783203,10.210565567016602,37,25,30,0,
2025-12-30 10:22:13.098000,FinePointe Series WBP [SN 139781]  Site 4 Bias Flow is out of range.,,,,,,,,,,,,,,,,,,,,,,,,,
2025-12-30 10:22:13.098000,FinePointe Series WBP [SN 139781]  Site 1 Bias Flow is out of range.,,,,,,,,,,,,,,,,,,,,,,,,,
2025-12-30 10:22:13.098000,FinePointe Series WBP [SN 10499C]  Site 3 Bias Flow is out of range.,,,,,,,,,,,,,,,,,,,,,,,,,
2025-12-30 10:22:15.098000,8d,Toxicity,Original,,84.46504211425781,2.1638972759246826,182.63914489746094,0.6740007996559143,0.7046263217926025,0.4867953658103943,11.153897285461426,9.191837310791016,8.890264511108398,0.41975677013397217,0.29064124822616577,0.6286082863807678,14.073617935180664,0,0.18393301963806152,17.680599212646484,13.796661376953125,37,25,30,0,
2025-12-30 10:22:17.098000,8d,Toxicity,Original,,80.62515258789062,2.0953128337860107,168.7793731689453,0.8229080438613892,0.731666088104248,0.5999537110328674,11.153897285461426,8.532537460327148,10.170899391174316,0.4349044859409332,0.31139934062957764,0.8555725812911987,18.315685272216797,0,0.19398947060108185,17.977270126342773,16.080554962158203,37,25,30,0,
2025-12-30 10:22:19.098000,8d,Toxicity,Original,,79.46961975097656,1.8524125814437866,147.24203491210938,0.7916924357414246,0.7331644296646118,0.6299662590026855,11.153897285461426,8.194585800170898,8.862068176269531,0.46202829480171204,0.2933852970600128,0.7284156680107117,15.165559768676758,0,0.18298974633216858,22.324451446533203,15.10811710357666,37,25,30,0,
2025-12-30 10:22:23.098000,8d,Toxicity,Original,,76.73262023925781,2.090313196182251,160.3723602294922,0.7258690595626831,0.6630216836929321,0.5247510075569153,11.153897285461426,7.585019111633301,8.905536651611328,0.4914270043373108,0.29096758365631104,0.701816201210022,14.572946548461914,0,0.19713930785655975,20.307645797729492,9.236897468566895,37,25,30,40,
2025-12-30 10:22:25.098000,8d,Toxicity,Original,,77.12020874023438,1.9505112171173096,150.423828125,0.9587456583976746,0.7627086043357849,0.21981124579906464,11.153897285461426,6.905055046081543,8.251428604125977,0.48684728145599365,0.29115891456604004,0.6243969202041626,7.904084205627441,0,0.17543545365333557,16.12392234802246,14.734932899475098,37,25,30,0,
2025-12-30 10:22:25.098000,FinePointe Series WBP [SN 139781]  Site 4 Bias Flow is out of range.,,,,,,,,,,,,,,,,,,,,,,,,,
2025-12-30 10:22:25.098000,FinePointe Series WBP [SN 139781]  Site 1 Bias Flow is out of range.,,,,,,,,,,,,,,,,,,,,,,,,,
2025-12-30 10:22:25.098000,FinePointe Series WBP [SN 10499C]  Site 3 Bias Flow is out of range.,,,,,,,,,,,,,,,,,,,,,,,,,
2025-12-30 10:22:27.098000,8d,Toxicity,Original,,64.08708953857422,1.9807895421981812,113.0272216796875,0.8192551136016846,1.065261721611023,0.541300892829895,11.153897285461426,9.381340026855469,6.506519794464111,0.4394901394844055,0.5443311929702759,0.4236822724342346,5.307754039764404,7.895641803741455,0.26962292194366455,6.436446189880371,14.871373176574707,37,25,30,50,
2025-12-30 10:22:29.098000,8d,Toxicity,Original,,63.006431579589844,2.025845766067505,127.16217803955078,1.3618972301483154,1.052579641342163,0.2972545921802521,11.153897285461426,5.841733455657959,6.537652015686035,0.6037057638168335,0.3522956967353821,0.39706194400787354,16.883502960205078,0,0.1857622116804123,10.403718948364258,12.888140678405762,37,25,30,0,
2025-12-30 10:22:31.098000,8d,Toxicity,Original,,72.50857543945312,1.8225069046020508,133.15110778808594,0.8523644208908081,0.7492458820343018,0.7693590521812439,11.153897285461426,7.67454719543457,8.228744506835938,0.44309553503990173,0.38995447754859924,0.586905837059021,18.870763778686523,13.274147033691406,0.2349906861782074,18.82468032836914,8.296984672546387,37,25,30,0,
2025-12-30 10:22:33.098000,8d,Toxicity,Original,,74.54297637939453,1.8665235042572021,138.145263671875,1.0306596755981445,0.8353062868118286,0.45784488320350647,11.153897285461426,6.724613189697266,8.096526145935059,0.46474123001098633,0.3446013331413269,0.6380666494369507,13.079463958740234,0,0.20939737558364868,13.413824081420898,14.991535186767578,37,25,30,0,
2025-12-30 10:22:33.098000,FinePointe Series WBP [SN 139781]  Site 4 Bias Flow is out of range.,,,,,,,,,,,,,,,,,,,,,,,,,
2025-12-30 10:22:35.098000,8d,Toxicity,Original,,78.14008331298828,2.1965560913085938,171.63906860351562,0.8646202087402344,0.8010722398757935,0.3361385762691498,11.153897285461426,7.23578405380249,8.296643257141113,0.45845553278923035,0.3093962073326111,0.7189877033233643,12.137999534606934,0,0.1923936903476715,15.707015991210938,8.110636711120605,37,25,30,50,
2025-12-30 10:22:35.098000,FinePointe Series WBP [SN 139781]  Site 1 Bias Flow is out of range.,,,,,,,,,,,,,,,,,,,,,,,,,
2025-12-30 10:22:35.098000,FinePointe Series WBP [SN 139781]  Site 3 Bias Flow is out of range.,,,,,,,,,,,,,,,,,,,,,,,,,
2025-12-30 10:22:35.098000,FinePointe Series WBP [SN 10499C]  Site 3 Bias Flow is out of range.,,,,,,,,,,,,,,,,,,,,,,,,,
2025-12-30 10:22:37.098000,8d,Toxicity,Original,,66.35169982910156,2.279026985168457,150.59237670898438,1.142198085784912,0.8584250211715698,0.40223437547683716,11.153897285461426,6.629335403442383,7.3236799240112305,0.6002184152603149,0.32600510120391846,0.6252402663230896,9.875277519226074,0,0.19016098976135254,8.056356430053711,11.106890678405762,37,25,30,0,
2025-12-30 10:22:39.098000,8d,Toxicity,Original,,74.1054916381836,1.889806866645813,139.8387908935547,1.1470576524734497,0.8746223449707031,0.321767121553421,11.153897285461426,6.2405266761779785,8.013468742370605,0.4892624616622925,0.32231175899505615,0.6150009632110596,11.532207489013672,0,0.18636739253997803,13.858420372009277,14.844977378845215,37,25,30,0,
2025-12-30 10:22:41.098000,8d,Toxicity,Original,,77.11395263671875,1.764888882637024,136.09756469726562,1.3508436679840088,0.7716190218925476,0.2917710840702057,11.153897285461426,5.339008331298828,8.84089469909668,0.5038817524909973,0.2741875648498535,0.666042685508728,9.17949390411377,0,0.17117251455783844,16.725353240966797,16.99937629699707,37,25,30,50,
2025-12-30 10:22:43.098000,8d,Toxicity,Original,,74.27335357666016,1.770958423614502,131.71826171875,0.7844598293304443,0.6844549179077148,0.36079394817352295,11.153897285461426,8.19514274597168,8.407230377197266,0.47226524353027344,0.3399595022201538,0.631096363067627,52.212486267089844,0,0.2137676179409027,23.012975692749023,9.577033042907715,37,25,30,33.33333206176758,
2025-12-30 10:22:43.098000,FinePointe Series WBP [SN 139781]  Site 4 Bias Flow is out of range.,,,,,,,,,,,,,,,,,,,,,,,,,
2025-12-30 10:22:45.098000,8d,Toxicity,Original,,72.81488800048828,1.7233176231384277,125.4831771850586,0.9539164900779724,0.7600891590118408,0.16668416559696198,11.153897285461426,6.872306823730469,8.069993019104004,0.5360375642776489,0.28796976804733276,0.6383283734321594,25.911882400512695,0,0.22081464529037476,21.17315673828125,9.487639427185059,37,25,30,50,
2025-12-30 10:22:45.098000,FinePointe Series WBP [SN 139781]  Site 1 Bias Flow is out of range.,,,,,,,,,,,,,,,,,,,,,,,,,
2025-12-30 10:22:45.098000,FinePointe Series WBP [SN 139781]  Site 3 Bias Flow is out of range.,,,,,,,,,,,,,,,,,,,,,,,,,
2025-12-30 10:22:45.098000,FinePointe Series WBP [SN 10499C]  Site 3 Bias Flow is out of range.,,,,,,,,,,,,,,,,,,,,,,,,,
2025-12-30 10:22:47.098000,8d,Toxicity,Original,,71.30960083007812,2.0539803504943848,146.11727905273438,0.9839223623275757,0.8251714706420898,0.575340986251831,11.153897285461426,6.926876068115234,8.427461624145508,0.4838883876800537,0.3640715479850769,0.6747271418571472,16.934120178222656,0,0.21796947717666626,10.690114974975586,11.072741508483887,37,25,30,0,
2025-12-30 10:22:49.098000,8d,Toxicity,Original,,73.69693756103516,2.0319290161132812,149.72955322265625,1.100619912147522,0.9088655114173889,0.2709750533103943,11.153897285461426,6.653676986694336,7.782334804534912,0.4983283281326294,0.3161490261554718,0.6431944966316223,12.550139427185059,0,0.18074026703834534,16.803955078125,14.009363174438477,37,25,30,0,
2025-12-30 10:22:51.098000,8d,Toxicity,Original,,77.84124755859375,1.7832026481628418,138.34921264648438,0.9243718385696411,0.7263503670692444,0.5591899156570435,11.153897285461426,6.657347679138184,7.6935272216796875,0.4669322967529297,0.3088148832321167,0.6587169170379639,17.891149520874023,0,0.1967102289199829,15.440753936767578,12.472434997558594,37,25,30,0,
2025-12-30 10:22:53.098000,8d,Toxicity,Original,,74.05844116210938,1.7747845649719238,130.92031860351562,1.1181039810180664,0.7421013116836548,0.4393491744995117,11.153897285461426,5.380467414855957,8.037857055664062,0.4959741234779358,0.3149392008781433,0.594492495059967,11.468008041381836,0,0.19731725752353668,13.802968978881836,12.322443008422852,37,25,30,33.33333206176758,
2025-12-30 10:22:53.098000,FinePointe Series WBP [SN 139781]  Site 4 Bias Flow is out of range.,,,,,,,,,,,,,,,,,,,,,,,,,
2025-12-30 10:22:53.098000,FinePointe Series WBP [SN 10499C]  Site 3 Bias Flow is out of range.,,,,,,,,,,,,,,,,,,,,,,,,,
2025-12-30 10:22:55.098000,8d,Toxicity,Original,,79.50346374511719,1.8983945846557617,150.74798583984375,0.8172242045402527,0.69830721616745,0.5396392345428467,11.153897285461426,7.169980049133301,8.411744117736816,0.46190589666366577,0.2936829626560211,0.6570630073547363,14.548615455627441,0,0.18891626596450806,19.050851821899414,10.686562538146973,37,25,30,0,
2025-12-30 10:22:55.098000,FinePointe Series WBP [SN 139781]  Site 1 Bias Flow is out of range.,,,,,,,,,,,,,,,,,,,,,,,,,
2025-12-30 10:22:55.098000,FinePointe Series WBP [SN 139781]  Site 3 Bias Flow is out of range.,,,,,,,,,,,,,,,,,,,,,,,,,
2025-12-30 10:22:57.098000,8d,Toxicity,Original,,74.58367156982422,1.8790713548660278,140.17196655273438,0.8321630954742432,0.661331832408905,0.5127463340759277,11.153897285461426,6.791567802429199,9.085906982421875,0.47367891669273376,0.33309078216552734,0.7919191122055054,51.23113250732422,0,0.21758776903152466,21.57189178466797,12.065946578979492,37,25,30,0,
2025-12-30 10:22:59.098000,8d,Toxicity,Original,,62.006561279296875,2.0083184242248535,124.41835021972656,1.3548777103424072,1.1022875308990479,0.18178623914718628,11.153897285461426,6.960850715637207,7.350451946258545,0.5365622043609619,0.43278294801712036,0.42966362833976746,11.823929786682129,0,0.2167077362537384,13.249929428100586,16.0957088470459,37,25,30,0,
2025-12-30 10:23:01.098000,8d,Toxicity,Original,,76.05435180664062,2.1030635833740234,160.44427490234375,0.7854541540145874,0.6549937129020691,0.6319165229797363,11.153897285461426,7.67799186706543,9.54857349395752,0.48321935534477234,0.3083348870277405,0.7509884238243103,14.786066055297852,0,0.21026353538036346,17.549335479736328,13.726821899414062,37,25,30,0,
2025-12-30 10:23:03.098000,8d,Toxicity,Original,,77.208740234375,1.8641433715820312,143.7840576171875,1.0363236665725708,0.8380248546600342,0.36744117736816406,11.153897285461426,7.654335975646973,9.118602752685547,0.4496631622314453,0.32782453298568726,0.7584790587425232,17.46234893798828,0,0.20358330011367798,18.933317184448242,13.243120193481445,37,25,30,0,
2025-12-30 10:23:03.098000,FinePointe Series WBP [SN 139781]  Site 4 Bias Flow is out of range.,,,,,,,,,,,,,,,,,,,,,,,,,
2025-12-30 10:23:03.098000,FinePointe Series WBP [SN 139781]  Site 1 Bias Flow is out of range.,,,,,,,,,,,,,,,,,,,,,,,,,
2025-12-30 10:23:03.098000,FinePointe Series WBP [SN 10499C]  Site 3 Bias Flow is out of range.,,,,,,,,,,,,,,,,,,,,,,,,,
2025-12-30 10:23:05.098000,8d,Toxicity,Original,,56.89600372314453,1.9110102653503418,106.91522216796875,2.9150846004486084,2.1618940830230713,0.26973578333854675,11.153897285461426,6.300031661987305,7.622420310974121,0.49700257182121277,0.6073561310768127,0.534172773361206,18.05837631225586,131.60528564453125,0.20191268622875214,7.096442222595215,21.707679748535156,37,25,30,0,
2025-12-30 10:23:05.098000,FinePointe Series WBP [SN 139781]  Site 3 Bias Flow is out of range.,,,,,,,,,,,,,,,,,,,,,,,,,
2025-12-30 10:23:07.098000,8d,Toxicity,Original,,77.04441833496094,1.8173226118087769,140.0145721435547,1.1572712659835815,0.8445228338241577,0.3416828513145447,11.153897285461426,7.659091472625732,9.662671089172363,0.4802490770816803,0.2985224425792694,0.7258341312408447,12.19023323059082,0,0.16992951929569244,20.36688232421875,14.452268600463867,37,25,30,50,
2025-12-30 10:23:09.098000,8d,Toxicity,Original,,76.21826171875,1.8079403638839722,138.14935302734375,0.8511333465576172,0.7994999289512634,0.5454830527305603,11.153897285461426,7.1041646003723145,7.592363357543945,0.476274698972702,0.31247928738594055,0.6268946528434753,14.3352632522583,0,0.1903650313615799,17.000410079956055,15.408859252929688,37,25,30,0,
2025-12-30 10:23:11.098000,8d,Toxicity,Original,,83.44693756103516,1.8615361452102661,155.3813018798828,0.9566409587860107,0.7199118733406067,0.5192778706550598,11.153897285461426,7.025000095367432,9.536865234375,0.43575653433799744,0.28353333473205566,0.744041383266449,14.403032302856445,0,0.17699109017848969,15.827299118041992,11.375319480895996,37,25,30,0,
2025-12-30 10:23:13.098000,8d,Toxicity,Original,,78.41793823242188,1.8277406692504883,143.3326416015625,1.1279919147491455,0.7462770938873291,0.5421100854873657,11.153897285461426,6.097710132598877,8.520149230957031,0.4798106849193573,0.2853207588195801,0.6094316244125366,9.280500411987305,0,0.17616620659828186,13.743302345275879,13.808516502380371,37,25,30,0,
2025-12-30 10:23:13.098000,FinePointe Series WBP [SN 139781]  Site 4 Bias Flow is out of range.,,,,,,,,,,,,,,,,,,,,,,,,,
2025-12-30 10:23:13.098000,FinePointe Series WBP [SN 139781]  Site 1 Bias Flow is out of range.,,,,,,,,,,,,,,,,,,,,,,,,,
2025-12-30 10:23:13.098000,FinePointe Series WBP [SN 139781]  Site 3 Bias Flow is out of range.,,,,,,,,,,,,,,,,,,,,,,,,,
2025-12-30 10:23:13.098000,FinePointe Series WBP [SN 10499C]  Site 3 Bias Flow is out of range.,,,,,,,,,,,,,,,,,,,,,,,,,
2025-12-30 10:23:15.098000,8d,Toxicity,Original,,79.3191909790039,1.764601707458496,140.27210998535156,0.7574731707572937,0.6567972898483276,0.4662413001060486,11.153897285461426,7.330078125,8.327468872070312,0.47470882534980774,0.2824735641479492,0.7034589052200317,16.4693546295166,0,0.19314205646514893,20.184314727783203,13.570382118225098,37,25,30,0,
2025-12-30 10:23:17.098000,8d,Toxicity,Original,,76.07833862304688,1.8955769538879395,144.18484497070312,0.934736430644989,0.7480656504631042,0.45607179403305054,11.153897285461426,7.131477355957031,8.919783592224121,0.49492743611335754,0.29374027252197266,0.710559606552124,18.517276763916016,0,0.1833651065826416,20.491350173950195,12.368566513061523,37,25,30,0,
2025-12-30 10:23:19.098000,8d,Toxicity,Original,,76.47451782226562,1.897351861000061,145.10919189453125,1.0011292695999146,0.8374096155166626,0.3172503113746643,11.153897285461426,7.013075828552246,8.498592376708984,0.47672736644744873,0.30785071849823,0.6896890997886658,10.7266845703125,0,0.18848370015621185,17.520954132080078,13.885604858398438,37,25,30,33.33333206176758,
2025-12-30 10:23:21.098000,8d,Toxicity,Original,,78.94345092773438,1.8545005321502686,146.5502166748047,0.8848849534988403,0.7350272536277771,0.48918160796165466,11.153897285461426,7.052420616149902,8.394922256469727,0.4320002496242523,0.3325572609901428,0.7033417820930481,21.1202392578125,0,0.2066410481929779,14.700745582580566,12.829017639160156,37,25,30,0,
2025-12-30 10:23:23.098000,8d,Toxicity,Original,,74.67074584960938,1.996128797531128,147.2119140625,0.6907748579978943,0.6320213675498962,0.5772187113761902,11.153897285461426,7.432619094848633,8.398208618164062,0.46969032287597656,0.33731335401535034,0.6976390480995178,29.868820190429688,0,0.22592678666114807,18.358673095703125,12.733722686767578,37,25,30,0,
2025-12-30 10:23:25.098000,8d,Toxicity,Original,,69.1840591430664,2.042835235595703,140.63314819335938,0.7993490695953369,0.81842041015625,0.4288787245750427,11.153897285461426,7.809920310974121,7.328256607055664,0.47300082445144653,0.4030637741088867,0.5461181998252869,19.425661087036133,0,0.2304081916809082,15.025108337402344,12.841358184814453,37,25,30,0,
2025-12-30 10:23:25.098000,FinePointe Series WBP [SN 139781]  Site 4 Bias Flow is out of range.,,,,,,,,,,,,,,,,,,,,,,,,,
2025-12-30 10:23:25.098000,FinePointe Series WBP [SN 139781]  Site 1 Bias Flow is out of range.,,,,,,,,,,,,,,,,,,,,,,,,,
2025-12-30 10:23:25.098000,FinePointe Series WBP [SN 139781]  Site 3 Bias Flow is out of range.,,,,,,,,,,,,,,,,,,,,,,,,,
2025-12-30 10:23:25.098000,FinePointe Series WBP [SN 10499C]  Site 3 Bias Flow is out of range.,,,,,,,,,,,,,,,,,,,,,,,,,
2025-12-30 10:23:27.098000,8d,Toxicity,Original,,74.54486846923828,2.1215884685516357,157.6261749267578,0.8128541111946106,0.7463324069976807,0.5097756385803223,11.153897285461426,8.004781723022461,8.152701377868652,0.472207248210907,0.336429238319397,0.6445064544677734,14.015798568725586,0,0.20890647172927856,14.208656311035156,13.449460983276367,37,25,30,0,
2025-12-30 10:23:29.098000,8d,Toxicity,Original,,72.45067596435547,1.9632749557495117,142.2406005859375,1.1376196146011353,0.7578431963920593,0.22734440863132477,11.153897285461426,6.306356430053711,7.574940204620361,0.5466383695602417,0.28151121735572815,0.5627951622009277,13.10673999786377,0,0.1797686517238617,10.007389068603516,12.576498985290527,37,25,30,0,
2025-12-30 10:23:31.098000,8d,Toxicity,Original,,75.39644622802734,1.8743399381637573,141.3731231689453,0.9933091998100281,0.7650766372680664,0.36952465772628784,11.153897285461426,6.823354721069336,9.227599143981934,0.486028790473938,0.30994540452957153,0.7011833786964417,17.616680145263672,0,0.1930282711982727,20.0692195892334,11.578262329101562,37,25,30,25,
2025-12-30 10:23:33.098000,8d,Toxicity,Original,,83.20496368408203,1.8836281299591064,156.60690307617188,0.9126150608062744,0.726213812828064,0.5264225602149963,11.153897285461426,6.763154983520508,8.604240417480469,0.4462101459503174,0.27538156509399414,0.6967357397079468,10.928487777709961,0,0.16910375654697418,16.771846771240234,10.431631088256836,37,25,30,0,
2025-12-30 10:23:35.098000,8d,Toxicity,Original,,75.0850830078125,2.0028817653656006,150.5634002685547,0.7581486105918884,0.6481380462646484,0.5618144273757935,11.153897285461426,7.356134414672852,8.81941032409668,0.4768269658088684,0.32491448521614075,0.7207935452461243,44.30120849609375,0,0.21333280205726624,18.879228591918945,14.465022087097168,37,25,30,33.33333206176758,
2025-12-30 10:23:35.098000,FinePointe Series WBP [SN 139781]  Site 4 Bias Flow is out of range.,,,,,,,,,,,,,,,,,,,,,,,,,
2025-12-30 10:23:35.098000,FinePointe Series WBP [SN 139781]  Site 1 Bias Flow is out of range.,,,,,,,,,,,,,,,,,,,,,,,,,
2025-12-30 10:23:35.098000,FinePointe Series WBP [SN 139781]  Site 3 Bias Flow is out of range.,,,,,,,,,,,,,,,,,,,,,,,,,
2025-12-30 10:23:35.098000,FinePointe Series WBP [SN 10499C]  Site 3 Bias Flow is out of range.,,,,,,,,,,,,,,,,,,,,,,,,,
2025-12-30 10:23:37.098000,8d,Toxicity,Original,,77.12864685058594,1.8608527183532715,143.7235107421875,0.8032000660896301,0.7090555429458618,0.4404695928096771,11.153897285461426,7.481826305389404,8.138531684875488,0.44203895330429077,0.33972668647766113,0.6841652989387512,50.22676467895508,0,0.21651695668697357,19.334089279174805,15.888855934143066,37,25,30,0,
2025-12-30 10:23:39.098000,8d,Toxicity,Original,,76.94632720947266,1.7474348545074463,134.4460906982422,1.2666910886764526,0.8589328527450562,0.40046238899230957,11.153897285461426,6.102176189422607,8.525886535644531,0.48963025212287903,0.29015037417411804,0.7271170616149902,11.857573509216309,0,0.1714153289794922,17.52764129638672,14.844771385192871,37,25,30,0,
2025-12-30 10:23:41.098000,8d,Toxicity,Original,,76.40301513671875,1.9574830532073975,149.5773468017578,0.7292655110359192,0.659088671207428,0.6728408932685852,11.153897285461426,7.0207672119140625,7.887330532073975,0.46754032373428345,0.3188709616661072,0.6463472843170166,14.321840286254883,0,0.2102842926979065,16.188425064086914,12.01758861541748,37,25,30,0,
2025-12-30 10:23:43.098000,8d,Toxicity,Original,,81.87196350097656,1.6521517038345337,132.80230712890625,0.8373029232025146,0.7770290374755859,0.5242166519165039,11.153897285461426,7.031682968139648,8.264095306396484,0.41901689767837524,0.3241625428199768,0.7335193157196045,23.994586944580078,0,0.20229245722293854,17.18463897705078,15.312641143798828,37,25,30,0,
2025-12-30 10:23:43.098000,FinePointe Series WBP [SN 139781]  Site 4 Bias Flow is out of range.,,,,,,,,,,,,,,,,,,,,,,,,,
2025-12-30 10:23:45.098000,8d,Toxicity,Original,,73.54525756835938,2.042419672012329,149.73594665527344,0.7331928014755249,0.6630434989929199,0.4892619848251343,11.153897285461426,7.880860328674316,8.154315948486328,0.48159509897232056,0.3395572304725647,0.6656466722488403,39.60675048828125,0,0.22317475080490112,19.8784122467041,9.34730339050293,37,25,30,0,
2025-12-30 10:23:45.098000,FinePointe Series WBP [SN 139781]  Site 1 Bias Flow is out of range.,,,,,,,,,,,,,,,,,,,,,,,,,
2025-12-30 10:23:45.098000,FinePointe Series WBP [SN 139781]  Site 3 Bias Flow is out of range.,,,,,,,,,,,,,,,,,,,,,,,,,
2025-12-30 10:23:45.098000,FinePointe Series WBP [SN 10499C]  Site 3 Bias Flow is out of range.,,,,,,,,,,,,,,,,,,,,,,,,,
2025-12-30 10:23:47.098000,8d,Toxicity,Original,,78.11648559570312,1.9043033123016357,148.8202667236328,0.8479030132293701,0.7519255876541138,0.535293459892273,11.153897285461426,6.95686149597168,8.111766815185547,0.493657648563385,0.2750093936920166,0.6696527600288391,16.968887329101562,0,0.17293977737426758,17.801433563232422,14.62385082244873,37,25,30,0,
2025-12-30 10:23:49.098000,8d,Toxicity,Original,,74.45960998535156,1.9949129819869995,148.8936004638672,0.6275191903114319,0.5585286617279053,0.5598238706588745,11.153897285461426,7.202946186065674,8.991737365722656,0.4972074627876282,0.31943854689598083,0.7498258352279663,34.6734504699707,0,0.228069007396698,24.349679946899414,10.142179489135742,37,25,30,0,
2025-12-30 10:23:51.098000,8d,Toxicity,Original,,77.03213500976562,1.797204852104187,139.0571746826172,0.8337892293930054,0.6525505185127258,0.6164424419403076,11.153897285461426,6.549128532409668,8.795992851257324,0.4910210967063904,0.2893626093864441,0.7555805444717407,15.175384521484375,0,0.20246896147727966,22.241092681884766,9.660089492797852,37,25,30,0,
2025-12-30 10:23:53.098000,8d,Toxicity,Original,,75.83710479736328,1.8843504190444946,142.8480682373047,0.8289772868156433,0.654324471950531,0.5698872208595276,11.153897285461426,6.536898136138916,8.551406860351562,0.49785104393959045,0.29450955986976624,0.6362752318382263,19.364784240722656,0,0.19791410863399506,21.223390579223633,9.276341438293457,37,25,30,0,
2025-12-30 10:23:53.098000,FinePointe Series WBP [SN 139781]  Site 4 Bias Flow is out of range.,,,,,,,,,,,,,,,,,,,,,,,,,
2025-12-30 10:23:55.098000,8d,Toxicity,Original,,74.63134002685547,1.8681057691574097,139.38619995117188,0.9278944730758667,0.7520451545715332,0.465690553188324,11.153897285461426,6.44044303894043,8.393367767333984,0.4920879006385803,0.31237107515335083,0.651942253112793,17.17466926574707,0,0.18968072533607483,18.45661163330078,13.793184280395508,37,25,30,0,
2025-12-30 10:23:55.098000,FinePointe Series WBP [SN 139781]  Site 1 Bias Flow is out of range.,,,,,,,,,,,,,,,,,,,,,,,,,
2025-12-30 10:23:55.098000,FinePointe Series WBP [SN 139781]  Site 3 Bias Flow is out of range.,,,,,,,,,,,,,,,,,,,,,,,,,
2025-12-30 10:23:55.098000,FinePointe Series WBP [SN 10499C]  Site 3 Bias Flow is out of range.,,,,,,,,,,,,,,,,,,,,,,,,,
2025-12-30 10:23:57.098000,8d,Toxicity,Original,,80.07059478759766,1.7241570949554443,138.1719512939453,0.8461272120475769,0.7083552479743958,0.5065999627113342,11.153897285461426,6.666787624359131,8.309577941894531,0.45043307542800903,0.3004413843154907,0.7211196422576904,17.654699325561523,0,0.19665835797786713,18.16826629638672,13.769156455993652,37,25,30,0,
2025-12-30 10:23:59.098000,8d,Toxicity,Original,,79.73793029785156,1.8635804653167725,148.6317901611328,0.9306045770645142,0.7817285060882568,0.34756729006767273,11.153897285461426,7.162349224090576,8.596126556396484,0.44198623299598694,0.3110446333885193,0.6821634769439697,13.424393653869629,0,0.1919693499803543,17.57323455810547,11.265657424926758,37,25,30,0,
2025-12-30 10:24:01.098000,8d,Toxicity,Original,,76.89922332763672,1.7162413597106934,131.76568603515625,0.7397998571395874,0.6572748422622681,0.5129172801971436,11.153897285461426,7.208147048950195,7.796696662902832,0.47112393379211426,0.3102850317955017,0.581450879573822,23.560062408447266,0,0.2005850076675415,20.211685180664062,11.17231559753418,37,25,30,0,
2025-12-30 10:24:03.098000,8d,Toxicity,Original,,76.0077896118164,1.99405038356781,151.75770568847656,0.8725324869155884,0.8210013508796692,0.3329368829727173,11.153897285461426,8.143660545349121,8.52868366241455,0.4744873642921448,0.3161102533340454,0.6985545754432678,18.64223861694336,1.9742937088012695,0.18843971192836761,21.397504806518555,14.80395793914795,37,25,30,0,
2025-12-30 10:24:03.098000,FinePointe Series WBP [SN 139781]  Site 4 Bias Flow is out of range.,,,,,,,,,,,,,,,,,,,,,,,,,
2025-12-30 10:24:03.098000,FinePointe Series WBP [SN 139781]  Site 1 Bias Flow is out of range.,,,,,,,,,,,,,,,,,,,,,,,,,
2025-12-30 10:24:03.098000,FinePointe Series WBP [SN 10499C]  Site 3 Bias Flow is out of range.,,,,,,,,,,,,,,,,,,,,,,,,,
2025-12-30 10:24:05.098000,8d,Toxicity,Original,,76.67317199707031,1.6874268054962158,129.1918487548828,1.0077698230743408,0.7317082285881042,0.4573771357536316,11.153897285461426,5.543261528015137,8.164066314697266,0.4860343337059021,0.29818201065063477,0.6853960752487183,11.56484603881836,0,0.18750250339508057,17.86241340637207,10.606328964233398,37,25,30,0,
2025-12-30 10:24:05.098000,FinePointe Series WBP [SN 139781]  Site 3 Bias Flow is out of range.,,,,,,,,,,,,,,,,,,,,,,,,,
2025-12-30 10:24:07.098000,8d,Toxicity,Original,,77.54195404052734,1.8663541078567505,144.49575805664062,0.8502669334411621,0.7514626383781433,0.38656085729599,11.153897285461426,7.281292915344238,7.9631218910217285,0.4688723385334015,0.306841641664505,0.6224819421768188,14.359173774719238,0,0.19429002702236176,17.815458297729492,12.244484901428223,37,25,30,0,
2025-12-30 10:24:09.098000,8d,Toxicity,Original,,83.29771423339844,1.72621750831604,143.77468872070312,0.9226906299591064,0.8491126298904419,0.3856850266456604,11.153897285461426,7.148308753967285,8.417353630065918,0.3858111798763275,0.3350829482078552,0.6530429124832153,33.79098129272461,0,0.19311708211898804,18.977333068847656,13.851700782775879,37,25,30,0,
2025-12-30 10:24:11.098000,8d,Toxicity,Original,,73.77568817138672,2.193847179412842,160.88282775878906,1.0456817150115967,0.7581894397735596,0.6066632270812988,11.153897285461426,7.305966854095459,9.267173767089844,0.4981677234172821,0.32334762811660767,0.6965580582618713,13.814239501953125,0,0.19461451470851898,11.39846420288086,13.096837043762207,37,25,30,0,
2025-12-30 10:24:13.098000,8d,Toxicity,Original,,77.9798355102539,1.9361954927444458,150.64073181152344,1.1244292259216309,0.8843016624450684,0.4339194893836975,11.153897285461426,7.090555191040039,9.047433853149414,0.45604947209358215,0.31499722599983215,0.752532958984375,12.484275817871094,0,0.1785544753074646,15.5358304977417,13.783878326416016,37,25,30,0,
2025-12-30 10:24:13.098000,FinePointe Series WBP [SN 139781]  Site 4 Bias Flow is out of range.,,,,,,,,,,,,,,,,,,,,,,,,,
2025-12-30 10:24:13.098000,FinePointe Series WBP [SN 139781]  Site 1 Bias Flow is out of range.,,,,,,,,,,,,,,,,,,,,,,,,,
2025-12-30 10:24:13.098000,FinePointe Series WBP [SN 139781]  Site 3 Bias Flow is out of range.,,,,,,,,,,,,,,,,,,,,,,,,,
2025-12-30 10:24:13.098000,FinePointe Series WBP [SN 10499C]  Site 3 Bias Flow is out of range.,,,,,,,,,,,,,,,,,,,,,,,,,
2025-12-30 10:24:15.098000,8d,Toxicity,Original,,77.4936752319336,1.8413810729980469,142.4476318359375,1.0873286724090576,0.7808730602264404,0.3282756507396698,11.153897285461426,7.05626106262207,9.354692459106445,0.4944394826889038,0.2804381847381592,0.7836084365844727,14.350159645080566,0,0.17992272973060608,21.7431640625,14.633234024047852,37,25,30,0,
2025-12-30 10:24:17.098000,8d,Toxicity,Original,,83.20704650878906,1.8835023641586304,156.99911499023438,0.8696399927139282,0.7797577977180481,0.44342291355133057,11.153897285461426,7.6670637130737305,8.566790580749512,0.43340063095092773,0.28834766149520874,0.701779842376709,11.1318359375,0,0.17909565567970276,16.92069435119629,14.916849136352539,37,25,30,0,
2025-12-30 10:24:19.098000,8d,Toxicity,Original,,78.00634765625,1.7511645555496216,136.56060791015625,0.9230116605758667,0.730677604675293,0.28285783529281616,11.153897285461426,7.062658309936523,9.189706802368164,0.48605602979660034,0.28317394852638245,0.7266396284103394,13.884950637817383,0,0.1844995617866516,24.71116065979004,12.697957992553711,37,25,30,0,
2025-12-30 10:24:21.098000,8d,Toxicity,Original,,73.2737808227539,2.080005168914795,152.64633178710938,0.6715033650398254,0.6065735816955566,0.4748770296573639,11.153897285461426,7.454451084136963,8.43925952911377,0.4891660213470459,0.330800324678421,0.5770583152770996,15.202220916748047,0,0.2237492799758911,18.628292083740234,9.453449249267578,37,25,30,0,
2025-12-30 10:24:23.098000,8d,Toxicity,Original,,78.68244934082031,1.8357645273208618,144.98956298828125,0.9502261281013489,0.7078753709793091,0.3568529784679413,11.153897285461426,6.519815444946289,8.385374069213867,0.47219768166542053,0.29219818115234375,0.6655462980270386,21.41954803466797,0,0.18397976458072662,15.824470520019531,10.547761917114258,37,25,30,0,
2025-12-30 10:24:23.098000,FinePointe Series WBP [SN 139781]  Site 4 Bias Flow is out of range.,,,,,,,,,,,,,,,,,,,,,,,,,
2025-12-30 10:24:23.098000,FinePointe Series WBP [SN 139781]  Site 1 Bias Flow is out of range.,,,,,,,,,,,,,,,,,,,,,,,,,
2025-12-30 10:24:23.098000,FinePointe Series WBP [SN 139781]  Site 3 Bias Flow is out of range.,,,,,,,,,,,,,,,,,,,,,,,,,
2025-12-30 10:24:23.098000,FinePointe Series WBP [SN 10499C]  Site 3 Bias Flow is out of range.,,,,,,,,,,,,,,,,,,,,,,,,,
2025-12-30 10:24:25.098000,8d,Toxicity,Original,,78.40250396728516,1.9315111637115479,151.1191864013672,1.0135756731033325,0.727472186088562,0.41423100233078003,11.153897285461426,7.270055770874023,9.729844093322754,0.48144182562828064,0.28688591718673706,0.7448704242706299,18.286781311035156,0,0.18295828998088837,19.074344635009766,11.20979118347168,37,25,30,0,
2025-12-30 10:24:27.098000,8d,Toxicity,Original,,78.81206512451172,1.9088834524154663,149.9559783935547,0.8522325754165649,0.7212628722190857,0.449739009141922,11.153897285461426,7.1967573165893555,9.061646461486816,0.45675086975097656,0.3049323558807373,0.7283557653427124,20.16394805908203,0,0.19638976454734802,19.474136352539062,10.588550567626953,37,25,30,0,
2025-12-30 10:24:29.098000,8d,Toxicity,Original,,72.12199401855469,1.9663206338882446,141.79296875,0.7987879514694214,0.6639679074287415,0.5588043928146362,11.153897285461426,7.305448532104492,8.317586898803711,0.5176392197608948,0.3142906725406647,0.6604127883911133,37.20698165893555,0,0.2047913670539856,19.745651245117188,10.510557174682617,37,25,30,0,
2025-12-30 10:24:31.098000,8d,Toxicity,Original,,74.50959777832031,1.798397183418274,135.14877319335938,1.21232271194458,0.7202025055885315,0.3180024325847626,11.153897285461426,5.942713737487793,9.080530166625977,0.5199450850486755,0.289313942193985,0.6625542044639587,13.647988319396973,0,0.18036764860153198,18.25392723083496,8.870819091796875,37,25,30,33.33333206176758,
2025-12-30 10:24:33.098000,8d,Toxicity,Original,,74.85977935791016,2.0124428272247314,150.65103149414062,0.8898971080780029,0.6868528127670288,0.31476542353630066,11.153897285461426,6.9284820556640625,8.808143615722656,0.5219252109527588,0.2795732617378235,0.6751622557640076,16.51532554626465,0,0.18773603439331055,22.176549911499023,9.918529510498047,37,25,30,50,
2025-12-30 10:24:35.098000,8d,Toxicity,Original,,76.1579818725586,1.9937145709991455,152.1241455078125,0.7951564788818359,0.6449028253555298,0.5745305418968201,11.153897285461426,7.0203537940979,8.894365310668945,0.49336954951286316,0.300901859998703,0.7519200444221497,26.2664794921875,0,0.19915910065174103,22.190086364746094,9.890276908874512,37,25,30,0,
2025-12-30 10:24:35.098000,FinePointe Series WBP [SN 139781]  Site 4 Bias Flow is out of range.,,,,,,,,,,,,,,,,,,,,,,,,,
2025-12-30 10:24:35.098000,FinePointe Series WBP [SN 139781]  Site 1 Bias Flow is out of range.,,,,,,,,,,,,,,,,,,,,,,,,,
2025-12-30 10:24:35.098000,FinePointe Series WBP [SN 139781]  Site 3 Bias Flow is out of range.,,,,,,,,,,,,,,,,,,,,,,,,,
2025-12-30 10:24:35.098000,FinePointe Series WBP [SN 10499C]  Site 3 Bias Flow is out of range.,,,,,,,,,,,,,,,,,,,,,,,,,
2025-12-30 10:24:37.098000,8d,Toxicity,Original,,71.87346649169922,2.0698797702789307,148.76943969726562,0.40858951210975647,0.42351850867271423,0.8129955530166626,11.153897285461426,8.647502899169922,10.555096626281738,0.4042937457561493,0.4305066466331482,0.6905367374420166,118.75172424316406,0,0.31543686985969543,22.464815139770508,9.943528175354004,37,25,30,0,
2025-12-30 10:24:39.098000,8d,Toxicity,Original,,72.77190399169922,1.971652865409851,143.5667724609375,0.6993664503097534,0.6599249243736267,0.6866140961647034,11.153897285461426,6.617265701293945,7.64219331741333,0.49977540969848633,0.3254043161869049,0.6259991526603699,15.833104133605957,0,0.21625283360481262,18.821086883544922,7.800145626068115,37,25,30,25,
2025-12-30 10:24:41.098000,8d,Toxicity,Original,,79.94375610351562,1.989659309387207,158.65008544921875,0.749966025352478,0.7351025342941284,0.6029530763626099,11.153897285461426,8.207215309143066,8.447051048278809,0.44080525636672974,0.3109304904937744,0.7162491083145142,14.074321746826172,0,0.19756677746772766,18.28239631652832,12.357597351074219,37,25,30,0,
2025-12-30 10:24:43.098000,8d,Toxicity,Original,,70.68878173828125,2.2011051177978516,155.31936645507812,0.9565482139587402,0.7749326229095459,0.35245054960250854,11.153897285461426,7.397367000579834,8.534795761108398,0.5167237520217896,0.3341309726238251,0.700286328792572,27.96414566040039,0,0.20723691582679749,17.47039031982422,11.40821361541748,37,25,30,0,
2025-12-30 10:24:43.098000,FinePointe Series WBP [SN 139781]  Site 4 Bias Flow is out of range.,,,,,,,,,,,,,,,,,,,,,,,,,
2025-12-30 10:24:45.098000,8d,Toxicity,Original,,76.81027221679688,1.75844144821167,135.0663604736328,0.930934488773346,0.7274906039237976,0.20883585512638092,11.153897285461426,6.551779747009277,8.46005916595459,0.47468477487564087,0.30646076798439026,0.6461890339851379,16.151765823364258,0,0.21707046031951904,18.26675796508789,19.697385787963867,37,25,30,0,
2025-12-30 10:24:45.098000,FinePointe Series WBP [SN 139781]  Site 1 Bias Flow is out of range.,,,,,,,,,,,,,,,,,,,,,,,,,
2025-12-30 10:24:45.098000,FinePointe Series WBP [SN 139781]  Site 3 Bias Flow is out of range.,,,,,,,,,,,,,,,,,,,,,,,,,
2025-12-30 10:24:45.098000,FinePointe Series WBP [SN 10499C]  Site 3 Bias Flow is out of range.,,,,,,,,,,,,,,,,,,,,,,,,,
2025-12-30 10:24:47.098000,8d,Toxicity,Original,,71.79666137695312,1.7817142009735107,127.91728210449219,0.7037116885185242,0.6098539233207703,0.5986977815628052,11.153897285461426,6.775088310241699,7.825130462646484,0.4720419645309448,0.3636571168899536,0.5668640732765198,30.919464111328125,0,0.2486446052789688,16.573354721069336,10.254556655883789,37,25,30,50,
2025-12-30 10:24:49.098000,8d,Toxicity,Original,,79.10325622558594,2.006697416305542,158.69630432128906,0.9539979696273804,0.7842111587524414,0.5752617120742798,11.153897285461426,7.132438659667969,8.635946273803711,0.4554711580276489,0.30363714694976807,0.7447819709777832,19.39743423461914,0,0.19035769999027252,17.072715759277344,15.302681922912598,37,25,30,0,
2025-12-30 10:24:51.098000,8d,Toxicity,Original,,80.80555725097656,1.632800579071045,131.869384765625,0.888083815574646,0.6778980493545532,0.534561038017273,11.153897285461426,6.077571868896484,8.399458885192871,0.432054340839386,0.31048059463500977,0.7135472297668457,15.449671745300293,0,0.19865018129348755,16.49898338317871,14.07940673828125,37,25,30,0,
2025-12-30 10:24:53.098000,8d,Toxicity,Original,,79.6250228881836,1.837706446647644,146.32740783691406,1.0071381330490112,0.742617666721344,0.2451677918434143,11.153897285461426,6.617392539978027,8.284331321716309,0.4680132567882538,0.28551873564720154,0.5418726801872253,9.714737892150879,0,0.17370614409446716,15.391924858093262,13.956648826599121,37,25,30,50,
2025-12-30 10:24:53.098000,FinePointe Series WBP [SN 139781]  Site 4 Bias Flow is out of range.,,,,,,,,,,,,,,,,,,,,,,,,,
2025-12-30 10:24:55.098000,8d,Toxicity,Original,,79.09397888183594,1.9390926361083984,142.69705200195312,0.9264606237411499,0.7361770868301392,0.3579309582710266,11.153897285461426,6.8610100746154785,8.063599586486816,0.4701636731624603,0.3225487172603607,0.6199257373809814,32.35890579223633,0,0.19895532727241516,13.805558204650879,14.29965877532959,37,25,30,0,
2025-12-30 10:24:55.098000,FinePointe Series WBP [SN 139781]  Site 1 Bias Flow is out of range.,,,,,,,,,,,,,,,,,,,,,,,,,
2025-12-30 10:24:55.098000,FinePointe Series WBP [SN 139781]  Site 3 Bias Flow is out of range.,,,,,,,,,,,,,,,,,,,,,,,,,
2025-12-30 10:24:55.098000,FinePointe Series WBP [SN 10499C]  Site 3 Bias Flow is out of range.,,,,,,,,,,,,,,,,,,,,,,,,,
2025-12-30 10:24:57.098000,8d,Toxicity,Original,,55.94013214111328,2.142381429672241,119.84510803222656,1.2437995672225952,0.7925524711608887,0.39317455887794495,11.153897285461426,5.722864627838135,6.788824081420898,0.6808916330337524,0.39168354868888855,0.5057712197303772,15.331807136535645,0,0.23918302357196808,9.164727210998535,15.285552978515625,37,25,30,0,
2025-12-30 10:24:59.098000,8d,Toxicity,Original,,80.55882263183594,1.8887262344360352,151.89669799804688,0.8364589810371399,0.6649436950683594,0.5220367908477783,11.153897285461426,8.256593704223633,10.147270202636719,0.4495723247528076,0.2960406541824341,0.8609757423400879,15.44670295715332,0,0.19240158796310425,20.483280181884766,12.686420440673828,37,25,30,33.33333206176758,
2025-12-30 10:25:01.098000,8d,Toxicity,Original,,66.84573364257812,2.118598461151123,141.39169311523438,0.9387885928153992,0.9393033981323242,0.4179117977619171,11.153897285461426,7.851947784423828,7.151214122772217,0.5392103791236877,0.3924361765384674,0.4835341274738312,12.431037902832031,0,0.23721550405025482,11.29670524597168,14.657614707946777,37,25,30,0,
2025-12-30 10:25:03.098000,8d,Toxicity,Original,,82.38275146484375,1.7233784198760986,141.6461181640625,0.8970470428466797,0.6771270632743835,0.6123455762863159,11.153897285461426,6.614580154418945,9.324016571044922,0.4379914402961731,0.2907782793045044,0.7230875492095947,15.442838668823242,0,0.18325915932655334,17.687959671020508,10.516462326049805,37,25,30,0,
2025-12-30 10:25:03.098000,FinePointe Series WBP [SN 139781]  Site 4 Bias Flow is out of range.,,,,,,,,,,,,,,,,,,,,,,,,,
2025-12-30 10:25:03.098000,FinePointe Series WBP [SN 10499C]  Site 3 Bias Flow is out of range.,,,,,,,,,,,,,,,,,,,,,,,,,
2025-12-30 10:25:05.098000,8d,Toxicity,Original,,80.97978973388672,1.9333901405334473,156.59140014648438,0.7250458002090454,0.6678334474563599,0.6079206466674805,11.153897285461426,7.978896617889404,9.224372863769531,0.4245567321777344,0.3167155981063843,0.8025923371315002,22.938720703125,0,0.2049321085214615,20.35741424560547,13.701154708862305,37,25,30,0,
2025-12-30 10:25:05.098000,FinePointe Series WBP [SN 139781]  Site 1 Bias Flow is out of range.,,,,,,,,,,,,,,,,,,,,,,,,,
2025-12-30 10:25:05.098000,FinePointe Series WBP [SN 139781]  Site 3 Bias Flow is out of range.,,,,,,,,,,,,,,,,,,,,,,,,,
2025-12-30 10:25:07.098000,8d,Toxicity,Original,,79.4745864868164,1.8527010679244995,147.1593780517578,0.8200562596321106,0.6719967722892761,0.48537108302116394,11.153897285461426,7.920916557312012,8.812342643737793,0.41271471977233887,0.3435366749763489,0.7156677842140198,36.72054672241211,0,0.21370093524456024,19.633769989013672,12.391457557678223,37,25,30,0,
2025-12-30 10:25:09.098000,8d,Toxicity,Original,,82.33731079101562,1.9433858394622803,160.01708984375,0.8242596387863159,0.6797933578491211,0.5424530506134033,11.153897285461426,7.492384910583496,9.246540069580078,0.4370381236076355,0.291673481464386,0.674903929233551,15.82958984375,0,0.18056261539459229,20.012035369873047,10.86396312713623,37,25,30,0,
2025-12-30 10:25:11.098000,8d,Toxicity,Original,,71.68846130371094,1.826292872428894,129.49891662597656,0.799325704574585,0.7120397090911865,0.5299127101898193,11.153897285461426,7.415143013000488,8.201789855957031,0.49179500341415405,0.3537447154521942,0.588548481464386,26.201656341552734,0,0.21725347638130188,16.857223510742188,13.775297164916992,37,25,30,0,
2025-12-30 10:25:13.098000,8d,Toxicity,Original,,76.58576965332031,1.9073468446731567,146.02468872070312,0.5747129917144775,0.5110853314399719,0.684805691242218,11.153897285461426,7.381786346435547,9.064888000488281,0.4878898859024048,0.29572466015815735,0.7055222392082214,19.823875427246094,0,0.23410247266292572,21.060565948486328,10.328340530395508,37,25,30,0,
2025-12-30 10:25:13.098000,FinePointe Series WBP [SN 139781]  Site 2 Bias Flow is out of range.,,,,,,,,,,,,,,,,,,,,,,,,,
2025-12-30 10:25:13.098000,FinePointe Series WBP [SN 139781]  Site 4 Bias Flow is out of range.,,,,,,,,,,,,,,,,,,,,,,,,,
2025-12-30 10:25:13.098000,FinePointe Series WBP [SN 139781]  Site 1 Bias Flow is out of range.,,,,,,,,,,,,,,,,,,,,,,,,,
2025-12-30 10:25:13.098000,FinePointe Series WBP [SN 10499C]  Site 3 Bias Flow is out of range.,,,,,,,,,,,,,,,,,,,,,,,,,
2025-12-30 10:25:15.098000,8d,Toxicity,Original,,77.52772521972656,1.921670913696289,148.94558715820312,0.8045024871826172,0.6524026393890381,0.5731559991836548,11.153897285461426,7.445161819458008,9.785602569580078,0.4790758490562439,0.29490986466407776,0.8518412113189697,23.391525268554688,0,0.1916491687297821,24.961349487304688,10.801100730895996,37,25,30,0,
2025-12-30 10:25:15.098000,FinePointe Series WBP [SN 139781]  Site 3 Bias Flow is out of range.,,,,,,,,,,,,,,,,,,,,,,,,,
2025-12-30 10:25:17.098000,8d,Toxicity,Original,,58.798316955566406,2.048248529434204,119.71405029296875,3.0566303730010986,2.304938316345215,0.7588030099868774,11.153897285461426,6.986016273498535,10.228795051574707,0.4634571373462677,0.6809501051902771,0.8837950229644775,46.46240234375,0,0.22303102910518646,22.4028377532959,10.428147315979004,37,25,30,0,
2025-12-30 10:25:19.098000,8d,Toxicity,Original,,75.9248046875,2.1386234760284424,162.3745574951172,0.7283136248588562,0.6649919748306274,0.485404372215271,11.153897285461426,7.351859092712402,8.84754753112793,0.5183174014091492,0.2719382345676422,0.7901455760002136,31.292139053344727,0,0.204352468252182,18.962528228759766,10.239952087402344,37,25,30,66.66666412353516,
2025-12-30 10:25:21.098000,8d,Toxicity,Original,,78.12750244140625,1.9277061223983765,150.71839904785156,0.7241195440292358,0.6334174871444702,0.541007399559021,11.153897285461426,7.297756195068359,8.903867721557617,0.47046640515327454,0.2983833849430084,0.6795721650123596,21.441307067871094,0,0.19573374092578888,21.41180419921875,9.78487777709961,37,25,30,0,
2025-12-30 10:25:23.098000,8d,Toxicity,Original,,81.29644775390625,1.8962550163269043,154.26458740234375,0.6406622529029846,0.573936402797699,0.5426751375198364,11.153897285461426,8.260754585266113,8.9915189743042,0.41161492466926575,0.3293874263763428,0.6399930715560913,58.58262634277344,0,0.22415825724601746,20.24661636352539,9.137535095214844,37,25,30,0,
2025-12-30 10:25:23.098000,FinePointe Series WBP [SN 139781]  Site 2 Bias Flow is out of range.,,,,,,,,,,,,,,,,,,,,,,,,,
2025-12-30 10:25:23.098000,FinePointe Series WBP [SN 139781]  Site 4 Bias Flow is out of range.,,,,,,,,,,,,,,,,,,,,,,,,,
2025-12-30 10:25:23.098000,FinePointe Series WBP [SN 139781]  Site 1 Bias Flow is out of range.,,,,,,,,,,,,,,,,,,,,,,,,,
2025-12-30 10:25:23.098000,FinePointe Series WBP [SN 139781]  Site 3 Bias Flow is out of range.,,,,,,,,,,,,,,,,,,,,,,,,,
2025-12-30 10:25:23.098000,FinePointe Series WBP [SN 10499C]  Site 3 Bias Flow is out of range.,,,,,,,,,,,,,,,,,,,,,,,,,
2025-12-30 10:25:25.098000,8d,Toxicity,Original,,77.05094909667969,1.7588446140289307,135.41331481933594,0.6676225662231445,0.5783564448356628,0.37792521715164185,11.153897285461426,7.338714599609375,8.494491577148438,0.4767839014530182,0.30269837379455566,0.7152465581893921,31.962696075439453,0,0.2236577272415161,26.096492767333984,9.84065055847168,37,25,30,33.33333206176758,
2025-12-30 10:25:27.098000,8d,Toxicity,Original,,58.79901123046875,3.0435590744018555,201.67250061035156,1.7085490226745605,2.02852725982666,0.5429582595825195,11.153897285461426,12.280668258666992,9.806257247924805,0.5372648239135742,0.6624183654785156,0.77931809425354,60.56802749633789,0,0.23147478699684143,7.85641622543335,10.221057891845703,37,25,30,0,
2025-12-30 10:25:29.098000,8d,Toxicity,Original,,126.72309875488281,1.6402024030685425,193.744384765625,0.864176869392395,1.2316794395446777,0.3980886936187744,11.153897285461426,16.286611557006836,10.803749084472656,0.1705528199672699,0.40987628698349,0.7803229093551636,7.796087741851807,0,0.17062236368656158,10.425411224365234,21.327335357666016,37,25,30,33.33333206176758,
2025-12-30 10:25:31.098000,8d,Toxicity,Original,,74.00394439697266,3.3106632232666016,245.02755737304688,0.4668230414390564,1.1381289958953857,0.7948206663131714,11.153897285461426,17.35991096496582,5.235125541687012,0.30479609966278076,0.50615394115448,0.2714786231517792,9.103094100952148,0,0.24427908658981323,0.5062265992164612,15.543128967285156,37,25,30,0,
2025-12-30 10:25:33.098000,8d,Toxicity,Original,,112.98680877685547,2.592432737350464,274.1568908691406,0.5301720499992371,0.6247767210006714,0.5780167579650879,11.153897285461426,12.512452125549316,11.040106773376465,0.33644652366638184,0.27898725867271423,0.6946161389350891,9.119199752807617,0,0.1727958768606186,14.696813583374023,8.379751205444336,37,25,30,0,
2025-12-30 10:25:33.098000,FinePointe Series WBP [SN 139781]  Site 2 Bias Flow is out of range.,,,,,,,,,,,,,,,,,,,,,,,,,
2025-12-30 10:25:35.098000,8d,Toxicity,Original,,84.2554931640625,1.959467887878418,165.52920532226562,1.0052887201309204,1.171426773071289,0.3480454087257385,11.153897285461426,11.061538696289062,8.832666397094727,0.28468433022499084,0.4276495575904846,0.6029537916183472,9.715401649475098,0,0.20500615239143372,9.710865020751953,20.066524505615234,37,25,30,50,
2025-12-30 10:25:35.098000,FinePointe Series WBP [SN 139781]  Site 4 Bias Flow is out of range.,,,,,,,,,,,,,,,,,,,,,,,,,
2025-12-30 10:25:35.098000,FinePointe Series WBP [SN 139781]  Site 1 Bias Flow is out of range.,,,,,,,,,,,,,,,,,,,,,,,,,
2025-12-30 10:25:35.098000,FinePointe Series WBP [SN 139781]  Site 3 Bias Flow is out of range.,,,,,,,,,,,,,,,,,,,,,,,,,
2025-12-30 10:25:35.098000,FinePointe Series WBP [SN 10499C]  Site 3 Bias Flow is out of range.,,,,,,,,,,,,,,,,,,,,,,,,,
2025-12-30 10:25:37.098000,8d,Toxicity,Original,,130.11483764648438,2.6229116916656494,335.99383544921875,0.37310779094696045,0.6043473482131958,0.7002087831497192,11.153897285461426,16.70717430114746,11.068791389465332,0.24114061892032623,0.22509653866291046,0.8358105421066284,10.585259437561035,0,0.14513598382472992,13.31515121459961,12.668390274047852,37,25,30,25,
2025-12-30 10:25:39.098000,8d,Toxicity,Original,,89.47894287109375,2.323589324951172,206.243408203125,0.5036901235580444,0.6374504566192627,0.6710941791534424,11.153897285461426,9.88144302368164,8.09904670715332,0.3876851797103882,0.2851422429084778,0.6707425713539124,16.736621856689453,0,0.18399982154369354,15.241626739501953,10.693792343139648,37,25,30,33.33333206176758,
2025-12-30 10:25:41.098000,8d,Toxicity,Original,,78.82682037353516,2.255716562271118,177.6753692626953,0.6224497556686401,0.6748523712158203,0.5557253956794739,11.153897285461426,9.414772987365723,8.597380638122559,0.42049339413642883,0.34159496426582336,0.6129188537597656,13.078733444213867,0,0.21692924201488495,17.745332717895508,9.369922637939453,37,25,30,0,
2025-12-30 10:25:43.098000,8d,Toxicity,Original,,69.48651885986328,2.1429967880249023,148.7881317138672,0.6631576418876648,0.6228045225143433,0.7685674428939819,11.153897285461426,8.678091049194336,10.61609935760498,0.5075162649154663,0.35614117980003357,0.7190138101577759,11.261774063110352,0,0.2342136800289154,24.878751754760742,6.691961765289307,37,25,30,0,
2025-12-30 10:25:43.098000,FinePointe Series WBP [SN 139781]  Site 2 Bias Flow is out of range.,,,,,,,,,,,,,,,,,,,,,,,,,
2025-12-30 10:25:45.098000,8d,Toxicity,Original,,88.06222534179688,2.6023712158203125,228.3751983642578,0.48430585861206055,0.7402493953704834,0.5264794230461121,11.153897285461426,15.260734558105469,9.479217529296875,0.28491678833961487,0.3997378945350647,0.6146506667137146,16.22403907775879,0,0.23795071244239807,8.601428985595703,11.045543670654297,37,25,30,0,
2025-12-30 10:25:45.098000,FinePointe Series WBP [SN 139781]  Site 4 Bias Flow is out of range.,,,,,,,,,,,,,,,,,,,,,,,,,
2025-12-30 10:25:45.098000,FinePointe Series WBP [SN 139781]  Site 1 Bias Flow is out of range.,,,,,,,,,,,,,,,,,,,,,,,,,
2025-12-30 10:25:45.098000,FinePointe Series WBP [SN 139781]  Site 3 Bias Flow is out of range.,,,,,,,,,,,,,,,,,,,,,,,,,
2025-12-30 10:25:45.098000,FinePointe Series WBP [SN 10499C]  Site 3 Bias Flow is out of range.,,,,,,,,,,,,,,,,,,,,,,,,,
2025-12-30 10:25:47.098000,8d,Toxicity,Original,,80.75598907470703,2.35404109954834,190.07620239257812,0.3622751235961914,0.5148916840553284,0.8006626963615417,11.153897285461426,10.348258018493652,8.79799747467041,0.37658727169036865,0.36721140146255493,0.5545080900192261,18.21615219116211,0,0.25641071796417236,14.633581161499023,7.044380187988281,37,25,30,0,
2025-12-30 10:25:49.098000,8d,Toxicity,Original,,122.87674713134766,2.7565817832946777,324.374755859375,0.388497531414032,0.5339531302452087,0.7084447145462036,11.153897285461426,16.55245590209961,13.446237564086914,0.28375452756881714,0.23152732849121094,0.928170919418335,11.922262191772461,0,0.158981591463089,16.3825740814209,8.71476936340332,37,25,30,0,
2025-12-30 10:25:51.098000,8d,Toxicity,Original,,81.63253021240234,2.1952755451202393,179.14967346191406,0.5771343111991882,0.6847123503684998,0.6507177948951721,11.153897285461426,9.442911148071289,8.942047119140625,0.3912653625011444,0.34376198053359985,0.6715629696846008,13.360389709472656,0,0.21293601393699646,14.778413772583008,11.541595458984375,37,25,30,25,
2025-12-30 10:25:53.098000,8d,Toxicity,Original,,81.07252502441406,2.1420023441314697,173.3020782470703,0.6093880534172058,0.666641116142273,0.5680295825004578,11.153897285461426,9.807056427001953,9.549846649169922,0.42926204204559326,0.31254419684410095,0.840039074420929,15.22054386138916,0,0.20480482280254364,21.3988037109375,10.829227447509766,37,25,30,0,
2025-12-30 10:25:53.098000,FinePointe Series WBP [SN 139781]  Site 2 Bias Flow is out of range.,,,,,,,,,,,,,,,,,,,,,,,,,
2025-12-30 10:25:53.098000,FinePointe Series WBP [SN 139781]  Site 4 Bias Flow is out of range.,,,,,,,,,,,,,,,,,,,,,,,,,
2025-12-30 10:25:55.098000,8d,Toxicity,Original,,85.56050109863281,2.3376736640930176,200.13531494140625,0.5326269865036011,0.5981734395027161,0.7483747601509094,11.153897285461426,10.01024055480957,10.966846466064453,0.4073357582092285,0.29395365715026855,0.8761080503463745,14.500621795654297,0,0.206062912940979,18.793434143066406,9.813399314880371,37,25,30,0,
2025-12-30 10:25:55.098000,FinePointe Series WBP [SN 139781]  Site 1 Bias Flow is out of range.,,,,,,,,,,,,,,,,,,,,,,,,,
2025-12-30 10:25:55.098000,FinePointe Series WBP [SN 139781]  Site 3 Bias Flow is out of range.,,,,,,,,,,,,,,,,,,,,,,,,,
2025-12-30 10:25:55.098000,FinePointe Series WBP [SN 10499C]  Site 3 Bias Flow is out of range.,,,,,,,,,,,,,,,,,,,,,,,,,
2025-12-30 10:25:57.098000,8d,Toxicity,Original,,84.89286041259766,2.3227710723876953,198.85711669921875,0.7116566896438599,0.646449625492096,0.5353895425796509,11.153897285461426,9.745254516601562,10.18360424041748,0.4005729556083679,0.32185235619544983,0.852872371673584,13.0081205368042,0,0.20626191794872284,15.0020170211792,9.974946022033691,37,25,30,0,
2025-12-30 10:25:59.098000,8d,Toxicity,Original,,100.66706085205078,2.2721409797668457,228.53750610351562,0.5177706480026245,0.6076743602752686,0.7842894792556763,11.153897285461426,12.39991569519043,10.584259986877441,0.3049711287021637,0.29753583669662476,0.7409534454345703,9.411504745483398,0,0.19164863228797913,12.816940307617188,7.194791793823242,37,25,30,0,
2025-12-30 10:26:01.098000,8d,Toxicity,Original,,80.93566131591797,2.335697650909424,188.70675659179688,0.670094907283783,0.616283118724823,0.6072423458099365,11.153897285461426,8.434621810913086,10.276652336120605,0.45119234919548035,0.29411807656288147,0.842412531375885,15.318720817565918,0,0.1966477781534195,20.800901412963867,7.720562934875488,37,25,30,0,
2025-12-30 10:26:03.098000,8d,Toxicity,Original,,121.54644775390625,2.1750380992889404,263.1094970703125,0.5505782961845398,0.6158396005630493,0.7508760690689087,11.153897285461426,13.567079544067383,12.581184387207031,0.23458555340766907,0.26425808668136597,0.9385074973106384,9.204229354858398,0,0.16790512204170227,10.691905975341797,10.512639045715332,37,25,30,0,
2025-12-30 10:26:03.098000,FinePointe Series WBP [SN 139781]  Site 2 Bias Flow is out of range.,,,,,,,,,,,,,,,,,,,,,,,,,
2025-12-30 10:26:03.098000,FinePointe Series WBP [SN 139781]  Site 4 Bias Flow is out of range.,,,,,,,,,,,,,,,,,,,,,,,,,
2025-12-30 10:26:05.098000,8d,Toxicity,Original,,90.56550598144531,2.4254140853881836,219.7071533203125,0.4693627953529358,0.6150044202804565,0.7902208566665649,11.153897285461426,12.295280456542969,9.716814994812012,0.34399402141571045,0.31866493821144104,0.7653555870056152,14.567137718200684,0,0.20798203349113464,13.697507858276367,9.32281494140625,37,25,30,0,
2025-12-30 10:26:05.098000,FinePointe Series WBP [SN 139781]  Site 1 Bias Flow is out of range.,,,,,,,,,,,,,,,,,,,,,,,,,
2025-12-30 10:26:05.098000,FinePointe Series WBP [SN 139781]  Site 3 Bias Flow is out of range.,,,,,,,,,,,,,,,,,,,,,,,,,
2025-12-30 10:26:05.098000,FinePointe Series WBP [SN 10499C]  Site 3 Bias Flow is out of range.,,,,,,,,,,,,,,,,,,,,,,,,,
2025-12-30 10:26:07.098000,8d,Toxicity,Original,,83.36750030517578,2.3299784660339355,194.1351776123047,0.6532055735588074,0.688441276550293,0.5358177423477173,11.153897285461426,8.982441902160645,9.615013122558594,0.4377002716064453,0.28495022654533386,0.8198336362838745,12.80009937286377,0,0.18631517887115479,16.004201889038086,9.413454055786133,37,25,30,0,
2025-12-30 10:26:09.098000,8d,Toxicity,Original,,102.99627685546875,2.149278163909912,221.39434814453125,0.520736038684845,0.6403331160545349,0.5675825476646423,11.153897285461426,12.832600593566895,10.477107048034668,0.305265337228775,0.28041568398475647,0.873435378074646,12.307849884033203,0,0.18179850280284882,16.797378540039062,12.079465866088867,37,25,30,0,
2025-12-30 10:26:11.098000,8d,Toxicity,Original,,122.0862045288086,2.390653610229492,287.6820983886719,0.47981929779052734,0.5862835645675659,0.7437290549278259,11.153897285461426,14.34863567352295,12.641969680786133,0.27822062373161316,0.2521583139896393,0.9973832964897156,13.77586555480957,0,0.1692764163017273,14.33367919921875,10.02497673034668,37,25,30,0,
2025-12-30 10:26:13.098000,8d,Toxicity,Original,,81.36966705322266,2.0335118770599365,166.86798095703125,1.0950729846954346,1.0823181867599487,0.30806875228881836,11.153897285461426,9.31679916381836,8.414322853088379,0.3856448233127594,0.35849133133888245,0.6539936065673828,13.182652473449707,0,0.1795690357685089,8.163506507873535,28.063133239746094,37,25,30,50,
2025-12-30 10:26:13.098000,FinePointe Series WBP [SN 139781]  Site 2 Bias Flow is out of range.,,,,,,,,,,,,,,,,,,,,,,,,,
2025-12-30 10:26:13.098000,FinePointe Series WBP [SN 139781]  Site 4 Bias Flow is out of range.,,,,,,,,,,,,,,,,,,,,,,,,,
2025-12-30 10:26:13.098000,FinePointe Series WBP [SN 10499C]  Site 3 Bias Flow is out of range.,,,,,,,,,,,,,,,,,,,,,,,,,
2025-12-30 10:26:15.098000,8d,Toxicity,Original,,110.15522003173828,2.4781501293182373,282.12127685546875,0.4564034342765808,0.5769078135490417,0.5160095691680908,11.153897285461426,14.020904541015625,10.509556770324707,0.27264368534088135,0.2831488251686096,0.8557714819908142,19.98845672607422,0,0.1866794228553772,13.652231216430664,8.513422966003418,37,25,30,0,
2025-12-30 10:26:15.098000,FinePointe Series WBP [SN 139781]  Site 1 Bias Flow is out of range.,,,,,,,,,,,,,,,,,,,,,,,,,
2025-12-30 10:26:15.098000,FinePointe Series WBP [SN 139781]  Site 3 Bias Flow is out of range.,,,,,,,,,,,,,,,,,,,,,,,,,
2025-12-30 10:26:17.098000,8d,Toxicity,Original,,83.23473358154297,2.128338575363159,176.83511352539062,0.5287075042724609,0.5244796872138977,0.7766507267951965,11.153897285461426,9.797341346740723,11.462569236755371,0.3780888319015503,0.356850802898407,0.8328123688697815,13.77581787109375,0,0.24849127233028412,17.926137924194336,6.2376508712768555,37,25,30,0,
2025-12-30 10:26:19.098000,8d,Toxicity,Original,,81.07585906982422,2.5248985290527344,206.34396362304688,0.5677725076675415,0.7121096849441528,0.5457074046134949,11.153897285461426,11.286286354064941,9.266231536865234,0.3926553726196289,0.3554339110851288,0.7890581488609314,10.466935157775879,0,0.2244260311126709,17.646617889404297,10.06197452545166,37,25,30,0,
2025-12-30 10:26:21.098000,8d,Toxicity,Original,,108.95606994628906,2.1168158054351807,231.20262145996094,0.5310338139533997,0.6457623839378357,0.7404270768165588,11.153897285461426,12.404470443725586,10.494308471679688,0.27231070399284363,0.27880045771598816,0.8343186974525452,10.334909439086914,0,0.175932839512825,11.999753952026367,10.241361618041992,37,25,30,0,
2025-12-30 10:26:23.098000,8d,Toxicity,Original,,97.01313781738281,2.1707329750061035,210.66232299804688,0.5871871709823608,0.6058235764503479,0.7234666347503662,11.153897285461426,10.419398307800293,11.476080894470215,0.362015962600708,0.2574673295021057,0.9055495858192444,11.993254661560059,0,0.17007043957710266,19.06355094909668,9.366294860839844,37,25,30,0,
2025-12-30 10:26:23.098000,FinePointe Series WBP [SN 139781]  Site 2 Bias Flow is out of range.,,,,,,,,,,,,,,,,,,,,,,,,,
2025-12-30 10:26:23.098000,FinePointe Series WBP [SN 139781]  Site 4 Bias Flow is out of range.,,,,,,,,,,,,,,,,,,,,,,,,,
2025-12-30 10:26:23.098000,FinePointe Series WBP [SN 139781]  Site 1 Bias Flow is out of range.,,,,,,,,,,,,,,,,,,,,,,,,,
2025-12-30 10:26:23.098000,FinePointe Series WBP [SN 10499C]  Site 3 Bias Flow is out of range.,,,,,,,,,,,,,,,,,,,,,,,,,
2025-12-30 10:26:25.098000,8d,Toxicity,Original,,125.72355651855469,2.3516781330108643,295.48858642578125,0.4471004009246826,0.5378008484840393,0.7304924726486206,11.153897285461426,14.512475967407227,13.147089958190918,0.2738906443119049,0.22485843300819397,1.1002039909362793,17.250207901000977,0,0.15551038086414337,18.8529052734375,9.681563377380371,37,25,30,0,
2025-12-30 10:26:25.098000,FinePointe Series WBP [SN 139781]  Site 3 Bias Flow is out of range.,,,,,,,,,,,,,,,,,,,,,,,,,
2025-12-30 10:26:27.098000,8d,Toxicity,Original,,172.3999786376953,1.9103455543518066,301.709716796875,0.4997992217540741,0.5486872792243958,0.6772313714027405,11.153897285461426,15.658048629760742,13.50759506225586,0.20052044093608856,0.1827513426542282,1.0845869779586792,11.598997116088867,0,0.1224338486790657,18.05436897277832,10.833702087402344,37,25,30,0,
2025-12-30 10:26:29.098000,8d,Toxicity,Original,,132.0037384033203,2.0637125968933105,264.8009948730469,0.4916899502277374,0.5562679171562195,0.7474948167800903,11.153897285461426,13.96975326538086,12.191547393798828,0.24768832325935364,0.2272825688123703,0.98471999168396,10.670221328735352,0,0.14986248314380646,14.706174850463867,9.58035945892334,37,25,30,40,
2025-12-30 10:26:31.098000,8d,Toxicity,Original,,121.81228637695312,2.2151684761047363,262.13836669921875,0.41507381200790405,0.6308171153068542,0.673041820526123,11.153897285461426,13.365281105041504,9.386560440063477,0.2632697522640228,0.24918530881404877,0.7888643145561218,13.596597671508789,0,0.15955615043640137,15.355264663696289,10.776646614074707,37,25,30,0,
2025-12-30 10:26:33.098000,8d,Toxicity,Original,,119.42840576171875,2.152883529663086,254.7454833984375,0.5779699683189392,0.5765768885612488,0.7555435299873352,11.153897285461426,11.066648483276367,11.915600776672363,0.3071257770061493,0.2251516729593277,0.9211633205413818,10.272375106811523,0,0.15065422654151917,14.684369087219238,9.279417037963867,37,25,30,0,
2025-12-30 10:26:33.098000,FinePointe Series WBP [SN 139781]  Site 2 Bias Flow is out of range.,,,,,,,,,,,,,,,,,,,,,,,,,
2025-12-30 10:26:33.098000,FinePointe Series WBP [SN 139781]  Site 4 Bias Flow is out of range.,,,,,,,,,,,,,,,,,,,,,,,,,
2025-12-30 10:26:33.098000,FinePointe Series WBP [SN 139781]  Site 1 Bias Flow is out of range.,,,,,,,,,,,,,,,,,,,,,,,,,
2025-12-30 10:26:33.098000,FinePointe Series WBP [SN 139781]  Site 3 Bias Flow is out of range.,,,,,,,,,,,,,,,,,,,,,,,,,
2025-12-30 10:26:33.098000,FinePointe Series WBP [SN 10499C]  Site 3 Bias Flow is out of range.,,,,,,,,,,,,,,,,,,,,,,,,,
2025-12-30 10:26:35.098000,8d,Toxicity,Original,,230.73463439941406,1.782371997833252,410.27020263671875,0.6667368412017822,0.6695833802223206,0.5664714574813843,11.153897285461426,19.086078643798828,16.62669563293457,0.1447254717350006,0.11535318195819855,1.4292033910751343,6.290517807006836,0,0.07092687487602234,12.260797500610352,14.716226577758789,37,25,30,33.33333206176758,
2025-12-30 10:26:37.098000,8d,Toxicity,Original,,295.64288330078125,1.0608160495758057,314.7745056152344,0.4751983880996704,0.6985374093055725,0.6171073317527771,11.153897285461426,16.590335845947266,11.557165145874023,0.10194608569145203,0.10831565409898758,0.9651212692260742,5.439205646514893,0,0.0673426166176796,13.28649616241455,15.40383529663086,37,25,30,63.6363639831543,
2025-12-30 10:26:39.098000,8d,Toxicity,Original,,217.59120178222656,1.5249959230422974,318.3450622558594,0.3593420088291168,0.44219815731048584,0.804574728012085,11.153897285461426,16.230195999145508,13.57473373413086,0.15256112813949585,0.13563847541809082,0.9741179347038269,14.6031494140625,0,0.09792100638151169,19.49207878112793,9.052702903747559,37,25,30,62.5,
2025-12-30 10:26:41.098000,8d,Toxicity,Original,,214.12620544433594,1.6673916578292847,359.1639099121094,0.31119126081466675,0.47700759768486023,0.7449557781219482,11.153897285461426,19.15110969543457,11.87376594543457,0.14279450476169586,0.13818074762821198,0.9595131278038025,9.82235336303711,0,0.0973389744758606,17.972505569458008,6.069699287414551,37,25,30,66.66666412353516,
2025-12-30 10:26:43.098000,8d,Toxicity,Original,,224.82443237304688,1.170835018157959,263.2323303222656,0.41120055317878723,0.4416022300720215,0.7919396758079529,11.153897285461426,14.635921478271484,14.270956039428711,0.1178736537694931,0.14900125563144684,0.9155250787734985,9.024345397949219,0,0.10532605648040771,16.9914493560791,7.03928804397583,37,25,30,66.66666412353516,
2025-12-30 10:26:43.098000,FinePointe Series WBP [SN 139781]  Site 2 Bias Flow is out of range.,,,,,,,,,,,,,,,,,,,,,,,,,
2025-12-30 10:26:45.098000,8d,Toxicity,Original,,183.489013671875,1.8171132802963257,321.6712341308594,0.3056863844394684,0.41464248299598694,0.7820382714271545,11.153897285461426,16.83643913269043,13.006111145019531,0.18663695454597473,0.1959555596113205,0.9597610235214233,15.18514633178711,0,0.1461014747619629,18.213682174682617,6.524445533752441,37,25,30,57.14285659790039,
2025-12-30 10:26:45.098000,FinePointe Series WBP [SN 139781]  Site 4 Bias Flow is out of range.,,,,,,,,,,,,,,,,,,,,,,,,,
2025-12-30 10:26:45.098000,FinePointe Series WBP [SN 139781]  Site 1 Bias Flow is out of range.,,,,,,,,,,,,,,,,,,,,,,,,,
2025-12-30 10:26:45.098000,FinePointe Series WBP [SN 139781]  Site 3 Bias Flow is out of range.,,,,,,,,,,,,,,,,,,,,,,,,,
2025-12-30 10:26:45.098000,FinePointe Series WBP [SN 10499C]  Site 3 Bias Flow is out of range.,,,,,,,,,,,,,,,,,,,,,,,,,
2025-12-30 10:26:47.098000,8d,Toxicity,Original,,266.5390319824219,1.5034114122390747,363.52978515625,0.43513649702072144,0.559744656085968,0.6997923851013184,11.153897285461426,19.633291244506836,14.270459175109863,0.1171833947300911,0.12050279974937439,1.1985820531845093,9.155959129333496,0,0.08003900945186615,17.051809310913086,12.073668479919434,37,25,30,44.44444274902344,
2025-12-30 10:26:49.098000,8d,Toxicity,Original,,264.95318603515625,1.2790435552597046,332.94683837890625,0.43440768122673035,0.5795474052429199,0.6818451881408691,11.153897285461426,19.153564453125,14.61461067199707,0.10650558024644852,0.1373499184846878,1.2119230031967163,7.746729850769043,0,0.08972349762916565,14.709773063659668,12.711185455322266,37,25,30,37.5,
2025-12-30 10:26:51.098000,8d,Toxicity,Original,,108.51346588134766,2.7420618534088135,297.5506286621094,0.16662071645259857,0.3369255065917969,0.8904434442520142,11.153897285461426,17.762121200561523,11.063858985900879,0.2564452588558197,0.29648149013519287,0.8488579988479614,50.257537841796875,0,0.23128794133663177,18.7356014251709,4.918334484100342,37,25,30,50,
2025-12-30 10:26:53.098000,8d,Toxicity,Original,,99.73877716064453,3.357642412185669,332.31353759765625,0.30232736468315125,0.4179639220237732,0.8248989582061768,11.153897285461426,15.50577163696289,13.015039443969727,0.32644933462142944,0.27942532300949097,0.8302766680717468,18.615478515625,0,0.2062530368566513,18.436084747314453,3.866819381713867,37,25,30,25,
2025-12-30 10:26:53.098000,FinePointe Series WBP [SN 139781]  Site 2 Bias Flow is out of range.,,,,,,,,,,,,,,,,,,,,,,,,,
2025-12-30 10:26:55.098000,8d,Toxicity,Original,,192.38772583007812,1.8863708972930908,323.130126953125,0.4867240786552429,0.5306635499000549,0.7256971597671509,11.153897285461426,17.448020935058594,17.03413200378418,0.16399991512298584,0.1973327100276947,1.2941811084747314,10.12282943725586,0,0.1342194378376007,15.173003196716309,9.614745140075684,37,25,30,20,
2025-12-30 10:26:55.098000,FinePointe Series WBP [SN 139781]  Site 4 Bias Flow is out of range.,,,,,,,,,,,,,,,,,,,,,,,,,
2025-12-30 10:26:55.098000,FinePointe Series WBP [SN 139781]  Site 1 Bias Flow is out of range.,,,,,,,,,,,,,,,,,,,,,,,,,
2025-12-30 10:26:55.098000,FinePointe Series WBP [SN 139781]  Site 3 Bias Flow is out of range.,,,,,,,,,,,,,,,,,,,,,,,,,
2025-12-30 10:26:55.098000,FinePointe Series WBP [SN 10499C]  Site 3 Bias Flow is out of range.,,,,,,,,,,,,,,,,,,,,,,,,,
2025-12-30 10:26:57.098000,8d,Toxicity,Original,,304.525146484375,1.2936975955963135,393.77923583984375,0.3300541341304779,0.5551437735557556,0.6907382011413574,11.153897285461426,22.865602493286133,13.321134567260742,0.09933039546012878,0.09802335500717163,1.1017539501190186,7.23614501953125,0,0.0643535628914833,16.508024215698242,12.921530723571777,37,25,30,50,
2025-12-30 10:26:59.098000,8d,Toxicity,Original,,232.0421600341797,1.45841646194458,329.9473876953125,0.3371431827545166,0.5959694385528564,0.6385017037391663,11.153897285461426,23.143028259277344,13.66796588897705,0.10988499969244003,0.16121357679367065,1.1195547580718994,11.992660522460938,0,0.1031583696603775,17.234766006469727,12.015260696411133,37,25,30,44.44444274902344,
2025-12-30 10:27:01.098000,8d,Toxicity,Original,,225.36817932128906,1.2311474084854126,268.38226318359375,0.28558045625686646,0.419414758682251,0.7687699794769287,11.153897285461426,19.316383361816406,13.837615966796875,0.1288193017244339,0.1496155709028244,1.0865284204483032,22.057096481323242,0,0.11031162738800049,28.579689025878906,9.423510551452637,37,25,30,50,
2025-12-30 10:27:03.098000,8d,Toxicity,Original,,213.58363342285156,2.034794330596924,434.5987548828125,0.5444024801254272,0.5765010714530945,0.6758750081062317,11.153897285461426,21.807592391967773,20.126928329467773,0.13888229429721832,0.14203809201717377,1.6390399932861328,9.166015625,0,0.09236831218004227,14.146842002868652,10.226873397827148,37,25,30,50,
2025-12-30 10:27:03.098000,FinePointe Series WBP [SN 139781]  Site 2 Bias Flow is out of range.,,,,,,,,,,,,,,,,,,,,,,,,,
2025-12-30 10:27:03.098000,FinePointe Series WBP [SN 139781]  Site 4 Bias Flow is out of range.,,,,,,,,,,,,,,,,,,,,,,,,,
2025-12-30 10:27:05.098000,8d,Toxicity,Original,,257.8605651855469,1.2645174264907837,319.6086120605469,0.42520079016685486,0.4826621413230896,0.7144083380699158,11.153897285461426,18.52168846130371,17.27397346496582,0.11130121350288391,0.127183735370636,1.417389154434204,10.898673057556152,0,0.08885771781206131,19.292537689208984,9.239354133605957,37,25,30,80,
2025-12-30 10:27:05.098000,FinePointe Series WBP [SN 139781]  Site 1 Bias Flow is out of range.,,,,,,,,,,,,,,,,,,,,,,,,,
2025-12-30 10:27:05.098000,FinePointe Series WBP [SN 139781]  Site 3 Bias Flow is out of range.,,,,,,,,,,,,,,,,,,,,,,,,,
2025-12-30 10:27:05.098000,FinePointe Series WBP [SN 10499C]  Site 3 Bias Flow is out of range.,,,,,,,,,,,,,,,,,,,,,,,,,
2025-12-30 10:27:07.098000,8d,Toxicity,Original,,310.89617919921875,1.1278704404830933,340.2057189941406,0.3353293538093567,0.5183097124099731,0.7100613713264465,11.153897285461426,18.99042510986328,12.723892211914062,0.09402965009212494,0.10381565243005753,1.0777946710586548,8.923152923583984,0,0.07036048173904419,20.4596004486084,11.412720680236816,37,25,30,60,
2025-12-30 10:27:09.098000,8d,Toxicity,Original,,324.07354736328125,1.215314507484436,379.71636962890625,0.5473259091377258,0.593725860118866,0.6614816188812256,11.153897285461426,18.94007110595703,17.052244186401367,0.0977981835603714,0.09642206877470016,1.4367636442184448,6.04015588760376,0,0.06276010721921921,16.164072036743164,12.413564682006836,37,25,30,22.22222137451172,
2025-12-30 10:27:11.098000,8d,Toxicity,Original,,318.371826171875,0.9253616333007812,294.60906982421875,0.3103606402873993,0.4931104779243469,0.8286285996437073,11.153897285461426,19.447580337524414,12.840686798095703,0.07984568923711777,0.10861319303512573,1.1353389024734497,8.697882652282715,0,0.07433386147022247,21.075336456298828,11.581171035766602,37,25,30,85.71428680419922,
2025-12-30 10:27:13.098000,8d,Toxicity,Original,,307.0431213378906,1.3827838897705078,336.2294006347656,0.6036159992218018,0.5410086512565613,0.6834560632705688,11.153897285461426,17.341293334960938,19.630069732666016,0.11359518766403198,0.11770100146532059,1.5964559316635132,10.122772216796875,0,0.08122550696134567,18.697669982910156,12.318859100341797,37,25,30,62.5,
2025-12-30 10:27:13.098000,FinePointe Series WBP [SN 139781]  Site 2 Bias Flow is out of range.,,,,,,,,,,,,,,,,,,,,,,,,,
2025-12-30 10:27:13.098000,FinePointe Series WBP [SN 139781]  Site 4 Bias Flow is out of range.,,,,,,,,,,,,,,,,,,,,,,,,,
2025-12-30 10:27:15.098000,8d,Toxicity,Original,,104.13909912109375,2.4359183311462402,251.78335571289062,0.3449931740760803,0.480352520942688,0.8315247297286987,11.153897285461426,13.943784713745117,12.461129188537598,0.2852001488208771,0.29134654998779297,0.9598852396011353,22.976825714111328,0,0.2079901099205017,18.987260818481445,7.646419048309326,37,25,30,25,
2025-12-30 10:27:15.098000,FinePointe Series WBP [SN 139781]  Site 1 Bias Flow is out of range.,,,,,,,,,,,,,,,,,,,,,,,,,
2025-12-30 10:27:15.098000,FinePointe Series WBP [SN 139781]  Site 3 Bias Flow is out of range.,,,,,,,,,,,,,,,,,,,,,,,,,
2025-12-30 10:27:15.098000,FinePointe Series WBP [SN 10499C]  Site 3 Bias Flow is out of range.,,,,,,,,,,,,,,,,,,,,,,,,,
2025-12-30 10:27:17.098000,8d,Toxicity,Original,,152.97515869140625,2.5380759239196777,367.4170837402344,0.40218570828437805,0.4735168516635895,0.8014063835144043,11.153897285461426,16.938169479370117,15.576672554016113,0.24213217198848724,0.18881593644618988,1.1931806802749634,12.184249877929688,0,0.13322126865386963,16.39719009399414,8.15951919555664,37,25,30,0,
2025-12-30 10:27:19.098000,8d,Toxicity,Original,,277.0955505371094,1.3126047849655151,347.39251708984375,0.6012292504310608,0.5789637565612793,0.6982158422470093,11.153897285461426,18.082815170288086,19.27666664123535,0.10909385234117508,0.11555955559015274,1.622991919517517,6.602273464202881,0,0.07517387717962265,15.90658187866211,12.238594055175781,37,25,30,37.5,
2025-12-30 10:27:21.098000,8d,Toxicity,Original,,249.84756469726562,1.4864637851715088,360.54803466796875,0.425057977437973,0.4901834726333618,0.7706060409545898,11.153897285461426,19.836170196533203,18.36277961730957,0.11684753000736237,0.13576732575893402,1.4241799116134644,7.86350154876709,0,0.09460761398077011,16.168182373046875,9.933520317077637,37,25,30,66.66666412353516,
2025-12-30 10:27:23.098000,8d,Toxicity,Original,,226.00718688964844,1.7846719026565552,375.1370544433594,0.49289563298225403,0.4832233190536499,0.7648453712463379,11.153897285461426,19.20749855041504,20.99947166442871,0.13729186356067657,0.14683786034584045,1.5646520853042603,11.276100158691406,0,0.10311082005500793,17.6383113861084,9.095697402954102,37,25,30,62.5,
2025-12-30 10:27:23.098000,FinePointe Series WBP [SN 139781]  Site 2 Bias Flow is out of range.,,,,,,,,,,,,,,,,,,,,,,,,,
2025-12-30 10:27:23.098000,FinePointe Series WBP [SN 139781]  Site 4 Bias Flow is out of range.,,,,,,,,,,,,,,,,,,,,,,,,,
2025-12-30 10:27:23.098000,FinePointe Series WBP [SN 10499C]  Site 3 Bias Flow is out of range.,,,,,,,,,,,,,,,,,,,,,,,,,
2025-12-30 10:27:25.098000,8d,Toxicity,Original,,155.84136962890625,2.2716140747070312,360.60205078125,0.45404869318008423,0.5038316249847412,0.8012534379959106,11.153897285461426,18.089641571044922,17.08188819885254,0.19632281363010406,0.22771823406219482,1.2279212474822998,18.23535919189453,0,0.15544621646404266,13.927485466003418,7.722908020019531,37,25,30,50,
2025-12-30 10:27:25.098000,FinePointe Series WBP [SN 139781]  Site 1 Bias Flow is out of range.,,,,,,,,,,,,,,,,,,,,,,,,,
2025-12-30 10:27:25.098000,FinePointe Series WBP [SN 139781]  Site 3 Bias Flow is out of range.,,,,,,,,,,,,,,,,,,,,,,,,,
2025-12-30 10:27:27.098000,8d,Toxicity,Original,,266.29437255859375,1.5128024816513062,374.0853271484375,0.46414557099342346,0.4958686828613281,0.7303272485733032,11.153897285461426,18.757543563842773,17.324384689331055,0.1270657479763031,0.11655132472515106,1.3470513820648193,9.7285737991333,0,0.08040976524353027,18.4446964263916,10.801152229309082,37,25,30,25,
2025-12-30 10:27:29.098000,8d,Toxicity,Original,,349.71044921875,1.0207656621932983,340.61767578125,0.6118849515914917,0.5936396718025208,0.6586397886276245,11.153897285461426,18.003826141357422,18.45574951171875,0.0883084088563919,0.09212297201156616,1.5684789419174194,5.162924766540527,0,0.05881337448954582,15.695366859436035,12.739400863647461,37,25,30,37.5,
2025-12-30 10:27:31.098000,8d,Toxicity,Original,,290.1435852050781,1.4015593528747559,380.87127685546875,0.4532933235168457,0.5045453906059265,0.7384095788002014,11.153897285461426,19.308658599853516,18.01370620727539,0.1119006872177124,0.11216942965984344,1.4633523225784302,9.805671691894531,0,0.07750025391578674,18.484359741210938,11.766861915588379,37,25,30,50,
2025-12-30 10:27:33.098000,8d,Toxicity,Original,,227.77752685546875,1.6945133209228516,362.36761474609375,0.30964231491088867,0.4580748379230499,0.7324223518371582,11.153897285461426,19.942941665649414,14.756168365478516,0.1452505886554718,0.1338197886943817,1.1138336658477783,16.80385971069336,0,0.09877733886241913,19.904006958007812,9.994436264038086,37,25,30,75,
2025-12-30 10:27:33.098000,FinePointe Series WBP [SN 139781]  Site 2 Bias Flow is out of range.,,,,,,,,,,,,,,,,,,,,,,,,,
2025-12-30 10:27:33.098000,FinePointe Series WBP [SN 139781]  Site 4 Bias Flow is out of range.,,,,,,,,,,,,,,,,,,,,,,,,,
2025-12-30 10:27:33.098000,FinePointe Series WBP [SN 139781]  Site 1 Bias Flow is out of range.,,,,,,,,,,,,,,,,,,,,,,,,,
2025-12-30 10:27:33.098000,FinePointe Series WBP [SN 10499C]  Site 3 Bias Flow is out of range.,,,,,,,,,,,,,,,,,,,,,,,,,
2025-12-30 10:27:35.098000,8d,Toxicity,Original,,134.1526336669922,2.743561029434204,397.41558837890625,0.5347208380699158,0.6086059808731079,0.520578145980835,11.153897285461426,19.50109100341797,17.613670349121094,0.21017974615097046,0.2741836607456207,1.3281627893447876,19.336544036865234,0,0.16952255368232727,16.08083152770996,11.316329002380371,37,25,30,66.66666412353516,
2025-12-30 10:27:35.098000,FinePointe Series WBP [SN 139781]  Site 3 Bias Flow is out of range.,,,,,,,,,,,,,,,,,,,,,,,,,
2025-12-30 10:27:37.098000,8d,Toxicity,Original,,108.53797149658203,2.8600635528564453,309.39520263671875,0.2987756133079529,0.4019494354724884,0.8709208965301514,11.153897285461426,15.503506660461426,14.094377517700195,0.28533607721328735,0.2676437199115753,0.9443145990371704,20.63939094543457,0,0.20054714381694794,18.695850372314453,4.320047378540039,37,25,30,0,
2025-12-30 10:27:39.098000,8d,Toxicity,Original,,136.41241455078125,2.7291641235351562,355.90625,0.410148561000824,0.4322807192802429,0.8109919428825378,11.153897285461426,16.3375244140625,17.325946807861328,0.2517189085483551,0.219121053814888,1.248008131980896,18.717226028442383,0,0.1602531224489212,18.039226531982422,7.270350456237793,37,25,30,0,
2025-12-30 10:27:41.098000,8d,Toxicity,Original,,255.60560607910156,1.547461748123169,387.6607666015625,0.6102287769317627,0.5682162642478943,0.7079014182090759,11.153897285461426,17.326683044433594,18.618106842041016,0.13180863857269287,0.10659311711788177,1.486172080039978,6.092879295349121,0,0.06983034312725067,13.633620262145996,10.360214233398438,37,25,30,55.55555725097656,
2025-12-30 10:27:43.098000,8d,Toxicity,Original,,268.39300537109375,1.4380273818969727,378.54461669921875,0.5246196985244751,0.5298478007316589,0.6926215291023254,11.153897285461426,18.871212005615234,19.12075424194336,0.12341070920228958,0.10942787677049637,1.6103957891464233,8.939335823059082,0,0.07417861372232437,18.330263137817383,12.283428192138672,37,25,30,44.44444274902344,
2025-12-30 10:27:43.098000,FinePointe Series WBP [SN 139781]  Site 2 Bias Flow is out of range.,,,,,,,,,,,,,,,,,,,,,,,,,
2025-12-30 10:27:45.098000,8d,Toxicity,Original,,192.50868225097656,2.086359739303589,397.443603515625,0.43218788504600525,0.472635418176651,0.7662017941474915,11.153897285461426,19.842817306518555,17.68745994567871,0.16237547993659973,0.15163235366344452,1.3143243789672852,12.03852367401123,0,0.1065426766872406,16.003978729248047,10.03135871887207,37,25,30,0,
2025-12-30 10:27:45.098000,FinePointe Series WBP [SN 139781]  Site 4 Bias Flow is out of range.,,,,,,,,,,,,,,,,,,,,,,,,,
2025-12-30 10:27:45.098000,FinePointe Series WBP [SN 139781]  Site 1 Bias Flow is out of range.,,,,,,,,,,,,,,,,,,,,,,,,,
2025-12-30 10:27:45.098000,FinePointe Series WBP [SN 139781]  Site 3 Bias Flow is out of range.,,,,,,,,,,,,,,,,,,,,,,,,,
2025-12-30 10:27:45.098000,FinePointe Series WBP [SN 10499C]  Site 3 Bias Flow is out of range.,,,,,,,,,,,,,,,,,,,,,,,,,
2025-12-30 10:27:47.098000,8d,Toxicity,Original,,196.09414672851562,1.9661918878555298,372.67181396484375,0.4804266691207886,0.49872326850891113,0.7532351613044739,11.153897285461426,18.02965545654297,17.589107513427734,0.16971689462661743,0.14414623379707336,1.4193074703216553,12.510087013244629,0,0.10015439987182617,19.410873413085938,10.850172996520996,37,25,30,57.14285659790039,
2025-12-30 10:27:49.098000,8d,Toxicity,Original,,170.99545288085938,1.9807629585266113,329.4179382324219,0.4954913854598999,0.5692971348762512,0.8028867840766907,11.153897285461426,19.016263961791992,17.83618927001953,0.1691821664571762,0.2021816074848175,1.3815159797668457,11.443456649780273,0,0.12970930337905884,14.802580833435059,10.645508766174316,37,25,30,25,
2025-12-30 10:27:51.098000,8d,Toxicity,Original,,96.35327911376953,3.5388500690460205,340.9798278808594,0.28077906370162964,0.4554611146450043,0.8193261623382568,11.153897285461426,16.549528121948242,11.601907730102539,0.3200206756591797,0.30268776416778564,0.5155078768730164,18.96923828125,0,0.2174835056066513,14.270999908447266,3.072371482849121,37,25,30,75,
2025-12-30 10:27:53.098000,8d,Toxicity,Original,,102.53182220458984,2.3417177200317383,240.10060119628906,0.5910458564758301,0.5419605374336243,0.8174163699150085,11.153897285461426,10.708257675170898,14.599520683288574,0.28668269515037537,0.29850149154663086,1.1751031875610352,11.623737335205078,0,0.2005898803472519,14.671920776367188,7.6217522621154785,37,25,30,0,
2025-12-30 10:27:53.098000,FinePointe Series WBP [SN 139781]  Site 2 Bias Flow is out of range.,,,,,,,,,,,,,,,,,,,,,,,,,
2025-12-30 10:27:55.098000,8d,Toxicity,Original,,219.90232849121094,1.9332141876220703,367.2322082519531,0.6163284778594971,0.5539048910140991,0.6999059319496155,11.153897285461426,15.995353698730469,17.911827087402344,0.18560703098773956,0.15007726848125458,1.5353060960769653,8.39238166809082,0,0.10159556567668915,15.627396583557129,10.252310752868652,37,25,30,57.14285659790039,
2025-12-30 10:27:55.098000,FinePointe Series WBP [SN 139781]  Site 4 Bias Flow is out of range.,,,,,,,,,,,,,,,,,,,,,,,,,
2025-12-30 10:27:55.098000,FinePointe Series WBP [SN 139781]  Site 1 Bias Flow is out of range.,,,,,,,,,,,,,,,,,,,,,,,,,
2025-12-30 10:27:55.098000,FinePointe Series WBP [SN 139781]  Site 3 Bias Flow is out of range.,,,,,,,,,,,,,,,,,,,,,,,,,
2025-12-30 10:27:55.098000,FinePointe Series WBP [SN 10499C]  Site 3 Bias Flow is out of range.,,,,,,,,,,,,,,,,,,,,,,,,,
2025-12-30 10:27:57.098000,8d,Toxicity,Original,,239.1002960205078,1.674004316329956,375.6938781738281,0.540271520614624,0.5324209332466125,0.7220851182937622,11.153897285461426,19.011810302734375,18.69149398803711,0.13095630705356598,0.13351783156394958,1.4362084865570068,9.20244312286377,0,0.09069233387708664,16.148361206054688,11.033425331115723,37,25,30,12.5,
2025-12-30 10:27:59.098000,8d,Toxicity,Original,,221.1033477783203,1.4807404279708862,288.88275146484375,0.36920419335365295,0.4711276888847351,0.8160717487335205,11.153897285461426,18.978832244873047,17.06081771850586,0.12785063683986664,0.16737766563892365,1.2226451635360718,9.612817764282227,0,0.11701986193656921,17.257125854492188,10.839043617248535,37,25,30,33.33333206176758,
2025-12-30 10:28:01.098000,8d,Toxicity,Original,,126.31623840332031,2.4129326343536377,299.9979248046875,0.35526272654533386,0.4407097101211548,0.8525700569152832,11.153897285461426,18.13856315612793,16.882627487182617,0.22269657254219055,0.2738715410232544,0.9718455672264099,13.349489212036133,0,0.1987645924091339,12.240091323852539,6.76104211807251,37,25,30,50,
2025-12-30 10:28:03.098000,8d,Toxicity,Original,,330.8127746582031,0.6115437746047974,202.30650329589844,0.5375028252601624,0.5206524729728699,0.7456482648849487,11.153897285461426,12.110136032104492,13.026710510253906,0.08212896436452866,0.09924250096082687,1.1122570037841797,6.724496841430664,0,0.066551074385643,18.972942352294922,13.636275291442871,37,25,30,50,
2025-12-30 10:28:03.098000,FinePointe Series WBP [SN 139781]  Site 2 Bias Flow is out of range.,,,,,,,,,,,,,,,,,,,,,,,,,
2025-12-30 10:28:05.098000,8d,Toxicity,Original,,127.04703521728516,2.361279249191284,299.9935302734375,0.2554967701435089,0.5065186023712158,0.8360077738761902,11.153897285461426,18.241321563720703,10.177483558654785,0.21150289475917816,0.26076313853263855,0.6595748066902161,25.694040298461914,0,0.17997895181179047,14.122132301330566,8.951075553894043,37,25,30,75,
2025-12-30 10:28:05.098000,FinePointe Series WBP [SN 139781]  Site 1 Bias Flow is out of range.,,,,,,,,,,,,,,,,,,,,,,,,,
2025-12-30 10:28:05.098000,FinePointe Series WBP [SN 139781]  Site 3 Bias Flow is out of range.,,,,,,,,,,,,,,,,,,,,,,,,,
2025-12-30 10:28:05.098000,FinePointe Series WBP [SN 10499C]  Site 3 Bias Flow is out of range.,,,,,,,,,,,,,,,,,,,,,,,,,
2025-12-30 10:28:05.098000,FinePointe Series WBP [SN 139781]  Site 4 Bias Flow is out of range.,,,,,,,,,,,,,,,,,,,,,,,,,
2025-12-30 10:28:07.098000,8d,Toxicity,Original,,137.76246643066406,2.171907663345337,297.5028076171875,0.4084755480289459,0.504101037979126,0.8428922295570374,11.153897285461426,16.626209259033203,14.472983360290527,0.1962652951478958,0.2472110539674759,1.0879043340682983,12.482754707336426,0,0.16849921643733978,13.06867504119873,8.266460418701172,37,25,30,0,
2025-12-30 10:28:09.098000,8d,Toxicity,Original,,129.9882354736328,2.2530691623687744,294.2277526855469,0.3446936309337616,0.5479016900062561,0.8326940536499023,11.153897285461426,17.196474075317383,12.189141273498535,0.20478440821170807,0.2701486349105835,0.8262492418289185,15.71181583404541,0,0.17945055663585663,12.594487190246582,9.527190208435059,37,25,30,25,
2025-12-30 10:28:11.098000,8d,Toxicity,Original,,200.67333984375,1.789093017578125,311.0609436035156,0.4024236798286438,0.5234120488166809,0.779668927192688,11.153897285461426,15.759770393371582,13.42897891998291,0.1843770146369934,0.2006908655166626,1.0110467672348022,9.935784339904785,0,0.13700953125953674,12.854767799377441,7.8450469970703125,37,25,30,20,
2025-12-30 10:28:13.098000,8d,Toxicity,Original,,376.8456115722656,0.6667688488960266,250.2151336669922,0.5652281641960144,0.5414222478866577,0.7122411131858826,11.153897285461426,13.454784393310547,13.73906421661377,0.07881675660610199,0.08365889638662338,1.1132668256759644,5.808485507965088,0,0.05580426752567291,17.955543518066406,13.648968696594238,37,25,30,70,
2025-12-30 10:28:13.098000,FinePointe Series WBP [SN 139781]  Site 2 Bias Flow is out of range.,,,,,,,,,,,,,,,,,,,,,,,,,
2025-12-30 10:28:15.098000,8d,Toxicity,Original,,217.89248657226562,1.5549558401107788,330.3566589355469,0.46117568016052246,0.5002089738845825,0.7493374347686768,11.153897285461426,18.17255973815918,17.275867462158203,0.13602496683597565,0.14702743291854858,1.335595726966858,10.136884689331055,0,0.10079087316989899,16.818744659423828,11.102877616882324,37,25,30,0,
2025-12-30 10:28:15.098000,FinePointe Series WBP [SN 139781]  Site 1 Bias Flow is out of range.,,,,,,,,,,,,,,,,,,,,,,,,,
2025-12-30 10:28:15.098000,FinePointe Series WBP [SN 139781]  Site 3 Bias Flow is out of range.,,,,,,,,,,,,,,,,,,,,,,,,,
2025-12-30 10:28:15.098000,FinePointe Series WBP [SN 10499C]  Site 3 Bias Flow is out of range.,,,,,,,,,,,,,,,,,,,,,,,,,
2025-12-30 10:28:15.098000,FinePointe Series WBP [SN 139781]  Site 4 Bias Flow is out of range.,,,,,,,,,,,,,,,,,,,,,,,,,
2025-12-30 10:28:17.098000,8d,Toxicity,Original,,237.5152587890625,1.684363842010498,385.46868896484375,0.3864887058734894,0.5217270851135254,0.7251442670822144,11.153897285461426,20.50979995727539,15.855233192443848,0.13393473625183105,0.1310417652130127,1.2366771697998047,8.378400802612305,0,0.089017853140831,16.648637771606445,11.060550689697266,37,25,30,60,
2025-12-30 10:28:19.098000,8d,Toxicity,Original,,152.40591430664062,2.3972525596618652,331.37066650390625,0.3311675786972046,0.5268394947052002,0.7489235401153564,11.153897285461426,20.231428146362305,14.672749519348145,0.19999805092811584,0.23894910514354706,1.055667757987976,19.792192459106445,0,0.16299179196357727,16.673173904418945,10.341054916381836,37,25,30,20,
2025-12-30 10:28:21.098000,8d,Toxicity,Original,,96.31514739990234,2.606804609298706,250.91012573242188,0.42975908517837524,0.6102523803710938,0.8465266823768616,11.153897285461426,12.05957317352295,9.962885856628418,0.3141408860683441,0.30961573123931885,0.6037080883979797,9.264101028442383,0,0.19814223051071167,9.094776153564453,6.117215633392334,37,25,30,0,
2025-12-30 10:28:23.098000,8d,Toxicity,Original,,106.7670669555664,2.2315585613250732,238.8303680419922,0.6233450770378113,0.5411076545715332,0.7775847911834717,11.153897285461426,11.856127738952637,15.4974365234375,0.280343234539032,0.2825423777103424,1.1094309091567993,10.271032333374023,0,0.1907406747341156,13.45599365234375,8.25187873840332,37,25,30,0,
2025-12-30 10:28:23.098000,FinePointe Series WBP [SN 139781]  Site 2 Bias Flow is out of range.,,,,,,,,,,,,,,,,,,,,,,,,,
2025-12-30 10:28:25.098000,8d,Toxicity,Original,,273.75506591796875,1.5735061168670654,401.470703125,0.48696473240852356,0.5633514523506165,0.6896563768386841,11.153897285461426,19.565994262695312,16.53839874267578,0.12286584079265594,0.11143776774406433,1.3403756618499756,7.979161262512207,0,0.07371045649051666,16.541278839111328,12.434117317199707,37,25,30,30,
2025-12-30 10:28:25.098000,FinePointe Series WBP [SN 139781]  Site 1 Bias Flow is out of range.,,,,,,,,,,,,,,,,,,,,,,,,,
2025-12-30 10:28:25.098000,FinePointe Series WBP [SN 139781]  Site 3 Bias Flow is out of range.,,,,,,,,,,,,,,,,,,,,,,,,,
2025-12-30 10:28:25.098000,FinePointe Series WBP [SN 10499C]  Site 3 Bias Flow is out of range.,,,,,,,,,,,,,,,,,,,,,,,,,
2025-12-30 10:28:25.098000,FinePointe Series WBP [SN 139781]  Site 4 Bias Flow is out of range.,,,,,,,,,,,,,,,,,,,,,,,,,
2025-12-30 10:28:27.098000,8d,Toxicity,Original,,330.6007995605469,1.0593280792236328,351.298828125,0.46951669454574585,0.5523163080215454,0.7126535177230835,11.153897285461426,17.924165725708008,15.187068939208984,0.09484130144119263,0.08911120891571045,1.24354887008667,5.800771713256836,0,0.058784790337085724,16.288326263427734,12.612972259521484,37,25,30,69.23076629638672,
2025-12-30 10:28:29.098000,8d,Toxicity,Original,,247.44857788085938,1.7003099918365479,391.33740234375,0.318545937538147,0.49807626008987427,0.7482145428657532,11.153897285461426,22.76102066040039,15.74542236328125,0.1224302127957344,0.14556525647640228,1.167348861694336,11.535656929016113,0,0.10142987966537476,17.625873565673828,11.794407844543457,37,25,30,55.55555725097656,
2025-12-30 10:28:31.098000,8d,Toxicity,Original,,128.28697204589844,1.8728426694869995,235.54981994628906,0.3300878703594208,0.4378930330276489,0.8022481799125671,11.153897285461426,15.707869529724121,12.949533462524414,0.2082938849925995,0.27221494913101196,0.845260739326477,16.528879165649414,0,0.19286441802978516,21.56415367126465,6.124719619750977,37,25,30,0,
2025-12-30 10:28:33.098000,8d,Toxicity,Original,,94.1958236694336,2.800384759902954,266.0628662109375,0.32123857736587524,0.46224701404571533,0.7966993451118469,11.153897285461426,14.263910293579102,10.164113998413086,0.2905401885509491,0.34790295362472534,0.5094135999679565,20.69234275817871,0,0.24697279930114746,12.71303939819336,4.260109901428223,37,25,30,0,
2025-12-30 10:28:33.098000,FinePointe Series WBP [SN 139781]  Site 2 Bias Flow is out of range.,,,,,,,,,,,,,,,,,,,,,,,,,
2025-12-30 10:28:33.098000,FinePointe Series WBP [SN 10499C]  Site 3 Bias Flow is out of range.,,,,,,,,,,,,,,,,,,,,,,,,,
2025-12-30 10:28:33.098000,FinePointe Series WBP [SN 139781]  Site 1 Bias Flow is out of range.,,,,,,,,,,,,,,,,,,,,,,,,,
2025-12-30 10:28:33.098000,FinePointe Series WBP [SN 139781]  Site 3 Bias Flow is out of range.,,,,,,,,,,,,,,,,,,,,,,,,,
2025-12-30 10:28:33.098000,FinePointe Series WBP [SN 139781]  Site 4 Bias Flow is out of range.,,,,,,,,,,,,,,,,,,,,,,,,,
2025-12-30 10:28:37.098000,8d,Toxicity,Original,,112.59709167480469,2.3706045150756836,268.1263427734375,0.5054054260253906,0.5042082667350769,0.837084949016571,11.153897285461426,13.415755271911621,14.938821792602539,0.28132855892181396,0.2532949149608612,1.0475847721099854,14.943829536437988,0,0.1801833212375641,15.9402494430542,7.077030181884766,37,25,30,55.55555725097656,
2025-12-30 10:28:39.098000,8d,Toxicity,Original,,215.78875732421875,2.087305784225464,346.8837585449219,0.4198926091194153,0.49557387828826904,0.7443159222602844,11.153897285461426,18.5071964263916,17.21021270751953,0.19326937198638916,0.1629514843225479,1.3609436750411987,12.540236473083496,0,0.11473404616117477,19.767526626586914,10.05221939086914,37,25,30,16.66666603088379,
2025-12-30 10:28:41.098000,8d,Toxicity,Original,,309.01129150390625,1.115150809288025,336.92950439453125,0.5350296497344971,0.570091724395752,0.6542238593101501,11.153897285461426,16.665775299072266,15.253610610961914,0.10276040434837341,0.09471014142036438,1.275719404220581,7.238858222961426,0,0.06200208514928818,18.92216682434082,11.867941856384277,37,25,30,45.45454406738281,
2025-12-30 10:28:43.098000,8d,Toxicity,Original,,413.28717041015625,0.8010882139205933,330.8507080078125,0.6822842359542847,0.6725056767463684,0.6111181974411011,11.153897285461426,16.69896697998047,16.8914737701416,0.07538300007581711,0.07019151002168655,1.489046335220337,4.714921951293945,0,0.0427200049161911,16.97296142578125,16.580236434936523,37,25,30,77.77777862548828,
2025-12-30 10:28:43.098000,FinePointe Series WBP [SN 139781]  Site 2 Bias Flow is out of range.,,,,,,,,,,,,,,,,,,,,,,,,,
2025-12-30 10:28:43.098000,FinePointe Series WBP [SN 139781]  Site 1 Bias Flow is out of range.,,,,,,,,,,,,,,,,,,,,,,,,,
2025-12-30 10:28:43.098000,FinePointe Series WBP [SN 10499C]  Site 3 Bias Flow is out of range.,,,,,,,,,,,,,,,,,,,,,,,,,
2025-12-30 10:28:45.098000,8d,Toxicity,Original,,190.46058654785156,1.9053369760513306,333.7703552246094,0.5783624053001404,0.8179292678833008,0.5686205625534058,11.153897285461426,18.886072158813477,14.874185562133789,0.1672663688659668,0.24224205315113068,1.1204464435577393,10.406356811523438,0,0.12890566885471344,12.570171356201172,15.442726135253906,37,25,30,50,
2025-12-30 10:28:45.098000,FinePointe Series WBP [SN 139781]  Site 3 Bias Flow is out of range.,,,,,,,,,,,,,,,,,,,,,,,,,
2025-12-30 10:28:47.098000,8d,Toxicity,Original,,230.3301544189453,1.8240058422088623,307.0801086425781,0.5099970102310181,0.5028806924819946,0.7459032535552979,11.153897285461426,15.031676292419434,15.355460166931152,0.1784752905368805,0.15932027995586395,1.12300443649292,9.635149955749512,0,0.11316514760255814,15.405064582824707,9.647012710571289,37,25,30,16.66666603088379,
2025-12-30 10:28:47.098000,FinePointe Series WBP [SN 139781]  Site 4 Bias Flow is out of range.,,,,,,,,,,,,,,,,,,,,,,,,,
2025-12-30 10:28:49.098000,8d,Toxicity,Original,,280.9553527832031,1.2167009115219116,311.4487609863281,0.5110793113708496,0.5337855815887451,0.6523634195327759,11.153897285461426,16.621858596801758,15.878161430358887,0.1123204305768013,0.13816319406032562,1.2889907360076904,8.235132217407227,0,0.10050471127033234,21.928213119506836,12.758709907531738,37,25,30,28.571428298950195,
2025-12-30 10:28:51.098000,8d,Toxicity,Original,,245.38499450683594,1.5893096923828125,365.06591796875,0.3440568447113037,0.4761509895324707,0.7338973879814148,11.153897285461426,19.678916931152344,14.747014999389648,0.13372789323329926,0.12329454720020294,1.1210108995437622,16.982032775878906,0,0.09026934206485748,20.68914794921875,11.250228881835938,37,25,30,60,
2025-12-30 10:28:53.098000,8d,Toxicity,Original,,192.1420440673828,1.4223734140396118,273.2977294921875,0.37580209970474243,0.48763883113861084,0.8282209038734436,11.153897285461426,16.219825744628906,14.254971504211426,0.14081713557243347,0.17145183682441711,1.171630859375,8.259366035461426,0,0.11796421557664871,15.829587936401367,11.554497718811035,37,25,30,85.71428680419922,
2025-12-30 10:28:53.098000,FinePointe Series WBP [SN 139781]  Site 2 Bias Flow is out of range.,,,,,,,,,,,,,,,,,,,,,,,,,
2025-12-30 10:28:55.098000,8d,Toxicity,Original,,106.56562042236328,3.100625991821289,330.4201354980469,0.3282547891139984,0.8047857284545898,0.8093864917755127,11.153897285461426,23.879796981811523,9.042093276977539,0.20473727583885193,0.35829606652259827,0.5836492776870728,14.30031967163086,0,0.20340704917907715,7.415081024169922,15.4895601272583,37,25,30,50,
2025-12-30 10:28:55.098000,FinePointe Series WBP [SN 139781]  Site 1 Bias Flow is out of range.,,,,,,,,,,,,,,,,,,,,,,,,,
2025-12-30 10:28:55.098000,FinePointe Series WBP [SN 139781]  Site 3 Bias Flow is out of range.,,,,,,,,,,,,,,,,,,,,,,,,,
2025-12-30 10:28:55.098000,FinePointe Series WBP [SN 10499C]  Site 3 Bias Flow is out of range.,,,,,,,,,,,,,,,,,,,,,,,,,
2025-12-30 10:28:57.098000,8d,Toxicity,Original,,117.59690856933594,2.7451889514923096,322.2131652832031,0.40703287720680237,0.4539768397808075,0.8208180665969849,11.153897285461426,16.451669692993164,15.410820960998535,0.2444484680891037,0.2702198922634125,0.930866003036499,11.695587158203125,0,0.19145072996616364,12.003898620605469,6.217184066772461,37,25,30,33.33333206176758,
2025-12-30 10:28:57.098000,FinePointe Series WBP [SN 139781]  Site 4 Bias Flow is out of range.,,,,,,,,,,,,,,,,,,,,,,,,,
2025-12-30 10:28:59.098000,8d,Toxicity,Original,,249.75970458984375,1.6732404232025146,385.60931396484375,0.45102471113204956,0.5495316386222839,0.7138537764549255,11.153897285461426,18.097732543945312,14.954894065856934,0.13886836171150208,0.11970094591379166,1.1924269199371338,6.643761157989502,0,0.08055847883224487,14.31003189086914,11.312664031982422,37,25,30,0,
2025-12-30 10:29:01.098000,8d,Toxicity,Original,,97.67073059082031,2.6404170989990234,258.7748107910156,0.39695867896080017,0.4812079966068268,0.8439256548881531,11.153897285461426,12.509649276733398,12.815122604370117,0.32009196281433105,0.2951841354370117,0.8029763698577881,12.043828964233398,0,0.20683959126472473,13.305720329284668,4.5939226150512695,37,25,30,66.66666412353516,
2025-12-30 10:29:03.098000,8d,Toxicity,Original,,100.52146911621094,2.715214967727661,273.1343078613281,0.45330876111984253,0.5896062254905701,0.8334782123565674,11.153897285461426,13.300950050354004,11.174858093261719,0.31988462805747986,0.27754828333854675,0.8510608673095703,11.767477035522461,0,0.181847482919693,15.271514892578125,8.904313087463379,37,25,30,0,
2025-12-30 10:29:03.098000,FinePointe Series WBP [SN 139781]  Site 2 Bias Flow is out of range.,,,,,,,,,,,,,,,,,,,,,,,,,
2025-12-30 10:29:05.098000,8d,Toxicity,Original,,117.51081085205078,2.7543983459472656,322.07769775390625,0.416625440120697,0.51056969165802,0.8406892418861389,11.153897285461426,15.736837387084961,14.605062484741211,0.2768906354904175,0.253184050321579,0.9604384899139404,11.14495849609375,0,0.17366886138916016,13.130008697509766,6.7870917320251465,37,25,30,0,
2025-12-30 10:29:05.098000,FinePointe Series WBP [SN 139781]  Site 1 Bias Flow is out of range.,,,,,,,,,,,,,,,,,,,,,,,,,
2025-12-30 10:29:05.098000,FinePointe Series WBP [SN 139781]  Site 3 Bias Flow is out of range.,,,,,,,,,,,,,,,,,,,,,,,,,
2025-12-30 10:29:05.098000,FinePointe Series WBP [SN 10499C]  Site 3 Bias Flow is out of range.,,,,,,,,,,,,,,,,,,,,,,,,,
2025-12-30 10:29:05.098000,FinePointe Series WBP [SN 139781]  Site 4 Bias Flow is out of range.,,,,,,,,,,,,,,,,,,,,,,,,,
2025-12-30 10:29:07.098000,8d,Toxicity,Original,,226.7303924560547,1.624988079071045,342.6042785644531,0.45165151357650757,0.48729076981544495,0.7528329491615295,11.153897285461426,18.195323944091797,16.30295181274414,0.13842734694480896,0.14511746168136597,1.1796718835830688,11.010381698608398,0,0.10224980115890503,16.675029754638672,11.237482070922852,37,25,30,0,
2025-12-30 10:29:09.098000,8d,Toxicity,Original,,216.47921752929688,1.4648292064666748,316.1315002441406,0.5208320617675781,0.5491046905517578,0.733797550201416,11.153897285461426,18.574068069458008,18.05509376525879,0.12455035746097565,0.15375016629695892,1.354008436203003,7.657685279846191,0,0.10116413235664368,14.273874282836914,12.216413497924805,37,25,30,42.85714340209961,
2025-12-30 10:29:11.098000,8d,Toxicity,Original,,185.28073120117188,1.692676067352295,313.619384765625,0.386805921792984,0.6480625867843628,0.6483094096183777,11.153897285461426,20.743885040283203,13.160533905029297,0.1336728036403656,0.2138521522283554,1.0107289552688599,9.24566650390625,0,0.12727907299995422,14.133475303649902,16.61296272277832,37,25,30,0,
2025-12-30 10:29:13.098000,8d,Toxicity,Original,,98.42338562011719,2.033827543258667,206.96005249023438,0.5277426242828369,0.5696395635604858,0.8778472542762756,11.153897285461426,13.120489120483398,13.47039794921875,0.30267396569252014,0.3414812684059143,0.8094296455383301,10.407327651977539,0,0.22297310829162598,7.948099136352539,5.814983367919922,37,25,30,66.66666412353516,
2025-12-30 10:29:13.098000,FinePointe Series WBP [SN 139781]  Site 2 Bias Flow is out of range.,,,,,,,,,,,,,,,,,,,,,,,,,
2025-12-30 10:29:15.098000,8d,Toxicity,Original,,85.95914459228516,2.6101584434509277,223.87013244628906,0.5508915185928345,0.6821523904800415,0.8845100402832031,11.153897285461426,12.493173599243164,11.329654693603516,0.3101915419101715,0.38814932107925415,0.7040424942970276,10.679314613342285,0,0.23745137453079224,7.468509674072266,7.198336601257324,37,25,30,0,
2025-12-30 10:29:15.098000,FinePointe Series WBP [SN 139781]  Site 1 Bias Flow is out of range.,,,,,,,,,,,,,,,,,,,,,,,,,
2025-12-30 10:29:15.098000,FinePointe Series WBP [SN 139781]  Site 3 Bias Flow is out of range.,,,,,,,,,,,,,,,,,,,,,,,,,
2025-12-30 10:29:15.098000,FinePointe Series WBP [SN 10499C]  Site 3 Bias Flow is out of range.,,,,,,,,,,,,,,,,,,,,,,,,,
2025-12-30 10:29:15.098000,FinePointe Series WBP [SN 139781]  Site 4 Bias Flow is out of range.,,,,,,,,,,,,,,,,,,,,,,,,,
2025-12-30 10:29:17.098000,8d,Toxicity,Original,,93.5712661743164,2.520595073699951,235.81546020507812,0.5107347965240479,0.5798033475875854,0.8391492962837219,11.153897285461426,11.49647331237793,11.845799446105957,0.3234448730945587,0.3181880712509155,0.8357787132263184,11.206253051757812,0,0.20916707813739777,12.012553215026855,7.164402008056641,37,25,30,0,
2025-12-30 10:29:19.098000,8d,Toxicity,Original,,125.5113525390625,2.4606757164001465,299.3006591796875,0.47389787435531616,0.5090914368629456,0.808846116065979,11.153897285461426,15.03600025177002,16.111114501953125,0.25713610649108887,0.2601984739303589,1.0865167379379272,10.445656776428223,0,0.1770801842212677,12.908162117004395,7.8507490158081055,37,25,30,0,
2025-12-30 10:29:21.098000,8d,Toxicity,Original,,242.49954223632812,1.4103904962539673,310.3263854980469,0.5331589579582214,0.6086361408233643,0.6063525676727295,11.153897285461426,17.66729736328125,16.41375160217285,0.12329772859811783,0.14896826446056366,1.2627471685409546,7.92176628112793,0,0.0954509824514389,13.607037544250488,11.876236915588379,37,25,30,40,
2025-12-30 10:29:23.098000,8d,Toxicity,Original,,181.84674072265625,1.8466949462890625,328.8449401855469,0.38661447167396545,0.5205541253089905,0.8039987683296204,11.153897285461426,18.687850952148438,14.517487525939941,0.15754641592502594,0.17597635090351105,1.025485873222351,8.971224784851074,0,0.11885831505060196,13.779282569885254,10.443123817443848,37,25,30,57.14285659790039,
2025-12-30 10:29:23.098000,FinePointe Series WBP [SN 139781]  Site 2 Bias Flow is out of range.,,,,,,,,,,,,,,,,,,,,,,,,,
2025-12-30 10:29:25.098000,8d,Toxicity,Original,,329.70233154296875,1.162173867225647,350.4923400878906,0.5098801255226135,0.5845154523849487,0.68604975938797,11.153897285461426,18.40353012084961,15.933595657348633,0.09743238240480423,0.09530317038297653,1.284280776977539,6.08238410949707,0,0.06251519173383713,16.150455474853516,11.494354248046875,37,25,30,58.33333206176758,
2025-12-30 10:29:25.098000,FinePointe Series WBP [SN 139781]  Site 1 Bias Flow is out of range.,,,,,,,,,,,,,,,,,,,,,,,,,
2025-12-30 10:29:25.098000,FinePointe Series WBP [SN 139781]  Site 3 Bias Flow is out of range.,,,,,,,,,,,,,,,,,,,,,,,,,
2025-12-30 10:29:25.098000,FinePointe Series WBP [SN 10499C]  Site 3 Bias Flow is out of range.,,,,,,,,,,,,,,,,,,,,,,,,,
2025-12-30 10:29:25.098000,FinePointe Series WBP [SN 139781]  Site 4 Bias Flow is out of range.,,,,,,,,,,,,,,,,,,,,,,,,,
2025-12-30 10:29:27.098000,8d,Toxicity,Original,,156.56884765625,2.432340383529663,370.8023986816406,0.22251619398593903,0.539655327796936,0.6457082629203796,11.153897285461426,22.923458099365234,10.580434799194336,0.17294025421142578,0.23153485357761383,0.6251283884048462,16.518131256103516,0,0.1540437638759613,11.791448593139648,9.854498863220215,37,25,30,25,
2025-12-30 10:29:29.098000,8d,Toxicity,Original,,81.86688232421875,2.2417898178100586,182.54196166992188,0.6331499814987183,0.7299702167510986,0.506008505821228,11.153897285461426,9.036705017089844,8.47335433959961,0.3668081760406494,0.3690045475959778,0.5595052242279053,9.8568115234375,0,0.22046148777008057,9.259271621704102,7.639629364013672,37,25,30,0,
2025-12-30 10:29:31.098000,8d,Toxicity,Original,,124.27741241455078,2.510261058807373,304.5268859863281,0.5259742140769958,0.511692225933075,0.8000108599662781,11.153897285461426,14.340734481811523,17.031356811523438,0.2805228531360626,0.2356368750333786,1.135416030883789,11.207186698913574,0,0.16353441774845123,16.709827423095703,7.706661224365234,37,25,30,40,
2025-12-30 10:29:33.098000,8d,Toxicity,Original,,169.1835479736328,2.231045961380005,377.79498291015625,0.39329710602760315,0.4128163754940033,0.7736955285072327,11.153897285461426,22.556217193603516,21.095996856689453,0.16544854640960693,0.19144456088542938,1.571123480796814,19.432872772216797,0,0.1392568200826645,21.394067764282227,10.492088317871094,37,25,30,0,
2025-12-30 10:29:33.098000,FinePointe Series WBP [SN 139781]  Site 2 Bias Flow is out of range.,,,,,,,,,,,,,,,,,,,,,,,,,
2025-12-30 10:29:33.098000,FinePointe Series WBP [SN 10499C]  Site 3 Bias Flow is out of range.,,,,,,,,,,,,,,,,,,,,,,,,,
2025-12-30 10:29:35.098000,8d,Toxicity,Original,,128.5956268310547,2.3936710357666016,287.3689270019531,0.4418990910053253,0.741659939289093,0.7368806600570679,11.153897285461426,17.010404586791992,11.023420333862305,0.2201615422964096,0.3064802885055542,0.8221222758293152,12.213301658630371,0,0.17473545670509338,10.094219207763672,13.790160179138184,37,25,30,40,
2025-12-30 10:29:35.098000,FinePointe Series WBP [SN 139781]  Site 1 Bias Flow is out of range.,,,,,,,,,,,,,,,,,,,,,,,,,
2025-12-30 10:29:35.098000,FinePointe Series WBP [SN 139781]  Site 3 Bias Flow is out of range.,,,,,,,,,,,,,,,,,,,,,,,,,
2025-12-30 10:29:35.098000,FinePointe Series WBP [SN 139781]  Site 4 Bias Flow is out of range.,,,,,,,,,,,,,,,,,,,,,,,,,
2025-12-30 10:29:37.098000,8d,Toxicity,Original,,89.73470306396484,3.184542179107666,285.7314758300781,0.4123728275299072,0.6542603969573975,0.8541312217712402,11.153897285461426,12.893170356750488,10.262085914611816,0.3549359440803528,0.31702521443367004,0.5927574634552002,14.267086029052734,0,0.20297618210315704,10.944649696350098,7.445785999298096,37,25,30,0,
2025-12-30 10:29:39.098000,8d,Toxicity,Original,,93.64924621582031,2.676950693130493,250.7350616455078,0.5394395589828491,0.551511287689209,0.8098083734512329,11.153897285461426,11.692039489746094,13.499565124511719,0.33882516622543335,0.3018905520439148,0.833465576171875,11.393056869506836,0,0.20428216457366943,14.277545928955078,6.427591323852539,37,25,30,0,
2025-12-30 10:29:41.098000,8d,Toxicity,Original,,182.79959106445312,2.420301914215088,442.43017578125,0.5004447102546692,0.5049198865890503,0.7381858229637146,11.153897285461426,18.764249801635742,17.93765640258789,0.1954704225063324,0.13275790214538574,1.3419924974441528,7.994876384735107,0,0.09104005247354507,13.854960441589355,7.686121940612793,37,25,30,50,
2025-12-30 10:29:43.098000,8d,Toxicity,Original,,172.30564880371094,2.1068365573883057,363.1496887207031,0.3282255232334137,0.43219342827796936,0.8054436445236206,11.153897285461426,20.14102554321289,16.011642456054688,0.1650608330965042,0.18487213551998138,1.150205373764038,13.779818534851074,0,0.13342292606830597,17.095836639404297,8.29149341583252,37,25,30,37.5,
2025-12-30 10:29:43.098000,FinePointe Series WBP [SN 139781]  Site 2 Bias Flow is out of range.,,,,,,,,,,,,,,,,,,,,,,,,,
2025-12-30 10:29:43.098000,FinePointe Series WBP [SN 139781]  Site 1 Bias Flow is out of range.,,,,,,,,,,,,,,,,,,,,,,,,,
2025-12-30 10:29:43.098000,FinePointe Series WBP [SN 10499C]  Site 3 Bias Flow is out of range.,,,,,,,,,,,,,,,,,,,,,,,,,
2025-12-30 10:29:45.098000,8d,Toxicity,Original,,144.81268310546875,2.0046303272247314,291.15081787109375,0.37369662523269653,0.46529123187065125,0.8505118489265442,11.153897285461426,18.17580795288086,15.756060600280762,0.1799987554550171,0.23761142790317535,1.0284266471862793,12.155930519104004,0,0.16599157452583313,11.220226287841797,6.372918128967285,37,25,30,25,
2025-12-30 10:29:45.098000,FinePointe Series WBP [SN 139781]  Site 3 Bias Flow is out of range.,,,,,,,,,,,,,,,,,,,,,,,,,
2025-12-30 10:29:45.098000,FinePointe Series WBP [SN 139781]  Site 4 Bias Flow is out of range.,,,,,,,,,,,,,,,,,,,,,,,,,
2025-12-30 10:29:47.098000,8d,Toxicity,Original,,85.81649780273438,2.816718578338623,241.72161865234375,0.4931432604789734,0.6316237449645996,0.8813432455062866,11.153897285461426,10.870036125183105,9.921009063720703,0.3816377818584442,0.31776708364486694,0.5350667834281921,12.458984375,0,0.20303308963775635,9.587265968322754,5.517551422119141,37,25,30,50,
2025-12-30 10:29:49.098000,8d,Toxicity,Original,,155.30905151367188,2.1989243030548096,330.6658020019531,0.41702502965927124,0.4807475805282593,0.7511798143386841,11.153897285461426,16.88835906982422,14.834467887878418,0.20225933194160461,0.20580434799194336,0.9822686314582825,10.777000427246094,0,0.1433073729276657,13.648309707641602,9.580303192138672,37,25,30,0,
2025-12-30 10:29:53.098000,8d,Toxicity,Original,,95.84184265136719,2.808910846710205,269.6140441894531,0.4188983142375946,0.5814105272293091,0.8345851302146912,11.153897285461426,12.904239654541016,11.47384262084961,0.32607775926589966,0.3008132874965668,0.6713811159133911,11.04744815826416,0,0.19782067835330963,12.507070541381836,5.8499650955200195,37,25,30,66.66666412353516,
2025-12-30 10:29:53.098000,FinePointe Series WBP [SN 139781]  Site 2 Bias Flow is out of range.,,,,,,,,,,,,,,,,,,,,,,,,,
2025-12-30 10:29:55.098000,8d,Toxicity,Original,,97.40496063232422,2.7709851264953613,269.757080078125,0.4102059006690979,0.5731664299964905,0.8285460472106934,11.153897285461426,12.56161117553711,10.90627384185791,0.32335546612739563,0.29294347763061523,0.7041093707084656,11.407571792602539,0,0.1938224583864212,11.723078727722168,7.440544128417969,37,25,30,0,
2025-12-30 10:29:55.098000,FinePointe Series WBP [SN 139781]  Site 1 Bias Flow is out of range.,,,,,,,,,,,,,,,,,,,,,,,,,
2025-12-30 10:29:55.098000,FinePointe Series WBP [SN 139781]  Site 3 Bias Flow is out of range.,,,,,,,,,,,,,,,,,,,,,,,,,
2025-12-30 10:29:55.098000,FinePointe Series WBP [SN 10499C]  Site 3 Bias Flow is out of range.,,,,,,,,,,,,,,,,,,,,,,,,,
2025-12-30 10:29:57.098000,8d,Toxicity,Original,,96.42837524414062,2.68568754196167,258.45751953125,0.4464960992336273,0.5500350594520569,0.8206260204315186,11.153897285461426,12.483691215515137,12.32109546661377,0.3228602111339569,0.29977816343307495,0.8971331715583801,13.741653442382812,0,0.20353206992149353,16.008790969848633,7.227602005004883,37,25,30,0,
2025-12-30 10:29:57.098000,FinePointe Series WBP [SN 139781]  Site 4 Bias Flow is out of range.,,,,,,,,,,,,,,,,,,,,,,,,,
2025-12-30 10:29:59.098000,8d,Toxicity,Original,,95.30368041992188,2.380239486694336,226.67018127441406,0.592965304851532,0.5980030298233032,0.8251291513442993,11.153897285461426,10.591073036193848,12.554654121398926,0.32114824652671814,0.3088543713092804,0.9198563098907471,8.88938045501709,0,0.2009243369102478,12.235851287841797,7.175393581390381,37,25,30,0,
2025-12-30 10:30:01.098000,8d,Toxicity,Original,,174.5534210205078,1.9569379091262817,306.57257080078125,0.4874676465988159,0.5248342156410217,0.7536274790763855,11.153897285461426,15.482266426086426,15.624520301818848,0.20408661663532257,0.18896368145942688,1.1283786296844482,11.504576683044434,0,0.12916216254234314,16.025785446166992,9.448203086853027,37,25,30,0,
2025-12-30 10:30:03.098000,8d,Toxicity,Original,,178.6995849609375,1.8174209594726562,314.69879150390625,0.33120080828666687,0.4774963855743408,0.7794854044914246,11.153897285461426,18.98959732055664,14.131370544433594,0.16074052453041077,0.18651357293128967,1.032888412475586,11.460026741027832,0,0.12923090159893036,18.512929916381836,9.632102966308594,37,25,30,28.571428298950195,
2025-12-30 10:30:03.098000,FinePointe Series WBP [SN 139781]  Site 2 Bias Flow is out of range.,,,,,,,,,,,,,,,,,,,,,,,,,
2025-12-30 10:30:05.098000,8d,Toxicity,Original,,170.96624755859375,1.3503843545913696,230.87014770507812,0.37062621116638184,0.3777824938297272,0.810023844242096,11.153897285461426,11.430747032165527,11.935086250305176,0.18305017054080963,0.1678963005542755,0.7500726580619812,19.092533111572266,0,0.12798939645290375,19.879743576049805,7.074201583862305,37,25,30,0,
2025-12-30 10:30:05.098000,FinePointe Series WBP [SN 139781]  Site 1 Bias Flow is out of range.,,,,,,,,,,,,,,,,,,,,,,,,,
2025-12-30 10:30:05.098000,FinePointe Series WBP [SN 139781]  Site 3 Bias Flow is out of range.,,,,,,,,,,,,,,,,,,,,,,,,,
2025-12-30 10:30:05.098000,FinePointe Series WBP [SN 10499C]  Site 3 Bias Flow is out of range.,,,,,,,,,,,,,,,,,,,,,,,,,
2025-12-30 10:30:05.098000,FinePointe Series WBP [SN 139781]  Site 4 Bias Flow is out of range.,,,,,,,,,,,,,,,,,,,,,,,,,
2025-12-30 10:30:07.098000,8d,Toxicity,Original,,104.52151489257812,3.044132709503174,321.7045593261719,0.29620760679244995,0.4402041435241699,0.8683419823646545,11.153897285461426,16.588932037353516,12.785670280456543,0.29277798533439636,0.29194146394729614,0.6264598369598389,16.069915771484375,0,0.21110159158706665,10.369847297668457,4.1787896156311035,37,25,30,33.33333206176758,
2025-12-30 10:30:09.098000,8d,Toxicity,Original,,140.90650939941406,2.134883165359497,290.33203125,0.3892907500267029,0.47925353050231934,0.8435112237930298,11.153897285461426,16.80329704284668,15.174456596374512,0.18940956890583038,0.24264587461948395,1.0002073049545288,11.979543685913086,0,0.16775453090667725,13.07710075378418,7.363513946533203,37,25,30,0,
2025-12-30 10:30:11.098000,8d,Toxicity,Original,,185.92718505859375,2.1368463039398193,370.9872131347656,0.3554244935512543,0.42860209941864014,0.7861589789390564,11.153897285461426,20.740751266479492,17.719545364379883,0.15961645543575287,0.18398374319076538,1.2707631587982178,36.32273483276367,0,0.1356535702943802,22.428619384765625,7.31404972076416,37,25,30,33.33333206176758,
2025-12-30 10:30:13.098000,8d,Toxicity,Original,,163.5807342529297,1.8438047170639038,299.84454345703125,0.3468586802482605,0.49103328585624695,0.7892425060272217,11.153897285461426,15.926779747009277,12.75534439086914,0.18015003204345703,0.19943112134933472,0.9558092951774597,15.153739929199219,0,0.13785426318645477,16.639028549194336,10.77423095703125,37,25,30,50,
2025-12-30 10:30:13.098000,FinePointe Series WBP [SN 139781]  Site 2 Bias Flow is out of range.,,,,,,,,,,,,,,,,,,,,,,,,,
2025-12-30 10:30:15.098000,8d,Toxicity,Original,,88.96673583984375,2.5347952842712402,225.29884338378906,0.4534221589565277,0.5872595310211182,0.8427013158798218,11.153897285461426,12.044365882873535,10.493532180786133,0.3582826852798462,0.31677788496017456,0.6082763671875,13.32241439819336,0,0.2121291607618332,11.786687850952148,7.782177925109863,37,25,30,33.33333206176758,
2025-12-30 10:30:15.098000,FinePointe Series WBP [SN 139781]  Site 1 Bias Flow is out of range.,,,,,,,,,,,,,,,,,,,,,,,,,
2025-12-30 10:30:15.098000,FinePointe Series WBP [SN 139781]  Site 3 Bias Flow is out of range.,,,,,,,,,,,,,,,,,,,,,,,,,
2025-12-30 10:30:15.098000,FinePointe Series WBP [SN 10499C]  Site 3 Bias Flow is out of range.,,,,,,,,,,,,,,,,,,,,,,,,,
2025-12-30 10:30:15.098000,FinePointe Series WBP [SN 139781]  Site 4 Bias Flow is out of range.,,,,,,,,,,,,,,,,,,,,,,,,,
2025-12-30 10:30:17.098000,8d,Toxicity,Original,,133.75247192382812,2.5663247108459473,339.252685546875,0.40887022018432617,0.47824588418006897,0.8224543929100037,11.153897285461426,17.85735511779785,16.487245559692383,0.22137722373008728,0.2343951314687729,1.0962061882019043,10.039628982543945,0,0.16302473843097687,13.147554397583008,8.810813903808594,37,25,30,0,
2025-12-30 10:30:19.098000,8d,Toxicity,Original,,81.90074157714844,2.413233757019043,197.04806518554688,0.6346805095672607,0.7153323292732239,0.8753957748413086,11.153897285461426,11.003665924072266,10.765378952026367,0.3594138026237488,0.375749409198761,0.7251863479614258,9.343589782714844,0,0.22700271010398865,11.684947967529297,8.125102043151855,37,25,30,33.33333206176758,
2025-12-30 10:30:21.098000,8d,Toxicity,Original,,91.31987762451172,2.8527987003326416,260.4649963378906,0.4515902101993561,0.5725318193435669,0.8432203531265259,11.153897285461426,12.384634017944336,12.163204193115234,0.3292628228664398,0.32799962162971497,0.7870157361030579,9.433138847351074,0,0.21527260541915894,11.425482749938965,5.8164825439453125,37,25,30,0,
2025-12-30 10:30:23.098000,8d,Toxicity,Original,,95.16556549072266,2.8214166164398193,268.19232177734375,0.4787771701812744,0.5589239597320557,0.8431152105331421,11.153897285461426,12.610017776489258,13.373952865600586,0.327043354511261,0.30454152822494507,0.7707145810127258,9.817998886108398,0,0.20187591016292572,10.998190879821777,6.075954914093018,37,25,30,0,
2025-12-30 10:30:23.098000,FinePointe Series WBP [SN 139781]  Site 2 Bias Flow is out of range.,,,,,,,,,,,,,,,,,,,,,,,,,
2025-12-30 10:30:25.098000,8d,Toxicity,Original,,152.40863037109375,2.107900381088257,310.21014404296875,0.4048977196216583,0.49291908740997314,0.7984846234321594,11.153897285461426,17.594572067260742,15.426347732543945,0.18209867179393768,0.22280073165893555,1.093889832496643,13.2296781539917,2.60197377204895,0.15305252373218536,14.609172821044922,8.52387809753418,37,25,30,20,
2025-12-30 10:30:25.098000,FinePointe Series WBP [SN 139781]  Site 1 Bias Flow is out of range.,,,,,,,,,,,,,,,,,,,,,,,,,
2025-12-30 10:30:25.098000,FinePointe Series WBP [SN 139781]  Site 3 Bias Flow is out of range.,,,,,,,,,,,,,,,,,,,,,,,,,
2025-12-30 10:30:25.098000,FinePointe Series WBP [SN 10499C]  Site 3 Bias Flow is out of range.,,,,,,,,,,,,,,,,,,,,,,,,,
2025-12-30 10:30:25.098000,FinePointe Series WBP [SN 139781]  Site 4 Bias Flow is out of range.,,,,,,,,,,,,,,,,,,,,,,,,,
2025-12-30 10:30:27.098000,8d,Toxicity,Original,,157.3034210205078,1.9241284132003784,285.23260498046875,0.3368171155452728,0.5195191502571106,0.8208272457122803,11.153897285461426,19.075197219848633,13.928709030151367,0.16247478127479553,0.2365148663520813,0.9848255515098572,13.715936660766602,0,0.15889400243759155,13.18285083770752,9.30459976196289,37,25,30,25,
2025-12-30 10:30:29.098000,8d,Toxicity,Original,,84.52670288085938,2.801697015762329,236.4085235595703,0.4031514823436737,0.6076842546463013,0.7429894208908081,11.153897285461426,12.637779235839844,10.584874153137207,0.36012065410614014,0.35282883048057556,0.7954269647598267,11.961846351623535,0,0.229220449924469,11.972280502319336,7.208141326904297,37,25,30,0,
2025-12-30 10:30:31.098000,8d,Toxicity,Original,,249.99354553222656,1.5003585815429688,192.06289672851562,0.4065316915512085,0.5711196064949036,0.6705926060676575,11.153897285461426,11.343538284301758,9.557867050170898,0.20347340404987335,0.2021900862455368,0.753418505191803,10.190561294555664,0,0.13894253969192505,15.958745956420898,9.734525680541992,37,25,30,50,
2025-12-30 10:30:33.098000,8d,Toxicity,Original,,304.1181945800781,1.2626235485076904,291.9014892578125,0.416950523853302,0.48909157514572144,0.7577013373374939,11.153897285461426,15.954915046691895,11.98390007019043,0.1153295487165451,0.121201291680336,0.8609219193458557,12.034697532653809,0,0.08701609820127487,18.599319458007812,12.664928436279297,37,25,30,60,
2025-12-30 10:30:33.098000,FinePointe Series WBP [SN 139781]  Site 2 Bias Flow is out of range.,,,,,,,,,,,,,,,,,,,,,,,,,
2025-12-30 10:30:35.098000,8d,Toxicity,Original,,76.55085754394531,2.71728253364563,208.0102996826172,0.40360286831855774,0.4675244688987732,0.8793836236000061,11.153897285461426,10.6726713180542,12.179222106933594,0.4085298478603363,0.3752628564834595,0.6301776766777039,16.13399314880371,0,0.2665291130542755,11.166816711425781,0.7888104915618896,37,25,30,83.33333587646484,
2025-12-30 10:30:35.098000,FinePointe Series WBP [SN 139781]  Site 1 Bias Flow is out of range.,,,,,,,,,,,,,,,,,,,,,,,,,
2025-12-30 10:30:35.098000,FinePointe Series WBP [SN 139781]  Site 3 Bias Flow is out of range.,,,,,,,,,,,,,,,,,,,,,,,,,
2025-12-30 10:30:35.098000,FinePointe Series WBP [SN 10499C]  Site 3 Bias Flow is out of range.,,,,,,,,,,,,,,,,,,,,,,,,,
2025-12-30 10:30:35.098000,FinePointe Series WBP [SN 139781]  Site 4 Bias Flow is out of range.,,,,,,,,,,,,,,,,,,,,,,,,,
2025-12-30 10:30:37.098000,8d,Toxicity,Original,,103.09857177734375,3.5859525203704834,371.4345397949219,0.287206768989563,0.4055546522140503,0.8698746562004089,11.153897285461426,17.70835304260254,14.739285469055176,0.3120192885398865,0.27584266662597656,0.6402575969696045,18.329334259033203,0,0.20383135974407196,12.740771293640137,3.085423231124878,37,25,30,0,
2025-12-30 10:30:39.098000,8d,Toxicity,Original,,169.06619262695312,2.0401620864868164,328.20489501953125,0.39113473892211914,0.44510048627853394,0.8144713044166565,11.153897285461426,18.47599220275879,17.125036239624023,0.16776862740516663,0.2002941370010376,1.1766669750213623,15.21282958984375,0,0.14326664805412292,17.04481315612793,8.036641120910645,37,25,30,16.66666603088379,
2025-12-30 10:30:41.098000,8d,Toxicity,Original,,231.2066192626953,1.561603307723999,341.84149169921875,0.3333251476287842,0.48554307222366333,0.7057098746299744,11.153897285461426,19.928773880004883,13.937494277954102,0.12670019268989563,0.14104770123958588,1.109528660774231,13.610897064208984,0,0.09822281450033188,20.076265335083008,12.41348934173584,37,25,30,40,
2025-12-30 10:30:43.098000,8d,Toxicity,Original,,89.55064392089844,2.767514228820801,248.0259552001953,0.5525767803192139,0.9524668455123901,0.9019565582275391,11.153897285461426,13.075347900390625,9.263463973999023,0.32072532176971436,0.3492940664291382,0.48224225640296936,13.727798461914062,0,0.18818707764148712,9.888562202453613,13.438214302062988,37,25,30,50,
2025-12-30 10:30:43.098000,FinePointe Series WBP [SN 139781]  Site 2 Bias Flow is out of range.,,,,,,,,,,,,,,,,,,,,,,,,,
2025-12-30 10:30:43.098000,FinePointe Series WBP [SN 10499C]  Site 3 Bias Flow is out of range.,,,,,,,,,,,,,,,,,,,,,,,,,
2025-12-30 10:30:45.098000,8d,Toxicity,Original,,145.93606567382812,2.5234038829803467,355.49395751953125,0.3557083010673523,0.43220996856689453,0.8325712084770203,11.153897285461426,18.809263229370117,16.622180938720703,0.21305955946445465,0.2173440158367157,1.0359718799591064,14.45434284210205,0,0.15620610117912292,14.781155586242676,6.574747085571289,37,25,30,0,
2025-12-30 10:30:45.098000,FinePointe Series WBP [SN 139781]  Site 1 Bias Flow is out of range.,,,,,,,,,,,,,,,,,,,,,,,,,
2025-12-30 10:30:45.098000,FinePointe Series WBP [SN 139781]  Site 3 Bias Flow is out of range.,,,,,,,,,,,,,,,,,,,,,,,,,
2025-12-30 10:30:45.098000,FinePointe Series WBP [SN 139781]  Site 4 Bias Flow is out of range.,,,,,,,,,,,,,,,,,,,,,,,,,
2025-12-30 10:30:47.098000,8d,Toxicity,Original,,80.18550109863281,2.1741867065429688,174.3495635986328,0.6841840744018555,0.6895662546157837,0.6257086992263794,11.153897285461426,9.559917449951172,11.012414932250977,0.3640868663787842,0.3846873641014099,0.7646127939224243,12.658772468566895,0,0.24214640259742737,13.259331703186035,9.5779390335083,37,25,30,33.33333206176758,
2025-12-30 10:30:49.098000,8d,Toxicity,Original,,84.2889175415039,2.4607343673706055,207.50990295410156,0.6472097039222717,0.6600013971328735,0.8648563027381897,11.153897285461426,10.338094711303711,11.54128360748291,0.35676926374435425,0.3562435507774353,0.7532126307487488,10.442573547363281,0,0.2255372256040573,11.002223014831543,6.302981853485107,37,25,30,0,
2025-12-30 10:30:51.098000,8d,Toxicity,Original,,88.61219024658203,3.006330966949463,266.7511291503906,0.4220619797706604,0.5593637824058533,0.8457541465759277,11.153897285461426,12.676517486572266,12.10904598236084,0.36161008477211,0.3162669241428375,0.7223866581916809,12.840860366821289,0,0.21232761442661285,13.333962440490723,6.163226127624512,37,25,30,0,
2025-12-30 10:30:53.098000,8d,Toxicity,Original,,90.66534423828125,2.7714736461639404,251.49786376953125,0.5048216581344604,0.6009606719017029,0.8506032824516296,11.153897285461426,11.963224411010742,12.274947166442871,0.3366861641407013,0.3258801996707916,0.7486569881439209,11.459212303161621,0,0.21217112243175507,11.307042121887207,6.8374528884887695,37,25,30,0,
2025-12-30 10:30:53.098000,FinePointe Series WBP [SN 139781]  Site 2 Bias Flow is out of range.,,,,,,,,,,,,,,,,,,,,,,,,,
2025-12-30 10:30:55.098000,8d,Toxicity,Original,,91.05365753173828,2.6326558589935303,239.85415649414062,0.46688002347946167,0.5137572884559631,0.8393268585205078,11.153897285461426,11.328591346740723,12.88099193572998,0.3555447459220886,0.3037680983543396,0.916305661201477,12.330181121826172,0,0.21017006039619446,15.303699493408203,6.713834762573242,37,25,30,0,
2025-12-30 10:30:55.098000,FinePointe Series WBP [SN 139781]  Site 1 Bias Flow is out of range.,,,,,,,,,,,,,,,,,,,,,,,,,
2025-12-30 10:30:55.098000,FinePointe Series WBP [SN 10499C]  Site 3 Bias Flow is out of range.,,,,,,,,,,,,,,,,,,,,,,,,,
2025-12-30 10:30:55.098000,FinePointe Series WBP [SN 139781]  Site 3 Bias Flow is out of range.,,,,,,,,,,,,,,,,,,,,,,,,,
2025-12-30 10:30:57.098000,8d,Toxicity,Original,,96.40778350830078,2.559830665588379,247.0102996826172,0.4684741795063019,0.5703883767127991,0.8534990549087524,11.153897285461426,13.348287582397461,13.122167587280273,0.3126037120819092,0.3150826096534729,0.7618169784545898,11.366039276123047,0,0.20801912248134613,11.377840995788574,6.663608074188232,37,25,30,0,
2025-12-30 10:30:57.098000,FinePointe Series WBP [SN 139781]  Site 4 Bias Flow is out of range.,,,,,,,,,,,,,,,,,,,,,,,,,
2025-12-30 10:30:59.098000,8d,Toxicity,Original,,164.8800048828125,2.157147169113159,349.81744384765625,0.38509923219680786,0.495577871799469,0.7754371762275696,11.153897285461426,17.614046096801758,13.696863174438477,0.18285807967185974,0.1897979974746704,1.021527886390686,11.500006675720215,0,0.13062234222888947,14.51334285736084,9.534036636352539,37,25,30,0,
2025-12-30 10:31:01.098000,8d,Toxicity,Original,,135.19686889648438,2.2163851261138916,298.423828125,0.34642207622528076,0.4854370355606079,0.8669962882995605,11.153897285461426,18.190448760986328,14.3455228805542,0.18697603046894073,0.2600768208503723,0.8078629970550537,11.774781227111816,0,0.17962053418159485,11.889288902282715,5.836978912353516,37,25,30,16.66666603088379,
2025-12-30 10:31:03.098000,8d,Toxicity,Original,,79.87068176269531,1.846605658531189,147.48963928222656,0.6515091061592102,0.938811719417572,0.8262916207313538,11.153897285461426,11.873030662536621,6.357733726501465,0.25986236333847046,0.4913519620895386,0.3252565860748291,15.430767059326172,0,0.25981608033180237,1.376375675201416,12.50566291809082,37,25,30,66.66666412353516,
2025-12-30 10:31:03.098000,FinePointe Series WBP [SN 139781]  Site 2 Bias Flow is out of range.,,,,,,,,,,,,,,,,,,,,,,,,,
2025-12-30 10:31:05.098000,8d,Toxicity,Original,,73.02560424804688,3.072157144546509,224.34613037109375,0.3025202453136444,0.5331332683563232,0.9150062203407288,11.153897285461426,13.350866317749023,10.519848823547363,0.4063318967819214,0.4152977168560028,0.354555606842041,21.676410675048828,0,0.27836018800735474,5.030533313751221,,37,25,30,0,
2025-12-30 10:31:05.098000,FinePointe Series WBP [SN 139781]  Site 1 Bias Flow is out of range.,,,,,,,,,,,,,,,,,,,,,,,,,
2025-12-30 10:31:05.098000,FinePointe Series WBP [SN 139781]  Site 3 Bias Flow is out of range.,,,,,,,,,,,,,,,,,,,,,,,,,
2025-12-30 10:31:05.098000,FinePointe Series WBP [SN 10499C]  Site 3 Bias Flow is out of range.,,,,,,,,,,,,,,,,,,,,,,,,,
2025-12-30 10:31:07.098000,8d,Toxicity,Original,,60.11872100830078,5.152481555938721,273.6217956542969,0.7851759195327759,0.9803106784820557,0.4652063846588135,11.153897285461426,24.52440071105957,14.577533721923828,0.38147664070129395,0.6708742380142212,0.7589482069015503,7.214433193206787,0,0.33761993050575256,0.7526947259902954,11.9337158203125,37,25,30,50,
2025-12-30 10:31:07.098000,FinePointe Series WBP [SN 139781]  Site 4 Bias Flow is out of range.,,,,,,,,,,,,,,,,,,,,,,,,,
2025-12-30 10:31:09.098000,8d,Toxicity,Original,,96.173828125,2.6159374713897705,251.09251403808594,0.4579985439777374,0.49856728315353394,0.8635857105255127,11.153897285461426,13.197277069091797,14.054519653320312,0.29247990250587463,0.34495478868484497,0.7465636134147644,9.426968574523926,0,0.23619747161865234,7.6182026863098145,4.65833854675293,37,25,30,0,
2025-12-30 10:31:11.098000,8d,Toxicity,Original,,187.22201538085938,2.1254734992980957,383.74688720703125,0.3875638246536255,0.4598601162433624,0.7727953195571899,11.153897285461426,20.251710891723633,17.66820526123047,0.16507014632225037,0.16967476904392242,1.311424970626831,12.952132225036621,0,0.1206832304596901,17.99971580505371,9.025999069213867,37,25,30,16.66666603088379,
2025-12-30 10:31:13.098000,8d,Toxicity,Original,,107.09259796142578,2.0860393047332764,211.62484741210938,0.4741738736629486,0.7715679407119751,0.8966960906982422,11.153897285461426,15.403810501098633,10.650871276855469,0.21818596124649048,0.36382755637168884,0.5701307654380798,10.480938911437988,0,0.21100753545761108,5.675694465637207,10.98042106628418,37,25,30,50,
2025-12-30 10:31:13.098000,FinePointe Series WBP [SN 139781]  Site 2 Bias Flow is out of range.,,,,,,,,,,,,,,,,,,,,,,,,,
2025-12-30 10:31:13.098000,FinePointe Series WBP [SN 139781]  Site 1 Bias Flow is out of range.,,,,,,,,,,,,,,,,,,,,,,,,,
2025-12-30 10:31:13.098000,FinePointe Series WBP [SN 139781]  Site 3 Bias Flow is out of range.,,,,,,,,,,,,,,,,,,,,,,,,,
2025-12-30 10:31:13.098000,FinePointe Series WBP [SN 10499C]  Site 3 Bias Flow is out of range.,,,,,,,,,,,,,,,,,,,,,,,,,
2025-12-30 10:31:13.098000,FinePointe Series WBP [SN 139781]  Site 4 Bias Flow is out of range.,,,,,,,,,,,,,,,,,,,,,,,,,
2025-12-30 10:31:17.098000,8d,Toxicity,Original,,133.81585693359375,2.596714735031128,338.9815979003906,0.35306474566459656,0.43107476830482483,0.841316282749176,11.153897285461426,18.285642623901367,16.244300842285156,0.2240634709596634,0.24140039086341858,0.932864785194397,12.229793548583984,0,0.17405842244625092,13.413068771362305,6.385608196258545,37,25,30,28.571428298950195,
2025-12-30 10:31:19.098000,8d,Toxicity,Original,,165.56393432617188,1.6761751174926758,273.46820068359375,0.3797628581523895,0.41162705421447754,0.833763837814331,11.153897285461426,15.417640686035156,15.653816223144531,0.17569983005523682,0.19908088445663452,0.9750620722770691,11.68874740600586,0,0.14553768932819366,17.097904205322266,7.197450637817383,37,25,30,60,
2025-12-30 10:31:21.098000,8d,Toxicity,Original,,91.35945892333984,2.5339748859405518,237.75421142578125,0.8885327577590942,1.3319051265716553,0.4503405690193176,11.153897285461426,20.34667205810547,8.409546852111816,0.22123855352401733,0.46025505661964417,0.5906558632850647,10.17279052734375,0,0.20839554071426392,5.103328704833984,24.734689712524414,37,25,30,0,
2025-12-30 10:31:23.098000,8d,Toxicity,Original,,97.97960662841797,2.5592100620269775,251.2857666015625,0.46330785751342773,0.42103812098503113,0.8212157487869263,11.153897285461426,11.60325813293457,15.400707244873047,0.33412086963653564,0.28061503171920776,1.0275721549987793,13.95931625366211,0,0.2055419683456421,16.855823516845703,5.788348197937012,37,25,30,50,
2025-12-30 10:31:23.098000,FinePointe Series WBP [SN 139781]  Site 2 Bias Flow is out of range.,,,,,,,,,,,,,,,,,,,,,,,,,
2025-12-30 10:31:25.098000,8d,Toxicity,Original,,164.79808044433594,1.7487914562225342,283.81463623046875,0.4911031424999237,0.4962254762649536,0.7642354369163513,11.153897285461426,15.275888442993164,15.488017082214355,0.18193350732326508,0.18362252414226532,1.0901988744735718,10.064342498779297,0,0.12647351622581482,15.091803550720215,10.38713550567627,37,25,30,25,
2025-12-30 10:31:25.098000,FinePointe Series WBP [SN 139781]  Site 1 Bias Flow is out of range.,,,,,,,,,,,,,,,,,,,,,,,,,
2025-12-30 10:31:25.098000,FinePointe Series WBP [SN 139781]  Site 3 Bias Flow is out of range.,,,,,,,,,,,,,,,,,,,,,,,,,
2025-12-30 10:31:25.098000,FinePointe Series WBP [SN 10499C]  Site 3 Bias Flow is out of range.,,,,,,,,,,,,,,,,,,,,,,,,,
2025-12-30 10:31:25.098000,FinePointe Series WBP [SN 139781]  Site 4 Bias Flow is out of range.,,,,,,,,,,,,,,,,,,,,,,,,,
2025-12-30 10:31:27.098000,8d,Toxicity,Original,,120.32119750976562,2.3206567764282227,282.1172790527344,0.44019564986228943,0.5857346653938293,0.8506134748458862,11.153897285461426,16.875505447387695,12.167952537536621,0.21091917157173157,0.30622971057891846,0.7167800664901733,9.591054916381836,0,0.19588296115398407,8.410542488098145,8.339677810668945,37,25,30,0,
2025-12-30 10:31:29.098000,8d,Toxicity,Original,,129.67567443847656,2.607573986053467,336.3683166503906,0.36802390217781067,0.42818424105644226,0.8262559771537781,11.153897285461426,16.114484786987305,14.668379783630371,0.2576755881309509,0.24074126780033112,0.8291751742362976,16.049121856689453,0,0.17473824322223663,12.782090187072754,5.364413738250732,37,25,30,20,
2025-12-30 10:31:31.098000,8d,Toxicity,Original,,213.1273651123047,1.6583962440490723,344.70831298828125,0.3403252959251404,0.4250377416610718,0.7870305180549622,11.153897285461426,18.50230598449707,15.204523086547852,0.14463070034980774,0.14192351698875427,1.0539671182632446,18.099674224853516,0,0.10459950566291809,20.204076766967773,8.860130310058594,37,25,30,16.66666603088379,
2025-12-30 10:31:33.098000,8d,Toxicity,Original,,323.6869201660156,0.9195846915245056,294.1593322753906,0.5042422413825989,0.5716060996055603,0.686479389667511,11.153897285461426,15.855645179748535,14.427806854248047,0.0943482294678688,0.09781534969806671,1.1904419660568237,7.079093933105469,0,0.0645245835185051,18.26861000061035,13.224066734313965,37,25,30,20,
2025-12-30 10:31:33.098000,FinePointe Series WBP [SN 139781]  Site 2 Bias Flow is out of range.,,,,,,,,,,,,,,,,,,,,,,,,,
2025-12-30 10:31:35.098000,8d,Toxicity,Original,,154.80615234375,1.3764830827713013,205.2718048095703,0.39068126678466797,0.5860239267349243,0.7015318870544434,11.153897285461426,15.381908416748047,10.696229934692383,0.18167267739772797,0.2772122621536255,0.7323472499847412,10.380644798278809,0,0.1841101050376892,13.544787406921387,8.70406723022461,37,25,30,0,
2025-12-30 10:31:35.098000,FinePointe Series WBP [SN 139781]  Site 1 Bias Flow is out of range.,,,,,,,,,,,,,,,,,,,,,,,,,
2025-12-30 10:31:35.098000,FinePointe Series WBP [SN 139781]  Site 3 Bias Flow is out of range.,,,,,,,,,,,,,,,,,,,,,,,,,
2025-12-30 10:31:35.098000,FinePointe Series WBP [SN 10499C]  Site 3 Bias Flow is out of range.,,,,,,,,,,,,,,,,,,,,,,,,,
2025-12-30 10:31:35.098000,FinePointe Series WBP [SN 139781]  Site 4 Bias Flow is out of range.,,,,,,,,,,,,,,,,,,,,,,,,,
2025-12-30 10:31:37.098000,8d,Toxicity,Original,,125.27920532226562,2.5510525703430176,313.470703125,0.3711276352405548,0.40904882550239563,0.830816388130188,11.153897285461426,16.661277770996094,16.838531494140625,0.24771808087825775,0.24363458156585693,1.0535615682601929,15.519844055175781,0,0.1793769896030426,15.565757751464844,5.916738986968994,37,25,30,0,
2025-12-30 10:31:39.098000,8d,Toxicity,Original,,85.93013000488281,2.747645854949951,235.87673950195312,0.37622010707855225,0.6068345308303833,0.8819754123687744,11.153897285461426,13.495335578918457,10.636340141296387,0.2911379933357239,0.4084373116493225,0.49940451979637146,10.596023559570312,0,0.2606639862060547,7.039834499359131,4.71649694442749,37,25,30,0,
2025-12-30 10:31:41.098000,8d,Toxicity,Original,,111.6484603881836,2.527627944946289,279.9930114746094,0.36611443758010864,0.3960796892642975,0.8597771525382996,11.153897285461426,16.729801177978516,17.495758056640625,0.23043343424797058,0.31161680817604065,0.9316035509109497,11.965124130249023,0,0.22927594184875488,14.381192207336426,4.387292385101318,37,25,30,0,
2025-12-30 10:31:43.098000,8d,Toxicity,Original,,129.68795776367188,2.340714454650879,302.7328796386719,0.487924724817276,0.6406745910644531,0.8254492282867432,11.153897285461426,16.904254913330078,13.847530364990234,0.21265435218811035,0.29644083976745605,1.0724893808364868,9.664499282836914,0,0.18049085140228271,11.555606842041016,10.192680358886719,37,25,30,33.33333206176758,
2025-12-30 10:31:43.098000,FinePointe Series WBP [SN 139781]  Site 2 Bias Flow is out of range.,,,,,,,,,,,,,,,,,,,,,,,,,
2025-12-30 10:31:45.098000,8d,Toxicity,Original,,93.39804077148438,2.9022059440612793,274.14849853515625,0.4533673822879791,0.5357121229171753,0.7570747137069702,11.153897285461426,13.213186264038086,12.611400604248047,0.31962987780570984,0.3265979290008545,0.6479002833366394,11.597027778625488,0,0.2199549525976181,9.951299667358398,5.189655303955078,37,25,30,0,
2025-12-30 10:31:45.098000,FinePointe Series WBP [SN 139781]  Site 1 Bias Flow is out of range.,,,,,,,,,,,,,,,,,,,,,,,,,
2025-12-30 10:31:45.098000,FinePointe Series WBP [SN 139781]  Site 3 Bias Flow is out of range.,,,,,,,,,,,,,,,,,,,,,,,,,
2025-12-30 10:31:45.098000,FinePointe Series WBP [SN 10499C]  Site 3 Bias Flow is out of range.,,,,,,,,,,,,,,,,,,,,,,,,,
2025-12-30 10:31:45.098000,FinePointe Series WBP [SN 139781]  Site 4 Bias Flow is out of range.,,,,,,,,,,,,,,,,,,,,,,,,,
2025-12-30 10:31:47.098000,8d,Toxicity,Original,,93.31814575195312,3.0201916694641113,281.8855285644531,0.35917720198631287,0.5710318088531494,0.8743658065795898,11.153897285461426,14.708256721496582,10.873414993286133,0.3052501082420349,0.3457911014556885,0.6913772821426392,10.928583145141602,0,0.22691509127616882,9.882492065429688,5.939203262329102,37,25,30,0,
2025-12-30 10:31:49.098000,8d,Toxicity,Original,,91.84370422363281,2.704700469970703,247.29444885253906,0.5483059883117676,0.5556986927986145,0.851068913936615,11.153897285461426,11.257798194885254,13.85614013671875,0.3395499885082245,0.3160027861595154,0.8793240785598755,11.681400299072266,0,0.21173247694969177,12.37971019744873,5.8434224128723145,37,25,30,0,
2025-12-30 10:31:51.098000,8d,Toxicity,Original,,103.22052764892578,2.3874239921569824,246.33831787109375,0.5808690786361694,0.47913169860839844,0.8087880611419678,11.153897285461426,12.861417770385742,17.570781707763672,0.2998995780944824,0.2817600965499878,1.059967279434204,13.49272346496582,0,0.19952331483364105,15.60609245300293,6.010188102722168,37,25,30,0,
2025-12-30 10:31:53.098000,8d,Toxicity,Original,,211.45025634765625,1.6504087448120117,349.2669372558594,0.3523878753185272,0.4465779662132263,0.7668630480766296,11.153897285461426,18.60970115661621,14.551248550415039,0.1452578753232956,0.1405075341463089,1.0657432079315186,15.104630470275879,0,0.10132917016744614,19.692991256713867,9.60697078704834,37,25,30,62.5,
2025-12-30 10:31:53.098000,FinePointe Series WBP [SN 139781]  Site 2 Bias Flow is out of range.,,,,,,,,,,,,,,,,,,,,,,,,,
2025-12-30 10:31:53.098000,FinePointe Series WBP [SN 10499C]  Site 3 Bias Flow is out of range.,,,,,,,,,,,,,,,,,,,,,,,,,
2025-12-30 10:31:55.098000,8d,Toxicity,Original,,332.7812805175781,1.0174643993377686,335.9775695800781,0.47378459572792053,0.5463175177574158,0.6843622326850891,11.153897285461426,17.090116500854492,14.334535598754883,0.0922410786151886,0.08962690830230713,1.1588594913482666,6.754152297973633,0,0.05982765555381775,19.083267211914062,12.382743835449219,37,25,30,66.66666412353516,
2025-12-30 10:31:55.098000,FinePointe Series WBP [SN 139781]  Site 1 Bias Flow is out of range.,,,,,,,,,,,,,,,,,,,,,,,,,
2025-12-30 10:31:55.098000,FinePointe Series WBP [SN 139781]  Site 3 Bias Flow is out of range.,,,,,,,,,,,,,,,,,,,,,,,,,
2025-12-30 10:31:55.098000,FinePointe Series WBP [SN 139781]  Site 4 Bias Flow is out of range.,,,,,,,,,,,,,,,,,,,,,,,,,
2025-12-30 10:31:59.098000,8d,Toxicity,Original,,89.85633087158203,3.2074289321899414,282.13946533203125,0.3774389624595642,0.5478835701942444,0.8997557163238525,11.153897285461426,13.439865112304688,12.565753936767578,0.3313283920288086,0.3432060480117798,0.5466238856315613,13.156864166259766,0,0.2295951247215271,7.61654806137085,2.9345555305480957,37,25,30,75,
2025-12-30 10:32:03.098000,8d,Toxicity,Original,,88.23248291015625,2.5516369342803955,225.26046752929688,0.5141866207122803,0.5173124074935913,0.83766108751297,11.153897285461426,11.391048431396484,14.515668869018555,0.3484794795513153,0.3319160044193268,0.8672855496406555,11.437795639038086,0,0.22663797438144684,12.761968612670898,4.884868144989014,37,25,30,71.42857360839844,
2025-12-30 10:32:03.098000,FinePointe Series WBP [SN 139781]  Site 2 Bias Flow is out of range.,,,,,,,,,,,,,,,,,,,,,,,,,
2025-12-30 10:32:05.098000,8d,Toxicity,Original,,127.90762329101562,2.5930087566375732,329.5107116699219,0.35251277685165405,0.4639820158481598,0.8348411917686462,11.153897285461426,18.653202056884766,15.65182876586914,0.21958495676517487,0.25338345766067505,0.9976741075515747,13.89870548248291,0,0.17854179441928864,13.103718757629395,7.295777320861816,37,25,30,0,
2025-12-30 10:32:05.098000,FinePointe Series WBP [SN 139781]  Site 1 Bias Flow is out of range.,,,,,,,,,,,,,,,,,,,,,,,,,
2025-12-30 10:32:05.098000,FinePointe Series WBP [SN 10499C]  Site 3 Bias Flow is out of range.,,,,,,,,,,,,,,,,,,,,,,,,,
2025-12-30 10:32:05.098000,FinePointe Series WBP [SN 139781]  Site 3 Bias Flow is out of range.,,,,,,,,,,,,,,,,,,,,,,,,,
2025-12-30 10:32:07.098000,8d,Toxicity,Original,,145.90536499023438,2.4752209186553955,362.9445495605469,0.2849372327327728,0.4048912227153778,0.8346048593521118,11.153897285461426,19.772876739501953,14.70349407196045,0.20507706701755524,0.2065763920545578,0.9745587706565857,20.639997482299805,0,0.15689393877983093,19.68593978881836,7.400081634521484,37,25,30,0,
2025-12-30 10:32:07.098000,FinePointe Series WBP [SN 139781]  Site 4 Bias Flow is out of range.,,,,,,,,,,,,,,,,,,,,,,,,,
2025-12-30 10:32:09.098000,8d,Toxicity,Original,,73.42252349853516,2.604701280593872,192.12347412109375,0.6758888363838196,0.9038228988647461,0.9175639152526855,11.153897285461426,12.069390296936035,8.857904434204102,0.3561973571777344,0.46136102080345154,0.4700944721698761,9.40506649017334,0,0.2480815052986145,5.691396713256836,12.523778915405273,37,25,30,33.33333206176758,
2025-12-30 10:32:11.098000,8d,Toxicity,Original,,92.06534576416016,3.0108284950256348,276.1699523925781,0.33566275238990784,0.47910192608833313,0.8614686131477356,11.153897285461426,14.344645500183105,12.784180641174316,0.32245519757270813,0.3304005265235901,0.6983917355537415,17.082122802734375,0,0.23166011273860931,12.928597450256348,4.810969829559326,37,25,30,0,
2025-12-30 10:32:13.098000,8d,Toxicity,Original,,93.71794128417969,2.621677875518799,245.39041137695312,0.4825419485569,0.5454534292221069,0.85281902551651,11.153897285461426,12.557694435119629,13.503506660461426,0.31696125864982605,0.32361865043640137,0.8411270380020142,11.617856979370117,0,0.2180325984954834,12.267990112304688,6.040572166442871,37,25,30,0,
2025-12-30 10:32:13.098000,FinePointe Series WBP [SN 139781]  Site 2 Bias Flow is out of range.,,,,,,,,,,,,,,,,,,,,,,,,,
2025-12-30 10:32:15.098000,8d,Toxicity,Original,,92.94328308105469,2.6183359622955322,242.5801544189453,0.49297893047332764,0.5604759454727173,0.8446430563926697,11.153897285461426,12.131731033325195,12.948497772216797,0.33097612857818604,0.31731292605400085,0.876185953617096,11.625347137451172,0,0.21332985162734985,14.24280071258545,5.926540374755859,37,25,30,0,
2025-12-30 10:32:15.098000,FinePointe Series WBP [SN 139781]  Site 1 Bias Flow is out of range.,,,,,,,,,,,,,,,,,,,,,,,,,
2025-12-30 10:32:15.098000,FinePointe Series WBP [SN 139781]  Site 3 Bias Flow is out of range.,,,,,,,,,,,,,,,,,,,,,,,,,
2025-12-30 10:32:15.098000,FinePointe Series WBP [SN 10499C]  Site 3 Bias Flow is out of range.,,,,,,,,,,,,,,,,,,,,,,,,,
2025-12-30 10:32:17.098000,8d,Toxicity,Original,,121.750732421875,2.3722803592681885,285.5324401855469,0.5169810652732849,0.6862779259681702,0.6351723074913025,11.153897285461426,17.284839630126953,12.579072952270508,0.22183330357074738,0.2830539643764496,0.8332618474960327,9.56035327911377,0,0.16899074614048004,8.850922584533691,11.215699195861816,37,25,30,0,
2025-12-30 10:32:17.098000,FinePointe Series WBP [SN 139781]  Site 4 Bias Flow is out of range.,,,,,,,,,,,,,,,,,,,,,,,,,
2025-12-30 10:32:19.098000,8d,Toxicity,Original,,82.36286926269531,2.114122152328491,176.13768005371094,0.39859163761138916,0.5917224884033203,0.8763086199760437,11.153897285461426,10.13271713256836,9.759197235107422,0.34321290254592896,0.3898763060569763,0.4898480772972107,15.086099624633789,0,0.25590571761131287,12.138859748840332,8.091680526733398,37,25,30,0,
2025-12-30 10:32:21.098000,8d,Toxicity,Original,,123.99415588378906,2.6936135292053223,324.60247802734375,0.38465315103530884,0.441339373588562,0.8206776976585388,11.153897285461426,16.239681243896484,15.862981796264648,0.27473321557044983,0.24865955114364624,0.9606969356536865,12.480522155761719,0,0.17748761177062988,15.238494873046875,6.246419429779053,37,25,30,0,
2025-12-30 10:32:23.098000,8d,Toxicity,Original,,199.58480834960938,2.297835350036621,458.613037109375,0.2573980689048767,0.46124595403671265,0.7704786658287048,11.153897285461426,25.65828514099121,14.798794746398926,0.15266411006450653,0.14795997738838196,1.0159282684326172,15.803962707519531,0,0.1055983453989029,20.468358993530273,11.737959861755371,37,25,30,0,
2025-12-30 10:32:23.098000,FinePointe Series WBP [SN 139781]  Site 2 Bias Flow is out of range.,,,,,,,,,,,,,,,,,,,,,,,,,
2025-12-30 10:32:25.098000,8d,Toxicity,Original,,82.93830871582031,2.5589566230773926,213.9415283203125,0.5242459177970886,0.7291473746299744,0.9007503986358643,11.153897285461426,11.871587753295898,8.770378112792969,0.3246705234050751,0.40040674805641174,0.5174592733383179,10.847707748413086,0,0.23694086074829102,4.163902759552002,9.769084930419922,37,25,30,71.42857360839844,
2025-12-30 10:32:25.098000,FinePointe Series WBP [SN 139781]  Site 1 Bias Flow is out of range.,,,,,,,,,,,,,,,,,,,,,,,,,
2025-12-30 10:32:25.098000,FinePointe Series WBP [SN 139781]  Site 3 Bias Flow is out of range.,,,,,,,,,,,,,,,,,,,,,,,,,
2025-12-30 10:32:25.098000,FinePointe Series WBP [SN 10499C]  Site 3 Bias Flow is out of range.,,,,,,,,,,,,,,,,,,,,,,,,,
2025-12-30 10:32:25.098000,FinePointe Series WBP [SN 139781]  Site 4 Bias Flow is out of range.,,,,,,,,,,,,,,,,,,,,,,,,,
2025-12-30 10:32:27.098000,8d,Toxicity,Original,,119.21016693115234,2.9149553775787354,340.66180419921875,0.28490230441093445,0.49708127975463867,0.8803134560585022,11.153897285461426,18.961688995361328,12.504769325256348,0.2235143929719925,0.29697251319885254,0.5673297047615051,11.717087745666504,0,0.2021348923444748,7.498911380767822,4.122114181518555,37,25,30,25,
2025-12-30 10:32:29.098000,8d,Toxicity,Original,,163.7369842529297,1.9484578371047974,316.2560729980469,0.30294269323349,0.3832809329032898,0.8476387858390808,11.153897285461426,18.677520751953125,15.510765075683594,0.15475033223628998,0.21857739984989166,0.8323614597320557,14.472896575927734,0,0.16165870428085327,15.25770378112793,4.810784816741943,37,25,30,0,
2025-12-30 10:32:31.098000,8d,Toxicity,Original,,153.93313598632812,2.0152673721313477,315.19671630859375,0.34606659412384033,0.41498294472694397,0.8348691463470459,11.153897285461426,18.754886627197266,15.966656684875488,0.1804065853357315,0.21637307107448578,0.9434589743614197,14.932130813598633,0,0.1588810235261917,15.49666690826416,6.046311378479004,37,25,30,40,
2025-12-30 10:32:33.098000,8d,Toxicity,Original,,111.7665786743164,2.0779337882995605,214.51283264160156,0.9180436730384827,1.344443917274475,0.5318413376808167,11.153897285461426,17.084808349609375,10.361099243164062,0.2262555956840515,0.3917289972305298,0.6820187568664551,9.555522918701172,0,0.17713427543640137,13.50895881652832,22.5512638092041,37,25,30,25,
2025-12-30 10:32:33.098000,FinePointe Series WBP [SN 139781]  Site 2 Bias Flow is out of range.,,,,,,,,,,,,,,,,,,,,,,,,,
2025-12-30 10:32:35.098000,8d,Toxicity,Original,,87.7314453125,2.764484167098999,243.09764099121094,0.34229812026023865,0.5173832774162292,0.8709338307380676,11.153897285461426,12.928725242614746,10.784774780273438,0.355627179145813,0.33079463243484497,0.47873005270957947,12.977313995361328,0,0.2261480987071991,11.332025527954102,3.7304699420928955,37,25,30,0,
2025-12-30 10:32:35.098000,FinePointe Series WBP [SN 139781]  Site 1 Bias Flow is out of range.,,,,,,,,,,,,,,,,,,,,,,,,,
2025-12-30 10:32:35.098000,FinePointe Series WBP [SN 139781]  Site 3 Bias Flow is out of range.,,,,,,,,,,,,,,,,,,,,,,,,,
2025-12-30 10:32:35.098000,FinePointe Series WBP [SN 10499C]  Site 3 Bias Flow is out of range.,,,,,,,,,,,,,,,,,,,,,,,,,
2025-12-30 10:32:35.098000,FinePointe Series WBP [SN 139781]  Site 4 Bias Flow is out of range.,,,,,,,,,,,,,,,,,,,,,,,,,
2025-12-30 10:32:37.098000,8d,Toxicity,Original,,115.6080093383789,2.59877872467041,299.29315185546875,0.42664143443107605,0.48238837718963623,0.8384301066398621,11.153897285461426,16.525089263916016,16.64120101928711,0.24716822803020477,0.280217707157135,1.0425647497177124,11.947664260864258,0,0.19505631923675537,13.004117965698242,7.033125877380371,37,25,30,0,
2025-12-30 10:32:39.098000,8d,Toxicity,Original,,152.6673126220703,2.2486612796783447,334.1059265136719,0.3875628411769867,0.46794235706329346,0.8282260298728943,11.153897285461426,17.081470489501953,14.688955307006836,0.19786208868026733,0.21374721825122833,1.0044890642166138,15.7706298828125,0,0.1486499309539795,15.839936256408691,7.666602611541748,37,25,30,0,
2025-12-30 10:32:41.098000,8d,Toxicity,Original,,191.93588256835938,1.568843960762024,301.5522155761719,0.3552408218383789,0.4985133409500122,0.8223649263381958,11.153897285461426,18.463638305664062,13.407220840454102,0.1441499888896942,0.17883792519569397,0.8653144240379333,8.075371742248535,0,0.12206357717514038,11.539322853088379,7.380596160888672,37,25,30,60,
2025-12-30 10:32:43.098000,8d,Toxicity,Original,,158.8278350830078,1.630028486251831,202.46786499023438,0.47139161825180054,1.065098762512207,0.38076362013816833,11.153897285461426,15.771005630493164,6.614864349365234,0.16640730202198029,0.2873836159706116,0.461486279964447,13.503034591674805,0,0.14240910112857819,10.547479629516602,29.424575805664062,37,25,30,50,
2025-12-30 10:32:43.098000,FinePointe Series WBP [SN 139781]  Site 2 Bias Flow is out of range.,,,,,,,,,,,,,,,,,,,,,,,,,
2025-12-30 10:32:45.098000,8d,Toxicity,Original,,89.95350646972656,3.0551321506500244,274.81982421875,0.3576773703098297,0.519478440284729,0.8832463622093201,11.153897285461426,14.021906852722168,12.00220012664795,0.32056206464767456,0.34644919633865356,0.6876490712165833,10.050276756286621,0,0.2346411794424057,8.338838577270508,3.5188612937927246,37,25,30,80,
2025-12-30 10:32:45.098000,FinePointe Series WBP [SN 139781]  Site 1 Bias Flow is out of range.,,,,,,,,,,,,,,,,,,,,,,,,,
2025-12-30 10:32:45.098000,FinePointe Series WBP [SN 139781]  Site 3 Bias Flow is out of range.,,,,,,,,,,,,,,,,,,,,,,,,,
2025-12-30 10:32:45.098000,FinePointe Series WBP [SN 10499C]  Site 3 Bias Flow is out of range.,,,,,,,,,,,,,,,,,,,,,,,,,
2025-12-30 10:32:45.098000,FinePointe Series WBP [SN 139781]  Site 4 Bias Flow is out of range.,,,,,,,,,,,,,,,,,,,,,,,,,
2025-12-30 10:32:47.098000,8d,Toxicity,Original,,93.59857940673828,2.6341066360473633,245.71653747558594,0.4742000699043274,0.5480274558067322,0.8668405413627625,11.153897285461426,13.006824493408203,13.71034049987793,0.28644391894340515,0.3558529019355774,0.6660975813865662,11.864763259887695,0,0.2383238822221756,9.69614315032959,4.84731388092041,37,25,30,25,
2025-12-30 10:32:49.098000,8d,Toxicity,Original,,121.46940612792969,2.3513050079345703,280.38238525390625,0.4537217915058136,0.5155752301216125,0.8344789743423462,11.153897285461426,15.68870735168457,14.61016845703125,0.22658663988113403,0.28899163007736206,0.787251353263855,9.083024978637695,0,0.19401824474334717,7.8660888671875,5.654756546020508,37,25,30,33.33333206176758,
2025-12-30 10:32:51.098000,8d,Toxicity,Original,,82.0210952758789,2.588223695755005,212.51918029785156,0.4530254602432251,0.6094867587089539,0.8808090090751648,11.153897285461426,11.630409240722656,10.298149108886719,0.3320246934890747,0.40141013264656067,0.5299201607704163,13.321281433105469,0,0.25633227825164795,8.031784057617188,5.681042671203613,37,25,30,0,
2025-12-30 10:32:53.098000,8d,Toxicity,Original,,87.82583618164062,2.8665225505828857,251.40243530273438,0.3841678202152252,0.5360908508300781,0.8648318648338318,11.153897285461426,12.717292785644531,11.781061172485352,0.33283185958862305,0.35071417689323425,0.6521329283714294,13.478837013244629,0,0.23732104897499084,10.36186695098877,4.140732765197754,37,25,30,0,
2025-12-30 10:32:53.098000,FinePointe Series WBP [SN 139781]  Site 2 Bias Flow is out of range.,,,,,,,,,,,,,,,,,,,,,,,,,
2025-12-30 10:32:53.098000,FinePointe Series WBP [SN 10499C]  Site 3 Bias Flow is out of range.,,,,,,,,,,,,,,,,,,,,,,,,,
2025-12-30 10:32:55.098000,8d,Toxicity,Original,,215.1211700439453,1.5939913988113403,280.1266174316406,0.4670918583869934,0.5045376420021057,0.7774078845977783,11.153897285461426,15.442941665649414,15.424994468688965,0.16319555044174194,0.18242114782333374,1.1528880596160889,10.154756546020508,0,0.12503935396671295,16.385866165161133,9.563939094543457,37,25,30,42.85714340209961,
2025-12-30 10:32:55.098000,FinePointe Series WBP [SN 139781]  Site 1 Bias Flow is out of range.,,,,,,,,,,,,,,,,,,,,,,,,,
2025-12-30 10:32:55.098000,FinePointe Series WBP [SN 139781]  Site 3 Bias Flow is out of range.,,,,,,,,,,,,,,,,,,,,,,,,,
2025-12-30 10:32:55.098000,FinePointe Series WBP [SN 139781]  Site 4 Bias Flow is out of range.,,,,,,,,,,,,,,,,,,,,,,,,,
2025-12-30 10:32:57.098000,8d,Toxicity,Original,,164.16441345214844,1.7534923553466797,282.0721740722656,0.3705383539199829,0.40454158186912537,0.825549840927124,11.153897285461426,17.082015991210938,15.97634506225586,0.15908361971378326,0.2104521095752716,0.9613409638404846,12.482584953308105,0,0.1535714715719223,16.517566680908203,6.349226474761963,37,25,30,0,
2025-12-30 10:32:59.098000,8d,Toxicity,Original,,307.4266357421875,0.8153200745582581,250.65110778808594,0.4822285771369934,0.4884725511074066,0.7474886775016785,11.153897285461426,14.2887601852417,14.73207950592041,0.09349473565816879,0.10167378187179565,1.1238467693328857,7.501955986022949,0,0.06964529305696487,18.21432113647461,10.804539680480957,37,25,30,83.33333587646484,
2025-12-30 10:33:01.098000,8d,Toxicity,Original,,159.0482940673828,1.4838169813156128,235.99856567382812,0.1926567405462265,0.7000667452812195,0.7459127902984619,11.153897285461426,18.00743293762207,5.945893287658691,0.14129139482975006,0.23595251142978668,0.47589775919914246,9.812623977661133,0,0.14213493466377258,9.552186012268066,16.84458351135254,37,25,30,50,
2025-12-30 10:33:03.098000,8d,Toxicity,Original,,135.52003479003906,2.1850690841674805,290.6080017089844,0.2823058068752289,0.4413723349571228,0.8174228668212891,11.153897285461426,16.89925765991211,11.886062622070312,0.1965918242931366,0.25151264667510986,0.6580095291137695,12.2241792678833,0,0.1788996011018753,12.113214492797852,5.520547866821289,37,25,30,33.33333206176758,
2025-12-30 10:33:03.098000,FinePointe Series WBP [SN 139781]  Site 2 Bias Flow is out of range.,,,,,,,,,,,,,,,,,,,,,,,,,
2025-12-30 10:33:03.098000,FinePointe Series WBP [SN 10499C]  Site 3 Bias Flow is out of range.,,,,,,,,,,,,,,,,,,,,,,,,,
2025-12-30 10:33:03.098000,FinePointe Series WBP [SN 139781]  Site 1 Bias Flow is out of range.,,,,,,,,,,,,,,,,,,,,,,,,,
2025-12-30 10:33:03.098000,FinePointe Series WBP [SN 139781]  Site 3 Bias Flow is out of range.,,,,,,,,,,,,,,,,,,,,,,,,,
2025-12-30 10:33:07.098000,8d,Toxicity,Original,,82.31844329833984,2.9329710006713867,244.38134765625,0.4925055503845215,0.6853016018867493,0.8989967703819275,11.153897285461426,13.12504768371582,10.79414176940918,0.36170694231987,0.3716491758823395,0.5601792335510254,13.956254959106445,0,0.22874093055725098,9.674797058105469,6.807941436767578,37,25,30,50,
2025-12-30 10:33:07.098000,FinePointe Series WBP [SN 139781]  Site 4 Bias Flow is out of range.,,,,,,,,,,,,,,,,,,,,,,,,,
2025-12-30 10:33:09.098000,8d,Toxicity,Original,,91.22404479980469,3.280172824859619,299.2536926269531,0.3256077766418457,0.5258112549781799,0.8808768391609192,11.153897285461426,14.669082641601562,11.811166763305664,0.3342321515083313,0.32380929589271545,0.6367225050926208,13.794175148010254,0,0.21974897384643555,11.080682754516602,3.9160919189453125,37,25,30,0,
2025-12-30 10:33:11.098000,8d,Toxicity,Original,,87.32190704345703,2.714550495147705,236.94273376464844,0.5006086826324463,0.6067588329315186,0.8658949136734009,11.153897285461426,11.386733055114746,11.788915634155273,0.336149662733078,0.35112035274505615,0.7329856157302856,11.210200309753418,0,0.22804903984069824,10.45328140258789,4.7836761474609375,37,25,30,0,
2025-12-30 10:33:13.098000,8d,Toxicity,Original,,152.87130737304688,1.9975780248641968,278.9605407714844,0.37684324383735657,0.5011787414550781,0.8376157283782959,11.153897285461426,15.44986629486084,12.486974716186523,0.21119406819343567,0.22673399746418,0.7216364145278931,10.44751262664795,0,0.15627162158489227,12.61674690246582,6.885395050048828,37,25,30,20,
2025-12-30 10:33:13.098000,FinePointe Series WBP [SN 139781]  Site 2 Bias Flow is out of range.,,,,,,,,,,,,,,,,,,,,,,,,,
2025-12-30 10:33:15.098000,8d,Toxicity,Original,,141.74221801757812,1.9975402355194092,283.1357727050781,0.316478431224823,0.3739401400089264,0.8634878993034363,11.153897285461426,14.168359756469727,12.764494895935059,0.20094968378543854,0.2223540097475052,0.6322034597396851,18.338422775268555,0,0.16665425896644592,14.69534683227539,4.6983723640441895,37,25,30,0,
2025-12-30 10:33:15.098000,FinePointe Series WBP [SN 139781]  Site 1 Bias Flow is out of range.,,,,,,,,,,,,,,,,,,,,,,,,,
2025-12-30 10:33:15.098000,FinePointe Series WBP [SN 10499C]  Site 3 Bias Flow is out of range.,,,,,,,,,,,,,,,,,,,,,,,,,
2025-12-30 10:33:15.098000,FinePointe Series WBP [SN 139781]  Site 3 Bias Flow is out of range.,,,,,,,,,,,,,,,,,,,,,,,,,
2025-12-30 10:33:17.098000,8d,Toxicity,Original,,75.19927978515625,1.883251428604126,141.61915588378906,0.925998866558075,1.3581857681274414,0.9421471357345581,11.153897285461426,16.226001739501953,7.450342655181885,0.2056157886981964,0.5922641754150391,0.37390628457069397,7.2390055656433105,0,0.2555418312549591,,22.964693069458008,37,25,30,75,
2025-12-30 10:33:17.098000,FinePointe Series WBP [SN 139781]  Site 4 Bias Flow is out of range.,,,,,,,,,,,,,,,,,,,,,,,,,
2025-12-30 10:33:19.098000,8d,Toxicity,Original,,87.99990844726562,3.215977668762207,283.0032653808594,0.3144189715385437,0.5445414781570435,0.8807077407836914,11.153897285461426,14.459505081176758,10.570892333984375,0.33210307359695435,0.34971582889556885,0.5692633390426636,9.654433250427246,0,0.23266245424747467,8.699605941772461,5.316320419311523,37,25,30,50,
2025-12-30 10:33:21.098000,8d,Toxicity,Original,,95.41622161865234,2.425731658935547,230.24020385742188,0.5334038734436035,0.5502973198890686,0.8541449308395386,11.153897285461426,12.170425415039062,14.3291654586792,0.30581265687942505,0.3289673328399658,0.7912455797195435,11.466296195983887,0,0.21967431902885437,11.437931060791016,5.2607550621032715,37,25,30,0,
2025-12-30 10:33:23.098000,8d,Toxicity,Original,,134.210205078125,2.1400437355041504,286.3109130859375,0.32492879033088684,0.4291624128818512,0.8551864624023438,11.153897285461426,17.405555725097656,14.352386474609375,0.19026502966880798,0.2608766257762909,0.7631933689117432,14.62619400024414,0,0.1872178316116333,12.635042190551758,5.077130317687988,37,25,30,0,
2025-12-30 10:33:23.098000,FinePointe Series WBP [SN 139781]  Site 2 Bias Flow is out of range.,,,,,,,,,,,,,,,,,,,,,,,,,
2025-12-30 10:33:25.098000,8d,Toxicity,Original,,90.26777648925781,2.2815535068511963,206.14315795898438,0.58955979347229,0.8858038783073425,0.5795462727546692,11.153897285461426,16.135149002075195,10.596696853637695,0.25291478633880615,0.43591898679733276,0.3724672794342041,11.350992202758789,0,0.23508283495903015,3.2797634601593018,10.572630882263184,37,25,30,33.33333206176758,
2025-12-30 10:33:25.098000,FinePointe Series WBP [SN 139781]  Site 1 Bias Flow is out of range.,,,,,,,,,,,,,,,,,,,,,,,,,
2025-12-30 10:33:25.098000,FinePointe Series WBP [SN 139781]  Site 3 Bias Flow is out of range.,,,,,,,,,,,,,,,,,,,,,,,,,
2025-12-30 10:33:25.098000,FinePointe Series WBP [SN 10499C]  Site 3 Bias Flow is out of range.,,,,,,,,,,,,,,,,,,,,,,,,,
2025-12-30 10:33:27.098000,8d,Toxicity,Original,,81.23458099365234,3.1626687049865723,255.75970458984375,0.45133107900619507,0.8081287741661072,0.8947585821151733,11.153897285461426,14.012723922729492,9.486087799072266,0.3575937747955322,0.3854851722717285,0.5188594460487366,10.298760414123535,0,0.21944300830364227,8.372049331665039,10.035764694213867,37,25,30,0,
2025-12-30 10:33:27.098000,FinePointe Series WBP [SN 139781]  Site 4 Bias Flow is out of range.,,,,,,,,,,,,,,,,,,,,,,,,,
2025-12-30 10:33:29.098000,8d,Toxicity,Original,,92.45140838623047,2.7222983837127686,251.4276123046875,0.42357614636421204,0.4598678946495056,0.8520767092704773,11.153897285461426,12.324484825134277,14.123006820678711,0.3283613324165344,0.32086941599845886,0.7865090370178223,13.99194049835205,0,0.22867542505264282,14.270352363586426,3.855121612548828,37,25,30,0,
2025-12-30 10:33:31.098000,8d,Toxicity,Original,,165.7482147216797,2.1519477367401123,345.8226623535156,0.3889869749546051,0.4718852639198303,0.7934383749961853,11.153897285461426,19.48900032043457,16.60930061340332,0.1743248999118805,0.20373475551605225,1.1438056230545044,12.97048568725586,0,0.1427266001701355,15.855588912963867,8.737079620361328,37,25,30,0,
2025-12-30 10:33:33.098000,8d,Toxicity,Original,,158.9718017578125,2.170936107635498,330.98699951171875,0.36944958567619324,0.450586199760437,0.8095259070396423,11.153897285461426,17.886898040771484,15.710467338562012,0.18499132990837097,0.2019663155078888,1.1122455596923828,17.90996551513672,0,0.1429726779460907,17.486034393310547,7.981674671173096,37,25,30,60,
2025-12-30 10:33:33.098000,FinePointe Series WBP [SN 139781]  Site 2 Bias Flow is out of range.,,,,,,,,,,,,,,,,,,,,,,,,,
2025-12-30 10:33:35.098000,8d,Toxicity,Original,,99.03617858886719,2.884815216064453,285.8492431640625,0.5615132451057434,0.8657770156860352,0.5412567853927612,11.153897285461426,20.699539184570312,13.256757736206055,0.2270682007074356,0.3788287043571472,0.417585164308548,13.20350456237793,0,0.22185292840003967,2.5866518020629883,21.195932388305664,37,25,30,33.33333206176758,
2025-12-30 10:33:35.098000,FinePointe Series WBP [SN 139781]  Site 1 Bias Flow is out of range.,,,,,,,,,,,,,,,,,,,,,,,,,
2025-12-30 10:33:35.098000,FinePointe Series WBP [SN 139781]  Site 3 Bias Flow is out of range.,,,,,,,,,,,,,,,,,,,,,,,,,
2025-12-30 10:33:35.098000,FinePointe Series WBP [SN 10499C]  Site 3 Bias Flow is out of range.,,,,,,,,,,,,,,,,,,,,,,,,,
2025-12-30 10:33:35.098000,FinePointe Series WBP [SN 139781]  Site 4 Bias Flow is out of range.,,,,,,,,,,,,,,,,,,,,,,,,,
2025-12-30 10:33:37.098000,8d,Toxicity,Original,,161.22207641601562,2.1710479259490967,328.4703063964844,0.31521210074424744,0.37708309292793274,0.8234014511108398,11.153897285461426,17.808149337768555,14.732208251953125,0.1837560087442398,0.2189761847257614,0.8473272323608398,16.21036148071289,0,0.16692562401294708,20.648181915283203,8.796618461608887,37,25,30,25,
2025-12-30 10:33:39.098000,8d,Toxicity,Original,,282.68218994140625,1.2037194967269897,280.2431945800781,0.25915226340293884,0.47898975014686584,0.776132345199585,11.153897285461426,20.729190826416016,10.509525299072266,0.09679907560348511,0.15821883082389832,0.5834697484970093,10.478082656860352,0,0.11404691636562347,11.516802787780762,14.967411994934082,37,25,30,83.33333587646484,
2025-12-30 10:33:41.098000,8d,Toxicity,Original,,190.15972900390625,1.374891996383667,247.84283447265625,0.31460604071617126,0.45358654856681824,0.7649409174919128,11.153897285461426,17.151391983032227,13.17086124420166,0.14094701409339905,0.1953977793455124,0.9932239651679993,12.269950866699219,0,0.13806582987308502,14.93927001953125,6.334033966064453,37,25,30,57.14285659790039,
2025-12-30 10:33:43.098000,8d,Toxicity,Original,,242.4318084716797,1.3760836124420166,275.845458984375,0.44926121830940247,0.5559874176979065,0.6254109144210815,11.153897285461426,17.409770965576172,13.40339183807373,0.11779995262622833,0.17229418456554413,0.9471363425254822,8.254037857055664,0,0.1131509318947792,13.85507583618164,10.414568901062012,37,25,30,33.33333206176758,
2025-12-30 10:33:43.098000,FinePointe Series WBP [SN 139781]  Site 2 Bias Flow is out of range.,,,,,,,,,,,,,,,,,,,,,,,,,
2025-12-30 10:33:45.098000,8d,Toxicity,Original,,75.01206970214844,2.7249369621276855,207.00933837890625,0.4599846601486206,0.7216405868530273,0.9183776378631592,11.153897285461426,12.22358512878418,9.447526931762695,0.3653024435043335,0.43634968996047974,0.48268502950668335,12.41605281829834,0,0.2655303478240967,4.813618183135986,5.275725841522217,37,25,30,33.33333206176758,
2025-12-30 10:33:45.098000,FinePointe Series WBP [SN 139781]  Site 1 Bias Flow is out of range.,,,,,,,,,,,,,,,,,,,,,,,,,
2025-12-30 10:33:45.098000,FinePointe Series WBP [SN 139781]  Site 3 Bias Flow is out of range.,,,,,,,,,,,,,,,,,,,,,,,,,
2025-12-30 10:33:45.098000,FinePointe Series WBP [SN 10499C]  Site 3 Bias Flow is out of range.,,,,,,,,,,,,,,,,,,,,,,,,,
2025-12-30 10:33:45.098000,FinePointe Series WBP [SN 139781]  Site 4 Bias Flow is out of range.,,,,,,,,,,,,,,,,,,,,,,,,,
2025-12-30 10:33:47.098000,8d,Toxicity,Original,,69.25830841064453,5.922147750854492,373.222900390625,0.510058581829071,0.6253887414932251,0.4928998053073883,11.153897285461426,26.090848922729492,17.995882034301758,0.39022576808929443,0.5159231424331665,0.6972442865371704,9.316792488098145,0,0.3202265202999115,8.088971138000488,6.355563163757324,37,25,30,0,
2025-12-30 10:33:49.098000,8d,Toxicity,Original,,114.42373657226562,1.904288411140442,195.60275268554688,0.25257688760757446,0.5196360349655151,0.9221024513244629,11.153897285461426,15.617332458496094,6.092634677886963,0.2323138266801834,0.388850599527359,0.23292845487594604,18.6945858001709,0,0.25394678115844727,13.299917221069336,0.05054005980491638,37,25,30,33.33333206176758,
2025-12-30 10:33:51.098000,8d,Toxicity,Original,,90.00955200195312,2.540146589279175,228.11050415039062,0.4333783984184265,0.5297618508338928,0.8592031002044678,11.153897285461426,12.750739097595215,12.763080596923828,0.2999415695667267,0.37135592103004456,0.65579754114151,9.47469425201416,0,0.25271859765052795,6.106802463531494,7.5156378746032715,37,25,30,0,
2025-12-30 10:33:53.098000,8d,Toxicity,Original,,96.16555786132812,2.6056976318359375,250.53729248046875,0.44543135166168213,0.5107589960098267,0.8525997400283813,11.153897285461426,13.312240600585938,14.157486915588379,0.287796288728714,0.33623647689819336,0.7741414308547974,11.545451164245605,0,0.22906315326690674,9.701128005981445,4.805696487426758,37,25,30,0,
2025-12-30 10:33:53.098000,FinePointe Series WBP [SN 139781]  Site 2 Bias Flow is out of range.,,,,,,,,,,,,,,,,,,,,,,,,,
2025-12-30 10:33:55.098000,8d,Toxicity,Original,,95.86601257324219,2.4796910285949707,237.2634735107422,0.38477784395217896,0.5587379932403564,0.873164176940918,11.153897285461426,12.818978309631348,10.564882278442383,0.2971216142177582,0.3298411965370178,0.7178885340690613,13.677783966064453,0,0.21896156668663025,11.34459400177002,6.7920732498168945,37,25,30,0,
2025-12-30 10:33:55.098000,FinePointe Series WBP [SN 139781]  Site 1 Bias Flow is out of range.,,,,,,,,,,,,,,,,,,,,,,,,,
2025-12-30 10:33:55.098000,FinePointe Series WBP [SN 139781]  Site 3 Bias Flow is out of range.,,,,,,,,,,,,,,,,,,,,,,,,,
2025-12-30 10:33:55.098000,FinePointe Series WBP [SN 10499C]  Site 3 Bias Flow is out of range.,,,,,,,,,,,,,,,,,,,,,,,,,
2025-12-30 10:33:55.098000,FinePointe Series WBP [SN 139781]  Site 4 Bias Flow is out of range.,,,,,,,,,,,,,,,,,,,,,,,,,
2025-12-30 10:33:57.098000,8d,Toxicity,Original,,91.13231658935547,2.661118268966675,242.80551147460938,0.4328722059726715,0.39856457710266113,0.8708103895187378,11.153897285461426,11.297272682189941,15.522674560546875,0.3266698122024536,0.3319547176361084,0.6564208269119263,12.522735595703125,0,0.24527759850025177,9.610980987548828,1.9202330112457275,37,25,30,0,
2025-12-30 10:33:59.098000,8d,Toxicity,Original,,179.9459228515625,1.841321587562561,340.1866149902344,0.4143190383911133,0.5107399225234985,0.813393235206604,11.153897285461426,18.278385162353516,15.237462043762207,0.15320611000061035,0.2014475166797638,0.9393278956413269,10.39108657836914,0,0.13498422503471375,11.696110725402832,5.0174713134765625,37,25,30,71.42857360839844,
2025-12-30 10:34:01.098000,8d,Toxicity,Original,,81.44729614257812,2.4455080032348633,199.17999267578125,0.39336180686950684,0.4879308342933655,0.8996567130088806,11.153897285461426,10.68680477142334,11.1465482711792,0.3342970311641693,0.4023756980895996,0.3073752820491791,14.107915878295898,0,0.2790359556674957,4.237605571746826,0.4886322319507599,37,25,30,66.66666412353516,
2025-12-30 10:34:03.098000,8d,Toxicity,Original,,100.85164642333984,2.816270589828491,282.9830322265625,0.3318299353122711,0.5382024645805359,0.8843373656272888,11.153897285461426,16.47605323791504,12.36434555053711,0.26820486783981323,0.3346087336540222,0.6341187953948975,12.160538673400879,0,0.22491343319416046,9.223234176635742,4.569602966308594,37,25,30,0,
2025-12-30 10:34:03.098000,FinePointe Series WBP [SN 139781]  Site 2 Bias Flow is out of range.,,,,,,,,,,,,,,,,,,,,,,,,,
2025-12-30 10:34:05.098000,8d,Toxicity,Original,,130.05120849609375,2.701711893081665,351.006591796875,0.22804230451583862,0.35041362047195435,0.8591797351837158,11.153897285461426,19.962474822998047,13.570589065551758,0.2084278017282486,0.2543953061103821,0.5595263242721558,20.109968185424805,0,0.19541391730308533,14.904694557189941,4.245090484619141,37,25,30,33.33333206176758,
2025-12-30 10:34:05.098000,FinePointe Series WBP [SN 10499C]  Site 3 Bias Flow is out of range.,,,,,,,,,,,,,,,,,,,,,,,,,
2025-12-30 10:34:05.098000,FinePointe Series WBP [SN 139781]  Site 1 Bias Flow is out of range.,,,,,,,,,,,,,,,,,,,,,,,,,
2025-12-30 10:34:05.098000,FinePointe Series WBP [SN 139781]  Site 3 Bias Flow is out of range.,,,,,,,,,,,,,,,,,,,,,,,,,
2025-12-30 10:34:07.098000,8d,Toxicity,Original,,81.9168472290039,2.867018699645996,234.8571319580078,0.2732687294483185,0.2827014923095703,0.9103396534919739,11.153897285461426,11.982087135314941,14.607454299926758,0.34138724207878113,0.39106282591819763,0.5009976625442505,12.724943161010742,0,0.31371885538101196,6.084049224853516,,37,25,30,66.66666412353516,
2025-12-30 10:34:07.098000,FinePointe Series WBP [SN 139781]  Site 4 Bias Flow is out of range.,,,,,,,,,,,,,,,,,,,,,,,,,
2025-12-30 10:34:09.098000,8d,Toxicity,Original,,105.51296997070312,2.931642770767212,305.671630859375,0.32104337215423584,0.5327126383781433,0.8943276405334473,11.153897285461426,18.696334838867188,12.719064712524414,0.24605312943458557,0.3369539976119995,0.5386812686920166,13.523029327392578,0,0.2242145538330078,6.912924289703369,3.801673412322998,37,25,30,0,
2025-12-30 10:34:11.098000,8d,Toxicity,Original,,103.51216125488281,2.32667875289917,240.8395538330078,0.4361191391944885,0.6731735467910767,0.8960762023925781,11.153897285461426,15.311111450195312,10.285279273986816,0.2336893081665039,0.34595271944999695,0.5801988840103149,8.559713363647461,0,0.21094778180122375,7.1946868896484375,7.908049583435059,37,25,30,75,
2025-12-30 10:34:13.098000,8d,Toxicity,Original,,86.48333740234375,2.7114646434783936,232.59410095214844,0.3746887445449829,0.5695642232894897,0.8936206698417664,11.153897285461426,14.23948860168457,10.10675048828125,0.2759767472743988,0.42871585488319397,0.3607035279273987,9.585244178771973,0,0.2774704396724701,2.1704885959625244,2.7256202697753906,37,25,30,0,
2025-12-30 10:34:13.098000,FinePointe Series WBP [SN 139781]  Site 2 Bias Flow is out of range.,,,,,,,,,,,,,,,,,,,,,,,,,
2025-12-30 10:34:15.098000,8d,Toxicity,Original,,141.890380859375,2.1431777477264404,291.97113037109375,0.38542550802230835,0.46201202273368835,0.8286970853805542,11.153897285461426,16.672765731811523,14.680913925170898,0.2206343561410904,0.2365695685148239,0.8794075846672058,17.29193878173828,0,0.16609808802604675,15.719038009643555,7.529748439788818,37,25,30,0,
2025-12-30 10:34:15.098000,FinePointe Series WBP [SN 139781]  Site 1 Bias Flow is out of range.,,,,,,,,,,,,,,,,,,,,,,,,,
2025-12-30 10:34:15.098000,FinePointe Series WBP [SN 10499C]  Site 3 Bias Flow is out of range.,,,,,,,,,,,,,,,,,,,,,,,,,
2025-12-30 10:34:15.098000,FinePointe Series WBP [SN 139781]  Site 3 Bias Flow is out of range.,,,,,,,,,,,,,,,,,,,,,,,,,
2025-12-30 10:34:17.098000,8d,Toxicity,Original,,111.82072448730469,2.5724430084228516,276.64544677734375,0.2378285974264145,0.4633370637893677,0.8841880559921265,11.153897285461426,20.64335060119629,11.450383186340332,0.1912350207567215,0.37380242347717285,0.5378575325012207,13.368526458740234,0,0.252498984336853,5.700511932373047,3.1491897106170654,37,25,30,0,
2025-12-30 10:34:17.098000,FinePointe Series WBP [SN 139781]  Site 4 Bias Flow is out of range.,,,,,,,,,,,,,,,,,,,,,,,,,
2025-12-30 10:34:19.098000,8d,Toxicity,Original,,94.429443359375,2.6603901386260986,252.58546447753906,0.38667312264442444,0.4990136921405792,0.8930129408836365,11.153897285461426,15.29578685760498,14.40167236328125,0.2825929820537567,0.36055341362953186,0.5024349689483643,13.65400218963623,0,0.25088053941726685,6.509819030761719,3.120849370956421,37,25,30,25,
2025-12-30 10:34:21.098000,8d,Toxicity,Original,,79.23834228515625,3.0125784873962402,238.7497100830078,0.30782079696655273,0.5167079567909241,0.8879278898239136,11.153897285461426,13.7334566116333,10.367140769958496,0.3457326591014862,0.41177183389663696,0.4317810535430908,17.415664672851562,0,0.2822932004928589,10.663439750671387,2.072183609008789,37,25,30,0,
2025-12-30 10:34:23.098000,8d,Toxicity,Original,,94.22441101074219,2.035794496536255,191.95343017578125,0.47666364908218384,0.5217503905296326,0.8267980217933655,11.153897285461426,10.595413208007812,11.96743106842041,0.333499014377594,0.30346226692199707,0.805616557598114,14.890091896057129,0,0.211869478225708,19.34326171875,7.472955703735352,37,25,30,0,
2025-12-30 10:34:23.098000,FinePointe Series WBP [SN 139781]  Site 2 Bias Flow is out of range.,,,,,,,,,,,,,,,,,,,,,,,,,
2025-12-30 10:34:25.098000,8d,Toxicity,Original,,95.27112579345703,2.522191286087036,240.59898376464844,0.44821926951408386,0.5270223617553711,0.8404504656791687,11.153897285461426,12.989385604858398,12.964454650878906,0.3092869818210602,0.3234620988368988,0.8882745504379272,14.151897430419922,0,0.22119978070259094,14.013408660888672,7.661181926727295,37,25,30,0,
2025-12-30 10:34:25.098000,FinePointe Series WBP [SN 139781]  Site 1 Bias Flow is out of range.,,,,,,,,,,,,,,,,,,,,,,,,,
2025-12-30 10:34:25.098000,FinePointe Series WBP [SN 139781]  Site 3 Bias Flow is out of range.,,,,,,,,,,,,,,,,,,,,,,,,,
2025-12-30 10:34:25.098000,FinePointe Series WBP [SN 10499C]  Site 3 Bias Flow is out of range.,,,,,,,,,,,,,,,,,,,,,,,,,
2025-12-30 10:34:27.098000,8d,Toxicity,Original,,106.7580795288086,1.9591082334518433,207.97604370117188,0.47942277789115906,0.5102174282073975,0.820637047290802,11.153897285461426,11.334988594055176,11.99400520324707,0.28952133655548096,0.2739129960536957,0.8792310357093811,13.618946075439453,0,0.18908311426639557,15.642109870910645,7.765095233917236,37,25,30,0,
2025-12-30 10:34:27.098000,FinePointe Series WBP [SN 139781]  Site 4 Bias Flow is out of range.,,,,,,,,,,,,,,,,,,,,,,,,,
2025-12-30 10:34:29.098000,8d,Toxicity,Original,,92.30927276611328,3.2207226753234863,297.19305419921875,0.45643553137779236,0.5097848773002625,0.8669352531433105,11.153897285461426,14.137011528015137,15.772261619567871,0.31554868817329407,0.33453890681266785,0.9392633438110352,17.418556213378906,0,0.22988389432430267,10.79257869720459,4.911839008331299,37,25,30,0,
2025-12-30 10:34:31.098000,8d,Toxicity,Original,,133.12673950195312,2.3899030685424805,290.8037109375,0.33470556139945984,0.4422038495540619,0.8603559136390686,11.153897285461426,17.048179626464844,13.423847198486328,0.22341914474964142,0.2784424424171448,0.7867012023925781,14.572546005249023,0,0.19689157605171204,11.111461639404297,6.732624530792236,37,25,30,0,
2025-12-30 10:34:33.098000,8d,Toxicity,Original,,169.79415893554688,1.457401990890503,247.45834350585938,0.33757609128952026,0.4334852695465088,0.8569693565368652,11.153897285461426,16.696016311645508,14.469595909118652,0.13865892589092255,0.21471013128757477,0.9605411291122437,7.766184329986572,0,0.15237416326999664,13.49693489074707,6.499760150909424,37,25,30,75,
2025-12-30 10:34:33.098000,FinePointe Series WBP [SN 139781]  Site 2 Bias Flow is out of range.,,,,,,,,,,,,,,,,,,,,,,,,,
2025-12-30 10:34:35.098000,8d,Toxicity,Original,,201.30694580078125,1.7409698963165283,322.7427062988281,0.3399370312690735,0.4243810772895813,0.8275219202041626,11.153897285461426,19.444896697998047,15.195784568786621,0.13823676109313965,0.18312226235866547,1.0049068927764893,10.607267379760742,0,0.13068540394306183,16.32130241394043,5.647487640380859,37,25,30,40,
2025-12-30 10:34:35.098000,FinePointe Series WBP [SN 139781]  Site 1 Bias Flow is out of range.,,,,,,,,,,,,,,,,,,,,,,,,,
2025-12-30 10:34:35.098000,FinePointe Series WBP [SN 139781]  Site 3 Bias Flow is out of range.,,,,,,,,,,,,,,,,,,,,,,,,,
2025-12-30 10:34:35.098000,FinePointe Series WBP [SN 10499C]  Site 3 Bias Flow is out of range.,,,,,,,,,,,,,,,,,,,,,,,,,
2025-12-30 10:34:35.098000,FinePointe Series WBP [SN 139781]  Site 4 Bias Flow is out of range.,,,,,,,,,,,,,,,,,,,,,,,,,
2025-12-30 10:34:39.098000,8d,Toxicity,Original,,89.41451263427734,3.26853609085083,289.55462646484375,0.2480597347021103,0.3565431535243988,0.9038015604019165,11.153897285461426,17.187057495117188,14.676021575927734,0.29008036851882935,0.39555615186691284,0.6047027707099915,13.04337215423584,0,0.2987682819366455,7.046103477478027,0.23139651119709015,37,25,30,50,
2025-12-30 10:34:41.098000,8d,Toxicity,Original,,189.21157836914062,1.6371656656265259,292.8664245605469,0.3196240961551666,0.46893030405044556,0.7720723748207092,11.153897285461426,17.51688575744629,12.85157585144043,0.14138180017471313,0.18801629543304443,0.9354864954948425,10.382909774780273,0,0.13052056729793549,16.481639862060547,8.395637512207031,37,25,30,62.5,
2025-12-30 10:34:41.098000,FinePointe Series WBP [SN 139781]  Site 2 Bias Flow is out of range.,,,,,,,,,,,,,,,,,,,,,,,,,
2025-12-30 10:34:45.098000,8d,Toxicity,Original,,71.99437713623047,2.8967463970184326,214.18853759765625,0.6335386037826538,0.8955018520355225,0.9250390529632568,11.153897285461426,12.898686408996582,9.163446426391602,0.33517396450042725,0.5118400454521179,0.2708666920661926,12.386846542358398,0,0.2786666750907898,5.082258701324463,19.82501220703125,37,25,30,60,
2025-12-30 10:34:45.098000,FinePointe Series WBP [SN 139781]  Site 1 Bias Flow is out of range.,,,,,,,,,,,,,,,,,,,,,,,,,
2025-12-30 10:34:45.098000,FinePointe Series WBP [SN 139781]  Site 3 Bias Flow is out of range.,,,,,,,,,,,,,,,,,,,,,,,,,
2025-12-30 10:34:45.098000,FinePointe Series WBP [SN 10499C]  Site 3 Bias Flow is out of range.,,,,,,,,,,,,,,,,,,,,,,,,,
2025-12-30 10:34:45.098000,FinePointe Series WBP [SN 139781]  Site 4 Bias Flow is out of range.,,,,,,,,,,,,,,,,,,,,,,,,,
2025-12-30 10:34:47.098000,8d,Toxicity,Original,,103.92858123779297,2.8796534538269043,294.8888854980469,0.3211780786514282,0.508043110370636,0.8913809061050415,11.153897285461426,17.074228286743164,13.082681655883789,0.2564027011394501,0.32724031805992126,0.635354220867157,11.925631523132324,0,0.2225683033466339,7.367800235748291,4.263614654541016,37,25,30,0,
2025-12-30 10:34:49.098000,8d,Toxicity,Original,,117.9906234741211,3.0892882347106934,366.43292236328125,0.2737131714820862,0.4370121359825134,0.8973618745803833,11.153897285461426,20.779659271240234,14.150127410888672,0.20832443237304688,0.3043806254863739,0.6044059991836548,19.05194854736328,0,0.21491873264312744,9.140372276306152,2.5992188453674316,37,25,30,33.33333206176758,
2025-12-30 10:34:51.098000,8d,Toxicity,Original,,76.38777160644531,2.8512842655181885,217.80323791503906,0.2545335590839386,0.3843764364719391,0.9188953042030334,11.153897285461426,12.56737232208252,10.723711967468262,0.33927813172340393,0.44618794322013855,0.42911091446876526,10.38417911529541,0,0.3304436206817627,,,37,25,30,66.66666412353516,
2025-12-30 10:34:53.098000,8d,Toxicity,Original,,99.1617431640625,3.3234434127807617,329.7601623535156,0.2308957427740097,0.4415045976638794,0.891717255115509,11.153897285461426,20.121524810791016,12.702342987060547,0.25697338581085205,0.3575192987918854,0.5534331798553467,13.860881805419922,0,0.25239503383636475,5.55824613571167,2.190425157546997,37,25,30,0,
2025-12-30 10:34:53.098000,FinePointe Series WBP [SN 139781]  Site 2 Bias Flow is out of range.,,,,,,,,,,,,,,,,,,,,,,,,,
2025-12-30 10:34:55.098000,8d,Toxicity,Original,,74.89450073242188,3.2304165363311768,240.26300048828125,0.2835316061973572,0.5046713352203369,0.9023565649986267,11.153897285461426,14.82822036743164,10.454233169555664,0.3215772807598114,0.48433950543403625,0.34614017605781555,11.007880210876465,0,0.32982462644577026,5.057725429534912,4.87839412689209,37,25,30,0,
2025-12-30 10:34:55.098000,FinePointe Series WBP [SN 139781]  Site 1 Bias Flow is out of range.,,,,,,,,,,,,,,,,,,,,,,,,,
2025-12-30 10:34:55.098000,FinePointe Series WBP [SN 139781]  Site 3 Bias Flow is out of range.,,,,,,,,,,,,,,,,,,,,,,,,,
2025-12-30 10:34:55.098000,FinePointe Series WBP [SN 10499C]  Site 3 Bias Flow is out of range.,,,,,,,,,,,,,,,,,,,,,,,,,
2025-12-30 10:34:55.098000,FinePointe Series WBP [SN 139781]  Site 4 Bias Flow is out of range.,,,,,,,,,,,,,,,,,,,,,,,,,
2025-12-30 10:34:57.098000,8d,Toxicity,Original,,95.0779037475586,2.5406246185302734,238.96084594726562,0.4963540732860565,0.5250329971313477,0.8651615977287292,11.153897285461426,13.472565650939941,14.417752265930176,0.28757354617118835,0.35074567794799805,0.7782605886459351,9.859461784362793,0,0.23512762784957886,9.485749244689941,5.321280479431152,37,25,30,0,
2025-12-30 10:34:59.098000,8d,Toxicity,Original,,117.41001892089844,2.224956512451172,258.35540771484375,0.35717087984085083,0.4191930890083313,0.8958947062492371,11.153897285461426,15.732860565185547,14.547258377075195,0.2017229199409485,0.31005769968032837,0.6041935682296753,10.818642616271973,0,0.22294369339942932,5.45375394821167,1.544188380241394,37,25,30,33.33333206176758,
2025-12-30 10:35:01.098000,8d,Toxicity,Original,,233.17626953125,1.425697922706604,333.61309814453125,0.41889530420303345,0.5581296682357788,0.6887359023094177,11.153897285461426,18.57911491394043,14.43585205078125,0.12296514958143234,0.13441985845565796,1.1126604080200195,8.914305686950684,0,0.08966687321662903,15.882258415222168,11.591218948364258,37,25,30,62.5,
2025-12-30 10:35:03.098000,8d,Toxicity,Original,,354.3861389160156,0.5533637404441833,196.10446166992188,0.5249304175376892,0.4852994680404663,0.7052348256111145,11.153897285461426,11.656378746032715,12.930870056152344,0.07855692505836487,0.09074991196393967,1.0600014925003052,7.165146827697754,0,0.062158893793821335,21.024782180786133,8.862396240234375,37,25,30,85.71428680419922,
2025-12-30 10:35:03.098000,FinePointe Series WBP [SN 139781]  Site 2 Bias Flow is out of range.,,,,,,,,,,,,,,,,,,,,,,,,,
2025-12-30 10:35:05.098000,8d,Toxicity,Original,,112.85627746582031,1.8590171337127686,219.21998596191406,0.43770694732666016,1.0057263374328613,0.8810716271400452,11.153897285461426,15.402737617492676,10.130376815795898,0.20675307512283325,0.33477073907852173,0.6403940916061401,13.91229248046875,0,0.1616099625825882,7.379106521606445,12.823248863220215,37,25,30,80,
2025-12-30 10:35:05.098000,FinePointe Series WBP [SN 139781]  Site 1 Bias Flow is out of range.,,,,,,,,,,,,,,,,,,,,,,,,,
2025-12-30 10:35:05.098000,FinePointe Series WBP [SN 139781]  Site 3 Bias Flow is out of range.,,,,,,,,,,,,,,,,,,,,,,,,,
2025-12-30 10:35:05.098000,FinePointe Series WBP [SN 10499C]  Site 3 Bias Flow is out of range.,,,,,,,,,,,,,,,,,,,,,,,,,
2025-12-30 10:35:05.098000,FinePointe Series WBP [SN 139781]  Site 4 Bias Flow is out of range.,,,,,,,,,,,,,,,,,,,,,,,,,
2025-12-30 10:35:07.098000,8d,Toxicity,Original,,92.8603286743164,2.0218896865844727,175.01504516601562,0.3729268014431,0.7181010246276855,0.909875214099884,11.153897285461426,17.708251953125,9.501365661621094,0.19050908088684082,0.5236051678657532,0.3359599709510803,11.179167747497559,0,0.30223548412323,5.74436616897583,3.6818811893463135,37,25,30,33.33333206176758,
2025-12-30 10:35:09.098000,8d,Toxicity,Original,,112.3692626953125,2.5522594451904297,286.11358642578125,0.31936874985694885,0.4078567624092102,0.8956298232078552,11.153897285461426,17.176584243774414,14.77243423461914,0.2292596697807312,0.3305964171886444,0.5968221426010132,16.892240524291992,0,0.23945847153663635,8.470973014831543,2.6106088161468506,37,25,30,0,
2025-12-30 10:35:11.098000,8d,Toxicity,Original,,159.57669067382812,2.8970444202423096,462.3007507324219,0.5022774934768677,0.5184275507926941,0.7563313841819763,11.153897285461426,18.323448181152344,17.82748031616211,0.2199784815311432,0.1560162752866745,1.3097668886184692,8.286049842834473,0,0.10656317323446274,13.28070068359375,5.991715431213379,37,25,30,0,
2025-12-30 10:35:13.098000,8d,Toxicity,Original,,67.76611328125,2.6507134437561035,179.62855529785156,0.6823288202285767,0.9266629815101624,0.9303415417671204,11.153897285461426,13.60169506072998,11.770635604858398,0.31141552329063416,0.5739827752113342,0.36094436049461365,10.940821647644043,0,0.3049548864364624,,7.187551498413086,37,25,30,75,
2025-12-30 10:35:13.098000,FinePointe Series WBP [SN 139781]  Site 2 Bias Flow is out of range.,,,,,,,,,,,,,,,,,,,,,,,,,
2025-12-30 10:35:15.098000,8d,Toxicity,Original,,90.920654296875,3.1872997283935547,289.0287780761719,0.29555022716522217,0.4433787763118744,0.8735914826393127,11.153897285461426,14.930633544921875,11.888708114624023,0.3138793408870697,0.3468473255634308,0.46342915296554565,10.37496280670166,0,0.24670358002185822,6.979509353637695,2.150536060333252,37,25,30,50,
2025-12-30 10:35:15.098000,FinePointe Series WBP [SN 10499C]  Site 3 Bias Flow is out of range.,,,,,,,,,,,,,,,,,,,,,,,,,
2025-12-30 10:35:15.098000,FinePointe Series WBP [SN 139781]  Site 1 Bias Flow is out of range.,,,,,,,,,,,,,,,,,,,,,,,,,
2025-12-30 10:35:15.098000,FinePointe Series WBP [SN 139781]  Site 3 Bias Flow is out of range.,,,,,,,,,,,,,,,,,,,,,,,,,
2025-12-30 10:35:17.098000,8d,Toxicity,Original,,90.51945495605469,2.5024187564849854,226.48428344726562,0.46512481570243835,0.5448782444000244,0.8760059475898743,11.153897285461426,12.484610557556152,13.222951889038086,0.2946815490722656,0.36818745732307434,0.7052010893821716,10.055426597595215,0,0.2451932281255722,8.00348949432373,4.210177421569824,37,25,30,0,
2025-12-30 10:35:17.098000,FinePointe Series WBP [SN 139781]  Site 4 Bias Flow is out of range.,,,,,,,,,,,,,,,,,,,,,,,,,
2025-12-30 10:35:19.098000,8d,Toxicity,Original,,101.6263656616211,2.2325825691223145,226.93218994140625,0.5232064723968506,0.523993730545044,0.8708415031433105,11.153897285461426,13.332324981689453,15.451818466186523,0.2589084506034851,0.3482842743396759,0.7399717569351196,9.225656509399414,0,0.2328188270330429,7.336041450500488,3.4551331996917725,37,25,30,0,
2025-12-30 10:35:21.098000,8d,Toxicity,Original,,89.88861846923828,2.5757975578308105,229.5787811279297,0.3639167249202728,0.581555187702179,0.9112038612365723,11.153897285461426,16.39227294921875,12.408509254455566,0.23698964715003967,0.4479582905769348,0.5369981527328491,11.583236694335938,0,0.2882046401500702,3.8779807090759277,2.108349323272705,37,25,30,0,
2025-12-30 10:35:23.098000,8d,Toxicity,Original,,73.98516845703125,3.149137020111084,233.2235107421875,0.46364226937294006,0.7139444351196289,0.8983970284461975,11.153897285461426,12.647902488708496,9.095848083496094,0.3651600480079651,0.4467518925666809,0.4046780467033386,11.645002365112305,0,0.2699964642524719,6.442664623260498,3.4207897186279297,37,25,30,0,
2025-12-30 10:35:23.098000,FinePointe Series WBP [SN 139781]  Site 2 Bias Flow is out of range.,,,,,,,,,,,,,,,,,,,,,,,,,
2025-12-30 10:35:25.098000,8d,Toxicity,Original,,81.26628875732422,2.8756725788116455,233.25502014160156,0.4181785583496094,0.6067066192626953,0.8829657435417175,11.153897285461426,12.42806625366211,11.130192756652832,0.34753233194351196,0.3914492130279541,0.5607020854949951,11.560647010803223,0,0.2510969936847687,8.314386367797852,4.496426582336426,37,25,30,0,
2025-12-30 10:35:25.098000,FinePointe Series WBP [SN 139781]  Site 1 Bias Flow is out of range.,,,,,,,,,,,,,,,,,,,,,,,,,
2025-12-30 10:35:25.098000,FinePointe Series WBP [SN 10499C]  Site 3 Bias Flow is out of range.,,,,,,,,,,,,,,,,,,,,,,,,,
2025-12-30 10:35:25.098000,FinePointe Series WBP [SN 139781]  Site 3 Bias Flow is out of range.,,,,,,,,,,,,,,,,,,,,,,,,,
2025-12-30 10:35:27.098000,8d,Toxicity,Original,,106.0764389038086,2.446721076965332,256.0271301269531,0.33507058024406433,0.4841734766960144,0.884091854095459,11.153897285461426,17.568195343017578,13.46194076538086,0.22678112983703613,0.3429315686225891,0.6115019917488098,14.81374740600586,0,0.23850283026695251,8.728833198547363,6.29579496383667,37,25,30,0,
2025-12-30 10:35:27.098000,FinePointe Series WBP [SN 139781]  Site 4 Bias Flow is out of range.,,,,,,,,,,,,,,,,,,,,,,,,,
2025-12-30 10:35:29.098000,8d,Toxicity,Original,,131.85934448242188,2.6692776679992676,352.9701843261719,0.16945388913154602,0.3240949511528015,0.8758876323699951,11.153897285461426,24.563560485839844,14.256366729736328,0.19538521766662598,0.2597958445549011,0.6612153649330139,27.801877975463867,0,0.20809248089790344,18.722190856933594,1.8920906782150269,37,25,30,33.33333206176758,
2025-12-30 10:35:31.098000,8d,Toxicity,Original,,78.42095947265625,2.5266077518463135,198.13900756835938,0.29969310760498047,0.4700298011302948,0.9115419387817383,11.153897285461426,12.038349151611328,10.58260726928711,0.3218965530395508,0.4432050585746765,0.4317655563354492,11.279945373535156,0,0.3086020052433014,0.12257134914398193,,37,25,30,66.66666412353516,
2025-12-30 10:35:33.098000,8d,Toxicity,Original,,43.96778106689453,8.784934043884277,386.2540283203125,1.42916738986969,1.5573848485946655,0.08621374517679214,11.153897285461426,33.17216491699219,17.023250579833984,0.5295019745826721,0.8351336717605591,1.0299153327941895,5.3614325523376465,0,0.3324221670627594,,11.773568153381348,37,25,30,0,
2025-12-30 10:35:33.098000,FinePointe Series WBP [SN 139781]  Site 2 Bias Flow is out of range.,,,,,,,,,,,,,,,,,,,,,,,,,
2025-12-30 10:35:35.098000,8d,Toxicity,Original,,231.95834350585938,1.1363921165466309,219.6960906982422,0.3171542286872864,0.43889641761779785,0.7979980707168579,11.153897285461426,16.432052612304688,11.033473014831543,0.11293098330497742,0.19050802290439606,0.7075198292732239,21.580718994140625,0,0.13923852145671844,19.3842716217041,11.086846351623535,37,25,30,44.44444274902344,
2025-12-30 10:35:35.098000,FinePointe Series WBP [SN 139781]  Site 1 Bias Flow is out of range.,,,,,,,,,,,,,,,,,,,,,,,,,
2025-12-30 10:35:35.098000,FinePointe Series WBP [SN 139781]  Site 3 Bias Flow is out of range.,,,,,,,,,,,,,,,,,,,,,,,,,
2025-12-30 10:35:35.098000,FinePointe Series WBP [SN 10499C]  Site 3 Bias Flow is out of range.,,,,,,,,,,,,,,,,,,,,,,,,,
2025-12-30 10:35:37.098000,8d,Toxicity,Original,,394.74517822265625,0.660724401473999,251.1029052734375,0.7017557621002197,0.5956728458404541,0.6502525210380554,11.153897285461426,13.122093200683594,15.839224815368652,0.08891922980546951,0.07677880674600601,1.2851186990737915,5.6378583908081055,0,0.05006188899278641,17.249353408813477,12.485353469848633,37,25,30,57.14285659790039,
2025-12-30 10:35:37.098000,FinePointe Series WBP [SN 139781]  Site 4 Bias Flow is out of range.,,,,,,,,,,,,,,,,,,,,,,,,,
2025-12-30 10:35:39.098000,8d,Toxicity,Original,,232.4696044921875,1.0874884128570557,252.80799865722656,0.21796263754367828,0.35528773069381714,0.8634567856788635,11.153897285461426,20.735986709594727,13.888148307800293,0.0913267433643341,0.1667715162038803,0.6764214634895325,9.73380184173584,0,0.12515316903591156,14.942351341247559,1.3593825101852417,37,25,30,75,
2025-12-30 10:35:41.098000,8d,Toxicity,Original,,93.85946655273438,2.4963796138763428,240.20498657226562,0.6105010509490967,1.2368537187576294,0.5232998728752136,11.153897285461426,20.951091766357422,7.415416717529297,0.21140405535697937,0.43693944811820984,0.290349543094635,13.219308853149414,0,0.20252013206481934,2.5219662189483643,34.69231033325195,37,25,30,60,
2025-12-30 10:35:43.098000,8d,Toxicity,Original,,111.43783569335938,2.7377002239227295,303.56048583984375,0.29701852798461914,0.41847604513168335,0.8984332084655762,11.153897285461426,17.193811416625977,13.110733985900879,0.23272792994976044,0.3144263029098511,0.5411855578422546,8.060131072998047,0,0.226509228348732,3.8436527252197266,3.3996875286102295,37,25,30,40,
2025-12-30 10:35:43.098000,FinePointe Series WBP [SN 139781]  Site 2 Bias Flow is out of range.,,,,,,,,,,,,,,,,,,,,,,,,,
2025-12-30 10:35:45.098000,8d,Toxicity,Original,,151.96728515625,2.357295274734497,358.2317810058594,0.18381181359291077,0.45359882712364197,0.823659360408783,11.153897285461426,29.48061752319336,12.353784561157227,0.14229024946689606,0.25253158807754517,0.43906134366989136,15.036791801452637,0,0.17743071913719177,8.874845504760742,3.8735742568969727,37,25,30,0,
2025-12-30 10:35:45.098000,FinePointe Series WBP [SN 139781]  Site 1 Bias Flow is out of range.,,,,,,,,,,,,,,,,,,,,,,,,,
2025-12-30 10:35:45.098000,FinePointe Series WBP [SN 139781]  Site 3 Bias Flow is out of range.,,,,,,,,,,,,,,,,,,,,,,,,,
2025-12-30 10:35:45.098000,FinePointe Series WBP [SN 10499C]  Site 3 Bias Flow is out of range.,,,,,,,,,,,,,,,,,,,,,,,,,
2025-12-30 10:35:45.098000,FinePointe Series WBP [SN 139781]  Site 4 Bias Flow is out of range.,,,,,,,,,,,,,,,,,,,,,,,,,
2025-12-30 10:35:47.098000,8d,Toxicity,Original,,72.47638702392578,2.7409980297088623,199.66744995117188,0.3511441946029663,0.43475601077079773,0.9098910093307495,11.153897285461426,12.424838066101074,11.932502746582031,0.33422964811325073,0.49656981229782104,0.3587172329425812,10.113659858703613,0,0.35512229800224304,4.51596736907959,0.11151725053787231,37,25,30,25,
2025-12-30 10:35:49.098000,8d,Toxicity,Original,,123.16181182861328,2.5035347938537598,297.42987060546875,0.44142282009124756,0.5267121195793152,0.8293313384056091,11.153897285461426,15.027138710021973,14.000078201293945,0.2539593279361725,0.2692776918411255,0.9068668484687805,10.652292251586914,0,0.17969901859760284,10.376801490783691,6.222995281219482,37,25,30,0,
2025-12-30 10:35:51.098000,8d,Toxicity,Original,,71.75094604492188,2.4146101474761963,173.786376953125,0.5503793954849243,1.0810041427612305,0.5143372416496277,11.153897285461426,15.463071823120117,7.82463264465332,0.23366206884384155,0.605165958404541,0.25525885820388794,9.26070785522461,0,0.30465614795684814,,10.15849781036377,37,25,30,33.33333206176758,
2025-12-30 10:35:53.098000,8d,Toxicity,Original,,72.0920181274414,2.695746421813965,193.50222778320312,0.3960339426994324,0.5548419952392578,0.9074810147285461,11.153897285461426,12.657112121582031,11.259893417358398,0.306876003742218,0.5310654044151306,0.4557344317436218,10.106671333312988,0,0.3487655222415924,2.8408782482147217,1.6688799858093262,37,25,30,0,
2025-12-30 10:35:53.098000,FinePointe Series WBP [SN 139781]  Site 2 Bias Flow is out of range.,,,,,,,,,,,,,,,,,,,,,,,,,
2025-12-30 10:35:55.098000,8d,Toxicity,Original,,105.68912506103516,2.632941484451294,274.6875,0.38719654083251953,0.4708843231201172,0.868628978729248,11.153897285461426,13.820211410522461,13.447222709655762,0.2721906304359436,0.317137748003006,0.6492049694061279,10.881377220153809,0,0.22114810347557068,8.328185081481934,4.887659549713135,37,25,30,0,
2025-12-30 10:35:55.098000,FinePointe Series WBP [SN 139781]  Site 1 Bias Flow is out of range.,,,,,,,,,,,,,,,,,,,,,,,,,
2025-12-30 10:35:55.098000,FinePointe Series WBP [SN 139781]  Site 3 Bias Flow is out of range.,,,,,,,,,,,,,,,,,,,,,,,,,
2025-12-30 10:35:55.098000,FinePointe Series WBP [SN 10499C]  Site 3 Bias Flow is out of range.,,,,,,,,,,,,,,,,,,,,,,,,,
2025-12-30 10:35:55.098000,FinePointe Series WBP [SN 139781]  Site 4 Bias Flow is out of range.,,,,,,,,,,,,,,,,,,,,,,,,,
2025-12-30 10:35:59.098000,8d,Toxicity,Original,,70.6590347290039,2.6489858627319336,187.17477416992188,0.3834509253501892,0.6089790463447571,0.9142178297042847,11.153897285461426,11.175217628479004,8.677633285522461,0.32629701495170593,0.522851288318634,0.36073750257492065,8.852439880371094,0,0.33414846658706665,,0.7358819842338562,37,25,30,80,
2025-12-30 10:36:01.098000,8d,Toxicity,Original,,94.71855163574219,2.884603261947632,268.3833312988281,0.3865044116973877,0.5848105549812317,0.8762804865837097,11.153897285461426,13.493858337402344,11.092926025390625,0.2979881167411804,0.3544798195362091,0.5794320106506348,8.814419746398926,0,0.22657999396324158,6.651752948760986,4.716763973236084,37,25,30,0,
2025-12-30 10:36:03.098000,8d,Toxicity,Original,,104.97028350830078,2.195570230484009,216.74290466308594,0.25618958473205566,0.4243486523628235,0.8733233213424683,11.153897285461426,17.884300231933594,12.329217910766602,0.22804981470108032,0.41640573740005493,0.6281811594963074,14.548871994018555,0,0.2960575222969055,21.083717346191406,9.060029983520508,37,25,30,60,
2025-12-30 10:36:03.098000,FinePointe Series WBP [SN 139781]  Site 2 Bias Flow is out of range.,,,,,,,,,,,,,,,,,,,,,,,,,
2025-12-30 10:36:05.098000,8d,Toxicity,Original,,74.0682144165039,2.858553409576416,210.1444854736328,0.3919779062271118,0.6456766128540039,0.9150153398513794,11.153897285461426,13.321881294250488,9.540409088134766,0.3002222180366516,0.5121248960494995,0.3934885561466217,9.703174591064453,0,0.3166787028312683,3.2103216648101807,3.8684439659118652,37,25,30,0,
2025-12-30 10:36:05.098000,FinePointe Series WBP [SN 139781]  Site 1 Bias Flow is out of range.,,,,,,,,,,,,,,,,,,,,,,,,,
2025-12-30 10:36:05.098000,FinePointe Series WBP [SN 139781]  Site 3 Bias Flow is out of range.,,,,,,,,,,,,,,,,,,,,,,,,,
2025-12-30 10:36:05.098000,FinePointe Series WBP [SN 10499C]  Site 3 Bias Flow is out of range.,,,,,,,,,,,,,,,,,,,,,,,,,
2025-12-30 10:36:05.098000,FinePointe Series WBP [SN 139781]  Site 4 Bias Flow is out of range.,,,,,,,,,,,,,,,,,,,,,,,,,
2025-12-30 10:36:07.098000,8d,Toxicity,Original,,137.2723846435547,2.318324565887451,285.2706604003906,0.2919796407222748,0.4472527801990509,0.8485625982284546,11.153897285461426,17.22207260131836,13.39941692352295,0.20595258474349976,0.30532729625701904,0.7050763368606567,10.03791618347168,0,0.22051861882209778,10.524239540100098,11.131937980651855,37,25,30,0,
2025-12-30 10:36:11.098000,8d,Toxicity,Original,,83.23416137695312,2.9711251258850098,248.67152404785156,0.3499673306941986,0.5307120680809021,0.8933460116386414,11.153897285461426,14.097188949584961,11.326967239379883,0.3068060278892517,0.4207651615142822,0.40955445170402527,9.643474578857422,0,0.28368979692459106,1.8959482908248901,2.8610432147979736,37,25,30,50,
2025-12-30 10:36:13.098000,8d,Toxicity,Original,,102.3222427368164,2.6388912200927734,268.1198425292969,0.3213394284248352,0.4437107741832733,0.8815492391586304,11.153897285461426,13.214410781860352,11.850301742553711,0.2805647850036621,0.3107084035873413,0.5692003965377808,15.461288452148438,0,0.22127464413642883,11.017916679382324,3.4977145195007324,37,25,30,0,
2025-12-30 10:36:13.098000,FinePointe Series WBP [SN 139781]  Site 2 Bias Flow is out of range.,,,,,,,,,,,,,,,,,,,,,,,,,
2025-12-30 10:36:15.098000,8d,Toxicity,Original,,66.62008666992188,2.42130708694458,161.49522399902344,0.5483783483505249,0.7668261528015137,0.9252486824989319,11.153897285461426,12.50611686706543,9.987273216247559,0.292919784784317,0.6095025539398193,0.3563920855522156,13.06611442565918,0,0.3506789803504944,,5.588634014129639,37,25,30,50,
2025-12-30 10:36:15.098000,FinePointe Series WBP [SN 139781]  Site 1 Bias Flow is out of range.,,,,,,,,,,,,,,,,,,,,,,,,,
2025-12-30 10:36:15.098000,FinePointe Series WBP [SN 139781]  Site 3 Bias Flow is out of range.,,,,,,,,,,,,,,,,,,,,,,,,,
2025-12-30 10:36:15.098000,FinePointe Series WBP [SN 10499C]  Site 3 Bias Flow is out of range.,,,,,,,,,,,,,,,,,,,,,,,,,
2025-12-30 10:36:17.098000,8d,Toxicity,Original,,84.53520965576172,2.7115349769592285,227.5245361328125,0.4958001375198364,0.62111496925354,0.8671881556510925,11.153897285461426,12.651223182678223,12.268138885498047,0.3212137520313263,0.3930875062942505,0.6792337894439697,9.23061752319336,0,0.24855628609657288,7.040265083312988,5.003768444061279,37,25,30,0,
2025-12-30 10:36:17.098000,FinePointe Series WBP [SN 139781]  Site 4 Bias Flow is out of range.,,,,,,,,,,,,,,,,,,,,,,,,,
2025-12-30 10:36:19.098000,8d,Toxicity,Original,,139.91879272460938,2.1518478393554688,274.12908935546875,0.34433701634407043,0.4551475942134857,0.8351231217384338,11.153897285461426,16.80644416809082,13.880443572998047,0.21329011023044586,0.2595151662826538,0.80170738697052,11.95887279510498,0,0.18326276540756226,12.282927513122559,6.366309642791748,37,25,30,0,
2025-12-30 10:36:21.098000,8d,Toxicity,Original,,104.99578094482422,2.19966197013855,229.31240844726562,0.2467895746231079,0.49577295780181885,0.9268542528152466,11.153897285461426,19.040802001953125,11.610753059387207,0.1850953996181488,0.39443472027778625,0.43839943408966064,13.63301944732666,0,0.26767414808273315,4.5388407707214355,3.0335443019866943,37,25,30,40,
2025-12-30 10:36:21.098000,FinePointe Series WBP [SN 139781]  Site 2 Bias Flow is out of range.,,,,,,,,,,,,,,,,,,,,,,,,,
2025-12-30 10:36:25.098000,8d,Toxicity,Original,,199.76504516601562,2.217973470687866,280.67706298828125,0.39587926864624023,0.5317142009735107,0.8381301760673523,11.153897285461426,17.72378921508789,13.26313591003418,0.1923990249633789,0.27078181505203247,0.7198531627655029,13.854744911193848,0,0.18393325805664062,13.191863059997559,11.459686279296875,37,25,30,50,
2025-12-30 10:36:25.098000,FinePointe Series WBP [SN 10499C]  Site 3 Bias Flow is out of range.,,,,,,,,,,,,,,,,,,,,,,,,,
2025-12-30 10:36:25.098000,FinePointe Series WBP [SN 139781]  Site 1 Bias Flow is out of range.,,,,,,,,,,,,,,,,,,,,,,,,,
2025-12-30 10:36:25.098000,FinePointe Series WBP [SN 139781]  Site 3 Bias Flow is out of range.,,,,,,,,,,,,,,,,,,,,,,,,,
2025-12-30 10:36:27.098000,8d,Toxicity,Original,,267.6822509765625,1.3103973865509033,331.48095703125,0.3317077159881592,0.48893192410469055,0.7296195030212402,11.153897285461426,18.24293327331543,13.096894264221191,0.11706425249576569,0.12690682709217072,1.0190978050231934,12.612666130065918,0,0.09018735587596893,19.72142219543457,9.1653413772583,37,25,30,50,
2025-12-30 10:36:27.098000,FinePointe Series WBP [SN 139781]  Site 4 Bias Flow is out of range.,,,,,,,,,,,,,,,,,,,,,,,,,
2025-12-30 10:36:31.098000,8d,Toxicity,Original,,92.125732421875,2.0305118560791016,187.0623779296875,0.27120405435562134,0.3254857063293457,0.9284101128578186,11.153897285461426,12.325577735900879,11.42637825012207,0.22905665636062622,0.4222272038459778,0.3553629219532013,9.879156112670898,0,0.3230037987232208,,,37,25,30,75,
2025-12-30 10:36:33.098000,8d,Toxicity,Original,,72.0494384765625,3.017941474914551,219.3153076171875,0.2553185820579529,0.3006678521633148,0.9021843671798706,11.153897285461426,12.829148292541504,12.988180160522461,0.35913196206092834,0.47895628213882446,0.4090367555618286,9.936113357543945,0,0.376626193523407,3.599027156829834,,37,25,30,66.66666412353516,
2025-12-30 10:36:33.098000,FinePointe Series WBP [SN 139781]  Site 2 Bias Flow is out of range.,,,,,,,,,,,,,,,,,,,,,,,,,
2025-12-30 10:36:35.098000,8d,Toxicity,Original,,95.7466812133789,2.6969857215881348,257.4389343261719,0.4517754912376404,0.5130435228347778,0.8618196249008179,11.153897285461426,13.263007164001465,14.409686088562012,0.2983911633491516,0.33187136054039,0.7648099660873413,10.920625686645508,0,0.22589947283267975,9.311734199523926,4.194315433502197,37,25,30,0,
2025-12-30 10:36:35.098000,FinePointe Series WBP [SN 139781]  Site 1 Bias Flow is out of range.,,,,,,,,,,,,,,,,,,,,,,,,,
2025-12-30 10:36:35.098000,FinePointe Series WBP [SN 10499C]  Site 3 Bias Flow is out of range.,,,,,,,,,,,,,,,,,,,,,,,,,
2025-12-30 10:36:35.098000,FinePointe Series WBP [SN 139781]  Site 3 Bias Flow is out of range.,,,,,,,,,,,,,,,,,,,,,,,,,
2025-12-30 10:36:37.098000,8d,Toxicity,Original,,197.81655883789062,1.7956645488739014,257.6499328613281,0.3887939453125,0.49094200134277344,0.8355412483215332,11.153897285461426,15.928199768066406,13.453352928161621,0.158342644572258,0.23148547112941742,0.8518768548965454,10.572662353515625,0,0.15467393398284912,14.531874656677246,7.889463424682617,37,25,30,33.33333206176758,
2025-12-30 10:36:37.098000,FinePointe Series WBP [SN 139781]  Site 4 Bias Flow is out of range.,,,,,,,,,,,,,,,,,,,,,,,,,
2025-12-30 10:36:39.098000,8d,Toxicity,Original,,281.03265380859375,1.2903635501861572,311.90179443359375,0.4610772132873535,0.5443477034568787,0.7166950106620789,11.153897285461426,18.345550537109375,15.156991958618164,0.11244708299636841,0.18060937523841858,1.0578267574310303,30.76035499572754,0,0.13201895356178284,18.008527755737305,7.171074867248535,37,25,30,60,
2025-12-30 10:36:43.098000,8d,Toxicity,Original,,82.56788635253906,3.3193655014038086,273.63543701171875,0.33158308267593384,0.5197883248329163,0.8850812911987305,11.153897285461426,14.163440704345703,10.570537567138672,0.327223539352417,0.39977121353149414,0.3424393832683563,11.697193145751953,0,0.2702600955963135,3.6853396892547607,2.0339536666870117,37,25,30,81.81818389892578,
2025-12-30 10:36:43.098000,FinePointe Series WBP [SN 139781]  Site 2 Bias Flow is out of range.,,,,,,,,,,,,,,,,,,,,,,,,,
2025-12-30 10:36:45.098000,8d,Toxicity,Original,,120.2001724243164,2.2996468544006348,275.4511413574219,0.32908883690834045,0.36879006028175354,0.8763383030891418,11.153897285461426,17.353235244750977,16.26315689086914,0.21096527576446533,0.2974205017089844,0.651225209236145,12.407090187072754,0,0.2233189344406128,9.832253456115723,3.260035991668701,37,25,30,25,
2025-12-30 10:36:45.098000,FinePointe Series WBP [SN 139781]  Site 1 Bias Flow is out of range.,,,,,,,,,,,,,,,,,,,,,,,,,
2025-12-30 10:36:45.098000,FinePointe Series WBP [SN 139781]  Site 3 Bias Flow is out of range.,,,,,,,,,,,,,,,,,,,,,,,,,
2025-12-30 10:36:45.098000,FinePointe Series WBP [SN 10499C]  Site 3 Bias Flow is out of range.,,,,,,,,,,,,,,,,,,,,,,,,,
2025-12-30 10:36:47.098000,8d,Toxicity,Original,,292.54217529296875,0.6009812951087952,175.81236267089844,0.3449133634567261,0.6106176376342773,0.6018116474151611,11.153897285461426,12.726070404052734,7.415401458740234,0.07881327718496323,0.1262853592634201,0.6571909189224243,6.2393717765808105,0,0.07959839701652527,15.891444206237793,10.608421325683594,37,25,30,85.71428680419922,
2025-12-30 10:36:47.098000,FinePointe Series WBP [SN 139781]  Site 4 Bias Flow is out of range.,,,,,,,,,,,,,,,,,,,,,,,,,
2025-12-30 10:36:49.098000,8d,Toxicity,Original,,105.44168853759766,2.6304430961608887,277.9144287109375,0.16301029920578003,0.26340943574905396,0.895950436592102,11.153897285461426,18.60724639892578,13.483622550964355,0.23018373548984528,0.3391071557998657,0.5110059380531311,54.254417419433594,0,0.27852949500083923,11.541593551635742,0.2844979465007782,37,25,30,71.42857360839844,
2025-12-30 10:36:51.098000,8d,Toxicity,Original,,76.0288314819336,2.6622533798217773,202.24560546875,0.44478631019592285,0.6070830225944519,0.8524707555770874,11.153897285461426,12.77253532409668,10.683459281921387,0.3738211989402771,0.4161486029624939,0.5209071636199951,20.436269760131836,0,0.2669592499732971,8.615702629089355,4.3524651527404785,37,25,30,0,
2025-12-30 10:36:53.098000,8d,Toxicity,Original,,87.90711975097656,2.572200298309326,225.40264892578125,0.42987412214279175,0.46630117297172546,0.8340334892272949,11.153897285461426,10.81340217590332,12.492594718933105,0.38042882084846497,0.3051888346672058,0.6047972440719604,16.101818084716797,0,0.22331318259239197,16.20452308654785,3.2772274017333984,37,25,30,0,
2025-12-30 10:36:53.098000,FinePointe Series WBP [SN 139781]  Site 2 Bias Flow is out of range.,,,,,,,,,,,,,,,,,,,,,,,,,
2025-12-30 10:36:55.098000,8d,Toxicity,Original,,144.62928771972656,2.221360683441162,301.7923278808594,0.3551081418991089,0.3730833828449249,0.8300495147705078,11.153897285461426,14.670967102050781,16.011016845703125,0.21383410692214966,0.2365768551826477,0.9966135025024414,27.596126556396484,0,0.1788666546344757,18.558429718017578,5.811928749084473,37,25,30,33.33333206176758,
2025-12-30 10:36:55.098000,FinePointe Series WBP [SN 139781]  Site 1 Bias Flow is out of range.,,,,,,,,,,,,,,,,,,,,,,,,,
2025-12-30 10:36:55.098000,FinePointe Series WBP [SN 139781]  Site 3 Bias Flow is out of range.,,,,,,,,,,,,,,,,,,,,,,,,,
2025-12-30 10:36:55.098000,FinePointe Series WBP [SN 10499C]  Site 3 Bias Flow is out of range.,,,,,,,,,,,,,,,,,,,,,,,,,
2025-12-30 10:36:55.098000,FinePointe Series WBP [SN 139781]  Site 4 Bias Flow is out of range.,,,,,,,,,,,,,,,,,,,,,,,,,
2025-12-30 10:36:57.098000,8d,Toxicity,Original,,245.24978637695312,1.4227055311203003,279.14404296875,0.48045557737350464,0.4946194291114807,0.7356916069984436,11.153897285461426,16.777355194091797,15.654632568359375,0.12820395827293396,0.214030921459198,1.1464736461639404,9.510124206542969,0,0.1571633666753769,16.959423065185547,12.150664329528809,37,25,30,42.85714340209961,
2025-12-30 10:36:59.098000,8d,Toxicity,Original,,81.90567016601562,1.5148018598556519,124.07086181640625,1.9785486459732056,2.899184465408325,0.17060746252536774,11.153897285461426,8.877087593078613,4.548016548156738,0.2753601670265198,0.4571898281574249,0.3790964186191559,9.146577835083008,106.52391052246094,0.12040050327777863,1.023268699645996,44.405738830566406,37,25,30,50,
2025-12-30 10:37:01.098000,8d,Toxicity,Original,,86.30210876464844,2.98488712310791,257.60205078125,0.3185959756374359,0.4653382897377014,0.8911998867988586,11.153897285461426,13.982754707336426,12.119781494140625,0.3114798665046692,0.3837522864341736,0.4749515652656555,11.599666595458984,0,0.2694702744483948,6.762233257293701,1.2246792316436768,37,25,30,80,
2025-12-30 10:37:03.098000,8d,Toxicity,Original,,173.6053009033203,2.1127779483795166,317.0539855957031,0.4031279385089874,0.4757193326950073,0.7890433073043823,11.153897285461426,16.185226440429688,15.109949111938477,0.20174501836299896,0.23032255470752716,0.9126879572868347,10.75850772857666,0,0.16493499279022217,12.988945960998535,5.918729305267334,37,25,30,25,
2025-12-30 10:37:03.098000,FinePointe Series WBP [SN 139781]  Site 2 Bias Flow is out of range.,,,,,,,,,,,,,,,,,,,,,,,,,
2025-12-30 10:37:05.098000,8d,Toxicity,Original,,178.55157470703125,1.662236213684082,280.1507873535156,0.3180224299430847,0.4891422390937805,0.8247992992401123,11.153897285461426,17.3535213470459,11.770589828491211,0.15168341994285583,0.21415989100933075,0.6745073795318604,13.50879192352295,0,0.1457776427268982,13.92963695526123,7.346522808074951,37,25,30,42.85714340209961,
2025-12-30 10:37:05.098000,FinePointe Series WBP [SN 139781]  Site 1 Bias Flow is out of range.,,,,,,,,,,,,,,,,,,,,,,,,,
2025-12-30 10:37:05.098000,FinePointe Series WBP [SN 139781]  Site 3 Bias Flow is out of range.,,,,,,,,,,,,,,,,,,,,,,,,,
2025-12-30 10:37:05.098000,FinePointe Series WBP [SN 10499C]  Site 3 Bias Flow is out of range.,,,,,,,,,,,,,,,,,,,,,,,,,
2025-12-30 10:37:05.098000,FinePointe Series WBP [SN 139781]  Site 4 Bias Flow is out of range.,,,,,,,,,,,,,,,,,,,,,,,,,
2025-12-30 10:37:07.098000,8d,Toxicity,Original,,71.626220703125,2.1320815086364746,152.71714782714844,0.5474949479103088,0.6931079030036926,0.9172435998916626,11.153897285461426,10.257705688476562,8.240527153015137,0.31579214334487915,0.5218899250030518,0.29026442766189575,10.85300350189209,0,0.3345622420310974,0.07193522900342941,13.581891059875488,37,25,30,0,
2025-12-30 10:37:09.098000,8d,Toxicity,Original,,77.53726959228516,2.871372938156128,221.076904296875,0.41207507252693176,0.5837812423706055,0.895940899848938,11.153897285461426,12.374621391296387,10.914794921875,0.33683809638023376,0.44048935174942017,0.4207487404346466,10.204683303833008,0,0.28745657205581665,4.504729747772217,5.5317840576171875,37,25,30,0,
2025-12-30 10:37:11.098000,8d,Toxicity,Original,,177.0640106201172,2.068910598754883,340.3568115234375,0.317486047744751,0.385236531496048,0.8046351075172424,11.153897285461426,17.493980407714844,15.267716407775879,0.1816055029630661,0.18866242468357086,0.9974387884140015,16.20123291015625,0,0.14142893254756927,19.168060302734375,7.223707675933838,37,25,30,0,
2025-12-30 10:37:11.098000,FinePointe Series WBP [SN 139781]  Site 2 Bias Flow is out of range.,,,,,,,,,,,,,,,,,,,,,,,,,
2025-12-30 10:37:15.098000,8d,Toxicity,Original,,76.8829345703125,2.6250483989715576,204.58358764648438,0.6618006229400635,1.0015207529067993,0.9191954135894775,11.153897285461426,12.892415046691895,7.647887229919434,0.30635544657707214,0.4865601360797882,0.34828606247901917,8.472833633422852,0,0.25388818979263306,3.9654293060302734,10.224630355834961,37,25,30,40,
2025-12-30 10:37:15.098000,FinePointe Series WBP [SN 139781]  Site 1 Bias Flow is out of range.,,,,,,,,,,,,,,,,,,,,,,,,,
2025-12-30 10:37:15.098000,FinePointe Series WBP [SN 139781]  Site 3 Bias Flow is out of range.,,,,,,,,,,,,,,,,,,,,,,,,,
2025-12-30 10:37:15.098000,FinePointe Series WBP [SN 10499C]  Site 3 Bias Flow is out of range.,,,,,,,,,,,,,,,,,,,,,,,,,
2025-12-30 10:37:17.098000,8d,Toxicity,Original,,113.38369750976562,2.1839053630828857,248.22698974609375,0.22241663932800293,0.3800313472747803,0.8896918296813965,11.153897285461426,19.295886993408203,12.828877449035645,0.18842363357543945,0.3546951413154602,0.689116358757019,11.749150276184082,0,0.258760929107666,14.050524711608887,5.447488784790039,37,25,30,0,
2025-12-30 10:37:17.098000,FinePointe Series WBP [SN 139781]  Site 4 Bias Flow is out of range.,,,,,,,,,,,,,,,,,,,,,,,,,
2025-12-30 10:37:19.098000,8d,Toxicity,Original,,60.83079147338867,3.1172590255737305,189.6253204345703,0.17146281898021698,0.2305070459842682,0.9384862780570984,11.153897285461426,10.859621047973633,10.347920417785645,0.3704572021961212,0.6158853769302368,0.16574497520923615,11.778790473937988,0,0.507513701915741,,,37,25,30,50,
2025-12-30 10:37:21.098000,8d,Toxicity,Original,,73.13455200195312,2.8745031356811523,209.44908142089844,0.37502896785736084,0.4500344395637512,0.9128459692001343,11.153897285461426,13.324508666992188,13.803492546081543,0.3072672486305237,0.514513373374939,0.4475412964820862,10.970874786376953,0,0.36415761709213257,5.430605411529541,,37,25,30,0,
2025-12-30 10:37:23.098000,8d,Toxicity,Original,,138.69131469726562,2.3141047954559326,282.2529602050781,0.38244837522506714,0.43996095657348633,0.8604826331138611,11.153897285461426,16.959278106689453,16.34176254272461,0.21354766190052032,0.2971859276294708,0.8421736359596252,10.648239135742188,0,0.2098810225725174,8.987329483032227,4.24021053314209,37,25,30,20,
2025-12-30 10:37:23.098000,FinePointe Series WBP [SN 139781]  Site 2 Bias Flow is out of range.,,,,,,,,,,,,,,,,,,,,,,,,,
2025-12-30 10:37:25.098000,8d,Toxicity,Original,,54.25206756591797,2.0495448112487793,111.1920394897461,1.1264302730560303,1.5214430093765259,0.9442808628082275,11.153897285461426,10.650571823120117,7.743171215057373,0.30745741724967957,0.7984912395477295,0.2963743507862091,8.66450309753418,0,0.3212418258190155,,17.989049911499023,37,25,30,50,
2025-12-30 10:37:25.098000,FinePointe Series WBP [SN 10499C]  Site 3 Bias Flow is out of range.,,,,,,,,,,,,,,,,,,,,,,,,,
2025-12-30 10:37:25.098000,FinePointe Series WBP [SN 139781]  Site 1 Bias Flow is out of range.,,,,,,,,,,,,,,,,,,,,,,,,,
2025-12-30 10:37:25.098000,FinePointe Series WBP [SN 139781]  Site 3 Bias Flow is out of range.,,,,,,,,,,,,,,,,,,,,,,,,,
2025-12-30 10:37:27.098000,8d,Toxicity,Original,,96.15105438232422,2.886857748031616,269.2321472167969,0.2928495407104492,0.3717065751552582,0.8928005695343018,11.153897285461426,14.027860641479492,12.8867826461792,0.3148071765899658,0.3878284692764282,0.5397067070007324,17.910680770874023,0,0.28892508149147034,11.096759796142578,4.484909534454346,37,25,30,0,
2025-12-30 10:37:27.098000,FinePointe Series WBP [SN 139781]  Site 4 Bias Flow is out of range.,,,,,,,,,,,,,,,,,,,,,,,,,
2025-12-30 10:37:29.098000,8d,Toxicity,Original,,175.03131103515625,1.4325311183929443,250.73779296875,0.34170427918434143,0.7369617223739624,0.5110116600990295,11.153897285461426,22.00238037109375,10.206890106201172,0.12753653526306152,0.21525926887989044,0.9147778153419495,17.576496124267578,0,0.12793873250484467,18.882646560668945,21.133155822753906,37,25,30,0,
2025-12-30 10:37:31.098000,8d,Toxicity,Original,,93.54981231689453,2.6885313987731934,244.60879516601562,0.3067970275878906,0.402780145406723,0.8908741474151611,11.153897285461426,14.938741683959961,13.28666877746582,0.28272178769111633,0.44667091965675354,0.5322324633598328,14.579790115356445,0,0.32191067934036255,14.999242782592773,4.377770900726318,37,25,30,20,
2025-12-30 10:37:33.098000,8d,Toxicity,Original,,129.6243438720703,2.2253315448760986,288.4571228027344,0.2552882134914398,0.3135642111301422,0.8830612301826477,11.153897285461426,17.126693725585938,14.92789363861084,0.19335906207561493,0.2695169746875763,0.642391562461853,10.879619598388672,0,0.20891131460666656,8.180891036987305,,37,25,30,0,
2025-12-30 10:37:33.098000,FinePointe Series WBP [SN 139781]  Site 2 Bias Flow is out of range.,,,,,,,,,,,,,,,,,,,,,,,,,
2025-12-30 10:37:35.098000,8d,Toxicity,Original,,135.4630889892578,2.19132924079895,263.1243896484375,0.4602828323841095,0.6087177395820618,0.8711719512939453,11.153897285461426,15.533914566040039,13.636301040649414,0.24049638211727142,0.4199519157409668,0.7621845006942749,12.796022415161133,0,0.24855133891105652,20.280658721923828,9.6430025100708,37,25,30,20,
2025-12-30 10:37:35.098000,FinePointe Series WBP [SN 10499C]  Site 3 Bias Flow is out of range.,,,,,,,,,,,,,,,,,,,,,,,,,
2025-12-30 10:37:35.098000,FinePointe Series WBP [SN 139781]  Site 1 Bias Flow is out of range.,,,,,,,,,,,,,,,,,,,,,,,,,
2025-12-30 10:37:35.098000,FinePointe Series WBP [SN 139781]  Site 3 Bias Flow is out of range.,,,,,,,,,,,,,,,,,,,,,,,,,
2025-12-30 10:37:37.098000,8d,Toxicity,Original,,151.8871307373047,2.0823352336883545,237.29925537109375,0.3162272572517395,0.4882764518260956,0.7911900281906128,11.153897285461426,18.771902084350586,12.871667861938477,0.1720685064792633,0.32006025314331055,0.5640671849250793,19.854618072509766,0,0.23345471918582916,10.696401596069336,17.706798553466797,37,25,30,40,
2025-12-30 10:37:37.098000,FinePointe Series WBP [SN 139781]  Site 4 Bias Flow is out of range.,,,,,,,,,,,,,,,,,,,,,,,,,
2025-12-30 10:37:39.098000,8d,Toxicity,Original,,107.63111114501953,2.4819388389587402,257.9599609375,0.28239765763282776,0.5183361768722534,0.9159818887710571,11.153897285461426,21.088165283203125,13.24814224243164,0.17877063155174255,0.4153445363044739,0.5254392623901367,14.817899703979492,0,0.27168595790863037,10.942596435546875,5.717031002044678,37,25,30,0,
2025-12-30 10:37:43.098000,8d,Toxicity,Original,,91.60934448242188,3.3863563537597656,308.19232177734375,0.316683828830719,0.4350736737251282,0.8914520740509033,11.153897285461426,14.784065246582031,13.502647399902344,0.3226192891597748,0.3466320037841797,0.5124656558036804,9.645881652832031,0,0.2474750429391861,5.624980449676514,1.1662136316299438,37,25,30,66.66666412353516,
2025-12-30 10:37:43.098000,FinePointe Series WBP [SN 139781]  Site 2 Bias Flow is out of range.,,,,,,,,,,,,,,,,,,,,,,,,,
2025-12-30 10:37:45.098000,8d,Toxicity,Original,,36.84421157836914,8.920365333557129,328.6637878417969,4.2006707191467285,3.749433755874634,0.08467733860015869,11.153897285461426,36.9091682434082,24.234569549560547,0.4947630763053894,1.133715271949768,1.1034849882125854,4.9188008308410645,327.177734375,0.2420622557401657,,18.089210510253906,37,25,30,0,
2025-12-30 10:37:45.098000,FinePointe Series WBP [SN 139781]  Site 1 Bias Flow is out of range.,,,,,,,,,,,,,,,,,,,,,,,,,
2025-12-30 10:37:45.098000,FinePointe Series WBP [SN 10499C]  Site 3 Bias Flow is out of range.,,,,,,,,,,,,,,,,,,,,,,,,,
2025-12-30 10:37:45.098000,FinePointe Series WBP [SN 139781]  Site 3 Bias Flow is out of range.,,,,,,,,,,,,,,,,,,,,,,,,,
2025-12-30 10:37:47.098000,8d,Toxicity,Original,,516.8261108398438,0.56606125831604,292.55523681640625,0.41614487767219543,0.5336495637893677,0.7159621119499207,11.153897285461426,15.933748245239258,12.683382987976074,0.06022432819008827,0.055868878960609436,1.0648119449615479,4.388661861419678,0,0.03691527247428894,18.944677352905273,12.192726135253906,37,25,30,94.44444274902344,
2025-12-30 10:37:47.098000,FinePointe Series WBP [SN 139781]  Site 4 Bias Flow is out of range.,,,,,,,,,,,,,,,,,,,,,,,,,
2025-12-30 10:37:49.098000,8d,Toxicity,Original,,257.9919738769531,0.9384037256240845,242.10061645507812,0.1603008210659027,0.30607306957244873,0.8128145933151245,11.153897285461426,19.91492462158203,11.469510078430176,0.0947725847363472,0.13779279589653015,0.9522356390953064,30.029407501220703,0,0.10987397283315659,35.867862701416016,6.075217247009277,37,25,30,66.66666412353516,
2025-12-30 10:37:51.098000,8d,Toxicity,Original,,150.54415893554688,2.1576411724090576,312.9732360839844,0.4222392439842224,0.4802040159702301,0.7661168575286865,11.153897285461426,16.327247619628906,14.877530097961426,0.2031608372926712,0.2220403105020523,0.9432536959648132,10.419010162353516,0,0.15676043927669525,11.986504554748535,6.2580485343933105,37,25,30,50,
2025-12-30 10:37:53.098000,8d,Toxicity,Original,,332.9626159667969,0.6990113854408264,232.74465942382812,0.3923485279083252,0.5844005942344666,0.6352039575576782,11.153897285461426,15.120534896850586,10.411389350891113,0.07944536954164505,0.10075504332780838,0.9153814911842346,8.048851013183594,0,0.06488111615180969,19.714080810546875,10.64073657989502,37,25,30,80,
2025-12-30 10:37:53.098000,FinePointe Series WBP [SN 139781]  Site 2 Bias Flow is out of range.,,,,,,,,,,,,,,,,,,,,,,,,,
2025-12-30 10:37:55.098000,8d,Toxicity,Original,,334.2754211425781,1.0443023443222046,349.30047607421875,0.3882389962673187,0.5936079621315002,0.6233110427856445,11.153897285461426,17.56710433959961,11.56240463256836,0.09770917147397995,0.08181329071521759,1.0044580698013306,8.311914443969727,0,0.052850231528282166,19.940448760986328,13.139261245727539,37,25,30,77.77777862548828,
2025-12-30 10:37:55.098000,FinePointe Series WBP [SN 139781]  Site 1 Bias Flow is out of range.,,,,,,,,,,,,,,,,,,,,,,,,,
2025-12-30 10:37:55.098000,FinePointe Series WBP [SN 139781]  Site 3 Bias Flow is out of range.,,,,,,,,,,,,,,,,,,,,,,,,,
2025-12-30 10:37:55.098000,FinePointe Series WBP [SN 10499C]  Site 3 Bias Flow is out of range.,,,,,,,,,,,,,,,,,,,,,,,,,
2025-12-30 10:37:55.098000,FinePointe Series WBP [SN 139781]  Site 4 Bias Flow is out of range.,,,,,,,,,,,,,,,,,,,,,,,,,
2025-12-30 10:37:59.098000,8d,Toxicity,Original,,91.35110473632812,2.8920698165893555,263.4785461425781,0.2597047686576843,0.3914811909198761,0.8829741477966309,11.153897285461426,14.28185749053955,11.509340286254883,0.2986590266227722,0.3606509566307068,0.40247395634651184,15.277362823486328,0,0.2668883204460144,5.953970432281494,1.5818760395050049,37,25,30,75,
2025-12-30 10:38:01.098000,8d,Toxicity,Original,,130.8738250732422,2.036953926086426,263.4853210449219,0.3638428747653961,0.45072025060653687,0.85230952501297,11.153897285461426,16.027050018310547,13.506763458251953,0.1998472511768341,0.29539456963539124,0.7475911378860474,12.578897476196289,0,0.2081918567419052,9.473307609558105,5.501430988311768,37,25,30,0,
2025-12-30 10:38:03.098000,8d,Toxicity,Original,,76.83039093017578,2.130321979522705,165.00962829589844,0.5032958984375,0.6797217130661011,0.8951261043548584,11.153897285461426,11.587984085083008,10.57410717010498,0.29594194889068604,0.49393129348754883,0.45850223302841187,8.561002731323242,0,0.30063241720199585,3.4015583992004395,6.278111457824707,37,25,30,33.33333206176758,
2025-12-30 10:38:03.098000,FinePointe Series WBP [SN 139781]  Site 2 Bias Flow is out of range.,,,,,,,,,,,,,,,,,,,,,,,,,
2025-12-30 10:38:05.098000,8d,Toxicity,Original,,184.513671875,1.8964626789093018,325.46722412109375,0.4085143208503723,0.46032285690307617,0.7971649169921875,11.153897285461426,16.152240753173828,14.817469596862793,0.1858561784029007,0.18354655802249908,0.991471529006958,11.059904098510742,0,0.12890249490737915,14.320704460144043,7.3135666847229,37,25,30,20,
2025-12-30 10:38:05.098000,FinePointe Series WBP [SN 139781]  Site 1 Bias Flow is out of range.,,,,,,,,,,,,,,,,,,,,,,,,,
2025-12-30 10:38:05.098000,FinePointe Series WBP [SN 139781]  Site 3 Bias Flow is out of range.,,,,,,,,,,,,,,,,,,,,,,,,,
2025-12-30 10:38:05.098000,FinePointe Series WBP [SN 10499C]  Site 3 Bias Flow is out of range.,,,,,,,,,,,,,,,,,,,,,,,,,
2025-12-30 10:38:05.098000,FinePointe Series WBP [SN 139781]  Site 4 Bias Flow is out of range.,,,,,,,,,,,,,,,,,,,,,,,,,
2025-12-30 10:38:07.098000,8d,Toxicity,Original,,59.28650665283203,2.0950167179107666,124.20622253417969,0.23273497819900513,0.4458763003349304,0.9476979970932007,11.153897285461426,12.054780006408691,9.005249977111816,0.2881753146648407,0.7238593101501465,0.45301172137260437,8.24716854095459,0,0.5064971446990967,,,37,25,30,50,
2025-12-30 10:38:09.098000,8d,Toxicity,Original,,64.6051025390625,3.0904598236083984,199.7506103515625,0.12461262941360474,0.21541501581668854,0.9272969365119934,11.153897285461426,14.646883010864258,10.311301231384277,0.3281921148300171,0.6005426645278931,0.35396239161491394,25.371217727661133,0,0.5036001205444336,0.2531528174877167,,37,25,30,0,
2025-12-30 10:38:11.098000,8d,Toxicity,Original,,127.61488342285156,2.381906032562256,261.65130615234375,0.3449702262878418,0.42841780185699463,0.8490618467330933,11.153897285461426,14.864984512329102,13.722805976867676,0.24141408503055573,0.33923909068107605,0.6628227829933167,11.12844467163086,0,0.2433023452758789,8.913412094116211,8.15269660949707,37,25,30,0,
2025-12-30 10:38:13.098000,8d,Toxicity,Original,,79.78736114501953,2.2936694622039795,183.00582885742188,0.2558198571205139,0.4027141034603119,0.9324554800987244,11.153897285461426,14.253131866455078,11.250774383544922,0.230794295668602,0.5212045311927795,0.4309972822666168,12.611832618713379,0,0.3764908015727997,2.134051561355591,,37,25,30,50,
2025-12-30 10:38:13.098000,FinePointe Series WBP [SN 139781]  Site 2 Bias Flow is out of range.,,,,,,,,,,,,,,,,,,,,,,,,,
2025-12-30 10:38:15.098000,8d,Toxicity,Original,,94.41716766357422,2.275660514831543,213.21066284179688,0.20689179003238678,0.37801602482795715,0.9163146615028381,11.153897285461426,18.969797134399414,12.20607852935791,0.19394567608833313,0.4438033998012543,0.44741857051849365,13.375568389892578,0,0.3266368806362152,5.538153648376465,1.50331711769104,37,25,30,0,
2025-12-30 10:38:15.098000,FinePointe Series WBP [SN 139781]  Site 1 Bias Flow is out of range.,,,,,,,,,,,,,,,,,,,,,,,,,
2025-12-30 10:38:15.098000,FinePointe Series WBP [SN 139781]  Site 3 Bias Flow is out of range.,,,,,,,,,,,,,,,,,,,,,,,,,
2025-12-30 10:38:15.098000,FinePointe Series WBP [SN 10499C]  Site 3 Bias Flow is out of range.,,,,,,,,,,,,,,,,,,,,,,,,,
2025-12-30 10:38:15.098000,FinePointe Series WBP [SN 139781]  Site 4 Bias Flow is out of range.,,,,,,,,,,,,,,,,,,,,,,,,,
2025-12-30 10:38:17.098000,8d,Toxicity,Original,,159.3837890625,1.8887109756469727,301.2681579589844,0.20936359465122223,0.34337326884269714,0.8626359105110168,11.153897285461426,21.915185928344727,14.560704231262207,0.14771617949008942,0.22926564514636993,0.730811595916748,17.223350524902344,0,0.17543523013591766,13.651602745056152,2.687234878540039,37,25,30,50,
2025-12-30 10:38:21.098000,8d,Toxicity,Original,,295.83123779296875,1.2786426544189453,310.03741455078125,0.38440221548080444,0.4358760416507721,0.7748227119445801,11.153897285461426,20.63856315612793,17.7628173828125,0.09736436605453491,0.17991873621940613,1.222062587738037,8.315366744995117,0,0.138700470328331,14.2372407913208,9.88619613647461,37,25,30,80,
2025-12-30 10:38:23.098000,8d,Toxicity,Original,,441.1654052734375,0.7003262042999268,306.2175598144531,0.520436704158783,0.5512022972106934,0.6764525771141052,11.153897285461426,15.789023399353027,15.008772850036621,0.07157811522483826,0.06681438535451889,1.270721197128296,5.41874885559082,0,0.044160179793834686,19.617189407348633,11.794413566589355,37,25,30,70.5882339477539,
2025-12-30 10:38:23.098000,FinePointe Series WBP [SN 139781]  Site 2 Bias Flow is out of range.,,,,,,,,,,,,,,,,,,,,,,,,,
2025-12-30 10:38:25.098000,8d,Toxicity,Original,,295.30224609375,0.865410566329956,229.87327575683594,0.30901241302490234,0.46688753366470337,0.7943970561027527,11.153897285461426,15.4049711227417,10.313340187072754,0.09758219122886658,0.143685981631279,0.6984963417053223,12.092561721801758,0,0.09922720491886139,20.630996704101562,10.974265098571777,37,25,30,55.55555725097656,
2025-12-30 10:38:25.098000,FinePointe Series WBP [SN 139781]  Site 1 Bias Flow is out of range.,,,,,,,,,,,,,,,,,,,,,,,,,
2025-12-30 10:38:25.098000,FinePointe Series WBP [SN 139781]  Site 3 Bias Flow is out of range.,,,,,,,,,,,,,,,,,,,,,,,,,
2025-12-30 10:38:25.098000,FinePointe Series WBP [SN 10499C]  Site 3 Bias Flow is out of range.,,,,,,,,,,,,,,,,,,,,,,,,,
2025-12-30 10:38:27.098000,8d,Toxicity,Original,,399.6824951171875,0.7973356246948242,298.32958984375,0.6167142391204834,0.611567497253418,0.6150572896003723,11.153897285461426,13.613179206848145,13.541231155395508,0.09122464805841446,0.06596164405345917,1.1727519035339355,6.186778545379639,0,0.04241837561130524,18.913654327392578,12.977521896362305,37,25,30,0,
2025-12-30 10:38:27.098000,FinePointe Series WBP [SN 139781]  Site 4 Bias Flow is out of range.,,,,,,,,,,,,,,,,,,,,,,,,,
2025-12-30 10:38:29.098000,8d,Toxicity,Original,,177.4035186767578,1.4015768766403198,238.49366760253906,0.3082229495048523,0.3588736057281494,0.8127672076225281,11.153897285461426,17.44003677368164,15.139036178588867,0.13353420794010162,0.2315816879272461,0.8728338479995728,16.803924560546875,0,0.17791010439395905,17.725709915161133,5.563851356506348,37,25,30,71.42857360839844,
2025-12-30 10:38:31.098000,8d,Toxicity,Original,,88.55240631103516,2.7527554035186768,247.76483154296875,0.5271651744842529,0.8164055347442627,0.8873982429504395,11.153897285461426,14.440694808959961,9.603774070739746,0.2927049696445465,0.4007316827774048,0.4672822952270508,10.485905647277832,0,0.22270748019218445,9.065520286560059,3.273433208465576,37,25,30,50,
2025-12-30 10:38:31.098000,Record signals and tables.,,,,,,,,,,,,,,,,,,,,,,,,,
2025-12-30 10:38:31.098000,Experiment Complete.,,,,,,,,,,,,,,,,,,,,,,,,,
2025-12-30 10:38:33.098000,8d,Toxicity,Original,,185.85609436035156,2.411386728286743,391.4110107421875,0.27645954489707947,0.44689109921455383,0.7870897054672241,11.153897285461426,21.51477813720703,13.997819900512695,0.17678587138652802,0.20172932744026184,0.8875439167022705,15.512064933776855,0,0.14957040548324585,14.618139266967773,8.673627853393555,37,25,30,20,
