Time,Subject,Phase,Recording,Alarms,f,TVb,MVb,Penh,PAU,Rpef,Comp,PIFb,PEFb,Ti,Te,EF50,EIP,EEP,Tr,TB,TP,Tbody,Tc,RH,Rinx,BFCF
2025-12-30 10:03:35.187000,9d,Toxicity,Original,,313.9102783203125,0.92001873254776,288.8033447265625,1.8828003406524658,1.6842772960662842,0.33074700832366943,11.153897285461426,15.867704391479492,17.196796417236328,0.12462131679058075,0.06651609390974045,1.5291309356689453,3.9707093238830566,27.01054573059082,0.025228243321180344,13.819914817810059,16.84921646118164,37,25,30,75,
2025-12-30 10:03:35.187000,Site Acknowledgement Changed: False,,,,,,,,,,,,,,,,,,,,,,,,,
2025-12-30 10:03:35.187000,FinePointe Series WBP [SN 10499C]  Site 4 Bias Flow is out of range.,,,,,,,,,,,,,,,,,,,,,,,,,
2025-12-30 10:03:37.188000,9d,Toxicity,Original,,387.24005126953125,0.9885817766189575,410.30108642578125,3.4457855224609375,1.9714490175247192,0.44043606519699097,11.153897285461426,23.75823211669922,40.06913375854492,0.09608189016580582,0.08028985559940338,3.4541776180267334,5.2885942459106445,15.080061912536621,0.038676321506500244,15.161629676818848,22.383464813232422,37,25,30,66.66666412353516,
2025-12-30 10:03:39.188000,9d,Toxicity,Original,,135.93490600585938,1.8592313528060913,252.73443603515625,0.45118552446365356,0.4427255690097809,0.7914994955062866,11.153897285461426,15.765244483947754,17.2764835357666,0.24176663160324097,0.19962109625339508,1.238610029220581,25.419063568115234,0,0.14574161171913147,27.065570831298828,3.2807674407958984,37,25,30,92.30769348144531,
2025-12-30 10:03:39.188000,FinePointe Series WBP [SN 10499C]  Site 3 Bias Flow is out of range.,,,,,,,,,,,,,,,,,,,,,,,,,
2025-12-30 10:03:41.187000,9d,Toxicity,Original,,420.0682373046875,0.26552194356918335,100.14122009277344,1.4350014925003052,1.061592698097229,0.4127298593521118,11.153897285461426,7.2150068283081055,6.934151649475098,0.0671488419175148,0.07978063076734543,0.47858941555023193,2.618217706680298,14.2753267288208,0.04338809475302696,15.217609405517578,9.82039737701416,37,25,30,70,
2025-12-30 10:03:43.188000,9d,Toxicity,Original,,335.6847839355469,0.17102214694023132,56.71663284301758,0.33177804946899414,0.25753623247146606,0.8168367147445679,11.153897285461426,3.943321704864502,6.29923677444458,0.0877641960978508,0.09158539772033691,0.512377142906189,19.386409759521484,0,0.07436280697584152,17.328405380249023,6.185882091522217,37,25,30,84.61538696289062,
2025-12-30 10:03:43.188000,FinePointe Series WBP [SN 139781]  Site 4 Bias Flow is out of range.,,,,,,,,,,,,,,,,,,,,,,,,,
2025-12-30 10:03:45.187000,9d,Toxicity,Original,,405.1651611328125,0.2589876055717468,107.32246398925781,0.8060368895530701,0.5926526784896851,0.6801257729530334,11.153897285461426,5.547778129577637,6.9886603355407715,0.07525334507226944,0.07387576997280121,0.5495796799659729,3.229191780090332,0,0.04799589142203331,8.908670425415039,9.38219928741455,37,25,30,83.33333587646484,
2025-12-30 10:03:45.187000,FinePointe Series WBP [SN 10499C]  Site 4 Bias Flow is out of range.,,,,,,,,,,,,,,,,,,,,,,,,,
2025-12-30 10:03:47.187000,9d,Toxicity,Original,,304.3641662597656,0.2233920693397522,61.01955032348633,2.2947168350219727,1.2663830518722534,0.3805396556854248,11.153897285461426,4.5500288009643555,5.461654186248779,0.09480679035186768,0.1278875768184662,0.47013935446739197,12.895483016967773,51.396888732910156,0.05583999305963516,13.340620040893555,15.5606689453125,37,25,30,63.6363639831543,
2025-12-30 10:03:47.187000,FinePointe Series WBP [SN 139781]  Site 4 Bias Flow is out of range.,,,,,,,,,,,,,,,,,,,,,,,,,
2025-12-30 10:03:47.187000,FinePointe Series WBP [SN 10499C]  Site 3 Bias Flow is out of range.,,,,,,,,,,,,,,,,,,,,,,,,,
2025-12-30 10:03:55.188000,9d,Toxicity,Original,,182.56338500976562,0.17249900102615356,31.492002487182617,1.137359857559204,0.5597736835479736,0.9912639856338501,11.153897285461426,2.5658693313598633,5.359149932861328,0.13294324278831482,0.1957097351551056,0.0688527375459671,,,0.12916329503059387,,,37,25,30,95,
2025-12-30 10:03:55.188000,FinePointe Series WBP [SN 10499C]  Site 4 Bias Flow is out of range.,,,,,,,,,,,,,,,,,,,,,,,,,
2025-12-30 10:03:55.188000,FinePointe Series WBP [SN 139781]  Site 4 Bias Flow is out of range.,,,,,,,,,,,,,,,,,,,,,,,,,
2025-12-30 10:03:55.188000,FinePointe Series WBP [SN 10499C]  Site 3 Bias Flow is out of range.,,,,,,,,,,,,,,,,,,,,,,,,,
2025-12-30 10:03:55.188000,FinePointe Series WBP [SN 139781]  Site 4 Bias Flow is out of range.,,,,,,,,,,,,,,,,,,,,,,,,,
2025-12-30 10:03:55.188000,FinePointe Series WBP [SN 10499C]  Site 3 Bias Flow is out of range.,,,,,,,,,,,,,,,,,,,,,,,,,
2025-12-30 10:03:55.188000,FinePointe Series WBP [SN 139781]  Site 4 Bias Flow is out of range.,,,,,,,,,,,,,,,,,,,,,,,,,
2025-12-30 10:03:55.188000,FinePointe Series WBP [SN 10499C]  Site 3 Bias Flow is out of range.,,,,,,,,,,,,,,,,,,,,,,,,,
2025-12-30 10:03:55.188000,FinePointe Series WBP [SN 139781]  Site 4 Bias Flow is out of range.,,,,,,,,,,,,,,,,,,,,,,,,,
2025-12-30 10:03:55.188000,Measuring Baseline.,,,,,,,,,,,,,,,,,,,,,,,,,
2025-12-30 10:03:55.188000,Create measurement 'Baseline'. Duration: 00:08:00,,,,,,,,,,,,,,,,,,,,,,,,,
2025-12-30 10:03:55.188000,FinePointe Series WBP [SN 10499C]  Site 3 Bias Flow is out of range.,,,,,,,,,,,,,,,,,,,,,,,,,
2025-12-30 10:03:55.188000,FinePointe Series WBP [SN 139781]  Site 4 Bias Flow is out of range.,,,,,,,,,,,,,,,,,,,,,,,,,
2025-12-30 10:03:55.188000,FinePointe Series WBP [SN 10499C]  Site 3 Bias Flow is out of range.,,,,,,,,,,,,,,,,,,,,,,,,,
2025-12-30 10:03:55.188000,FinePointe Series WBP [SN 10499C]  Site 4 Bias Flow is out of range.,,,,,,,,,,,,,,,,,,,,,,,,,
2025-12-30 10:03:55.188000,FinePointe Series WBP [SN 139781]  Site 4 Bias Flow is out of range.,,,,,,,,,,,,,,,,,,,,,,,,,
2025-12-30 10:03:55.188000,FinePointe Series WBP [SN 10499C]  Site 3 Bias Flow is out of range.,,,,,,,,,,,,,,,,,,,,,,,,,
2025-12-30 10:03:55.188000,FinePointe Series WBP [SN 139781]  Site 4 Bias Flow is out of range.,,,,,,,,,,,,,,,,,,,,,,,,,
2025-12-30 10:03:55.188000,FinePointe Series WBP [SN 10499C]  Site 3 Bias Flow is out of range.,,,,,,,,,,,,,,,,,,,,,,,,,
2025-12-30 10:03:55.188000,FinePointe Series WBP [SN 10499C]  Site 2 Bias Flow is out of range.,,,,,,,,,,,,,,,,,,,,,,,,,
2025-12-30 10:03:55.188000,FinePointe Series WBP [SN 139781]  Site 4 Bias Flow is out of range.,,,,,,,,,,,,,,,,,,,,,,,,,
2025-12-30 10:03:55.188000,FinePointe Series WBP [SN 10499C]  Site 3 Bias Flow is out of range.,,,,,,,,,,,,,,,,,,,,,,,,,
2025-12-30 10:03:55.188000,FinePointe Series WBP [SN 10499C]  Site 2 Bias Flow is out of range.,,,,,,,,,,,,,,,,,,,,,,,,,
2025-12-30 10:03:55.188000,FinePointe Series WBP [SN 139781]  Site 4 Bias Flow is out of range.,,,,,,,,,,,,,,,,,,,,,,,,,
2025-12-30 10:03:55.188000,FinePointe Series WBP [SN 10499C]  Site 3 Bias Flow is out of range.,,,,,,,,,,,,,,,,,,,,,,,,,
2025-12-30 10:03:55.188000,FinePointe Series WBP [SN 10499C]  Site 2 Bias Flow is out of range.,,,,,,,,,,,,,,,,,,,,,,,,,
2025-12-30 10:03:55.188000,FinePointe Series WBP [SN 139781]  Site 4 Bias Flow is out of range.,,,,,,,,,,,,,,,,,,,,,,,,,
2025-12-30 10:05:37.188000,9d,Toxicity,Original,,33.6805419921875,3.8322763442993164,129.07315063476562,0.1302110105752945,0.25497734546661377,0.9202443361282349,11.153897285461426,8.142863273620605,7.252068519592285,0.8012695908546448,0.9801744818687439,0.3420254588127136,27.549570083618164,0,0.7995292544364929,26.45663833618164,0.7387771010398865,37,25,30,98,
2025-12-30 10:05:37.188000,FinePointe Series WBP [SN 10499C]  Site 3 Bias Flow is out of range.,,,,,,,,,,,,,,,,,,,,,,,,,
2025-12-30 10:05:41.188000,9d,Toxicity,Original,,89.0463638305664,0.3483665883541107,32.185791015625,0.9709895849227905,1.0168931484222412,0.7914682626724243,11.153897285461426,2.5482752323150635,3.607668399810791,0.28508612513542175,0.3962700366973877,0.30524885654449463,17.366811752319336,0,0.18869413435459137,7.282997131347656,11.999457359313965,37,25,30,50,
2025-12-30 10:05:41.188000,FinePointe Series WBP [SN 10499C]  Site 2 Bias Flow is out of range.,,,,,,,,,,,,,,,,,,,,,,,,,
2025-12-30 10:05:43.188000,9d,Toxicity,Original,,24.040674209594727,3.7277519702911377,89.61766815185547,0.2983507513999939,0.48034921288490295,0.7863336801528931,11.153897285461426,8.68954849243164,7.093463897705078,0.6415956616401672,1.8541746139526367,0.516060471534729,298.442626953125,0,1.280255913734436,16.6947021484375,7.796555519104004,37,25,30,0,
2025-12-30 10:05:43.188000,FinePointe Series WBP [SN 139781]  Site 4 Bias Flow is out of range.,,,,,,,,,,,,,,,,,,,,,,,,,
2025-12-30 10:05:43.188000,FinePointe Series WBP [SN 10499C]  Site 3 Bias Flow is out of range.,,,,,,,,,,,,,,,,,,,,,,,,,
2025-12-30 10:05:43.188000,FinePointe Series WBP [SN 139781]  Site 4 Bias Flow is out of range.,,,,,,,,,,,,,,,,,,,,,,,,,
2025-12-30 10:05:57.187000,9d,Toxicity,Original,,104.79436492919922,0.19990740716457367,20.949169158935547,0.12555566430091858,0.18927231431007385,0.7832082509994507,11.153897285461426,1.7156685590744019,1.153177261352539,0.23547478020191193,0.3370751142501831,0.10144918411970139,29.294260025024414,0,0.2892950475215912,3.393320322036743,,37,25,30,92.30769348144531,
2025-12-30 10:05:57.187000,FinePointe Series WBP [SN 10499C]  Site 3 Bias Flow is out of range.,,,,,,,,,,,,,,,,,,,,,,,,,
2025-12-30 10:05:57.187000,FinePointe Series WBP [SN 139781]  Site 4 Bias Flow is out of range.,,,,,,,,,,,,,,,,,,,,,,,,,
2025-12-30 10:06:05.188000,9d,Toxicity,Original,,345.625,0.10761508345603943,37.194461822509766,0.6107248067855835,0.7697329521179199,0.5410090088844299,11.153897285461426,1.7936090230941772,1.493654727935791,0.10335942357778549,0.0702391266822815,0.13381360471248627,5.780465126037598,0,0.04011335223913193,16.385953903198242,18.418903350830078,37,25,30,90.90908813476562,
2025-12-30 10:06:09.188000,9d,Toxicity,Original,,145.28627014160156,0.11668522655963898,16.952760696411133,3.086395740509033,2.8981411457061768,0.16023345291614532,11.153897285461426,1.7246613502502441,1.8188544511795044,0.11341486871242523,0.299562931060791,0.1364961862564087,7.528222560882568,194.1312713623047,0.07760823518037796,,,37,25,30,75,
2025-12-30 10:06:09.188000,FinePointe Series WBP [SN 10499C]  Site 3 Bias Flow is out of range.,,,,,,,,,,,,,,,,,,,,,,,,,
2025-12-30 10:06:09.188000,FinePointe Series WBP [SN 139781]  Site 4 Bias Flow is out of range.,,,,,,,,,,,,,,,,,,,,,,,,,
2025-12-30 10:06:09.188000,FinePointe Series WBP [SN 10499C]  Site 3 Bias Flow is out of range.,,,,,,,,,,,,,,,,,,,,,,,,,
2025-12-30 10:06:09.188000,FinePointe Series WBP [SN 139781]  Site 4 Bias Flow is out of range.,,,,,,,,,,,,,,,,,,,,,,,,,
2025-12-30 10:06:29.187000,9d,Toxicity,Original,,229.87881469726562,0.14958296716213226,32.26109313964844,1.8864572048187256,1.7231290340423584,0.3801600933074951,11.153897285461426,2.0119595527648926,2.179102659225464,0.11098560690879822,0.18059194087982178,0.18762975931167603,5.358503341674805,75.47254943847656,0.06392665207386017,12.530495643615723,29.751243591308594,37,25,30,93.33333587646484,
2025-12-30 10:06:29.187000,FinePointe Series WBP [SN 10499C]  Site 3 Bias Flow is out of range.,,,,,,,,,,,,,,,,,,,,,,,,,
2025-12-30 10:06:29.187000,FinePointe Series WBP [SN 139781]  Site 4 Bias Flow is out of range.,,,,,,,,,,,,,,,,,,,,,,,,,
2025-12-30 10:06:35.188000,9d,Toxicity,Original,,268.9133605957031,0.10504916310310364,28.249122619628906,0.5874587297439575,0.7667451500892639,0.3394482433795929,11.153897285461426,1.4634790420532227,1.0904072523117065,0.11706574261188507,0.10605445504188538,0.09297339618206024,8.236249923706055,0,0.06142416596412659,15.482640266418457,20.136701583862305,37,25,30,85.71428680419922,
2025-12-30 10:06:37.188000,9d,Toxicity,Original,,251.5799560546875,0.13331006467342377,33.38994598388672,1.0368425846099854,1.3077378273010254,0.4717783033847809,11.153897285461426,1.9203919172286987,1.645916223526001,0.11037999391555786,0.13686858117580414,0.140062153339386,5.603663444519043,26.99986457824707,0.06151168420910835,12.965338706970215,28.504364013671875,37,25,30,50,
2025-12-30 10:06:39.187000,9d,Toxicity,Original,,241.52975463867188,0.1466464102268219,35.419471740722656,0.4776831865310669,0.780149519443512,0.5728066563606262,11.153897285461426,2.3569295406341553,1.4670268297195435,0.12970289587974548,0.11871370673179626,0.126336932182312,9.286867141723633,0,0.06877829879522324,19.016521453857422,13.865269660949707,37,25,30,0,
2025-12-30 10:06:39.187000,FinePointe Series WBP [SN 10499C]  Site 3 Bias Flow is out of range.,,,,,,,,,,,,,,,,,,,,,,,,,
2025-12-30 10:06:39.187000,FinePointe Series WBP [SN 139781]  Site 4 Bias Flow is out of range.,,,,,,,,,,,,,,,,,,,,,,,,,
2025-12-30 10:06:47.188000,9d,Toxicity,Original,,287.5030212402344,0.1545713096857071,44.439720153808594,0.47030875086784363,0.7357533574104309,0.48188313841819763,11.153897285461426,2.4647281169891357,1.5642019510269165,0.10908424109220505,0.09960921108722687,0.13967831432819366,18.112834930419922,5.523436546325684,0.05819233879446983,17.864301681518555,13.293197631835938,37,25,30,87.5,
2025-12-30 10:06:47.188000,FinePointe Series WBP [SN 10499C]  Site 3 Bias Flow is out of range.,,,,,,,,,,,,,,,,,,,,,,,,,
2025-12-30 10:06:47.188000,FinePointe Series WBP [SN 139781]  Site 4 Bias Flow is out of range.,,,,,,,,,,,,,,,,,,,,,,,,,
2025-12-30 10:06:47.188000,FinePointe Series WBP [SN 10499C]  Site 3 Bias Flow is out of range.,,,,,,,,,,,,,,,,,,,,,,,,,
2025-12-30 10:06:47.188000,FinePointe Series WBP [SN 139781]  Site 4 Bias Flow is out of range.,,,,,,,,,,,,,,,,,,,,,,,,,
2025-12-30 10:06:47.188000,FinePointe Series WBP [SN 10499C]  Site 3 Bias Flow is out of range.,,,,,,,,,,,,,,,,,,,,,,,,,
2025-12-30 10:07:13.188000,9d,Toxicity,Original,,92.3704605102539,0.2566772401332855,23.709396362304688,0.1881510615348816,0.2533557116985321,0.8564598560333252,11.153897285461426,2.0483498573303223,1.733647346496582,0.20587141811847687,0.4436868727207184,0.08330538123846054,52.19919204711914,0,0.3560923933982849,35.410701751708984,4.044336318969727,37,25,30,96.7741928100586,
2025-12-30 10:07:13.188000,FinePointe Series WBP [SN 139781]  Site 4 Bias Flow is out of range.,,,,,,,,,,,,,,,,,,,,,,,,,
2025-12-30 10:07:15.188000,9d,Toxicity,Original,,131.2378692626953,0.20526255667209625,26.938220977783203,1.2748680114746094,1.6841814517974854,0.22513124346733093,11.153897285461426,2.431216239929199,1.7190511226654053,0.14625534415245056,0.3109297454357147,0.12703831493854523,7.476619720458984,116.72238159179688,0.11818230897188187,10.755938529968262,35.932098388671875,37,25,30,50,
2025-12-30 10:07:21.187000,9d,Toxicity,Original,,88.12455749511719,0.6636530160903931,58.484130859375,0.9431882500648499,1.2505886554718018,0.43441030383110046,11.153897285461426,2.586387872695923,1.5837831497192383,0.4000139832496643,0.2808404862880707,0.08089452981948853,6.666260242462158,102.92213439941406,0.12966440618038177,2.703671455383301,17.715410232543945,37,25,30,88.88888549804688,
2025-12-30 10:07:21.187000,FinePointe Series WBP [SN 10499C]  Site 3 Bias Flow is out of range.,,,,,,,,,,,,,,,,,,,,,,,,,
2025-12-30 10:07:21.187000,FinePointe Series WBP [SN 139781]  Site 4 Bias Flow is out of range.,,,,,,,,,,,,,,,,,,,,,,,,,
2025-12-30 10:07:29.188000,9d,Toxicity,Original,,18.833744049072266,4.13371467590332,77.85332489013672,0.7133871912956238,0.9438276290893555,0.7310669422149658,11.153897285461426,6.392278671264648,6.044009208679199,1.120296835899353,2.065474271774292,0.17610275745391846,196.24977111816406,67.16854095458984,1.0943307876586914,7.448976039886475,9.51506519317627,37,25,30,90.90908813476562,
2025-12-30 10:07:31.188000,9d,Toxicity,Original,,275.9864501953125,0.11177539080381393,30.848491668701172,0.7402253150939941,0.6584709882736206,0.6043010354042053,11.153897285461426,1.6134579181671143,1.8251967430114746,0.12142333388328552,0.09597865492105484,0.1574895977973938,6.138673305511475,0,0.05900803953409195,15.884011268615723,14.0335693359375,37,25,30,80,
2025-12-30 10:07:31.188000,FinePointe Series WBP [SN 10499C]  Site 3 Bias Flow is out of range.,,,,,,,,,,,,,,,,,,,,,,,,,
2025-12-30 10:07:33.187000,9d,Toxicity,Original,,169.343994140625,0.1660897135734558,25.890827178955078,0.4108544588088989,0.524925708770752,0.6546087861061096,11.153897285461426,2.110556125640869,1.791053056716919,0.21029141545295715,0.21087513864040375,0.13566434383392334,11.462197303771973,0,0.15560638904571533,18.665693283081055,13.07647705078125,37,25,30,33.33333206176758,
2025-12-30 10:07:33.187000,FinePointe Series WBP [SN 139781]  Site 4 Bias Flow is out of range.,,,,,,,,,,,,,,,,,,,,,,,,,
2025-12-30 10:07:35.188000,9d,Toxicity,Original,,281.3802490234375,0.14363640546798706,40.416446685791016,0.9824458956718445,0.8017172813415527,0.49618321657180786,11.153897285461426,2.2201895713806152,2.7331016063690186,0.1003730446100235,0.11286153644323349,0.24352622032165527,5.215276718139648,0,0.06366590410470963,14.900673866271973,14.580750465393066,37,25,30,83.33333587646484,
2025-12-30 10:07:39.187000,9d,Toxicity,Original,,151.28416442871094,0.10496271401643753,15.879197120666504,4.97670316696167,4.5591511726379395,0.17073027789592743,11.153897285461426,1.621821403503418,1.7363370656967163,0.10374502837657928,0.29285958409309387,0.1534980684518814,6.589574337005615,137.05422973632812,0.053147248923778534,7.658803939819336,49.219818115234375,37,25,30,80,
2025-12-30 10:07:39.187000,FinePointe Series WBP [SN 10499C]  Site 3 Bias Flow is out of range.,,,,,,,,,,,,,,,,,,,,,,,,,
2025-12-30 10:07:39.187000,FinePointe Series WBP [SN 139781]  Site 4 Bias Flow is out of range.,,,,,,,,,,,,,,,,,,,,,,,,,
2025-12-30 10:07:45.187000,9d,Toxicity,Original,,124.30357360839844,0.16344982385635376,20.396926879882812,0.8149747848510742,0.8798661231994629,0.5428072214126587,11.153897285461426,1.4554481506347656,1.2379381656646729,0.21146893501281738,0.2715638279914856,0.06100393459200859,8.992171287536621,0,0.16400112211704254,3.2081375122070312,28.579715728759766,37,25,30,80,
2025-12-30 10:07:47.188000,9d,Toxicity,Original,,116.06364440917969,0.3686777949333191,43.04991149902344,0.42930811643600464,0.6864150762557983,0.5188732147216797,11.153897285461426,4.321262359619141,1.9234524965286255,0.19761055707931519,0.3193950653076172,0.1583736687898636,11.071521759033203,22.155900955200195,0.1936570554971695,12.860868453979492,17.929258346557617,37,25,30,50,
2025-12-30 10:07:47.188000,FinePointe Series WBP [SN 10499C]  Site 3 Bias Flow is out of range.,,,,,,,,,,,,,,,,,,,,,,,,,
2025-12-30 10:07:53.188000,9d,Toxicity,Original,,263.7001647949219,0.11281454563140869,29.74921417236328,0.609603226184845,0.7748985290527344,0.5176012516021729,11.153897285461426,1.3479094505310059,1.0806949138641357,0.12320372462272644,0.10432741791009903,0.09261294454336166,4.4732666015625,0,0.05995405465364456,16.7305850982666,18.466907501220703,37,25,30,83.33333587646484,
2025-12-30 10:07:53.188000,FinePointe Series WBP [SN 139781]  Site 4 Bias Flow is out of range.,,,,,,,,,,,,,,,,,,,,,,,,,
2025-12-30 10:07:55.187000,9d,Toxicity,Original,,115.91474151611328,0.17387758195400238,20.15497398376465,1.2193485498428345,1.522763729095459,0.3346126675605774,11.153897285461426,1.584794044494629,1.3971461057662964,0.18290649354457855,0.334715336561203,0.10051925480365753,9.196946144104004,183.5351104736328,0.13359172642230988,3.0230910778045654,,37,25,30,0,
2025-12-30 10:07:55.187000,FinePointe Series WBP [SN 10499C]  Site 3 Bias Flow is out of range.,,,,,,,,,,,,,,,,,,,,,,,,,
2025-12-30 10:07:55.187000,FinePointe Series WBP [SN 139781]  Site 4 Bias Flow is out of range.,,,,,,,,,,,,,,,,,,,,,,,,,
2025-12-30 10:08:05.187000,9d,Toxicity,Original,,163.61856079101562,0.1347527951002121,21.84424591064453,2.4384682178497314,1.9221913814544678,0.1959756314754486,11.153897285461426,1.5664136409759521,1.5562732219696045,0.14472432434558868,0.2255510538816452,0.13279545307159424,5.95070743560791,64.28710174560547,0.07989621162414551,5.785242080688477,34.987754821777344,37,25,30,84.61538696289062,
2025-12-30 10:08:05.187000,FinePointe Series WBP [SN 10499C]  Site 3 Bias Flow is out of range.,,,,,,,,,,,,,,,,,,,,,,,,,
2025-12-30 10:08:05.187000,FinePointe Series WBP [SN 139781]  Site 4 Bias Flow is out of range.,,,,,,,,,,,,,,,,,,,,,,,,,
2025-12-30 10:08:15.187000,9d,Toxicity,Original,,14.110655784606934,2.106935501098633,29.730241775512695,8.892718315124512,7.908812046051025,0.634489893913269,11.153897285461426,9.657652854919434,5.078987121582031,0.6366027593612671,3.6155028343200684,0.3283209204673767,28.221128463745117,708.8072509765625,0.4154588580131531,,18.26964569091797,37,25,30,66.66666412353516,
2025-12-30 10:08:17.187000,9d,Toxicity,Original,,53.53438186645508,0.1741667538881302,9.323909759521484,18.655393600463867,12.493330955505371,0.09907197952270508,11.153897285461426,1.6807844638824463,2.4046859741210938,0.25271934270858765,0.8680557608604431,0.21179218590259552,7.146769046783447,585.54541015625,0.0649799108505249,9.506871223449707,64.70645141601562,37,25,30,66.66666412353516,
2025-12-30 10:08:17.187000,FinePointe Series WBP [SN 10499C]  Site 3 Bias Flow is out of range.,,,,,,,,,,,,,,,,,,,,,,,,,
2025-12-30 10:08:17.187000,FinePointe Series WBP [SN 139781]  Site 4 Bias Flow is out of range.,,,,,,,,,,,,,,,,,,,,,,,,,
2025-12-30 10:08:29.188000,9d,Toxicity,Original,,162.78253173828125,0.31312841176986694,50.97183609008789,0.39992696046829224,0.6859986186027527,0.5676159858703613,11.153897285461426,3.2719380855560303,2.010622262954712,0.2311730682849884,0.13741685450077057,0.1798831969499588,14.888910293579102,0,0.08402904868125916,22.698095321655273,17.885520935058594,37,25,30,87.5,
2025-12-30 10:08:33.187000,9d,Toxicity,Original,,28.261350631713867,3.6964821815490723,104.46757507324219,0.986103355884552,1.1527576446533203,0.5949600338935852,11.153897285461426,8.684499740600586,4.008190631866455,0.892706036567688,1.230334758758545,0.22578758001327515,109.36931610107422,0,0.587207555770874,2.6385998725891113,26.706600189208984,37,25,30,75,
2025-12-30 10:08:33.187000,FinePointe Series WBP [SN 139781]  Site 4 Bias Flow is out of range.,,,,,,,,,,,,,,,,,,,,,,,,,
2025-12-30 10:08:37.187000,9d,Toxicity,Original,,37.20048904418945,3.1113789081573486,115.74481964111328,0.8582797050476074,0.9200795292854309,0.21038277447223663,11.153897285461426,9.3322114944458,5.92319917678833,0.7477921843528748,0.8650898337364197,0.45867064595222473,87.63312530517578,0,0.4639493227005005,0.8517370223999023,33.20941925048828,37,25,30,66.66666412353516,
2025-12-30 10:08:39.188000,9d,Toxicity,Original,,238.7631378173828,0.1142883449792862,27.287841796875,1.0893419981002808,0.6941968202590942,0.47987425327301025,11.153897285461426,1.5299252271652222,2.34305477142334,0.14710111916065216,0.10419396311044693,0.2034412920475006,6.32769775390625,0,0.06266071647405624,15.053328514099121,16.699460983276367,37,25,30,75,
2025-12-30 10:08:41.188000,9d,Toxicity,Original,,149.81324768066406,0.16329050064086914,23.064434051513672,0.26727598905563354,0.35368096828460693,0.7868311405181885,11.153897285461426,1.9414149522781372,1.598191261291504,0.17792043089866638,0.25403204560279846,0.1078951507806778,53.0643196105957,0,0.19202685356140137,16.6717529296875,5.959941387176514,37,25,30,50,
2025-12-30 10:08:41.188000,FinePointe Series WBP [SN 10499C]  Site 3 Bias Flow is out of range.,,,,,,,,,,,,,,,,,,,,,,,,,
2025-12-30 10:08:41.188000,FinePointe Series WBP [SN 139781]  Site 4 Bias Flow is out of range.,,,,,,,,,,,,,,,,,,,,,,,,,
2025-12-30 10:08:51.188000,9d,Toxicity,Original,,30.563255310058594,3.698744058609009,113.045654296875,0.9247007966041565,1.1421293020248413,0.45443400740623474,11.153897285461426,11.573114395141602,5.372864723205566,0.7264385223388672,1.2367031574249268,0.45187580585479736,64.49610137939453,521.43701171875,0.5916689038276672,,20.7517032623291,37,25,30,80,
2025-12-30 10:08:53.187000,9d,Toxicity,Original,,161.1263885498047,0.15866515040397644,25.565143585205078,0.8509331941604614,1.1869215965270996,0.19945356249809265,11.153897285461426,2.4540233612060547,1.5549958944320679,0.15177574753761292,0.22060272097587585,0.0701114684343338,8.133143424987793,0,0.1033465638756752,9.308318138122559,25.35479164123535,37,25,30,75,
2025-12-30 10:08:53.187000,FinePointe Series WBP [SN 10499C]  Site 3 Bias Flow is out of range.,,,,,,,,,,,,,,,,,,,,,,,,,
2025-12-30 10:08:53.187000,FinePointe Series WBP [SN 139781]  Site 4 Bias Flow is out of range.,,,,,,,,,,,,,,,,,,,,,,,,,
2025-12-30 10:08:55.187000,9d,Toxicity,Original,,32.561973571777344,3.235394239425659,105.35082244873047,0.8127050399780273,0.9363325834274292,0.7593615055084229,11.153897285461426,9.868928909301758,6.851269245147705,0.7101097106933594,1.1325303316116333,0.15409685671329498,47.14030075073242,0,0.5978122353553772,,5.912819862365723,37,25,30,0,
2025-12-30 10:09:01.188000,9d,Toxicity,Original,,232.35882568359375,0.14702008664608002,34.16141128540039,0.30829983949661255,0.4649828374385834,0.5936013460159302,11.153897285461426,1.7947063446044922,1.18975031375885,0.14703558385372162,0.11118573695421219,0.10663151741027832,34.199100494384766,0,0.07988801598548889,27.712223052978516,17.97654151916504,37,25,30,87.5,
2025-12-30 10:09:01.188000,FinePointe Series WBP [SN 10499C]  Site 3 Bias Flow is out of range.,,,,,,,,,,,,,,,,,,,,,,,,,
2025-12-30 10:09:01.188000,FinePointe Series WBP [SN 139781]  Site 4 Bias Flow is out of range.,,,,,,,,,,,,,,,,,,,,,,,,,
2025-12-30 10:09:05.187000,9d,Toxicity,Original,,187.7620086669922,0.11537358909845352,21.662776947021484,1.3122236728668213,1.160830020904541,0.309746116399765,11.153897285461426,1.6385554075241089,1.6772700548171997,0.1452171355485916,0.17433632910251617,0.12729299068450928,7.299422740936279,0,0.08223290741443634,9.157736778259277,42.560569763183594,37,25,30,66.66666412353516,
2025-12-30 10:09:09.187000,9d,Toxicity,Original,,273.7828369140625,0.13386452198028564,36.64980697631836,0.5310571789741516,0.6367349624633789,0.4867819845676422,11.153897285461426,2.5622575283050537,2.1345343589782715,0.10000194609165192,0.11914984881877899,0.18644967675209045,9.946410179138184,0,0.07495013624429703,18.519102096557617,15.105003356933594,37,25,30,50,
2025-12-30 10:09:11.187000,9d,Toxicity,Original,,22.387056350708008,3.7175474166870117,83.22493743896484,2.2905335426330566,3.0577406883239746,0.4135568141937256,11.153897285461426,13.74373722076416,7.174581527709961,0.7021574378013611,1.9779627323150635,0.2500394582748413,21.604360580444336,684.62548828125,0.49215376377105713,,19.42258644104004,37,25,30,0,
2025-12-30 10:09:13.188000,9d,Toxicity,Original,,36.387733459472656,3.048163414001465,110.91575622558594,0.7112244963645935,0.94412761926651,0.8653535842895508,11.153897285461426,11.900338172912598,7.0423173904418945,0.49562156200408936,1.1532858610153198,0.36016035079956055,68.0197982788086,0,0.6112857460975647,,20.509048461914062,37,25,30,50,
2025-12-30 10:09:13.188000,FinePointe Series WBP [SN 139781]  Site 4 Bias Flow is out of range.,,,,,,,,,,,,,,,,,,,,,,,,,
2025-12-30 10:09:23.188000,9d,Toxicity,Original,,28.6787109375,3.6127099990844727,103.60786437988281,0.7118551731109619,1.1200039386749268,0.8317716717720032,11.153897285461426,12.127479553222656,5.893643379211426,0.6806992292404175,1.4114450216293335,0.506385326385498,37.76567840576172,0,0.6910801529884338,1.803200602531433,30.067272186279297,37,25,30,88.88888549804688,
2025-12-30 10:09:23.188000,FinePointe Series WBP [SN 139781]  Site 4 Bias Flow is out of range.,,,,,,,,,,,,,,,,,,,,,,,,,
2025-12-30 10:09:23.188000,FinePointe Series WBP [SN 10499C]  Site 3 Bias Flow is out of range.,,,,,,,,,,,,,,,,,,,,,,,,,
2025-12-30 10:09:25.188000,9d,Toxicity,Original,,33.0151481628418,3.6414544582366943,120.22315979003906,0.8129512071609497,1.1133842468261719,0.4344998002052307,11.153897285461426,11.014999389648438,5.523118495941162,0.8737337589263916,0.9436137676239014,0.46226152777671814,14.785350799560547,0,0.45826318860054016,,33.46343231201172,37,25,30,50,
2025-12-30 10:09:27.187000,9d,Toxicity,Original,,41.3495979309082,2.7816712856292725,115.02098083496094,0.4969741404056549,0.9731001853942871,0.4095737040042877,11.153897285461426,10.558390617370605,3.3843162059783936,0.713689923286438,0.7373520135879517,0.2885553538799286,49.303958892822266,0,0.39057207107543945,0.4488782584667206,21.685604095458984,37,25,30,50,
2025-12-30 10:09:29.188000,9d,Toxicity,Original,,103.40986633300781,1.7088677883148193,76.07347106933594,1.6263360977172852,2.209848403930664,0.325639545917511,11.153897285461426,6.079108238220215,3.7817509174346924,0.394775390625,0.5340555906295776,0.29410192370414734,26.442140579223633,66.70087432861328,0.24310274422168732,7.096094131469727,34.52568817138672,37,25,30,60,
2025-12-30 10:09:31.187000,9d,Toxicity,Original,,204.71600341796875,0.15015962719917297,30.740079879760742,0.3424660265445709,0.49497926235198975,0.7398062944412231,11.153897285461426,1.7633599042892456,1.3956321477890015,0.15521502494812012,0.13787393271923065,0.1177508682012558,19.317216873168945,0,0.09380999207496643,23.015289306640625,19.18620491027832,37,25,30,50,
2025-12-30 10:09:33.188000,9d,Toxicity,Original,,34.810577392578125,3.4165711402893066,118.93281555175781,1.1402970552444458,1.3377444744110107,0.23756259679794312,11.153897285461426,10.45510482788086,4.930542945861816,0.8396364450454712,0.8839775323867798,0.2760334312915802,17.186113357543945,0,0.38684511184692383,1.3371988534927368,23.097461700439453,37,25,30,0,
2025-12-30 10:09:33.188000,FinePointe Series WBP [SN 139781]  Site 4 Bias Flow is out of range.,,,,,,,,,,,,,,,,,,,,,,,,,
2025-12-30 10:09:33.188000,FinePointe Series WBP [SN 10499C]  Site 3 Bias Flow is out of range.,,,,,,,,,,,,,,,,,,,,,,,,,
2025-12-30 10:09:35.188000,9d,Toxicity,Original,,33.031925201416016,3.108142852783203,102.66793060302734,1.3272398710250854,1.6342854499816895,0.3940221071243286,11.153897285461426,10.327092170715332,4.275589466094971,0.7809497714042664,1.0354748964309692,0.3768211603164673,46.34819412231445,0,0.4048781394958496,1.3718430995941162,15.404741287231445,37,25,30,75,
2025-12-30 10:09:37.187000,9d,Toxicity,Original,,164.50534057617188,1.5853395462036133,79.20626831054688,0.7287930250167847,1.0641456842422485,0.4849976897239685,11.153897285461426,6.368673801422119,3.640531063079834,0.41528353095054626,0.4576312005519867,0.2606208026409149,12.11524772644043,0,0.2259262502193451,6.95005464553833,12.320005416870117,37,25,30,50,
2025-12-30 10:09:37.187000,FinePointe Series WBP [SN 139781]  Site 4 Bias Flow is out of range.,,,,,,,,,,,,,,,,,,,,,,,,,
2025-12-30 10:09:37.187000,FinePointe Series WBP [SN 10499C]  Site 3 Bias Flow is out of range.,,,,,,,,,,,,,,,,,,,,,,,,,
2025-12-30 10:09:49.187000,9d,Toxicity,Original,,136.67327880859375,1.7962186336517334,68.54901123046875,1.4061567783355713,1.753471851348877,0.2883142828941345,11.153897285461426,6.931017875671387,2.934307336807251,0.4002439081668854,0.7858195900917053,0.2049814909696579,12.371644973754883,91.94197845458984,0.23163732886314392,16.608509063720703,34.4260368347168,37,25,30,86.66666412353516,
2025-12-30 10:09:51.188000,9d,Toxicity,Original,,39.045352935791016,2.9888505935668945,116.70072174072266,1.4549020528793335,1.2948358058929443,0.2976057529449463,11.153897285461426,9.17775821685791,6.044738292694092,0.8176025152206421,0.7190721035003662,0.4768636226654053,16.381744384765625,0,0.325435072183609,1.301474928855896,29.066591262817383,37,25,30,0,
2025-12-30 10:09:53.187000,9d,Toxicity,Original,,262.91070556640625,0.18345551192760468,48.232418060302734,0.35121893882751465,0.6959924101829529,0.5698561072349548,11.153897285461426,2.595475435256958,1.3227027654647827,0.1264342963695526,0.10178007930517197,0.11739736050367355,6.212305545806885,0,0.06127653270959854,16.73954200744629,19.472824096679688,37,25,30,66.66666412353516,
2025-12-30 10:09:53.187000,FinePointe Series WBP [SN 139781]  Site 4 Bias Flow is out of range.,,,,,,,,,,,,,,,,,,,,,,,,,
2025-12-30 10:09:53.187000,FinePointe Series WBP [SN 10499C]  Site 3 Bias Flow is out of range.,,,,,,,,,,,,,,,,,,,,,,,,,
2025-12-30 10:09:55.188000,9d,Toxicity,Original,,46.55799102783203,2.8222193717956543,131.39686584472656,1.5110794305801392,1.4824156761169434,0.2438403218984604,11.153897285461426,10.874483108520508,6.97981071472168,0.517719030380249,0.7709963917732239,0.4555251896381378,10.456830978393555,0,0.3172958493232727,1.2917780876159668,19.984821319580078,37,25,30,50,
2025-12-30 10:09:57.188000,9d,Toxicity,Original,,32.63242721557617,3.4366981983184814,112.1478042602539,1.0099027156829834,1.441578984260559,0.42492759227752686,11.153897285461426,11.029231071472168,4.979498386383057,0.8361381888389587,1.0025237798690796,0.403271347284317,18.926050186157227,0,0.42064398527145386,2.2511229515075684,28.595186233520508,37,25,30,75,
2025-12-30 10:09:59.187000,9d,Toxicity,Original,,144.08901977539062,1.539250373840332,80.67021179199219,0.8016434907913208,1.088862419128418,0.35285481810569763,11.153897285461426,5.827589988708496,2.6695194244384766,0.3874257206916809,0.4272184669971466,0.19852499663829803,8.043193817138672,0,0.19502507150173187,13.904204368591309,20.94318389892578,37,25,30,60,
2025-12-30 10:10:01.188000,9d,Toxicity,Original,,45.830482482910156,2.354799270629883,107.92158508300781,1.2984886169433594,1.151125192642212,0.2836380898952484,11.153897285461426,8.537458419799805,6.040229320526123,0.4559723436832428,0.8531999588012695,0.5211738348007202,89.88835906982422,0,0.40575313568115234,7.794478416442871,24.91803550720215,37,25,30,50,
2025-12-30 10:10:01.188000,FinePointe Series WBP [SN 139781]  Site 4 Bias Flow is out of range.,,,,,,,,,,,,,,,,,,,,,,,,,
2025-12-30 10:10:01.188000,FinePointe Series WBP [SN 10499C]  Site 3 Bias Flow is out of range.,,,,,,,,,,,,,,,,,,,,,,,,,
2025-12-30 10:10:05.187000,9d,Toxicity,Original,,32.742431640625,2.983135938644409,97.67513275146484,2.59344220161438,2.6940829753875732,0.18835365772247314,11.153897285461426,11.339692115783691,5.610132694244385,0.6538506150245667,1.1786338090896606,0.3415476083755493,12.438922882080078,391.84039306640625,0.3247566819190979,,18.50728416442871,37,25,30,80,
2025-12-30 10:10:07.188000,9d,Toxicity,Original,,38.16122817993164,2.681307077407837,102.32197570800781,1.4035571813583374,1.4657433032989502,0.23332242667675018,11.153897285461426,8.70669937133789,5.4678449630737305,0.6550906300544739,0.9171857237815857,0.4632023572921753,28.55808448791504,0,0.3840124309062958,2.2746481895446777,9.757487297058105,37,25,30,75,
2025-12-30 10:10:11.188000,9d,Toxicity,Original,,72.76387023925781,1.337039828300476,55.00090789794922,1.672953486442566,1.5369982719421387,0.4553139805793762,11.153897285461426,5.712347984313965,4.078578472137451,0.33904021978378296,0.7729781270027161,0.30161982774734497,63.8189697265625,207.75579833984375,0.2869876027107239,16.768892288208008,16.02705955505371,37,25,30,71.42857360839844,
2025-12-30 10:10:13.188000,9d,Toxicity,Original,,34.78691864013672,2.664325714111328,92.68367004394531,2.9900951385498047,2.4464828968048096,0.14729787409305573,11.153897285461426,9.086718559265137,6.224521636962891,0.6521300077438354,1.0726563930511475,0.37484419345855713,15.093523979187012,0,0.3186761736869812,1.7502951622009277,41.005577087402344,37,25,30,0,
2025-12-30 10:10:13.188000,FinePointe Series WBP [SN 139781]  Site 4 Bias Flow is out of range.,,,,,,,,,,,,,,,,,,,,,,,,,
2025-12-30 10:10:13.188000,FinePointe Series WBP [SN 10499C]  Site 3 Bias Flow is out of range.,,,,,,,,,,,,,,,,,,,,,,,,,
2025-12-30 10:10:15.187000,9d,Toxicity,Original,,44.53600311279297,3.069249391555786,136.6920928955078,1.290723204612732,1.374542236328125,0.24398379027843475,11.153897285461426,10.642683982849121,5.843710422515869,0.6258652806282043,0.721359372138977,0.43366295099258423,16.081707000732422,0,0.31143924593925476,0.2875339686870575,28.060091018676758,37,25,30,75,
2025-12-30 10:10:17.188000,9d,Toxicity,Original,,312.9862060546875,0.1240246444940567,38.81800079345703,0.3785860240459442,0.6255699396133423,0.6353554725646973,11.153897285461426,1.9876136779785156,1.2513362169265747,0.1130056381225586,0.0786961019039154,0.10397032648324966,5.998519420623779,0,0.04938396438956261,15.912422180175781,12.328125,37,25,30,50,
2025-12-30 10:10:19.188000,9d,Toxicity,Original,,49.95944595336914,2.111025333404541,105.46565246582031,1.1999576091766357,1.468380331993103,0.3103317618370056,11.153897285461426,8.869392395019531,5.201080799102783,0.5113894939422607,0.6895846128463745,0.3130810558795929,13.330397605895996,0,0.28809085488319397,2.484370470046997,13.821694374084473,37,25,30,66.66666412353516,
2025-12-30 10:10:21.187000,9d,Toxicity,Original,,32.70137405395508,3.040540933609009,99.42987060546875,2.15275502204895,2.4981563091278076,0.242140531539917,11.153897285461426,10.844671249389648,6.307053089141846,0.7362496256828308,1.0985356569290161,0.23771259188652039,12.229748725891113,142.52149963378906,0.3197201192378998,0.9170102477073669,29.9968204498291,37,25,30,75,
2025-12-30 10:10:23.188000,9d,Toxicity,Original,,182.34776306152344,1.2138104438781738,88.44811248779297,0.8860456943511963,1.0720528364181519,0.3228338658809662,11.153897285461426,6.56627893447876,4.106357097625732,0.2545677423477173,0.40959444642066956,0.2589479982852936,13.516852378845215,0,0.18692585825920105,9.19891357421875,11.762961387634277,37,25,30,50,
2025-12-30 10:10:23.188000,FinePointe Series WBP [SN 139781]  Site 4 Bias Flow is out of range.,,,,,,,,,,,,,,,,,,,,,,,,,
2025-12-30 10:10:23.188000,FinePointe Series WBP [SN 10499C]  Site 3 Bias Flow is out of range.,,,,,,,,,,,,,,,,,,,,,,,,,
2025-12-30 10:10:25.187000,9d,Toxicity,Original,,73.20872497558594,1.5792075395584106,63.65617370605469,1.3774216175079346,1.197321891784668,0.4057881832122803,11.153897285461426,6.3423333168029785,4.367743492126465,0.5267225503921509,0.5705673694610596,0.2800319492816925,27.554426193237305,0,0.24172842502593994,3.2646331787109375,25.654083251953125,37,25,30,33.33333206176758,
2025-12-30 10:10:29.188000,9d,Toxicity,Original,,180.26197814941406,1.4768054485321045,86.84051513671875,0.6021194458007812,0.7247644662857056,0.6027399897575378,11.153897285461426,5.787424087524414,3.2694573402404785,0.37997716665267944,0.3221205472946167,0.21027514338493347,9.735461235046387,0,0.18223729729652405,9.308340072631836,23.801088333129883,37,25,30,71.42857360839844,
2025-12-30 10:10:31.187000,9d,Toxicity,Original,,170.81826782226562,1.1903797388076782,76.97203063964844,1.1471714973449707,1.1753871440887451,0.38326412439346313,11.153897285461426,5.340322971343994,4.090458869934082,0.2811833918094635,0.4061127007007599,0.2814185619354248,8.999689102172852,3.507826566696167,0.17336338758468628,9.527947425842285,27.113079071044922,37,25,30,60,
2025-12-30 10:10:33.188000,9d,Toxicity,Original,,48.50740432739258,2.559565782546997,124.15789031982422,1.4004707336425781,1.3195174932479858,0.2563703954219818,11.153897285461426,10.181565284729004,6.874751567840576,0.48800817131996155,0.7489163875579834,0.41360270977020264,17.920921325683594,0,0.33131706714630127,4.094316005706787,6.609132289886475,37,25,30,66.66666412353516,
2025-12-30 10:10:33.188000,FinePointe Series WBP [SN 139781]  Site 4 Bias Flow is out of range.,,,,,,,,,,,,,,,,,,,,,,,,,
2025-12-30 10:10:33.188000,FinePointe Series WBP [SN 10499C]  Site 3 Bias Flow is out of range.,,,,,,,,,,,,,,,,,,,,,,,,,
2025-12-30 10:10:37.187000,9d,Toxicity,Original,,122.61874389648438,1.5315289497375488,71.03473663330078,1.2702186107635498,1.2178081274032593,0.3374755382537842,11.153897285461426,6.224508285522461,3.8962831497192383,0.45811018347740173,0.4530491828918457,0.2846004068851471,8.370063781738281,0,0.18118983507156372,6.419183731079102,19.28748321533203,37,25,30,77.77777862548828,
2025-12-30 10:10:39.188000,9d,Toxicity,Original,,43.58259582519531,2.8935084342956543,126.10661315917969,1.0183145999908447,1.2098816633224487,0.4532383978366852,11.153897285461426,10.660984992980957,7.3262786865234375,0.494158536195755,0.8825377821922302,0.6476098895072937,16.70514488220215,0,0.40852800011634827,5.940441131591797,45.04896545410156,37,25,30,50,
2025-12-30 10:10:41.187000,9d,Toxicity,Original,,305.5401306152344,0.13330316543579102,40.72946548461914,0.42872148752212524,0.6821758151054382,0.6439468264579773,11.153897285461426,1.9689127206802368,1.3061752319335938,0.10940985381603241,0.0869637057185173,0.11207541823387146,5.824392795562744,0,0.05262144282460213,15.91856861114502,17.957447052001953,37,25,30,50,
2025-12-30 10:10:43.187000,9d,Toxicity,Original,,41.63093566894531,2.9874048233032227,124.36846923828125,1.9464811086654663,1.9114658832550049,0.20994707942008972,11.153897285461426,11.508955955505371,7.756407260894775,0.5648245811462402,0.8764113187789917,0.33579131960868835,15.673690795898438,0,0.3080691397190094,2.9153358936309814,15.901763916015625,37,25,30,50,
2025-12-30 10:10:43.187000,FinePointe Series WBP [SN 139781]  Site 4 Bias Flow is out of range.,,,,,,,,,,,,,,,,,,,,,,,,,
2025-12-30 10:10:43.187000,FinePointe Series WBP [SN 10499C]  Site 3 Bias Flow is out of range.,,,,,,,,,,,,,,,,,,,,,,,,,
2025-12-30 10:10:47.187000,9d,Toxicity,Original,,88.812255859375,2.0584635734558105,81.30244445800781,1.9092450141906738,1.9697227478027344,0.31576773524284363,11.153897285461426,8.331189155578613,4.850661277770996,0.4463634192943573,0.8166161179542542,0.2995491027832031,12.993796348571777,194.7598876953125,0.2488892525434494,6.128496170043945,41.188663482666016,37,25,30,50,
2025-12-30 10:10:51.188000,9d,Toxicity,Original,,115.83653259277344,1.5119391679763794,59.91909408569336,2.0174431800842285,1.7588605880737305,0.3037121593952179,11.153897285461426,6.256442546844482,3.5894412994384766,0.45716118812561035,0.6317225098609924,0.2719669044017792,9.854731559753418,7.135374069213867,0.19172723591327667,14.424152374267578,15.609963417053223,37,25,30,66.66666412353516,
2025-12-30 10:10:51.188000,FinePointe Series WBP [SN 139781]  Site 4 Bias Flow is out of range.,,,,,,,,,,,,,,,,,,,,,,,,,
2025-12-30 10:10:51.188000,FinePointe Series WBP [SN 10499C]  Site 3 Bias Flow is out of range.,,,,,,,,,,,,,,,,,,,,,,,,,
2025-12-30 10:10:55.188000,9d,Toxicity,Original,,35.99407196044922,3.0815160274505615,110.91631317138672,1.8492703437805176,1.764532208442688,0.15899249911308289,11.153897285461426,10.707268714904785,7.066661357879639,0.773817241191864,0.8931238651275635,0.3168189525604248,27.884078979492188,0,0.33468469977378845,1.5609145164489746,16.978384017944336,37,25,30,75,
2025-12-30 10:10:57.187000,9d,Toxicity,Original,,42.491424560546875,2.8459017276763916,120.9264144897461,2.0985629558563232,1.8471295833587646,0.11554082483053207,11.153897285461426,9.875768661499023,5.904847145080566,0.6677239537239075,0.7443256974220276,0.41507700085639954,13.491071701049805,165.35047912597656,0.2686448097229004,0.7845794558525085,35.74252700805664,37,25,30,66.66666412353516,
2025-12-30 10:10:59.187000,9d,Toxicity,Original,,40.6818962097168,2.6100316047668457,106.18104553222656,1.9527026414871216,2.320284605026245,0.19424039125442505,11.153897285461426,11.319772720336914,6.940432548522949,0.5378742218017578,0.9369832873344421,0.14991389214992523,13.482945442199707,0,0.28881561756134033,0.2632923722267151,13.594446182250977,37,25,30,83.33333587646484,
2025-12-30 10:11:03.187000,9d,Toxicity,Original,,135.03965759277344,1.2285935878753662,70.98651123046875,1.0818449258804321,1.0315234661102295,0.36931514739990234,11.153897285461426,4.842428684234619,3.821739912033081,0.37408342957496643,0.4266223609447479,0.22610867023468018,12.254741668701172,0,0.20366309583187103,8.01135540008545,21.45449447631836,37,25,30,71.42857360839844,
2025-12-30 10:11:03.187000,FinePointe Series WBP [SN 139781]  Site 4 Bias Flow is out of range.,,,,,,,,,,,,,,,,,,,,,,,,,
2025-12-30 10:11:03.187000,FinePointe Series WBP [SN 10499C]  Site 3 Bias Flow is out of range.,,,,,,,,,,,,,,,,,,,,,,,,,
2025-12-30 10:11:07.188000,9d,Toxicity,Original,,38.570919036865234,3.2365293502807617,124.83590698242188,1.788069725036621,1.4549626111984253,0.33619311451911926,11.153897285461426,10.43697452545166,7.930202007293701,0.7881601452827454,0.7674160599708557,0.6417154669761658,11.277756690979004,0,0.32357099652290344,4.189125061035156,11.53061294555664,37,25,30,83.33333587646484,
2025-12-30 10:11:09.187000,9d,Toxicity,Original,,81.74162292480469,1.783850908279419,72.5687255859375,2.352263927459717,2.5981945991516113,0.5689316987991333,11.153897285461426,6.285433292388916,3.661743640899658,0.40782618522644043,0.6234195232391357,0.2415749728679657,10.121879577636719,77.66688537597656,0.18767325580120087,3.0131611824035645,17.802526473999023,37,25,30,50,
2025-12-30 10:11:13.188000,9d,Toxicity,Original,,36.90556335449219,3.130476951599121,115.53201293945312,1.7422034740447998,1.9504650831222534,0.2573363184928894,11.153897285461426,10.360529899597168,6.76854133605957,0.6775956153869629,0.9481755495071411,0.46058598160743713,12.200753211975098,0,0.329193651676178,2.020268678665161,7.404623508453369,37,25,30,75,
2025-12-30 10:11:13.188000,FinePointe Series WBP [SN 139781]  Site 4 Bias Flow is out of range.,,,,,,,,,,,,,,,,,,,,,,,,,
2025-12-30 10:11:13.188000,FinePointe Series WBP [SN 10499C]  Site 3 Bias Flow is out of range.,,,,,,,,,,,,,,,,,,,,,,,,,
2025-12-30 10:11:17.188000,9d,Toxicity,Original,,39.25905227661133,2.616743326187134,102.73086547851562,2.4776182174682617,2.7612736225128174,0.1595367193222046,11.153897285461426,11.199575424194336,6.607125759124756,0.5128698348999023,1.0154402256011963,0.26870083808898926,10.701471328735352,467.7821044921875,0.2761775255203247,1.3603651523590088,44.42268753051758,37,25,30,83.33333587646484,
2025-12-30 10:11:19.187000,9d,Toxicity,Original,,41.643001556396484,2.7599644660949707,114.93319702148438,2.245169162750244,2.1308698654174805,0.27748993039131165,11.153897285461426,9.654647827148438,7.641515254974365,0.5687146782875061,0.8721036911010742,0.4792015254497528,10.170273780822754,0,0.285406231880188,4.482835292816162,17.138153076171875,37,25,30,80,
2025-12-30 10:11:21.188000,9d,Toxicity,Original,,53.26466369628906,2.859213352203369,152.29502868652344,1.1571828126907349,1.028632640838623,0.31177961826324463,11.153897285461426,10.909794807434082,8.56367301940918,0.5491195321083069,0.5773308873176575,0.5779139399528503,19.590476989746094,0,0.29496103525161743,3.2982680797576904,41.22199249267578,37,25,30,75,
2025-12-30 10:11:21.188000,FinePointe Series WBP [SN 139781]  Site 4 Bias Flow is out of range.,,,,,,,,,,,,,,,,,,,,,,,,,
2025-12-30 10:11:21.188000,FinePointe Series WBP [SN 10499C]  Site 3 Bias Flow is out of range.,,,,,,,,,,,,,,,,,,,,,,,,,
2025-12-30 10:11:25.187000,9d,Toxicity,Original,,149.654296875,1.2833634614944458,68.61077117919922,1.4739398956298828,1.6601569652557373,0.3362192213535309,11.153897285461426,5.881608009338379,3.6548867225646973,0.286619633436203,0.5419484972953796,0.15227343142032623,13.581506729125977,0,0.1755000501871109,7.845270156860352,21.506032943725586,37,25,30,66.66666412353516,
2025-12-30 10:11:27.188000,9d,Toxicity,Original,,72.4075927734375,1.3945238590240479,69.2386474609375,2.3037116527557373,2.8587450981140137,0.3420155644416809,11.153897285461426,5.6661858558654785,4.272341728210449,0.3834114074707031,0.5596755743026733,0.234785258769989,10.680458068847656,77.2950668334961,0.1876119077205658,2.593580722808838,20.39478874206543,37,25,30,33.33333206176758,
2025-12-30 10:11:29.188000,9d,Toxicity,Original,,138.27244567871094,0.13557611405849457,18.746440887451172,4.739969253540039,4.56655216217041,0.1820213496685028,11.153897285461426,1.7663921117782593,1.6408854722976685,0.15923286974430084,0.2746930718421936,0.14418266713619232,8.85323715209961,160.95101928710938,0.050220999866724014,8.46054744720459,,37,25,30,50,
2025-12-30 10:11:31.187000,9d,Toxicity,Original,,27.803232192993164,3.2163779735565186,89.42570495605469,3.368905782699585,3.3388683795928955,0.19002358615398407,11.153897285461426,12.237890243530273,6.727855682373047,0.6108461022377014,1.5471763610839844,0.28680768609046936,50.419677734375,605.8289794921875,0.361446350812912,3.2054686546325684,66.33634948730469,37,25,30,83.33333587646484,
2025-12-30 10:11:33.188000,9d,Toxicity,Original,,172.272705078125,1.239859938621521,89.08328247070312,0.837174654006958,1.0292953252792358,0.3695933222770691,11.153897285461426,5.646410942077637,3.7057440280914307,0.3089929521083832,0.28482306003570557,0.2890939712524414,10.174416542053223,0,0.14322009682655334,10.207852363586426,30.170913696289062,37,25,30,50,
2025-12-30 10:11:33.188000,FinePointe Series WBP [SN 139781]  Site 4 Bias Flow is out of range.,,,,,,,,,,,,,,,,,,,,,,,,,
2025-12-30 10:11:33.188000,FinePointe Series WBP [SN 10499C]  Site 3 Bias Flow is out of range.,,,,,,,,,,,,,,,,,,,,,,,,,
2025-12-30 10:11:39.188000,9d,Toxicity,Original,,102.15546417236328,1.5637805461883545,57.71434020996094,2.025320053100586,1.8299975395202637,0.32649800181388855,11.153897285461426,6.570996284484863,4.349111080169678,0.38755330443382263,0.721550464630127,0.2740422487258911,9.902764320373535,0,0.20407971739768982,7.641049385070801,39.03227996826172,37,25,30,75,
2025-12-30 10:11:41.187000,9d,Toxicity,Original,,42.60610580444336,2.5242321491241455,107.5477066040039,2.769299030303955,2.5884265899658203,0.21746093034744263,11.153897285461426,10.12112808227539,7.079963207244873,0.5069375038146973,0.9013113379478455,0.33560776710510254,14.989063262939453,0,0.2577930688858032,3.389075517654419,29.171934127807617,37,25,30,50,
2025-12-30 10:11:43.188000,9d,Toxicity,Original,,42.7422981262207,2.6537516117095947,113.42744445800781,1.720398187637329,1.659401535987854,0.36171332001686096,11.153897285461426,9.785666465759277,6.335600852966309,0.5080246925354004,0.8957369923591614,0.4694426953792572,12.143668174743652,0,0.34442153573036194,1.3706376552581787,31.149953842163086,37,25,30,83.33333587646484,
2025-12-30 10:11:43.188000,FinePointe Series WBP [SN 139781]  Site 4 Bias Flow is out of range.,,,,,,,,,,,,,,,,,,,,,,,,,
2025-12-30 10:11:43.188000,FinePointe Series WBP [SN 10499C]  Site 3 Bias Flow is out of range.,,,,,,,,,,,,,,,,,,,,,,,,,
2025-12-30 10:11:45.188000,9d,Toxicity,Original,,212.71401977539062,0.11507686972618103,24.373489379882812,2.795957565307617,3.6134207248687744,0.3901657164096832,11.153897285461426,1.7832005023956299,1.2685824632644653,0.11915341019630432,0.20722439885139465,0.11233942210674286,5.720917701721191,93.42716217041016,0.04615713655948639,11.884316444396973,34.8719482421875,37,25,30,75,
2025-12-30 10:11:47.187000,9d,Toxicity,Original,,44.54221725463867,2.825754404067993,125.86537170410156,1.6916788816452026,1.5391415357589722,0.2456103265285492,11.153897285461426,10.788037300109863,7.979587078094482,0.5571675896644592,0.7898690700531006,0.4009011685848236,19.89790916442871,0,0.320348858833313,1.4282546043395996,4.164444446563721,37,25,30,0,
2025-12-30 10:11:51.187000,9d,Toxicity,Original,,222.6134033203125,0.14067047834396362,32.711334228515625,0.5990190505981445,1.0832550525665283,0.3767630159854889,11.153897285461426,2.107128381729126,1.2151259183883667,0.11913003027439117,0.17762009799480438,0.09775453060865402,8.291903495788574,61.24642562866211,0.08230945467948914,9.100418090820312,13.384674072265625,37,25,30,81.81818389892578,
2025-12-30 10:11:53.187000,9d,Toxicity,Original,,40.430240631103516,3.761287212371826,152.0697479248047,1.543190360069275,1.4231252670288086,0.1291474848985672,11.153897285461426,13.436357498168945,8.804228782653809,0.6168120503425598,0.8672255873680115,0.606913149356842,37.4635009765625,0,0.3844558596611023,6.287610054016113,13.762847900390625,37,25,30,66.66666412353516,
2025-12-30 10:11:53.187000,FinePointe Series WBP [SN 139781]  Site 4 Bias Flow is out of range.,,,,,,,,,,,,,,,,,,,,,,,,,
2025-12-30 10:11:53.187000,FinePointe Series WBP [SN 10499C]  Site 3 Bias Flow is out of range.,,,,,,,,,,,,,,,,,,,,,,,,,
2025-12-30 10:11:57.187000,9d,Toxicity,Original,,73.86162567138672,2.050577163696289,56.89978790283203,2.20845627784729,2.646656036376953,0.1283794343471527,11.153897285461426,6.988003730773926,3.231520414352417,0.7467795014381409,0.8190036416053772,0.19043102860450745,17.25082778930664,291.92962646484375,0.20115038752555847,6.556787014007568,38.06459045410156,37,25,30,50,
2025-12-30 10:11:59.188000,9d,Toxicity,Original,,181.24160766601562,1.605379581451416,85.51458740234375,1.3597707748413086,1.2442039251327515,0.37496256828308105,11.153897285461426,6.341604232788086,4.792911529541016,0.3764810860157013,0.41208532452583313,0.39429590106010437,8.47447395324707,0,0.1678224354982376,8.518912315368652,32.94438171386719,37,25,30,33.33333206176758,
2025-12-30 10:12:01.188000,9d,Toxicity,Original,,261.0520324707031,0.1151994839310646,30.073060989379883,0.618264377117157,0.7218148112297058,0.553659975528717,11.153897285461426,1.553316354751587,1.3019447326660156,0.12869411706924438,0.10114511102437973,0.11287099123001099,6.258354663848877,0,0.06006535887718201,14.618515014648438,11.45968246459961,37,25,30,75,
2025-12-30 10:12:03.187000,9d,Toxicity,Original,,44.162696838378906,3.198713541030884,141.26382446289062,1.526943564414978,1.5545768737792969,0.2712489366531372,11.153897285461426,10.269431114196777,7.477242946624756,0.5254297256469727,0.8331829309463501,0.5059692859649658,9.288086891174316,0,0.33529409766197205,3.1732418537139893,50.40126419067383,37,25,30,50,
2025-12-30 10:12:03.187000,FinePointe Series WBP [SN 139781]  Site 4 Bias Flow is out of range.,,,,,,,,,,,,,,,,,,,,,,,,,
2025-12-30 10:12:03.187000,FinePointe Series WBP [SN 10499C]  Site 3 Bias Flow is out of range.,,,,,,,,,,,,,,,,,,,,,,,,,
2025-12-30 10:12:05.188000,9d,Toxicity,Original,,269.14776611328125,0.1072535291314125,28.867046356201172,0.9878828525543213,0.9002172350883484,0.4493947923183441,11.153897285461426,1.6078472137451172,1.7378050088882446,0.10721469670534134,0.11571118235588074,0.15332747995853424,5.705044269561768,0,0.06193315237760544,14.693061828613281,12.540240287780762,37,25,30,75,
2025-12-30 10:12:07.188000,9d,Toxicity,Original,,169.1435089111328,1.7246464490890503,75.99479675292969,1.3799641132354736,1.4399763345718384,0.31025782227516174,11.153897285461426,6.933043479919434,4.603917121887207,0.4335441589355469,0.5310159921646118,0.3186137080192566,12.34748649597168,0,0.1844942271709442,10.72193431854248,34.96002197265625,37,25,30,50,
2025-12-30 10:12:09.187000,9d,Toxicity,Original,,32.23691177368164,3.317091941833496,106.93279266357422,2.209756374359131,1.9647672176361084,0.1324671506881714,11.153897285461426,9.525371551513672,5.912049293518066,0.9553356170654297,0.9058849215507507,0.38352471590042114,16.3303279876709,0,0.3170160949230194,1.4802786111831665,27.656291961669922,37,25,30,0,
2025-12-30 10:12:13.187000,9d,Toxicity,Original,,39.136993408203125,3.0937159061431885,121.0787353515625,1.6559710502624512,1.4999563694000244,0.11833751201629639,11.153897285461426,10.652397155761719,6.5971245765686035,0.688035786151886,0.8450405597686768,0.44403189420700073,17.678163528442383,0,0.35240355134010315,0.773271381855011,3.939955949783325,37,25,30,75,
2025-12-30 10:12:13.187000,FinePointe Series WBP [SN 139781]  Site 4 Bias Flow is out of range.,,,,,,,,,,,,,,,,,,,,,,,,,
2025-12-30 10:12:13.187000,FinePointe Series WBP [SN 10499C]  Site 3 Bias Flow is out of range.,,,,,,,,,,,,,,,,,,,,,,,,,
2025-12-30 10:12:15.188000,9d,Toxicity,Original,,40.49562454223633,2.905646324157715,117.66595458984375,2.2351293563842773,2.2552762031555176,0.1879315972328186,11.153897285461426,11.163747787475586,6.823724746704102,0.5344884991645813,0.9471531510353088,0.3403317332267761,15.188990592956543,0,0.2977486848831177,0.9622305631637573,35.27533721923828,37,25,30,83.33333587646484,
2025-12-30 10:12:19.187000,9d,Toxicity,Original,,131.87588500976562,1.6958727836608887,83.57361602783203,0.9536423683166504,1.1473459005355835,0.44457727670669556,11.153897285461426,6.097358703613281,4.163187026977539,0.41185054183006287,0.46579355001449585,0.33766013383865356,11.404083251953125,0,0.19365453720092773,8.750656127929688,18.777294158935547,37,25,30,77.77777862548828,
2025-12-30 10:12:23.188000,9d,Toxicity,Original,,40.107261657714844,3.0184438228607178,121.06151580810547,1.786524772644043,1.9564340114593506,0.2277025431394577,11.153897285461426,11.69111156463623,7.14333438873291,0.5122488737106323,0.9837395548820496,0.48510637879371643,14.117140769958496,0,0.3439342677593231,3.601870059967041,44.88145446777344,37,25,30,75,
2025-12-30 10:12:23.188000,FinePointe Series WBP [SN 139781]  Site 4 Bias Flow is out of range.,,,,,,,,,,,,,,,,,,,,,,,,,
2025-12-30 10:12:23.188000,FinePointe Series WBP [SN 10499C]  Site 3 Bias Flow is out of range.,,,,,,,,,,,,,,,,,,,,,,,,,
2025-12-30 10:12:25.187000,9d,Toxicity,Original,,36.742958068847656,3.1814768314361572,116.8968734741211,1.3634167909622192,1.512412428855896,0.12181948870420456,11.153897285461426,11.140637397766113,6.676436901092529,0.8120792508125305,0.8208866715431213,0.4182393550872803,13.077326774597168,0,0.33922770619392395,2.4007554054260254,28.11252784729004,37,25,30,80,
2025-12-30 10:12:29.187000,9d,Toxicity,Original,,155.2286834716797,1.3735874891281128,55.702857971191406,2.463832139968872,2.6076693534851074,0.3568955659866333,11.153897285461426,6.438177585601807,3.817328691482544,0.3277105987071991,0.8123409152030945,0.18192026019096375,12.141521453857422,235.14041137695312,0.16966992616653442,7.976994037628174,19.62318992614746,37,25,30,71.42857360839844,
2025-12-30 10:12:29.187000,FinePointe Series WBP [SN 139781]  Site 4 Bias Flow is out of range.,,,,,,,,,,,,,,,,,,,,,,,,,
2025-12-30 10:12:29.187000,FinePointe Series WBP [SN 10499C]  Site 3 Bias Flow is out of range.,,,,,,,,,,,,,,,,,,,,,,,,,
2025-12-30 10:12:29.187000,Deliver compound.,,,,,,,,,,,,,,,,,,,,,,,,,
2025-12-30 10:12:29.187000,Site Acknowledgement Changed: True,,,,,,,,,,,,,,,,,,,,,,,,,
2025-12-30 10:12:29.187000,Time Zero Set,,,,,,,,,,,,,,,,,,,,,,,,,
2025-12-30 10:12:29.187000,Measuring antidote.,,,,,,,,,,,,,,,,,,,,,,,,,
2025-12-30 10:12:29.187000,Create measurement 'antidote'. Duration: 00:01:00,,,,,,,,,,,,,,,,,,,,,,,,,
2025-12-30 10:12:29.187000,Site Acknowledgement Changed: False,,,,,,,,,,,,,,,,,,,,,,,,,
2025-12-30 10:12:29.187000,FinePointe Series WBP [SN 10499C]  Site 4 Bias Flow is out of range.,,,,,,,,,,,,,,,,,,,,,,,,,
2025-12-30 10:12:29.187000,FinePointe Series WBP [SN 139781]  Site 4 Bias Flow is out of range.,,,,,,,,,,,,,,,,,,,,,,,,,
2025-12-30 10:12:29.187000,FinePointe Series WBP [SN 10499C]  Site 3 Bias Flow is out of range.,,,,,,,,,,,,,,,,,,,,,,,,,
2025-12-30 10:12:29.187000,FinePointe Series WBP [SN 10499C]  Site 4 Bias Flow is out of range.,,,,,,,,,,,,,,,,,,,,,,,,,
2025-12-30 10:12:29.187000,FinePointe Series WBP [SN 139781]  Site 4 Bias Flow is out of range.,,,,,,,,,,,,,,,,,,,,,,,,,
2025-12-30 10:12:29.187000,FinePointe Series WBP [SN 10499C]  Site 3 Bias Flow is out of range.,,,,,,,,,,,,,,,,,,,,,,,,,
2025-12-30 10:12:55.176000,9d,Toxicity,Original,,346.00262451171875,0.4446558952331543,153.85211181640625,0.6152501106262207,0.38160204887390137,0.18322010338306427,11.153897285461426,11.725933074951172,17.872425079345703,0.10791409015655518,0.06549499928951263,0.6394357085227966,1.154336929321289,45.9145393371582,0.04757096618413925,,14.20312213897705,37,25,30,85.71428680419922,
2025-12-30 10:12:55.176000,FinePointe Series WBP [SN 139781]  Site 4 Bias Flow is out of range.,,,,,,,,,,,,,,,,,,,,,,,,,
2025-12-30 10:12:55.176000,FinePointe Series WBP [SN 10499C]  Site 3 Bias Flow is out of range.,,,,,,,,,,,,,,,,,,,,,,,,,
2025-12-30 10:12:55.176000,FinePointe Series WBP [SN 139781]  Site 4 Bias Flow is out of range.,,,,,,,,,,,,,,,,,,,,,,,,,
2025-12-30 10:12:55.176000,FinePointe Series WBP [SN 10499C]  Site 3 Bias Flow is out of range.,,,,,,,,,,,,,,,,,,,,,,,,,
2025-12-30 10:12:55.176000,FinePointe Series WBP [SN 139781]  Site 4 Bias Flow is out of range.,,,,,,,,,,,,,,,,,,,,,,,,,
2025-12-30 10:12:55.176000,FinePointe Series WBP [SN 10499C]  Site 3 Bias Flow is out of range.,,,,,,,,,,,,,,,,,,,,,,,,,
2025-12-30 10:13:31.175000,9d,Toxicity,Original,,42.151607513427734,2.7938342094421387,117.76459503173828,2.1163179874420166,1.6943035125732422,0.2866278290748596,11.153897285461426,10.465620994567871,7.311182022094727,0.6209989786148071,0.8024343252182007,0.3558083474636078,10.02409553527832,0,0.3058599531650543,,20.618627548217773,37,25,30,91.66666412353516,
2025-12-30 10:13:33.176000,9d,Toxicity,Original,,183.67684936523438,1.0751851797103882,74.33203125,0.8935719728469849,0.9941577911376953,0.4330331087112427,11.153897285461426,4.491469860076904,3.2158639430999756,0.3065645396709442,0.3168502449989319,0.25667551159858704,7.864422798156738,135.12132263183594,0.15047843754291534,7.035494804382324,14.839982032775879,37,25,30,50,
2025-12-30 10:13:33.176000,FinePointe Series WBP [SN 139781]  Site 4 Bias Flow is out of range.,,,,,,,,,,,,,,,,,,,,,,,,,
2025-12-30 10:13:33.176000,FinePointe Series WBP [SN 10499C]  Site 3 Bias Flow is out of range.,,,,,,,,,,,,,,,,,,,,,,,,,
2025-12-30 10:13:37.175000,9d,Toxicity,Original,,156.70440673828125,1.3879154920578003,66.53825378417969,1.6667025089263916,1.5292670726776123,0.3140336275100708,11.153897285461426,5.565328121185303,4.457001209259033,0.44046637415885925,0.5561029314994812,0.317645788192749,13.076271057128906,0,0.18493804335594177,11.055533409118652,20.192302703857422,37,25,30,50,
2025-12-30 10:13:37.175000,Measuring T30.,,,,,,,,,,,,,,,,,,,,,,,,,
2025-12-30 10:13:37.175000,Create measurement 'T30'. Duration: 00:29:00,,,,,,,,,,,,,,,,,,,,,,,,,
2025-12-30 10:13:41.175000,9d,Toxicity,Original,,189.1399688720703,0.11336911469697952,21.442630767822266,1.0852688550949097,0.7486744523048401,0.5528565645217896,11.153897285461426,0.9011492133140564,1.3505371809005737,0.20869815349578857,0.10852724313735962,0.12103583663702011,4.638367652893066,0,0.06275168806314468,9.9597806930542,19.54780387878418,37,25,30,80,
2025-12-30 10:13:43.176000,9d,Toxicity,Original,,51.75074005126953,1.9291656017303467,99.83573913574219,1.5480669736862183,1.6349527835845947,0.2971591353416443,11.153897285461426,9.11721134185791,7.133683681488037,0.45271170139312744,0.7066920399665833,0.5359780192375183,12.522686004638672,0,0.2779765725135803,6.502032279968262,45.62785720825195,37,25,30,75,
2025-12-30 10:13:43.176000,FinePointe Series WBP [SN 139781]  Site 4 Bias Flow is out of range.,,,,,,,,,,,,,,,,,,,,,,,,,
2025-12-30 10:13:43.176000,FinePointe Series WBP [SN 10499C]  Site 3 Bias Flow is out of range.,,,,,,,,,,,,,,,,,,,,,,,,,
2025-12-30 10:13:47.175000,9d,Toxicity,Original,,48.747833251953125,1.333396553993225,65.00019073486328,1.867154598236084,1.8678172826766968,0.23430751264095306,11.153897285461426,5.928073883056641,4.504206657409668,0.4796743094921112,0.7511496543884277,0.323417067527771,10.03293228149414,403.7217102050781,0.2703634798526764,6.319454193115234,52.77687072753906,37,25,30,85.71428680419922,
2025-12-30 10:13:49.176000,9d,Toxicity,Original,,42.61051559448242,2.074500322341919,88.3955307006836,1.5802115201950073,1.4837567806243896,0.1383884847164154,11.153897285461426,8.898599624633789,5.057624816894531,0.5409789085388184,0.8671241402626038,0.3594093918800354,8.822514533996582,0,0.35763120651245117,,14.46091365814209,37,25,30,75,
2025-12-30 10:13:49.176000,FinePointe Series WBP [SN 139781]  Site 4 Bias Flow is out of range.,,,,,,,,,,,,,,,,,,,,,,,,,
2025-12-30 10:13:49.176000,FinePointe Series WBP [SN 10499C]  Site 3 Bias Flow is out of range.,,,,,,,,,,,,,,,,,,,,,,,,,
2025-12-30 10:13:55.176000,9d,Toxicity,Original,,294.1123352050781,0.12723584473133087,37.421630859375,0.665058970451355,0.702431857585907,0.5080378651618958,11.153897285461426,1.824794888496399,1.6920020580291748,0.10952254384756088,0.09448114782571793,0.15161564946174622,7.469690322875977,0,0.056997835636138916,16.13654899597168,14.097236633300781,37,25,30,91.66666412353516,
2025-12-30 10:14:01.175000,9d,Toxicity,Original,,28.644655227661133,2.84976863861084,81.6306381225586,5.596670150756836,7.203639507293701,0.12457196414470673,11.153897285461426,12.431309700012207,5.794166564941406,0.5533538460731506,1.5412777662277222,0.3736915588378906,16.59935188293457,747.3381958007812,0.19214880466461182,3.4958643913269043,20.520008087158203,37,25,30,87.5,
2025-12-30 10:14:03.175000,9d,Toxicity,Original,,40.54192352294922,3.23360276222229,131.09646606445312,1.3351857662200928,1.57393479347229,0.3261692225933075,11.153897285461426,9.696671485900879,6.873730182647705,0.5908404588699341,0.8891090750694275,0.5494881272315979,13.048956871032715,0,0.35542649030685425,2.24759840965271,24.221054077148438,37,25,30,66.66666412353516,
2025-12-30 10:14:03.175000,FinePointe Series WBP [SN 139781]  Site 4 Bias Flow is out of range.,,,,,,,,,,,,,,,,,,,,,,,,,
2025-12-30 10:14:03.175000,FinePointe Series WBP [SN 10499C]  Site 3 Bias Flow is out of range.,,,,,,,,,,,,,,,,,,,,,,,,,
2025-12-30 10:14:05.176000,9d,Toxicity,Original,,216.61436462402344,0.1328275501728058,28.291513442993164,1.8717296123504639,1.7948253154754639,0.37877315282821655,11.153897285461426,1.687825322151184,1.7067933082580566,0.12769395112991333,0.16812506318092346,0.14843019843101501,7.316012382507324,44.938697814941406,0.0640823170542717,13.567424774169922,19.229610443115234,37,25,30,14.285714149475098,
2025-12-30 10:14:09.175000,9d,Toxicity,Original,,102.89874267578125,1.465409517288208,81.51921081542969,1.065098762512207,1.153784990310669,0.24685339629650116,11.153897285461426,6.483153343200684,5.117830753326416,0.3534919321537018,0.48118889331817627,0.29924649000167847,15.871705055236816,0,0.22114326059818268,11.092568397521973,25.622455596923828,37,25,30,77.77777862548828,
2025-12-30 10:14:11.176000,9d,Toxicity,Original,,34.67253875732422,3.337449312210083,115.71784210205078,3.111285924911499,2.8612730503082275,0.07916691899299622,11.153897285461426,11.711061477661133,7.0995988845825195,0.6189006567001343,1.1115753650665283,0.19802771508693695,9.061419486999512,175.50013732910156,0.2933764159679413,,22.78652000427246,37,25,30,0,
2025-12-30 10:14:13.175000,9d,Toxicity,Original,,263.6368103027344,0.12194488942623138,32.14916229248047,0.6721504330635071,0.9601356387138367,0.3763059675693512,11.153897285461426,1.7164833545684814,1.1754037141799927,0.12128934264183044,0.10629647970199585,0.10306388884782791,10.557903289794922,7.171281814575195,0.056656330823898315,16.68590545654297,19.257516860961914,37,25,30,87.5,
2025-12-30 10:14:13.175000,FinePointe Series WBP [SN 139781]  Site 4 Bias Flow is out of range.,,,,,,,,,,,,,,,,,,,,,,,,,
2025-12-30 10:14:13.175000,FinePointe Series WBP [SN 10499C]  Site 3 Bias Flow is out of range.,,,,,,,,,,,,,,,,,,,,,,,,,
2025-12-30 10:14:15.175000,9d,Toxicity,Original,,47.90460205078125,3.1591637134552,151.33847045898438,1.2914924621582031,1.2655714750289917,0.3166152536869049,11.153897285461426,12.202757835388184,7.691646575927734,0.5260555744171143,0.7264336943626404,0.6320557594299316,12.356480598449707,0,0.3311932682991028,1.446160078048706,35.66996383666992,37,25,30,50,
2025-12-30 10:14:17.176000,9d,Toxicity,Original,,173.26268005371094,0.20393326878547668,35.334022521972656,1.6972829103469849,2.273427963256836,0.2898675501346588,11.153897285461426,2.798881769180298,1.8926469087600708,0.1255044937133789,0.22079050540924072,0.165536031126976,8.213187217712402,55.3857421875,0.06902747601270676,10.190482139587402,37.29853057861328,37,25,30,50,
2025-12-30 10:14:19.175000,9d,Toxicity,Original,,53.13387680053711,2.0585036277770996,109.37628173828125,1.5039576292037964,1.6015287637710571,0.28858086466789246,11.153897285461426,8.454824447631836,6.603830337524414,0.47082874178886414,0.6583942770957947,0.4338463544845581,13.015259742736816,0,0.2688143253326416,6.323794841766357,11.357551574707031,37,25,30,50,
2025-12-30 10:14:21.176000,9d,Toxicity,Original,,96.74089050292969,1.4396939277648926,71.84236145019531,2.5412755012512207,3.1221799850463867,0.16912445425987244,11.153897285461426,5.7996697425842285,4.203987121582031,0.3615185618400574,0.5007101893424988,0.31008991599082947,10.503084182739258,100.04450225830078,0.1917935609817505,4.535860538482666,15.745466232299805,37,25,30,71.42857360839844,
2025-12-30 10:14:21.176000,FinePointe Series WBP [SN 139781]  Site 4 Bias Flow is out of range.,,,,,,,,,,,,,,,,,,,,,,,,,
2025-12-30 10:14:21.176000,FinePointe Series WBP [SN 10499C]  Site 3 Bias Flow is out of range.,,,,,,,,,,,,,,,,,,,,,,,,,
2025-12-30 10:14:25.175000,9d,Toxicity,Original,,191.3904266357422,0.839622437953949,62.77638244628906,0.836342453956604,0.9503819346427917,0.4606179893016815,11.153897285461426,4.290520668029785,3.030909538269043,0.22630876302719116,0.28349635004997253,0.21080085635185242,12.192428588867188,0,0.12850916385650635,14.292606353759766,16.987709045410156,37,25,30,55.55555725097656,
2025-12-30 10:14:27.176000,9d,Toxicity,Original,,245.23170471191406,0.13309477269649506,32.63905715942383,0.616142749786377,0.8882052302360535,0.5407634377479553,11.153897285461426,1.7960758209228516,1.241786241531372,0.12261689454317093,0.12204967439174652,0.10639552772045135,5.292026519775391,0,0.06575413793325424,12.44865608215332,18.236215591430664,37,25,30,80,
2025-12-30 10:14:29.175000,9d,Toxicity,Original,,47.7728271484375,2.8300414085388184,135.19906616210938,1.1999398469924927,1.283319115638733,0.2658737897872925,11.153897285461426,11.411784172058105,7.645166397094727,0.5714088082313538,0.6845353245735168,0.560482382774353,24.512409210205078,0,0.32848572731018066,4.920772552490234,26.562129974365234,37,25,30,50,
2025-12-30 10:14:31.175000,9d,Toxicity,Original,,174.09312438964844,0.14754429459571838,25.686447143554688,0.10137990862131119,0.2578113377094269,0.8764262795448303,11.153897285461426,2.225390672683716,1.020790696144104,0.12557163834571838,0.21907147765159607,0.06831158697605133,10.950456619262695,0,0.17764891684055328,,,37,25,30,80,
2025-12-30 10:14:33.176000,9d,Toxicity,Original,,138.61521911621094,1.4957327842712402,74.93914794921875,0.9218713641166687,1.0214194059371948,0.31207358837127686,11.153897285461426,6.361993789672852,3.89786696434021,0.40262511372566223,0.45760080218315125,0.3369879126548767,15.969921112060547,0,0.21846354007720947,10.616520881652832,14.980018615722656,37,25,30,0,
2025-12-30 10:14:33.176000,FinePointe Series WBP [SN 139781]  Site 4 Bias Flow is out of range.,,,,,,,,,,,,,,,,,,,,,,,,,
2025-12-30 10:14:33.176000,FinePointe Series WBP [SN 10499C]  Site 3 Bias Flow is out of range.,,,,,,,,,,,,,,,,,,,,,,,,,
2025-12-30 10:14:35.175000,9d,Toxicity,Original,,114.10279083251953,0.8782050609588623,59.943565368652344,1.1796057224273682,1.3348944187164307,0.28626489639282227,11.153897285461426,4.2563862800598145,2.9723427295684814,0.2876533567905426,0.4506125748157501,0.13122403621673584,8.97183609008789,0,0.17765988409519196,7.464452743530273,12.692459106445312,37,25,30,71.42857360839844,
2025-12-30 10:14:37.176000,9d,Toxicity,Original,,133.41845703125,1.2713497877120972,70.87174224853516,1.152549386024475,1.6102890968322754,0.309887170791626,11.153897285461426,5.814141750335693,3.7603394985198975,0.33295688033103943,0.4410177767276764,0.32716673612594604,14.0968599319458,30.699703216552734,0.1914263367652893,7.921701908111572,38.84798049926758,37,25,30,0,
2025-12-30 10:14:39.175000,9d,Toxicity,Original,,45.15955352783203,2.849691867828369,128.69081115722656,1.002687931060791,1.181501030921936,0.5020523071289062,11.153897285461426,10.598286628723145,6.589569568634033,0.5597782731056213,0.7688442468643188,0.3924553394317627,33.03303527832031,0,0.3670406639575958,6.888179779052734,39.74018859863281,37,25,30,66.66666412353516,
2025-12-30 10:14:43.176000,9d,Toxicity,Original,,39.896881103515625,2.5109975337982178,100.18096160888672,1.3694411516189575,1.6556692123413086,0.20716673135757446,11.153897285461426,10.241523742675781,5.503782749176025,0.6832819581031799,0.8205950856208801,0.22625240683555603,15.679851531982422,0,0.3210738003253937,4.394383430480957,10.204954147338867,37,25,30,75,
2025-12-30 10:14:43.176000,FinePointe Series WBP [SN 139781]  Site 4 Bias Flow is out of range.,,,,,,,,,,,,,,,,,,,,,,,,,
2025-12-30 10:14:43.176000,FinePointe Series WBP [SN 10499C]  Site 3 Bias Flow is out of range.,,,,,,,,,,,,,,,,,,,,,,,,,
2025-12-30 10:14:45.175000,9d,Toxicity,Original,,216.54632568359375,0.13947567343711853,30.32583999633789,0.9884160757064819,0.9050229787826538,0.46338409185409546,11.153897285461426,1.6637730598449707,1.7460150718688965,0.15737783908843994,0.125979483127594,0.15638579428195953,6.671858310699463,0,0.0674622505903244,13.2982177734375,14.018803596496582,37,25,30,33.33333206176758,
2025-12-30 10:14:47.175000,9d,Toxicity,Original,,105.21438598632812,1.493213415145874,64.4107666015625,2.487868547439575,2.0303866863250732,0.2781902551651001,11.153897285461426,5.8938188552856445,4.357171535491943,0.36768287420272827,0.7513936161994934,0.31365686655044556,14.537919044494629,233.11776733398438,0.19947901368141174,6.434840679168701,8.877198219299316,37,25,30,50,
2025-12-30 10:14:49.176000,9d,Toxicity,Original,,44.683448791503906,2.7656702995300293,123.57968139648438,1.352334976196289,1.294843077659607,0.1904195100069046,11.153897285461426,8.676673889160156,6.6940531730651855,0.6705790758132935,0.6722000241279602,0.45688343048095703,13.046581268310547,0,0.30394041538238525,3.918858289718628,5.1842498779296875,37,25,30,50,
2025-12-30 10:14:53.176000,9d,Toxicity,Original,,106.73091125488281,1.7034028768539429,83.47198486328125,0.910749614238739,1.0457490682601929,0.40705248713493347,11.153897285461426,6.927154541015625,4.198437690734863,0.4667619466781616,0.45553234219551086,0.2296544462442398,12.177255630493164,0,0.20886115729808807,6.705167770385742,7.89993143081665,37,25,30,75,
2025-12-30 10:14:53.176000,FinePointe Series WBP [SN 139781]  Site 4 Bias Flow is out of range.,,,,,,,,,,,,,,,,,,,,,,,,,
2025-12-30 10:14:53.176000,FinePointe Series WBP [SN 10499C]  Site 3 Bias Flow is out of range.,,,,,,,,,,,,,,,,,,,,,,,,,
2025-12-30 10:14:55.175000,9d,Toxicity,Original,,49.35493850708008,2.663266897201538,131.44537353515625,1.7107112407684326,1.4045841693878174,0.2711397409439087,11.153897285461426,10.79249095916748,7.900064468383789,0.5149381756782532,0.7007456421852112,0.5337176322937012,10.87185001373291,0,0.300000935792923,0.5105298161506653,27.8509578704834,37,25,30,75,
2025-12-30 10:14:57.175000,9d,Toxicity,Original,,180.2965087890625,0.14658404886722565,27.901683807373047,1.9212238788604736,1.8941168785095215,0.37423771619796753,11.153897285461426,1.954827904701233,1.6138123273849487,0.1455826610326767,0.21931880712509155,0.11300268024206161,8.096370697021484,85.2420425415039,0.07352886348962784,11.43829345703125,33.5560188293457,37,25,30,50,
2025-12-30 10:14:59.176000,9d,Toxicity,Original,,46.46356964111328,2.9978818893432617,139.29229736328125,1.288297414779663,1.4851973056793213,0.24536971747875214,11.153897285461426,10.683758735656738,6.229899883270264,0.5414454936981201,0.7498887777328491,0.357150673866272,16.8919620513916,0,0.3139485716819763,3.676922082901001,17.22258949279785,37,25,30,0,
2025-12-30 10:15:01.175000,9d,Toxicity,Original,,43.64814758300781,2.95607328414917,129.02713012695312,1.108208179473877,1.125029444694519,0.3472166955471039,11.153897285461426,9.372472763061523,8.095970153808594,0.5682159066200256,0.8064128756523132,0.28011369705200195,13.990378379821777,0,0.39252030849456787,9.4894380569458,28.482824325561523,37,25,30,75,
2025-12-30 10:15:03.175000,9d,Toxicity,Original,,188.40646362304688,0.17710894346237183,30.315074920654297,0.7321656942367554,0.8348133563995361,0.5621869564056396,11.153897285461426,2.4516799449920654,1.8542511463165283,0.13984376192092896,0.20176655054092407,0.1549851894378662,6.908297538757324,9.64511775970459,0.11073341965675354,9.596500396728516,13.200236320495605,37,25,30,60,
2025-12-30 10:15:03.175000,FinePointe Series WBP [SN 139781]  Site 4 Bias Flow is out of range.,,,,,,,,,,,,,,,,,,,,,,,,,
2025-12-30 10:15:03.175000,FinePointe Series WBP [SN 10499C]  Site 3 Bias Flow is out of range.,,,,,,,,,,,,,,,,,,,,,,,,,
2025-12-30 10:15:05.176000,9d,Toxicity,Original,,39.132442474365234,2.254232168197632,88.21361541748047,2.932781934738159,2.4652111530303955,0.12334445118904114,11.153897285461426,7.994190692901611,6.423635959625244,0.641443133354187,0.8918114900588989,0.3304760754108429,9.592693328857422,0,0.2643982768058777,2.5003013610839844,18.121963500976562,37,25,30,0,
2025-12-30 10:15:09.175000,9d,Toxicity,Original,,101.08126831054688,1.143181562423706,63.66233444213867,2.850308895111084,2.473752498626709,0.17814195156097412,11.153897285461426,5.266252517700195,4.609426498413086,0.31106722354888916,0.4730425775051117,0.2846376299858093,8.653254508972168,52.624481201171875,0.1609194427728653,10.275498390197754,47.59945297241211,37,25,30,75,
2025-12-30 10:15:11.176000,9d,Toxicity,Original,,39.64717483520508,2.5211691856384277,99.95723724365234,2.5757834911346436,2.1236181259155273,0.09390348941087723,11.153897285461426,9.280240058898926,6.904985427856445,0.5975147485733032,0.9158338904380798,0.33707675337791443,15.97304630279541,0,0.3003787100315094,0.4335997998714447,36.46129608154297,37,25,30,0,
2025-12-30 10:15:11.176000,FinePointe Series WBP [SN 139781]  Site 4 Bias Flow is out of range.,,,,,,,,,,,,,,,,,,,,,,,,,
2025-12-30 10:15:11.176000,FinePointe Series WBP [SN 10499C]  Site 3 Bias Flow is out of range.,,,,,,,,,,,,,,,,,,,,,,,,,
2025-12-30 10:15:15.176000,9d,Toxicity,Original,,41.546661376953125,2.8427915573120117,118.1084976196289,1.5691888332366943,1.5375458002090454,0.11411884427070618,11.153897285461426,11.47213077545166,7.570775508880615,0.6905590295791626,0.7536003589630127,0.5239236950874329,15.088740348815918,0,0.310860276222229,3.31099009513855,5.355778217315674,37,25,30,88.88888549804688,
2025-12-30 10:15:17.175000,9d,Toxicity,Original,,88.45030975341797,0.11490233242511749,10.163146018981934,1.0916081666946411,0.9426262378692627,0.9147974848747253,11.153897285461426,1.3108991384506226,1.6114037036895752,0.18862111866474152,0.48972588777542114,0.13151423633098602,15.468494415283203,0,0.2582581043243408,,,37,25,30,50,
2025-12-30 10:15:19.175000,9d,Toxicity,Original,,40.04996871948242,3.1707732677459717,126.98937225341797,1.647456407546997,1.62712562084198,0.20611260831356049,11.153897285461426,11.666988372802734,7.810169696807861,0.6636332273483276,0.8344952464103699,0.3632030785083771,29.87487030029297,0,0.3334040939807892,6.726268768310547,30.53807830810547,37,25,30,0,
2025-12-30 10:15:23.175000,9d,Toxicity,Original,,163.25677490234375,0.9973838329315186,72.59406280517578,0.8637769222259521,0.9233155846595764,0.459532767534256,11.153897285461426,4.443819046020508,3.4414162635803223,0.2852885127067566,0.2840527892112732,0.2824338376522064,7.834540367126465,4.314532279968262,0.148335263133049,10.2298002243042,22.846776962280273,37,25,30,76.92308044433594,
2025-12-30 10:15:23.175000,FinePointe Series WBP [SN 139781]  Site 4 Bias Flow is out of range.,,,,,,,,,,,,,,,,,,,,,,,,,
2025-12-30 10:15:23.175000,FinePointe Series WBP [SN 10499C]  Site 3 Bias Flow is out of range.,,,,,,,,,,,,,,,,,,,,,,,,,
2025-12-30 10:15:25.175000,9d,Toxicity,Original,,42.17919158935547,2.493025302886963,105.15379333496094,2.0859761238098145,2.0978612899780273,0.09821917116641998,11.153897285461426,9.337542533874512,6.520843029022217,0.5061842203140259,0.9163180589675903,0.42832037806510925,8.818221092224121,0,0.30379608273506165,2.2821550369262695,40.899139404296875,37,25,30,50,
2025-12-30 10:15:27.176000,9d,Toxicity,Original,,199.2436065673828,0.21713970601558685,43.263694763183594,0.3523063361644745,0.6285908818244934,0.4943273365497589,11.153897285461426,2.3900041580200195,1.343104600906372,0.16357824206352234,0.1375606656074524,0.10866273939609528,13.242298126220703,0,0.08740290254354477,14.033005714416504,11.315106391906738,37,25,30,66.66666412353516,
2025-12-30 10:15:29.175000,9d,Toxicity,Original,,31.463592529296875,2.7516229152679443,86.57594299316406,3.8648550510406494,4.224740505218506,0.11742057651281357,11.153897285461426,11.934871673583984,6.720407962799072,0.5954411625862122,1.3115248680114746,0.3513670563697815,22.285306930541992,444.61492919921875,0.2601498067378998,5.180612087249756,19.632875442504883,37,25,30,66.66666412353516,
2025-12-30 10:15:33.175000,9d,Toxicity,Original,,142.73934936523438,1.303714632987976,54.88946533203125,2.4288671016693115,2.5494842529296875,0.2783178687095642,11.153897285461426,6.657946586608887,4.418484687805176,0.30092811584472656,0.8389487266540527,0.26412197947502136,14.900264739990234,270.4434814453125,0.18423759937286377,9.860435485839844,17.19780158996582,37,25,30,60,
2025-12-30 10:15:33.175000,FinePointe Series WBP [SN 139781]  Site 4 Bias Flow is out of range.,,,,,,,,,,,,,,,,,,,,,,,,,
2025-12-30 10:15:33.175000,FinePointe Series WBP [SN 10499C]  Site 3 Bias Flow is out of range.,,,,,,,,,,,,,,,,,,,,,,,,,
2025-12-30 10:15:35.175000,9d,Toxicity,Original,,44.785118103027344,3.4157848358154297,152.97633361816406,1.3760583400726318,1.2675044536590576,0.2518123984336853,11.153897285461426,11.929828643798828,8.957559585571289,0.5375462770462036,0.802184522151947,0.5009949207305908,13.848031997680664,0,0.3689427375793457,5.8679423332214355,33.05499267578125,37,25,30,66.66666412353516,
2025-12-30 10:15:39.175000,9d,Toxicity,Original,,155.11343383789062,0.10600751638412476,16.443191528320312,4.64674186706543,3.524463176727295,0.3107493817806244,11.153897285461426,1.1972259283065796,1.5120495557785034,0.16155177354812622,0.22526191174983978,0.12203336507081985,8.828444480895996,108.62614440917969,0.0510106198489666,10.480680465698242,44.482540130615234,37,25,30,75,
2025-12-30 10:15:41.175000,9d,Toxicity,Original,,47.386497497558594,3.0272574424743652,143.4511260986328,1.5055241584777832,1.3362776041030884,0.4436849057674408,11.153897285461426,10.322952270507812,7.046766757965088,0.5224123597145081,0.7437710762023926,0.5949690937995911,13.10981559753418,0,0.327757865190506,3.51239275932312,30.875137329101562,37,25,30,0,
2025-12-30 10:15:43.176000,9d,Toxicity,Original,,48.877662658691406,2.517625570297241,123.05565643310547,1.7255150079727173,1.4744956493377686,0.13699328899383545,11.153897285461426,9.117082595825195,7.701797962188721,0.48299258947372437,0.744562029838562,0.5949378609657288,11.97609806060791,0,0.30970627069473267,3.9208297729492188,8.493565559387207,37,25,30,80,
2025-12-30 10:15:43.176000,FinePointe Series WBP [SN 139781]  Site 4 Bias Flow is out of range.,,,,,,,,,,,,,,,,,,,,,,,,,
2025-12-30 10:15:43.176000,FinePointe Series WBP [SN 10499C]  Site 3 Bias Flow is out of range.,,,,,,,,,,,,,,,,,,,,,,,,,
2025-12-30 10:15:47.176000,9d,Toxicity,Original,,87.84559631347656,1.3641703128814697,76.0542984008789,2.3117427825927734,2.7449393272399902,0.3761413097381592,11.153897285461426,5.54131555557251,4.790295124053955,0.35213518142700195,0.46926072239875793,0.3118321895599365,15.037567138671875,61.65507888793945,0.17822405695915222,7.009448051452637,36.04011535644531,37,25,30,71.42857360839844,
2025-12-30 10:15:51.175000,9d,Toxicity,Original,,156.2854766845703,1.3486065864562988,85.08058166503906,1.2754935026168823,1.1110178232192993,0.3026297688484192,11.153897285461426,5.99725866317749,4.744245529174805,0.31366896629333496,0.3956986665725708,0.38676297664642334,7.851466178894043,0,0.17441976070404053,9.492464065551758,16.07977867126465,37,25,30,66.66666412353516,
2025-12-30 10:15:53.176000,9d,Toxicity,Original,,110.5860595703125,0.23256073892116547,25.717975616455078,0.6552202701568604,0.7958588004112244,0.10751889646053314,11.153897285461426,2.8381693363189697,1.885788083076477,0.1333334594964981,0.40923038125038147,0.09096454083919525,7.252365589141846,318.47967529296875,0.23045766353607178,,10.534281730651855,37,25,30,75,
2025-12-30 10:15:53.176000,FinePointe Series WBP [SN 139781]  Site 4 Bias Flow is out of range.,,,,,,,,,,,,,,,,,,,,,,,,,
2025-12-30 10:15:53.176000,FinePointe Series WBP [SN 10499C]  Site 3 Bias Flow is out of range.,,,,,,,,,,,,,,,,,,,,,,,,,
2025-12-30 10:15:55.175000,9d,Toxicity,Original,,32.87147903442383,2.8305556774139404,93.04454803466797,5.291945457458496,4.027863025665283,0.107696533203125,11.153897285461426,9.88420581817627,8.307147979736328,0.5439122915267944,1.2813782691955566,0.4358326494693756,15.292201042175293,441.83392333984375,0.26105043292045593,3.551685094833374,15.114124298095703,37,25,30,0,
2025-12-30 10:15:57.175000,9d,Toxicity,Original,,47.52994918823242,2.775815725326538,131.93438720703125,1.0795176029205322,1.1841115951538086,0.3657674789428711,11.153897285461426,11.655191421508789,7.480154991149902,0.6062073707580566,0.6561545729637146,0.5985572934150696,22.200454711914062,0,0.3158397376537323,3.049537420272827,30.55267906188965,37,25,30,75,
2025-12-30 10:15:59.176000,9d,Toxicity,Original,,199.55224609375,0.182297021150589,34.485843658447266,0.9068727493286133,0.7900473475456238,0.5576592683792114,11.153897285461426,1.6536939144134521,1.9013285636901855,0.20049656927585602,0.10787775367498398,0.1643877923488617,7.358267784118652,6.794178009033203,0.061525728553533554,12.51469612121582,16.207229614257812,37,25,30,50,
2025-12-30 10:16:01.175000,9d,Toxicity,Original,,36.79689407348633,2.688866376876831,98.94193267822266,3.559746026992798,2.7972586154937744,0.18782491981983185,11.153897285461426,10.251289367675781,8.17782211303711,0.501861572265625,1.1287107467651367,0.3636026978492737,15.70980453491211,0,0.3051125407218933,1.8915138244628906,28.835674285888672,37,25,30,0,
2025-12-30 10:16:03.175000,9d,Toxicity,Original,,147.6565399169922,1.4335681200027466,84.89567565917969,0.8733161687850952,0.9582796096801758,0.3950536251068115,11.153897285461426,5.899548530578613,4.457949638366699,0.3499452769756317,0.3664107024669647,0.35874032974243164,9.782155990600586,0,0.18445031344890594,11.741024017333984,18.473434448242188,37,25,30,71.42857360839844,
2025-12-30 10:16:03.175000,FinePointe Series WBP [SN 139781]  Site 4 Bias Flow is out of range.,,,,,,,,,,,,,,,,,,,,,,,,,
2025-12-30 10:16:05.176000,9d,Toxicity,Original,,135.11326599121094,0.16442465782165527,22.215951919555664,0.31423690915107727,0.28613966703414917,0.825080931186676,11.153897285461426,1.5935773849487305,1.8505866527557373,0.20167142152786255,0.24240045249462128,0.12962014973163605,8.622377395629883,0,0.19122952222824097,3.7889015674591064,,37,25,30,66.66666412353516,
2025-12-30 10:16:05.176000,FinePointe Series WBP [SN 10499C]  Site 3 Bias Flow is out of range.,,,,,,,,,,,,,,,,,,,,,,,,,
2025-12-30 10:16:07.175000,9d,Toxicity,Original,,49.413909912109375,2.98339581489563,147.42124938964844,1.4709526300430298,1.3729647397994995,0.14573581516742706,11.153897285461426,9.858760833740234,8.244877815246582,0.5143364071846008,0.6998966336250305,0.602078914642334,11.25011920928955,0,0.30438902974128723,3.310349225997925,34.62751007080078,37,25,30,50,
2025-12-30 10:16:11.175000,9d,Toxicity,Original,,38.03630828857422,3.057049036026001,116.27886199951172,2.40877366065979,2.241680860519409,0.20354926586151123,11.153897285461426,11.125080108642578,7.628879547119141,0.5654001235961914,1.0120400190353394,0.5376548171043396,35.63240051269531,0,0.3231860101222992,5.744156837463379,26.749011993408203,37,25,30,83.33333587646484,
2025-12-30 10:16:13.175000,9d,Toxicity,Original,,176.31300354003906,0.20690220594406128,36.479549407958984,0.5676431059837341,0.7863877415657043,0.5506950616836548,11.153897285461426,2.08351469039917,1.4456664323806763,0.18776938319206238,0.15253451466560364,0.12106586247682571,7.603377342224121,0,0.0879116877913475,11.373305320739746,12.899103164672852,37,25,30,75,
2025-12-30 10:16:13.175000,FinePointe Series WBP [SN 139781]  Site 4 Bias Flow is out of range.,,,,,,,,,,,,,,,,,,,,,,,,,
2025-12-30 10:16:13.175000,FinePointe Series WBP [SN 10499C]  Site 3 Bias Flow is out of range.,,,,,,,,,,,,,,,,,,,,,,,,,
2025-12-30 10:16:15.176000,9d,Toxicity,Original,,166.63275146484375,1.066673994064331,63.731910705566406,1.048778772354126,1.1025103330612183,0.3752482831478119,11.153897285461426,4.86464262008667,3.8635458946228027,0.2798910439014435,0.34014102816581726,0.23231814801692963,12.829767227172852,0,0.14876610040664673,13.895537376403809,22.036291122436523,37,25,30,62.5,
2025-12-30 10:16:17.175000,9d,Toxicity,Original,,202.68338012695312,0.1399843692779541,28.37250518798828,0.9864413142204285,1.6577174663543701,0.32339009642601013,11.153897285461426,1.9645715951919556,1.1297061443328857,0.12286274135112762,0.1731654852628708,0.10006217658519745,7.994361400604248,32.122230529785156,0.0664423480629921,13.245931625366211,30.814577102661133,37,25,30,50,
2025-12-30 10:16:19.175000,9d,Toxicity,Original,,129.0886993408203,1.7728363275527954,91.54679107666016,1.1203370094299316,1.0600072145462036,0.42874330282211304,11.153897285461426,6.775003433227539,5.859544277191162,0.3386325240135193,0.512927770614624,0.31594592332839966,10.843616485595703,0,0.23363442718982697,11.399917602539062,18.26521873474121,37,25,30,66.66666412353516,
2025-12-30 10:16:21.176000,9d,Toxicity,Original,,27.676149368286133,3.1026105880737305,85.86831665039062,5.420439720153809,5.798974514007568,0.1949240267276764,11.153897285461426,11.124017715454102,5.747073650360107,0.6493912935256958,1.518540382385254,0.37484291195869446,13.75387954711914,861.398193359375,0.22854582965373993,4.2716546058654785,8.617252349853516,37,25,30,0,
2025-12-30 10:16:21.176000,FinePointe Series WBP [SN 139781]  Site 4 Bias Flow is out of range.,,,,,,,,,,,,,,,,,,,,,,,,,
2025-12-30 10:16:21.176000,FinePointe Series WBP [SN 10499C]  Site 3 Bias Flow is out of range.,,,,,,,,,,,,,,,,,,,,,,,,,
2025-12-30 10:16:25.176000,9d,Toxicity,Original,,36.85416030883789,2.7117958068847656,99.94095611572266,3.203702211380005,2.8036983013153076,0.10204434394836426,11.153897285461426,10.660100936889648,8.18456745147705,0.4716786742210388,1.1563600301742554,0.30578985810279846,14.276031494140625,241.3446502685547,0.3126673102378845,3.272519111633301,8.259294509887695,37,25,30,80,
2025-12-30 10:16:27.175000,9d,Toxicity,Original,,50.06501007080078,2.9988670349121094,150.13832092285156,1.5637989044189453,1.31083083152771,0.16854126751422882,11.153897285461426,10.982391357421875,7.929062366485596,0.5220495462417603,0.6763921976089478,0.57380610704422,13.555784225463867,0,0.30200308561325073,2.934861421585083,35.18174362182617,37,25,30,66.66666412353516,
2025-12-30 10:16:33.175000,9d,Toxicity,Original,,168.51907348632812,0.1345868557691574,22.680452346801758,0.440434992313385,0.6157774329185486,0.19866234064102173,11.153897285461426,1.5157305002212524,1.0030514001846313,0.1647634357213974,0.191279336810112,0.045881763100624084,8.956635475158691,101.5428466796875,0.12147170305252075,4.907806396484375,6.364626884460449,37,25,30,90,
2025-12-30 10:16:33.175000,FinePointe Series WBP [SN 139781]  Site 4 Bias Flow is out of range.,,,,,,,,,,,,,,,,,,,,,,,,,
2025-12-30 10:16:33.175000,FinePointe Series WBP [SN 10499C]  Site 3 Bias Flow is out of range.,,,,,,,,,,,,,,,,,,,,,,,,,
2025-12-30 10:16:35.175000,9d,Toxicity,Original,,49.979896545410156,3.048149824142456,152.34622192382812,1.792362928390503,1.418259859085083,0.14882366359233856,11.153897285461426,11.459059715270996,9.093851089477539,0.5016690492630005,0.6988136172294617,0.6789488792419434,17.42315673828125,0,0.3051315248012543,5.497554302215576,35.99986267089844,37,25,30,50,
2025-12-30 10:16:37.176000,9d,Toxicity,Original,,204.9228515625,0.13492093980312347,27.16789436340332,0.7854784727096558,0.9521350860595703,0.3701306879520416,11.153897285461426,1.6666029691696167,1.3113014698028564,0.140497088432312,0.15753193199634552,0.10604328662157059,6.38119649887085,0,0.08335413783788681,11.851714134216309,18.298715591430664,37,25,30,33.33333206176758,
2025-12-30 10:16:39.175000,9d,Toxicity,Original,,128.382080078125,1.6748465299606323,92.16484069824219,0.872955322265625,1.1173756122589111,0.17743495106697083,11.153897285461426,7.115118980407715,4.651492595672607,0.30597853660583496,0.458858847618103,0.31060105562210083,12.962211608886719,0,0.20271344482898712,9.196061134338379,25.951223373413086,37,25,30,33.33333206176758,
2025-12-30 10:16:43.175000,9d,Toxicity,Original,,179.98617553710938,0.13346315920352936,24.318344116210938,1.6454977989196777,1.5707218647003174,0.2881808578968048,11.153897285461426,1.6956669092178345,1.6792502403259277,0.14682558178901672,0.19820037484169006,0.13897719979286194,6.103129863739014,49.37556457519531,0.07891638576984406,9.599063873291016,30.645343780517578,37,25,30,75,
2025-12-30 10:16:43.175000,FinePointe Series WBP [SN 139781]  Site 4 Bias Flow is out of range.,,,,,,,,,,,,,,,,,,,,,,,,,
2025-12-30 10:16:43.175000,FinePointe Series WBP [SN 10499C]  Site 3 Bias Flow is out of range.,,,,,,,,,,,,,,,,,,,,,,,,,
2025-12-30 10:16:45.175000,9d,Toxicity,Original,,46.782169342041016,3.365527391433716,157.44667053222656,1.8825637102127075,1.3948302268981934,0.13632820546627045,11.153897285461426,11.025742530822754,9.86487102508545,0.5343455672264099,0.7481943964958191,0.6735427975654602,19.566280364990234,0,0.3277687728404999,4.5315704345703125,32.87849426269531,37,25,30,50,
2025-12-30 10:16:47.176000,9d,Toxicity,Original,,118.95491027832031,1.6574554443359375,90.59071350097656,0.9767898321151733,1.038001298904419,0.3850526213645935,11.153897285461426,6.199852466583252,4.7292704582214355,0.3593212366104126,0.40404021739959717,0.3280431926250458,9.78268051147461,6.869185447692871,0.19723960757255554,11.764497756958008,25.699861526489258,37,25,30,60,
2025-12-30 10:16:51.175000,9d,Toxicity,Original,,127.33515167236328,1.1264690160751343,76.16812133789062,0.9918678998947144,1.08683443069458,0.3422260284423828,11.153897285461426,6.498591899871826,5.002986907958984,0.2507351040840149,0.40441736578941345,0.3640488386154175,19.808834075927734,0,0.19004574418067932,12.188863754272461,33.977806091308594,37,25,30,33.33333206176758,
2025-12-30 10:16:53.176000,9d,Toxicity,Original,,56.9912109375,2.635424852371216,150.196044921875,1.585269570350647,1.3732625246047974,0.11779365688562393,11.153897285461426,10.05725383758545,7.080977916717529,0.45853444933891296,0.59425950050354,0.5476650595664978,12.060956954956055,0,0.25769945979118347,1.2209324836730957,26.18515396118164,37,25,30,50,
2025-12-30 10:16:53.176000,FinePointe Series WBP [SN 139781]  Site 4 Bias Flow is out of range.,,,,,,,,,,,,,,,,,,,,,,,,,
2025-12-30 10:16:53.176000,FinePointe Series WBP [SN 10499C]  Site 3 Bias Flow is out of range.,,,,,,,,,,,,,,,,,,,,,,,,,
2025-12-30 10:16:55.175000,9d,Toxicity,Original,,63.151145935058594,2.1236727237701416,134.11236572265625,1.0255544185638428,1.1940091848373413,0.3065831959247589,11.153897285461426,10.050312042236328,7.648089408874512,0.4021262526512146,0.5479752421379089,0.6233084201812744,19.320852279663086,0,0.25990670919418335,11.460169792175293,53.253257751464844,37,25,30,83.33333587646484,
2025-12-30 10:16:57.175000,9d,Toxicity,Original,,172.20828247070312,0.20009592175483704,34.45817565917969,1.0282927751541138,0.8022637963294983,0.4113963544368744,11.153897285461426,1.3956692218780518,1.7722537517547607,0.21229353547096252,0.13612177968025208,0.15004001557826996,7.071237564086914,0,0.0779237374663353,12.766732215881348,12.347648620605469,37,25,30,80,
2025-12-30 10:16:59.176000,9d,Toxicity,Original,,164.4394989013672,0.20453119277954102,33.63300704956055,0.2561814486980438,0.6384268403053284,0.6230669021606445,11.153897285461426,2.1734867095947266,0.9047580361366272,0.194749653339386,0.17012619972229004,0.07339118421077728,13.587928771972656,0,0.10745744407176971,13.816912651062012,10.891491889953613,37,25,30,87.5,
2025-12-30 10:17:01.175000,9d,Toxicity,Original,,227.04058837890625,0.16952526569366455,38.80605697631836,0.7018551826477051,0.7573991417884827,0.5641157031059265,11.153897285461426,1.9002315998077393,1.7891082763671875,0.17412516474723816,0.10333520919084549,0.1570601761341095,6.4674072265625,0,0.0603443905711174,12.62215805053711,10.521815299987793,37,25,30,0,
2025-12-30 10:17:03.176000,9d,Toxicity,Original,,157.45156860351562,0.14382962882518768,22.801347732543945,0.7809836864471436,1.071770191192627,0.26291292905807495,11.153897285461426,1.6310784816741943,1.1613824367523193,0.1439831256866455,0.23772966861724854,0.07157677412033081,7.214829444885254,112.76710510253906,0.1254250705242157,10.560291290283203,19.029094696044922,37,25,30,60,
2025-12-30 10:17:03.176000,FinePointe Series WBP [SN 139781]  Site 4 Bias Flow is out of range.,,,,,,,,,,,,,,,,,,,,,,,,,
2025-12-30 10:17:03.176000,FinePointe Series WBP [SN 10499C]  Site 3 Bias Flow is out of range.,,,,,,,,,,,,,,,,,,,,,,,,,
2025-12-30 10:17:05.175000,9d,Toxicity,Original,,42.623802185058594,3.59694504737854,153.3154754638672,1.6892313957214355,1.786712408065796,0.1607927680015564,11.153897285461426,13.607956886291504,9.976577758789062,0.5121015906333923,0.8955626487731934,0.8447149395942688,15.237222671508789,0,0.33426833152770996,8.767009735107422,17.853910446166992,37,25,30,83.33333587646484,
2025-12-30 10:17:09.176000,9d,Toxicity,Original,,171.72702026367188,0.17335332930088043,29.685726165771484,0.8749107122421265,0.862458348274231,0.4144585132598877,11.153897285461426,1.4470865726470947,1.4080865383148193,0.19787128269672394,0.15153594315052032,0.12109710276126862,10.431117057800293,5.157264232635498,0.0855787992477417,11.425416946411133,16.62123680114746,37,25,30,50,
2025-12-30 10:17:11.175000,9d,Toxicity,Original,,166.10202026367188,0.14767447113990784,24.370481491088867,1.0331692695617676,1.4890639781951904,0.3312768340110779,11.153897285461426,1.6379051208496094,1.16570246219635,0.15540800988674164,0.2066020965576172,0.10364174842834473,6.437379837036133,66.38770294189453,0.08951206505298615,16.120542526245117,12.76031494140625,37,25,30,33.33333206176758,
2025-12-30 10:17:11.175000,FinePointe Series WBP [SN 139781]  Site 4 Bias Flow is out of range.,,,,,,,,,,,,,,,,,,,,,,,,,
2025-12-30 10:17:15.176000,9d,Toxicity,Original,,100.29273986816406,2.419804096221924,65.49925231933594,3.169080972671509,3.5417304039001465,0.37190932035446167,11.153897285461426,9.38400936126709,4.6664910316467285,0.45849043130874634,1.109981894493103,0.190375417470932,17.388160705566406,540.2254028320312,0.19673621654510498,6.712547302246094,15.446359634399414,37,25,30,60,
2025-12-30 10:17:15.176000,FinePointe Series WBP [SN 10499C]  Site 3 Bias Flow is out of range.,,,,,,,,,,,,,,,,,,,,,,,,,
2025-12-30 10:17:17.175000,9d,Toxicity,Original,,136.37950134277344,0.13624773919582367,18.581398010253906,0.5581485033035278,0.8165308833122253,0.12642024457454681,11.153897285461426,1.711881160736084,1.1686348915100098,0.12354380637407303,0.3164049983024597,0.06875429302453995,5.100220680236816,226.41720581054688,0.1749580204486847,,12.492690086364746,37,25,30,83.33333587646484,
2025-12-30 10:17:23.175000,9d,Toxicity,Original,,52.892337799072266,3.8661012649536133,204.4871368408203,0.8038452863693237,1.0607068538665771,0.5895816087722778,11.153897285461426,12.949241638183594,7.223021984100342,0.4966394305229187,0.6377403736114502,0.5523632764816284,19.538127899169922,0,0.32153189182281494,8.575689315795898,32.20603942871094,37,25,30,85.71428680419922,
2025-12-30 10:17:23.175000,FinePointe Series WBP [SN 139781]  Site 4 Bias Flow is out of range.,,,,,,,,,,,,,,,,,,,,,,,,,
2025-12-30 10:17:23.175000,FinePointe Series WBP [SN 10499C]  Site 3 Bias Flow is out of range.,,,,,,,,,,,,,,,,,,,,,,,,,
2025-12-30 10:17:27.175000,9d,Toxicity,Original,,29.503995895385742,2.6090619564056396,76.97775268554688,5.155352592468262,5.619879245758057,0.06310809403657913,11.153897285461426,11.867727279663086,6.680291175842285,0.48073163628578186,1.5528911352157593,0.21552814543247223,17.451168060302734,727.818115234375,0.2406633347272873,4.3740763664245605,65.96299743652344,37,25,30,66.66666412353516,
2025-12-30 10:17:29.175000,9d,Toxicity,Original,,49.97775650024414,2.7703464031219482,138.4556884765625,1.8851553201675415,1.8441754579544067,0.22229479253292084,11.153897285461426,9.679862022399902,7.500392913818359,0.4537779986858368,0.7467561364173889,0.39708998799324036,11.134380340576172,0,0.2706416845321655,4.508973598480225,14.341647148132324,37,25,30,66.66666412353516,
2025-12-30 10:17:33.175000,9d,Toxicity,Original,,158.9457244873047,0.2001500129699707,30.589223861694336,0.5221962928771973,0.5605557560920715,0.6367524862289429,11.153897285461426,1.7198244333267212,1.4372551441192627,0.19357004761695862,0.19050787389278412,0.10453935712575912,9.68203067779541,0,0.1274818778038025,18.128257751464844,8.478041648864746,37,25,30,70,
2025-12-30 10:17:33.175000,FinePointe Series WBP [SN 139781]  Site 4 Bias Flow is out of range.,,,,,,,,,,,,,,,,,,,,,,,,,
2025-12-30 10:17:33.175000,FinePointe Series WBP [SN 10499C]  Site 3 Bias Flow is out of range.,,,,,,,,,,,,,,,,,,,,,,,,,
2025-12-30 10:17:39.175000,9d,Toxicity,Original,,54.259220123291016,2.9279279708862305,158.86708068847656,1.0312138795852661,1.1712124347686768,0.39314472675323486,11.153897285461426,11.165151596069336,8.242193222045898,0.5004278421401978,0.6053749918937683,0.6936357617378235,18.37004852294922,0,0.2925502359867096,7.294051647186279,37.85434341430664,37,25,30,80,
2025-12-30 10:17:41.176000,9d,Toxicity,Original,,39.79316329956055,2.937190532684326,116.88011169433594,2.0574705600738525,2.2852306365966797,0.2047780156135559,11.153897285461426,12.112591743469238,7.021215438842773,0.5018292665481567,1.005967378616333,0.5397739410400391,13.791366577148438,171.44052124023438,0.3174799084663391,2.719284772872925,38.60736846923828,37,25,30,66.66666412353516,
2025-12-30 10:17:43.175000,9d,Toxicity,Original,,59.321205139160156,2.7365355491638184,162.33457946777344,0.965718150138855,1.1597975492477417,0.21905849874019623,11.153897285461426,10.534916877746582,6.720490455627441,0.5275536775588989,0.48388901352882385,0.5863664150238037,15.314589500427246,0,0.236005961894989,7.758075714111328,28.393442153930664,37,25,30,0,
2025-12-30 10:17:43.175000,FinePointe Series WBP [SN 139781]  Site 4 Bias Flow is out of range.,,,,,,,,,,,,,,,,,,,,,,,,,
2025-12-30 10:17:43.175000,FinePointe Series WBP [SN 10499C]  Site 3 Bias Flow is out of range.,,,,,,,,,,,,,,,,,,,,,,,,,
2025-12-30 10:17:45.175000,9d,Toxicity,Original,,126.41048431396484,0.9580751061439514,62.06353759765625,0.8291358947753906,1.1350481510162354,0.49748295545578003,11.153897285461426,5.317619800567627,3.0451037883758545,0.23678243160247803,0.4061656892299652,0.21998320519924164,15.191049575805664,0,0.1885448396205902,7.106203556060791,18.417091369628906,37,25,30,50,
2025-12-30 10:17:47.176000,9d,Toxicity,Original,,91.01543426513672,1.7186291217803955,97.823486328125,3.5793890953063965,3.7958061695098877,0.15356947481632233,11.153897285461426,7.015730857849121,4.9746479988098145,0.2943231761455536,0.49096059799194336,0.30001428723335266,8.563383102416992,137.66612243652344,0.15219248831272125,7.113008499145508,21.957698822021484,37,25,30,0,
2025-12-30 10:17:51.176000,9d,Toxicity,Original,,26.176424026489258,2.696305990219116,70.57964324951172,7.465745449066162,8.021820068359375,0.08984285593032837,11.153897285461426,12.825841903686523,8.054667472839355,0.44446828961372375,1.847670555114746,0.24847956001758575,18.1975040435791,1058.9061279296875,0.2083888053894043,4.588587284088135,45.04779052734375,37,25,30,66.66666412353516,
2025-12-30 10:17:53.176000,9d,Toxicity,Original,,123.5428237915039,1.3456140756607056,81.07772827148438,1.7551908493041992,2.07633376121521,0.1695401817560196,11.153897285461426,6.10685920715332,5.106241226196289,0.2641236484050751,0.46668437123298645,0.3471502959728241,11.235055923461914,42.9038200378418,0.16901013255119324,7.788911819458008,29.212261199951172,37,25,30,33.33333206176758,
2025-12-30 10:17:53.176000,FinePointe Series WBP [SN 139781]  Site 4 Bias Flow is out of range.,,,,,,,,,,,,,,,,,,,,,,,,,
2025-12-30 10:17:53.176000,FinePointe Series WBP [SN 10499C]  Site 3 Bias Flow is out of range.,,,,,,,,,,,,,,,,,,,,,,,,,
2025-12-30 10:17:55.175000,9d,Toxicity,Original,,51.08407974243164,2.6183364391326904,133.75531005859375,2.176459789276123,1.6957370042800903,0.14645642042160034,11.153897285461426,10.786199569702148,8.736594200134277,0.4507693946361542,0.7237647771835327,0.5986281633377075,18.58458137512207,0,0.27677667140960693,3.598623275756836,13.681748390197754,37,25,30,66.66666412353516,
2025-12-30 10:17:57.176000,9d,Toxicity,Original,,42.94984436035156,2.5435781478881836,109.24629211425781,3.66153883934021,3.102479934692383,0.10364691913127899,11.153897285461426,10.443392753601074,7.470166206359863,0.4321642518043518,0.9648140072822571,0.4694870114326477,17.260894775390625,251.2138214111328,0.24066948890686035,2.4460833072662354,24.44495964050293,37,25,30,50,
2025-12-30 10:17:59.175000,9d,Toxicity,Original,,63.78820037841797,2.2967476844787598,146.50540161132812,1.3399173021316528,1.2706414461135864,0.17927397787570953,11.153897285461426,9.682820320129395,8.787720680236816,0.4162757098674774,0.524337112903595,0.5517783164978027,9.719688415527344,0,0.2408616840839386,8.26685619354248,46.05430603027344,37,25,30,66.66666412353516,
2025-12-30 10:18:01.175000,9d,Toxicity,Original,,44.62880325317383,2.4907188415527344,111.15779876708984,1.6857194900512695,1.850317358970642,0.16777227818965912,11.153897285461426,11.587544441223145,7.52828311920166,0.46227511763572693,0.8821480870246887,0.36018672585487366,17.29837989807129,0,0.32116004824638367,6.774778842926025,18.087478637695312,37,25,30,75,
2025-12-30 10:18:03.176000,9d,Toxicity,Original,,45.82675552368164,2.6715328693389893,122.42768096923828,2.3775434494018555,2.0993845462799072,0.13796812295913696,11.153897285461426,10.071261405944824,7.41312313079834,0.4540088176727295,0.8552699685096741,0.5039134621620178,10.094999313354492,0,0.2837969660758972,2.6118462085723877,52.54267883300781,37,25,30,80,
2025-12-30 10:18:03.176000,FinePointe Series WBP [SN 139781]  Site 4 Bias Flow is out of range.,,,,,,,,,,,,,,,,,,,,,,,,,
2025-12-30 10:18:03.176000,FinePointe Series WBP [SN 10499C]  Site 3 Bias Flow is out of range.,,,,,,,,,,,,,,,,,,,,,,,,,
2025-12-30 10:18:05.175000,9d,Toxicity,Original,,52.74106216430664,2.394428014755249,126.28467559814453,1.3179621696472168,1.4297287464141846,0.3438475728034973,11.153897285461426,10.09669017791748,5.7583136558532715,0.5094481706619263,0.6281853318214417,0.46965739130973816,11.89489459991455,0,0.268543541431427,1.727129340171814,42.44799041748047,37,25,30,50,
2025-12-30 10:18:07.175000,9d,Toxicity,Original,,67.47618103027344,1.930086374282837,130.23484802246094,1.088273525238037,1.3610502481460571,0.20316733419895172,11.153897285461426,10.400217056274414,6.783827781677246,0.3576211929321289,0.5315815210342407,0.5015090703964233,13.366341590881348,0,0.2349238246679306,10.040850639343262,46.27300262451172,37,25,30,50,
2025-12-30 10:18:09.176000,9d,Toxicity,Original,,61.723167419433594,3.1697335243225098,195.64598083496094,0.9351325631141663,1.0581154823303223,0.3715852200984955,11.153897285461426,11.500839233398438,8.017606735229492,0.4499948024749756,0.5220875144004822,0.6673033833503723,16.673322677612305,0,0.266387939453125,6.976386070251465,37.66929626464844,37,25,30,50,
2025-12-30 10:18:11.175000,9d,Toxicity,Original,,42.360172271728516,2.3221654891967773,98.3673324584961,2.737842082977295,2.7410855293273926,0.1405046135187149,11.153897285461426,9.487727165222168,7.806519985198975,0.39154747128486633,1.0248773097991943,0.43602293729782104,10.325043678283691,0,0.27983033657073975,2.4477100372314453,32.7490234375,37,25,30,66.66666412353516,
2025-12-30 10:18:13.176000,9d,Toxicity,Original,,124.4677963256836,0.10357412695884705,12.891643524169922,3.7076587677001953,2.627288818359375,0.18200664222240448,11.153897285461426,1.1033369302749634,1.2769440412521362,0.16338272392749786,0.3186696767807007,0.08056015521287918,5.95021390914917,161.3245849609375,0.0890541821718216,5.767560005187988,48.99312210083008,37,25,30,66.66666412353516,
2025-12-30 10:18:13.176000,FinePointe Series WBP [SN 139781]  Site 4 Bias Flow is out of range.,,,,,,,,,,,,,,,,,,,,,,,,,
2025-12-30 10:18:15.175000,9d,Toxicity,Original,,44.74321365356445,2.8326873779296875,122.82666778564453,3.2808775901794434,3.1558492183685303,0.20585867762565613,11.153897285461426,11.69755744934082,8.324115753173828,0.4593600630760193,1.0518646240234375,0.4910428524017334,14.522045135498047,437.7732849121094,0.26144278049468994,7.366422653198242,53.81356430053711,37,25,30,50,
2025-12-30 10:18:15.175000,FinePointe Series WBP [SN 10499C]  Site 3 Bias Flow is out of range.,,,,,,,,,,,,,,,,,,,,,,,,,
2025-12-30 10:18:17.175000,9d,Toxicity,Original,,55.06367874145508,2.6025235652923584,143.3045196533203,1.4065757989883423,1.5753166675567627,0.13358259201049805,11.153897285461426,10.974254608154297,6.287074565887451,0.47579506039619446,0.6138524413108826,0.4619235098361969,11.729280471801758,0,0.24685756862163544,3.068946361541748,35.286869049072266,37,25,30,66.66666412353516,
2025-12-30 10:18:19.176000,9d,Toxicity,Original,,51.92949295043945,2.4188408851623535,125.60917663574219,1.8591030836105347,2.11732816696167,0.2002473622560501,11.153897285461426,11.69234561920166,8.566892623901367,0.40633919835090637,0.7490735650062561,0.3383953273296356,14.804697036743164,0,0.24989847838878632,9.036865234375,27.892976760864258,37,25,30,80,
2025-12-30 10:18:21.175000,9d,Toxicity,Original,,49.982383728027344,2.4415977001190186,122.03687286376953,1.8118691444396973,1.5312401056289673,0.1741359382867813,11.153897285461426,9.889577865600586,7.7644147872924805,0.4423944652080536,0.758028507232666,0.5216954946517944,9.890912055969238,0,0.3069934546947479,1.2357968091964722,41.04130935668945,37,25,30,75,
2025-12-30 10:18:23.175000,9d,Toxicity,Original,,45.7824592590332,2.382150888442993,109.06072235107422,3.406278610229492,3.3579299449920654,0.119949571788311,11.153897285461426,9.93071174621582,7.213837146759033,0.3934935927391052,0.9170520305633545,0.3448810577392578,8.801527976989746,164.7957305908203,0.21434509754180908,1.2472994327545166,40.6250114440918,37,25,30,50,
2025-12-30 10:18:23.175000,FinePointe Series WBP [SN 139781]  Site 4 Bias Flow is out of range.,,,,,,,,,,,,,,,,,,,,,,,,,
2025-12-30 10:18:23.175000,FinePointe Series WBP [SN 10499C]  Site 3 Bias Flow is out of range.,,,,,,,,,,,,,,,,,,,,,,,,,
2025-12-30 10:18:25.176000,9d,Toxicity,Original,,55.93629837036133,2.312927007675171,129.37657165527344,2.016470432281494,1.8168569803237915,0.1431957185268402,11.153897285461426,10.159385681152344,7.454389572143555,0.4162045419216156,0.6564441919326782,0.5201621055603027,11.384810447692871,0,0.2388487011194229,2.7073581218719482,38.030616760253906,37,25,30,0,
2025-12-30 10:18:27.175000,9d,Toxicity,Original,,53.11127853393555,2.209156036376953,117.62962341308594,1.8797826766967773,1.9551808834075928,0.3133987784385681,11.153897285461426,9.490696907043457,5.51392936706543,0.4510987102985382,0.6826183795928955,0.4450688362121582,9.79813003540039,0,0.23963892459869385,2.928928852081299,41.64747619628906,37,25,30,50,
2025-12-30 10:18:29.176000,9d,Toxicity,Original,,136.1008758544922,1.505630373954773,101.78250885009766,1.3867257833480835,1.4645086526870728,0.34134623408317566,11.153897285461426,7.0534892082214355,5.211336612701416,0.3323207497596741,0.39173591136932373,0.3393615186214447,8.562653541564941,0,0.15385502576828003,8.935667991638184,39.811737060546875,37,25,30,0,
2025-12-30 10:18:31.175000,9d,Toxicity,Original,,56.738624572753906,1.6855837106704712,95.63770294189453,1.1966323852539062,1.5838323831558228,0.3403782546520233,11.153897285461426,8.269131660461426,4.632631301879883,0.46989911794662476,0.5875815749168396,0.4055357873439789,8.878472328186035,0,0.23393167555332184,1.8516812324523926,42.329505920410156,37,25,30,50,
2025-12-30 10:18:33.175000,9d,Toxicity,Original,,57.71892547607422,2.0001220703125,115.45259094238281,1.6379588842391968,1.5332962274551392,0.17747250199317932,11.153897285461426,9.001263618469238,6.643914222717285,0.44773435592651367,0.591884970664978,0.4881523847579956,11.713263511657715,0,0.24084968864917755,2.111884117126465,48.84583282470703,37,25,30,50,
2025-12-30 10:18:33.175000,FinePointe Series WBP [SN 139781]  Site 4 Bias Flow is out of range.,,,,,,,,,,,,,,,,,,,,,,,,,
2025-12-30 10:18:33.175000,FinePointe Series WBP [SN 10499C]  Site 3 Bias Flow is out of range.,,,,,,,,,,,,,,,,,,,,,,,,,
2025-12-30 10:18:35.176000,9d,Toxicity,Original,,140.18626403808594,1.3778963088989258,91.37559509277344,1.3667376041412354,1.1048352718353271,0.3027604818344116,11.153897285461426,5.547772407531738,4.602375030517578,0.32054266333580017,0.341052770614624,0.39329993724823,8.118987083435059,0,0.15655702352523804,9.57273006439209,35.66240692138672,37,25,30,0,
2025-12-30 10:18:37.175000,9d,Toxicity,Original,,57.9383430480957,2.0920581817626953,120.51106262207031,2.770965576171875,2.621572256088257,0.1403965801000595,11.153897285461426,9.227579116821289,6.181270599365234,0.4283747375011444,0.7031809687614441,0.3903370499610901,8.73910903930664,316.48870849609375,0.20231252908706665,0.9866366386413574,40.79432678222656,37,25,30,33.33333206176758,
2025-12-30 10:18:39.175000,9d,Toxicity,Original,,59.266292572021484,2.678901195526123,158.7685546875,1.4183698892593384,1.3763597011566162,0.14863011240959167,11.153897285461426,9.78571891784668,8.073403358459473,0.4472184479236603,0.5651613473892212,0.5991318225860596,11.727249145507812,0,0.24443133175373077,5.1243977546691895,35.60268020629883,37,25,30,50,
2025-12-30 10:18:41.176000,9d,Toxicity,Original,,58.62835693359375,2.455144166946411,143.94107055664062,1.289192795753479,1.3428608179092407,0.12663128972053528,11.153897285461426,10.28252124786377,6.293689250946045,0.4232279062271118,0.6001676321029663,0.5191870331764221,10.014484405517578,0,0.2627738118171692,2.2758097648620605,28.971555709838867,37,25,30,50,
2025-12-30 10:18:43.175000,9d,Toxicity,Original,,58.36906433105469,2.5546445846557617,149.11221313476562,1.8693838119506836,1.4603314399719238,0.13090382516384125,11.153897285461426,10.069220542907715,8.637213706970215,0.41680604219436646,0.611135721206665,0.7185128331184387,11.396491050720215,0,0.25566282868385315,3.7324113845825195,9.18228530883789,37,25,30,66.66666412353516,
2025-12-30 10:18:43.175000,FinePointe Series WBP [SN 139781]  Site 4 Bias Flow is out of range.,,,,,,,,,,,,,,,,,,,,,,,,,
2025-12-30 10:18:43.175000,FinePointe Series WBP [SN 10499C]  Site 3 Bias Flow is out of range.,,,,,,,,,,,,,,,,,,,,,,,,,
2025-12-30 10:18:45.176000,9d,Toxicity,Original,,60.07476043701172,2.3984954357147217,144.08493041992188,1.3989514112472534,1.5103535652160645,0.15203499794006348,11.153897285461426,10.805429458618164,7.918241500854492,0.4527767300605774,0.5469487905502319,0.44059044122695923,9.164098739624023,0,0.22445501387119293,7.677356243133545,43.455718994140625,37,25,30,50,
2025-12-30 10:18:47.176000,9d,Toxicity,Original,,62.313045501708984,2.0537033081054688,127.97380065917969,1.5832934379577637,1.6063576936721802,0.17558297514915466,11.153897285461426,9.271573066711426,6.545655250549316,0.4316084384918213,0.5312725305557251,0.46184301376342773,12.084197998046875,0,0.21094611287117004,4.952578544616699,46.51776123046875,37,25,30,50,
2025-12-30 10:18:49.175000,9d,Toxicity,Original,,32.84431457519531,2.325592279434204,76.38248443603516,9.484881401062012,6.296835422515869,0.06606115400791168,11.153897285461426,8.329889297485352,7.366204261779785,0.5552511811256409,1.2715489864349365,0.4359114468097687,8.03009033203125,626.1183471679688,0.17829322814941406,6.073328971862793,52.586177825927734,37,25,30,50,
2025-12-30 10:18:51.176000,9d,Toxicity,Original,,42.19406509399414,2.8274624347686768,119.30213928222656,1.915230631828308,1.8638535737991333,0.19544780254364014,11.153897285461426,10.765108108520508,7.199046611785889,0.7568616271018982,0.6651392579078674,0.5061508417129517,12.306028366088867,0,0.23973813652992249,5.327277660369873,38.32862854003906,37,25,30,0,
2025-12-30 10:18:53.175000,9d,Toxicity,Original,,59.89017868041992,2.036862850189209,121.98638153076172,1.550196886062622,1.6506929397583008,0.21352910995483398,11.153897285461426,9.623505592346191,6.543385028839111,0.447756826877594,0.5540781021118164,0.5753560066223145,8.583200454711914,92.098876953125,0.21704086661338806,4.725153923034668,48.47663879394531,37,25,30,50,
2025-12-30 10:18:53.175000,FinePointe Series WBP [SN 139781]  Site 4 Bias Flow is out of range.,,,,,,,,,,,,,,,,,,,,,,,,,
2025-12-30 10:18:53.175000,FinePointe Series WBP [SN 10499C]  Site 3 Bias Flow is out of range.,,,,,,,,,,,,,,,,,,,,,,,,,
2025-12-30 10:18:55.175000,9d,Toxicity,Original,,50.7327880859375,1.8903453350067139,95.9024887084961,3.2227869033813477,3.0998687744140625,0.1025828868150711,11.153897285461426,9.47571849822998,6.683406352996826,0.4418027698993683,0.7408643364906311,0.46465110778808594,9.741912841796875,157.07864379882812,0.18722641468048096,4.353644847869873,39.248783111572266,37,25,30,50,
2025-12-30 10:18:57.176000,9d,Toxicity,Original,,49.96906280517578,2.082317352294922,104.0830078125,2.5960872173309326,2.7241249084472656,0.12623533606529236,11.153897285461426,8.786975860595703,5.6181230545043945,0.47084102034568787,0.7300330400466919,0.4307628273963928,12.166431427001953,208.66908264160156,0.20351935923099518,4.624495029449463,36.93616485595703,37,25,30,0,
2025-12-30 10:18:59.175000,9d,Toxicity,Original,,48.67140197753906,1.9786839485168457,96.30238342285156,3.3658502101898193,2.9795007705688477,0.10798443108797073,11.153897285461426,8.615165710449219,6.056221961975098,0.4248981475830078,0.807858943939209,0.36151084303855896,6.986909866333008,157.65731811523438,0.207993745803833,1.53931725025177,37.00682067871094,37,25,30,0,
2025-12-30 10:19:01.175000,9d,Toxicity,Original,,60.368045806884766,2.245636224746704,136.71348571777344,1.5378825664520264,1.4596784114837646,0.18703976273536682,11.153897285461426,9.32357406616211,7.384289741516113,0.432936429977417,0.5634161233901978,0.5106033682823181,13.930883407592773,0,0.23757584393024445,6.679027557373047,32.58123779296875,37,25,30,0,
2025-12-30 10:19:03.176000,9d,Toxicity,Original,,61.28648376464844,2.150299072265625,131.78427124023438,1.3014315366744995,1.5401275157928467,0.3806276023387909,11.153897285461426,9.19777774810791,5.521803379058838,0.39576148986816406,0.5832472443580627,0.49436789751052856,9.430994987487793,0,0.23650790750980377,2.8855714797973633,43.66331100463867,37,25,30,50,
2025-12-30 10:19:03.176000,FinePointe Series WBP [SN 139781]  Site 4 Bias Flow is out of range.,,,,,,,,,,,,,,,,,,,,,,,,,
2025-12-30 10:19:03.176000,FinePointe Series WBP [SN 10499C]  Site 3 Bias Flow is out of range.,,,,,,,,,,,,,,,,,,,,,,,,,
2025-12-30 10:19:05.175000,9d,Toxicity,Original,,63.68266296386719,1.8065260648727417,115.04439544677734,1.407968521118164,1.340356469154358,0.38857677578926086,11.153897285461426,7.4818620681762695,5.125232219696045,0.44291380047798157,0.4992578327655792,0.4579249620437622,7.360555171966553,0,0.21883781254291534,1.7340104579925537,16.092504501342773,37,25,30,50,
2025-12-30 10:19:07.176000,9d,Toxicity,Original,,49.16363525390625,1.9275166988372803,94.64442443847656,3.1900010108947754,2.93902587890625,0.09164401888847351,11.153897285461426,9.196319580078125,6.946860313415527,0.42770034074783325,0.7931079864501953,0.3405536115169525,9.05600357055664,146.69737243652344,0.20714497566223145,2.700115919113159,40.339622497558594,37,25,30,33.33333206176758,
2025-12-30 10:19:09.175000,9d,Toxicity,Original,,56.29175567626953,2.0201621055603027,113.96112823486328,1.9446320533752441,1.8824747800827026,0.13009369373321533,11.153897285461426,8.870467185974121,6.2874436378479,0.4677858054637909,0.604022741317749,0.4142741858959198,8.249731063842773,63.523380279541016,0.21768635511398315,2.5797319412231445,39.08039474487305,37,25,30,33.33333206176758,
2025-12-30 10:19:11.175000,9d,Toxicity,Original,,56.60759735107422,2.5250260829925537,141.08218383789062,2.212989330291748,2.157526969909668,0.2630053162574768,11.153897285461426,10.525325775146484,8.48471450805664,0.45264002680778503,0.6316795945167542,0.5137299299240112,10.169218063354492,73.8244857788086,0.20756226778030396,7.018557548522949,46.37127685546875,37,25,30,0,
2025-12-30 10:19:13.176000,9d,Toxicity,Original,,50.66135025024414,2.080925703048706,105.4225082397461,1.9136476516723633,2.2365522384643555,0.1538541465997696,11.153897285461426,10.033262252807617,5.677953243255615,0.4693719148635864,0.7149628400802612,0.37818029522895813,10.57686996459961,123.29950714111328,0.22722822427749634,2.330453634262085,33.540225982666016,37,25,30,50,
2025-12-30 10:19:13.176000,FinePointe Series WBP [SN 139781]  Site 4 Bias Flow is out of range.,,,,,,,,,,,,,,,,,,,,,,,,,
2025-12-30 10:19:15.175000,9d,Toxicity,Original,,57.58348083496094,2.1482858657836914,123.9170913696289,1.8857409954071045,2.0870392322540283,0.11016733199357986,11.153897285461426,9.484052658081055,5.898538589477539,0.43496978282928467,0.6201847791671753,0.4501233696937561,9.762020111083984,97.34598541259766,0.21108196675777435,3.2623023986816406,39.94157791137695,37,25,30,33.33333206176758,
2025-12-30 10:19:15.175000,FinePointe Series WBP [SN 10499C]  Site 3 Bias Flow is out of range.,,,,,,,,,,,,,,,,,,,,,,,,,
2025-12-30 10:19:17.175000,9d,Toxicity,Original,,51.96158218383789,1.9481916427612305,101.23111724853516,1.8723045587539673,1.944906234741211,0.3444530963897705,11.153897285461426,7.888978958129883,6.096423625946045,0.3940732181072235,0.7606260776519775,0.5208878517150879,10.419374465942383,155.47097778320312,0.2640233337879181,2.139333724975586,33.58995056152344,37,25,30,0,
2025-12-30 10:19:19.176000,9d,Toxicity,Original,,50.60582733154297,1.9296517372131348,97.68597412109375,4.032920837402344,3.0533435344696045,0.08080421388149261,11.153897285461426,8.630844116210938,6.735489368438721,0.43135717511177063,0.7543600797653198,0.4798354506492615,8.193553924560547,149.7181854248047,0.18982751667499542,2.0685861110687256,34.857704162597656,37,25,30,0,
2025-12-30 10:19:21.175000,9d,Toxicity,Original,,49.63330078125,1.8781287670135498,93.45702362060547,4.151594638824463,3.7212862968444824,0.09466591477394104,11.153897285461426,8.30644702911377,6.5528974533081055,0.3982316553592682,0.8136749267578125,0.3776625990867615,7.883896827697754,220.37435913085938,0.18081289529800415,0.9989627003669739,39.75625228881836,37,25,30,0,
2025-12-30 10:19:23.176000,9d,Toxicity,Original,,54.198455810546875,1.9535837173461914,105.92487335205078,2.5801711082458496,2.075786828994751,0.10656511783599854,11.153897285461426,8.452192306518555,6.542595386505127,0.4282575249671936,0.6833932399749756,0.4660981595516205,9.463014602661133,85.96285247802734,0.22881925106048584,1.6278395652770996,35.47749328613281,37,25,30,0,
2025-12-30 10:19:23.176000,FinePointe Series WBP [SN 139781]  Site 4 Bias Flow is out of range.,,,,,,,,,,,,,,,,,,,,,,,,,
2025-12-30 10:19:25.175000,9d,Toxicity,Original,,60.49970626831055,2.291879415512085,138.65802001953125,1.2330769300460815,1.232479453086853,0.21014782786369324,11.153897285461426,9.731325149536133,7.564599990844727,0.5063677430152893,0.4853726029396057,0.5982041358947754,10.16038703918457,0,0.22660407423973083,10.070486068725586,34.16366958618164,37,25,30,0,
2025-12-30 10:19:25.175000,FinePointe Series WBP [SN 10499C]  Site 3 Bias Flow is out of range.,,,,,,,,,,,,,,,,,,,,,,,,,
2025-12-30 10:19:27.175000,9d,Toxicity,Original,,126.09243774414062,1.618943691253662,102.52987670898438,1.753614902496338,1.5617098808288574,0.36409664154052734,11.153897285461426,6.273521423339844,5.519570350646973,0.323822557926178,0.4407128393650055,0.4191970229148865,8.914690017700195,46.14192581176758,0.16105052828788757,8.801466941833496,39.003761291503906,37,25,30,25,
2025-12-30 10:19:29.176000,9d,Toxicity,Original,,67.52178955078125,1.5582787990570068,103.45293426513672,0.8711585402488708,0.9147357940673828,0.44247668981552124,11.153897285461426,6.038532257080078,5.03297758102417,0.49009957909584045,0.40623193979263306,0.39308756589889526,8.630550384521484,0,0.2205311357975006,6.029351234436035,33.51591873168945,37,25,30,33.33333206176758,
2025-12-30 10:19:31.175000,9d,Toxicity,Original,,61.031402587890625,1.9796792268753052,120.78395080566406,1.77501380443573,1.573523998260498,0.21741896867752075,11.153897285461426,8.281697273254395,6.810459136962891,0.42903417348861694,0.5545569658279419,0.5055606365203857,8.239377975463867,0,0.22282171249389648,3.3503286838531494,48.84751892089844,37,25,30,60,
2025-12-30 10:19:33.175000,9d,Toxicity,Original,,63.20655059814453,1.8379478454589844,116.17034149169922,1.0982736349105835,1.21087646484375,0.35992753505706787,11.153897285461426,8.422598838806152,5.590395450592041,0.432498037815094,0.5167707204818726,0.4795137047767639,11.992853164672852,0,0.2476060539484024,6.718478679656982,43.40876007080078,37,25,30,50,
2025-12-30 10:19:33.175000,FinePointe Series WBP [SN 139781]  Site 4 Bias Flow is out of range.,,,,,,,,,,,,,,,,,,,,,,,,,
2025-12-30 10:19:33.175000,FinePointe Series WBP [SN 10499C]  Site 3 Bias Flow is out of range.,,,,,,,,,,,,,,,,,,,,,,,,,
2025-12-30 10:19:35.176000,9d,Toxicity,Original,,46.633201599121094,1.9112712144851685,88.93085479736328,4.8270416259765625,4.2177557945251465,0.08275505900382996,11.153897285461426,8.642030715942383,6.840778827667236,0.4325791001319885,0.8549491167068481,0.3397374749183655,10.322235107421875,352.49407958984375,0.16807906329631805,3.462876558303833,41.1662712097168,37,25,30,33.33333206176758,
2025-12-30 10:19:37.175000,9d,Toxicity,Original,,56.58314895629883,1.6005167961120605,90.56228637695312,2.970552444458008,2.9643404483795166,0.14301282167434692,11.153897285461426,7.727495193481445,6.246522426605225,0.3611483871936798,0.6992379426956177,0.405887633562088,8.133729934692383,265.9592590332031,0.17998749017715454,5.048519134521484,41.67202377319336,37,25,30,0,
2025-12-30 10:19:39.176000,9d,Toxicity,Original,,55.070072174072266,1.9808696508407593,109.34452819824219,1.8158090114593506,1.9115906953811646,0.09659707546234131,11.153897285461426,8.572164535522461,5.978644847869873,0.4241983890533447,0.6683396100997925,0.36443597078323364,9.091865539550781,60.1119384765625,0.2347203493118286,1.6620910167694092,37.47969436645508,37,25,30,0,
2025-12-30 10:19:41.176000,9d,Toxicity,Original,,148.92013549804688,1.2361599206924438,87.97956085205078,1.1415660381317139,1.2083582878112793,0.27636653184890747,11.153897285461426,6.346146583557129,4.513586044311523,0.2956028878688812,0.3914695978164673,0.3094310760498047,9.287725448608398,0,0.16897185146808624,9.060319900512695,35.89703369140625,37,25,30,25,
2025-12-30 10:19:43.175000,9d,Toxicity,Original,,50.35455322265625,2.0860564708709717,105.04244995117188,4.004926681518555,2.796379327774048,0.08400893956422806,11.153897285461426,8.393461227416992,7.581754207611084,0.42972689867019653,0.7618237137794495,0.5089564323425293,8.537741661071777,146.70521545410156,0.20616739988327026,1.9505161046981812,39.51380920410156,37,25,30,50,
2025-12-30 10:19:43.175000,FinePointe Series WBP [SN 139781]  Site 4 Bias Flow is out of range.,,,,,,,,,,,,,,,,,,,,,,,,,
2025-12-30 10:19:43.175000,FinePointe Series WBP [SN 10499C]  Site 3 Bias Flow is out of range.,,,,,,,,,,,,,,,,,,,,,,,,,
2025-12-30 10:19:45.176000,9d,Toxicity,Original,,54.25993728637695,1.6418302059173584,88.72540283203125,3.6576497554779053,2.990361213684082,0.1449941098690033,11.153897285461426,7.158903121948242,6.385219573974609,0.4281688630580902,0.6810874938964844,0.3689831793308258,7.316936492919922,79.15483093261719,0.19112037122249603,1.6184505224227905,32.6377067565918,37,25,30,0,
2025-12-30 10:19:47.175000,9d,Toxicity,Original,,60.445091247558594,2.3285999298095703,141.4782257080078,1.1606788635253906,1.312492847442627,0.24572716653347015,11.153897285461426,9.59200382232666,6.987652778625488,0.46660682559013367,0.5310730934143066,0.5392066836357117,9.210539817810059,17.139509201049805,0.23763996362686157,8.500127792358398,31.137224197387695,37,25,30,0,
2025-12-30 10:19:49.175000,9d,Toxicity,Original,,48.54887008666992,2.060732364654541,99.09649658203125,4.311509132385254,4.3733229637146,0.10600648820400238,11.153897285461426,8.436769485473633,6.024343490600586,0.43172702193260193,0.810409426689148,0.43105125427246094,7.483102798461914,299.3475341796875,0.1554570198059082,3.73193097114563,38.719200134277344,37,25,30,33.33333206176758,
2025-12-30 10:19:51.176000,9d,Toxicity,Original,,53.232669830322266,1.787844181060791,95.17172241210938,3.1963717937469482,3.064542055130005,0.10587169229984283,11.153897285461426,8.225919723510742,6.173150062561035,0.3714957535266876,0.7556316256523132,0.45129910111427307,7.4216790199279785,329.8163757324219,0.18929043412208557,1.4944779872894287,39.996063232421875,37,25,30,0,
2025-12-30 10:19:53.175000,9d,Toxicity,Original,,51.047889709472656,2.196319341659546,111.99139404296875,2.9289464950561523,2.681251049041748,0.16706812381744385,11.153897285461426,9.433839797973633,8.048102378845215,0.46995308995246887,0.7054682970046997,0.3850672245025635,11.279768943786621,111.9398422241211,0.20150917768478394,6.380862236022949,32.97024917602539,37,25,30,0,
2025-12-30 10:19:53.175000,FinePointe Series WBP [SN 139781]  Site 4 Bias Flow is out of range.,,,,,,,,,,,,,,,,,,,,,,,,,
2025-12-30 10:19:53.175000,FinePointe Series WBP [SN 10499C]  Site 3 Bias Flow is out of range.,,,,,,,,,,,,,,,,,,,,,,,,,
2025-12-30 10:19:55.175000,9d,Toxicity,Original,,53.46295166015625,2.016108751296997,107.58324432373047,2.5842092037200928,2.6029415130615234,0.11260421574115753,11.153897285461426,9.994206428527832,6.30679178237915,0.39652884006500244,0.7266314029693604,0.3995360732078552,12.730223655700684,178.87765502929688,0.2066621482372284,2.1751561164855957,35.251075744628906,37,25,30,0,
2025-12-30 10:19:57.176000,9d,Toxicity,Original,,56.90325164794922,2.0530519485473633,116.717529296875,2.3212900161743164,2.10770845413208,0.11526231467723846,11.153897285461426,8.553852081298828,6.418885707855225,0.43066805601119995,0.6339483261108398,0.5633648633956909,8.370789527893066,88.3993911743164,0.21225810050964355,2.771087169647217,35.48956298828125,37,25,30,0,
2025-12-30 10:19:59.175000,9d,Toxicity,Original,,54.28107452392578,1.8884268999099731,103.24581909179688,1.7928005456924438,2.192549705505371,0.2767002284526825,11.153897285461426,8.344703674316406,5.664244651794434,0.49144864082336426,0.6163239479064941,0.39805707335472107,9.00454330444336,96.96424865722656,0.20123907923698425,4.556512832641602,30.465505599975586,37,25,30,0,
2025-12-30 10:20:01.176000,9d,Toxicity,Original,,63.288475036621094,1.8225984573364258,114.46600341796875,2.751723527908325,2.5895419120788574,0.119007907807827,11.153897285461426,8.37738037109375,7.465617656707764,0.3825832009315491,0.5982269644737244,0.36440008878707886,7.9715576171875,78.20990753173828,0.1718015968799591,3.582641124725342,37.51401901245117,37,25,30,0,
2025-12-30 10:20:03.175000,9d,Toxicity,Original,,63.37543869018555,1.925604224205017,122.0360107421875,1.6503890752792358,1.3725605010986328,0.2579904794692993,11.153897285461426,6.733407497406006,6.751895427703857,0.5048622488975525,0.4418767988681793,0.5360960364341736,10.940974235534668,0,0.19420476257801056,8.27603530883789,41.10688400268555,37,25,30,50,
2025-12-30 10:20:03.175000,FinePointe Series WBP [SN 139781]  Site 4 Bias Flow is out of range.,,,,,,,,,,,,,,,,,,,,,,,,,
2025-12-30 10:20:03.175000,FinePointe Series WBP [SN 10499C]  Site 3 Bias Flow is out of range.,,,,,,,,,,,,,,,,,,,,,,,,,
2025-12-30 10:20:05.175000,9d,Toxicity,Original,,62.520545959472656,1.790197730064392,111.62767028808594,2.3171703815460205,2.047574758529663,0.12871089577674866,11.153897285461426,8.44510269165039,6.926358222961426,0.4147202670574188,0.5609538555145264,0.4658873677253723,8.92056941986084,64.21532440185547,0.18736591935157776,4.682595729827881,38.77777862548828,37,25,30,33.33333206176758,
2025-12-30 10:20:07.176000,9d,Toxicity,Original,,58.241188049316406,2.040052890777588,117.87229919433594,1.9989891052246094,1.8679230213165283,0.1818196177482605,11.153897285461426,8.42753791809082,6.00459623336792,0.4362254738807678,0.6056320667266846,0.3968096077442169,9.452241897583008,64.40119171142578,0.21750015020370483,3.824143409729004,34.04342269897461,37,25,30,33.33333206176758,
2025-12-30 10:20:09.175000,9d,Toxicity,Original,,57.57237243652344,2.111976146697998,121.46946716308594,2.516749620437622,2.053201198577881,0.15681999921798706,11.153897285461426,9.82101058959961,7.9145941734313965,0.47297215461730957,0.5741454362869263,0.47597581148147583,9.527637481689453,156.1360321044922,0.19576658308506012,5.2227463722229,39.08586502075195,37,25,30,33.33333206176758,
2025-12-30 10:20:11.175000,9d,Toxicity,Original,,54.62755584716797,1.786116361618042,97.89256286621094,1.7749440670013428,1.950015902519226,0.23317360877990723,11.153897285461426,8.227031707763672,6.034782409667969,0.5244721174240112,0.5768881440162659,0.3958105742931366,11.157646179199219,170.0174102783203,0.20621339976787567,7.349092483520508,46.956119537353516,37,25,30,0,
2025-12-30 10:20:13.176000,9d,Toxicity,Original,,78.11908721923828,1.9030344486236572,148.66331481933594,0.6649770140647888,0.6965875625610352,0.7121007442474365,11.153897285461426,7.864500999450684,5.866584777832031,0.4169841706752777,0.3510739207267761,0.34098681807518005,9.010918617248535,0,0.21438036859035492,3.8523941040039062,33.76729202270508,37,25,30,50,
2025-12-30 10:20:13.176000,FinePointe Series WBP [SN 139781]  Site 4 Bias Flow is out of range.,,,,,,,,,,,,,,,,,,,,,,,,,
2025-12-30 10:20:13.176000,FinePointe Series WBP [SN 10499C]  Site 3 Bias Flow is out of range.,,,,,,,,,,,,,,,,,,,,,,,,,
2025-12-30 10:20:15.175000,9d,Toxicity,Original,,49.56731414794922,2.536196708679199,125.76406860351562,2.166228771209717,2.289337396621704,0.2535076439380646,11.153897285461426,10.492778778076172,7.150354385375977,0.5141710638999939,0.7013450860977173,0.5227057337760925,11.209795951843262,58.562191009521484,0.22682732343673706,7.565558433532715,36.34056854248047,37,25,30,33.33333206176758,
2025-12-30 10:20:17.176000,9d,Toxicity,Original,,57.0140495300293,2.067443370819092,117.68367004394531,2.1265439987182617,1.915990948677063,0.10963950306177139,11.153897285461426,8.504997253417969,6.653824806213379,0.43462008237838745,0.6306719779968262,0.45541805028915405,7.639431953430176,84.00885009765625,0.22135230898857117,1.0475969314575195,38.807613372802734,37,25,30,0,
2025-12-30 10:20:19.175000,9d,Toxicity,Original,,54.31803894042969,2.1260454654693604,115.48262023925781,3.4283504486083984,2.6740050315856934,0.10635285079479218,11.153897285461426,8.889982223510742,7.293090343475342,0.4088083803653717,0.6957970857620239,0.40741297602653503,7.721891403198242,99.56446838378906,0.19289156794548035,0.9622848629951477,35.59297561645508,37,25,30,50,
2025-12-30 10:20:21.175000,9d,Toxicity,Original,,155.96441650390625,1.1876071691513062,90.1819839477539,1.0732969045639038,1.124437689781189,0.3907259404659271,11.153897285461426,5.852708339691162,4.826170921325684,0.31743332743644714,0.34015151858329773,0.35912010073661804,8.733534812927246,0,0.15672940015792847,11.51530647277832,35.03239440917969,37,25,30,25,
2025-12-30 10:20:23.176000,9d,Toxicity,Original,,62.6221809387207,1.9913756847381592,124.72643280029297,1.6264830827713013,1.4826655387878418,0.1218160092830658,11.153897285461426,7.870566368103027,6.235130310058594,0.4167601466178894,0.5417658090591431,0.4897553026676178,8.99974536895752,0,0.22416892647743225,2.570509195327759,42.42291259765625,37,25,30,33.33333206176758,
2025-12-30 10:20:23.176000,FinePointe Series WBP [SN 139781]  Site 4 Bias Flow is out of range.,,,,,,,,,,,,,,,,,,,,,,,,,
2025-12-30 10:20:25.175000,9d,Toxicity,Original,,57.46038055419922,1.7701013088226318,101.38934326171875,2.7330567836761475,2.6345267295837402,0.16387061774730682,11.153897285461426,8.248992919921875,6.436460494995117,0.389151394367218,0.6609147787094116,0.3518693447113037,8.05569839477539,69.07771301269531,0.20147868990898132,4.217661380767822,28.495756149291992,37,25,30,33.33333206176758,
2025-12-30 10:20:25.175000,FinePointe Series WBP [SN 10499C]  Site 3 Bias Flow is out of range.,,,,,,,,,,,,,,,,,,,,,,,,,
2025-12-30 10:20:27.175000,9d,Toxicity,Original,,53.6197509765625,2.4110684394836426,129.30038452148438,2.1392464637756348,2.176180362701416,0.2057313621044159,11.153897285461426,9.101741790771484,7.376867294311523,0.4295939803123474,0.689453125,0.5046221613883972,10.499868392944336,58.06033706665039,0.22752413153648376,4.16965389251709,35.94374084472656,37,25,30,0,
2025-12-30 10:20:29.176000,9d,Toxicity,Original,,53.8227424621582,2.154609203338623,115.96698760986328,2.1515583992004395,2.148136615753174,0.09514835476875305,11.153897285461426,9.809173583984375,6.239097595214844,0.42111673951148987,0.6936536431312561,0.46848824620246887,9.67764949798584,116.48065185546875,0.22568489611148834,2.4561359882354736,33.1241340637207,37,25,30,0,
2025-12-30 10:20:31.175000,9d,Toxicity,Original,,58.59552001953125,2.1001367568969727,123.29055786132812,1.9421958923339844,1.9261207580566406,0.22103381156921387,11.153897285461426,8.679509162902832,6.718123435974121,0.42983388900756836,0.6010730266571045,0.4645448923110962,8.236021041870117,77.9227294921875,0.21009987592697144,1.7533400058746338,32.13064956665039,37,25,30,0,
2025-12-30 10:20:33.176000,9d,Toxicity,Original,,66.63650512695312,2.0374820232391357,135.93650817871094,1.1474037170410156,1.1980867385864258,0.299522340297699,11.153897285461426,9.307695388793945,7.507715702056885,0.47653019428253174,0.42413192987442017,0.6074868440628052,13.35233211517334,0,0.20909483730793,10.559347152709961,35.429386138916016,37,25,30,0,
2025-12-30 10:20:33.176000,FinePointe Series WBP [SN 139781]  Site 4 Bias Flow is out of range.,,,,,,,,,,,,,,,,,,,,,,,,,
2025-12-30 10:20:35.176000,9d,Toxicity,Original,,55.40928649902344,1.9314173460006714,107.01899719238281,3.169513702392578,2.5124411582946777,0.09696055203676224,11.153897285461426,8.145813941955566,6.847634315490723,0.4124697744846344,0.6703958511352539,0.4259147047996521,8.823497772216797,135.78903198242188,0.19566646218299866,1.5758777856826782,34.091468811035156,37,25,30,33.33333206176758,
2025-12-30 10:20:35.176000,FinePointe Series WBP [SN 10499C]  Site 3 Bias Flow is out of range.,,,,,,,,,,,,,,,,,,,,,,,,,
2025-12-30 10:20:37.175000,9d,Toxicity,Original,,56.419002532958984,2.172574996948242,122.91453552246094,2.239790439605713,2.029186964035034,0.121677927672863,11.153897285461426,8.78632640838623,6.953086853027344,0.44449692964553833,0.6256444454193115,0.47720858454704285,8.149369239807129,71.92129516601562,0.21434596180915833,1.6688915491104126,36.579959869384766,37,25,30,0,
2025-12-30 10:20:39.176000,9d,Toxicity,Original,,60.407447814941406,1.8644814491271973,113.11605072021484,2.875516414642334,2.379102945327759,0.15190187096595764,11.153897285461426,7.900165557861328,7.878679275512695,0.41348621249198914,0.587361216545105,0.43581312894821167,8.106817245483398,172.6562957763672,0.17984327673912048,4.966787338256836,35.709007263183594,37,25,30,33.33333206176758,
2025-12-30 10:20:41.175000,9d,Toxicity,Original,,53.17498016357422,2.4554076194763184,131.05075073242188,2.469831705093384,2.0889105796813965,0.16001185774803162,11.153897285461426,9.17637825012207,8.325797080993652,0.5031036138534546,0.6265601515769958,0.5877900123596191,10.167533874511719,63.76141357421875,0.2126946747303009,5.751620292663574,26.750015258789062,37,25,30,0,
2025-12-30 10:20:43.175000,9d,Toxicity,Original,,56.15756607055664,1.9180896282196045,107.71524810791016,3.179533004760742,3.4704508781433105,0.11922147125005722,11.153897285461426,9.729279518127441,7.105796813964844,0.36385130882263184,0.7045710682868958,0.33845701813697815,10.580402374267578,125.33861541748047,0.1606902927160263,4.654245376586914,41.11949157714844,37,25,30,0,
2025-12-30 10:20:43.175000,FinePointe Series WBP [SN 139781]  Site 4 Bias Flow is out of range.,,,,,,,,,,,,,,,,,,,,,,,,,
2025-12-30 10:20:43.175000,FinePointe Series WBP [SN 10499C]  Site 3 Bias Flow is out of range.,,,,,,,,,,,,,,,,,,,,,,,,,
2025-12-30 10:20:45.176000,9d,Toxicity,Original,,54.03863525390625,2.055412769317627,111.07189178466797,2.994241237640381,2.5714075565338135,0.09279204905033112,11.153897285461426,8.844162940979004,6.654623985290527,0.43120497465133667,0.6791180968284607,0.49660444259643555,8.872171401977539,150.94769287109375,0.19570231437683105,2.481166362762451,35.08403778076172,37,25,30,0,
2025-12-30 10:20:47.175000,9d,Toxicity,Original,,64.02619934082031,2.405236005783081,153.8796844482422,1.3495941162109375,1.2799934148788452,0.2239559292793274,11.153897285461426,9.21202278137207,7.945462226867676,0.4481598138809204,0.48898646235466003,0.6516906023025513,8.682079315185547,0,0.2227882742881775,6.323329925537109,29.829151153564453,37,25,30,0,
2025-12-30 10:20:49.175000,9d,Toxicity,Original,,57.393402099609375,2.040306806564331,117.10015106201172,2.1644864082336426,2.506601333618164,0.12593907117843628,11.153897285461426,10.615527153015137,6.624089241027832,0.4260692596435547,0.619347095489502,0.5266113877296448,10.818364143371582,142.40602111816406,0.18288087844848633,6.221621990203857,33.7900276184082,37,25,30,50,
2025-12-30 10:20:51.176000,9d,Toxicity,Original,,62.876976013183594,1.9612290859222412,123.08110809326172,2.1650664806365967,2.335590362548828,0.15485525131225586,11.153897285461426,8.809175491333008,6.661798477172852,0.35817596316337585,0.610106348991394,0.439436674118042,7.890707969665527,55.382999420166016,0.18577277660369873,3.5117530822753906,37.519989013671875,37,25,30,0,
2025-12-30 10:20:53.175000,9d,Toxicity,Original,,53.947052001953125,2.1310195922851562,115.05535888671875,1.781730055809021,1.6563613414764404,0.26036304235458374,11.153897285461426,8.567657470703125,7.58143424987793,0.486036479473114,0.6272068023681641,0.4007933735847473,8.415641784667969,38.2447509765625,0.24972054362297058,4.554764747619629,25.276695251464844,37,25,30,0,
2025-12-30 10:20:53.175000,FinePointe Series WBP [SN 139781]  Site 4 Bias Flow is out of range.,,,,,,,,,,,,,,,,,,,,,,,,,
2025-12-30 10:20:53.175000,FinePointe Series WBP [SN 10499C]  Site 3 Bias Flow is out of range.,,,,,,,,,,,,,,,,,,,,,,,,,
2025-12-30 10:20:55.176000,9d,Toxicity,Original,,60.747581481933594,2.0420377254486084,122.88432312011719,1.8594272136688232,1.7556642293930054,0.14432749152183533,11.153897285461426,8.71947193145752,6.942317962646484,0.4908066391944885,0.5127663612365723,0.47156235575675964,9.793261528015137,62.88431930541992,0.19486775994300842,6.641752243041992,30.7460880279541,37,25,30,0,
2025-12-30 10:20:57.175000,9d,Toxicity,Original,,60.831687927246094,1.966364860534668,119.47616577148438,2.711423873901367,2.422574281692505,0.16299556195735931,11.153897285461426,8.630105972290039,7.222150802612305,0.3874426484107971,0.6050733327865601,0.45080435276031494,9.586761474609375,117.94515228271484,0.1810106337070465,3.703904390335083,33.02602005004883,37,25,30,0,
2025-12-30 10:20:59.175000,9d,Toxicity,Original,,61.86400604248047,1.9780032634735107,122.0606918334961,1.702242136001587,1.6551859378814697,0.42734354734420776,11.153897285461426,8.537958145141602,6.102659702301025,0.41826722025871277,0.5539429187774658,0.5314033031463623,10.32441234588623,39.36558151245117,0.21866855025291443,5.117994785308838,29.65332794189453,37,25,30,0,
2025-12-30 10:21:01.176000,9d,Toxicity,Original,,59.06330108642578,1.725543737411499,101.27711486816406,2.855130195617676,2.3238110542297363,0.1080455631017685,11.153897285461426,7.765703201293945,6.444777011871338,0.4088265895843506,0.6177607178688049,0.3424215018749237,7.439223766326904,72.61304473876953,0.1964830756187439,1.5519073009490967,29.16299057006836,37,25,30,0,
2025-12-30 10:21:03.175000,9d,Toxicity,Original,,59.60469055175781,1.9380648136138916,116.28163146972656,2.4377236366271973,1.9058318138122559,0.16914603114128113,11.153897285461426,7.779108047485352,7.131503105163574,0.4780190587043762,0.5360224843025208,0.36812713742256165,8.372262954711914,0,0.19004783034324646,4.594473838806152,29.354217529296875,37,25,30,0,
2025-12-30 10:21:03.175000,FinePointe Series WBP [SN 139781]  Site 4 Bias Flow is out of range.,,,,,,,,,,,,,,,,,,,,,,,,,
2025-12-30 10:21:03.175000,FinePointe Series WBP [SN 10499C]  Site 3 Bias Flow is out of range.,,,,,,,,,,,,,,,,,,,,,,,,,
2025-12-30 10:21:05.175000,9d,Toxicity,Original,,65.14337921142578,1.9054057598114014,124.01329803466797,1.2263548374176025,1.240027904510498,0.39303940534591675,11.153897285461426,7.211526870727539,5.836374282836914,0.4380260705947876,0.4832308292388916,0.47699645161628723,9.852768898010254,0,0.22494125366210938,7.394923686981201,23.382179260253906,37,25,30,0,
2025-12-30 10:21:07.176000,9d,Toxicity,Original,,59.81190490722656,2.591465473175049,154.5968017578125,2.0706872940063477,1.8352525234222412,0.15244004130363464,11.153897285461426,10.097681045532227,9.179046630859375,0.44745784997940063,0.56294846534729,0.5998575687408447,9.420703887939453,0,0.2095530480146408,9.091304779052734,34.79591369628906,37,25,30,0,
2025-12-30 10:21:09.175000,9d,Toxicity,Original,,61.31572723388672,2.2288920879364014,135.6061553955078,1.6012887954711914,1.5756738185882568,0.1921270340681076,11.153897285461426,8.05148696899414,6.471949577331543,0.512087345123291,0.47326013445854187,0.40960997343063354,6.982085704803467,0,0.1886684000492096,4.2799201011657715,32.59566879272461,37,25,30,0,
2025-12-30 10:21:11.176000,9d,Toxicity,Original,,60.463645935058594,2.3802661895751953,144.76580810546875,1.9157774448394775,1.6406407356262207,0.22711589932441711,11.153897285461426,9.399068832397461,8.772157669067383,0.4251587688922882,0.5683482885360718,0.6534721851348877,8.62734317779541,0,0.22541357576847076,8.317333221435547,26.906436920166016,37,25,30,33.33333206176758,
2025-12-30 10:21:13.175000,9d,Toxicity,Original,,56.397335052490234,2.743020534515381,153.653564453125,2.286259174346924,2.565462112426758,0.1495988368988037,11.153897285461426,11.073591232299805,7.964146614074707,0.3898736834526062,0.6764674186706543,0.5500907897949219,10.015279769897461,140.3292236328125,0.19481970369815826,4.969261646270752,33.61894989013672,37,25,30,0,
2025-12-30 10:21:13.175000,FinePointe Series WBP [SN 139781]  Site 4 Bias Flow is out of range.,,,,,,,,,,,,,,,,,,,,,,,,,
2025-12-30 10:21:13.175000,FinePointe Series WBP [SN 10499C]  Site 3 Bias Flow is out of range.,,,,,,,,,,,,,,,,,,,,,,,,,
2025-12-30 10:21:15.175000,9d,Toxicity,Original,,63.892425537109375,2.127396583557129,135.53765869140625,1.8251943588256836,1.9210054874420166,0.2320328652858734,11.153897285461426,9.930861473083496,7.358712196350098,0.4061751961708069,0.5404706001281738,0.5525189638137817,9.215285301208496,50.9007682800293,0.19188112020492554,6.212321758270264,30.988969802856445,37,25,30,0,
2025-12-30 10:21:17.176000,9d,Toxicity,Original,,69.202392578125,2.099395275115967,144.90296936035156,1.576371192932129,1.5411723852157593,0.20283035933971405,11.153897285461426,9.24459171295166,7.698753356933594,0.3918413817882538,0.47668370604515076,0.5528171062469482,8.038359642028809,32.958194732666016,0.19339436292648315,4.671199798583984,26.699098587036133,37,25,30,0,
2025-12-30 10:21:19.175000,9d,Toxicity,Original,,64.43291473388672,1.956084966659546,125.71772766113281,1.6866652965545654,1.5182570219039917,0.20669782161712646,11.153897285461426,8.846877098083496,8.082460403442383,0.4618188142776489,0.4702075719833374,0.5272513031959534,10.897689819335938,43.47773361206055,0.20322677493095398,11.24993896484375,24.005695343017578,37,25,30,0,
2025-12-30 10:21:21.175000,9d,Toxicity,Original,,69.11088562011719,2.101745367050171,145.17596435546875,1.879103422164917,1.7950630187988281,0.1600622832775116,11.153897285461426,8.8023681640625,8.106950759887695,0.39409786462783813,0.47435224056243896,0.4548845887184143,7.682875156402588,0,0.17378491163253784,5.98785400390625,30.012117385864258,37,25,30,0,
2025-12-30 10:21:23.176000,9d,Toxicity,Original,,68.8199691772461,1.9920086860656738,137.0356903076172,1.260866403579712,1.244518518447876,0.43670526146888733,11.153897285461426,7.991939544677734,6.311511039733887,0.41661587357521057,0.4553542733192444,0.5545867681503296,8.681703567504883,0,0.21159636974334717,5.151103496551514,24.18705940246582,37,25,30,0,
2025-12-30 10:21:23.176000,FinePointe Series WBP [SN 139781]  Site 4 Bias Flow is out of range.,,,,,,,,,,,,,,,,,,,,,,,,,
2025-12-30 10:21:25.175000,9d,Toxicity,Original,,63.007633209228516,1.8166368007659912,113.59007263183594,2.504011631011963,2.4082279205322266,0.17526620626449585,11.153897285461426,8.623537063598633,7.21663761138916,0.4016187787055969,0.5538763999938965,0.49130457639694214,9.025297164916992,113.63456726074219,0.16850043833255768,8.566431999206543,30.01915740966797,37,25,30,0,
2025-12-30 10:21:25.175000,FinePointe Series WBP [SN 10499C]  Site 3 Bias Flow is out of range.,,,,,,,,,,,,,,,,,,,,,,,,,
2025-12-30 10:21:27.176000,9d,Toxicity,Original,,69.62186431884766,1.925981879234314,134.04296875,1.3547017574310303,1.293134331703186,0.4223552346229553,11.153897285461426,8.201940536499023,7.100505352020264,0.4130694270133972,0.4488253593444824,0.6016787886619568,8.158815383911133,0,0.20708706974983215,4.340733528137207,24.944656372070312,37,25,30,0,
2025-12-30 10:21:29.176000,9d,Toxicity,Original,,62.28285217285156,1.9798822402954102,123.36990356445312,2.4913172721862793,2.2462573051452637,0.29864585399627686,11.153897285461426,8.401095390319824,6.802263259887695,0.4293246865272522,0.5413285493850708,0.5856102705001831,10.188154220581055,91.2568588256836,0.1758681684732437,5.818364143371582,26.774242401123047,37,25,30,0,
2025-12-30 10:21:31.175000,9d,Toxicity,Original,,61.5904541015625,1.7070343494415283,105.7156753540039,1.8127782344818115,2.0074567794799805,0.15597963333129883,11.153897285461426,8.889754295349121,6.597723960876465,0.348949134349823,0.6337525844573975,0.373404324054718,13.244094848632812,71.68473052978516,0.2158604860305786,6.937101364135742,31.138336181640625,37,25,30,0,
2025-12-30 10:21:33.176000,9d,Toxicity,Original,,62.022743225097656,2.0237669944763184,124.02049255371094,2.0683364868164062,1.9501030445098877,0.17903245985507965,11.153897285461426,8.451496124267578,7.140321731567383,0.44348347187042236,0.53623366355896,0.4790080785751343,7.950987815856934,65.88121795654297,0.19091132283210754,4.946019172668457,24.516639709472656,37,25,30,0,
2025-12-30 10:21:33.176000,FinePointe Series WBP [SN 139781]  Site 4 Bias Flow is out of range.,,,,,,,,,,,,,,,,,,,,,,,,,
2025-12-30 10:21:35.175000,9d,Toxicity,Original,,67.58145904541016,1.9880859851837158,134.57862854003906,1.5579395294189453,1.479689121246338,0.1490090787410736,11.153897285461426,8.182791709899902,6.90683650970459,0.3732909560203552,0.5151491165161133,0.4729403853416443,8.406063079833984,11.787275314331055,0.21519170701503754,5.255392551422119,26.014652252197266,37,25,30,0,
2025-12-30 10:21:35.175000,FinePointe Series WBP [SN 10499C]  Site 3 Bias Flow is out of range.,,,,,,,,,,,,,,,,,,,,,,,,,
2025-12-30 10:21:37.175000,9d,Toxicity,Original,,70.635986328125,1.947174072265625,137.5399169921875,1.572023630142212,1.40120267868042,0.2684047222137451,11.153897285461426,8.330604553222656,7.602831840515137,0.39373230934143066,0.45569664239883423,0.5262959599494934,9.893625259399414,0,0.19937506318092346,6.199952125549316,27.35676383972168,37,25,30,0,
2025-12-30 10:21:39.176000,9d,Toxicity,Original,,64.38191986083984,2.218623161315918,144.08082580566406,1.7697833776474,1.6964370012283325,0.29104849696159363,11.153897285461426,9.38486385345459,8.078317642211914,0.42744287848472595,0.5081356763839722,0.5756022930145264,10.027813911437988,42.584659576416016,0.2007378339767456,8.465826034545898,24.546466827392578,37,25,30,0,
2025-12-30 10:21:41.175000,9d,Toxicity,Original,,58.96356964111328,2.1364831924438477,125.96977233886719,2.2825655937194824,2.1742191314697266,0.3113236427307129,11.153897285461426,8.67447280883789,6.95442533493042,0.39457616209983826,0.623004138469696,0.5794594287872314,9.377243041992188,50.295005798339844,0.2013413906097412,3.848705768585205,34.007240295410156,37,25,30,0,
2025-12-30 10:21:43.175000,9d,Toxicity,Original,,63.42927932739258,1.921525239944458,121.95475769042969,2.1358754634857178,1.9437987804412842,0.18624655902385712,11.153897285461426,7.731071472167969,7.007550239562988,0.4500514566898346,0.5001881122589111,0.4666905403137207,8.853744506835938,61.02489471435547,0.17748156189918518,6.930105209350586,33.025230407714844,37,25,30,0,
2025-12-30 10:21:43.175000,FinePointe Series WBP [SN 139781]  Site 4 Bias Flow is out of range.,,,,,,,,,,,,,,,,,,,,,,,,,
2025-12-30 10:21:43.175000,FinePointe Series WBP [SN 10499C]  Site 3 Bias Flow is out of range.,,,,,,,,,,,,,,,,,,,,,,,,,
2025-12-30 10:21:45.176000,9d,Toxicity,Original,,68.46796417236328,2.0176608562469482,138.1260528564453,1.4466701745986938,1.3349188566207886,0.2657560408115387,11.153897285461426,8.649065017700195,7.165328025817871,0.40397927165031433,0.472377210855484,0.619005560874939,9.118138313293457,0,0.21064865589141846,5.441627502441406,28.53719711303711,37,25,30,0,
2025-12-30 10:21:47.175000,9d,Toxicity,Original,,65.02946472167969,1.7823659181594849,115.9843521118164,1.813913106918335,1.8584532737731934,0.2571020722389221,11.153897285461426,9.072399139404297,7.413652420043945,0.3936654329299927,0.5312701463699341,0.5176388621330261,11.12252426147461,69.6316909790039,0.1925017535686493,9.501688003540039,31.637134552001953,37,25,30,0,
2025-12-30 10:21:49.176000,9d,Toxicity,Original,,62.127166748046875,2.2557783126831055,138.9980010986328,1.805985450744629,1.9495491981506348,0.3147231936454773,11.153897285461426,9.556005477905273,7.019853591918945,0.4117469787597656,0.5616594552993774,0.5704988241195679,8.747163772583008,62.201236724853516,0.19680893421173096,6.454506874084473,30.954601287841797,37,25,30,0,
2025-12-30 10:21:51.175000,9d,Toxicity,Original,,62.089595794677734,2.163135290145874,134.90252685546875,1.7709300518035889,1.9660911560058594,0.3285289704799652,11.153897285461426,9.487062454223633,6.318210601806641,0.41470611095428467,0.5580801367759705,0.5601183772087097,9.355240821838379,98.32523345947266,0.1990712583065033,5.779945373535156,39.63478088378906,37,25,30,0,
2025-12-30 10:21:53.175000,9d,Toxicity,Original,,62.59521484375,1.9523842334747314,121.86289978027344,1.7850873470306396,1.6426368951797485,0.2146035134792328,11.153897285461426,7.737871170043945,6.9723968505859375,0.3886415660381317,0.5789017081260681,0.5124193429946899,8.291266441345215,0,0.22507625818252563,3.3834176063537598,29.206218719482422,37,25,30,33.33333206176758,
2025-12-30 10:21:53.175000,FinePointe Series WBP [SN 139781]  Site 4 Bias Flow is out of range.,,,,,,,,,,,,,,,,,,,,,,,,,
2025-12-30 10:21:53.175000,FinePointe Series WBP [SN 10499C]  Site 3 Bias Flow is out of range.,,,,,,,,,,,,,,,,,,,,,,,,,
2025-12-30 10:21:55.176000,9d,Toxicity,Original,,61.81194305419922,1.9133436679840088,118.05704498291016,1.6860547065734863,1.5534241199493408,0.17249388992786407,11.153897285461426,7.151419162750244,5.963734149932861,0.4403499960899353,0.5364978313446045,0.44382786750793457,9.489141464233398,64.38773345947266,0.22090011835098267,4.302881240844727,24.07192039489746,37,25,30,0,
2025-12-30 10:21:57.175000,9d,Toxicity,Original,,61.54158020019531,1.8695337772369385,114.92153930664062,2.176133632659912,1.7751636505126953,0.2342950850725174,11.153897285461426,7.769583702087402,7.2393388748168945,0.4770558178424835,0.5073218941688538,0.507753312587738,8.96650505065918,72.59729766845703,0.19192619621753693,5.325175762176514,26.66461944580078,37,25,30,0,
2025-12-30 10:21:59.175000,9d,Toxicity,Original,,61.267662048339844,1.8940160274505615,115.2758560180664,2.9013991355895996,2.1478261947631836,0.1346288025379181,11.153897285461426,7.7055864334106445,7.890833377838135,0.4678860604763031,0.5209280848503113,0.3949737548828125,7.087468147277832,63.8161735534668,0.17102880775928497,3.5569636821746826,26.77468490600586,37,25,30,0,
2025-12-30 10:22:01.176000,9d,Toxicity,Original,,63.322357177734375,1.9140410423278809,119.33004760742188,1.6444478034973145,1.3343262672424316,0.20788565278053284,11.153897285461426,7.371135711669922,7.064501762390137,0.46332094073295593,0.4929944574832916,0.49119889736175537,10.909541130065918,23.101242065429688,0.21898573637008667,9.680742263793945,20.84359359741211,37,25,30,0,
2025-12-30 10:22:03.175000,9d,Toxicity,Original,,74.70841979980469,2.003824472427368,149.35784912109375,1.3711732625961304,1.180405855178833,0.16535016894340515,11.153897285461426,7.593911170959473,6.713352203369141,0.42100274562835693,0.3855542540550232,0.47458210587501526,8.000295639038086,0,0.18107980489730835,4.4250617027282715,30.168100357055664,37,25,30,33.33333206176758,
2025-12-30 10:22:03.175000,FinePointe Series WBP [SN 139781]  Site 4 Bias Flow is out of range.,,,,,,,,,,,,,,,,,,,,,,,,,
2025-12-30 10:22:03.175000,FinePointe Series WBP [SN 139781]  Site 1 Bias Flow is out of range.,,,,,,,,,,,,,,,,,,,,,,,,,
2025-12-30 10:22:03.175000,FinePointe Series WBP [SN 10499C]  Site 3 Bias Flow is out of range.,,,,,,,,,,,,,,,,,,,,,,,,,
2025-12-30 10:22:05.176000,9d,Toxicity,Original,,66.18540954589844,2.0968573093414307,137.79083251953125,1.7400968074798584,1.5624122619628906,0.18057404458522797,11.153897285461426,8.734421730041504,7.36191463470459,0.4346201419830322,0.48470795154571533,0.531277060508728,8.3896484375,0,0.194875568151474,6.223257541656494,27.31376075744629,37,25,30,0,
2025-12-30 10:22:07.175000,9d,Toxicity,Original,,68.56127166748047,2.17159366607666,149.06982421875,1.162527322769165,1.2434074878692627,0.43993768095970154,11.153897285461426,9.501267433166504,7.445979118347168,0.42673641443252563,0.44856634736061096,0.6048657298088074,11.8018159866333,0,0.2073293924331665,7.225472450256348,23.363712310791016,37,25,30,0,
2025-12-30 10:22:09.175000,9d,Toxicity,Original,,63.08747100830078,1.9025838375091553,120.15870666503906,1.8997547626495361,1.4882370233535767,0.13497428596019745,11.153897285461426,7.094449043273926,6.780774116516113,0.4635356664657593,0.4889841079711914,0.4787546396255493,7.3113908767700195,0,0.20350001752376556,5.781141757965088,23.320571899414062,37,25,30,0,
2025-12-30 10:22:11.176000,9d,Toxicity,Original,,64.4687271118164,1.866530179977417,120.44880676269531,1.7324635982513428,1.6072068214416504,0.2862343192100525,11.153897285461426,7.977405548095703,6.864195346832275,0.46664750576019287,0.4724883735179901,0.5110694766044617,10.756325721740723,41.730010986328125,0.18729791045188904,10.22706127166748,27.677967071533203,37,25,30,0,
2025-12-30 10:22:13.175000,9d,Toxicity,Original,,68.09620666503906,1.9507611989974976,132.95289611816406,1.044935941696167,1.1825511455535889,0.4694550931453705,11.153897285461426,8.734265327453613,6.413956165313721,0.39910340309143066,0.4823280870914459,0.565494954586029,11.90829849243164,0,0.23379403352737427,7.6415486335754395,27.07529067993164,37,25,30,0,
2025-12-30 10:22:13.175000,FinePointe Series WBP [SN 139781]  Site 4 Bias Flow is out of range.,,,,,,,,,,,,,,,,,,,,,,,,,
2025-12-30 10:22:13.175000,FinePointe Series WBP [SN 139781]  Site 1 Bias Flow is out of range.,,,,,,,,,,,,,,,,,,,,,,,,,
2025-12-30 10:22:13.175000,FinePointe Series WBP [SN 10499C]  Site 3 Bias Flow is out of range.,,,,,,,,,,,,,,,,,,,,,,,,,
2025-12-30 10:22:15.175000,9d,Toxicity,Original,,65.62919616699219,1.8843902349472046,123.62181091308594,1.8714089393615723,1.7540175914764404,0.2935557961463928,11.153897285461426,7.989108562469482,6.824335098266602,0.4337414801120758,0.48449966311454773,0.469342440366745,7.872085094451904,36.850711822509766,0.18381880223751068,6.686795711517334,25.126338958740234,37,25,30,0,
2025-12-30 10:22:17.176000,9d,Toxicity,Original,,63.352020263671875,1.9537001848220825,123.73168182373047,2.0513837337493896,1.57035493850708,0.36571210622787476,11.153897285461426,7.055706024169922,7.3951826095581055,0.48674914240837097,0.4658665060997009,0.5875897407531738,8.675604820251465,58.70626449584961,0.1957668960094452,7.682343482971191,22.38079071044922,37,25,30,0,
2025-12-30 10:22:19.175000,9d,Toxicity,Original,,70.23423767089844,1.774235486984253,124.58454895019531,1.533567190170288,1.5708260536193848,0.30496150255203247,11.153897285461426,7.758693695068359,6.848710060119629,0.3797435760498047,0.4745997190475464,0.4656914472579956,8.654794692993164,4.945542812347412,0.19015657901763916,5.591275215148926,25.054134368896484,37,25,30,0,
2025-12-30 10:22:21.176000,9d,Toxicity,Original,,62.76597213745117,1.828113079071045,115.05340576171875,1.7573952674865723,1.900789499282837,0.36367088556289673,11.153897285461426,8.545103073120117,6.666314125061035,0.46634429693222046,0.49450647830963135,0.5234631299972534,9.93453598022461,95.50772094726562,0.19340059161186218,11.347187042236328,23.063783645629883,37,25,30,0,
2025-12-30 10:22:23.176000,9d,Toxicity,Original,,64.12930297851562,1.9128313064575195,121.325439453125,2.108045816421509,2.041914701461792,0.22460153698921204,11.153897285461426,8.102109909057617,7.041721343994141,0.3857393264770508,0.5567575693130493,0.5690276622772217,9.899947166442871,74.77082061767578,0.1888575553894043,6.252628803253174,30.95849609375,37,25,30,0,
2025-12-30 10:22:23.176000,FinePointe Series WBP [SN 139781]  Site 4 Bias Flow is out of range.,,,,,,,,,,,,,,,,,,,,,,,,,
2025-12-30 10:22:23.176000,FinePointe Series WBP [SN 139781]  Site 1 Bias Flow is out of range.,,,,,,,,,,,,,,,,,,,,,,,,,
2025-12-30 10:22:23.176000,FinePointe Series WBP [SN 10499C]  Site 3 Bias Flow is out of range.,,,,,,,,,,,,,,,,,,,,,,,,,
2025-12-30 10:22:25.175000,9d,Toxicity,Original,,69.70508575439453,1.8039543628692627,125.74954223632812,1.5649218559265137,1.4690515995025635,0.29889556765556335,11.153897285461426,7.796063423156738,6.6168718338012695,0.40683889389038086,0.45393162965774536,0.48302972316741943,8.721141815185547,0,0.1904607117176056,4.7498860359191895,28.543827056884766,37,25,30,0,
2025-12-30 10:22:27.176000,9d,Toxicity,Original,,57.08427429199219,2.1448252201080322,122.22036743164062,1.907055139541626,2.1489291191101074,0.2028200328350067,11.153897285461426,12.223082542419434,7.490484237670898,0.4208882749080658,0.6304514408111572,0.5050263404846191,14.979804992675781,118.31459045410156,0.21371160447597504,6.672207832336426,29.776552200317383,37,25,30,0,
2025-12-30 10:22:29.175000,9d,Toxicity,Original,,56.751243591308594,2.095844268798828,119.71015930175781,1.2337861061096191,1.5270905494689941,0.17017589509487152,11.153897285461426,9.879814147949219,5.96038818359375,0.5210266709327698,0.5628342628479004,0.32625818252563477,11.686505317687988,28.915359497070312,0.2339506447315216,5.437038421630859,31.771533966064453,37,25,30,0,
2025-12-30 10:22:31.175000,9d,Toxicity,Original,,49.39910125732422,2.107229709625244,104.07815551757812,2.2610578536987305,2.4873814582824707,0.10672563314437866,11.153897285461426,9.847370147705078,6.8732147216796875,0.4750913083553314,0.747283935546875,0.34334540367126465,9.239669799804688,125.4694595336914,0.22008562088012695,4.033414840698242,29.689434051513672,37,25,30,0,
2025-12-30 10:22:33.176000,9d,Toxicity,Original,,61.27490997314453,1.465397596359253,89.90449523925781,1.4067676067352295,1.4976493120193481,0.18670706450939178,11.153897285461426,6.666225433349609,4.763211250305176,0.4937439560890198,0.48637282848358154,0.3258923888206482,11.216365814208984,0,0.20049673318862915,7.502270221710205,38.9625244140625,37,25,30,0,
2025-12-30 10:22:33.176000,FinePointe Series WBP [SN 139781]  Site 4 Bias Flow is out of range.,,,,,,,,,,,,,,,,,,,,,,,,,
2025-12-30 10:22:35.175000,9d,Toxicity,Original,,55.299076080322266,1.7388958930969238,96.15933227539062,1.8063676357269287,1.5161761045455933,0.19725260138511658,11.153897285461426,6.762195110321045,6.302946090698242,0.5476270914077759,0.5373820066452026,0.4647080898284912,9.427716255187988,0,0.21945889294147491,7.309676647186279,25.809547424316406,37,25,30,50,
2025-12-30 10:22:35.175000,FinePointe Series WBP [SN 139781]  Site 1 Bias Flow is out of range.,,,,,,,,,,,,,,,,,,,,,,,,,
2025-12-30 10:22:35.175000,FinePointe Series WBP [SN 139781]  Site 3 Bias Flow is out of range.,,,,,,,,,,,,,,,,,,,,,,,,,
2025-12-30 10:22:35.175000,FinePointe Series WBP [SN 10499C]  Site 3 Bias Flow is out of range.,,,,,,,,,,,,,,,,,,,,,,,,,
2025-12-30 10:22:37.175000,9d,Toxicity,Original,,61.92578125,1.8283672332763672,112.46421813964844,1.2635462284088135,1.5929733514785767,0.16774626076221466,11.153897285461426,8.697504997253418,5.365897178649902,0.4051817059516907,0.5707834959030151,0.3667047619819641,13.893047332763672,0,0.23520737886428833,6.181034564971924,26.434539794921875,37,25,30,0,
2025-12-30 10:22:39.176000,9d,Toxicity,Original,,51.48253631591797,1.7484023571014404,89.49671173095703,2.7433834075927734,2.376945972442627,0.135613813996315,11.153897285461426,6.493668079376221,5.26511812210083,0.5182667970657349,0.6570315361022949,0.32372093200683594,10.497705459594727,128.28636169433594,0.20012623071670532,4.401528835296631,33.998077392578125,37,25,30,0,
2025-12-30 10:22:41.175000,9d,Toxicity,Original,,52.46014404296875,1.8250012397766113,95.50682830810547,2.0711488723754883,1.7946745157241821,0.11012431979179382,11.153897285461426,6.908536434173584,5.9520111083984375,0.5641114711761475,0.5812200307846069,0.3055015802383423,6.636289596557617,0,0.21463966369628906,5.9911627769470215,27.52345085144043,37,25,30,0,
2025-12-30 10:22:43.176000,9d,Toxicity,Original,,57.734535217285156,1.5404951572418213,88.93630981445312,2.51950740814209,1.9822486639022827,0.24109064042568207,11.153897285461426,6.401556491851807,5.852489471435547,0.4564780592918396,0.5827623009681702,0.38892483711242676,8.643436431884766,121.90354919433594,0.20137172937393188,6.761547088623047,27.44159698486328,37,25,30,0,
2025-12-30 10:22:43.176000,FinePointe Series WBP [SN 139781]  Site 4 Bias Flow is out of range.,,,,,,,,,,,,,,,,,,,,,,,,,
2025-12-30 10:22:45.175000,9d,Toxicity,Original,,147.2389373779297,1.171557068824768,86.71098327636719,1.10857355594635,1.0762884616851807,0.2887116074562073,11.153897285461426,5.4087677001953125,4.831639766693115,0.3479391932487488,0.3374633193016052,0.2999224066734314,6.998981952667236,0,0.15768849849700928,9.096345901489258,27.67519760131836,37,25,30,0,
2025-12-30 10:22:45.175000,FinePointe Series WBP [SN 139781]  Site 1 Bias Flow is out of range.,,,,,,,,,,,,,,,,,,,,,,,,,
2025-12-30 10:22:45.175000,FinePointe Series WBP [SN 139781]  Site 3 Bias Flow is out of range.,,,,,,,,,,,,,,,,,,,,,,,,,
2025-12-30 10:22:45.175000,FinePointe Series WBP [SN 10499C]  Site 3 Bias Flow is out of range.,,,,,,,,,,,,,,,,,,,,,,,,,
2025-12-30 10:22:47.175000,9d,Toxicity,Original,,62.058074951171875,1.7004115581512451,105.45414733886719,1.8527324199676514,2.2259111404418945,0.1329440325498581,11.153897285461426,7.589668273925781,5.358355522155762,0.39215490221977234,0.5776686668395996,0.3313256502151489,9.738243103027344,115.52964782714844,0.18552014231681824,7.14832878112793,32.70258712768555,37,25,30,0,
2025-12-30 10:22:49.176000,9d,Toxicity,Original,,55.112693786621094,1.6424038410186768,90.49655151367188,2.173980951309204,2.25164794921875,0.15813490748405457,11.153897285461426,6.090632915496826,4.805332183837891,0.47127780318260193,0.6174518465995789,0.3699909448623657,8.767388343811035,132.59193420410156,0.19720163941383362,5.760210990905762,30.132808685302734,37,25,30,0,
2025-12-30 10:22:51.175000,9d,Toxicity,Original,,63.151763916015625,1.566014289855957,99.023193359375,1.847305178642273,1.5207650661468506,0.16159462928771973,11.153897285461426,6.4452948570251465,6.564080238342285,0.45374053716659546,0.49667787551879883,0.5027689337730408,7.586133003234863,0,0.20298981666564941,3.377668857574463,36.10551452636719,37,25,30,0,
2025-12-30 10:22:53.175000,9d,Toxicity,Original,,58.12696838378906,1.9021304845809937,111.15286254882812,1.2119290828704834,1.4486801624298096,0.14415965974330902,11.153897285461426,8.719053268432617,5.582022190093994,0.5140441656112671,0.5301287174224854,0.41636380553245544,10.329294204711914,18.933584213256836,0.22344215214252472,5.6802825927734375,26.92736053466797,37,25,30,0,
2025-12-30 10:22:53.175000,FinePointe Series WBP [SN 139781]  Site 4 Bias Flow is out of range.,,,,,,,,,,,,,,,,,,,,,,,,,
2025-12-30 10:22:53.175000,FinePointe Series WBP [SN 10499C]  Site 3 Bias Flow is out of range.,,,,,,,,,,,,,,,,,,,,,,,,,
2025-12-30 10:22:55.176000,9d,Toxicity,Original,,64.64990997314453,1.8335230350494385,118.40890502929688,1.406803011894226,1.2997357845306396,0.18093252182006836,11.153897285461426,7.368655204772949,6.340744972229004,0.5096735954284668,0.4198468327522278,0.47535428404808044,7.812685966491699,0,0.18840119242668152,4.23483943939209,27.48565673828125,37,25,30,33.33333206176758,
2025-12-30 10:22:55.176000,FinePointe Series WBP [SN 139781]  Site 1 Bias Flow is out of range.,,,,,,,,,,,,,,,,,,,,,,,,,
2025-12-30 10:22:55.176000,FinePointe Series WBP [SN 139781]  Site 3 Bias Flow is out of range.,,,,,,,,,,,,,,,,,,,,,,,,,
2025-12-30 10:22:57.175000,9d,Toxicity,Original,,60.50090026855469,1.7385833263397217,104.74132537841797,2.8362903594970703,2.229689598083496,0.1327572464942932,11.153897285461426,6.935904502868652,6.584012031555176,0.40625375509262085,0.5879529714584351,0.45903992652893066,8.087907791137695,46.976539611816406,0.18829050660133362,3.357451915740967,31.428302764892578,37,25,30,0,
2025-12-30 10:22:59.176000,9d,Toxicity,Original,,62.2529411315918,1.952396035194397,122.37145233154297,1.5966870784759521,1.6543160676956177,0.18267092108726501,11.153897285461426,8.008549690246582,6.227313995361328,0.40996861457824707,0.5577517151832581,0.46147602796554565,15.039262771606445,70.75355529785156,0.22318410873413086,5.69055700302124,27.759990692138672,37,25,30,0,
2025-12-30 10:23:01.175000,9d,Toxicity,Original,,63.30079650878906,1.8560550212860107,116.74765014648438,2.254117965698242,2.139535903930664,0.1604461371898651,11.153897285461426,8.20094108581543,7.075079441070557,0.4181064963340759,0.5400149822235107,0.4584658741950989,8.263785362243652,119.57548522949219,0.17638030648231506,7.527737140655518,27.555227279663086,37,25,30,0,
2025-12-30 10:23:03.175000,9d,Toxicity,Original,,62.89737319946289,1.6922498941421509,106.49250793457031,2.23368501663208,1.7907264232635498,0.1313413828611374,11.153897285461426,6.832758903503418,6.51130485534668,0.47376716136932373,0.4969329237937927,0.37574148178100586,7.952064514160156,62.30064392089844,0.18690825998783112,5.4017438888549805,26.433380126953125,37,25,30,0,
2025-12-30 10:23:03.175000,FinePointe Series WBP [SN 139781]  Site 4 Bias Flow is out of range.,,,,,,,,,,,,,,,,,,,,,,,,,
2025-12-30 10:23:03.175000,FinePointe Series WBP [SN 139781]  Site 1 Bias Flow is out of range.,,,,,,,,,,,,,,,,,,,,,,,,,
2025-12-30 10:23:03.175000,FinePointe Series WBP [SN 10499C]  Site 3 Bias Flow is out of range.,,,,,,,,,,,,,,,,,,,,,,,,,
2025-12-30 10:23:05.176000,9d,Toxicity,Original,,61.60182189941406,1.7213462591171265,105.49138641357422,1.8141453266143799,2.1075990200042725,0.25201722979545593,11.153897285461426,8.074376106262207,5.530605792999268,0.3995973467826843,0.5793679356575012,0.3967640995979309,9.39306640625,65.25659942626953,0.19332799315452576,7.544460773468018,29.438581466674805,37,25,30,0,
2025-12-30 10:23:05.176000,FinePointe Series WBP [SN 139781]  Site 3 Bias Flow is out of range.,,,,,,,,,,,,,,,,,,,,,,,,,
2025-12-30 10:23:07.175000,9d,Toxicity,Original,,68.812744140625,1.7235429286956787,118.48120880126953,1.7074854373931885,1.4858498573303223,0.19521717727184296,11.153897285461426,6.5818586349487305,6.482492923736572,0.3977266550064087,0.47521552443504333,0.43396812677383423,9.039791107177734,62.171043395996094,0.19925105571746826,7.3768696784973145,24.317523956298828,37,25,30,0,
2025-12-30 10:23:09.175000,9d,Toxicity,Original,,67.857666015625,1.6639097929000854,112.86552429199219,1.5305209159851074,1.3061026334762573,0.1842656433582306,11.153897285461426,6.731685161590576,6.152135848999023,0.4438570439815521,0.44036081433296204,0.44290411472320557,11.226397514343262,0,0.19953018426895142,7.58964729309082,25.4335994720459,37,25,30,0,
2025-12-30 10:23:11.176000,9d,Toxicity,Original,,61.713706970214844,1.8867254257202148,116.703369140625,1.4658420085906982,1.4654579162597656,0.17638885974884033,11.153897285461426,7.227743625640869,5.861823558807373,0.47975361347198486,0.49864619970321655,0.38551968336105347,10.15578842163086,0,0.21331968903541565,7.083293914794922,23.116413116455078,37,25,30,0,
2025-12-30 10:23:13.175000,9d,Toxicity,Original,,63.395965576171875,1.9702162742614746,124.14425659179688,1.634265422821045,1.5793490409851074,0.2705506384372711,11.153897285461426,8.758401870727539,6.905244827270508,0.4384111166000366,0.5133158564567566,0.4961733818054199,10.89906120300293,69.89007568359375,0.21024540066719055,7.5567169189453125,23.14311981201172,37,25,30,0,
2025-12-30 10:23:13.175000,FinePointe Series WBP [SN 139781]  Site 4 Bias Flow is out of range.,,,,,,,,,,,,,,,,,,,,,,,,,
2025-12-30 10:23:13.175000,FinePointe Series WBP [SN 139781]  Site 1 Bias Flow is out of range.,,,,,,,,,,,,,,,,,,,,,,,,,
2025-12-30 10:23:13.175000,FinePointe Series WBP [SN 139781]  Site 3 Bias Flow is out of range.,,,,,,,,,,,,,,,,,,,,,,,,,
2025-12-30 10:23:13.175000,FinePointe Series WBP [SN 10499C]  Site 3 Bias Flow is out of range.,,,,,,,,,,,,,,,,,,,,,,,,,
2025-12-30 10:23:15.175000,9d,Toxicity,Original,,68.58065795898438,1.7390414476394653,119.20913696289062,1.8846155405044556,1.6551439762115479,0.16884329915046692,11.153897285461426,7.163542747497559,6.88691520690918,0.40106868743896484,0.47427526116371155,0.3904193937778473,7.198034763336182,0,0.18418151140213013,6.169310569763184,27.681907653808594,37,25,30,0,
2025-12-30 10:23:17.176000,9d,Toxicity,Original,,68.91427612304688,1.7542765140533447,120.82911682128906,1.4681838750839233,1.338161826133728,0.42670440673828125,11.153897285461426,6.7969794273376465,6.0115203857421875,0.416121244430542,0.45458984375,0.5281235575675964,8.647412300109863,0,0.2016015648841858,6.270301818847656,22.354122161865234,37,25,30,0,
2025-12-30 10:23:19.175000,9d,Toxicity,Original,,66.45527648925781,1.7838166952133179,118.37989807128906,1.276764154434204,1.1173570156097412,0.1685740351676941,11.153897285461426,7.0517401695251465,6.160897254943848,0.4827615022659302,0.4206472933292389,0.432486891746521,8.029487609863281,0,0.20695681869983673,7.818959712982178,23.268863677978516,37,25,30,0,
2025-12-30 10:23:21.176000,9d,Toxicity,Original,,59.24855041503906,1.8077723979949951,107.11360168457031,1.8671228885650635,1.7562564611434937,0.15806186199188232,11.153897285461426,7.76801872253418,6.126786231994629,0.4784972667694092,0.5341951847076416,0.39804551005363464,8.501851081848145,22.584627151489258,0.20111384987831116,8.025421142578125,25.76141357421875,37,25,30,0,
2025-12-30 10:23:23.175000,9d,Toxicity,Original,,63.31296157836914,1.8119945526123047,114.65117645263672,1.7474106550216675,1.5494714975357056,0.22781044244766235,11.153897285461426,7.211523532867432,6.221981048583984,0.47679367661476135,0.4731316566467285,0.4040130376815796,8.670519828796387,27.856124877929688,0.19363312423229218,5.698061466217041,25.484676361083984,37,25,30,0,
2025-12-30 10:23:23.175000,FinePointe Series WBP [SN 139781]  Site 4 Bias Flow is out of range.,,,,,,,,,,,,,,,,,,,,,,,,,
2025-12-30 10:23:23.175000,FinePointe Series WBP [SN 139781]  Site 1 Bias Flow is out of range.,,,,,,,,,,,,,,,,,,,,,,,,,
2025-12-30 10:23:23.175000,FinePointe Series WBP [SN 139781]  Site 3 Bias Flow is out of range.,,,,,,,,,,,,,,,,,,,,,,,,,
2025-12-30 10:23:23.175000,FinePointe Series WBP [SN 10499C]  Site 3 Bias Flow is out of range.,,,,,,,,,,,,,,,,,,,,,,,,,
2025-12-30 10:23:25.175000,9d,Toxicity,Original,,67.19842529296875,1.6440303325653076,110.49664306640625,1.4345974922180176,1.6110985279083252,0.2011057734489441,11.153897285461426,8.771504402160645,6.0575971603393555,0.3903752565383911,0.5025252103805542,0.44803375005722046,10.387001037597656,52.253501892089844,0.2003672569990158,7.728856563568115,27.277902603149414,37,25,30,0,
2025-12-30 10:23:27.176000,9d,Toxicity,Original,,61.281044006347656,1.964350700378418,120.95622253417969,1.8582968711853027,1.7399065494537354,0.18341153860092163,11.153897285461426,7.73491907119751,6.0745625495910645,0.4479673504829407,0.5398114919662476,0.3874114751815796,11.362909317016602,0,0.20583510398864746,6.123111724853516,31.498706817626953,37,25,30,0,
2025-12-30 10:23:29.175000,9d,Toxicity,Original,,66.12133026123047,1.7506778240203857,115.79789733886719,1.3862664699554443,1.1070566177368164,0.17655056715011597,11.153897285461426,6.579833030700684,6.072090148925781,0.462858647108078,0.44465121626853943,0.3974642753601074,8.653741836547852,0,0.22098883986473083,3.888803243637085,21.29937744140625,37,25,30,33.33333206176758,
2025-12-30 10:23:31.175000,9d,Toxicity,Original,,64.3724365234375,1.8030078411102295,116.013427734375,2.259577751159668,1.734022617340088,0.10188494622707367,11.153897285461426,7.1979146003723145,7.425776958465576,0.42977026104927063,0.5026059746742249,0.5338857173919678,7.279056549072266,20.937103271484375,0.19057607650756836,8.056150436401367,28.944091796875,37,25,30,0,
2025-12-30 10:23:33.176000,9d,Toxicity,Original,,64.02631378173828,1.897627353668213,121.45653533935547,1.7835865020751953,1.7299808263778687,0.19246655702590942,11.153897285461426,7.75210428237915,6.537309646606445,0.44887489080429077,0.4925042390823364,0.47421795129776,8.064114570617676,33.037166595458984,0.18582028150558472,6.180248260498047,30.158748626708984,37,25,30,0,
2025-12-30 10:23:35.175000,9d,Toxicity,Original,,66.29051208496094,1.653959035873413,109.57006072998047,1.2509706020355225,1.2166926860809326,0.24261783063411713,11.153897285461426,6.629809856414795,5.173562049865723,0.4625091850757599,0.4479249119758606,0.40947604179382324,8.480795860290527,0,0.2107946276664734,6.746189594268799,22.671062469482422,37,25,30,0,
2025-12-30 10:23:35.175000,FinePointe Series WBP [SN 139781]  Site 4 Bias Flow is out of range.,,,,,,,,,,,,,,,,,,,,,,,,,
2025-12-30 10:23:35.175000,FinePointe Series WBP [SN 139781]  Site 1 Bias Flow is out of range.,,,,,,,,,,,,,,,,,,,,,,,,,
2025-12-30 10:23:35.175000,FinePointe Series WBP [SN 139781]  Site 3 Bias Flow is out of range.,,,,,,,,,,,,,,,,,,,,,,,,,
2025-12-30 10:23:35.175000,FinePointe Series WBP [SN 10499C]  Site 3 Bias Flow is out of range.,,,,,,,,,,,,,,,,,,,,,,,,,
2025-12-30 10:23:37.176000,9d,Toxicity,Original,,60.935997009277344,1.7588646411895752,106.91817474365234,1.7846746444702148,1.6287224292755127,0.2358599305152893,11.153897285461426,6.725686073303223,5.8029561042785645,0.48129674792289734,0.5061213374137878,0.4743468463420868,9.22645378112793,46.95030975341797,0.1992442011833191,8.397788047790527,24.81039047241211,37,25,30,0,
2025-12-30 10:23:39.175000,9d,Toxicity,Original,,67.53801727294922,1.6513675451278687,111.4761962890625,1.3723905086517334,1.2085812091827393,0.2622636556625366,11.153897285461426,6.862149238586426,6.284666061401367,0.43255725502967834,0.4559192657470703,0.4927959740161896,11.036724090576172,0,0.21997883915901184,8.029702186584473,24.06290054321289,37,25,30,0,
2025-12-30 10:23:41.175000,9d,Toxicity,Original,,56.808143615722656,1.9960100650787354,113.38880920410156,1.4228527545928955,1.3014094829559326,0.12991636991500854,11.153897285461426,7.217394828796387,6.222447395324707,0.5247352123260498,0.5314513444900513,0.3366900384426117,7.5652618408203125,0,0.2387833297252655,5.300893306732178,22.91629409790039,37,25,30,0,
2025-12-30 10:23:43.176000,9d,Toxicity,Original,,59.8883056640625,1.7992753982543945,107.69673156738281,1.9967637062072754,1.8529146909713745,0.3122975528240204,11.153897285461426,7.298213958740234,6.016751289367676,0.46790701150894165,0.5359768867492676,0.44950729608535767,10.48131275177002,45.83821105957031,0.19756412506103516,7.787696838378906,32.856075286865234,37,25,30,0,
2025-12-30 10:23:43.176000,FinePointe Series WBP [SN 139781]  Site 4 Bias Flow is out of range.,,,,,,,,,,,,,,,,,,,,,,,,,
2025-12-30 10:23:45.175000,9d,Toxicity,Original,,65.66657257080078,1.7174453735351562,113.12278747558594,1.4482461214065552,1.4602437019348145,0.12585794925689697,11.153897285461426,7.539929389953613,6.1409196853637695,0.4501214921474457,0.46722710132598877,0.4535329341888428,8.65170955657959,41.1501350402832,0.19948360323905945,9.436653137207031,24.50727081298828,37,25,30,0,
2025-12-30 10:23:45.175000,FinePointe Series WBP [SN 139781]  Site 1 Bias Flow is out of range.,,,,,,,,,,,,,,,,,,,,,,,,,
2025-12-30 10:23:45.175000,FinePointe Series WBP [SN 139781]  Site 3 Bias Flow is out of range.,,,,,,,,,,,,,,,,,,,,,,,,,
2025-12-30 10:23:45.175000,FinePointe Series WBP [SN 10499C]  Site 3 Bias Flow is out of range.,,,,,,,,,,,,,,,,,,,,,,,,,
2025-12-30 10:23:47.175000,9d,Toxicity,Original,,61.50876235961914,1.571382999420166,96.30915069580078,2.045323133468628,1.6873340606689453,0.26642680168151855,11.153897285461426,6.109930992126465,5.84963321685791,0.4815177619457245,0.49540555477142334,0.42874929308891296,8.65821647644043,62.30005645751953,0.19387570023536682,9.030107498168945,26.548507690429688,37,25,30,0,
2025-12-30 10:23:49.176000,9d,Toxicity,Original,,62.353721618652344,1.8084986209869385,112.7054672241211,1.932457685470581,1.7605335712432861,0.18513718247413635,11.153897285461426,7.117383003234863,6.470038414001465,0.430300235748291,0.5336725115776062,0.384518027305603,8.424064636230469,15.508293151855469,0.19995035231113434,5.670438766479492,29.040122985839844,37,25,30,0,
2025-12-30 10:23:51.175000,9d,Toxicity,Original,,60.732017517089844,1.6722168922424316,100.89730072021484,2.3816606998443604,2.3617684841156006,0.1875268965959549,11.153897285461426,7.73322868347168,6.121219158172607,0.41106003522872925,0.580254852771759,0.3587905764579773,10.839356422424316,111.96089172363281,0.18341442942619324,6.942446708679199,29.593900680541992,37,25,30,0,
2025-12-30 10:23:53.176000,9d,Toxicity,Original,,55.16195297241211,1.7801846265792847,98.2003173828125,2.12705397605896,2.4912831783294678,0.2428705394268036,11.153897285461426,7.844705104827881,5.537057876586914,0.41760140657424927,0.6701847314834595,0.4352426528930664,13.915253639221191,65.79132843017578,0.20372658967971802,6.133612632751465,32.8737678527832,37,25,30,0,
2025-12-30 10:23:53.176000,FinePointe Series WBP [SN 139781]  Site 4 Bias Flow is out of range.,,,,,,,,,,,,,,,,,,,,,,,,,
2025-12-30 10:23:55.175000,9d,Toxicity,Original,,60.65180587768555,1.7450594902038574,106.04010772705078,2.034698486328125,1.7863106727600098,0.23356013000011444,11.153897285461426,6.855746269226074,5.665313720703125,0.4602988660335541,0.5329059362411499,0.4511205554008484,7.8340559005737305,0,0.1969706118106842,4.392077445983887,31.448684692382812,37,25,30,0,
2025-12-30 10:23:55.175000,FinePointe Series WBP [SN 139781]  Site 1 Bias Flow is out of range.,,,,,,,,,,,,,,,,,,,,,,,,,
2025-12-30 10:23:55.175000,FinePointe Series WBP [SN 139781]  Site 3 Bias Flow is out of range.,,,,,,,,,,,,,,,,,,,,,,,,,
2025-12-30 10:23:55.175000,FinePointe Series WBP [SN 10499C]  Site 3 Bias Flow is out of range.,,,,,,,,,,,,,,,,,,,,,,,,,
2025-12-30 10:23:57.175000,9d,Toxicity,Original,,62.90581512451172,1.7536771297454834,109.72673797607422,1.5792570114135742,1.3990139961242676,0.21556663513183594,11.153897285461426,7.29624080657959,6.546668529510498,0.462032675743103,0.49527713656425476,0.4236595332622528,10.330913543701172,0,0.2153700888156891,8.520003318786621,26.45164680480957,37,25,30,0,
2025-12-30 10:23:59.176000,9d,Toxicity,Original,,60.973854064941406,1.8675516843795776,113.7448501586914,1.8303474187850952,1.5938090085983276,0.3216955363750458,11.153897285461426,7.361078262329102,6.344647407531738,0.5099901556968689,0.47950541973114014,0.4079623818397522,9.761713027954102,0,0.1949259340763092,5.161212921142578,29.403453826904297,37,25,30,0,
2025-12-30 10:24:01.175000,9d,Toxicity,Original,,68.89619445800781,1.7656776905059814,121.583740234375,1.013519287109375,1.0811654329299927,0.46901294589042664,11.153897285461426,6.590545654296875,6.402946472167969,0.43335649371147156,0.43840712308883667,0.5633793473243713,11.733377456665039,0,0.22656312584877014,10.750228881835938,25.48857879638672,37,25,30,0,
2025-12-30 10:24:03.175000,9d,Toxicity,Original,,55.88075637817383,1.9389927387237549,108.4150390625,2.063441753387451,1.995007038116455,0.17478059232234955,11.153897285461426,8.21807861328125,6.779047966003418,0.5530687570571899,0.521041989326477,0.35206854343414307,9.278800010681152,54.26315689086914,0.18552657961845398,10.460277557373047,27.696088790893555,37,25,30,0,
2025-12-30 10:24:03.175000,FinePointe Series WBP [SN 139781]  Site 4 Bias Flow is out of range.,,,,,,,,,,,,,,,,,,,,,,,,,
2025-12-30 10:24:03.175000,FinePointe Series WBP [SN 139781]  Site 1 Bias Flow is out of range.,,,,,,,,,,,,,,,,,,,,,,,,,
2025-12-30 10:24:03.175000,FinePointe Series WBP [SN 10499C]  Site 3 Bias Flow is out of range.,,,,,,,,,,,,,,,,,,,,,,,,,
2025-12-30 10:24:05.176000,9d,Toxicity,Original,,62.228485107421875,1.8847942352294922,115.97459411621094,1.6558659076690674,1.383182168006897,0.13671275973320007,11.153897285461426,7.177138328552246,6.706622123718262,0.48610761761665344,0.49302375316619873,0.4199683368206024,7.377315521240234,0,0.21336014568805695,5.753426551818848,26.795177459716797,37,25,30,0,
2025-12-30 10:24:05.176000,FinePointe Series WBP [SN 139781]  Site 3 Bias Flow is out of range.,,,,,,,,,,,,,,,,,,,,,,,,,
2025-12-30 10:24:07.175000,9d,Toxicity,Original,,60.9854736328125,1.7460373640060425,106.77615356445312,1.526963710784912,1.6499218940734863,0.1935187578201294,11.153897285461426,7.812075614929199,5.523625373840332,0.46933209896087646,0.5229334235191345,0.39352062344551086,9.99276351928711,65.29193878173828,0.20553913712501526,7.558864593505859,27.684555053710938,37,25,30,0,
2025-12-30 10:24:09.175000,9d,Toxicity,Original,,64.69236755371094,1.902047038078308,120.75166320800781,1.177600622177124,1.2379193305969238,0.2685371935367584,11.153897285461426,8.274232864379883,6.333721160888672,0.4650591313838959,0.4772440195083618,0.40327954292297363,11.91157341003418,0,0.2234305739402771,7.753615379333496,25.530712127685547,37,25,30,0,
2025-12-30 10:24:11.176000,9d,Toxicity,Original,,67.01598358154297,1.8151051998138428,121.65066528320312,1.307861089706421,1.2206504344940186,0.47983813285827637,11.153897285461426,7.389974117279053,6.275467395782471,0.44626009464263916,0.4491302967071533,0.520758867263794,7.723893165588379,0,0.21246668696403503,6.312687873840332,24.445175170898438,37,25,30,0,
2025-12-30 10:24:13.175000,9d,Toxicity,Original,,62.973365783691406,1.7631592750549316,110.69659423828125,1.5665181875228882,1.4816317558288574,0.15876680612564087,11.153897285461426,7.230118274688721,6.277406692504883,0.4589313864707947,0.4981071949005127,0.38521283864974976,7.9109110832214355,44.06734848022461,0.20842710137367249,9.50228214263916,20.086360931396484,37,25,30,0,
2025-12-30 10:24:13.175000,FinePointe Series WBP [SN 139781]  Site 4 Bias Flow is out of range.,,,,,,,,,,,,,,,,,,,,,,,,,
2025-12-30 10:24:13.175000,FinePointe Series WBP [SN 139781]  Site 1 Bias Flow is out of range.,,,,,,,,,,,,,,,,,,,,,,,,,
2025-12-30 10:24:13.175000,FinePointe Series WBP [SN 139781]  Site 3 Bias Flow is out of range.,,,,,,,,,,,,,,,,,,,,,,,,,
2025-12-30 10:24:13.175000,FinePointe Series WBP [SN 10499C]  Site 3 Bias Flow is out of range.,,,,,,,,,,,,,,,,,,,,,,,,,
2025-12-30 10:24:15.176000,9d,Toxicity,Original,,64.53401184082031,1.8228566646575928,116.76435852050781,1.5448129177093506,1.4868305921554565,0.1329125612974167,11.153897285461426,7.314416408538818,6.403791427612305,0.43731507658958435,0.4982427656650543,0.3999570906162262,8.48896598815918,25.57825469970703,0.20860306918621063,4.890626430511475,24.579309463500977,37,25,30,0,
2025-12-30 10:24:17.175000,9d,Toxicity,Original,,68.52987670898438,1.8584887981414795,127.27067565917969,0.9770474433898926,1.0767114162445068,0.4347132742404938,11.153897285461426,7.468598365783691,5.694099426269531,0.44514918327331543,0.4316810965538025,0.4902040362358093,12.844797134399414,0,0.22329118847846985,8.349945068359375,22.14315414428711,37,25,30,0,
2025-12-30 10:24:19.175000,9d,Toxicity,Original,,61.416053771972656,1.7923920154571533,109.75942993164062,1.7903952598571777,1.4818329811096191,0.26917213201522827,11.153897285461426,7.024811744689941,6.731480598449707,0.46640029549598694,0.5152239799499512,0.5378798842430115,8.341092109680176,0,0.21563896536827087,4.645895004272461,26.173912048339844,37,25,30,0,
2025-12-30 10:24:21.176000,9d,Toxicity,Original,,71.64987182617188,1.7032796144485474,122.01705932617188,1.1940815448760986,1.1994702816009521,0.2805350422859192,11.153897285461426,7.706606864929199,5.596102237701416,0.42381909489631653,0.41462284326553345,0.47944656014442444,10.923067092895508,0,0.2008952498435974,6.719381332397461,24.15105438232422,37,25,30,0,
2025-12-30 10:24:23.175000,9d,Toxicity,Original,,68.41903686523438,1.670777678489685,114.37153625488281,1.6458250284194946,1.3593534231185913,0.14323602616786957,11.153897285461426,6.120957374572754,6.045225143432617,0.43638378381729126,0.44061169028282166,0.3771842122077942,8.310222625732422,0,0.19532963633537292,5.10594367980957,22.131309509277344,37,25,30,0,
2025-12-30 10:24:23.175000,FinePointe Series WBP [SN 139781]  Site 4 Bias Flow is out of range.,,,,,,,,,,,,,,,,,,,,,,,,,
2025-12-30 10:24:23.175000,FinePointe Series WBP [SN 139781]  Site 1 Bias Flow is out of range.,,,,,,,,,,,,,,,,,,,,,,,,,
2025-12-30 10:24:23.175000,FinePointe Series WBP [SN 139781]  Site 3 Bias Flow is out of range.,,,,,,,,,,,,,,,,,,,,,,,,,
2025-12-30 10:24:23.175000,FinePointe Series WBP [SN 10499C]  Site 3 Bias Flow is out of range.,,,,,,,,,,,,,,,,,,,,,,,,,
2025-12-30 10:24:25.175000,9d,Toxicity,Original,,66.9532470703125,1.7609978914260864,117.9045181274414,1.4114278554916382,1.2571293115615845,0.12875154614448547,11.153897285461426,6.423800945281982,6.019779205322266,0.44566774368286133,0.45048001408576965,0.48623594641685486,8.42181396484375,0,0.20568308234214783,4.276709079742432,21.371549606323242,37,25,30,66.66666412353516,
2025-12-30 10:24:27.176000,9d,Toxicity,Original,,69.05811309814453,1.729555368423462,119.91658020019531,1.1443445682525635,1.180130958557129,0.35396847128868103,11.153897285461426,7.562198638916016,5.662336349487305,0.42899006605148315,0.4416577219963074,0.4762808680534363,13.56181526184082,0,0.21592992544174194,8.033361434936523,19.972177505493164,37,25,30,0,
2025-12-30 10:24:29.175000,9d,Toxicity,Original,,62.99406051635742,2.245771884918213,140.9914093017578,1.3632724285125732,1.3556323051452637,0.14961345493793488,11.153897285461426,9.619216918945312,7.322865009307861,0.44412529468536377,0.5146419405937195,0.4921073019504547,10.518110275268555,0,0.22879436612129211,9.803014755249023,21.7186279296875,37,25,30,0,
2025-12-30 10:24:31.176000,9d,Toxicity,Original,,59.84638214111328,2.387746810913086,142.06887817382812,1.2265892028808594,1.2467052936553955,0.14815333485603333,11.153897285461426,9.101930618286133,7.14901065826416,0.5213090777397156,0.49945932626724243,0.3880932331085205,8.994280815124512,0,0.2342700958251953,6.995688438415527,18.812477111816406,37,25,30,0,
2025-12-30 10:24:33.175000,9d,Toxicity,Original,,69.56546020507812,1.8760700225830078,130.46131896972656,1.3140147924423218,1.3843600749969482,0.26353535056114197,11.153897285461426,7.795714378356934,6.192864894866943,0.4092820882797241,0.45565325021743774,0.47333386540412903,7.980875015258789,25.522323608398438,0.19836467504501343,6.615593910217285,23.203290939331055,37,25,30,0,
2025-12-30 10:24:35.175000,9d,Toxicity,Original,,63.01918411254883,2.1845545768737793,137.4908905029297,1.519860029220581,1.2907887697219849,0.19214120507240295,11.153897285461426,7.791469573974609,7.458174705505371,0.48875880241394043,0.47688788175582886,0.4879642724990845,9.600893020629883,0,0.22116583585739136,9.036359786987305,24.254436492919922,37,25,30,0,
2025-12-30 10:24:35.175000,FinePointe Series WBP [SN 139781]  Site 4 Bias Flow is out of range.,,,,,,,,,,,,,,,,,,,,,,,,,
2025-12-30 10:24:35.175000,FinePointe Series WBP [SN 139781]  Site 1 Bias Flow is out of range.,,,,,,,,,,,,,,,,,,,,,,,,,
2025-12-30 10:24:35.175000,FinePointe Series WBP [SN 139781]  Site 3 Bias Flow is out of range.,,,,,,,,,,,,,,,,,,,,,,,,,
2025-12-30 10:24:35.175000,FinePointe Series WBP [SN 10499C]  Site 3 Bias Flow is out of range.,,,,,,,,,,,,,,,,,,,,,,,,,
2025-12-30 10:24:37.176000,9d,Toxicity,Original,,69.4064712524414,1.8864213228225708,130.52508544921875,1.205137014389038,1.0775731801986694,0.2517395615577698,11.153897285461426,7.0455756187438965,6.856020450592041,0.4708394706249237,0.3956511318683624,0.49957287311553955,10.00013256072998,0,0.20463678240776062,9.05293083190918,21.270416259765625,37,25,30,25,
2025-12-30 10:24:39.175000,9d,Toxicity,Original,,70.79243469238281,1.858877182006836,131.4075164794922,1.3660407066345215,1.4745649099349976,0.1436776965856552,11.153897285461426,8.176544189453125,6.363012313842773,0.3830672800540924,0.46507298946380615,0.45803937315940857,8.692718505859375,0,0.19420823454856873,7.213979721069336,24.071102142333984,37,25,30,0,
2025-12-30 10:24:41.175000,9d,Toxicity,Original,,69.83281707763672,1.6968684196472168,118.47541046142578,1.5706990957260132,1.4056651592254639,0.2064136266708374,11.153897285461426,6.93034553527832,5.909137725830078,0.415238618850708,0.44578874111175537,0.4716668725013733,11.742996215820312,0,0.19482120871543884,8.218552589416504,24.087955474853516,37,25,30,0,
2025-12-30 10:24:43.176000,9d,Toxicity,Original,,69.89765930175781,1.691076636314392,118.17581176757812,1.3462104797363281,1.2188687324523926,0.30988550186157227,11.153897285461426,6.661787509918213,6.397959232330322,0.4411398768424988,0.41731688380241394,0.543016254901886,10.442229270935059,0,0.20506666600704193,10.513561248779297,22.270706176757812,37,25,30,0,
2025-12-30 10:24:43.176000,FinePointe Series WBP [SN 139781]  Site 4 Bias Flow is out of range.,,,,,,,,,,,,,,,,,,,,,,,,,
2025-12-30 10:24:45.175000,9d,Toxicity,Original,,70.7373046875,1.614131212234497,114.51165771484375,1.3210757970809937,1.0462141036987305,0.3617667853832245,11.153897285461426,6.381272315979004,6.461956977844238,0.46441078186035156,0.3844122588634491,0.5398496389389038,12.106086730957031,0,0.20002126693725586,10.484079360961914,21.931072235107422,37,25,30,0,
2025-12-30 10:24:45.175000,FinePointe Series WBP [SN 139781]  Site 1 Bias Flow is out of range.,,,,,,,,,,,,,,,,,,,,,,,,,
2025-12-30 10:24:45.175000,FinePointe Series WBP [SN 139781]  Site 3 Bias Flow is out of range.,,,,,,,,,,,,,,,,,,,,,,,,,
2025-12-30 10:24:45.175000,FinePointe Series WBP [SN 10499C]  Site 3 Bias Flow is out of range.,,,,,,,,,,,,,,,,,,,,,,,,,
2025-12-30 10:24:47.176000,9d,Toxicity,Original,,68.07675170898438,1.8549115657806396,126.28392028808594,1.4373908042907715,1.3565901517868042,0.2838168144226074,11.153897285461426,6.991113662719727,6.585410118103027,0.4221751093864441,0.4592452049255371,0.5591788291931152,11.052421569824219,0,0.2039647102355957,8.54317855834961,25.293643951416016,37,25,30,0,
2025-12-30 10:24:49.175000,9d,Toxicity,Original,,62.281288146972656,1.8861644268035889,115.71293640136719,1.716667652130127,1.5244855880737305,0.21560852229595184,11.153897285461426,6.051955223083496,6.038125038146973,0.4867207705974579,0.4920164942741394,0.5088929533958435,8.69449234008789,0,0.20143046975135803,8.683542251586914,22.979690551757812,37,25,30,0,
2025-12-30 10:24:51.175000,9d,Toxicity,Original,,70.66358947753906,1.824868083000183,128.93804931640625,1.1620441675186157,1.1704936027526855,0.38579699397087097,11.153897285461426,7.199675559997559,6.162021636962891,0.4451799988746643,0.40523162484169006,0.5075968503952026,9.053763389587402,0,0.200429305434227,7.952603340148926,22.25038719177246,37,25,30,0,
2025-12-30 10:24:53.176000,9d,Toxicity,Original,,64.91439819335938,1.9574650526046753,127.04742431640625,0.9082126021385193,0.8505182266235352,0.48416605591773987,11.153897285461426,7.40246057510376,7.451327323913574,0.5156458616256714,0.4086538553237915,0.5193779468536377,10.203824996948242,0,0.23167358338832855,12.6920166015625,15.384814262390137,37,25,30,0,
2025-12-30 10:24:53.176000,FinePointe Series WBP [SN 139781]  Site 4 Bias Flow is out of range.,,,,,,,,,,,,,,,,,,,,,,,,,
2025-12-30 10:24:55.175000,9d,Toxicity,Original,,70.53422546386719,2.1540489196777344,151.97052001953125,0.8662842512130737,0.966974675655365,0.19655516743659973,11.153897285461426,8.202950477600098,6.491851806640625,0.42001762986183167,0.43117374181747437,0.5007867217063904,11.580686569213867,0,0.22897851467132568,9.777624130249023,14.620250701904297,37,25,30,0,
2025-12-30 10:24:55.175000,FinePointe Series WBP [SN 139781]  Site 1 Bias Flow is out of range.,,,,,,,,,,,,,,,,,,,,,,,,,
2025-12-30 10:24:55.175000,FinePointe Series WBP [SN 139781]  Site 3 Bias Flow is out of range.,,,,,,,,,,,,,,,,,,,,,,,,,
2025-12-30 10:24:55.175000,FinePointe Series WBP [SN 10499C]  Site 3 Bias Flow is out of range.,,,,,,,,,,,,,,,,,,,,,,,,,
2025-12-30 10:24:57.175000,9d,Toxicity,Original,,58.374290466308594,2.7786154747009277,162.41024780273438,0.7705960869789124,1.0129578113555908,0.40815961360931396,11.153897285461426,9.818309783935547,6.450072288513184,0.44843485951423645,0.5807015895843506,0.450353741645813,13.491802215576172,0,0.3065009117126465,7.684340953826904,15.690993309020996,37,25,30,0,
2025-12-30 10:24:59.176000,9d,Toxicity,Original,,64.52467346191406,2.3560945987701416,152.0093994140625,0.8218525648117065,1.0093505382537842,0.17612135410308838,11.153897285461426,9.82835578918457,6.826912879943848,0.4312189221382141,0.503722608089447,0.48722603917121887,11.952181816101074,0,0.26526933908462524,10.461320877075195,17.298492431640625,37,25,30,0,
2025-12-30 10:25:01.175000,9d,Toxicity,Original,,69.61328887939453,2.254713535308838,156.70547485351562,0.7627822160720825,0.8906286954879761,0.5643985867500305,11.153897285461426,8.265978813171387,6.2491865158081055,0.44159841537475586,0.4287538230419159,0.5045325756072998,11.39346694946289,0,0.23479372262954712,8.924638748168945,12.715120315551758,37,25,30,0,
2025-12-30 10:25:03.175000,9d,Toxicity,Original,,67.16162872314453,2.425241231918335,162.79258728027344,0.6681413054466248,0.9155853390693665,0.5539894104003906,11.153897285461426,9.347945213317871,7.7449188232421875,0.4350304901599884,0.45964258909225464,0.573034405708313,15.809999465942383,0,0.25591033697128296,13.147077560424805,16.026437759399414,37,25,30,0,
2025-12-30 10:25:03.175000,FinePointe Series WBP [SN 139781]  Site 4 Bias Flow is out of range.,,,,,,,,,,,,,,,,,,,,,,,,,
2025-12-30 10:25:03.175000,FinePointe Series WBP [SN 10499C]  Site 3 Bias Flow is out of range.,,,,,,,,,,,,,,,,,,,,,,,,,
2025-12-30 10:25:05.176000,9d,Toxicity,Original,,62.11598205566406,2.302079916000366,144.51043701171875,0.35919129848480225,0.6321139335632324,0.799596905708313,11.153897285461426,9.959205627441406,6.857799530029297,0.37406107783317566,0.6049940586090088,0.4115583896636963,20.346664428710938,0,0.3881378769874573,7.657209396362305,7.050819396972656,37,25,30,0,
2025-12-30 10:25:05.176000,FinePointe Series WBP [SN 139781]  Site 1 Bias Flow is out of range.,,,,,,,,,,,,,,,,,,,,,,,,,
2025-12-30 10:25:05.176000,FinePointe Series WBP [SN 139781]  Site 3 Bias Flow is out of range.,,,,,,,,,,,,,,,,,,,,,,,,,
2025-12-30 10:25:07.175000,9d,Toxicity,Original,,70.48616790771484,2.1418981552124023,151.14016723632812,0.7024317979812622,0.8161259889602661,0.3632829487323761,11.153897285461426,8.175521850585938,6.275042533874512,0.42058342695236206,0.43461453914642334,0.5187468528747559,12.299543380737305,0,0.2492392659187317,10.676168441772461,13.175920486450195,37,25,30,0,
2025-12-30 10:25:09.176000,9d,Toxicity,Original,,69.88493347167969,2.248345375061035,157.38809204101562,0.9867894649505615,1.149260401725769,0.44343262910842896,11.153897285461426,9.518714904785156,6.721741676330566,0.4165096879005432,0.44681113958358765,0.4345066547393799,12.049943923950195,30.03902244567871,0.22500625252723694,9.228075981140137,15.690511703491211,37,25,30,0,
2025-12-30 10:25:11.175000,9d,Toxicity,Original,,49.37110137939453,9.762222290039062,481.9716796875,0.33699384331703186,0.6262051463127136,0.09297797083854675,11.153897285461426,56.29762268066406,27.51924705505371,0.44090887904167175,0.7743769884109497,1.8496145009994507,9.583111763000488,614.3238525390625,0.5044046640396118,4.716726779937744,3.3356242179870605,37,25,30,0,
2025-12-30 10:25:11.175000,FinePointe Series WBP [SN 139781]  Site 2 Bias Flow is out of range.,,,,,,,,,,,,,,,,,,,,,,,,,
2025-12-30 10:25:11.175000,FinePointe Series WBP [SN 139781]  Site 4 Bias Flow is out of range.,,,,,,,,,,,,,,,,,,,,,,,,,
2025-12-30 10:25:11.175000,FinePointe Series WBP [SN 139781]  Site 1 Bias Flow is out of range.,,,,,,,,,,,,,,,,,,,,,,,,,
2025-12-30 10:25:11.175000,FinePointe Series WBP [SN 10499C]  Site 3 Bias Flow is out of range.,,,,,,,,,,,,,,,,,,,,,,,,,
2025-12-30 10:25:15.176000,9d,Toxicity,Original,,72.26644897460938,2.629976987838745,191.13619995117188,0.7416090369224548,1.0209100246429443,0.3682723343372345,11.153897285461426,10.01109790802002,7.078985691070557,0.42326170206069946,0.4104667901992798,0.5874168872833252,15.82265567779541,0,0.21253076195716858,13.678380966186523,18.612567901611328,37,25,30,66.66666412353516,
2025-12-30 10:25:15.176000,FinePointe Series WBP [SN 139781]  Site 3 Bias Flow is out of range.,,,,,,,,,,,,,,,,,,,,,,,,,
2025-12-30 10:25:19.175000,9d,Toxicity,Original,,75.0837631225586,1.8000075817108154,135.15135192871094,0.672926664352417,0.7238099575042725,0.7498239278793335,11.153897285461426,8.070009231567383,7.92148494720459,0.42035189270973206,0.3787555992603302,0.5512381792068481,17.61315155029297,0,0.22865045070648193,16.25550651550293,19.596973419189453,37,25,30,80,
2025-12-30 10:25:21.176000,9d,Toxicity,Original,,74.14079284667969,2.60621976852417,193.79855346679688,0.7810670137405396,0.8968910574913025,0.42317163944244385,11.153897285461426,9.086030006408691,7.5789031982421875,0.4869967997074127,0.3250895142555237,0.5949916243553162,11.303080558776855,0,0.18440945446491241,13.511819839477539,13.868237495422363,37,25,30,0,
2025-12-30 10:25:23.175000,9d,Toxicity,Original,,78.69757843017578,2.3463780879974365,184.23287963867188,0.7538025975227356,0.7850658893585205,0.286541610956192,11.153897285461426,9.104330062866211,7.933072090148926,0.4366212785243988,0.32671645283699036,0.6411521434783936,12.251148223876953,0,0.2045629471540451,16.42885971069336,12.801505088806152,37,25,30,0,
2025-12-30 10:25:23.175000,FinePointe Series WBP [SN 139781]  Site 2 Bias Flow is out of range.,,,,,,,,,,,,,,,,,,,,,,,,,
2025-12-30 10:25:23.175000,FinePointe Series WBP [SN 139781]  Site 4 Bias Flow is out of range.,,,,,,,,,,,,,,,,,,,,,,,,,
2025-12-30 10:25:23.175000,FinePointe Series WBP [SN 139781]  Site 1 Bias Flow is out of range.,,,,,,,,,,,,,,,,,,,,,,,,,
2025-12-30 10:25:23.175000,FinePointe Series WBP [SN 139781]  Site 3 Bias Flow is out of range.,,,,,,,,,,,,,,,,,,,,,,,,,
2025-12-30 10:25:23.175000,FinePointe Series WBP [SN 10499C]  Site 3 Bias Flow is out of range.,,,,,,,,,,,,,,,,,,,,,,,,,
2025-12-30 10:25:25.176000,9d,Toxicity,Original,,73.99141693115234,1.8762222528457642,138.12384033203125,1.1551814079284668,0.8953455090522766,0.4545800983905792,11.153897285461426,7.488418102264404,8.986163139343262,0.44521626830101013,0.36803263425827026,0.7686005234718323,11.43651294708252,0,0.20822110772132874,16.28946304321289,15.763166427612305,37,25,30,0,
2025-12-30 10:25:27.175000,9d,Toxicity,Original,,161.73907470703125,2.760582685470581,446.49407958984375,0.20722198486328125,0.5333795547485352,0.7274643182754517,11.153897285461426,27.581125259399414,11.067584991455078,0.1592736542224884,0.21169422566890717,0.8963788747787476,24.602407455444336,0,0.14254838228225708,16.212987899780273,11.051738739013672,37,25,30,66.66666412353516,
2025-12-30 10:25:29.175000,9d,Toxicity,Original,,88.05050659179688,2.209228038787842,194.4467010498047,0.6717588901519775,0.8941155076026917,0.42635852098464966,11.153897285461426,13.692154884338379,9.582924842834473,0.3020164370536804,0.3861916959285736,0.805443525314331,11.372702598571777,0,0.2122466266155243,11.580677032470703,18.078271865844727,37,25,30,0,
2025-12-30 10:25:31.176000,9d,Toxicity,Original,,85.86772155761719,2.549567461013794,218.73532104492188,0.6402102112770081,0.8504827618598938,0.5011864304542542,11.153897285461426,11.203466415405273,8.124700546264648,0.3795875012874603,0.3205947279930115,0.6480607390403748,8.904853820800781,0,0.180020272731781,10.270791053771973,18.22624969482422,37,25,30,0,
2025-12-30 10:25:33.175000,9d,Toxicity,Original,,77.43049621582031,2.432722568511963,188.31576538085938,0.9319078922271729,1.0304055213928223,0.532349705696106,11.153897285461426,9.77621078491211,8.83716869354248,0.4096027612686157,0.3660365641117096,0.7401434183120728,8.861272811889648,0,0.1884133368730545,9.9781494140625,18.125873565673828,37,25,30,0,
2025-12-30 10:25:33.175000,FinePointe Series WBP [SN 139781]  Site 2 Bias Flow is out of range.,,,,,,,,,,,,,,,,,,,,,,,,,
2025-12-30 10:25:33.175000,FinePointe Series WBP [SN 139781]  Site 4 Bias Flow is out of range.,,,,,,,,,,,,,,,,,,,,,,,,,
2025-12-30 10:25:33.175000,FinePointe Series WBP [SN 139781]  Site 1 Bias Flow is out of range.,,,,,,,,,,,,,,,,,,,,,,,,,
2025-12-30 10:25:33.175000,FinePointe Series WBP [SN 139781]  Site 3 Bias Flow is out of range.,,,,,,,,,,,,,,,,,,,,,,,,,
2025-12-30 10:25:33.175000,FinePointe Series WBP [SN 10499C]  Site 3 Bias Flow is out of range.,,,,,,,,,,,,,,,,,,,,,,,,,
2025-12-30 10:25:35.175000,9d,Toxicity,Original,,82.21784973144531,2.101046562194824,172.84478759765625,0.9712089896202087,0.8357893228530884,0.4505889117717743,11.153897285461426,8.835003852844238,9.592520713806152,0.38186997175216675,0.348043292760849,0.700295627117157,11.805992126464844,0,0.20322611927986145,12.610114097595215,14.669073104858398,37,25,30,0,
2025-12-30 10:25:37.176000,9d,Toxicity,Original,,82.66414642333984,2.183772325515747,180.30377197265625,0.8260182738304138,0.8095885515213013,0.4350811243057251,11.153897285461426,9.387231826782227,9.936285018920898,0.39027032256126404,0.33584022521972656,0.8596817255020142,18.08297348022461,0,0.2076375037431717,15.02695083618164,13.511975288391113,37,25,30,0,
2025-12-30 10:25:39.175000,9d,Toxicity,Original,,82.66129302978516,2.3540096282958984,194.212646484375,0.9072166085243225,0.9358136057853699,0.3998225927352905,11.153897285461426,9.368223190307617,8.407517433166504,0.41619327664375305,0.3114657402038574,0.6882437467575073,10.287116050720215,0,0.17658695578575134,14.734295845031738,17.539670944213867,37,25,30,0,
2025-12-30 10:25:41.176000,9d,Toxicity,Original,,78.95802307128906,2.1210927963256836,167.47686767578125,1.087045669555664,1.0302886962890625,0.3860960304737091,11.153897285461426,8.064674377441406,7.832632064819336,0.41377031803131104,0.346127986907959,0.6697889566421509,7.904803276062012,0,0.17780053615570068,9.454288482666016,19.262554168701172,37,25,30,0,
2025-12-30 10:25:43.175000,9d,Toxicity,Original,,79.96958923339844,2.161024332046509,172.77911376953125,0.9093133211135864,0.9211295247077942,0.4430427551269531,11.153897285461426,9.26805591583252,8.924901008605957,0.4140097498893738,0.3381480872631073,0.733724057674408,9.570440292358398,0,0.18440723419189453,12.32486629486084,17.97671127319336,37,25,30,0,
2025-12-30 10:25:43.175000,FinePointe Series WBP [SN 139781]  Site 2 Bias Flow is out of range.,,,,,,,,,,,,,,,,,,,,,,,,,
2025-12-30 10:25:45.175000,9d,Toxicity,Original,,83.27449798583984,2.0302391052246094,169.0387420654297,1.0586012601852417,1.023087978363037,0.33431512117385864,11.153897285461426,8.811647415161133,8.586134910583496,0.3747097849845886,0.3461972177028656,0.7061837315559387,8.406064987182617,0,0.17892427742481232,10.38747787475586,18.911230087280273,37,25,30,0,
2025-12-30 10:25:45.175000,FinePointe Series WBP [SN 139781]  Site 4 Bias Flow is out of range.,,,,,,,,,,,,,,,,,,,,,,,,,
2025-12-30 10:25:45.175000,FinePointe Series WBP [SN 139781]  Site 1 Bias Flow is out of range.,,,,,,,,,,,,,,,,,,,,,,,,,
2025-12-30 10:25:45.175000,FinePointe Series WBP [SN 139781]  Site 3 Bias Flow is out of range.,,,,,,,,,,,,,,,,,,,,,,,,,
2025-12-30 10:25:45.175000,FinePointe Series WBP [SN 10499C]  Site 3 Bias Flow is out of range.,,,,,,,,,,,,,,,,,,,,,,,,,
2025-12-30 10:25:47.176000,9d,Toxicity,Original,,84.3255615234375,2.081512212753296,175.49351501464844,1.1372946500778198,1.0641435384750366,0.401424378156662,11.153897285461426,8.59660530090332,8.494691848754883,0.3623182475566864,0.34933969378471375,0.7437503933906555,8.85919189453125,0,0.17716296017169952,9.445853233337402,19.6507625579834,37,25,30,0,
2025-12-30 10:25:49.175000,9d,Toxicity,Original,,81.79364013671875,2.2123477458953857,180.6387176513672,1.1475553512573242,1.1201956272125244,0.432623028755188,11.153897285461426,8.872802734375,8.89395809173584,0.3792005181312561,0.35530346632003784,0.7960350513458252,8.525888442993164,0,0.17681977152824402,10.196550369262695,20.550031661987305,37,25,30,0,
2025-12-30 10:25:51.175000,9d,Toxicity,Original,,83.61275482177734,2.0238335132598877,169.3463134765625,1.0158624649047852,0.9850677847862244,0.3708461821079254,11.153897285461426,8.690741539001465,8.386102676391602,0.36668187379837036,0.35115742683410645,0.6753262877464294,8.902095794677734,0,0.1851871907711029,11.429574012756348,19.100379943847656,37,25,30,0,
2025-12-30 10:25:53.176000,9d,Toxicity,Original,,84.55166625976562,2.102738857269287,177.7841796875,1.0088222026824951,0.9309676885604858,0.35736772418022156,11.153897285461426,8.838066101074219,8.86008358001709,0.38744473457336426,0.3221835792064667,0.760758101940155,8.53434944152832,0,0.17453694343566895,11.499468803405762,18.180503845214844,37,25,30,0,
2025-12-30 10:25:53.176000,FinePointe Series WBP [SN 139781]  Site 2 Bias Flow is out of range.,,,,,,,,,,,,,,,,,,,,,,,,,
2025-12-30 10:25:53.176000,FinePointe Series WBP [SN 139781]  Site 4 Bias Flow is out of range.,,,,,,,,,,,,,,,,,,,,,,,,,
2025-12-30 10:25:55.175000,9d,Toxicity,Original,,80.35834503173828,2.1868093013763428,175.66392517089844,1.0100719928741455,1.0148762464523315,0.3764498233795166,11.153897285461426,8.888357162475586,8.176823616027832,0.3993012309074402,0.34766945242881775,0.7169137597084045,8.719733238220215,0,0.18034958839416504,10.992849349975586,17.698793411254883,37,25,30,0,
2025-12-30 10:25:55.175000,FinePointe Series WBP [SN 139781]  Site 1 Bias Flow is out of range.,,,,,,,,,,,,,,,,,,,,,,,,,
2025-12-30 10:25:55.175000,FinePointe Series WBP [SN 139781]  Site 3 Bias Flow is out of range.,,,,,,,,,,,,,,,,,,,,,,,,,
2025-12-30 10:25:55.175000,FinePointe Series WBP [SN 10499C]  Site 3 Bias Flow is out of range.,,,,,,,,,,,,,,,,,,,,,,,,,
2025-12-30 10:25:57.175000,9d,Toxicity,Original,,82.82931518554688,2.2394356727600098,185.374267578125,1.0992519855499268,0.9449771642684937,0.33200639486312866,11.153897285461426,8.650699615478516,8.866397857666016,0.3899160623550415,0.33455681800842285,0.7201721668243408,9.750239372253418,0,0.18002799153327942,9.993896484375,16.052249908447266,37,25,30,0,
2025-12-30 10:25:59.176000,9d,Toxicity,Original,,81.80955505371094,1.995064377784729,163.13885498046875,1.1449404954910278,0.9514700174331665,0.3519369661808014,11.153897285461426,7.85139799118042,8.935596466064453,0.4016667902469635,0.3318077325820923,0.7392047643661499,10.835780143737793,0,0.1828717589378357,12.922243118286133,15.747961044311523,37,25,30,0,
2025-12-30 10:26:01.175000,9d,Toxicity,Original,,80.62468719482422,2.0458714962005615,164.9296417236328,1.3169430494308472,1.0330841541290283,0.2870708703994751,11.153897285461426,8.016569137573242,9.585128784179688,0.4172980487346649,0.32780399918556213,0.7322887778282166,8.72127914428711,0,0.16889099776744843,12.67316722869873,17.8426456451416,37,25,30,0,
2025-12-30 10:26:03.176000,9d,Toxicity,Original,,79.27713775634766,2.2317800521850586,176.66873168945312,0.9251912832260132,0.927121639251709,0.5522359609603882,11.153897285461426,8.944476127624512,8.789875030517578,0.43509185314178467,0.3222694396972656,0.748870313167572,8.815311431884766,0,0.17588499188423157,12.69117546081543,18.807231903076172,37,25,30,0,
2025-12-30 10:26:03.176000,FinePointe Series WBP [SN 139781]  Site 2 Bias Flow is out of range.,,,,,,,,,,,,,,,,,,,,,,,,,
2025-12-30 10:26:03.176000,FinePointe Series WBP [SN 139781]  Site 4 Bias Flow is out of range.,,,,,,,,,,,,,,,,,,,,,,,,,
2025-12-30 10:26:05.175000,9d,Toxicity,Original,,82.5156021118164,2.0465166568756104,168.809814453125,1.2255516052246094,1.1336188316345215,0.3702349364757538,11.153897285461426,8.135963439941406,8.339179992675781,0.3775210678577423,0.34967750310897827,0.7000488042831421,7.475177764892578,0,0.1700039654970169,9.20033073425293,20.347373962402344,37,25,30,0,
2025-12-30 10:26:05.175000,FinePointe Series WBP [SN 139781]  Site 1 Bias Flow is out of range.,,,,,,,,,,,,,,,,,,,,,,,,,
2025-12-30 10:26:05.175000,FinePointe Series WBP [SN 139781]  Site 3 Bias Flow is out of range.,,,,,,,,,,,,,,,,,,,,,,,,,
2025-12-30 10:26:05.175000,FinePointe Series WBP [SN 10499C]  Site 3 Bias Flow is out of range.,,,,,,,,,,,,,,,,,,,,,,,,,
2025-12-30 10:26:07.175000,9d,Toxicity,Original,,84.20345306396484,1.9556846618652344,164.82395935058594,1.1902364492416382,0.9938820600509644,0.34718069434165955,11.153897285461426,8.16479778289795,8.741190910339355,0.3821687698364258,0.33403515815734863,0.751283586025238,9.824301719665527,0,0.1758287400007248,12.548042297363281,18.904521942138672,37,25,30,0,
2025-12-30 10:26:09.176000,9d,Toxicity,Original,,82.09294128417969,1.9323439598083496,158.40066528320312,1.3565363883972168,1.1417862176895142,0.27199405431747437,11.153897285461426,7.9647603034973145,8.697686195373535,0.38215112686157227,0.3494170904159546,0.6430675387382507,7.962074279785156,0,0.16982555389404297,8.891393661499023,18.775802612304688,37,25,30,0,
2025-12-30 10:26:11.175000,9d,Toxicity,Original,,82.54684448242188,2.1600723266601562,178.27520751953125,0.9466086626052856,1.1028103828430176,0.428705096244812,11.153897285461426,9.702302932739258,8.174129486083984,0.3771224319934845,0.3497704565525055,0.7293493747711182,9.18667984008789,0,0.1734069436788559,11.536057472229004,23.07171058654785,37,25,30,0,
2025-12-30 10:26:13.175000,9d,Toxicity,Original,,80.06070709228516,2.1533732414245605,172.16957092285156,1.0685614347457886,1.0174846649169922,0.3347731828689575,11.153897285461426,9.125835418701172,8.748008728027344,0.40173250436782837,0.349532812833786,0.7269920706748962,10.08135986328125,0,0.18577785789966583,13.585732460021973,16.46854019165039,37,25,30,0,
2025-12-30 10:26:13.175000,FinePointe Series WBP [SN 139781]  Site 2 Bias Flow is out of range.,,,,,,,,,,,,,,,,,,,,,,,,,
2025-12-30 10:26:13.175000,FinePointe Series WBP [SN 139781]  Site 4 Bias Flow is out of range.,,,,,,,,,,,,,,,,,,,,,,,,,
2025-12-30 10:26:13.175000,FinePointe Series WBP [SN 10499C]  Site 3 Bias Flow is out of range.,,,,,,,,,,,,,,,,,,,,,,,,,
2025-12-30 10:26:15.176000,9d,Toxicity,Original,,85.35836791992188,2.3158621788024902,197.17938232421875,0.6963977217674255,0.8209102153778076,0.38665950298309326,11.153897285461426,11.471832275390625,9.516282081604004,0.3694422245025635,0.3347645401954651,0.785446047782898,13.037156105041504,0,0.19701668620109558,17.74333381652832,16.579998016357422,37,25,30,0,
2025-12-30 10:26:15.176000,FinePointe Series WBP [SN 139781]  Site 1 Bias Flow is out of range.,,,,,,,,,,,,,,,,,,,,,,,,,
2025-12-30 10:26:15.176000,FinePointe Series WBP [SN 139781]  Site 3 Bias Flow is out of range.,,,,,,,,,,,,,,,,,,,,,,,,,
2025-12-30 10:26:17.175000,9d,Toxicity,Original,,82.42085266113281,2.2219862937927246,182.97520446777344,1.007629632949829,0.9672152400016785,0.23962688446044922,11.153897285461426,9.210418701171875,8.506973266601562,0.40748050808906555,0.3208972215652466,0.7195924520492554,9.0971097946167,0,0.1704634130001068,11.086380958557129,18.486629486083984,37,25,30,0,
2025-12-30 10:26:19.176000,9d,Toxicity,Original,,81.72406005859375,2.1352951526641846,174.42532348632812,1.0053693056106567,0.8807265758514404,0.5299863815307617,11.153897285461426,7.504048824310303,8.728858947753906,0.41879844665527344,0.3159047067165375,0.7557474374771118,9.565963745117188,0,0.17616719007492065,11.288080215454102,14.674778938293457,37,25,30,0,
2025-12-30 10:26:21.175000,9d,Toxicity,Original,,84.97330474853516,2.0570430755615234,174.13246154785156,0.8621804714202881,0.8328263163566589,0.43015992641448975,11.153897285461426,9.21668529510498,8.934370040893555,0.40105247497558594,0.30686327815055847,0.7301324605941772,10.663832664489746,0,0.18102189898490906,15.817791938781738,17.346878051757812,37,25,30,0,
2025-12-30 10:26:23.175000,9d,Toxicity,Original,,83.61253356933594,1.9889084100723267,166.3087615966797,1.0967779159545898,0.9775980710983276,0.32067322731018066,11.153897285461426,8.471827507019043,8.901676177978516,0.40466737747192383,0.3146008551120758,0.7346919178962708,7.930860996246338,0,0.16810302436351776,11.704980850219727,19.18806266784668,37,25,30,0,
2025-12-30 10:26:23.175000,FinePointe Series WBP [SN 139781]  Site 2 Bias Flow is out of range.,,,,,,,,,,,,,,,,,,,,,,,,,
2025-12-30 10:26:23.175000,FinePointe Series WBP [SN 139781]  Site 4 Bias Flow is out of range.,,,,,,,,,,,,,,,,,,,,,,,,,
2025-12-30 10:26:23.175000,FinePointe Series WBP [SN 139781]  Site 1 Bias Flow is out of range.,,,,,,,,,,,,,,,,,,,,,,,,,
2025-12-30 10:26:23.175000,FinePointe Series WBP [SN 10499C]  Site 3 Bias Flow is out of range.,,,,,,,,,,,,,,,,,,,,,,,,,
2025-12-30 10:26:25.176000,9d,Toxicity,Original,,87.23470306396484,1.984069585800171,173.27882385253906,1.065502643585205,1.0096149444580078,0.4227582812309265,11.153897285461426,8.397034645080566,8.666711807250977,0.3834376037120819,0.3050362467765808,0.7499324679374695,9.235840797424316,0,0.16175636649131775,13.09472370147705,19.91329002380371,37,25,30,0,
2025-12-30 10:26:25.176000,FinePointe Series WBP [SN 139781]  Site 3 Bias Flow is out of range.,,,,,,,,,,,,,,,,,,,,,,,,,
2025-12-30 10:26:27.175000,9d,Toxicity,Original,,88.47355651855469,1.8679144382476807,165.34596252441406,1.1739602088928223,0.9095150828361511,0.4390332102775574,11.153897285461426,8.063844680786133,9.53659725189209,0.39171409606933594,0.2868415415287018,0.798395037651062,7.97544002532959,0,0.15714900195598602,11.353647232055664,17.906476974487305,37,25,30,0,
2025-12-30 10:26:29.175000,9d,Toxicity,Original,,84.08451843261719,2.106529474258423,177.05235290527344,1.0179874897003174,0.8667747974395752,0.5384172797203064,11.153897285461426,8.380287170410156,8.879596710205078,0.42020922899246216,0.2934597432613373,0.7554543018341064,8.498432159423828,0,0.1671326607465744,13.413304328918457,18.1734619140625,37,25,30,0,
2025-12-30 10:26:31.176000,9d,Toxicity,Original,,86.0755386352539,1.9736908674240112,169.92051696777344,1.0888257026672363,0.8614271879196167,0.3640708327293396,11.153897285461426,8.178789138793945,9.322826385498047,0.41050097346305847,0.2866634428501129,0.7466390132904053,7.600168704986572,0,0.16117168962955475,10.606809616088867,16.27046012878418,37,25,30,0,
2025-12-30 10:26:33.175000,9d,Toxicity,Original,,84.58633422851562,2.11710786819458,179.53265380859375,0.7231031060218811,0.7369896173477173,0.640813410282135,11.153897285461426,9.533102035522461,9.485057830810547,0.4084145724773407,0.3050850033760071,0.7784149646759033,11.69116497039795,0,0.18707534670829773,14.57472038269043,12.91362476348877,37,25,30,0,
2025-12-30 10:26:33.175000,FinePointe Series WBP [SN 139781]  Site 2 Bias Flow is out of range.,,,,,,,,,,,,,,,,,,,,,,,,,
2025-12-30 10:26:33.175000,FinePointe Series WBP [SN 139781]  Site 4 Bias Flow is out of range.,,,,,,,,,,,,,,,,,,,,,,,,,
2025-12-30 10:26:33.175000,FinePointe Series WBP [SN 139781]  Site 1 Bias Flow is out of range.,,,,,,,,,,,,,,,,,,,,,,,,,
2025-12-30 10:26:33.175000,FinePointe Series WBP [SN 139781]  Site 3 Bias Flow is out of range.,,,,,,,,,,,,,,,,,,,,,,,,,
2025-12-30 10:26:33.175000,FinePointe Series WBP [SN 10499C]  Site 3 Bias Flow is out of range.,,,,,,,,,,,,,,,,,,,,,,,,,
2025-12-30 10:26:35.176000,9d,Toxicity,Original,,85.8198471069336,2.431709051132202,205.95944213867188,0.6618991494178772,0.7279044389724731,0.4551401436328888,11.153897285461426,10.52990436553955,10.28854751586914,0.39806175231933594,0.30864232778549194,0.8813636898994446,12.42890453338623,0,0.19043929874897003,19.803178787231445,10.541526794433594,37,25,30,0,
2025-12-30 10:26:37.175000,9d,Toxicity,Original,,93.29766082763672,2.2782986164093018,212.72714233398438,0.6135817170143127,0.7882965207099915,0.48354414105415344,11.153897285461426,12.047006607055664,8.965108871459961,0.33314672112464905,0.31248965859413147,0.7753620147705078,12.372011184692383,0,0.184109628200531,16.216917037963867,13.279574394226074,37,25,30,0,
2025-12-30 10:26:39.175000,9d,Toxicity,Original,,91.0859603881836,2.0943658351898193,190.7401123046875,0.8772809505462646,0.8113290667533875,0.5336371064186096,11.153897285461426,8.971494674682617,9.888813018798828,0.3698701560497284,0.2900107502937317,0.8577178120613098,10.522295951843262,0,0.1702839881181717,15.301432609558105,14.943058967590332,37,25,30,0,
2025-12-30 10:26:41.176000,9d,Toxicity,Original,,88.83355712890625,2.0885250568389893,185.5786590576172,0.8983833193778992,0.9248258471488953,0.4451925456523895,11.153897285461426,9.00012493133545,8.803868293762207,0.3727446496486664,0.3037233054637909,0.7681983113288879,10.118666648864746,0,0.16874933242797852,12.424318313598633,16.571664810180664,37,25,30,0,
2025-12-30 10:26:43.175000,9d,Toxicity,Original,,88.5711669921875,2.0900516510009766,184.65956115722656,0.8271300196647644,0.8021133542060852,0.47176995873451233,11.153897285461426,9.078898429870605,9.787836074829102,0.3675864040851593,0.31114843487739563,0.8412503004074097,12.200104713439941,0,0.18344834446907043,14.584583282470703,12.573978424072266,37,25,30,0,
2025-12-30 10:26:43.175000,FinePointe Series WBP [SN 139781]  Site 2 Bias Flow is out of range.,,,,,,,,,,,,,,,,,,,,,,,,,
2025-12-30 10:26:45.175000,9d,Toxicity,Original,,90.33158874511719,2.0064399242401123,181.2173309326172,0.9015563726425171,0.8588584065437317,0.45988741517066956,11.153897285461426,9.165680885314941,9.478168487548828,0.35684916377067566,0.30748528242111206,0.8175768256187439,12.106430053710938,0,0.17401164770126343,13.946539878845215,16.985897064208984,37,25,30,0,
2025-12-30 10:26:45.175000,FinePointe Series WBP [SN 139781]  Site 4 Bias Flow is out of range.,,,,,,,,,,,,,,,,,,,,,,,,,
2025-12-30 10:26:45.175000,FinePointe Series WBP [SN 139781]  Site 1 Bias Flow is out of range.,,,,,,,,,,,,,,,,,,,,,,,,,
2025-12-30 10:26:45.175000,FinePointe Series WBP [SN 139781]  Site 3 Bias Flow is out of range.,,,,,,,,,,,,,,,,,,,,,,,,,
2025-12-30 10:26:45.175000,FinePointe Series WBP [SN 10499C]  Site 3 Bias Flow is out of range.,,,,,,,,,,,,,,,,,,,,,,,,,
2025-12-30 10:26:47.176000,9d,Toxicity,Original,,83.59548950195312,2.176008939743042,181.7257843017578,0.7359809279441833,0.776776134967804,0.5073463916778564,11.153897285461426,9.186209678649902,9.061933517456055,0.41201895475387573,0.3073282539844513,0.7589721083641052,12.360642433166504,0,0.18753689527511597,17.66463279724121,12.035300254821777,37,25,30,0,
2025-12-30 10:26:49.175000,9d,Toxicity,Original,,95.34061431884766,2.2788705825805664,217.23817443847656,0.6082634329795837,0.7346624732017517,0.3740678131580353,11.153897285461426,12.304184913635254,10.03347110748291,0.3323742151260376,0.2970900237560272,0.8544241189956665,16.112178802490234,0,0.18340688943862915,18.559879302978516,15.17843246459961,37,25,30,0,
2025-12-30 10:26:51.175000,9d,Toxicity,Original,,81.33822631835938,2.0118184089660645,163.36221313476562,0.9696699976921082,0.8160101771354675,0.534229040145874,11.153897285461426,7.28621768951416,8.659675598144531,0.4405902028083801,0.303069531917572,0.7408074736595154,9.995074272155762,0,0.1780441850423813,13.465157508850098,13.520495414733887,37,25,30,0,
2025-12-30 10:26:53.176000,9d,Toxicity,Original,,84.6449966430664,1.9409980773925781,164.33262634277344,0.8155611753463745,0.8083319664001465,0.5744107365608215,11.153897285461426,7.892635345458984,8.113921165466309,0.4108407497406006,0.2980223596096039,0.6905233263969421,8.515157699584961,0,0.17364804446697235,13.15627670288086,14.956705093383789,37,25,30,0,
2025-12-30 10:26:53.176000,FinePointe Series WBP [SN 139781]  Site 2 Bias Flow is out of range.,,,,,,,,,,,,,,,,,,,,,,,,,
2025-12-30 10:26:55.175000,9d,Toxicity,Original,,88.8500747680664,1.8752431869506836,166.6092071533203,1.13677978515625,0.8694713711738586,0.46647924184799194,11.153897285461426,7.5104851722717285,9.340985298156738,0.3874358832836151,0.2882133424282074,0.7587016820907593,8.879697799682617,0,0.16171377897262573,11.583576202392578,14.489951133728027,37,25,30,0,
2025-12-30 10:26:55.175000,FinePointe Series WBP [SN 139781]  Site 4 Bias Flow is out of range.,,,,,,,,,,,,,,,,,,,,,,,,,
2025-12-30 10:26:55.175000,FinePointe Series WBP [SN 139781]  Site 1 Bias Flow is out of range.,,,,,,,,,,,,,,,,,,,,,,,,,
2025-12-30 10:26:55.175000,FinePointe Series WBP [SN 139781]  Site 3 Bias Flow is out of range.,,,,,,,,,,,,,,,,,,,,,,,,,
2025-12-30 10:26:55.175000,FinePointe Series WBP [SN 10499C]  Site 3 Bias Flow is out of range.,,,,,,,,,,,,,,,,,,,,,,,,,
2025-12-30 10:26:57.176000,9d,Toxicity,Original,,88.64633178710938,1.9126116037368774,169.56155395507812,0.998891294002533,0.8561097979545593,0.4097399115562439,11.153897285461426,8.007678031921387,8.58238410949707,0.3868681788444519,0.2915451228618622,0.7383863925933838,8.042173385620117,0,0.16333341598510742,13.146405220031738,16.414764404296875,37,25,30,0,
2025-12-30 10:26:59.175000,9d,Toxicity,Original,,81.84417724609375,2.0538854598999023,168.162841796875,0.7942577600479126,0.7982046604156494,0.3095496892929077,11.153897285461426,8.848299980163574,8.531318664550781,0.4228288233280182,0.3107106685638428,0.7344617247581482,16.026500701904297,0,0.20198781788349152,15.764259338378906,14.028024673461914,37,25,30,0,
2025-12-30 10:27:01.175000,9d,Toxicity,Original,,86.9031753540039,2.0918350219726562,181.44984436035156,0.8185744881629944,0.8190922141075134,0.4274218678474426,11.153897285461426,8.611616134643555,8.243036270141602,0.38416263461112976,0.3100970983505249,0.7018713355064392,11.794093132019043,0,0.18138942122459412,14.052983283996582,13.439970970153809,37,25,30,0,
2025-12-30 10:27:03.176000,9d,Toxicity,Original,,87.9535903930664,2.130789279937744,187.25054931640625,0.8858815431594849,0.8634679317474365,0.33308497071266174,11.153897285461426,8.362686157226562,8.7039213180542,0.380586177110672,0.30222398042678833,0.685470461845398,10.159503936767578,0,0.17515072226524353,13.733610153198242,16.65509605407715,37,25,30,0,
2025-12-30 10:27:03.176000,FinePointe Series WBP [SN 139781]  Site 2 Bias Flow is out of range.,,,,,,,,,,,,,,,,,,,,,,,,,
2025-12-30 10:27:03.176000,FinePointe Series WBP [SN 139781]  Site 4 Bias Flow is out of range.,,,,,,,,,,,,,,,,,,,,,,,,,
2025-12-30 10:27:05.175000,9d,Toxicity,Original,,90.60124969482422,2.107941150665283,191.08224487304688,0.8737366199493408,0.7813940048217773,0.39312347769737244,11.153897285461426,9.150578498840332,10.223793983459473,0.38686805963516235,0.27561235427856445,0.8538773059844971,14.372498512268066,0,0.18642117083072662,16.934228897094727,15.378668785095215,37,25,30,25,
2025-12-30 10:27:05.175000,FinePointe Series WBP [SN 139781]  Site 1 Bias Flow is out of range.,,,,,,,,,,,,,,,,,,,,,,,,,
2025-12-30 10:27:05.175000,FinePointe Series WBP [SN 139781]  Site 3 Bias Flow is out of range.,,,,,,,,,,,,,,,,,,,,,,,,,
2025-12-30 10:27:05.175000,FinePointe Series WBP [SN 10499C]  Site 3 Bias Flow is out of range.,,,,,,,,,,,,,,,,,,,,,,,,,
2025-12-30 10:27:07.175000,9d,Toxicity,Original,,88.97067260742188,1.9779082536697388,176.35012817382812,0.8420142531394958,0.8593866229057312,0.50766921043396,11.153897285461426,8.92597770690918,9.134339332580566,0.3699255585670471,0.30501940846443176,0.7802053093910217,10.372467041015625,0,0.17189908027648926,13.888978004455566,15.995431900024414,37,25,30,0,
2025-12-30 10:27:09.176000,9d,Toxicity,Original,,81.37335205078125,1.960832953453064,159.52635192871094,0.8098326325416565,0.8026615381240845,0.35606348514556885,11.153897285461426,8.747859001159668,7.9715447425842285,0.3875490427017212,0.37042948603630066,0.6588833928108215,8.218151092529297,0,0.21290598809719086,11.17919921875,14.386399269104004,37,25,30,0,
2025-12-30 10:27:11.175000,9d,Toxicity,Original,,89.12164306640625,1.9633219242095947,174.97447204589844,0.6154004335403442,0.6325628757476807,0.7650966644287109,11.153897285461426,9.929123878479004,9.132399559020996,0.36477941274642944,0.30845773220062256,0.6917301416397095,13.597916603088379,0,0.20447392761707306,16.57086181640625,9.858325958251953,37,25,30,0,
2025-12-30 10:27:11.175000,FinePointe Series WBP [SN 139781]  Site 2 Bias Flow is out of range.,,,,,,,,,,,,,,,,,,,,,,,,,
2025-12-30 10:27:11.175000,FinePointe Series WBP [SN 139781]  Site 4 Bias Flow is out of range.,,,,,,,,,,,,,,,,,,,,,,,,,
2025-12-30 10:27:15.175000,9d,Toxicity,Original,,96.03599548339844,2.442193031311035,234.70985412597656,0.3558381497859955,0.6035439372062683,0.7049476504325867,11.153897285461426,13.44754409790039,9.609155654907227,0.29409781098365784,0.33075404167175293,0.7028158903121948,18.48531723022461,0,0.2170892357826233,14.15049934387207,8.175600051879883,37,25,30,66.66666412353516,
2025-12-30 10:27:15.175000,FinePointe Series WBP [SN 139781]  Site 1 Bias Flow is out of range.,,,,,,,,,,,,,,,,,,,,,,,,,
2025-12-30 10:27:15.175000,FinePointe Series WBP [SN 139781]  Site 3 Bias Flow is out of range.,,,,,,,,,,,,,,,,,,,,,,,,,
2025-12-30 10:27:15.175000,FinePointe Series WBP [SN 10499C]  Site 3 Bias Flow is out of range.,,,,,,,,,,,,,,,,,,,,,,,,,
2025-12-30 10:27:17.175000,9d,Toxicity,Original,,91.61247253417969,2.3287875652313232,213.69610595703125,0.6186789274215698,0.7491664886474609,0.48295098543167114,11.153897285461426,10.428150177001953,8.104511260986328,0.3797342777252197,0.2754437327384949,0.6976844668388367,11.214855194091797,0,0.16496574878692627,14.614582061767578,13.518868446350098,37,25,30,50,
2025-12-30 10:27:19.176000,9d,Toxicity,Original,,89.2051010131836,2.027355670928955,180.63111877441406,0.6289648413658142,0.6210694909095764,0.5742974281311035,11.153897285461426,9.42182731628418,9.710036277770996,0.35980331897735596,0.3138616979122162,0.8526588082313538,19.266042709350586,0,0.20990833640098572,18.87887191772461,9.24356460571289,37,25,30,0,
2025-12-30 10:27:21.175000,9d,Toxicity,Original,,90.30792999267578,1.9006805419921875,171.6465301513672,0.7809516787528992,0.6781715750694275,0.30601581931114197,11.153897285461426,9.460009574890137,10.13998031616211,0.3702910542488098,0.29410243034362793,0.7736387252807617,13.906216621398926,0,0.1895969808101654,21.089330673217773,11.163057327270508,37,25,30,75,
2025-12-30 10:27:23.175000,9d,Toxicity,Original,,81.63687133789062,2.3073599338531494,187.53598022460938,0.6068222522735596,0.6746840476989746,0.6572123765945435,11.153897285461426,10.536283493041992,10.3336763381958,0.4124947190284729,0.3227716386318207,0.8651922941207886,12.074310302734375,0,0.20805126428604126,21.813709259033203,9.017753601074219,37,25,30,0,
2025-12-30 10:27:23.175000,FinePointe Series WBP [SN 139781]  Site 2 Bias Flow is out of range.,,,,,,,,,,,,,,,,,,,,,,,,,
2025-12-30 10:27:23.175000,FinePointe Series WBP [SN 139781]  Site 4 Bias Flow is out of range.,,,,,,,,,,,,,,,,,,,,,,,,,
2025-12-30 10:27:23.175000,FinePointe Series WBP [SN 10499C]  Site 3 Bias Flow is out of range.,,,,,,,,,,,,,,,,,,,,,,,,,
2025-12-30 10:27:25.176000,9d,Toxicity,Original,,98.30852508544922,2.390455961227417,233.9464874267578,0.4499998390674591,0.6576559543609619,0.5964281558990479,11.153897285461426,12.967599868774414,9.407612800598145,0.3335333466529846,0.28249460458755493,0.7772811651229858,16.148624420166016,0,0.18021762371063232,19.078760147094727,10.94390869140625,37,25,30,0,
2025-12-30 10:27:25.176000,FinePointe Series WBP [SN 139781]  Site 1 Bias Flow is out of range.,,,,,,,,,,,,,,,,,,,,,,,,,
2025-12-30 10:27:25.176000,FinePointe Series WBP [SN 139781]  Site 3 Bias Flow is out of range.,,,,,,,,,,,,,,,,,,,,,,,,,
2025-12-30 10:27:27.175000,9d,Toxicity,Original,,95.51399993896484,2.196627616882324,210.1299285888672,0.4676017463207245,0.6568911671638489,0.588527262210846,11.153897285461426,11.93901252746582,8.930238723754883,0.337044358253479,0.29370951652526855,0.7150086760520935,15.856986045837402,0,0.1869538575410843,18.368852615356445,12.292696952819824,37,25,30,0,
2025-12-30 10:27:29.176000,9d,Toxicity,Original,,93.19072723388672,2.2576823234558105,209.91676330566406,0.6430339217185974,0.7334230542182922,0.538587749004364,11.153897285461426,10.925847053527832,10.588699340820312,0.3526547849178314,0.29484841227531433,0.9053789973258972,14.497662544250488,0,0.18221154808998108,18.806854248046875,11.926677703857422,37,25,30,0,
2025-12-30 10:27:31.175000,9d,Toxicity,Original,,93.09484100341797,1.9282715320587158,179.5565643310547,0.7909442782402039,0.6812340021133423,0.46709921956062317,11.153897285461426,8.706584930419922,9.539009094238281,0.35114121437072754,0.29535573720932007,0.7727348208427429,17.585824966430664,0,0.18976126611232758,16.477720260620117,9.758382797241211,37,25,30,0,
2025-12-30 10:27:33.175000,9d,Toxicity,Original,,90.03825378417969,2.0105180740356445,179.74221801757812,0.6118701696395874,0.6386085152626038,0.6827781796455383,11.153897285461426,8.998779296875,9.794336318969727,0.36384543776512146,0.30767711997032166,0.7536773681640625,14.810224533081055,0,0.20053404569625854,15.6323823928833,9.500804901123047,37,25,30,0,
2025-12-30 10:27:33.175000,FinePointe Series WBP [SN 139781]  Site 2 Bias Flow is out of range.,,,,,,,,,,,,,,,,,,,,,,,,,
2025-12-30 10:27:33.175000,FinePointe Series WBP [SN 139781]  Site 4 Bias Flow is out of range.,,,,,,,,,,,,,,,,,,,,,,,,,
2025-12-30 10:27:33.175000,FinePointe Series WBP [SN 139781]  Site 1 Bias Flow is out of range.,,,,,,,,,,,,,,,,,,,,,,,,,
2025-12-30 10:27:33.175000,FinePointe Series WBP [SN 10499C]  Site 3 Bias Flow is out of range.,,,,,,,,,,,,,,,,,,,,,,,,,
2025-12-30 10:27:35.176000,9d,Toxicity,Original,,108.23143768310547,2.161391019821167,233.7720184326172,0.5362055897712708,0.6336336135864258,0.6347602009773254,11.153897285461426,11.817138671875,10.511922836303711,0.29724156856536865,0.2575668394565582,0.9131597876548767,15.946496963500977,0,0.16857598721981049,18.847858428955078,9.428393363952637,37,25,30,0,
2025-12-30 10:27:35.176000,FinePointe Series WBP [SN 139781]  Site 3 Bias Flow is out of range.,,,,,,,,,,,,,,,,,,,,,,,,,
2025-12-30 10:27:37.175000,9d,Toxicity,Original,,162.66018676757812,1.992108702659607,324.0491943359375,0.3820033669471741,0.4951607584953308,0.7493008375167847,11.153897285461426,17.90760612487793,13.755047798156738,0.17323295772075653,0.19588589668273926,1.081969976425171,13.234053611755371,0,0.13569015264511108,17.905378341674805,9.1351957321167,37,25,30,57.14285659790039,
2025-12-30 10:27:39.175000,9d,Toxicity,Original,,190.99957275390625,1.6749482154846191,319.422119140625,0.4131714701652527,0.5169905424118042,0.7430529594421387,11.153897285461426,15.739652633666992,13.08568000793457,0.15873652696609497,0.1556749939918518,1.0564690828323364,8.991844177246094,0,0.10527382791042328,16.441207885742188,10.133306503295898,37,25,30,50,
2025-12-30 10:27:41.176000,9d,Toxicity,Original,,108.75169372558594,2.376389980316162,258.4364318847656,0.5075931549072266,0.6835119128227234,0.40512675046920776,11.153897285461426,12.001513481140137,8.830575942993164,0.3344995975494385,0.21721597015857697,0.7628116607666016,12.003854751586914,0,0.13591432571411133,17.93008041381836,12.118560791015625,37,25,30,66.66666412353516,
2025-12-30 10:27:43.175000,9d,Toxicity,Original,,95.10969543457031,2.249203681945801,214.4044189453125,0.569514274597168,0.6010501384735107,0.6578599214553833,11.153897285461426,9.819475173950195,10.98408317565918,0.3871152400970459,0.25029507279396057,0.9031031131744385,12.680068969726562,0,0.16965416073799133,21.075504302978516,11.574342727661133,37,25,30,60,
2025-12-30 10:27:43.175000,FinePointe Series WBP [SN 139781]  Site 2 Bias Flow is out of range.,,,,,,,,,,,,,,,,,,,,,,,,,
2025-12-30 10:27:43.175000,FinePointe Series WBP [SN 139781]  Site 4 Bias Flow is out of range.,,,,,,,,,,,,,,,,,,,,,,,,,
2025-12-30 10:27:43.175000,FinePointe Series WBP [SN 139781]  Site 1 Bias Flow is out of range.,,,,,,,,,,,,,,,,,,,,,,,,,
2025-12-30 10:27:43.175000,FinePointe Series WBP [SN 139781]  Site 3 Bias Flow is out of range.,,,,,,,,,,,,,,,,,,,,,,,,,
2025-12-30 10:27:43.175000,FinePointe Series WBP [SN 10499C]  Site 3 Bias Flow is out of range.,,,,,,,,,,,,,,,,,,,,,,,,,
2025-12-30 10:27:45.175000,9d,Toxicity,Original,,102.0080795288086,1.8796366453170776,191.7381134033203,0.7968229651451111,0.6142133474349976,0.6956366300582886,11.153897285461426,8.9327974319458,12.62214469909668,0.34380823373794556,0.24438045918941498,1.0871613025665283,12.407249450683594,0,0.16127024590969086,18.52110481262207,10.439522743225098,37,25,30,0,
2025-12-30 10:27:47.176000,9d,Toxicity,Original,,98.52870178222656,1.6873961687088013,165.95037841796875,0.9126687049865723,0.6541138291358948,0.45339393615722656,11.153897285461426,8.207639694213867,11.587657928466797,0.35652410984039307,0.25260815024375916,1.0034527778625488,14.179092407226562,0,0.16968193650245667,21.226974487304688,10.491235733032227,37,25,30,60,
2025-12-30 10:27:49.175000,9d,Toxicity,Original,,98.1606674194336,2.2387993335723877,219.76571655273438,0.5994306802749634,0.619022011756897,0.5736979246139526,11.153897285461426,9.730627059936523,10.343572616577148,0.3709802031517029,0.2402699589729309,0.8917444944381714,13.745540618896484,0,0.16377796232700348,21.46451187133789,10.157564163208008,37,25,30,0,
2025-12-30 10:27:51.176000,9d,Toxicity,Original,,94.31646728515625,2.129099130630493,200.0137939453125,0.6786797046661377,0.6811789274215698,0.532965362071991,11.153897285461426,9.43151569366455,10.162134170532227,0.3753492832183838,0.2636759281158447,0.8977413177490234,17.790122985839844,0,0.16871842741966248,20.080568313598633,11.49712085723877,37,25,30,0,
2025-12-30 10:27:53.175000,9d,Toxicity,Original,,94.15498352050781,2.030461311340332,190.7276611328125,0.5807242393493652,0.6075584888458252,0.6992212533950806,11.153897285461426,9.199892044067383,10.041688919067383,0.37293359637260437,0.2681966722011566,0.8126182556152344,13.891592025756836,0,0.18172861635684967,19.32413101196289,10.47774887084961,37,25,30,0,
2025-12-30 10:27:53.175000,FinePointe Series WBP [SN 139781]  Site 2 Bias Flow is out of range.,,,,,,,,,,,,,,,,,,,,,,,,,
2025-12-30 10:27:55.175000,9d,Toxicity,Original,,123.16295623779297,2.091986656188965,254.22769165039062,0.4605984687805176,0.5146490931510925,0.6404854655265808,11.153897285461426,13.414619445800781,12.826440811157227,0.27408844232559204,0.22576579451560974,1.109212875366211,18.069297790527344,0,0.1603517383337021,22.396867752075195,8.526224136352539,37,25,30,0,
2025-12-30 10:27:55.175000,FinePointe Series WBP [SN 139781]  Site 4 Bias Flow is out of range.,,,,,,,,,,,,,,,,,,,,,,,,,
2025-12-30 10:27:55.175000,FinePointe Series WBP [SN 139781]  Site 1 Bias Flow is out of range.,,,,,,,,,,,,,,,,,,,,,,,,,
2025-12-30 10:27:55.175000,FinePointe Series WBP [SN 139781]  Site 3 Bias Flow is out of range.,,,,,,,,,,,,,,,,,,,,,,,,,
2025-12-30 10:27:55.175000,FinePointe Series WBP [SN 10499C]  Site 3 Bias Flow is out of range.,,,,,,,,,,,,,,,,,,,,,,,,,
2025-12-30 10:27:57.176000,9d,Toxicity,Original,,163.76651000976562,1.91865074634552,313.19561767578125,0.46327582001686096,0.4740981161594391,0.7666486501693726,11.153897285461426,15.175223350524902,15.336936950683594,0.19452902674674988,0.1732383668422699,1.2536863088607788,14.977079391479492,0,0.12340433895587921,21.029470443725586,9.163704872131348,37,25,30,40,
2025-12-30 10:27:59.175000,9d,Toxicity,Original,,114.50984191894531,2.1331562995910645,244.2509765625,0.3887430429458618,0.5405162572860718,0.7480624914169312,11.153897285461426,13.69472599029541,11.94503402709961,0.2711986303329468,0.2527809143066406,0.9943196773529053,14.741004943847656,0,0.17119789123535156,18.079423904418945,8.022127151489258,37,25,30,60,
2025-12-30 10:28:03.176000,9d,Toxicity,Original,,217.8053436279297,1.8353533744812012,399.7497863769531,0.40637126564979553,0.5544262528419495,0.7210748791694641,11.153897285461426,20.44510269165039,14.737399101257324,0.13679347932338715,0.13868184387683868,1.1614631414413452,9.015094757080078,0,0.09144975244998932,15.730812072753906,11.763077735900879,37,25,30,83.33333587646484,
2025-12-30 10:28:03.176000,FinePointe Series WBP [SN 139781]  Site 2 Bias Flow is out of range.,,,,,,,,,,,,,,,,,,,,,,,,,
2025-12-30 10:28:05.175000,9d,Toxicity,Original,,79.5675277709961,2.0565459728240967,163.63427734375,0.2543451189994812,0.3492056429386139,0.8723825216293335,11.153897285461426,9.79318904876709,9.842185974121094,0.32536545395851135,0.42871102690696716,0.641743540763855,10.506661415100098,0,0.3286918103694916,20.722883224487305,4.971611976623535,37,25,30,85.71428680419922,
2025-12-30 10:28:05.175000,FinePointe Series WBP [SN 139781]  Site 1 Bias Flow is out of range.,,,,,,,,,,,,,,,,,,,,,,,,,
2025-12-30 10:28:05.175000,FinePointe Series WBP [SN 139781]  Site 3 Bias Flow is out of range.,,,,,,,,,,,,,,,,,,,,,,,,,
2025-12-30 10:28:05.175000,FinePointe Series WBP [SN 10499C]  Site 3 Bias Flow is out of range.,,,,,,,,,,,,,,,,,,,,,,,,,
2025-12-30 10:28:05.175000,FinePointe Series WBP [SN 139781]  Site 4 Bias Flow is out of range.,,,,,,,,,,,,,,,,,,,,,,,,,
2025-12-30 10:28:07.176000,9d,Toxicity,Original,,98.65269470214844,2.4542665481567383,241.50445556640625,0.5695178508758545,0.6634263396263123,0.5883783102035522,11.153897285461426,11.64969253540039,10.860183715820312,0.3632846474647522,0.25291305780410767,0.8696068525314331,18.086767196655273,0,0.16399618983268738,21.34644889831543,10.299150466918945,37,25,30,0,
2025-12-30 10:28:09.175000,9d,Toxicity,Original,,208.91925048828125,1.5602627992630005,318.988037109375,0.3940305709838867,0.48318547010421753,0.7499963045120239,11.153897285461426,15.901244163513184,13.129541397094727,0.15367509424686432,0.1416492462158203,1.0550837516784668,14.098123550415039,0,0.0994124561548233,19.286518096923828,9.532124519348145,37,25,30,33.33333206176758,
2025-12-30 10:28:11.175000,9d,Toxicity,Original,,217.42257690429688,1.197152853012085,258.37774658203125,0.42231863737106323,0.49557486176490784,0.7364598512649536,11.153897285461426,14.803730010986328,13.09693717956543,0.12914590537548065,0.15104348957538605,1.0395880937576294,10.898689270019531,0,0.1037304475903511,18.24611473083496,10.956927299499512,37,25,30,50,
2025-12-30 10:28:13.176000,9d,Toxicity,Original,,175.57598876953125,1.6315041780471802,286.6968994140625,0.4949871301651001,0.4946269094944,0.789332389831543,11.153897285461426,14.605026245117188,15.843955993652344,0.1750175505876541,0.16791526973247528,1.2524464130401611,10.947023391723633,0,0.11615338921546936,17.6632080078125,8.265087127685547,37,25,30,0,
2025-12-30 10:28:13.176000,FinePointe Series WBP [SN 139781]  Site 2 Bias Flow is out of range.,,,,,,,,,,,,,,,,,,,,,,,,,
2025-12-30 10:28:15.175000,9d,Toxicity,Original,,118.0278549194336,2.9369418621063232,292.3687438964844,0.6639329195022583,0.6366281509399414,0.8060925006866455,11.153897285461426,17.481857299804688,12.361566543579102,0.30219408869743347,0.3560958504676819,0.9190139770507812,9.895359992980957,0,0.2131289839744568,16.503074645996094,5.364057540893555,37,25,30,60,
2025-12-30 10:28:15.175000,FinePointe Series WBP [SN 139781]  Site 1 Bias Flow is out of range.,,,,,,,,,,,,,,,,,,,,,,,,,
2025-12-30 10:28:15.175000,FinePointe Series WBP [SN 139781]  Site 3 Bias Flow is out of range.,,,,,,,,,,,,,,,,,,,,,,,,,
2025-12-30 10:28:15.175000,FinePointe Series WBP [SN 10499C]  Site 3 Bias Flow is out of range.,,,,,,,,,,,,,,,,,,,,,,,,,
2025-12-30 10:28:15.175000,FinePointe Series WBP [SN 139781]  Site 4 Bias Flow is out of range.,,,,,,,,,,,,,,,,,,,,,,,,,
2025-12-30 10:28:17.175000,9d,Toxicity,Original,,216.03610229492188,1.5732018947601318,340.881591796875,0.5057840347290039,0.5929284691810608,0.6805623173713684,11.153897285461426,17.72701072692871,14.049396514892578,0.13892363011837006,0.13939841091632843,1.20216965675354,7.088090896606445,0,0.08934240788221359,13.22346305847168,12.794220924377441,37,25,30,40,
2025-12-30 10:28:19.176000,9d,Toxicity,Original,,113.84939575195312,1.922239899635315,217.56509399414062,0.49367648363113403,0.5513126850128174,0.6929945349693298,11.153897285461426,10.994002342224121,10.467623710632324,0.28502923250198364,0.24341894686222076,0.8151216506958008,10.707154273986816,0,0.16248612105846405,12.232379913330078,11.180719375610352,37,25,30,50,
2025-12-30 10:28:21.175000,9d,Toxicity,Original,,105.62644958496094,2.0313608646392822,214.3506317138672,0.630346953868866,0.651555061340332,0.6417324542999268,11.153897285461426,9.829645156860352,9.983304977416992,0.3047280013561249,0.2640322744846344,0.8697040677070618,12.487019538879395,0,0.1659703105688095,14.299798965454102,10.912797927856445,37,25,30,0,
2025-12-30 10:28:23.176000,9d,Toxicity,Original,,129.49002075195312,2.0397896766662598,261.825439453125,0.4935275614261627,0.5547770857810974,0.7234750390052795,11.153897285461426,12.074881553649902,11.783824920654297,0.26559174060821533,0.21151207387447357,0.950994610786438,12.127254486083984,0,0.14158552885055542,16.94853401184082,8.924174308776855,37,25,30,0,
2025-12-30 10:28:23.176000,FinePointe Series WBP [SN 139781]  Site 2 Bias Flow is out of range.,,,,,,,,,,,,,,,,,,,,,,,,,
2025-12-30 10:28:25.175000,9d,Toxicity,Original,,218.47621154785156,1.7044264078140259,372.37664794921875,0.652825653553009,0.5531674027442932,0.7041527032852173,11.153897285461426,15.918224334716797,19.100393295288086,0.14681625366210938,0.1278131753206253,1.515784740447998,7.836653709411621,0,0.08449149131774902,15.51710319519043,10.94011116027832,37,25,30,66.66666412353516,
2025-12-30 10:28:25.175000,FinePointe Series WBP [SN 139781]  Site 1 Bias Flow is out of range.,,,,,,,,,,,,,,,,,,,,,,,,,
2025-12-30 10:28:25.175000,FinePointe Series WBP [SN 139781]  Site 3 Bias Flow is out of range.,,,,,,,,,,,,,,,,,,,,,,,,,
2025-12-30 10:28:25.175000,FinePointe Series WBP [SN 10499C]  Site 3 Bias Flow is out of range.,,,,,,,,,,,,,,,,,,,,,,,,,
2025-12-30 10:28:25.175000,FinePointe Series WBP [SN 139781]  Site 4 Bias Flow is out of range.,,,,,,,,,,,,,,,,,,,,,,,,,
2025-12-30 10:28:27.175000,9d,Toxicity,Original,,199.89175415039062,1.7678160667419434,341.9830627441406,0.5262466073036194,0.5536127686500549,0.7044216394424438,11.153897285461426,15.962611198425293,14.76381778717041,0.16791319847106934,0.14161936938762665,1.2225943803787231,8.723219871520996,0,0.09453020989894867,14.921985626220703,10.782144546508789,37,25,30,50,
2025-12-30 10:28:29.176000,9d,Toxicity,Original,,212.5200653076172,1.353439211845398,274.32354736328125,0.4733624756336212,0.5725786089897156,0.6632260084152222,11.153897285461426,15.309309959411621,12.901952743530273,0.13791334629058838,0.15354792773723602,1.1231772899627686,8.590667724609375,0,0.1001485139131546,14.867677688598633,11.433377265930176,37,25,30,28.571428298950195,
2025-12-30 10:28:31.175000,9d,Toxicity,Original,,103.92436218261719,2.2281131744384766,231.63612365722656,0.4557228684425354,0.5202785730361938,0.764470636844635,11.153897285461426,10.873544692993164,11.657122611999512,0.323616087436676,0.2537710666656494,0.9206730127334595,15.650873184204102,0,0.17818978428840637,18.16866683959961,7.261140823364258,37,25,30,33.33333206176758,
2025-12-30 10:28:33.175000,9d,Toxicity,Original,,90.3982162475586,2.5355355739593506,230.4695281982422,0.44133540987968445,0.5209211111068726,0.6985580325126648,11.153897285461426,10.754889488220215,10.687178611755371,0.3723702132701874,0.29549694061279297,0.8407052159309387,27.57927894592285,0,0.21658863127231598,19.2968807220459,8.341968536376953,37,25,30,0,
2025-12-30 10:28:33.175000,FinePointe Series WBP [SN 139781]  Site 2 Bias Flow is out of range.,,,,,,,,,,,,,,,,,,,,,,,,,
2025-12-30 10:28:33.175000,FinePointe Series WBP [SN 10499C]  Site 3 Bias Flow is out of range.,,,,,,,,,,,,,,,,,,,,,,,,,
2025-12-30 10:28:35.176000,9d,Toxicity,Original,,143.57867431640625,2.1526236534118652,306.22259521484375,0.6517378687858582,0.5745747685432434,0.6573649048805237,11.153897285461426,13.732425689697266,16.631366729736328,0.2509971261024475,0.1881922483444214,1.4241318702697754,10.414397239685059,0,0.12546047568321228,18.15422248840332,10.165375709533691,37,25,30,0,
2025-12-30 10:28:35.176000,FinePointe Series WBP [SN 139781]  Site 1 Bias Flow is out of range.,,,,,,,,,,,,,,,,,,,,,,,,,
2025-12-30 10:28:35.176000,FinePointe Series WBP [SN 139781]  Site 3 Bias Flow is out of range.,,,,,,,,,,,,,,,,,,,,,,,,,
2025-12-30 10:28:35.176000,FinePointe Series WBP [SN 139781]  Site 4 Bias Flow is out of range.,,,,,,,,,,,,,,,,,,,,,,,,,
2025-12-30 10:28:37.175000,9d,Toxicity,Original,,168.03994750976562,1.9064942598342896,320.3671875,0.7085344791412354,0.5557971000671387,0.699840247631073,11.153897285461426,13.42427921295166,17.933427810668945,0.1998792290687561,0.15717872977256775,1.5095884799957275,9.085092544555664,0,0.10468737035989761,16.011388778686523,9.961562156677246,37,25,30,0,
2025-12-30 10:28:39.176000,9d,Toxicity,Original,,169.25531005859375,2.078584671020508,347.73785400390625,0.3703247606754303,0.5219261646270752,0.7885828614234924,11.153897285461426,17.30390167236328,13.35577392578125,0.1885339319705963,0.17761313915252686,1.089935064315796,9.628467559814453,0,0.12016849219799042,15.408475875854492,9.238265037536621,37,25,30,44.44444274902344,
2025-12-30 10:28:41.176000,9d,Toxicity,Original,,105.31922912597656,2.8388445377349854,298.9978332519531,0.48653125762939453,0.6257995367050171,0.6045979857444763,11.153897285461426,12.598227500915527,10.231070518493652,0.3391915261745453,0.23108239471912384,0.8694143295288086,12.462902069091797,0,0.14901180565357208,14.919404029846191,10.17553424835205,37,25,30,25,
2025-12-30 10:28:43.175000,9d,Toxicity,Original,,102.90345001220703,2.0919322967529297,216.3816375732422,0.7539870738983154,0.5968901515007019,0.6044949889183044,11.153897285461426,10.024264335632324,12.786760330200195,0.33354222774505615,0.2506365180015564,1.0594910383224487,13.011775016784668,0,0.1667109876871109,20.363452911376953,10.711265563964844,37,25,30,0,
2025-12-30 10:28:43.175000,FinePointe Series WBP [SN 139781]  Site 2 Bias Flow is out of range.,,,,,,,,,,,,,,,,,,,,,,,,,
2025-12-30 10:28:43.175000,FinePointe Series WBP [SN 139781]  Site 1 Bias Flow is out of range.,,,,,,,,,,,,,,,,,,,,,,,,,
2025-12-30 10:28:43.175000,FinePointe Series WBP [SN 10499C]  Site 3 Bias Flow is out of range.,,,,,,,,,,,,,,,,,,,,,,,,,
2025-12-30 10:28:45.176000,9d,Toxicity,Original,,96.11034393310547,1.9226199388504028,184.78366088867188,0.697015643119812,0.5504123568534851,0.6944972276687622,11.153897285461426,10.385905265808105,14.79128646850586,0.3564628064632416,0.2678196430206299,1.2004201412200928,14.641860961914062,0,0.18425802886486053,25.479267120361328,7.480175495147705,37,25,30,75,
2025-12-30 10:28:45.176000,FinePointe Series WBP [SN 139781]  Site 3 Bias Flow is out of range.,,,,,,,,,,,,,,,,,,,,,,,,,
2025-12-30 10:28:45.176000,FinePointe Series WBP [SN 139781]  Site 4 Bias Flow is out of range.,,,,,,,,,,,,,,,,,,,,,,,,,
2025-12-30 10:28:47.175000,9d,Toxicity,Original,,185.4493408203125,1.9415980577468872,350.0707092285156,0.5713090896606445,0.5727149248123169,0.6671438813209534,11.153897285461426,16.06256866455078,15.537023544311523,0.1916881501674652,0.15086224675178528,1.3112977743148804,9.62447738647461,0,0.10197529196739197,15.817368507385254,11.027875900268555,37,25,30,0,
2025-12-30 10:28:49.175000,9d,Toxicity,Original,,173.66009521484375,2.0130395889282227,342.7272033691406,0.5091909766197205,0.5185158252716064,0.744815468788147,11.153897285461426,15.629671096801758,15.26893138885498,0.19352088868618011,0.16131818294525146,1.2783490419387817,12.926390647888184,0,0.11085856705904007,16.971527099609375,9.747365951538086,37,25,30,16.66666603088379,
2025-12-30 10:28:51.176000,9d,Toxicity,Original,,178.53317260742188,1.9037777185440063,329.6129150390625,0.4446044862270355,0.48886123299598694,0.7471445798873901,11.153897285461426,17.134859085083008,15.781556129455566,0.17437124252319336,0.17133544385433197,1.29935622215271,11.816208839416504,0,0.11946713924407959,18.73348617553711,9.711073875427246,37,25,30,28.571428298950195,
2025-12-30 10:28:53.175000,9d,Toxicity,Original,,153.5523681640625,1.8627841472625732,272.7393493652344,0.3827746510505676,0.5867170095443726,0.8090516328811646,11.153897285461426,14.939351081848145,10.431489944458008,0.1992577612400055,0.2166031002998352,0.8517047166824341,12.383743286132812,0,0.14112457633018494,13.862354278564453,10.93751049041748,37,25,30,0,
2025-12-30 10:28:53.175000,FinePointe Series WBP [SN 139781]  Site 2 Bias Flow is out of range.,,,,,,,,,,,,,,,,,,,,,,,,,
2025-12-30 10:28:55.175000,9d,Toxicity,Original,,103.3968734741211,2.3101181983947754,238.5457763671875,0.6010317802429199,0.6245323419570923,0.6846176385879517,11.153897285461426,11.02566146850586,11.598244667053223,0.3335966467857361,0.2489294856786728,0.9855866432189941,10.577527046203613,0,0.16054177284240723,17.81682586669922,10.597860336303711,37,25,30,0,
2025-12-30 10:28:55.175000,FinePointe Series WBP [SN 139781]  Site 1 Bias Flow is out of range.,,,,,,,,,,,,,,,,,,,,,,,,,
2025-12-30 10:28:55.175000,FinePointe Series WBP [SN 139781]  Site 3 Bias Flow is out of range.,,,,,,,,,,,,,,,,,,,,,,,,,
2025-12-30 10:28:55.175000,FinePointe Series WBP [SN 10499C]  Site 3 Bias Flow is out of range.,,,,,,,,,,,,,,,,,,,,,,,,,
2025-12-30 10:28:57.176000,9d,Toxicity,Original,,103.6382827758789,1.853671908378601,192.11135864257812,0.748365044593811,0.6207955479621887,0.5795537829399109,11.153897285461426,9.657445907592773,12.8870849609375,0.30976402759552,0.2691726088523865,1.1307072639465332,10.7225923538208,0,0.17490874230861664,17.187177658081055,9.483833312988281,37,25,30,0,
2025-12-30 10:28:57.176000,FinePointe Series WBP [SN 139781]  Site 4 Bias Flow is out of range.,,,,,,,,,,,,,,,,,,,,,,,,,
2025-12-30 10:28:59.175000,9d,Toxicity,Original,,132.66664123535156,2.3914949893951416,320.9051208496094,0.48254767060279846,0.541766881942749,0.6216381788253784,11.153897285461426,15.039005279541016,14.183473587036133,0.2552390396595001,0.2092967927455902,1.228367567062378,14.669578552246094,0,0.14418724179267883,19.238014221191406,8.486433029174805,37,25,30,33.33333206176758,
2025-12-30 10:29:01.176000,9d,Toxicity,Original,,183.58489990234375,2.000504493713379,356.4148254394531,0.5362406969070435,0.5428508520126343,0.7604146003723145,11.153897285461426,16.251052856445312,16.51947784423828,0.18984496593475342,0.1520778387784958,1.367807388305664,10.1629056930542,0,0.10314875841140747,17.160715103149414,9.720303535461426,37,25,30,16.66666603088379,
2025-12-30 10:29:03.175000,9d,Toxicity,Original,,197.42721557617188,1.7600189447402954,343.5673828125,0.5390987396240234,0.5325329899787903,0.7438441514968872,11.153897285461426,16.998062133789062,17.373199462890625,0.15894709527492523,0.14969928562641144,1.4524126052856445,9.929801940917969,0,0.10088714957237244,16.683603286743164,10.946958541870117,37,25,30,14.285714149475098,
2025-12-30 10:29:03.175000,FinePointe Series WBP [SN 139781]  Site 2 Bias Flow is out of range.,,,,,,,,,,,,,,,,,,,,,,,,,
2025-12-30 10:29:05.175000,9d,Toxicity,Original,,170.50860595703125,2.1335151195526123,356.4201354980469,0.3856920897960663,0.492643266916275,0.7878128290176392,11.153897285461426,17.334678649902344,14.952765464782715,0.18821664154529572,0.16951262950897217,1.2052240371704102,13.173596382141113,0,0.11808041483163834,17.273317337036133,9.01755142211914,37,25,30,0,
2025-12-30 10:29:05.175000,FinePointe Series WBP [SN 139781]  Site 1 Bias Flow is out of range.,,,,,,,,,,,,,,,,,,,,,,,,,
2025-12-30 10:29:05.175000,FinePointe Series WBP [SN 139781]  Site 3 Bias Flow is out of range.,,,,,,,,,,,,,,,,,,,,,,,,,
2025-12-30 10:29:05.175000,FinePointe Series WBP [SN 10499C]  Site 3 Bias Flow is out of range.,,,,,,,,,,,,,,,,,,,,,,,,,
2025-12-30 10:29:05.175000,FinePointe Series WBP [SN 139781]  Site 4 Bias Flow is out of range.,,,,,,,,,,,,,,,,,,,,,,,,,
2025-12-30 10:29:07.176000,9d,Toxicity,Original,,126.0600357055664,2.3942277431488037,297.4618225097656,0.3748684823513031,0.5751355290412903,0.7702515721321106,11.153897285461426,14.563851356506348,10.85842514038086,0.26406416296958923,0.24036984145641327,0.8486992120742798,12.241781234741211,0,0.15797486901283264,14.58749771118164,8.565631866455078,37,25,30,0,
2025-12-30 10:29:09.175000,9d,Toxicity,Original,,101.94296264648438,2.2156662940979004,225.64524841308594,0.6515149474143982,0.5939977765083313,0.684998095035553,11.153897285461426,9.832179069519043,12.70836067199707,0.32722902297973633,0.261453777551651,1.0534024238586426,10.426822662353516,0,0.17219898104667664,16.22928237915039,9.036823272705078,37,25,30,0,
2025-12-30 10:29:11.175000,9d,Toxicity,Original,,166.3398895263672,1.8735198974609375,311.8050842285156,0.61952143907547,0.5498743057250977,0.7147735357284546,11.153897285461426,14.807426452636719,17.172536849975586,0.20315314829349518,0.17479565739631653,1.433241367340088,9.926545143127441,0,0.11705262213945389,16.39337730407715,10.546455383300781,37,25,30,16.66666603088379,
2025-12-30 10:29:13.176000,9d,Toxicity,Original,,217.70372009277344,1.707592248916626,352.66778564453125,0.5315263271331787,0.5506747364997864,0.7101706266403198,11.153897285461426,16.736337661743164,16.312429428100586,0.14866885542869568,0.134074404835701,1.3879369497299194,8.583434104919434,0,0.08911585062742233,15.909486770629883,11.54078483581543,37,25,30,40,
2025-12-30 10:29:13.176000,FinePointe Series WBP [SN 139781]  Site 2 Bias Flow is out of range.,,,,,,,,,,,,,,,,,,,,,,,,,
2025-12-30 10:29:15.175000,9d,Toxicity,Original,,173.48497009277344,2.3518049716949463,403.7275085449219,0.3650759160518646,0.5043296813964844,0.7526413202285767,11.153897285461426,22.199705123901367,16.938488006591797,0.17758727073669434,0.17343908548355103,1.4464364051818848,16.969497680664062,0,0.120699942111969,19.69386100769043,10.321972846984863,37,25,30,60,
2025-12-30 10:29:15.175000,FinePointe Series WBP [SN 139781]  Site 1 Bias Flow is out of range.,,,,,,,,,,,,,,,,,,,,,,,,,
2025-12-30 10:29:15.175000,FinePointe Series WBP [SN 139781]  Site 3 Bias Flow is out of range.,,,,,,,,,,,,,,,,,,,,,,,,,
2025-12-30 10:29:15.175000,FinePointe Series WBP [SN 10499C]  Site 3 Bias Flow is out of range.,,,,,,,,,,,,,,,,,,,,,,,,,
2025-12-30 10:29:15.175000,FinePointe Series WBP [SN 139781]  Site 4 Bias Flow is out of range.,,,,,,,,,,,,,,,,,,,,,,,,,
2025-12-30 10:29:17.176000,9d,Toxicity,Original,,184.7934112548828,2.016322135925293,356.9763488769531,0.41352683305740356,0.5184427499771118,0.7654331922531128,11.153897285461426,17.505977630615234,14.844249725341797,0.1736573725938797,0.15948830544948578,1.2153091430664062,8.929272651672363,0,0.10821688920259476,15.818742752075195,10.303071022033691,37,25,30,37.5,
2025-12-30 10:29:19.175000,9d,Toxicity,Original,,155.43617248535156,2.753584861755371,428.0066833496094,0.41129931807518005,0.502205491065979,0.6933572888374329,11.153897285461426,17.1401424407959,15.062171936035156,0.23024669289588928,0.15576384961605072,1.2695645093917847,13.473206520080566,0,0.10865619778633118,18.262046813964844,8.971233367919922,37,25,30,0,
2025-12-30 10:29:21.175000,9d,Toxicity,Original,,96.56973266601562,2.3041205406188965,223.6488037109375,0.5286381244659424,0.5511202216148376,0.7103347778320312,11.153897285461426,10.879611015319824,11.98863697052002,0.3277078866958618,0.3076624274253845,1.0074069499969482,12.700094223022461,0,0.20938250422477722,16.227394104003906,7.8794779777526855,37,25,30,33.33333206176758,
2025-12-30 10:29:23.176000,9d,Toxicity,Original,,106.00426483154297,1.9871127605438232,210.42237854003906,0.7034517526626587,0.5645155310630798,0.7196721434593201,11.153897285461426,10.045453071594238,13.359910011291504,0.31557729840278625,0.25113487243652344,1.0916719436645508,12.628314971923828,0,0.1721896380186081,18.4670467376709,9.765231132507324,37,25,30,0,
2025-12-30 10:29:23.176000,FinePointe Series WBP [SN 139781]  Site 2 Bias Flow is out of range.,,,,,,,,,,,,,,,,,,,,,,,,,
2025-12-30 10:29:25.175000,9d,Toxicity,Original,,107.8356704711914,2.2392141819000244,241.06765747070312,0.5988558530807495,0.5490231513977051,0.7224440574645996,11.153897285461426,11.172828674316406,14.072107315063477,0.3145022690296173,0.24911272525787354,1.145624041557312,12.477867126464844,0,0.16771048307418823,17.981584548950195,8.109704971313477,37,25,30,0,
2025-12-30 10:29:25.175000,FinePointe Series WBP [SN 139781]  Site 1 Bias Flow is out of range.,,,,,,,,,,,,,,,,,,,,,,,,,
2025-12-30 10:29:25.175000,FinePointe Series WBP [SN 139781]  Site 3 Bias Flow is out of range.,,,,,,,,,,,,,,,,,,,,,,,,,
2025-12-30 10:29:25.175000,FinePointe Series WBP [SN 10499C]  Site 3 Bias Flow is out of range.,,,,,,,,,,,,,,,,,,,,,,,,,
2025-12-30 10:29:25.175000,FinePointe Series WBP [SN 139781]  Site 4 Bias Flow is out of range.,,,,,,,,,,,,,,,,,,,,,,,,,
2025-12-30 10:29:27.175000,9d,Toxicity,Original,,216.0530242919922,1.9067622423171997,388.76715087890625,0.4557174742221832,0.5452322363853455,0.7280951142311096,11.153897285461426,17.68044662475586,14.943482398986816,0.16311997175216675,0.12974290549755096,1.210252285003662,8.426645278930664,0,0.08774774521589279,15.338274002075195,10.52006721496582,37,25,30,0,
2025-12-30 10:29:29.176000,9d,Toxicity,Original,,210.8375701904297,1.7542678117752075,363.83197021484375,0.3889113664627075,0.5022825598716736,0.7494897246360779,11.153897285461426,18.322755813598633,14.625289916992188,0.15107564628124237,0.13731496036052704,1.1549628973007202,12.352828025817871,0,0.09493987262248993,16.606950759887695,10.577664375305176,37,25,30,50,
2025-12-30 10:29:31.175000,9d,Toxicity,Original,,174.71731567382812,2.0639524459838867,353.7296142578125,0.44223594665527344,0.5086610913276672,0.7747669219970703,11.153897285461426,16.450538635253906,15.3261079788208,0.1778794527053833,0.166505828499794,1.198776364326477,7.99346923828125,0,0.11367237567901611,13.627798080444336,8.616922378540039,37,25,30,33.33333206176758,
2025-12-30 10:29:33.176000,9d,Toxicity,Original,,130.8527069091797,2.357663154602051,307.07159423828125,0.5392966270446777,0.548278272151947,0.8060034513473511,11.153897285461426,14.479949951171875,15.893754005432129,0.2416715770959854,0.23540404438972473,1.1264104843139648,9.552040100097656,0,0.15755058825016022,12.370155334472656,6.540839195251465,37,25,30,77.77777862548828,
2025-12-30 10:29:33.176000,FinePointe Series WBP [SN 139781]  Site 2 Bias Flow is out of range.,,,,,,,,,,,,,,,,,,,,,,,,,
2025-12-30 10:29:33.176000,FinePointe Series WBP [SN 10499C]  Site 3 Bias Flow is out of range.,,,,,,,,,,,,,,,,,,,,,,,,,
2025-12-30 10:29:35.176000,9d,Toxicity,Original,,101.14962005615234,2.408442735671997,240.86463928222656,0.5061677098274231,0.5724542140960693,0.7016884684562683,11.153897285461426,11.437126159667969,11.7888822555542,0.3329892158508301,0.2630904018878937,0.9702271819114685,11.485782623291016,0,0.17504432797431946,17.331302642822266,8.034401893615723,37,25,30,0,
2025-12-30 10:29:35.176000,FinePointe Series WBP [SN 139781]  Site 1 Bias Flow is out of range.,,,,,,,,,,,,,,,,,,,,,,,,,
2025-12-30 10:29:35.176000,FinePointe Series WBP [SN 139781]  Site 3 Bias Flow is out of range.,,,,,,,,,,,,,,,,,,,,,,,,,
2025-12-30 10:29:35.176000,FinePointe Series WBP [SN 139781]  Site 4 Bias Flow is out of range.,,,,,,,,,,,,,,,,,,,,,,,,,
2025-12-30 10:29:37.175000,9d,Toxicity,Original,,99.06227111816406,2.2070226669311523,218.22525024414062,0.6984763145446777,0.6064063310623169,0.6519239544868469,11.153897285461426,9.727266311645508,12.657783508300781,0.3514011800289154,0.2545011341571808,1.0837817192077637,13.378091812133789,0,0.16739606857299805,17.814756393432617,8.70833969116211,37,25,30,0,
2025-12-30 10:29:39.176000,9d,Toxicity,Original,,140.9039306640625,1.8703017234802246,262.0129699707031,0.5166162252426147,0.5370180606842041,0.7689793705940247,11.153897285461426,15.255826950073242,15.47033977508545,0.2232837826013565,0.22585327923297882,1.2207579612731934,10.526354789733887,0,0.15255993604660034,16.656667709350586,8.298919677734375,37,25,30,25,
2025-12-30 10:29:41.175000,9d,Toxicity,Original,,194.4127960205078,2.0069966316223145,372.920654296875,0.49754399061203003,0.5341169238090515,0.7276215553283691,11.153897285461426,16.440637588500977,15.079395294189453,0.18592609465122223,0.1420077234506607,1.1948622465133667,9.25041675567627,0,0.09680230915546417,16.593809127807617,10.1991605758667,37,25,30,14.285714149475098,
2025-12-30 10:29:43.175000,9d,Toxicity,Original,,158.6283721923828,2.153067111968994,317.4779968261719,0.6382462382316589,0.4952481985092163,0.7204505801200867,11.153897285461426,13.809203147888184,18.322956085205078,0.22222045063972473,0.17162013053894043,1.5300800800323486,16.39131736755371,0,0.12142570316791534,18.763439178466797,9.765040397644043,37,25,30,40,
2025-12-30 10:29:43.175000,FinePointe Series WBP [SN 139781]  Site 2 Bias Flow is out of range.,,,,,,,,,,,,,,,,,,,,,,,,,
2025-12-30 10:29:43.175000,FinePointe Series WBP [SN 139781]  Site 1 Bias Flow is out of range.,,,,,,,,,,,,,,,,,,,,,,,,,
2025-12-30 10:29:43.175000,FinePointe Series WBP [SN 10499C]  Site 3 Bias Flow is out of range.,,,,,,,,,,,,,,,,,,,,,,,,,
2025-12-30 10:29:45.176000,9d,Toxicity,Original,,188.3079071044922,1.764074683189392,330.6166687011719,0.4586527943611145,0.5337235331535339,0.7139334082603455,11.153897285461426,16.071313858032227,14.236719131469727,0.16716521978378296,0.15226994454860687,1.1823844909667969,10.487056732177734,0,0.1030794084072113,15.839400291442871,10.768423080444336,37,25,30,0,
2025-12-30 10:29:45.176000,FinePointe Series WBP [SN 139781]  Site 3 Bias Flow is out of range.,,,,,,,,,,,,,,,,,,,,,,,,,
2025-12-30 10:29:45.176000,FinePointe Series WBP [SN 139781]  Site 4 Bias Flow is out of range.,,,,,,,,,,,,,,,,,,,,,,,,,
2025-12-30 10:29:47.175000,9d,Toxicity,Original,,155.20718383789062,1.9319700002670288,298.3802795410156,0.4920475482940674,0.4944171905517578,0.7677882313728333,11.153897285461426,15.008503913879395,15.01935863494873,0.20186497271060944,0.18630361557006836,1.208577036857605,15.947964668273926,0,0.13035404682159424,17.519807815551758,9.68865966796875,37,25,30,20,
2025-12-30 10:29:49.175000,9d,Toxicity,Original,,157.1400909423828,2.342661142349243,366.5753173828125,0.4268159866333008,0.5186446905136108,0.7785760164260864,11.153897285461426,17.079111099243164,14.508316993713379,0.20498239994049072,0.17726808786392212,1.100731611251831,11.485901832580566,0,0.1214243620634079,15.504048347473145,9.435508728027344,37,25,30,40,
2025-12-30 10:29:51.176000,9d,Toxicity,Original,,153.9615478515625,2.0109710693359375,301.958984375,0.5215004682540894,0.5590243935585022,0.7215231657028198,11.153897285461426,16.137054443359375,15.493513107299805,0.19240354001522064,0.20916429162025452,1.285712480545044,9.972627639770508,0,0.13752688467502594,14.88945198059082,11.114867210388184,37,25,30,20,
2025-12-30 10:29:53.175000,9d,Toxicity,Original,,96.86837768554688,2.4987480640411377,242.1375274658203,0.5115922093391418,0.6124433279037476,0.704282820224762,11.153897285461426,11.547801971435547,10.711854934692383,0.3340207040309906,0.285706490278244,0.8803116679191589,13.98997688293457,0,0.1853240430355072,15.338800430297852,9.443561553955078,37,25,30,0,
2025-12-30 10:29:53.175000,FinePointe Series WBP [SN 139781]  Site 2 Bias Flow is out of range.,,,,,,,,,,,,,,,,,,,,,,,,,
2025-12-30 10:29:55.176000,9d,Toxicity,Original,,100.52958679199219,2.509341239929199,252.5262451171875,0.5219884514808655,0.6272037625312805,0.7503103017807007,11.153897285461426,11.589740753173828,10.539373397827148,0.3289436995983124,0.26871609687805176,0.8427522778511047,9.780786514282227,0,0.17187348008155823,15.287466049194336,9.411768913269043,37,25,30,0,
2025-12-30 10:29:55.176000,FinePointe Series WBP [SN 139781]  Site 1 Bias Flow is out of range.,,,,,,,,,,,,,,,,,,,,,,,,,
2025-12-30 10:29:55.176000,FinePointe Series WBP [SN 139781]  Site 3 Bias Flow is out of range.,,,,,,,,,,,,,,,,,,,,,,,,,
2025-12-30 10:29:55.176000,FinePointe Series WBP [SN 10499C]  Site 3 Bias Flow is out of range.,,,,,,,,,,,,,,,,,,,,,,,,,
2025-12-30 10:29:57.175000,9d,Toxicity,Original,,105.73641204833984,2.2511119842529297,237.7086639404297,0.6238691806793213,0.6125574707984924,0.6901335120201111,11.153897285461426,10.901371002197266,11.841943740844727,0.3197309374809265,0.2500464916229248,0.9828649163246155,10.798033714294434,0,0.16188739240169525,16.467294692993164,9.178632736206055,37,25,30,0,
2025-12-30 10:29:57.175000,FinePointe Series WBP [SN 139781]  Site 4 Bias Flow is out of range.,,,,,,,,,,,,,,,,,,,,,,,,,
2025-12-30 10:29:59.175000,9d,Toxicity,Original,,148.91549682617188,2.3360540866851807,341.5731201171875,0.5157082676887512,0.5132696628570557,0.7692542672157288,11.153897285461426,15.068132400512695,16.00517463684082,0.24813435971736908,0.19530965387821198,1.2403980493545532,10.593997955322266,0,0.13487914204597473,17.052621841430664,8.693750381469727,37,25,30,0,
2025-12-30 10:30:01.176000,9d,Toxicity,Original,,134.8971710205078,1.8952267169952393,254.27870178222656,0.536578893661499,0.5253214240074158,0.7846783399581909,11.153897285461426,14.100967407226562,15.17833423614502,0.21366870403289795,0.23303940892219543,1.2064732313156128,11.406331062316895,0,0.1578236073255539,14.175843238830566,8.967352867126465,37,25,30,20,
2025-12-30 10:30:03.175000,9d,Toxicity,Original,,89.00260925292969,2.8704402446746826,255.84507751464844,0.34913331270217896,0.47540175914764404,0.7633264064788818,11.153897285461426,12.10157585144043,10.958059310913086,0.3710695803165436,0.31168073415756226,0.8999154567718506,31.430233001708984,0,0.22653628885746002,22.66769027709961,7.594718933105469,37,25,30,0,
2025-12-30 10:30:03.175000,FinePointe Series WBP [SN 139781]  Site 2 Bias Flow is out of range.,,,,,,,,,,,,,,,,,,,,,,,,,
2025-12-30 10:30:05.175000,9d,Toxicity,Original,,97.36329650878906,2.4331002235412598,236.8983154296875,0.6548497676849365,0.601098895072937,0.6816167235374451,11.153897285461426,9.488104820251465,12.005301475524902,0.37798091769218445,0.23852689564228058,0.9925804734230042,11.852931022644043,0,0.1567377895116806,17.931194305419922,8.354931831359863,37,25,30,0,
2025-12-30 10:30:05.175000,FinePointe Series WBP [SN 139781]  Site 1 Bias Flow is out of range.,,,,,,,,,,,,,,,,,,,,,,,,,
2025-12-30 10:30:05.175000,FinePointe Series WBP [SN 139781]  Site 3 Bias Flow is out of range.,,,,,,,,,,,,,,,,,,,,,,,,,
2025-12-30 10:30:05.175000,FinePointe Series WBP [SN 10499C]  Site 3 Bias Flow is out of range.,,,,,,,,,,,,,,,,,,,,,,,,,
2025-12-30 10:30:05.175000,FinePointe Series WBP [SN 139781]  Site 4 Bias Flow is out of range.,,,,,,,,,,,,,,,,,,,,,,,,,
2025-12-30 10:30:07.176000,9d,Toxicity,Original,,99.57937622070312,1.9448963403701782,193.72412109375,0.7693018317222595,0.5941934585571289,0.6338825225830078,11.153897285461426,9.149800300598145,13.187000274658203,0.35189446806907654,0.250722736120224,1.1430459022521973,15.118974685668945,0,0.17028316855430603,20.772258758544922,9.53466796875,37,25,30,0,
2025-12-30 10:30:09.175000,9d,Toxicity,Original,,99.55810546875,2.0852603912353516,207.8167266845703,0.7120747566223145,0.6246131658554077,0.6123093366622925,11.153897285461426,9.684518814086914,12.493498802185059,0.35685408115386963,0.24619600176811218,1.0803625583648682,12.195645332336426,0,0.1625814586877823,20.230207443237305,9.260417938232422,37,25,30,0,
2025-12-30 10:30:11.176000,9d,Toxicity,Original,,97.5313949584961,2.310659408569336,225.28677368164062,0.6978760361671448,0.5994959473609924,0.6804266571998596,11.153897285461426,9.285988807678223,12.565433502197266,0.37621718645095825,0.239063560962677,1.0635372400283813,12.652716636657715,0,0.1587672233581543,19.92902374267578,9.19136905670166,37,25,30,0,
2025-12-30 10:30:13.175000,9d,Toxicity,Original,,95.23495483398438,2.309187650680542,220.2403564453125,0.6341477632522583,0.5749489068984985,0.6917426586151123,11.153897285461426,9.40898323059082,12.379057884216309,0.38425034284591675,0.24593882262706757,0.9912692904472351,12.886845588684082,0,0.16971725225448608,18.283252716064453,7.953100204467773,37,25,30,0,
2025-12-30 10:30:13.175000,FinePointe Series WBP [SN 139781]  Site 2 Bias Flow is out of range.,,,,,,,,,,,,,,,,,,,,,,,,,
2025-12-30 10:30:15.175000,9d,Toxicity,Original,,137.04092407226562,2.3682961463928223,321.7740783691406,0.4878350496292114,0.47877568006515503,0.7769418954849243,11.153897285461426,14.189007759094238,16.02337646484375,0.2639629542827606,0.1896349936723709,1.2418397665023804,12.187715530395508,0,0.1348995566368103,20.454660415649414,7.590210914611816,37,25,30,0,
2025-12-30 10:30:15.175000,FinePointe Series WBP [SN 139781]  Site 1 Bias Flow is out of range.,,,,,,,,,,,,,,,,,,,,,,,,,
2025-12-30 10:30:15.175000,FinePointe Series WBP [SN 139781]  Site 3 Bias Flow is out of range.,,,,,,,,,,,,,,,,,,,,,,,,,
2025-12-30 10:30:15.175000,FinePointe Series WBP [SN 10499C]  Site 3 Bias Flow is out of range.,,,,,,,,,,,,,,,,,,,,,,,,,
2025-12-30 10:30:15.175000,FinePointe Series WBP [SN 139781]  Site 4 Bias Flow is out of range.,,,,,,,,,,,,,,,,,,,,,,,,,
2025-12-30 10:30:17.176000,9d,Toxicity,Original,,193.44712829589844,1.6154361963272095,310.6881408691406,0.48298728466033936,0.526178777217865,0.751980185508728,11.153897285461426,14.70401668548584,13.822029113769531,0.16985850036144257,0.1447216421365738,1.0946855545043945,10.395567893981934,0,0.09814003854990005,16.506690979003906,10.555474281311035,37,25,30,28.571428298950195,
2025-12-30 10:30:19.175000,9d,Toxicity,Original,,246.53277587890625,1.1648011207580566,279.89971923828125,0.524447500705719,0.5347252488136292,0.7367578744888306,11.153897285461426,14.61551284790039,14.024867057800293,0.125498965382576,0.12102654576301575,1.1204620599746704,8.089590072631836,0,0.08092153072357178,16.24343490600586,11.687176704406738,37,25,30,25,
2025-12-30 10:30:21.175000,9d,Toxicity,Original,,203.52801513671875,1.7271983623504639,345.0774230957031,0.34323328733444214,0.603300929069519,0.6645780801773071,11.153897285461426,18.112815856933594,10.623086929321289,0.14776690304279327,0.1628631353378296,0.8870410919189453,7.709648609161377,0,0.10590697824954987,11.779714584350586,10.784006118774414,37,25,30,50,
2025-12-30 10:30:23.176000,9d,Toxicity,Original,,92.2222900390625,2.954634189605713,272.4675598144531,0.462981253862381,0.6184463500976562,0.6560782194137573,11.153897285461426,11.420960426330566,9.414371490478516,0.4022524952888489,0.2483498603105545,0.8227708339691162,11.803050994873047,0,0.1621588170528412,17.729236602783203,8.213943481445312,37,25,30,50,
2025-12-30 10:30:23.176000,FinePointe Series WBP [SN 139781]  Site 2 Bias Flow is out of range.,,,,,,,,,,,,,,,,,,,,,,,,,
2025-12-30 10:30:25.175000,9d,Toxicity,Original,,137.15257263183594,1.871957540512085,247.3011016845703,0.6227624416351318,0.551414430141449,0.6550341844558716,11.153897285461426,11.078715324401855,14.17057991027832,0.29135873913764954,0.19738662242889404,1.225912094116211,14.073007583618164,0,0.1369132101535797,21.25257110595703,8.351982116699219,37,25,30,50,
2025-12-30 10:30:25.175000,FinePointe Series WBP [SN 139781]  Site 1 Bias Flow is out of range.,,,,,,,,,,,,,,,,,,,,,,,,,
2025-12-30 10:30:25.175000,FinePointe Series WBP [SN 139781]  Site 3 Bias Flow is out of range.,,,,,,,,,,,,,,,,,,,,,,,,,
2025-12-30 10:30:25.175000,FinePointe Series WBP [SN 10499C]  Site 3 Bias Flow is out of range.,,,,,,,,,,,,,,,,,,,,,,,,,
2025-12-30 10:30:25.175000,FinePointe Series WBP [SN 139781]  Site 4 Bias Flow is out of range.,,,,,,,,,,,,,,,,,,,,,,,,,
2025-12-30 10:30:27.176000,9d,Toxicity,Original,,142.4122314453125,2.19278621673584,314.8134460449219,0.6382923126220703,0.5454710125923157,0.6949092149734497,11.153897285461426,12.423476219177246,15.070342063903809,0.2607637047767639,0.16212612390518188,1.2753686904907227,8.852395057678223,0,0.1094532459974289,17.31785774230957,8.543192863464355,37,25,30,50,
2025-12-30 10:30:29.176000,9d,Toxicity,Original,,179.03521728515625,1.8981044292449951,331.404296875,0.5062900185585022,0.5563523173332214,0.6423221826553345,11.153897285461426,15.360462188720703,14.170494079589844,0.18910719454288483,0.15077856183052063,1.1603295803070068,11.014070510864258,0,0.10060456395149231,19.02379035949707,11.194458961486816,37,25,30,50,
2025-12-30 10:30:31.175000,9d,Toxicity,Original,,188.33139038085938,1.6839871406555176,306.8749694824219,0.47299522161483765,0.5149452090263367,0.7572981715202332,11.153897285461426,16.418561935424805,15.616195678710938,0.1614488810300827,0.1623220294713974,1.2219105958938599,9.45688247680664,0,0.11042634397745132,15.801337242126465,10.380945205688477,37,25,30,50,
2025-12-30 10:30:33.176000,9d,Toxicity,Original,,241.84776306152344,1.4168514013290405,304.9031982421875,0.45571768283843994,0.5253567695617676,0.7562841176986694,11.153897285461426,15.480968475341797,14.055185317993164,0.13634225726127625,0.1353299468755722,1.1051772832870483,8.674725532531738,0,0.09150485694408417,16.347396850585938,10.894371032714844,37,25,30,50,
2025-12-30 10:30:33.176000,FinePointe Series WBP [SN 139781]  Site 2 Bias Flow is out of range.,,,,,,,,,,,,,,,,,,,,,,,,,
2025-12-30 10:30:35.175000,9d,Toxicity,Original,,219.24383544921875,1.8725643157958984,270.4056701660156,0.35265520215034485,0.4642751216888428,0.77051842212677,11.153897285461426,15.300865173339844,12.284927368164062,0.17284062504768372,0.2028169184923172,0.9841734766960144,54.89704513549805,0,0.15390531718730927,22.54017448425293,10.128105163574219,37,25,30,62.5,
2025-12-30 10:30:35.175000,FinePointe Series WBP [SN 139781]  Site 1 Bias Flow is out of range.,,,,,,,,,,,,,,,,,,,,,,,,,
2025-12-30 10:30:35.175000,FinePointe Series WBP [SN 139781]  Site 3 Bias Flow is out of range.,,,,,,,,,,,,,,,,,,,,,,,,,
2025-12-30 10:30:35.175000,FinePointe Series WBP [SN 10499C]  Site 3 Bias Flow is out of range.,,,,,,,,,,,,,,,,,,,,,,,,,
2025-12-30 10:30:35.175000,FinePointe Series WBP [SN 139781]  Site 4 Bias Flow is out of range.,,,,,,,,,,,,,,,,,,,,,,,,,
2025-12-30 10:30:37.175000,9d,Toxicity,Original,,95.85954284667969,3.0500028133392334,292.3153991699219,0.3828694522380829,0.52687668800354,0.7891010046005249,11.153897285461426,12.772904396057129,11.250578880310059,0.36102649569511414,0.2657912075519562,0.867485761642456,15.807132720947266,0,0.1840844601392746,17.664316177368164,7.246618270874023,37,25,30,0,
2025-12-30 10:30:39.176000,9d,Toxicity,Original,,93.90287017822266,2.1012871265411377,196.59226989746094,0.7997440695762634,0.5633577704429626,0.7295319437980652,11.153897285461426,8.26699447631836,14.358824729919434,0.37130051851272583,0.2688545882701874,1.119353175163269,12.759754180908203,0,0.18627507984638214,19.776845932006836,7.2498393058776855,37,25,30,0,
2025-12-30 10:30:41.175000,9d,Toxicity,Original,,96.3182373046875,1.9711880683898926,189.90765380859375,0.783835768699646,0.5559629201889038,0.6597264409065247,11.153897285461426,9.321081161499023,15.305084228515625,0.36521536111831665,0.25776365399360657,1.300097942352295,14.200337409973145,0,0.17736637592315674,22.718647003173828,7.614421844482422,37,25,30,33.33333206176758,
2025-12-30 10:30:43.175000,9d,Toxicity,Original,,100.01370239257812,2.4524447917938232,246.143798828125,0.5556097030639648,0.5068905353546143,0.7950381636619568,11.153897285461426,10.806436538696289,13.97690486907959,0.3545694947242737,0.24922776222229004,1.0967786312103271,15.467397689819336,0,0.17654794454574585,19.69674301147461,6.405282974243164,37,25,30,0,
2025-12-30 10:30:43.175000,FinePointe Series WBP [SN 139781]  Site 2 Bias Flow is out of range.,,,,,,,,,,,,,,,,,,,,,,,,,
2025-12-30 10:30:43.175000,FinePointe Series WBP [SN 10499C]  Site 3 Bias Flow is out of range.,,,,,,,,,,,,,,,,,,,,,,,,,
2025-12-30 10:30:45.176000,9d,Toxicity,Original,,199.4830322265625,1.989720106124878,395.66546630859375,0.4760138690471649,0.5391023755073547,0.7223560810089111,11.153897285461426,16.4375057220459,14.777495384216309,0.18522679805755615,0.11756874620914459,1.212587594985962,9.415375709533691,0,0.07963106036186218,17.333799362182617,9.886270523071289,37,25,30,50,
2025-12-30 10:30:45.176000,FinePointe Series WBP [SN 139781]  Site 1 Bias Flow is out of range.,,,,,,,,,,,,,,,,,,,,,,,,,
2025-12-30 10:30:45.176000,FinePointe Series WBP [SN 139781]  Site 3 Bias Flow is out of range.,,,,,,,,,,,,,,,,,,,,,,,,,
2025-12-30 10:30:45.176000,FinePointe Series WBP [SN 139781]  Site 4 Bias Flow is out of range.,,,,,,,,,,,,,,,,,,,,,,,,,
2025-12-30 10:30:47.175000,9d,Toxicity,Original,,132.3824462890625,2.2227869033813477,294.4234619140625,0.32971811294555664,0.39161843061447144,0.8389729261398315,11.153897285461426,14.116456985473633,13.26107406616211,0.24230149388313293,0.21095964312553406,0.7706681489944458,11.7353515625,0,0.1565513014793396,17.651823043823242,4.253581523895264,37,25,30,60,
2025-12-30 10:30:49.176000,9d,Toxicity,Original,,143.05206298828125,2.9427602291107178,299.09588623046875,1.6000562906265259,1.440524935722351,0.4730452597141266,11.153897285461426,22.25747299194336,11.934253692626953,0.23664546012878418,0.42506495118141174,0.7890017032623291,8.889620780944824,40.163204193115234,0.15339766442775726,8.761301040649414,15.87681770324707,37,25,30,0,
2025-12-30 10:30:51.175000,9d,Toxicity,Original,,110.52719116210938,2.1237385272979736,234.4322967529297,0.401750773191452,0.6181879043579102,0.7272573709487915,11.153897285461426,12.614527702331543,8.144948959350586,0.261120080947876,0.28328490257263184,0.6636117100715637,10.765459060668945,0,0.18094395101070404,10.220941543579102,11.614618301391602,37,25,30,0,
2025-12-30 10:30:53.175000,9d,Toxicity,Original,,111.9792709350586,1.8823623657226562,211.0065460205078,0.6726576685905457,0.6234093904495239,0.622486412525177,11.153897285461426,10.322526931762695,11.495965003967285,0.2687130868434906,0.2674759030342102,0.977745532989502,9.492799758911133,0,0.17054630815982819,13.088417053222656,11.276766777038574,37,25,30,0,
2025-12-30 10:30:53.175000,FinePointe Series WBP [SN 139781]  Site 2 Bias Flow is out of range.,,,,,,,,,,,,,,,,,,,,,,,,,
2025-12-30 10:30:53.175000,FinePointe Series WBP [SN 139781]  Site 1 Bias Flow is out of range.,,,,,,,,,,,,,,,,,,,,,,,,,
2025-12-30 10:30:53.175000,FinePointe Series WBP [SN 10499C]  Site 3 Bias Flow is out of range.,,,,,,,,,,,,,,,,,,,,,,,,,
2025-12-30 10:30:55.176000,9d,Toxicity,Original,,156.80673217773438,1.9059489965438843,297.19952392578125,0.5297714471817017,0.5173093676567078,0.7745270729064941,11.153897285461426,13.63966178894043,15.105242729187012,0.20747873187065125,0.18964873254299164,1.1244889497756958,9.84920597076416,0,0.1295045018196106,14.827179908752441,9.276145935058594,37,25,30,0,
2025-12-30 10:30:55.176000,FinePointe Series WBP [SN 139781]  Site 3 Bias Flow is out of range.,,,,,,,,,,,,,,,,,,,,,,,,,
2025-12-30 10:30:55.176000,FinePointe Series WBP [SN 139781]  Site 4 Bias Flow is out of range.,,,,,,,,,,,,,,,,,,,,,,,,,
2025-12-30 10:30:57.175000,9d,Toxicity,Original,,184.06338500976562,1.595240592956543,279.2452697753906,0.5451457500457764,0.5043641924858093,0.7499621510505676,11.153897285461426,14.24433708190918,15.577335357666016,0.17646430432796478,0.16397443413734436,1.2716121673583984,12.856544494628906,0,0.11354626715183258,19.05742645263672,11.070174217224121,37,25,30,16.66666603088379,
2025-12-30 10:30:59.175000,9d,Toxicity,Original,,194.1315155029297,1.5886836051940918,297.3375244140625,0.4244493246078491,0.502875804901123,0.7555351257324219,11.153897285461426,16.555553436279297,14.298576354980469,0.15310677886009216,0.16285738348960876,1.086572289466858,13.140372276306152,0,0.11234768480062485,16.784278869628906,11.704344749450684,37,25,30,0,
2025-12-30 10:31:01.176000,9d,Toxicity,Original,,102.1292724609375,2.5212650299072266,257.2832336425781,0.337526798248291,0.5871659517288208,0.8554063439369202,11.153897285461426,12.892644882202148,8.154348373413086,0.30297794938087463,0.28527170419692993,0.6310359239578247,13.315611839294434,0,0.18726302683353424,12.825041770935059,8.947553634643555,37,25,30,25,
2025-12-30 10:31:03.175000,9d,Toxicity,Original,,105.06330871582031,2.2569234371185303,237.1454315185547,0.46588319540023804,0.5396375060081482,0.7950122356414795,11.153897285461426,10.971658706665039,10.644830703735352,0.30662304162979126,0.2648755609989166,0.7699006199836731,13.451240539550781,0,0.18102577328681946,15.530016899108887,6.943138599395752,37,25,30,0,
2025-12-30 10:31:03.175000,FinePointe Series WBP [SN 139781]  Site 2 Bias Flow is out of range.,,,,,,,,,,,,,,,,,,,,,,,,,
2025-12-30 10:31:05.176000,9d,Toxicity,Original,,102.80215454101562,1.8897371292114258,194.37326049804688,0.6079808473587036,0.5320834517478943,0.7713459134101868,11.153897285461426,9.210078239440918,12.524127960205078,0.30749911069869995,0.2764131426811218,0.9246042966842651,13.36485767364502,0,0.18985994160175323,15.73819637298584,6.76616096496582,37,25,30,0,
2025-12-30 10:31:05.176000,FinePointe Series WBP [SN 139781]  Site 1 Bias Flow is out of range.,,,,,,,,,,,,,,,,,,,,,,,,,
2025-12-30 10:31:05.176000,FinePointe Series WBP [SN 139781]  Site 3 Bias Flow is out of range.,,,,,,,,,,,,,,,,,,,,,,,,,
2025-12-30 10:31:05.176000,FinePointe Series WBP [SN 10499C]  Site 3 Bias Flow is out of range.,,,,,,,,,,,,,,,,,,,,,,,,,
2025-12-30 10:31:07.175000,9d,Toxicity,Original,,100.78111267089844,1.9885247945785522,200.06625366210938,0.6496257781982422,0.5419332981109619,0.757918119430542,11.153897285461426,9.270999908447266,12.633395195007324,0.33336758613586426,0.2630953788757324,1.0004315376281738,13.048379898071289,0,0.1803172379732132,18.28461456298828,8.015552520751953,37,25,30,0,
2025-12-30 10:31:07.175000,FinePointe Series WBP [SN 139781]  Site 4 Bias Flow is out of range.,,,,,,,,,,,,,,,,,,,,,,,,,
2025-12-30 10:31:09.175000,9d,Toxicity,Original,,132.108642578125,2.3482415676116943,312.23577880859375,0.4592430591583252,0.4953916668891907,0.7899264097213745,11.153897285461426,14.669472694396973,15.230901718139648,0.24184824526309967,0.21547022461891174,1.1308571100234985,12.885796546936035,0,0.15019115805625916,16.291221618652344,8.248153686523438,37,25,30,25,
2025-12-30 10:31:11.176000,9d,Toxicity,Original,,214.47134399414062,1.5116055011749268,299.8901062011719,0.5500280261039734,0.5469866991043091,0.7281750440597534,11.153897285461426,14.504077911376953,14.912225723266602,0.15305563807487488,0.13935764133930206,1.2073808908462524,8.507089614868164,0,0.09259961545467377,16.015525817871094,11.345952987670898,37,25,30,14.285714149475098,
2025-12-30 10:31:13.175000,9d,Toxicity,Original,,223.33578491210938,1.4737465381622314,275.8638916015625,0.49910804629325867,0.5263863205909729,0.7355008721351624,11.153897285461426,13.840140342712402,13.826786041259766,0.15129874646663666,0.14828747510910034,1.087106466293335,7.5360212326049805,0,0.10114041715860367,14.96793270111084,11.196961402893066,37,25,30,42.85714340209961,
2025-12-30 10:31:13.175000,FinePointe Series WBP [SN 139781]  Site 2 Bias Flow is out of range.,,,,,,,,,,,,,,,,,,,,,,,,,
2025-12-30 10:31:15.175000,9d,Toxicity,Original,,201.29248046875,1.9293627738952637,283.57025146484375,0.4653284251689911,0.641107439994812,0.7828911542892456,11.153897285461426,14.313563346862793,11.29991340637207,0.1979566067457199,0.18389013409614563,0.9437786936759949,7.117232322692871,0,0.11373884975910187,12.488181114196777,11.481314659118652,37,25,30,66.66666412353516,
2025-12-30 10:31:15.175000,FinePointe Series WBP [SN 139781]  Site 1 Bias Flow is out of range.,,,,,,,,,,,,,,,,,,,,,,,,,
2025-12-30 10:31:15.175000,FinePointe Series WBP [SN 139781]  Site 3 Bias Flow is out of range.,,,,,,,,,,,,,,,,,,,,,,,,,
2025-12-30 10:31:15.175000,FinePointe Series WBP [SN 10499C]  Site 3 Bias Flow is out of range.,,,,,,,,,,,,,,,,,,,,,,,,,
2025-12-30 10:31:15.175000,FinePointe Series WBP [SN 139781]  Site 4 Bias Flow is out of range.,,,,,,,,,,,,,,,,,,,,,,,,,
2025-12-30 10:31:17.176000,9d,Toxicity,Original,,93.55622100830078,2.924858808517456,273.6728820800781,0.40787333250045776,0.541742742061615,0.7903909087181091,11.153897285461426,11.3634672164917,10.156473159790039,0.37950173020362854,0.26182666420936584,0.7258772850036621,13.138313293457031,0,0.1797146499156952,16.476694107055664,6.168399810791016,37,25,30,33.33333206176758,
2025-12-30 10:31:19.175000,9d,Toxicity,Original,,95.31535339355469,2.045238494873047,194.39935302734375,0.6419860124588013,0.5601142048835754,0.7200531959533691,11.153897285461426,9.414692878723145,12.66772747039795,0.35515376925468445,0.274935781955719,1.049384355545044,16.076385498046875,0,0.19172032177448273,21.118824005126953,8.592131614685059,37,25,30,0,
2025-12-30 10:31:21.176000,9d,Toxicity,Original,,249.91021728515625,1.285706639289856,321.13348388671875,0.4849396347999573,0.5626521706581116,0.7061222791671753,11.153897285461426,16.218929290771484,14.316692352294922,0.12260551005601883,0.1179923266172409,1.1819484233856201,6.4001264572143555,0,0.07736075669527054,15.113779067993164,13.557878494262695,37,25,30,66.66666412353516,
2025-12-30 10:31:23.176000,9d,Toxicity,Original,,202.06324768066406,1.7217345237731934,330.63482666015625,0.39081984758377075,0.478346049785614,0.7586639523506165,11.153897285461426,16.006059646606445,13.728047370910645,0.1672169417142868,0.140669047832489,1.0477728843688965,12.861414909362793,0,0.09929212182760239,19.17320442199707,9.768228530883789,37,25,30,16.66666603088379,
2025-12-30 10:31:23.176000,FinePointe Series WBP [SN 139781]  Site 2 Bias Flow is out of range.,,,,,,,,,,,,,,,,,,,,,,,,,
2025-12-30 10:31:25.175000,9d,Toxicity,Original,,151.8491973876953,2.0147993564605713,298.96185302734375,0.604869544506073,0.5290670394897461,0.7590416669845581,11.153897285461426,12.73084545135498,15.017294883728027,0.24214176833629608,0.15580615401268005,1.2170588970184326,10.194698333740234,0,0.10620195418596268,13.349489212036133,8.244081497192383,37,25,30,66.66666412353516,
2025-12-30 10:31:25.175000,FinePointe Series WBP [SN 139781]  Site 1 Bias Flow is out of range.,,,,,,,,,,,,,,,,,,,,,,,,,
2025-12-30 10:31:25.175000,FinePointe Series WBP [SN 139781]  Site 3 Bias Flow is out of range.,,,,,,,,,,,,,,,,,,,,,,,,,
2025-12-30 10:31:25.175000,FinePointe Series WBP [SN 10499C]  Site 3 Bias Flow is out of range.,,,,,,,,,,,,,,,,,,,,,,,,,
2025-12-30 10:31:25.175000,FinePointe Series WBP [SN 139781]  Site 4 Bias Flow is out of range.,,,,,,,,,,,,,,,,,,,,,,,,,
2025-12-30 10:31:27.176000,9d,Toxicity,Original,,170.80274963378906,2.059967279434204,340.47100830078125,0.4484308958053589,0.48320916295051575,0.7689415812492371,11.153897285461426,15.906880378723145,14.873766899108887,0.19518399238586426,0.16366532444953918,1.1965045928955078,13.984794616699219,0,0.11529988050460815,18.199237823486328,8.82005786895752,37,25,30,42.85714340209961,
2025-12-30 10:31:29.175000,9d,Toxicity,Original,,254.55810546875,1.3607182502746582,299.8170166015625,0.508988082408905,0.5749836564064026,0.6397826671600342,11.153897285461426,14.809110641479492,13.715126037597656,0.13211411237716675,0.11868536472320557,1.1406028270721436,7.370325565338135,0,0.07770521193742752,15.890481948852539,9.383879661560059,37,25,30,50,
2025-12-30 10:31:31.175000,9d,Toxicity,Original,,170.17848205566406,2.168774366378784,363.2070617675781,0.4357565939426422,0.5050476789474487,0.7201224565505981,11.153897285461426,16.906694412231445,14.634443283081055,0.19369499385356903,0.1622036099433899,1.1615264415740967,11.240966796875,0,0.11221612989902496,16.81123924255371,9.989421844482422,37,25,30,33.33333206176758,
2025-12-30 10:31:33.176000,9d,Toxicity,Original,,162.81004333496094,2.219691514968872,364.4305114746094,0.3894275724887848,0.5260399580001831,0.7859403491020203,11.153897285461426,16.08698844909668,11.993254661560059,0.20408451557159424,0.1709282249212265,0.8528155088424683,8.543539047241211,0,0.11562508344650269,13.499332427978516,8.774296760559082,37,25,30,50,
2025-12-30 10:31:33.176000,FinePointe Series WBP [SN 139781]  Site 2 Bias Flow is out of range.,,,,,,,,,,,,,,,,,,,,,,,,,
2025-12-30 10:31:35.175000,9d,Toxicity,Original,,95.80845642089844,2.151226758956909,206.105712890625,0.3002699017524719,0.5821408033370972,0.8956955075263977,11.153897285461426,12.724295616149902,9.572220802307129,0.2913143038749695,0.3349352478981018,0.5769668221473694,14.421865463256836,0,0.21995270252227783,11.101530075073242,5.9712114334106445,37,25,30,83.33333587646484,
2025-12-30 10:31:35.175000,FinePointe Series WBP [SN 139781]  Site 1 Bias Flow is out of range.,,,,,,,,,,,,,,,,,,,,,,,,,
2025-12-30 10:31:35.175000,FinePointe Series WBP [SN 139781]  Site 3 Bias Flow is out of range.,,,,,,,,,,,,,,,,,,,,,,,,,
2025-12-30 10:31:35.175000,FinePointe Series WBP [SN 10499C]  Site 3 Bias Flow is out of range.,,,,,,,,,,,,,,,,,,,,,,,,,
2025-12-30 10:31:35.175000,FinePointe Series WBP [SN 139781]  Site 4 Bias Flow is out of range.,,,,,,,,,,,,,,,,,,,,,,,,,
2025-12-30 10:31:37.175000,9d,Toxicity,Original,,251.5147247314453,1.8837605714797974,365.7751770019531,0.46029409766197205,0.5736067891120911,0.6900217533111572,11.153897285461426,15.838672637939453,12.058822631835938,0.16190733015537262,0.1290620118379593,0.9459271430969238,8.501618385314941,0,0.08681628108024597,14.70683479309082,9.674088478088379,37,25,30,42.85714340209961,
2025-12-30 10:31:39.176000,9d,Toxicity,Original,,202.21229553222656,1.6072314977645874,307.6261901855469,0.5211033225059509,0.5229229927062988,0.7107382416725159,11.153897285461426,15.046446800231934,15.278700828552246,0.16165143251419067,0.14530406892299652,1.240493893623352,11.502960205078125,0,0.09922680258750916,18.135746002197266,11.342360496520996,37,25,30,44.44444274902344,
2025-12-30 10:31:41.175000,9d,Toxicity,Original,,108.27213287353516,1.879328727722168,203.4789276123047,0.49935227632522583,0.6646004915237427,0.8156675696372986,11.153897285461426,14.336740493774414,10.20898723602295,0.2206900417804718,0.3334691822528839,0.782805323600769,11.93878173828125,0,0.20617792010307312,9.189871788024902,11.200413703918457,37,25,30,75,
2025-12-30 10:31:43.176000,9d,Toxicity,Original,,92.23748016357422,3.106189727783203,285.8680419921875,0.4050050973892212,0.5797078609466553,0.8075289130210876,11.153897285461426,11.774524688720703,9.890190124511719,0.3807052671909332,0.2701791524887085,0.7514282464981079,12.181456565856934,0,0.17809726297855377,12.854204177856445,7.877525329589844,37,25,30,25,
2025-12-30 10:31:43.176000,FinePointe Series WBP [SN 139781]  Site 2 Bias Flow is out of range.,,,,,,,,,,,,,,,,,,,,,,,,,
2025-12-30 10:31:45.175000,9d,Toxicity,Original,,100.38689422607422,2.4724342823028564,249.13189697265625,0.5492228269577026,0.5804908275604248,0.6662373542785645,11.153897285461426,11.495810508728027,11.695640563964844,0.3359997272491455,0.26334184408187866,0.9428126811981201,13.55237865447998,0,0.17590124905109406,18.129987716674805,8.52678108215332,37,25,30,0,
2025-12-30 10:31:45.175000,FinePointe Series WBP [SN 139781]  Site 1 Bias Flow is out of range.,,,,,,,,,,,,,,,,,,,,,,,,,
2025-12-30 10:31:45.175000,FinePointe Series WBP [SN 139781]  Site 3 Bias Flow is out of range.,,,,,,,,,,,,,,,,,,,,,,,,,
2025-12-30 10:31:45.175000,FinePointe Series WBP [SN 10499C]  Site 3 Bias Flow is out of range.,,,,,,,,,,,,,,,,,,,,,,,,,
2025-12-30 10:31:45.175000,FinePointe Series WBP [SN 139781]  Site 4 Bias Flow is out of range.,,,,,,,,,,,,,,,,,,,,,,,,,
2025-12-30 10:31:47.175000,9d,Toxicity,Original,,256.12762451171875,1.3451279401779175,325.24078369140625,0.6677055358886719,0.6307049989700317,0.6470851898193359,11.153897285461426,13.97354507446289,14.780972480773926,0.1418527215719223,0.10068509727716446,1.266462802886963,5.946148872375488,0,0.06352042406797409,14.200199127197266,13.063920974731445,37,25,30,50,
2025-12-30 10:31:49.176000,9d,Toxicity,Original,,173.1862030029297,2.1611578464508057,374.8461608886719,0.48971307277679443,0.5120977163314819,0.7339190244674683,11.153897285461426,15.985597610473633,14.947171211242676,0.20111355185508728,0.14831385016441345,1.1860449314117432,10.272302627563477,0,0.1024872213602066,16.01514434814453,9.07131576538086,37,25,30,40,
2025-12-30 10:31:51.175000,9d,Toxicity,Original,,157.9788818359375,2.0289037227630615,314.5635681152344,0.39110395312309265,0.5186419486999512,0.7600341439247131,11.153897285461426,16.244508743286133,13.407181739807129,0.1933719366788864,0.1919797956943512,1.0041855573654175,9.222038269042969,0,0.13063324987888336,14.598424911499023,9.619949340820312,37,25,30,57.14285659790039,
2025-12-30 10:31:53.175000,9d,Toxicity,Original,,118.57442474365234,2.23402738571167,264.83135986328125,0.41620922088623047,0.5790303945541382,0.8617587685585022,11.153897285461426,16.8981990814209,13.767467498779297,0.21965017914772034,0.3172760605812073,0.9278215169906616,11.258949279785156,0,0.20418837666511536,9.036066055297852,6.327970504760742,37,25,30,33.33333206176758,
2025-12-30 10:31:53.175000,FinePointe Series WBP [SN 139781]  Site 2 Bias Flow is out of range.,,,,,,,,,,,,,,,,,,,,,,,,,
2025-12-30 10:31:53.175000,FinePointe Series WBP [SN 10499C]  Site 3 Bias Flow is out of range.,,,,,,,,,,,,,,,,,,,,,,,,,
2025-12-30 10:31:55.176000,9d,Toxicity,Original,,147.07749938964844,2.481428861618042,360.5019836425781,0.3980143368244171,0.4747067987918854,0.7554971575737,11.153897285461426,15.850194931030273,14.086793899536133,0.21949566900730133,0.1917853057384491,1.0678421258926392,11.901277542114258,0,0.13467174768447876,16.638427734375,8.023603439331055,37,25,30,40,
2025-12-30 10:31:55.176000,FinePointe Series WBP [SN 139781]  Site 1 Bias Flow is out of range.,,,,,,,,,,,,,,,,,,,,,,,,,
2025-12-30 10:31:55.176000,FinePointe Series WBP [SN 139781]  Site 3 Bias Flow is out of range.,,,,,,,,,,,,,,,,,,,,,,,,,
2025-12-30 10:31:55.176000,FinePointe Series WBP [SN 139781]  Site 4 Bias Flow is out of range.,,,,,,,,,,,,,,,,,,,,,,,,,
2025-12-30 10:31:57.175000,9d,Toxicity,Original,,86.32524108886719,1.822368860244751,157.31642150878906,0.6684455871582031,0.6617513298988342,0.8543462157249451,11.153897285461426,10.098836898803711,10.588315963745117,0.3228314220905304,0.3722144365310669,0.6651331782341003,13.004283905029297,0,0.2356618493795395,13.159757614135742,8.936724662780762,37,25,30,75,
2025-12-30 10:31:59.176000,9d,Toxicity,Original,,87.31476593017578,2.5928938388824463,224.60317993164062,0.3787004351615906,0.5868233442306519,0.8316723108291626,11.153897285461426,11.424997329711914,9.689486503601074,0.36878201365470886,0.32759183645248413,0.6571587324142456,13.289284706115723,0,0.21363553404808044,13.027135848999023,4.875557899475098,37,25,30,0,
2025-12-30 10:32:01.175000,9d,Toxicity,Original,,140.48788452148438,2.3931429386138916,328.63018798828125,0.3638022243976593,0.4758053123950958,0.8026040196418762,11.153897285461426,16.54538917541504,13.782583236694336,0.2230742871761322,0.21998819708824158,0.9929753541946411,14.41098690032959,0,0.15528172254562378,16.701719284057617,7.874748706817627,37,25,30,0,
2025-12-30 10:32:03.175000,9d,Toxicity,Original,,142.87469482421875,2.178173065185547,307.9742431640625,0.5158851146697998,0.49678346514701843,0.7399569749832153,11.153897285461426,14.944189071655273,15.794929504394531,0.21822400391101837,0.2134881615638733,1.2029463052749634,12.402674674987793,0,0.14710675179958344,16.634033203125,8.412439346313477,37,25,30,0,
2025-12-30 10:32:03.175000,FinePointe Series WBP [SN 139781]  Site 2 Bias Flow is out of range.,,,,,,,,,,,,,,,,,,,,,,,,,
2025-12-30 10:32:05.176000,9d,Toxicity,Original,,169.95677185058594,1.6807138919830322,283.95257568359375,0.5428603887557983,0.5388734936714172,0.7179117202758789,11.153897285461426,14.588215827941895,14.802940368652344,0.17514127492904663,0.18129464983940125,1.1614395380020142,8.347929000854492,0,0.1209312379360199,14.288232803344727,10.512794494628906,37,25,30,42.85714340209961,
2025-12-30 10:32:05.176000,FinePointe Series WBP [SN 139781]  Site 1 Bias Flow is out of range.,,,,,,,,,,,,,,,,,,,,,,,,,
2025-12-30 10:32:05.176000,FinePointe Series WBP [SN 10499C]  Site 3 Bias Flow is out of range.,,,,,,,,,,,,,,,,,,,,,,,,,
2025-12-30 10:32:05.176000,FinePointe Series WBP [SN 139781]  Site 3 Bias Flow is out of range.,,,,,,,,,,,,,,,,,,,,,,,,,
2025-12-30 10:32:07.175000,9d,Toxicity,Original,,214.719482421875,1.6698017120361328,293.4527893066406,0.39581504464149475,0.5556731820106506,0.7719359993934631,11.153897285461426,15.688302040100098,11.555133819580078,0.16242650151252747,0.168503537774086,0.8620390892028809,9.261914253234863,0,0.11063174903392792,14.895718574523926,10.576061248779297,37,25,30,28.571428298950195,
2025-12-30 10:32:07.175000,FinePointe Series WBP [SN 139781]  Site 4 Bias Flow is out of range.,,,,,,,,,,,,,,,,,,,,,,,,,
2025-12-30 10:32:09.175000,9d,Toxicity,Original,,118.73210906982422,2.2683942317962646,261.91424560546875,0.37208282947540283,0.6235746145248413,0.8603715896606445,11.153897285461426,14.289210319519043,9.468070983886719,0.24714502692222595,0.29138728976249695,0.6564768552780151,11.052690505981445,0,0.18318182229995728,10.422725677490234,7.273774147033691,37,25,30,50,
2025-12-30 10:32:11.176000,9d,Toxicity,Original,,85.17951965332031,2.5877745151519775,219.5421142578125,0.4443824887275696,0.5419008731842041,0.8306835293769836,11.153897285461426,10.468498229980469,10.802091598510742,0.3804514408111572,0.3249308466911316,0.6919416785240173,12.536018371582031,0,0.22169829905033112,15.161005973815918,6.006660461425781,37,25,30,0,
2025-12-30 10:32:13.175000,9d,Toxicity,Original,,113.09152221679688,2.1219563484191895,243.61685180664062,0.5560584664344788,0.5196247696876526,0.7956416606903076,11.153897285461426,11.216169357299805,13.82508373260498,0.31448838114738464,0.24290943145751953,1.050207495689392,12.146425247192383,0,0.16919034719467163,19.004682540893555,7.674413681030273,37,25,30,0,
2025-12-30 10:32:13.175000,FinePointe Series WBP [SN 139781]  Site 2 Bias Flow is out of range.,,,,,,,,,,,,,,,,,,,,,,,,,
2025-12-30 10:32:15.176000,9d,Toxicity,Original,,152.75579833984375,3.1674396991729736,383.60076904296875,0.5432834029197693,0.5323182344436646,0.7772130370140076,11.153897285461426,19.0842342376709,17.163576126098633,0.2683534026145935,0.21481956541538239,1.3615204095840454,13.383225440979004,0,0.15011295676231384,15.790120124816895,17.02835464477539,37,25,30,25,
2025-12-30 10:32:15.176000,FinePointe Series WBP [SN 139781]  Site 1 Bias Flow is out of range.,,,,,,,,,,,,,,,,,,,,,,,,,
2025-12-30 10:32:15.176000,FinePointe Series WBP [SN 139781]  Site 3 Bias Flow is out of range.,,,,,,,,,,,,,,,,,,,,,,,,,
2025-12-30 10:32:15.176000,FinePointe Series WBP [SN 10499C]  Site 3 Bias Flow is out of range.,,,,,,,,,,,,,,,,,,,,,,,,,
2025-12-30 10:32:17.176000,9d,Toxicity,Original,,184.0874481201172,1.488614559173584,250.99673461914062,0.3084353804588318,0.4498102068901062,0.8516790866851807,11.153897285461426,17.134174346923828,12.198343276977539,0.14279595017433167,0.22295206785202026,0.7048999071121216,11.375349998474121,0,0.15861541032791138,9.516059875488281,8.224181175231934,37,25,30,50,
2025-12-30 10:32:17.176000,FinePointe Series WBP [SN 139781]  Site 4 Bias Flow is out of range.,,,,,,,,,,,,,,,,,,,,,,,,,
2025-12-30 10:32:19.175000,9d,Toxicity,Original,,115.68097686767578,2.8029301166534424,344.09619140625,0.4643496870994568,0.6402771472930908,0.8590365648269653,11.153897285461426,16.300743103027344,13.259328842163086,0.25306907296180725,0.29818129539489746,0.8869037628173828,9.672693252563477,0,0.18317633867263794,8.194786071777344,7.210979461669922,37,25,30,66.66666412353516,
2025-12-30 10:32:21.176000,9d,Toxicity,Original,,87.5951919555664,2.6923117637634277,234.94676208496094,0.37709715962409973,0.5805184245109558,0.848943829536438,11.153897285461426,12.074299812316895,8.707453727722168,0.3475685119628906,0.3393605053424835,0.5558807253837585,13.997512817382812,0,0.225065678358078,13.1727933883667,6.124046802520752,37,25,30,0,
2025-12-30 10:32:23.175000,9d,Toxicity,Original,,90.54612731933594,2.26336669921875,203.4761199951172,0.5591941475868225,0.5797271132469177,0.7752178907394409,11.153897285461426,9.935358047485352,12.015168190002441,0.34973058104515076,0.3211561441421509,0.8924038410186768,12.564461708068848,0,0.21398140490055084,15.416033744812012,7.7227983474731445,37,25,30,0,
2025-12-30 10:32:23.175000,FinePointe Series WBP [SN 139781]  Site 2 Bias Flow is out of range.,,,,,,,,,,,,,,,,,,,,,,,,,
2025-12-30 10:32:25.175000,9d,Toxicity,Original,,97.2379150390625,2.1252520084381104,206.56295776367188,0.5661364793777466,0.515979528427124,0.7840713262557983,11.153897285461426,10.385963439941406,14.05168628692627,0.3439631462097168,0.27360889315605164,1.1106098890304565,16.81403350830078,0,0.19538350403308868,20.692258834838867,6.841339588165283,37,25,30,0,
2025-12-30 10:32:25.175000,FinePointe Series WBP [SN 139781]  Site 1 Bias Flow is out of range.,,,,,,,,,,,,,,,,,,,,,,,,,
2025-12-30 10:32:25.175000,FinePointe Series WBP [SN 139781]  Site 3 Bias Flow is out of range.,,,,,,,,,,,,,,,,,,,,,,,,,
2025-12-30 10:32:25.175000,FinePointe Series WBP [SN 10499C]  Site 3 Bias Flow is out of range.,,,,,,,,,,,,,,,,,,,,,,,,,
2025-12-30 10:32:25.175000,FinePointe Series WBP [SN 139781]  Site 4 Bias Flow is out of range.,,,,,,,,,,,,,,,,,,,,,,,,,
2025-12-30 10:32:27.176000,9d,Toxicity,Original,,101.00061798095703,2.4108409881591797,243.4906005859375,0.4763118326663971,0.5266283750534058,0.7414900064468384,11.153897285461426,11.556876182556152,12.771162033081055,0.3312336504459381,0.2628224790096283,0.9723538756370544,13.902705192565918,0,0.18348275125026703,17.517547607421875,6.9365339279174805,37,25,30,0,
2025-12-30 10:32:29.175000,9d,Toxicity,Original,,87.08868408203125,2.5342111587524414,220.30911254882812,0.452077716588974,0.49511638283729553,0.8202821612358093,11.153897285461426,10.198258399963379,10.997304916381836,0.3640315532684326,0.3417923152446747,0.8321966528892517,12.630380630493164,0,0.24838194251060486,17.63809585571289,5.748689651489258,37,25,30,0,
2025-12-30 10:32:31.175000,9d,Toxicity,Original,,115.0587158203125,2.2654521465301514,259.13287353515625,0.473300963640213,0.4742908477783203,0.7939869165420532,11.153897285461426,13.210745811462402,14.351897239685059,0.29799917340278625,0.23549309372901917,1.0694904327392578,15.11526870727539,0,0.1709159016609192,20.61781883239746,7.36855936050415,37,25,30,0,
2025-12-30 10:32:33.176000,9d,Toxicity,Original,,142.58970642089844,2.347621440887451,332.36614990234375,0.3718445897102356,0.43797168135643005,0.7701160907745361,11.153897285461426,13.98841667175293,12.46444034576416,0.2265615165233612,0.1969476342201233,0.7851255536079407,10.423418998718262,0,0.14263054728507996,14.228927612304688,6.098335266113281,37,25,30,40,
2025-12-30 10:32:33.176000,FinePointe Series WBP [SN 139781]  Site 2 Bias Flow is out of range.,,,,,,,,,,,,,,,,,,,,,,,,,
2025-12-30 10:32:35.175000,9d,Toxicity,Original,,147.88572692871094,1.7377537488937378,256.52825927734375,0.43757736682891846,0.5591626167297363,0.8210619688034058,11.153897285461426,15.519291877746582,12.507832527160645,0.17650093138217926,0.2349281907081604,0.913640022277832,10.574888229370117,0,0.153069406747818,13.912205696105957,9.663044929504395,37,25,30,40,
2025-12-30 10:32:35.175000,FinePointe Series WBP [SN 139781]  Site 1 Bias Flow is out of range.,,,,,,,,,,,,,,,,,,,,,,,,,
2025-12-30 10:32:35.175000,FinePointe Series WBP [SN 139781]  Site 3 Bias Flow is out of range.,,,,,,,,,,,,,,,,,,,,,,,,,
2025-12-30 10:32:35.175000,FinePointe Series WBP [SN 10499C]  Site 3 Bias Flow is out of range.,,,,,,,,,,,,,,,,,,,,,,,,,
2025-12-30 10:32:35.175000,FinePointe Series WBP [SN 139781]  Site 4 Bias Flow is out of range.,,,,,,,,,,,,,,,,,,,,,,,,,
2025-12-30 10:32:37.176000,9d,Toxicity,Original,,92.7095718383789,2.8316850662231445,262.47625732421875,0.298483669757843,0.6061281561851501,0.8556183576583862,11.153897285461426,13.151711463928223,8.64545726776123,0.3478310704231262,0.30003100633621216,0.5259025692939758,12.10109806060791,0,0.19312356412410736,12.30537223815918,6.529987335205078,37,25,30,0,
2025-12-30 10:32:39.175000,9d,Toxicity,Original,,170.1090087890625,1.9987422227859497,302.16473388671875,0.5755327939987183,0.5090773105621338,0.7544204592704773,11.153897285461426,13.751421928405762,16.448501586914062,0.215622216463089,0.17712020874023438,1.2573577165603638,9.987646102905273,0,0.12340594828128815,17.578899383544922,8.839689254760742,37,25,30,33.33333206176758,
2025-12-30 10:32:41.175000,9d,Toxicity,Original,,149.16661071777344,1.9890344142913818,289.6976318359375,0.3644719421863556,0.3887556195259094,0.7929610013961792,11.153897285461426,13.701910018920898,14.168191909790039,0.2148735076189041,0.21502971649169922,0.9008034467697144,12.626343727111816,0,0.1612982153892517,13.50739860534668,5.601152420043945,37,25,30,60,
2025-12-30 10:32:43.176000,9d,Toxicity,Original,,151.17791748046875,2.41024112701416,353.4729919433594,0.2839949429035187,0.4537559747695923,0.8161344528198242,11.153897285461426,18.287559509277344,12.254422187805176,0.2027706801891327,0.20007149875164032,0.7449076175689697,12.6351900100708,0,0.1425420641899109,12.637091636657715,7.5739922523498535,37,25,30,40,
2025-12-30 10:32:43.176000,FinePointe Series WBP [SN 139781]  Site 2 Bias Flow is out of range.,,,,,,,,,,,,,,,,,,,,,,,,,
2025-12-30 10:32:45.175000,9d,Toxicity,Original,,85.47773742675781,2.8445231914520264,240.41026306152344,0.3639572858810425,0.7010343074798584,0.891386866569519,11.153897285461426,13.357550621032715,8.282614707946777,0.3397405743598938,0.3734375536441803,0.4447839558124542,10.13621711730957,0,0.22746405005455017,6.731686592102051,9.055891036987305,37,25,30,0,
2025-12-30 10:32:45.175000,FinePointe Series WBP [SN 139781]  Site 1 Bias Flow is out of range.,,,,,,,,,,,,,,,,,,,,,,,,,
2025-12-30 10:32:45.175000,FinePointe Series WBP [SN 139781]  Site 3 Bias Flow is out of range.,,,,,,,,,,,,,,,,,,,,,,,,,
2025-12-30 10:32:45.175000,FinePointe Series WBP [SN 10499C]  Site 3 Bias Flow is out of range.,,,,,,,,,,,,,,,,,,,,,,,,,
2025-12-30 10:32:45.175000,FinePointe Series WBP [SN 139781]  Site 4 Bias Flow is out of range.,,,,,,,,,,,,,,,,,,,,,,,,,
2025-12-30 10:32:47.175000,9d,Toxicity,Original,,119.06619262695312,2.5353565216064453,297.6474609375,0.3995096683502197,0.4802558422088623,0.8273787498474121,11.153897285461426,13.62155532836914,13.369674682617188,0.2678230106830597,0.24665097892284393,0.8562840819358826,11.620999336242676,0,0.17340050637722015,14.216089248657227,6.36324405670166,37,25,30,0,
2025-12-30 10:32:49.176000,9d,Toxicity,Original,,232.21258544921875,1.3807168006896973,273.2838134765625,0.6884989142417908,0.5780566930770874,0.6660336852073669,11.153897285461426,13.46141529083252,15.524701118469238,0.1518813669681549,0.1399327516555786,1.2585089206695557,7.051199913024902,0,0.09348323941230774,14.070551872253418,10.994962692260742,37,25,30,42.85714340209961,
2025-12-30 10:32:51.175000,9d,Toxicity,Original,,158.94174194335938,2.006690740585327,269.76947021484375,0.3791075050830841,0.5006678700447083,0.8063309192657471,11.153897285461426,15.199856758117676,12.915916442871094,0.2058977484703064,0.222360759973526,0.9264429807662964,17.199054718017578,0,0.1573939025402069,14.985286712646484,7.7792205810546875,37,25,30,40,
2025-12-30 10:32:53.176000,9d,Toxicity,Original,,77.18567657470703,2.880662441253662,221.57333374023438,0.3246084451675415,0.6112610101699829,0.8948941826820374,11.153897285461426,11.92746353149414,8.098033905029297,0.37412095069885254,0.4048878848552704,0.3833105266094208,13.796103477478027,0,0.26087045669555664,7.603187561035156,3.981736183166504,37,25,30,0,
2025-12-30 10:32:53.176000,FinePointe Series WBP [SN 139781]  Site 2 Bias Flow is out of range.,,,,,,,,,,,,,,,,,,,,,,,,,
2025-12-30 10:32:53.176000,FinePointe Series WBP [SN 10499C]  Site 3 Bias Flow is out of range.,,,,,,,,,,,,,,,,,,,,,,,,,
2025-12-30 10:32:55.175000,9d,Toxicity,Original,,105.9200668334961,2.582146167755127,269.23529052734375,0.4723469614982605,0.483747273683548,0.8330726027488708,11.153897285461426,12.11998176574707,14.526516914367676,0.3417445421218872,0.25364094972610474,0.9608142971992493,12.425154685974121,0,0.18192194402217865,18.67845916748047,5.153965950012207,37,25,30,0,
2025-12-30 10:32:55.175000,FinePointe Series WBP [SN 139781]  Site 1 Bias Flow is out of range.,,,,,,,,,,,,,,,,,,,,,,,,,
2025-12-30 10:32:55.175000,FinePointe Series WBP [SN 139781]  Site 3 Bias Flow is out of range.,,,,,,,,,,,,,,,,,,,,,,,,,
2025-12-30 10:32:55.175000,FinePointe Series WBP [SN 139781]  Site 4 Bias Flow is out of range.,,,,,,,,,,,,,,,,,,,,,,,,,
2025-12-30 10:32:57.175000,9d,Toxicity,Original,,197.98965454101562,1.909346103668213,375.92913818359375,0.4333123564720154,0.475480854511261,0.7336177825927734,11.153897285461426,17.164756774902344,15.479334831237793,0.16588109731674194,0.13769236207008362,1.2293548583984375,13.980751991271973,0,0.09732086956501007,19.76030158996582,10.307247161865234,37,25,30,33.33333206176758,
2025-12-30 10:32:59.176000,9d,Toxicity,Original,,155.306640625,2.025578022003174,298.2754211425781,0.43394967913627625,0.5581201910972595,0.8033301830291748,11.153897285461426,15.755197525024414,12.863542556762695,0.19674210250377655,0.21844658255577087,0.8831971287727356,9.681909561157227,0,0.1437363177537918,12.0526762008667,8.247903823852539,37,25,30,50,
2025-12-30 10:33:01.175000,9d,Toxicity,Original,,157.42462158203125,1.81216561794281,278.4473876953125,0.39997780323028564,0.49905019998550415,0.8260186910629272,11.153897285461426,15.819355010986328,13.441230773925781,0.18140922486782074,0.21695548295974731,0.8361659646034241,9.947787284851074,0,0.14965082705020905,11.348679542541504,5.69419002532959,37,25,30,25,
2025-12-30 10:33:03.175000,9d,Toxicity,Original,,126.71080017089844,1.7938523292541504,226.33816528320312,0.3095647692680359,0.49841850996017456,0.8656364679336548,11.153897285461426,14.64104175567627,9.491964340209961,0.20151260495185852,0.2721288502216339,0.7032340168952942,11.462316513061523,0,0.1944105476140976,9.853818893432617,4.716772556304932,37,25,30,33.33333206176758,
2025-12-30 10:33:03.175000,FinePointe Series WBP [SN 139781]  Site 2 Bias Flow is out of range.,,,,,,,,,,,,,,,,,,,,,,,,,
2025-12-30 10:33:05.176000,9d,Toxicity,Original,,84.7820053100586,2.441338062286377,205.479248046875,0.5042264461517334,0.5513638257980347,0.8361963033676147,11.153897285461426,10.003116607666016,11.57243537902832,0.3848203420639038,0.32824134826660156,0.8024632930755615,12.492700576782227,0,0.22318165004253387,15.50994873046875,5.111551284790039,37,25,30,60,
2025-12-30 10:33:05.176000,FinePointe Series WBP [SN 10499C]  Site 3 Bias Flow is out of range.,,,,,,,,,,,,,,,,,,,,,,,,,
2025-12-30 10:33:05.176000,FinePointe Series WBP [SN 139781]  Site 1 Bias Flow is out of range.,,,,,,,,,,,,,,,,,,,,,,,,,
2025-12-30 10:33:05.176000,FinePointe Series WBP [SN 139781]  Site 3 Bias Flow is out of range.,,,,,,,,,,,,,,,,,,,,,,,,,
2025-12-30 10:33:07.175000,9d,Toxicity,Original,,108.80421447753906,2.031594753265381,222.20724487304688,0.5765155553817749,0.4710084795951843,0.8334810733795166,11.153897285461426,10.340188026428223,15.697998046875,0.30383679270744324,0.2567023038864136,1.102524757385254,14.594820976257324,0,0.18775314092636108,18.684383392333984,6.512348175048828,37,25,30,33.33333206176758,
2025-12-30 10:33:07.175000,FinePointe Series WBP [SN 139781]  Site 4 Bias Flow is out of range.,,,,,,,,,,,,,,,,,,,,,,,,,
2025-12-30 10:33:09.176000,9d,Toxicity,Original,,153.4536590576172,2.108076810836792,321.107177734375,0.49996045231819153,0.4934418797492981,0.777402937412262,11.153897285461426,14.932700157165527,15.611005783081055,0.2070147842168808,0.19187168776988983,1.0532240867614746,10.603935241699219,0,0.13465259969234467,14.446062088012695,6.665277481079102,37,25,30,20,
2025-12-30 10:33:11.176000,9d,Toxicity,Original,,134.23800659179688,2.260298013687134,306.4163818359375,0.35346081852912903,0.47670263051986694,0.8530704975128174,11.153897285461426,16.14160919189453,13.167489051818848,0.20843423902988434,0.25006791949272156,0.775171160697937,17.253742218017578,0,0.17402741312980652,11.428028106689453,7.892332077026367,37,25,30,25,
2025-12-30 10:33:13.175000,9d,Toxicity,Original,,117.03326416015625,2.4193530082702637,281.9363098144531,0.24218042194843292,0.6045691967010498,0.8740841150283813,11.153897285461426,16.872861862182617,8.44163703918457,0.22439450025558472,0.29839131236076355,0.5702240467071533,10.37230110168457,0,0.19117504358291626,9.214700698852539,7.809719085693359,37,25,30,33.33333206176758,
2025-12-30 10:33:13.175000,FinePointe Series WBP [SN 139781]  Site 2 Bias Flow is out of range.,,,,,,,,,,,,,,,,,,,,,,,,,
2025-12-30 10:33:15.176000,9d,Toxicity,Original,,79.21795654296875,2.7839479446411133,220.12725830078125,0.31617575883865356,0.5069018602371216,0.8360307216644287,11.153897285461426,10.990650177001953,9.021340370178223,0.4262118637561798,0.3316386342048645,0.490531861782074,13.690513610839844,0,0.2327026128768921,15.136534690856934,3.5864663124084473,37,25,30,33.33333206176758,
2025-12-30 10:33:15.176000,FinePointe Series WBP [SN 139781]  Site 1 Bias Flow is out of range.,,,,,,,,,,,,,,,,,,,,,,,,,
2025-12-30 10:33:15.176000,FinePointe Series WBP [SN 10499C]  Site 3 Bias Flow is out of range.,,,,,,,,,,,,,,,,,,,,,,,,,
2025-12-30 10:33:15.176000,FinePointe Series WBP [SN 139781]  Site 3 Bias Flow is out of range.,,,,,,,,,,,,,,,,,,,,,,,,,
2025-12-30 10:33:17.175000,9d,Toxicity,Original,,102.43743896484375,2.3078315258026123,238.3568115234375,0.4456031024456024,0.4973958134651184,0.8349440097808838,11.153897285461426,11.92931842803955,12.273059844970703,0.3341270387172699,0.2716830372810364,0.7569172978401184,13.233659744262695,0,0.1938088834285736,17.87323760986328,6.489070892333984,37,25,30,0,
2025-12-30 10:33:17.175000,FinePointe Series WBP [SN 139781]  Site 4 Bias Flow is out of range.,,,,,,,,,,,,,,,,,,,,,,,,,
2025-12-30 10:33:19.175000,9d,Toxicity,Original,,131.8743438720703,2.286609649658203,308.0111083984375,0.5273430943489075,0.5695568919181824,0.7756767272949219,11.153897285461426,14.838151931762695,14.183269500732422,0.22849825024604797,0.23248672485351562,1.0737817287445068,9.917657852172852,2.6629819869995117,0.15301614999771118,11.928995132446289,8.703668594360352,37,25,30,50,
2025-12-30 10:33:21.176000,9d,Toxicity,Original,,78.65696716308594,2.7472121715545654,214.14659118652344,0.4869955778121948,0.7574514746665955,0.905185341835022,11.153897285461426,12.349557876586914,9.907989501953125,0.35397103428840637,0.41097891330718994,0.40614908933639526,10.741263389587402,0,0.2425682544708252,4.822689056396484,2.668348789215088,37,25,30,0,
2025-12-30 10:33:23.175000,9d,Toxicity,Original,,113.44837951660156,2.9400687217712402,323.606689453125,0.39128583669662476,0.49286743998527527,0.7979206442832947,11.153897285461426,12.96259880065918,12.132370948791504,0.33679765462875366,0.22314715385437012,0.8097233176231384,10.641918182373047,0,0.1559644490480423,15.645292282104492,6.123143672943115,37,25,30,0,
2025-12-30 10:33:23.175000,FinePointe Series WBP [SN 139781]  Site 2 Bias Flow is out of range.,,,,,,,,,,,,,,,,,,,,,,,,,
2025-12-30 10:33:25.175000,9d,Toxicity,Original,,118.03874969482422,2.2462027072906494,265.406005859375,0.29649657011032104,0.41380876302719116,0.8564652800559998,11.153897285461426,15.89272689819336,13.011282920837402,0.21548345685005188,0.29289934039115906,0.6836747527122498,12.970520973205566,0,0.21213304996490479,9.840982437133789,3.353248357772827,37,25,30,0,
2025-12-30 10:33:25.175000,FinePointe Series WBP [SN 139781]  Site 1 Bias Flow is out of range.,,,,,,,,,,,,,,,,,,,,,,,,,
2025-12-30 10:33:25.175000,FinePointe Series WBP [SN 139781]  Site 3 Bias Flow is out of range.,,,,,,,,,,,,,,,,,,,,,,,,,
2025-12-30 10:33:25.175000,FinePointe Series WBP [SN 10499C]  Site 3 Bias Flow is out of range.,,,,,,,,,,,,,,,,,,,,,,,,,
2025-12-30 10:33:27.176000,9d,Toxicity,Original,,152.17408752441406,2.2923076152801514,337.92083740234375,0.4090285003185272,0.5925650596618652,0.7772520780563354,11.153897285461426,15.541129112243652,11.068380355834961,0.23807036876678467,0.18122321367263794,0.8437187075614929,7.033249855041504,0,0.11638128012418747,15.689506530761719,9.109099388122559,37,25,30,33.33333206176758,
2025-12-30 10:33:27.176000,FinePointe Series WBP [SN 139781]  Site 4 Bias Flow is out of range.,,,,,,,,,,,,,,,,,,,,,,,,,
2025-12-30 10:33:29.175000,9d,Toxicity,Original,,98.9307632446289,2.1188035011291504,209.61485290527344,0.21766787767410278,0.4185105264186859,0.9103838205337524,11.153897285461426,14.449264526367188,9.391563415527344,0.21763776242733002,0.3888469934463501,0.3478361666202545,15.511631965637207,0,0.27962541580200195,5.218411922454834,,37,25,30,85.71428680419922,
2025-12-30 10:33:31.176000,9d,Toxicity,Original,,133.82278442382812,2.5503668785095215,339.47064208984375,0.275797575712204,0.3897148668766022,0.8257300853729248,11.153897285461426,17.34645652770996,13.364521980285645,0.21773739159107208,0.234689399600029,0.8709985017776489,13.398001670837402,0,0.1743573099374771,16.97893524169922,5.538107395172119,37,25,30,40,
2025-12-30 10:33:33.175000,9d,Toxicity,Original,,133.59568786621094,1.7033320665359497,226.9673309326172,0.3361523747444153,0.46058183908462524,0.8673491477966309,11.153897285461426,14.774370193481445,12.31662368774414,0.17710579931735992,0.27356088161468506,0.7319129705429077,10.41309928894043,0,0.19368840754032135,10.039959907531738,5.920510292053223,37,25,30,0,
2025-12-30 10:33:33.175000,FinePointe Series WBP [SN 139781]  Site 2 Bias Flow is out of range.,,,,,,,,,,,,,,,,,,,,,,,,,
2025-12-30 10:33:35.175000,9d,Toxicity,Original,,122.75723266601562,1.8465516567230225,232.85650634765625,0.43805834650993347,0.9066181778907776,0.8742989301681519,11.153897285461426,17.080684661865234,9.970783233642578,0.17352426052093506,0.3719002604484558,0.5085233449935913,7.427982807159424,0,0.1835094839334488,6.550382614135742,7.883700847625732,37,25,30,25,
2025-12-30 10:33:35.175000,FinePointe Series WBP [SN 139781]  Site 1 Bias Flow is out of range.,,,,,,,,,,,,,,,,,,,,,,,,,
2025-12-30 10:33:35.175000,FinePointe Series WBP [SN 139781]  Site 3 Bias Flow is out of range.,,,,,,,,,,,,,,,,,,,,,,,,,
2025-12-30 10:33:35.175000,FinePointe Series WBP [SN 10499C]  Site 3 Bias Flow is out of range.,,,,,,,,,,,,,,,,,,,,,,,,,
2025-12-30 10:33:35.175000,FinePointe Series WBP [SN 139781]  Site 4 Bias Flow is out of range.,,,,,,,,,,,,,,,,,,,,,,,,,
2025-12-30 10:33:37.176000,9d,Toxicity,Original,,79.07830810546875,2.674734592437744,210.31752014160156,0.3939550518989563,0.5453886389732361,0.8445003032684326,11.153897285461426,9.702646255493164,9.088552474975586,0.4166404604911804,0.3464491367340088,0.5626668334007263,11.396584510803223,0,0.2367924153804779,13.267220497131348,3.8336498737335205,37,25,30,0,
2025-12-30 10:33:39.175000,9d,Toxicity,Original,,107.343994140625,2.396780252456665,261.1085205078125,0.4121980667114258,0.4705020487308502,0.8511530756950378,11.153897285461426,12.540902137756348,12.131482124328613,0.2909492254257202,0.2767431139945984,0.7007887363433838,14.06017780303955,0,0.19652652740478516,13.95394515991211,5.6898512840271,37,25,30,0,
2025-12-30 10:33:43.176000,9d,Toxicity,Original,,128.62411499023438,2.49039363861084,322.8546142578125,0.3208814263343811,0.40964359045028687,0.8318198919296265,11.153897285461426,17.945051193237305,15.50532054901123,0.2052457630634308,0.26182639598846436,0.949478805065155,11.734634399414062,0,0.191391721367836,13.398458480834961,4.021820545196533,37,25,30,66.66666412353516,
2025-12-30 10:33:43.176000,FinePointe Series WBP [SN 139781]  Site 2 Bias Flow is out of range.,,,,,,,,,,,,,,,,,,,,,,,,,
2025-12-30 10:33:45.175000,9d,Toxicity,Original,,85.47105407714844,2.960268974304199,253.01730346679688,0.3358089029788971,0.56948322057724,0.8502963185310364,11.153897285461426,12.27667236328125,9.160966873168945,0.38445571064949036,0.3175363540649414,0.689132809638977,10.353286743164062,0,0.2117157280445099,14.225512504577637,5.621594429016113,37,25,30,80,
2025-12-30 10:33:45.175000,FinePointe Series WBP [SN 139781]  Site 1 Bias Flow is out of range.,,,,,,,,,,,,,,,,,,,,,,,,,
2025-12-30 10:33:45.175000,FinePointe Series WBP [SN 139781]  Site 3 Bias Flow is out of range.,,,,,,,,,,,,,,,,,,,,,,,,,
2025-12-30 10:33:45.175000,FinePointe Series WBP [SN 10499C]  Site 3 Bias Flow is out of range.,,,,,,,,,,,,,,,,,,,,,,,,,
2025-12-30 10:33:45.175000,FinePointe Series WBP [SN 139781]  Site 4 Bias Flow is out of range.,,,,,,,,,,,,,,,,,,,,,,,,,
2025-12-30 10:33:47.176000,9d,Toxicity,Original,,95.87845611572266,2.0499038696289062,196.2743682861328,0.5847615599632263,0.5877665281295776,0.7541471123695374,11.153897285461426,9.98240852355957,11.862614631652832,0.32852229475975037,0.2978665232658386,0.894259512424469,11.809701919555664,0,0.197866752743721,17.160646438598633,7.36484432220459,37,25,30,0,
2025-12-30 10:33:49.175000,9d,Toxicity,Original,,132.27835083007812,2.332120895385742,307.34149169921875,0.4146336019039154,0.496279239654541,0.7982378005981445,11.153897285461426,15.565804481506348,14.081663131713867,0.2206423133611679,0.2366950809955597,0.9620188474655151,10.462994575500488,0,0.16333185136318207,12.939711570739746,8.541800498962402,37,25,30,0,
2025-12-30 10:33:51.175000,9d,Toxicity,Original,,102.48080444335938,2.701083183288574,276.8551940917969,0.2453116476535797,0.4767136573791504,0.9066872000694275,11.153897285461426,16.301349639892578,10.091226577758789,0.24582317471504211,0.3408321440219879,0.29593172669410706,10.34229564666748,0,0.23655818402767181,3.2674100399017334,,37,25,30,50,
2025-12-30 10:33:53.176000,9d,Toxicity,Original,,128.07730102539062,1.9939876794815063,254.50502014160156,0.412859708070755,0.5152150988578796,0.8429787158966064,11.153897285461426,15.808795928955078,13.502731323242188,0.19576232135295868,0.276211678981781,0.8074837923049927,9.731664657592773,0,0.18737877905368805,11.105161666870117,6.610335826873779,37,25,30,40,
2025-12-30 10:33:53.176000,FinePointe Series WBP [SN 139781]  Site 2 Bias Flow is out of range.,,,,,,,,,,,,,,,,,,,,,,,,,
2025-12-30 10:33:55.175000,9d,Toxicity,Original,,169.332763671875,1.7670531272888184,285.45172119140625,0.3309133052825928,0.41515177488327026,0.8058801889419556,11.153897285461426,16.13267707824707,12.333222389221191,0.17823657393455505,0.1897784024477005,0.8047496676445007,19.255517959594727,0,0.1421189159154892,19.297611236572266,7.6311354637146,37,25,30,0,
2025-12-30 10:33:55.175000,FinePointe Series WBP [SN 139781]  Site 1 Bias Flow is out of range.,,,,,,,,,,,,,,,,,,,,,,,,,
2025-12-30 10:33:55.175000,FinePointe Series WBP [SN 139781]  Site 3 Bias Flow is out of range.,,,,,,,,,,,,,,,,,,,,,,,,,
2025-12-30 10:33:55.175000,FinePointe Series WBP [SN 10499C]  Site 3 Bias Flow is out of range.,,,,,,,,,,,,,,,,,,,,,,,,,
2025-12-30 10:33:55.175000,FinePointe Series WBP [SN 139781]  Site 4 Bias Flow is out of range.,,,,,,,,,,,,,,,,,,,,,,,,,
2025-12-30 10:33:57.175000,9d,Toxicity,Original,,151.4132080078125,2.051360607147217,290.33453369140625,0.3396150767803192,0.4525092840194702,0.8000630736351013,11.153897285461426,15.522611618041992,11.897774696350098,0.19575092196464539,0.23847968876361847,0.7766446471214294,9.788318634033203,0,0.17274709045886993,12.17297077178955,8.60853099822998,37,25,30,33.33333206176758,
2025-12-30 10:33:59.176000,9d,Toxicity,Original,,224.4564666748047,0.9913755655288696,222.52066040039062,0.5502996444702148,0.4992910921573639,0.77740877866745,11.153897285461426,10.869693756103516,12.672060012817383,0.13096199929714203,0.13635040819644928,0.9042564630508423,6.6893134117126465,0,0.09277310967445374,14.680721282958984,6.690765857696533,37,25,30,66.66666412353516,
2025-12-30 10:34:01.175000,9d,Toxicity,Original,,73.5826416015625,2.1059341430664062,153.0478515625,0.2924773097038269,0.6099712252616882,0.9226318597793579,11.153897285461426,13.219892501831055,7.926053047180176,0.29411518573760986,0.525274932384491,0.24642908573150635,12.04727554321289,0,0.3366767168045044,6.03444766998291,,37,25,30,71.42857360839844,
2025-12-30 10:34:03.176000,9d,Toxicity,Original,,92.24982452392578,2.2351162433624268,205.4124298095703,0.47718745470046997,0.5463539958000183,0.8154022693634033,11.153897285461426,9.629237174987793,10.200665473937988,0.3569275140762329,0.2958777844905853,0.7484475374221802,14.93975830078125,0,0.2042248696088791,16.327102661132812,7.198604583740234,37,25,30,0,
2025-12-30 10:34:03.176000,FinePointe Series WBP [SN 139781]  Site 2 Bias Flow is out of range.,,,,,,,,,,,,,,,,,,,,,,,,,
2025-12-30 10:34:03.176000,FinePointe Series WBP [SN 10499C]  Site 3 Bias Flow is out of range.,,,,,,,,,,,,,,,,,,,,,,,,,
2025-12-30 10:34:05.176000,9d,Toxicity,Original,,108.72004699707031,2.127120018005371,231.02479553222656,0.5026003122329712,0.5066996216773987,0.8314242959022522,11.153897285461426,11.168829917907715,12.814131736755371,0.3027800917625427,0.25534674525260925,0.8847312331199646,13.732608795166016,0,0.18022042512893677,17.00428009033203,6.961165904998779,37,25,30,0,
2025-12-30 10:34:05.176000,FinePointe Series WBP [SN 139781]  Site 1 Bias Flow is out of range.,,,,,,,,,,,,,,,,,,,,,,,,,
2025-12-30 10:34:05.176000,FinePointe Series WBP [SN 139781]  Site 3 Bias Flow is out of range.,,,,,,,,,,,,,,,,,,,,,,,,,
2025-12-30 10:34:07.175000,9d,Toxicity,Original,,107.22750854492188,2.0221328735351562,216.82826232910156,0.28111520409584045,0.31651854515075684,0.8767871856689453,11.153897285461426,15.603090286254883,16.644458770751953,0.21739962697029114,0.3421582877635956,1.0435000658035278,17.32559585571289,0,0.2673066556453705,16.65892791748047,2.676745891571045,37,25,30,75,
2025-12-30 10:34:07.175000,FinePointe Series WBP [SN 139781]  Site 4 Bias Flow is out of range.,,,,,,,,,,,,,,,,,,,,,,,,,
2025-12-30 10:34:09.176000,9d,Toxicity,Original,,103.05362701416016,1.7273274660110474,178.0073699951172,0.29981356859207153,0.9857804179191589,0.5187339186668396,11.153897285461426,16.222652435302734,3.838809013366699,0.17738929390907288,0.40483182668685913,0.3219519853591919,6.485238552093506,0,0.20655657351016998,,33.50532531738281,37,25,30,0,
2025-12-30 10:34:11.175000,9d,Toxicity,Original,,73.34144592285156,2.847081184387207,208.4595947265625,0.25843027234077454,0.4964034855365753,0.8933150172233582,11.153897285461426,11.49119758605957,8.100313186645508,0.3920677900314331,0.4287594258785248,0.26647934317588806,10.783815383911133,0,0.29534727334976196,5.905310153961182,,37,25,30,50,
2025-12-30 10:34:13.175000,9d,Toxicity,Original,,84.01473999023438,2.408050775527954,200.51687622070312,0.48008254170417786,0.5850227475166321,0.8357348442077637,11.153897285461426,9.919473648071289,9.984807968139648,0.3683895766735077,0.35179081559181213,0.6874207258224487,11.455794334411621,0,0.23209553956985474,13.9760103225708,6.215080261230469,37,25,30,0,
2025-12-30 10:34:13.175000,FinePointe Series WBP [SN 139781]  Site 2 Bias Flow is out of range.,,,,,,,,,,,,,,,,,,,,,,,,,
2025-12-30 10:34:15.176000,9d,Toxicity,Original,,89.51417541503906,1.8666794300079346,167.0989990234375,0.567432701587677,0.6209742426872253,0.7998459935188293,11.153897285461426,9.469200134277344,9.856586456298828,0.3435226380825043,0.32682040333747864,0.8216432332992554,11.656825065612793,0,0.21282640099525452,17.19971466064453,8.934514999389648,37,25,30,0,
2025-12-30 10:34:15.176000,FinePointe Series WBP [SN 139781]  Site 1 Bias Flow is out of range.,,,,,,,,,,,,,,,,,,,,,,,,,
2025-12-30 10:34:15.176000,FinePointe Series WBP [SN 10499C]  Site 3 Bias Flow is out of range.,,,,,,,,,,,,,,,,,,,,,,,,,
2025-12-30 10:34:15.176000,FinePointe Series WBP [SN 139781]  Site 3 Bias Flow is out of range.,,,,,,,,,,,,,,,,,,,,,,,,,
2025-12-30 10:34:17.175000,9d,Toxicity,Original,,87.00297546386719,2.071146011352539,180.15724182128906,0.458205908536911,0.5330870151519775,0.8468268513679504,11.153897285461426,9.237889289855957,10.375596046447754,0.37029579281806946,0.3193723261356354,0.6340817809104919,17.572711944580078,0,0.22477014362812042,18.228759765625,4.089513778686523,37,25,30,0,
2025-12-30 10:34:17.175000,FinePointe Series WBP [SN 139781]  Site 4 Bias Flow is out of range.,,,,,,,,,,,,,,,,,,,,,,,,,
2025-12-30 10:34:19.175000,9d,Toxicity,Original,,85.27233123779297,2.449521541595459,208.80130004882812,0.42901167273521423,0.5907596349716187,0.8462584614753723,11.153897285461426,10.15883731842041,9.178955078125,0.38201892375946045,0.32191765308380127,0.6647037863731384,11.255136489868164,0,0.2116803377866745,14.971736907958984,6.7132673263549805,37,25,30,0,
2025-12-30 10:34:21.176000,9d,Toxicity,Original,,116.56218719482422,2.3048017024993896,269.3385009765625,0.31215181946754456,0.4125598073005676,0.848612368106842,11.153897285461426,15.006536483764648,12.701101303100586,0.23522545397281647,0.28091108798980713,0.7512589693069458,13.876081466674805,0,0.20505216717720032,11.967808723449707,4.504903316497803,37,25,30,0,
2025-12-30 10:34:23.175000,9d,Toxicity,Original,,101.31843566894531,2.4713008403778076,250.67861938476562,0.2662855088710785,0.40704864263534546,0.9008976817131042,11.153897285461426,14.84124755859375,11.579566955566406,0.2416703701019287,0.35059604048728943,0.4965776801109314,10.941720962524414,0,0.2560085952281952,6.564107418060303,1.8996834754943848,37,25,30,33.33333206176758,
2025-12-30 10:34:23.175000,FinePointe Series WBP [SN 139781]  Site 2 Bias Flow is out of range.,,,,,,,,,,,,,,,,,,,,,,,,,
2025-12-30 10:34:25.176000,9d,Toxicity,Original,,102.83256530761719,2.1427385807037354,222.9691925048828,0.5541085004806519,0.6674076914787292,0.89742511510849,11.153897285461426,13.857980728149414,11.556297302246094,0.2390390932559967,0.3514688014984131,0.5797826647758484,7.960293292999268,0,0.2161412239074707,5.779260635375977,5.539765357971191,37,25,30,33.33333206176758,
2025-12-30 10:34:25.176000,FinePointe Series WBP [SN 139781]  Site 1 Bias Flow is out of range.,,,,,,,,,,,,,,,,,,,,,,,,,
2025-12-30 10:34:25.176000,FinePointe Series WBP [SN 139781]  Site 3 Bias Flow is out of range.,,,,,,,,,,,,,,,,,,,,,,,,,
2025-12-30 10:34:25.176000,FinePointe Series WBP [SN 10499C]  Site 3 Bias Flow is out of range.,,,,,,,,,,,,,,,,,,,,,,,,,
2025-12-30 10:34:27.175000,9d,Toxicity,Original,,68.83538818359375,2.450284242630005,169.8079376220703,0.23888534307479858,0.37456485629081726,0.9114486575126648,11.153897285461426,12.518890380859375,9.306679725646973,0.33904969692230225,0.5359587669372559,0.31294161081314087,16.04897689819336,0,0.4060896933078766,6.753151893615723,,37,25,30,0,
2025-12-30 10:34:27.175000,FinePointe Series WBP [SN 139781]  Site 4 Bias Flow is out of range.,,,,,,,,,,,,,,,,,,,,,,,,,
2025-12-30 10:34:29.175000,9d,Toxicity,Original,,115.3517837524414,2.1671290397644043,235.97621154785156,0.3394913077354431,0.42592817544937134,0.8552425503730774,11.153897285461426,12.064072608947754,11.23925495147705,0.2906531095504761,0.2648714780807495,0.7117548584938049,15.422619819641113,0,0.19404363632202148,17.902122497558594,5.175999641418457,37,25,30,0,
2025-12-30 10:34:31.176000,9d,Toxicity,Original,,122.5565185546875,2.1908345222473145,267.17315673828125,0.40927666425704956,0.3785691261291504,0.8356195092201233,11.153897285461426,12.997442245483398,15.369861602783203,0.23624616861343384,0.25416329503059387,0.9236406087875366,16.779420852661133,0,0.18989740312099457,16.49107551574707,5.7539777755737305,37,25,30,25,
2025-12-30 10:34:33.175000,9d,Toxicity,Original,,218.19622802734375,1.1922321319580078,242.89076232910156,0.35291168093681335,0.4598766565322876,0.7774025201797485,11.153897285461426,14.313240051269531,11.520166397094727,0.1355104297399521,0.1577024608850479,0.8003543615341187,9.886354446411133,0,0.11178513616323471,16.728776931762695,9.053794860839844,37,25,30,14.285714149475098,
2025-12-30 10:34:33.175000,FinePointe Series WBP [SN 139781]  Site 2 Bias Flow is out of range.,,,,,,,,,,,,,,,,,,,,,,,,,
2025-12-30 10:34:35.175000,9d,Toxicity,Original,,114.9415054321289,2.504857301712036,287.9120788574219,0.16958993673324585,0.31116002798080444,0.8969051837921143,11.153897285461426,18.34406089782715,11.099961280822754,0.20313036441802979,0.3188742995262146,0.5438995361328125,18.826396942138672,0,0.24821065366268158,14.863387107849121,1.2151944637298584,37,25,30,80,
2025-12-30 10:34:35.175000,FinePointe Series WBP [SN 139781]  Site 1 Bias Flow is out of range.,,,,,,,,,,,,,,,,,,,,,,,,,
2025-12-30 10:34:35.175000,FinePointe Series WBP [SN 139781]  Site 3 Bias Flow is out of range.,,,,,,,,,,,,,,,,,,,,,,,,,
2025-12-30 10:34:35.175000,FinePointe Series WBP [SN 10499C]  Site 3 Bias Flow is out of range.,,,,,,,,,,,,,,,,,,,,,,,,,
2025-12-30 10:34:35.175000,FinePointe Series WBP [SN 139781]  Site 4 Bias Flow is out of range.,,,,,,,,,,,,,,,,,,,,,,,,,
2025-12-30 10:34:37.176000,9d,Toxicity,Original,,111.70714569091797,2.0906691551208496,212.15643310546875,0.6742106676101685,0.9766393303871155,0.8764740228652954,11.153897285461426,15.229812622070312,12.41162109375,0.22249412536621094,0.4513220489025116,0.6309843063354492,8.142329216003418,0,0.21340689063072205,11.14482307434082,5.333701133728027,37,25,30,33.33333206176758,
2025-12-30 10:34:39.175000,9d,Toxicity,Original,,77.85551452636719,2.910248041152954,223.27622985839844,0.3433445990085602,0.4464651048183441,0.8738368153572083,11.153897285461426,11.106451034545898,10.379050254821777,0.3849680423736572,0.39869990944862366,0.44018229842185974,10.546213150024414,0,0.28900521993637085,10.762041091918945,3.197648048400879,37,25,30,0,
2025-12-30 10:34:41.176000,9d,Toxicity,Original,,85.2519302368164,2.045795202255249,174.24717712402344,0.5613309741020203,0.5085820555686951,0.8442031145095825,11.153897285461426,8.515316009521484,12.77200984954834,0.37966054677963257,0.32562553882598877,0.7922419309616089,14.600930213928223,0,0.23104995489120483,18.565204620361328,4.77971076965332,37,25,30,33.33333206176758,
2025-12-30 10:34:43.175000,9d,Toxicity,Original,,129.82070922851562,2.0007400512695312,258.92926025390625,0.4984021782875061,0.47238993644714355,0.822332501411438,11.153897285461426,13.303651809692383,14.743499755859375,0.24526061117649078,0.23610790073871613,0.8812194466590881,13.633344650268555,0,0.16759440302848816,15.594013214111328,7.802821159362793,37,25,30,33.33333206176758,
2025-12-30 10:34:43.175000,FinePointe Series WBP [SN 139781]  Site 2 Bias Flow is out of range.,,,,,,,,,,,,,,,,,,,,,,,,,
2025-12-30 10:34:45.175000,9d,Toxicity,Original,,144.5684814453125,2.3631551265716553,320.556884765625,0.35328471660614014,0.5966171622276306,0.8039098381996155,11.153897285461426,16.09679412841797,9.914844512939453,0.2213776707649231,0.22826191782951355,0.7002922296524048,8.256637573242188,0,0.14508913457393646,10.1587553024292,8.632041931152344,37,25,30,50,
2025-12-30 10:34:45.175000,FinePointe Series WBP [SN 139781]  Site 1 Bias Flow is out of range.,,,,,,,,,,,,,,,,,,,,,,,,,
2025-12-30 10:34:45.175000,FinePointe Series WBP [SN 139781]  Site 3 Bias Flow is out of range.,,,,,,,,,,,,,,,,,,,,,,,,,
2025-12-30 10:34:45.175000,FinePointe Series WBP [SN 10499C]  Site 3 Bias Flow is out of range.,,,,,,,,,,,,,,,,,,,,,,,,,
2025-12-30 10:34:45.175000,FinePointe Series WBP [SN 139781]  Site 4 Bias Flow is out of range.,,,,,,,,,,,,,,,,,,,,,,,,,
2025-12-30 10:34:47.176000,9d,Toxicity,Original,,116.49215698242188,2.2064692974090576,259.6800537109375,0.3576371967792511,0.4970971345901489,0.890029788017273,11.153897285461426,13.637262344360352,10.570751190185547,0.2376219630241394,0.28409722447395325,0.5089806914329529,9.887340545654297,0,0.19367194175720215,8.940004348754883,2.4355499744415283,37,25,30,50,
2025-12-30 10:34:49.175000,9d,Toxicity,Original,,157.80654907226562,1.9823369979858398,309.82470703125,0.3234027028083801,0.45864444971084595,0.7739150524139404,11.153897285461426,17.79930877685547,13.852001190185547,0.17919953167438507,0.20908692479133606,1.0194555521011353,18.18143653869629,0,0.15040223300457,19.606250762939453,8.916126251220703,37,25,30,0,
2025-12-30 10:34:51.175000,9d,Toxicity,Original,,154.07249450683594,1.6375820636749268,253.20217895507812,0.291604220867157,0.38925808668136597,0.8215136528015137,11.153897285461426,14.588027954101562,11.841917991638184,0.17270612716674805,0.22587095201015472,0.6761428117752075,11.058424949645996,0,0.1691201627254486,15.382393836975098,5.17539119720459,37,25,30,42.85714340209961,
2025-12-30 10:34:53.176000,9d,Toxicity,Original,,91.47463989257812,1.5603716373443604,142.73443603515625,0.17936588823795319,0.8847070336341858,0.9347820281982422,11.153897285461426,16.901403427124023,5.101387023925781,0.16168661415576935,0.4942328631877899,0.24800054728984833,22.513751983642578,0,0.26637834310531616,,,37,25,30,50,
2025-12-30 10:34:53.176000,FinePointe Series WBP [SN 139781]  Site 2 Bias Flow is out of range.,,,,,,,,,,,,,,,,,,,,,,,,,
2025-12-30 10:34:55.175000,9d,Toxicity,Original,,79.46569061279297,2.699516534805298,212.8643798828125,0.33661502599716187,0.4753960967063904,0.8898981213569641,11.153897285461426,10.619902610778809,10.12736701965332,0.3818467855453491,0.37890753149986267,0.5395450592041016,12.253318786621094,0,0.2672223746776581,10.66242504119873,1.9597108364105225,37,25,30,50,
2025-12-30 10:34:55.175000,FinePointe Series WBP [SN 139781]  Site 1 Bias Flow is out of range.,,,,,,,,,,,,,,,,,,,,,,,,,
2025-12-30 10:34:55.175000,FinePointe Series WBP [SN 139781]  Site 3 Bias Flow is out of range.,,,,,,,,,,,,,,,,,,,,,,,,,
2025-12-30 10:34:55.175000,FinePointe Series WBP [SN 10499C]  Site 3 Bias Flow is out of range.,,,,,,,,,,,,,,,,,,,,,,,,,
2025-12-30 10:34:55.175000,FinePointe Series WBP [SN 139781]  Site 4 Bias Flow is out of range.,,,,,,,,,,,,,,,,,,,,,,,,,
2025-12-30 10:34:57.175000,9d,Toxicity,Original,,86.5527114868164,2.1506400108337402,186.45480346679688,0.45837005972862244,0.5097209215164185,0.83924400806427,11.153897285461426,9.436765670776367,11.157514572143555,0.3532262146472931,0.3401625156402588,0.6875490546226501,13.772525787353516,0,0.24004267156124115,15.366741180419922,4.433865070343018,37,25,30,0,
2025-12-30 10:34:59.176000,9d,Toxicity,Original,,110.91033935546875,2.0026426315307617,219.9119110107422,0.39782091975212097,0.4227669835090637,0.8357290029525757,11.153897285461426,12.265362739562988,13.003600120544434,0.2813917398452759,0.28029412031173706,0.8497658967971802,13.864310264587402,0,0.2070569097995758,17.758235931396484,4.97724723815918,37,25,30,0,
2025-12-30 10:35:01.175000,9d,Toxicity,Original,,110.44380187988281,2.2050235271453857,246.7113800048828,0.3007022738456726,0.32419851422309875,0.8742979764938354,11.153897285461426,14.424764633178711,13.292196273803711,0.2181297242641449,0.33204084634780884,0.5531622171401978,13.27486801147461,0,0.2569793164730072,14.555620193481445,4.055665016174316,37,25,30,0,
2025-12-30 10:35:03.176000,9d,Toxicity,Original,,62.785213470458984,2.3325798511505127,146.45152282714844,0.5958377122879028,0.8609183430671692,0.9462769627571106,11.153897285461426,12.438665390014648,10.481170654296875,0.29832619428634644,0.6573128700256348,0.30185970664024353,7.123416423797607,0,0.3589101731777191,,,37,25,30,50,
2025-12-30 10:35:03.176000,FinePointe Series WBP [SN 139781]  Site 2 Bias Flow is out of range.,,,,,,,,,,,,,,,,,,,,,,,,,
2025-12-30 10:35:05.175000,9d,Toxicity,Original,,78.87998962402344,3.2035973072052,252.69972229003906,0.39280205965042114,0.5162407755851746,0.8534212708473206,11.153897285461426,10.970015525817871,10.18935489654541,0.4184969663619995,0.3421522378921509,0.5066338181495667,10.03242015838623,0,0.23420381546020508,9.829545021057129,3.3222031593322754,37,25,30,66.66666412353516,
2025-12-30 10:35:05.175000,FinePointe Series WBP [SN 139781]  Site 1 Bias Flow is out of range.,,,,,,,,,,,,,,,,,,,,,,,,,
2025-12-30 10:35:05.175000,FinePointe Series WBP [SN 139781]  Site 3 Bias Flow is out of range.,,,,,,,,,,,,,,,,,,,,,,,,,
2025-12-30 10:35:05.175000,FinePointe Series WBP [SN 10499C]  Site 3 Bias Flow is out of range.,,,,,,,,,,,,,,,,,,,,,,,,,
2025-12-30 10:35:05.175000,FinePointe Series WBP [SN 139781]  Site 4 Bias Flow is out of range.,,,,,,,,,,,,,,,,,,,,,,,,,
2025-12-30 10:35:07.175000,9d,Toxicity,Original,,87.06646728515625,2.255025863647461,195.8415069580078,0.5057187080383301,0.49012652039527893,0.8541839122772217,11.153897285461426,10.052522659301758,12.613923072814941,0.3724265992641449,0.3176212012767792,0.6697015762329102,13.37939453125,0,0.22552843391895294,18.392148971557617,3.5414931774139404,37,25,30,0,
2025-12-30 10:35:09.176000,9d,Toxicity,Original,,175.8715057373047,1.8097319602966309,303.2872009277344,0.439642995595932,0.5420575737953186,0.7686203718185425,11.153897285461426,14.565655708312988,12.620141983032227,0.18018198013305664,0.186848983168602,0.9269206523895264,8.20520305633545,0,0.12570568919181824,13.716816902160645,8.484530448913574,37,25,30,0,
2025-12-30 10:35:11.175000,9d,Toxicity,Original,,153.17971801757812,1.655320405960083,234.2169189453125,0.3586658835411072,0.47115764021873474,0.8288513422012329,11.153897285461426,14.928262710571289,12.11390495300293,0.16978320479393005,0.2982981204986572,0.6791625618934631,8.373294830322266,0,0.20764195919036865,18.470993041992188,13.316789627075195,37,25,30,66.66666412353516,
2025-12-30 10:35:13.175000,9d,Toxicity,Original,,121.64111328125,1.6118600368499756,198.5614013671875,0.4520709216594696,0.40668684244155884,0.8383984565734863,11.153897285461426,11.97378158569336,13.821410179138184,0.20083637535572052,0.29419252276420593,0.8709750175476074,7.67521858215332,0,0.21862049400806427,11.786191940307617,7.830294609069824,37,25,30,33.33333206176758,
2025-12-30 10:35:13.175000,FinePointe Series WBP [SN 139781]  Site 2 Bias Flow is out of range.,,,,,,,,,,,,,,,,,,,,,,,,,
2025-12-30 10:35:15.176000,9d,Toxicity,Original,,89.92085266113281,2.0628228187561035,185.29782104492188,0.6311838626861572,1.1464051008224487,0.5271120667457581,11.153897285461426,16.75934600830078,11.47364616394043,0.20425628125667572,0.463412880897522,0.3361624479293823,10.395240783691406,0,0.25570517778396606,,51.060630798339844,37,25,30,50,
2025-12-30 10:35:15.176000,FinePointe Series WBP [SN 10499C]  Site 3 Bias Flow is out of range.,,,,,,,,,,,,,,,,,,,,,,,,,
2025-12-30 10:35:15.176000,FinePointe Series WBP [SN 139781]  Site 1 Bias Flow is out of range.,,,,,,,,,,,,,,,,,,,,,,,,,
2025-12-30 10:35:15.176000,FinePointe Series WBP [SN 139781]  Site 3 Bias Flow is out of range.,,,,,,,,,,,,,,,,,,,,,,,,,
2025-12-30 10:35:17.175000,9d,Toxicity,Original,,125.3220443725586,4.189646244049072,286.6791687011719,0.9168224334716797,0.972017228603363,0.4863891303539276,11.153897285461426,19.98126792907715,14.908105850219727,0.3641315996646881,0.3501738905906677,0.9747848510742188,10.396318435668945,0,0.18493352830410004,10.350035667419434,25.064550399780273,37,25,30,60,
2025-12-30 10:35:17.175000,FinePointe Series WBP [SN 139781]  Site 4 Bias Flow is out of range.,,,,,,,,,,,,,,,,,,,,,,,,,
2025-12-30 10:35:19.176000,9d,Toxicity,Original,,70.86143493652344,2.6638031005859375,188.76089477539062,0.1913926601409912,0.31980764865875244,0.9062005281448364,11.153897285461426,12.980916023254395,9.5266695022583,0.28834763169288635,0.5583752989768982,0.16042929887771606,9.993024826049805,0,0.4292391538619995,,,37,25,30,66.66666412353516,
2025-12-30 10:35:21.175000,9d,Toxicity,Original,,82.45242309570312,2.2215280532836914,180.72903442382812,0.4274101257324219,0.41701552271842957,0.8828589916229248,11.153897285461426,10.314518928527832,13.149075508117676,0.32844123244285583,0.4179264008998871,0.5334466099739075,13.942137718200684,0,0.30825477838516235,8.943235397338867,2.029510974884033,37,25,30,0,
2025-12-30 10:35:23.175000,9d,Toxicity,Original,,117.44577026367188,2.150973320007324,249.26541137695312,0.2703011631965637,0.3769013583660126,0.8707938194274902,11.153897285461426,14.961835861206055,11.61467170715332,0.20889022946357727,0.3114640712738037,0.6002156734466553,10.64454460144043,0,0.22998996078968048,11.449305534362793,5.970836639404297,37,25,30,0,
2025-12-30 10:35:23.175000,FinePointe Series WBP [SN 139781]  Site 2 Bias Flow is out of range.,,,,,,,,,,,,,,,,,,,,,,,,,
2025-12-30 10:35:23.175000,FinePointe Series WBP [SN 139781]  Site 1 Bias Flow is out of range.,,,,,,,,,,,,,,,,,,,,,,,,,
2025-12-30 10:35:23.175000,FinePointe Series WBP [SN 10499C]  Site 3 Bias Flow is out of range.,,,,,,,,,,,,,,,,,,,,,,,,,
2025-12-30 10:35:23.175000,FinePointe Series WBP [SN 139781]  Site 3 Bias Flow is out of range.,,,,,,,,,,,,,,,,,,,,,,,,,
2025-12-30 10:35:27.175000,9d,Toxicity,Original,,76.4737319946289,2.933413028717041,224.2794189453125,0.29880136251449585,0.4756079614162445,0.8960521221160889,11.153897285461426,10.797466278076172,8.639913558959961,0.3968292772769928,0.3910830020904541,0.29715320467948914,10.206279754638672,0,0.2755218744277954,5.302868843078613,2.551913261413574,37,25,30,60,
2025-12-30 10:35:27.175000,FinePointe Series WBP [SN 139781]  Site 4 Bias Flow is out of range.,,,,,,,,,,,,,,,,,,,,,,,,,
2025-12-30 10:35:29.175000,9d,Toxicity,Original,,108.02770233154297,2.271182060241699,245.56719970703125,0.39378607273101807,0.4676341712474823,0.8425182104110718,11.153897285461426,11.240674018859863,11.321590423583984,0.30057546496391296,0.26604580879211426,0.6550315022468567,12.339078903198242,0,0.1882171630859375,14.690077781677246,5.008917331695557,37,25,30,0,
2025-12-30 10:35:31.176000,9d,Toxicity,Original,,123.33689880371094,1.9244985580444336,233.95269775390625,0.45120954513549805,0.47280704975128174,0.821959912776947,11.153897285461426,13.265359878540039,13.442744255065918,0.21438159048557281,0.2749057412147522,0.8025054931640625,13.387993812561035,0,0.1913955807685852,11.63336181640625,6.326262950897217,37,25,30,33.33333206176758,
2025-12-30 10:35:33.175000,9d,Toxicity,Original,,119.02757263183594,3.0334689617156982,361.0664367675781,0.3181684613227844,0.37085598707199097,0.7946453094482422,11.153897285461426,19.440467834472656,17.143198013305664,0.252400279045105,0.25168460607528687,1.1657716035842896,44.01142120361328,0,0.1926013082265854,22.2180118560791,8.266307830810547,37,25,30,75,
2025-12-30 10:35:33.175000,FinePointe Series WBP [SN 139781]  Site 2 Bias Flow is out of range.,,,,,,,,,,,,,,,,,,,,,,,,,
2025-12-30 10:35:35.176000,9d,Toxicity,Original,,106.67407989501953,2.044416904449463,222.6751251220703,0.3044842481613159,0.3631094694137573,0.9006802439689636,11.153897285461426,14.290632247924805,12.878210067749023,0.21775898337364197,0.348960280418396,0.3884168863296509,11.262815475463867,0,0.26064035296440125,9.613271713256836,1.1727334260940552,37,25,30,50,
2025-12-30 10:35:35.176000,FinePointe Series WBP [SN 139781]  Site 1 Bias Flow is out of range.,,,,,,,,,,,,,,,,,,,,,,,,,
2025-12-30 10:35:35.176000,FinePointe Series WBP [SN 139781]  Site 3 Bias Flow is out of range.,,,,,,,,,,,,,,,,,,,,,,,,,
2025-12-30 10:35:35.176000,FinePointe Series WBP [SN 10499C]  Site 3 Bias Flow is out of range.,,,,,,,,,,,,,,,,,,,,,,,,,
2025-12-30 10:35:37.175000,9d,Toxicity,Original,,138.2057342529297,1.9177451133728027,262.73956298828125,0.2783218324184418,0.38167545199394226,0.8154122233390808,11.153897285461426,15.643354415893555,12.25808334350586,0.19100387394428253,0.24923358857631683,0.7821123600006104,13.706130027770996,0,0.18571971356868744,17.63112449645996,6.004952430725098,37,25,30,0,
2025-12-30 10:35:37.175000,FinePointe Series WBP [SN 139781]  Site 4 Bias Flow is out of range.,,,,,,,,,,,,,,,,,,,,,,,,,
2025-12-30 10:35:39.175000,9d,Toxicity,Original,,63.89619064331055,1.329134464263916,84.92662811279297,0.09426632523536682,0.225138857960701,0.9457249641418457,11.153897285461426,17.380126953125,9.925443649291992,0.1396363526582718,0.799386739730835,0.6028739809989929,16.694551467895508,0,0.6602205634117126,,,37,25,30,66.66666412353516,
2025-12-30 10:35:41.176000,9d,Toxicity,Original,,81.3925552368164,2.7210917472839355,219.89007568359375,0.35196200013160706,0.506040096282959,0.8324297666549683,11.153897285461426,11.604568481445312,9.570706367492676,0.3696169853210449,0.37420985102653503,0.5541700124740601,11.130674362182617,0,0.2610898017883301,11.586265563964844,7.366174221038818,37,25,30,33.33333206176758,
2025-12-30 10:35:43.175000,9d,Toxicity,Original,,99.94184875488281,2.5573034286499023,256.0151672363281,0.2701973021030426,0.3325009346008301,0.8986985683441162,11.153897285461426,14.747035026550293,12.361693382263184,0.24996468424797058,0.35047274827957153,0.2819751501083374,13.351297378540039,0,0.2697984576225281,10.366605758666992,1.4022222757339478,37,25,30,0,
2025-12-30 10:35:43.175000,FinePointe Series WBP [SN 139781]  Site 2 Bias Flow is out of range.,,,,,,,,,,,,,,,,,,,,,,,,,
2025-12-30 10:35:45.175000,9d,Toxicity,Original,,61.27813720703125,2.380741596221924,145.88742065429688,0.21443627774715424,0.29285725951194763,0.9283121228218079,11.153897285461426,10.251565933227539,10.482392311096191,0.3543521463871002,0.6247898936271667,0.3089352250099182,11.458202362060547,0,0.496482789516449,,,37,25,30,75,
2025-12-30 10:35:45.175000,FinePointe Series WBP [SN 139781]  Site 1 Bias Flow is out of range.,,,,,,,,,,,,,,,,,,,,,,,,,
2025-12-30 10:35:45.175000,FinePointe Series WBP [SN 139781]  Site 3 Bias Flow is out of range.,,,,,,,,,,,,,,,,,,,,,,,,,
2025-12-30 10:35:45.175000,FinePointe Series WBP [SN 10499C]  Site 3 Bias Flow is out of range.,,,,,,,,,,,,,,,,,,,,,,,,,
2025-12-30 10:35:45.175000,FinePointe Series WBP [SN 139781]  Site 4 Bias Flow is out of range.,,,,,,,,,,,,,,,,,,,,,,,,,
2025-12-30 10:35:47.176000,9d,Toxicity,Original,,71.09049987792969,2.897968053817749,206.36508178710938,0.23177117109298706,0.378334105014801,0.9078550338745117,11.153897285461426,11.123431205749512,9.141257286071777,0.393958181142807,0.45325320959091187,0.2619021534919739,10.660423278808594,0,0.33871695399284363,4.90932559967041,,37,25,30,0,
2025-12-30 10:35:49.175000,9d,Toxicity,Original,,110.31135559082031,2.4434709548950195,266.8419494628906,0.34681954979896545,0.45870447158813477,0.8391439914703369,11.153897285461426,13.740609169006348,12.177570343017578,0.28978437185287476,0.28522470593452454,0.7303152680397034,12.93257999420166,0,0.20295345783233643,14.025787353515625,5.6117939949035645,37,25,30,0,
2025-12-30 10:35:51.175000,9d,Toxicity,Original,,98.6905517578125,2.300532817840576,227.0408477783203,0.24522890150547028,0.3841637969017029,0.8712433576583862,11.153897285461426,15.753458976745605,11.774627685546875,0.22000961005687714,0.3879513144493103,0.6961557865142822,48.27534866333008,0,0.2867511510848999,20.784717559814453,6.0629401206970215,37,25,30,50,
2025-12-30 10:35:53.176000,9d,Toxicity,Original,,80.21737670898438,2.5425682067871094,205.5572052001953,0.44859248399734497,0.8156125545501709,0.9187830090522766,11.153897285461426,15.749809265136719,11.462543487548828,0.22594571113586426,0.5223994255065918,0.3359401524066925,14.760299682617188,0,0.3038002848625183,12.3110990524292,8.311789512634277,37,25,30,50,
2025-12-30 10:35:53.176000,FinePointe Series WBP [SN 139781]  Site 2 Bias Flow is out of range.,,,,,,,,,,,,,,,,,,,,,,,,,
2025-12-30 10:35:55.175000,9d,Toxicity,Original,,67.41535949707031,2.1045045852661133,141.8759307861328,0.26595500111579895,0.3652970492839813,0.9356014728546143,11.153897285461426,13.731654167175293,12.840803146362305,0.261532187461853,0.6284726858139038,0.3443008065223694,11.31745719909668,0,0.46910420060157776,,,37,25,30,66.66666412353516,
2025-12-30 10:35:55.175000,FinePointe Series WBP [SN 139781]  Site 1 Bias Flow is out of range.,,,,,,,,,,,,,,,,,,,,,,,,,
2025-12-30 10:35:55.175000,FinePointe Series WBP [SN 139781]  Site 3 Bias Flow is out of range.,,,,,,,,,,,,,,,,,,,,,,,,,
2025-12-30 10:35:55.175000,FinePointe Series WBP [SN 10499C]  Site 3 Bias Flow is out of range.,,,,,,,,,,,,,,,,,,,,,,,,,
2025-12-30 10:35:55.175000,FinePointe Series WBP [SN 139781]  Site 4 Bias Flow is out of range.,,,,,,,,,,,,,,,,,,,,,,,,,
2025-12-30 10:35:57.176000,9d,Toxicity,Original,,65.29129028320312,3.1888058185577393,208.33554077148438,0.1613023579120636,0.2702382802963257,0.9222840070724487,11.153897285461426,12.501903533935547,10.026605606079102,0.3634280562400818,0.5563795566558838,0.3791998624801636,11.328170776367188,0,0.45245078206062317,1.1641532182693481,,37,25,30,0,
2025-12-30 10:35:59.175000,9d,Toxicity,Original,,91.9224624633789,2.4303224086761475,221.1013946533203,0.41027775406837463,0.4291827082633972,0.8619164228439331,11.153897285461426,10.972376823425293,13.106534957885742,0.3503776788711548,0.31473562121391296,0.6723001599311829,12.265398025512695,0,0.22975154221057892,15.54299545288086,2.858166217803955,37,25,30,0,
2025-12-30 10:36:01.175000,9d,Toxicity,Original,,107.73727416992188,2.0481231212615967,224.27662658691406,0.26527589559555054,0.35438936948776245,0.8911657333374023,11.153897285461426,14.249722480773926,11.79703140258789,0.20996378362178802,0.3521445393562317,0.5565077662467957,12.422616958618164,0,0.2614746689796448,16.848066329956055,6.297669887542725,37,25,30,0,
2025-12-30 10:36:01.175000,FinePointe Series WBP [SN 139781]  Site 2 Bias Flow is out of range.,,,,,,,,,,,,,,,,,,,,,,,,,
2025-12-30 10:36:05.175000,9d,Toxicity,Original,,89.88471221923828,1.9762662649154663,176.64691162109375,0.278298556804657,0.37323421239852905,0.8861008286476135,11.153897285461426,14.445258140563965,12.161036491394043,0.22068654000759125,0.4793817102909088,0.6312949061393738,12.708999633789062,0,0.3660682141780853,9.541319847106934,3.028385639190674,37,25,30,57.14285659790039,
2025-12-30 10:36:05.175000,FinePointe Series WBP [SN 139781]  Site 1 Bias Flow is out of range.,,,,,,,,,,,,,,,,,,,,,,,,,
2025-12-30 10:36:05.175000,FinePointe Series WBP [SN 139781]  Site 3 Bias Flow is out of range.,,,,,,,,,,,,,,,,,,,,,,,,,
2025-12-30 10:36:05.175000,FinePointe Series WBP [SN 10499C]  Site 3 Bias Flow is out of range.,,,,,,,,,,,,,,,,,,,,,,,,,
2025-12-30 10:36:05.175000,FinePointe Series WBP [SN 139781]  Site 4 Bias Flow is out of range.,,,,,,,,,,,,,,,,,,,,,,,,,
2025-12-30 10:36:07.175000,9d,Toxicity,Original,,69.78978729248047,2.816347599029541,196.5522918701172,0.16756004095077515,0.3042029142379761,0.9189198017120361,11.153897285461426,12.69153881072998,9.09622573852539,0.3569604456424713,0.5027642250061035,0.22677907347679138,13.441558837890625,0,0.3954060971736908,1.2728749513626099,,37,25,30,50,
2025-12-30 10:36:09.176000,9d,Toxicity,Original,,81.5137710571289,2.3439955711364746,190.17335510253906,0.435515820980072,0.4806264638900757,0.8628398776054382,11.153897285461426,9.93858528137207,12.026585578918457,0.3635692596435547,0.37645214796066284,0.6278404593467712,14.856484413146973,0,0.2697884142398834,12.155374526977539,3.769651412963867,37,25,30,0,
2025-12-30 10:36:11.175000,9d,Toxicity,Original,,106.56977844238281,2.219716787338257,237.02296447753906,0.27315765619277954,0.366372287273407,0.8663733005523682,11.153897285461426,14.186888694763184,10.954615592956543,0.2450861781835556,0.3208310008049011,0.5006805062294006,12.115683555603027,0,0.24207904934883118,10.566655158996582,3.0028772354125977,37,25,30,0,
2025-12-30 10:36:13.176000,9d,Toxicity,Original,,83.83159637451172,2.410553455352783,205.60324096679688,0.3431527316570282,0.5220807790756226,0.9225274324417114,11.153897285461426,16.513565063476562,12.855036735534668,0.23573210835456848,0.49072590470314026,0.3470408320426941,52.08042526245117,0,0.32733726501464844,20.950695037841797,1.170812726020813,37,25,30,33.33333206176758,
2025-12-30 10:36:13.176000,FinePointe Series WBP [SN 139781]  Site 2 Bias Flow is out of range.,,,,,,,,,,,,,,,,,,,,,,,,,
2025-12-30 10:36:15.175000,9d,Toxicity,Original,,100.5427474975586,2.4970436096191406,250.3727569580078,0.23353271186351776,0.440927654504776,0.9126322269439697,11.153897285461426,15.627385139465332,10.34514331817627,0.23405835032463074,0.36513856053352356,0.42129188776016235,14.141327857971191,0,0.26108673214912415,7.897481918334961,1.4168716669082642,37,25,30,0,
2025-12-30 10:36:15.175000,FinePointe Series WBP [SN 139781]  Site 1 Bias Flow is out of range.,,,,,,,,,,,,,,,,,,,,,,,,,
2025-12-30 10:36:15.175000,FinePointe Series WBP [SN 139781]  Site 3 Bias Flow is out of range.,,,,,,,,,,,,,,,,,,,,,,,,,
2025-12-30 10:36:15.175000,FinePointe Series WBP [SN 10499C]  Site 3 Bias Flow is out of range.,,,,,,,,,,,,,,,,,,,,,,,,,
2025-12-30 10:36:15.175000,FinePointe Series WBP [SN 139781]  Site 4 Bias Flow is out of range.,,,,,,,,,,,,,,,,,,,,,,,,,
2025-12-30 10:36:17.175000,9d,Toxicity,Original,,129.23484802246094,2.0961146354675293,270.89105224609375,0.18068090081214905,0.3167306184768677,0.880102276802063,11.153897285461426,17.977344512939453,11.130573272705078,0.1779407262802124,0.28633037209510803,0.40683817863464355,16.496559143066406,0,0.2207215130329132,15.481549263000488,,37,25,30,50,
2025-12-30 10:36:19.176000,9d,Toxicity,Original,,62.63214111328125,2.2767932415008545,142.48057556152344,0.17453640699386597,0.4331754446029663,0.939321756362915,11.153897285461426,14.827590942382812,7.658384799957275,0.2683960199356079,0.6896199584007263,0.2916080355644226,39.657920837402344,0,0.49016276001930237,,,37,25,30,60,
2025-12-30 10:36:21.175000,9d,Toxicity,Original,,80.96039581298828,2.7326080799102783,220.44512939453125,0.3639734089374542,0.4920230507850647,0.8814138770103455,11.153897285461426,11.141515731811523,10.042428970336914,0.3653026819229126,0.3791346848011017,0.42379701137542725,10.917044639587402,0,0.2641967236995697,7.877503395080566,3.2292110919952393,37,25,30,0,
2025-12-30 10:36:23.175000,9d,Toxicity,Original,,103.80853271484375,2.261411190032959,234.76199340820312,0.4027745723724365,0.4062865972518921,0.8705362677574158,11.153897285461426,12.828349113464355,15.040664672851562,0.26270365715026855,0.3203180432319641,0.7404280304908752,10.896474838256836,0,0.23455706238746643,13.718189239501953,2.4488580226898193,37,25,30,33.33333206176758,
2025-12-30 10:36:23.175000,FinePointe Series WBP [SN 139781]  Site 2 Bias Flow is out of range.,,,,,,,,,,,,,,,,,,,,,,,,,
2025-12-30 10:36:25.176000,9d,Toxicity,Original,,64.93766784667969,2.22599720954895,144.5510711669922,0.5087584853172302,1.2549991607666016,0.9345675110816956,11.153897285461426,15.499253273010254,6.805793285369873,0.22845400869846344,0.6955088973045349,0.08502284437417984,11.382462501525879,0,0.3129219114780426,,,37,25,30,66.66666412353516,
2025-12-30 10:36:25.176000,FinePointe Series WBP [SN 10499C]  Site 3 Bias Flow is out of range.,,,,,,,,,,,,,,,,,,,,,,,,,
2025-12-30 10:36:25.176000,FinePointe Series WBP [SN 139781]  Site 1 Bias Flow is out of range.,,,,,,,,,,,,,,,,,,,,,,,,,
2025-12-30 10:36:25.176000,FinePointe Series WBP [SN 139781]  Site 3 Bias Flow is out of range.,,,,,,,,,,,,,,,,,,,,,,,,,
2025-12-30 10:36:27.175000,9d,Toxicity,Original,,71.29217529296875,2.9546139240264893,210.8057403564453,0.21137180924415588,0.31043151021003723,0.9065767526626587,11.153897285461426,11.12684440612793,10.284258842468262,0.3880034387111664,0.45623499155044556,0.346208393573761,12.160898208618164,0,0.3621893525123596,5.264497756958008,,37,25,30,50,
2025-12-30 10:36:27.175000,FinePointe Series WBP [SN 139781]  Site 4 Bias Flow is out of range.,,,,,,,,,,,,,,,,,,,,,,,,,
2025-12-30 10:36:29.176000,9d,Toxicity,Original,,77.08547973632812,2.31644344329834,178.67190551757812,0.368965744972229,0.38359278440475464,0.8795527219772339,11.153897285461426,9.331506729125977,11.779967308044434,0.357776403427124,0.4206683933734894,0.5114552974700928,13.315742492675781,0,0.3183950185775757,11.193723678588867,,37,25,30,0,
2025-12-30 10:36:31.175000,9d,Toxicity,Original,,116.21845245361328,1.800682544708252,204.90223693847656,0.384034126996994,0.3792528808116913,0.8586456775665283,11.153897285461426,11.833571434020996,12.701765060424805,0.25205835700035095,0.30378255248069763,0.6894145011901855,19.377254486083984,0,0.23376372456550598,14.941194534301758,6.862051963806152,37,25,30,0,
2025-12-30 10:36:33.175000,9d,Toxicity,Original,,111.25518798828125,2.0982859134674072,233.67507934570312,0.27937838435173035,0.5018598437309265,0.8950889110565186,11.153897285461426,16.187164306640625,10.249563217163086,0.19782820343971252,0.34149831533432007,0.5449665784835815,8.182222366333008,0,0.2304309904575348,5.143543243408203,4.235414981842041,37,25,30,50,
2025-12-30 10:36:33.175000,FinePointe Series WBP [SN 139781]  Site 2 Bias Flow is out of range.,,,,,,,,,,,,,,,,,,,,,,,,,
2025-12-30 10:36:35.176000,9d,Toxicity,Original,,127.57808685302734,1.4253010749816895,181.83718872070312,0.3682815432548523,0.8932724595069885,0.17166699469089508,11.153897285461426,14.054634094238281,4.7122697830200195,0.16738814115524292,0.30291205644607544,0.21122686564922333,6.4140753746032715,0,0.16253744065761566,0.397800087928772,33.75959396362305,37,25,30,50,
2025-12-30 10:36:35.176000,FinePointe Series WBP [SN 139781]  Site 1 Bias Flow is out of range.,,,,,,,,,,,,,,,,,,,,,,,,,
2025-12-30 10:36:35.176000,FinePointe Series WBP [SN 10499C]  Site 3 Bias Flow is out of range.,,,,,,,,,,,,,,,,,,,,,,,,,
2025-12-30 10:36:35.176000,FinePointe Series WBP [SN 139781]  Site 3 Bias Flow is out of range.,,,,,,,,,,,,,,,,,,,,,,,,,
2025-12-30 10:36:37.175000,9d,Toxicity,Original,,102.74417114257812,2.836562395095825,291.44024658203125,0.25673219561576843,0.3212209939956665,0.8670703172683716,11.153897285461426,18.33572006225586,16.005037307739258,0.23798206448554993,0.34599268436431885,0.6378101110458374,15.989516258239746,0,0.26756444573402405,12.089679718017578,0.1055559292435646,37,25,30,83.33333587646484,
2025-12-30 10:36:37.175000,FinePointe Series WBP [SN 139781]  Site 4 Bias Flow is out of range.,,,,,,,,,,,,,,,,,,,,,,,,,
2025-12-30 10:36:39.175000,9d,Toxicity,Original,,150.9607391357422,1.625522255897522,233.45782470703125,0.40233519673347473,0.4463141858577728,0.8260592818260193,11.153897285461426,14.556326866149902,13.839315414428711,0.17165140807628632,0.23755422234535217,0.7749664783477783,12.010461807250977,0,0.16911329329013824,11.135262489318848,5.8102006912231445,37,25,30,20,
2025-12-30 10:36:41.176000,9d,Toxicity,Original,,128.57406616210938,2.5249457359313965,324.64251708984375,0.17308641970157623,0.3065987527370453,0.8819588422775269,11.153897285461426,19.12234878540039,12.309282302856445,0.19907093048095703,0.2675861716270447,0.555530846118927,13.339776039123535,0,0.20897631347179413,10.205408096313477,0.09600594639778137,37,25,30,75,
2025-12-30 10:36:43.175000,9d,Toxicity,Original,,87.29499816894531,2.1494851112365723,187.35487365722656,0.3003264367580414,0.5054636597633362,0.9243764281272888,11.153897285461426,16.369712829589844,10.626049995422363,0.21380993723869324,0.49592334032058716,0.3691118061542511,16.95154571533203,0,0.335504412651062,9.29507064819336,5.323249816894531,37,25,30,0,
2025-12-30 10:36:43.175000,FinePointe Series WBP [SN 139781]  Site 2 Bias Flow is out of range.,,,,,,,,,,,,,,,,,,,,,,,,,
2025-12-30 10:36:45.175000,9d,Toxicity,Original,,62.781578063964844,3.00984787940979,189.0008087158203,0.2132880985736847,0.3884807229042053,0.9263139367103577,11.153897285461426,12.995098114013672,9.396568298339844,0.3533032536506653,0.6023990511894226,0.1395559310913086,12.026765823364258,0,0.4436361789703369,,,37,25,30,0,
2025-12-30 10:36:45.175000,FinePointe Series WBP [SN 139781]  Site 1 Bias Flow is out of range.,,,,,,,,,,,,,,,,,,,,,,,,,
2025-12-30 10:36:45.175000,FinePointe Series WBP [SN 139781]  Site 3 Bias Flow is out of range.,,,,,,,,,,,,,,,,,,,,,,,,,
2025-12-30 10:36:45.175000,FinePointe Series WBP [SN 10499C]  Site 3 Bias Flow is out of range.,,,,,,,,,,,,,,,,,,,,,,,,,
2025-12-30 10:36:47.176000,9d,Toxicity,Original,,77.32176208496094,2.2692794799804688,175.1004638671875,0.4644050598144531,0.47171133756637573,0.8706068992614746,11.153897285461426,10.5728759765625,12.581836700439453,0.35857880115509033,0.42191803455352783,0.514178454875946,11.125926971435547,0,0.29937344789505005,8.205591201782227,3.4020705223083496,37,25,30,0,
2025-12-30 10:36:47.176000,FinePointe Series WBP [SN 139781]  Site 4 Bias Flow is out of range.,,,,,,,,,,,,,,,,,,,,,,,,,
2025-12-30 10:36:49.175000,9d,Toxicity,Original,,82.02225494384766,2.1640422344207764,177.5405731201172,0.4732116758823395,0.5395798683166504,0.8668442368507385,11.153897285461426,9.29574966430664,10.61673355102539,0.35088035464286804,0.3812088072299957,0.5333902835845947,12.4298677444458,0,0.2600840628147125,10.713454246520996,2.1571125984191895,37,25,30,0,
2025-12-30 10:36:51.176000,9d,Toxicity,Original,,111.58878326416016,2.014481782913208,218.24893188476562,0.25681325793266296,0.3297173082828522,0.8677836656570435,11.153897285461426,13.052434921264648,11.167080879211426,0.24714422225952148,0.3253737986087799,0.6313970685005188,26.17171859741211,0,0.2544068694114685,16.570133209228516,4.102910995483398,37,25,30,25,
2025-12-30 10:36:53.175000,9d,Toxicity,Original,,140.16116333007812,1.6130555868148804,204.9298095703125,0.22017836570739746,0.34963396191596985,0.8694494962692261,11.153897285461426,15.154129981994629,10.445242881774902,0.1649918556213379,0.30632296204566956,0.4237174391746521,17.052335739135742,0,0.22904324531555176,13.391373634338379,8.979344367980957,37,25,30,0,
2025-12-30 10:36:53.175000,FinePointe Series WBP [SN 139781]  Site 2 Bias Flow is out of range.,,,,,,,,,,,,,,,,,,,,,,,,,
2025-12-30 10:36:55.175000,9d,Toxicity,Original,,70.30430603027344,2.5204949378967285,171.943359375,0.6989151835441589,1.5155459642410278,0.5562616586685181,11.153897285461426,12.439120292663574,7.111589431762695,0.29910391569137573,0.5662833452224731,0.2799791097640991,7.857060432434082,0,0.3036261796951294,2.742985725402832,51.210968017578125,37,25,30,60,
2025-12-30 10:36:55.175000,FinePointe Series WBP [SN 139781]  Site 1 Bias Flow is out of range.,,,,,,,,,,,,,,,,,,,,,,,,,
2025-12-30 10:36:55.175000,FinePointe Series WBP [SN 139781]  Site 3 Bias Flow is out of range.,,,,,,,,,,,,,,,,,,,,,,,,,
2025-12-30 10:36:55.175000,FinePointe Series WBP [SN 10499C]  Site 3 Bias Flow is out of range.,,,,,,,,,,,,,,,,,,,,,,,,,
2025-12-30 10:36:55.175000,FinePointe Series WBP [SN 139781]  Site 4 Bias Flow is out of range.,,,,,,,,,,,,,,,,,,,,,,,,,
2025-12-30 10:36:57.176000,9d,Toxicity,Original,,63.767784118652344,2.890096664428711,184.35821533203125,0.23190586268901825,0.3922766447067261,0.9175575971603394,11.153897285461426,11.841650009155273,9.319406509399414,0.3687880039215088,0.5722696781158447,0.22521859407424927,9.309623718261719,0,0.4225854277610779,0.611463725566864,,37,25,30,0,
2025-12-30 10:36:59.175000,9d,Toxicity,Original,,89.20147705078125,2.3601081371307373,208.94898986816406,0.4280226230621338,0.45404836535453796,0.8812882900238037,11.153897285461426,10.544063568115234,12.264676094055176,0.3419574499130249,0.34671059250831604,0.5298410654067993,12.663622856140137,0,0.25221437215805054,12.34524917602539,3.4670047760009766,37,25,30,0,
2025-12-30 10:37:01.175000,9d,Toxicity,Original,,159.60926818847656,2.059290885925293,328.681884765625,0.37162843346595764,0.5755282640457153,0.5691667199134827,11.153897285461426,14.867947578430176,8.912014961242676,0.20725040137767792,0.16866762936115265,0.7640701532363892,8.846358299255371,0,0.11055479943752289,13.13560962677002,6.326744556427002,37,25,30,0,
2025-12-30 10:37:03.176000,9d,Toxicity,Original,,97.03385925292969,2.40830135345459,229.05978393554688,0.19364643096923828,0.3853433132171631,0.9026440978050232,11.153897285461426,16.803104400634766,10.24868392944336,0.21471711993217468,0.4096424877643585,0.493226021528244,17.75238037109375,0,0.30153143405914307,14.843427658081055,6.231757640838623,37,25,30,71.42857360839844,
2025-12-30 10:37:03.176000,FinePointe Series WBP [SN 139781]  Site 2 Bias Flow is out of range.,,,,,,,,,,,,,,,,,,,,,,,,,
2025-12-30 10:37:05.175000,9d,Toxicity,Original,,92.78136444091797,1.499389886856079,139.11544799804688,0.6210042238235474,0.8970045447349548,0.9433920383453369,11.153897285461426,12.365188598632812,9.63465404510498,0.21631966531276703,0.43036189675331116,0.395389199256897,9.558155059814453,0,0.23215614259243011,,3.219881057739258,37,25,30,0,
2025-12-30 10:37:05.175000,FinePointe Series WBP [SN 139781]  Site 1 Bias Flow is out of range.,,,,,,,,,,,,,,,,,,,,,,,,,
2025-12-30 10:37:05.175000,FinePointe Series WBP [SN 139781]  Site 3 Bias Flow is out of range.,,,,,,,,,,,,,,,,,,,,,,,,,
2025-12-30 10:37:05.175000,FinePointe Series WBP [SN 10499C]  Site 3 Bias Flow is out of range.,,,,,,,,,,,,,,,,,,,,,,,,,
2025-12-30 10:37:05.175000,FinePointe Series WBP [SN 139781]  Site 4 Bias Flow is out of range.,,,,,,,,,,,,,,,,,,,,,,,,,
2025-12-30 10:37:07.176000,9d,Toxicity,Original,,127.46913146972656,1.9071553945541382,243.1034393310547,0.21674826741218567,0.2855704426765442,0.8760610222816467,11.153897285461426,13.745827674865723,12.025579452514648,0.2104463428258896,0.2602558434009552,0.6461312174797058,9.976338386535645,0,0.20639260113239288,6.0366997718811035,,37,25,30,75,
2025-12-30 10:37:09.175000,9d,Toxicity,Original,,70.24050903320312,2.291429042816162,161.03311157226562,0.35494643449783325,0.4051181674003601,0.8965116143226624,11.153897285461426,10.486665725708008,11.676471710205078,0.3611997663974762,0.49308615922927856,0.3124154210090637,11.174591064453125,0,0.36230728030204773,6.9823102951049805,,37,25,30,60,
2025-12-30 10:37:11.175000,9d,Toxicity,Original,,82.99029541015625,2.109351396560669,175.44862365722656,0.4594997465610504,0.4674149751663208,0.8628860712051392,11.153897285461426,9.404273986816406,12.283401489257812,0.3592591881752014,0.3665298819541931,0.6524825692176819,14.055501937866211,0,0.27001553773880005,13.50294303894043,2.956228733062744,37,25,30,0,
2025-12-30 10:37:13.176000,9d,Toxicity,Original,,110.58525848388672,2.67231822013855,295.51898193359375,0.1725531369447708,0.3014378547668457,0.8958428502082825,11.153897285461426,19.39248275756836,12.448497772216797,0.2143852412700653,0.32818254828453064,0.4445387125015259,24.67218780517578,0,0.2602696120738983,14.79875373840332,,37,25,30,66.66666412353516,
2025-12-30 10:37:13.176000,FinePointe Series WBP [SN 139781]  Site 2 Bias Flow is out of range.,,,,,,,,,,,,,,,,,,,,,,,,,
2025-12-30 10:37:15.175000,9d,Toxicity,Original,,96.03152465820312,2.15521240234375,193.5975341796875,0.10571011900901794,0.18621747195720673,0.9278826713562012,11.153897285461426,16.263669967651367,11.172325134277344,0.19596481323242188,0.4444744884967804,0.4902384877204895,43.36008071899414,0,0.383791446685791,20.224824905395508,1.414276361465454,37,25,30,66.66666412353516,
2025-12-30 10:37:15.175000,FinePointe Series WBP [SN 139781]  Site 1 Bias Flow is out of range.,,,,,,,,,,,,,,,,,,,,,,,,,
2025-12-30 10:37:15.175000,FinePointe Series WBP [SN 139781]  Site 3 Bias Flow is out of range.,,,,,,,,,,,,,,,,,,,,,,,,,
2025-12-30 10:37:15.175000,FinePointe Series WBP [SN 10499C]  Site 3 Bias Flow is out of range.,,,,,,,,,,,,,,,,,,,,,,,,,
2025-12-30 10:37:15.175000,FinePointe Series WBP [SN 139781]  Site 4 Bias Flow is out of range.,,,,,,,,,,,,,,,,,,,,,,,,,
2025-12-30 10:37:19.176000,9d,Toxicity,Original,,195.65586853027344,1.2716734409332275,184.26361083984375,0.40597498416900635,0.5130375623703003,0.7875140905380249,11.153897285461426,11.85572338104248,8.085349082946777,0.1585424691438675,0.19043311476707458,0.4537959098815918,20.95564842224121,0,0.13902412354946136,12.926861763000488,9.923237800598145,37,25,30,57.14285659790039,
2025-12-30 10:37:21.175000,9d,Toxicity,Original,,146.18206787109375,1.6700894832611084,236.57037353515625,0.1825643926858902,0.29574882984161377,0.8668803572654724,11.153897285461426,15.151010513305664,9.970935821533203,0.16656062006950378,0.270552396774292,0.49995532631874084,12.565444946289062,0,0.21511538326740265,18.04256820678711,3.5254764556884766,37,25,30,25,
2025-12-30 10:37:23.176000,9d,Toxicity,Original,,216.49594116210938,0.8656895160675049,164.18600463867188,0.3181614875793457,0.44190844893455505,0.8457169532775879,11.153897285461426,12.535377502441406,9.873387336730957,0.1135929524898529,0.21307602524757385,0.462763249874115,8.498976707458496,0,0.14990726113319397,10.267459869384766,10.165977478027344,37,25,30,66.66666412353516,
2025-12-30 10:37:23.176000,FinePointe Series WBP [SN 139781]  Site 2 Bias Flow is out of range.,,,,,,,,,,,,,,,,,,,,,,,,,
2025-12-30 10:37:23.176000,FinePointe Series WBP [SN 10499C]  Site 3 Bias Flow is out of range.,,,,,,,,,,,,,,,,,,,,,,,,,
2025-12-30 10:37:23.176000,FinePointe Series WBP [SN 139781]  Site 1 Bias Flow is out of range.,,,,,,,,,,,,,,,,,,,,,,,,,
2025-12-30 10:37:23.176000,FinePointe Series WBP [SN 139781]  Site 3 Bias Flow is out of range.,,,,,,,,,,,,,,,,,,,,,,,,,
2025-12-30 10:37:23.176000,FinePointe Series WBP [SN 139781]  Site 4 Bias Flow is out of range.,,,,,,,,,,,,,,,,,,,,,,,,,
2025-12-30 10:37:29.176000,9d,Toxicity,Original,,108.58084106445312,2.4438247680664062,257.3607482910156,0.25806039571762085,0.3344084918498993,0.8727636933326721,11.153897285461426,14.3229341506958,12.170764923095703,0.2720227539539337,0.32052385807037354,0.4213988482952118,11.86709213256836,0,0.24697262048721313,8.392387390136719,4.014829635620117,37,25,30,72.7272720336914,
2025-12-30 10:37:31.175000,9d,Toxicity,Original,,61.0517463684082,2.468366861343384,150.69810485839844,0.36605095863342285,0.3782851994037628,0.9131436347961426,11.153897285461426,9.69921875,12.516621589660645,0.3497946858406067,0.6329781413078308,0.29357650876045227,9.481532096862793,0,0.46797698736190796,,,37,25,30,66.66666412353516,
2025-12-30 10:37:33.175000,9d,Toxicity,Original,,73.77908325195312,2.7362654209136963,202.86614990234375,0.2584620416164398,0.3348952829837799,0.9069586396217346,11.153897285461426,11.432659149169922,11.286706924438477,0.35145390033721924,0.46712619066238403,0.39324671030044556,14.917299270629883,0,0.35999536514282227,5.9946699142456055,,37,25,30,0,
2025-12-30 10:37:33.175000,FinePointe Series WBP [SN 139781]  Site 2 Bias Flow is out of range.,,,,,,,,,,,,,,,,,,,,,,,,,
2025-12-30 10:37:35.176000,9d,Toxicity,Original,,97.29656982421875,2.378056049346924,229.94967651367188,0.271470308303833,0.4046540856361389,0.885047197341919,11.153897285461426,17.34377670288086,13.928271293640137,0.208622545003891,0.41264665126800537,0.5922626256942749,53.2946662902832,0,0.3005613684654236,12.087747573852539,6.134314060211182,37,25,30,50,
2025-12-30 10:37:35.176000,FinePointe Series WBP [SN 10499C]  Site 3 Bias Flow is out of range.,,,,,,,,,,,,,,,,,,,,,,,,,
2025-12-30 10:37:35.176000,FinePointe Series WBP [SN 139781]  Site 1 Bias Flow is out of range.,,,,,,,,,,,,,,,,,,,,,,,,,
2025-12-30 10:37:35.176000,FinePointe Series WBP [SN 139781]  Site 3 Bias Flow is out of range.,,,,,,,,,,,,,,,,,,,,,,,,,
2025-12-30 10:37:37.175000,9d,Toxicity,Original,,63.39612579345703,2.399261474609375,148.56787109375,0.5555365085601807,0.7908745408058167,0.9490805864334106,11.153897285461426,13.345529556274414,10.269947052001953,0.27112799882888794,0.6847927570343018,0.28962355852127075,9.12075138092041,0,0.44142812490463257,,16.754480361938477,37,25,30,33.33333206176758,
2025-12-30 10:37:37.175000,FinePointe Series WBP [SN 139781]  Site 4 Bias Flow is out of range.,,,,,,,,,,,,,,,,,,,,,,,,,
2025-12-30 10:37:39.175000,9d,Toxicity,Original,,67.24840545654297,2.820479154586792,189.6727294921875,0.21721398830413818,0.30117401480674744,0.9240376949310303,11.153897285461426,11.116540908813477,11.061321258544922,0.35543984174728394,0.5367746353149414,0.34194135665893555,14.570006370544434,0,0.4215254485607147,1.7666445970535278,,37,25,30,66.66666412353516,
2025-12-30 10:37:41.176000,9d,Toxicity,Original,,108.47419738769531,2.029327154159546,203.10662841796875,0.27143651247024536,0.36142241954803467,0.8696005344390869,11.153897285461426,14.504157066345215,12.610196113586426,0.244634211063385,0.397663414478302,0.6628403067588806,24.1638126373291,0,0.30856531858444214,21.291446685791016,6.748663425445557,37,25,30,25,
2025-12-30 10:37:43.175000,9d,Toxicity,Original,,88.81887817382812,1.9354552030563354,171.90496826171875,0.2705014944076538,0.3896108567714691,0.9246613383293152,11.153897285461426,14.74366283416748,12.527241706848145,0.2040080428123474,0.4715240001678467,0.5084000825881958,16.710041046142578,0,0.3451222777366638,10.659622192382812,,37,25,30,66.66666412353516,
2025-12-30 10:37:43.175000,FinePointe Series WBP [SN 139781]  Site 2 Bias Flow is out of range.,,,,,,,,,,,,,,,,,,,,,,,,,
2025-12-30 10:37:43.175000,FinePointe Series WBP [SN 139781]  Site 1 Bias Flow is out of range.,,,,,,,,,,,,,,,,,,,,,,,,,
2025-12-30 10:37:43.175000,FinePointe Series WBP [SN 10499C]  Site 3 Bias Flow is out of range.,,,,,,,,,,,,,,,,,,,,,,,,,
2025-12-30 10:37:43.175000,FinePointe Series WBP [SN 139781]  Site 3 Bias Flow is out of range.,,,,,,,,,,,,,,,,,,,,,,,,,
2025-12-30 10:37:47.175000,9d,Toxicity,Original,,61.573490142822266,2.5965981483459473,159.88160705566406,0.15389429032802582,0.35106179118156433,0.9372565150260925,11.153897285461426,14.266575813293457,8.331676483154297,0.2766640782356262,0.6977812051773071,0.15516050159931183,14.210928916931152,0,0.5239852666854858,,,37,25,30,80,
2025-12-30 10:37:47.175000,FinePointe Series WBP [SN 139781]  Site 4 Bias Flow is out of range.,,,,,,,,,,,,,,,,,,,,,,,,,
2025-12-30 10:37:49.175000,9d,Toxicity,Original,,70.42896270751953,2.4208269119262695,170.5274200439453,0.30005988478660583,0.37801393866539,0.9076187610626221,11.153897285461426,10.164351463317871,10.516546249389648,0.35705336928367615,0.5052031874656677,0.3989805281162262,13.28770637512207,0,0.3813495934009552,7.751676559448242,,37,25,30,0,
2025-12-30 10:37:51.176000,9d,Toxicity,Original,,359.0373840332031,0.9276248812675476,235.2534637451172,0.49456802010536194,0.6148995161056519,0.6648104786872864,11.153897285461426,11.375990867614746,9.616903305053711,0.13165275752544403,0.1471947878599167,0.770208477973938,6.247934818267822,0,0.09809666872024536,16.116138458251953,12.310956001281738,37,25,30,28.571428298950195,
2025-12-30 10:37:53.175000,9d,Toxicity,Original,,271.15203857421875,0.9992673397064209,270.9986877441406,0.4220544695854187,0.5078896284103394,0.6939475536346436,11.153897285461426,13.556632995605469,11.460314750671387,0.11750727891921997,0.10378231853246689,0.8955215215682983,9.108034133911133,0,0.07084303349256516,20.144208908081055,12.162914276123047,37,25,30,66.66666412353516,
2025-12-30 10:37:53.175000,FinePointe Series WBP [SN 139781]  Site 2 Bias Flow is out of range.,,,,,,,,,,,,,,,,,,,,,,,,,
2025-12-30 10:37:55.175000,9d,Toxicity,Original,,369.04296875,0.6626154184341431,223.3479766845703,0.5397970080375671,0.5799457430839539,0.6542066335678101,11.153897285461426,12.022851943969727,10.882277488708496,0.08765218406915665,0.08644081652164459,0.9225085973739624,7.901706695556641,0,0.05735616385936737,19.233497619628906,12.115972518920898,37,25,30,56.25,
2025-12-30 10:37:55.175000,FinePointe Series WBP [SN 139781]  Site 1 Bias Flow is out of range.,,,,,,,,,,,,,,,,,,,,,,,,,
2025-12-30 10:37:55.175000,FinePointe Series WBP [SN 139781]  Site 3 Bias Flow is out of range.,,,,,,,,,,,,,,,,,,,,,,,,,
2025-12-30 10:37:55.175000,FinePointe Series WBP [SN 10499C]  Site 3 Bias Flow is out of range.,,,,,,,,,,,,,,,,,,,,,,,,,
2025-12-30 10:37:57.176000,9d,Toxicity,Original,,413.84796142578125,0.4761643707752228,198.2581787109375,0.5159516334533691,0.7070040702819824,0.5679458975791931,11.153897285461426,10.947304725646973,8.075098037719727,0.07287707924842834,0.08219601213932037,0.6769096851348877,4.891593933105469,0,0.0471322238445282,16.24528694152832,13.692235946655273,37,25,30,53.846153259277344,
2025-12-30 10:37:57.176000,FinePointe Series WBP [SN 139781]  Site 4 Bias Flow is out of range.,,,,,,,,,,,,,,,,,,,,,,,,,
2025-12-30 10:37:59.175000,9d,Toxicity,Original,,247.83291625976562,0.7876418828964233,164.27035522460938,0.3462264835834503,0.4085715115070343,0.7792510986328125,11.153897285461426,12.408336639404297,9.300015449523926,0.10670442134141922,0.19370916485786438,0.6443688869476318,15.932634353637695,0,0.15171191096305847,15.93603515625,13.087532043457031,37,25,30,62.5,
2025-12-30 10:38:01.176000,9d,Toxicity,Original,,305.80792236328125,0.957390308380127,263.9927673339844,0.5066171288490295,0.5948682427406311,0.6209560632705688,11.153897285461426,13.177473068237305,10.795392990112305,0.10867133736610413,0.10416668653488159,0.891105055809021,7.924065589904785,0,0.06983794271945953,18.449050903320312,12.438019752502441,37,25,30,16.66666603088379,
2025-12-30 10:38:03.175000,9d,Toxicity,Original,,158.0155029296875,1.258504867553711,198.86326599121094,0.25553709268569946,0.3273583948612213,0.8648620247840881,11.153897285461426,13.605385780334473,11.883283615112305,0.15308384597301483,0.2266257405281067,0.6776437759399414,12.039270401000977,0,0.17445164918899536,19.02131462097168,5.712498664855957,37,25,30,80,
2025-12-30 10:38:03.175000,FinePointe Series WBP [SN 139781]  Site 2 Bias Flow is out of range.,,,,,,,,,,,,,,,,,,,,,,,,,
2025-12-30 10:38:05.175000,9d,Toxicity,Original,,297.6610107421875,1.0103631019592285,300.6818542480469,0.437258243560791,0.6069679260253906,0.6390050649642944,11.153897285461426,14.779874801635742,10.773311614990234,0.11395055055618286,0.08791017532348633,0.9261751174926758,7.16751766204834,0,0.05603300780057907,17.93029022216797,13.886507034301758,37,25,30,75,
2025-12-30 10:38:05.175000,FinePointe Series WBP [SN 139781]  Site 1 Bias Flow is out of range.,,,,,,,,,,,,,,,,,,,,,,,,,
2025-12-30 10:38:05.175000,FinePointe Series WBP [SN 139781]  Site 3 Bias Flow is out of range.,,,,,,,,,,,,,,,,,,,,,,,,,
2025-12-30 10:38:05.175000,FinePointe Series WBP [SN 10499C]  Site 3 Bias Flow is out of range.,,,,,,,,,,,,,,,,,,,,,,,,,
2025-12-30 10:38:05.175000,FinePointe Series WBP [SN 139781]  Site 4 Bias Flow is out of range.,,,,,,,,,,,,,,,,,,,,,,,,,
2025-12-30 10:38:07.176000,9d,Toxicity,Original,,131.8634490966797,1.9221351146697998,253.98226928710938,0.21078206598758698,0.2901107668876648,0.8699213862419128,11.153897285461426,14.86494255065918,12.198123931884766,0.1932084858417511,0.26282230019569397,0.8071330785751343,24.32723617553711,0,0.2090470790863037,18.449674606323242,2.997326374053955,37,25,30,40,
2025-12-30 10:38:09.175000,9d,Toxicity,Original,,56.22695541381836,2.759023666381836,155.13148498535156,0.25253385305404663,0.32147789001464844,0.9194568395614624,11.153897285461426,9.301825523376465,10.31651782989502,0.3927927315235138,0.6743111610412598,0.4267813265323639,10.44072437286377,0,0.5192660093307495,,,37,25,30,50,
2025-12-30 10:38:11.175000,9d,Toxicity,Original,,81.66461944580078,2.155695676803589,176.36965942382812,0.43738940358161926,0.46657881140708923,0.872477650642395,11.153897285461426,10.089529037475586,12.014100074768066,0.3367825150489807,0.41200631856918335,0.578658938407898,12.603597640991211,0,0.2949105501174927,9.859878540039062,4.290853977203369,37,25,30,0,
2025-12-30 10:38:13.176000,9d,Toxicity,Original,,84.50774383544922,2.184715986251831,184.57444763183594,0.4099917709827423,0.5052579641342163,0.8630944490432739,11.153897285461426,9.681280136108398,10.052589416503906,0.33564817905426025,0.3752693831920624,0.5369429588317871,10.37385082244873,0,0.25852081179618835,9.961362838745117,2.4152655601501465,37,25,30,0,
2025-12-30 10:38:13.176000,FinePointe Series WBP [SN 139781]  Site 2 Bias Flow is out of range.,,,,,,,,,,,,,,,,,,,,,,,,,
2025-12-30 10:38:15.175000,9d,Toxicity,Original,,138.6004638671875,1.870675802230835,224.87559509277344,0.40153828263282776,0.4274463951587677,0.8408470153808594,11.153897285461426,11.707405090332031,12.36947250366211,0.26472681760787964,0.2683451473712921,0.6418358683586121,13.318304061889648,0,0.1962105929851532,14.807549476623535,6.988149642944336,37,25,30,40,
2025-12-30 10:38:15.175000,FinePointe Series WBP [SN 139781]  Site 1 Bias Flow is out of range.,,,,,,,,,,,,,,,,,,,,,,,,,
2025-12-30 10:38:15.175000,FinePointe Series WBP [SN 139781]  Site 3 Bias Flow is out of range.,,,,,,,,,,,,,,,,,,,,,,,,,
2025-12-30 10:38:15.175000,FinePointe Series WBP [SN 10499C]  Site 3 Bias Flow is out of range.,,,,,,,,,,,,,,,,,,,,,,,,,
2025-12-30 10:38:15.175000,FinePointe Series WBP [SN 139781]  Site 4 Bias Flow is out of range.,,,,,,,,,,,,,,,,,,,,,,,,,
2025-12-30 10:38:17.176000,9d,Toxicity,Original,,94.53170013427734,1.7392417192459106,164.41348266601562,0.25575822591781616,0.42042818665504456,0.9134906530380249,11.153897285461426,15.228382110595703,11.334264755249023,0.19025872647762299,0.4444490075111389,0.3595833480358124,10.013535499572754,0,0.31751784682273865,,,37,25,30,66.66666412353516,
2025-12-30 10:38:21.175000,9d,Toxicity,Original,,66.55619049072266,2.733308792114258,181.68154907226562,0.33416375517845154,0.41999465227127075,0.9079818725585938,11.153897285461426,10.563716888427734,9.241095542907715,0.37097465991973877,0.5309116840362549,0.4013833999633789,9.94057846069336,0,0.3926037549972534,2.2421326637268066,1.4247204065322876,37,25,30,66.66666412353516,
2025-12-30 10:38:23.176000,9d,Toxicity,Original,,71.93592834472656,2.1373398303985596,153.6859130859375,0.4491316080093384,0.49189773201942444,0.8861651420593262,11.153897285461426,8.980679512023926,11.086511611938477,0.3630657494068146,0.4713688790798187,0.5275425314903259,11.548422813415527,0,0.3287232518196106,7.772585391998291,0.752402663230896,37,25,30,0,
2025-12-30 10:38:23.176000,FinePointe Series WBP [SN 139781]  Site 2 Bias Flow is out of range.,,,,,,,,,,,,,,,,,,,,,,,,,
2025-12-30 10:38:25.175000,9d,Toxicity,Original,,93.7740249633789,2.103512763977051,194.93067932128906,0.3502122461795807,0.39632555842399597,0.8817006945610046,11.153897285461426,10.545003890991211,11.428353309631348,0.32561737298965454,0.33579349517822266,0.5485184192657471,12.736395835876465,0,0.24973195791244507,13.928061485290527,2.7621171474456787,37,25,30,0,
2025-12-30 10:38:25.175000,FinePointe Series WBP [SN 139781]  Site 1 Bias Flow is out of range.,,,,,,,,,,,,,,,,,,,,,,,,,
2025-12-30 10:38:25.175000,FinePointe Series WBP [SN 139781]  Site 3 Bias Flow is out of range.,,,,,,,,,,,,,,,,,,,,,,,,,
2025-12-30 10:38:25.175000,FinePointe Series WBP [SN 10499C]  Site 3 Bias Flow is out of range.,,,,,,,,,,,,,,,,,,,,,,,,,
2025-12-30 10:38:27.175000,9d,Toxicity,Original,,349.5055847167969,0.7887256145477295,235.8289337158203,0.5311986804008484,0.5850438475608826,0.6415593028068542,11.153897285461426,11.26932144165039,10.052963256835938,0.10424309968948364,0.085749052464962,0.8314692378044128,6.367415428161621,0,0.05680267512798309,17.351642608642578,12.231213569641113,37,25,30,40,
2025-12-30 10:38:27.175000,FinePointe Series WBP [SN 139781]  Site 4 Bias Flow is out of range.,,,,,,,,,,,,,,,,,,,,,,,,,
2025-12-30 10:38:29.176000,9d,Toxicity,Original,,139.580322265625,1.5288524627685547,212.7115020751953,0.1818752884864807,0.29391852021217346,0.8833298683166504,11.153897285461426,16.476896286010742,10.920092582702637,0.16497421264648438,0.2653734087944031,0.5304923057556152,21.257488250732422,0,0.21466365456581116,21.496416091918945,2.895914077758789,37,25,30,33.33333206176758,
2025-12-30 10:38:31.175000,9d,Toxicity,Original,,208.720458984375,1.168718934059143,225.8208770751953,0.5055364966392517,0.47626277804374695,0.7637036442756653,11.153897285461426,10.769165992736816,12.029092788696289,0.15639251470565796,0.14150391519069672,0.8698422312736511,7.068273544311523,0,0.09841085225343704,14.529489517211914,6.567418575286865,37,25,30,62.5,
2025-12-30 10:38:33.175000,9d,Toxicity,Original,,412.55816650390625,0.5995463132858276,238.6982879638672,0.5206887722015381,0.663866400718689,0.6059189438819885,11.153897285461426,12.22826862335205,9.78685188293457,0.07719750702381134,0.07703720033168793,0.8306158185005188,4.2352471351623535,0,0.04775400459766388,15.233139038085938,14.774221420288086,37,25,30,71.42857360839844,
2025-12-30 10:38:33.175000,FinePointe Series WBP [SN 139781]  Site 2 Bias Flow is out of range.,,,,,,,,,,,,,,,,,,,,,,,,,
2025-12-30 10:38:35.176000,9d,Toxicity,Original,,178.785400390625,0.8358160853385925,144.656494140625,0.18331687152385712,0.2541355788707733,0.8737732768058777,11.153897285461426,10.878771781921387,8.752004623413086,0.1370079219341278,0.21177344024181366,0.5493894815444946,21.394664764404297,0,0.17579004168510437,17.962154388427734,5.242176055908203,37,25,30,40,
2025-12-30 10:38:35.176000,FinePointe Series WBP [SN 10499C]  Site 3 Bias Flow is out of range.,,,,,,,,,,,,,,,,,,,,,,,,,
2025-12-30 10:38:35.176000,FinePointe Series WBP [SN 139781]  Site 1 Bias Flow is out of range.,,,,,,,,,,,,,,,,,,,,,,,,,
2025-12-30 10:38:35.176000,FinePointe Series WBP [SN 139781]  Site 3 Bias Flow is out of range.,,,,,,,,,,,,,,,,,,,,,,,,,
2025-12-30 10:38:37.175000,9d,Toxicity,Original,,134.7847137451172,1.8791108131408691,253.27542114257812,0.2121398001909256,0.37800461053848267,0.8499149680137634,11.153897285461426,18.24337387084961,11.159701347351074,0.1674795001745224,0.2776748239994049,0.5160462260246277,14.47948932647705,0,0.2057642638683319,12.762418746948242,3.43829607963562,37,25,30,66.66666412353516,
2025-12-30 10:38:37.175000,FinePointe Series WBP [SN 139781]  Site 4 Bias Flow is out of range.,,,,,,,,,,,,,,,,,,,,,,,,,
2025-12-30 10:38:39.176000,9d,Toxicity,Original,,72.59263610839844,2.115967273712158,153.96719360351562,0.49448996782302856,0.6382730007171631,0.9100321531295776,11.153897285461426,10.283063888549805,9.019760131835938,0.3579464256763458,0.4691163897514343,0.3233063817024231,13.418990135192871,0,0.319421648979187,3.5039377212524414,4.496828079223633,37,25,30,50,
2025-12-30 10:38:41.175000,9d,Toxicity,Original,,88.18956756591797,2.174647331237793,191.59561157226562,0.37740007042884827,0.47461801767349243,0.8478521108627319,11.153897285461426,10.804884910583496,10.473702430725098,0.32981574535369873,0.3520575761795044,0.5522443056106567,11.551115989685059,0,0.24877603352069855,10.990740776062012,3.7911810874938965,37,25,30,0,
2025-12-30 10:38:43.175000,9d,Toxicity,Original,,166.2635955810547,1.6813671588897705,227.47711181640625,0.3215833306312561,0.46570032835006714,0.8562682271003723,11.153897285461426,12.449061393737793,9.689811706542969,0.22495633363723755,0.24913057684898376,0.571410059928894,9.675383567810059,0,0.17507386207580566,12.605780601501465,4.742597579956055,37,25,30,0,
2025-12-30 10:38:43.175000,FinePointe Series WBP [SN 139781]  Site 2 Bias Flow is out of range.,,,,,,,,,,,,,,,,,,,,,,,,,
2025-12-30 10:38:45.176000,9d,Toxicity,Original,,133.61505126953125,1.427198052406311,193.0711669921875,0.35135969519615173,0.7534457445144653,0.4926775395870209,11.153897285461426,16.508419036865234,8.459403038024902,0.14210039377212524,0.30861037969589233,0.5435822010040283,11.02743148803711,0,0.18026810884475708,11.50590705871582,12.182289123535156,37,25,30,60,
2025-12-30 10:38:45.176000,FinePointe Series WBP [SN 139781]  Site 1 Bias Flow is out of range.,,,,,,,,,,,,,,,,,,,,,,,,,
2025-12-30 10:38:45.176000,FinePointe Series WBP [SN 10499C]  Site 3 Bias Flow is out of range.,,,,,,,,,,,,,,,,,,,,,,,,,
2025-12-30 10:38:45.176000,FinePointe Series WBP [SN 139781]  Site 3 Bias Flow is out of range.,,,,,,,,,,,,,,,,,,,,,,,,,
2025-12-30 10:38:47.175000,9d,Toxicity,Original,,122.63094329833984,1.938776969909668,232.12924194335938,0.2169351577758789,0.3102758824825287,0.8996536135673523,11.153897285461426,15.015070915222168,11.802886009216309,0.19014611840248108,0.3154037296772003,0.27451592683792114,8.85731315612793,0,0.24489964544773102,4.884376049041748,,37,25,30,40,
2025-12-30 10:38:47.175000,FinePointe Series WBP [SN 139781]  Site 4 Bias Flow is out of range.,,,,,,,,,,,,,,,,,,,,,,,,,
2025-12-30 10:38:49.175000,9d,Toxicity,Original,,139.42213439941406,1.4931907653808594,177.6766357421875,0.21783609688282013,0.2715062201023102,0.8633568286895752,11.153897285461426,15.196483612060547,13.603233337402344,0.15112578868865967,0.32495835423469543,0.7264549732208252,61.92644119262695,0,0.26146188378334045,18.916351318359375,2.402376174926758,37,25,30,60,
2025-12-30 10:38:51.176000,9d,Toxicity,Original,,76.78855895996094,1.754905104637146,134.7566375732422,0.6694362163543701,1.6673250198364258,0.07996831834316254,11.153897285461426,14.845837593078613,3.675814390182495,0.18112871050834656,0.6002377271652222,0.21481481194496155,6.438694000244141,0,0.22751320898532867,,8.741848945617676,37,25,30,50,
2025-12-30 10:38:53.175000,9d,Toxicity,Original,,62.053680419921875,2.817099094390869,174.29074096679688,0.17847323417663574,0.26825249195098877,0.9309943914413452,11.153897285461426,12.278867721557617,10.022431373596191,0.3516747057437897,0.6164928674697876,0.26357537508010864,11.133129119873047,0,0.4969193935394287,,,37,25,30,33.33333206176758,
2025-12-30 10:38:53.175000,FinePointe Series WBP [SN 139781]  Site 2 Bias Flow is out of range.,,,,,,,,,,,,,,,,,,,,,,,,,
2025-12-30 10:38:55.176000,9d,Toxicity,Original,,66.3011474609375,2.259463310241699,149.25784301757812,0.3570587635040283,0.41866934299468994,0.9130076169967651,11.153897285461426,10.388862609863281,11.10170841217041,0.3328622579574585,0.5743482112884521,0.270365446805954,9.579383850097656,0,0.41648727655410767,3.453831672668457,,37,25,30,0,
2025-12-30 10:38:55.176000,FinePointe Series WBP [SN 139781]  Site 1 Bias Flow is out of range.,,,,,,,,,,,,,,,,,,,,,,,,,
2025-12-30 10:38:55.176000,FinePointe Series WBP [SN 139781]  Site 3 Bias Flow is out of range.,,,,,,,,,,,,,,,,,,,,,,,,,
2025-12-30 10:38:55.176000,FinePointe Series WBP [SN 10499C]  Site 3 Bias Flow is out of range.,,,,,,,,,,,,,,,,,,,,,,,,,
2025-12-30 10:38:57.175000,9d,Toxicity,Original,,75.73494720458984,2.270024061203003,173.00091552734375,0.34930846095085144,0.41471993923187256,0.9039992094039917,11.153897285461426,10.31722354888916,11.174798011779785,0.34296199679374695,0.4610007703304291,0.3272731900215149,10.038622856140137,0,0.333893358707428,4.420533180236816,,37,25,30,0,
2025-12-30 10:38:57.175000,FinePointe Series WBP [SN 139781]  Site 4 Bias Flow is out of range.,,,,,,,,,,,,,,,,,,,,,,,,,
2025-12-30 10:39:01.176000,9d,Toxicity,Original,,57.03231430053711,4.409291744232178,203.0522003173828,2.0826303958892822,2.141643524169922,0.49148839712142944,11.153897285461426,22.563709259033203,12.773576736450195,0.36952051520347595,0.8029053807258606,0.47985419631004333,8.424410820007324,0,0.32950058579444885,,42.61927032470703,37,25,30,66.66666412353516,
2025-12-30 10:39:01.176000,FinePointe Series WBP [SN 139781]  Site 2 Bias Flow is out of range.,,,,,,,,,,,,,,,,,,,,,,,,,
2025-12-30 10:39:05.175000,9d,Toxicity,Original,,68.58661651611328,2.507493257522583,171.93222045898438,0.2253141552209854,0.31662920117378235,0.9234216213226318,11.153897285461426,11.383119583129883,9.152654647827148,0.30681493878364563,0.5682340264320374,0.3352277874946594,9.812634468078613,0,0.4385804533958435,2.169947385787964,,37,25,30,25,
2025-12-30 10:39:05.175000,FinePointe Series WBP [SN 139781]  Site 1 Bias Flow is out of range.,,,,,,,,,,,,,,,,,,,,,,,,,
2025-12-30 10:39:05.175000,FinePointe Series WBP [SN 139781]  Site 3 Bias Flow is out of range.,,,,,,,,,,,,,,,,,,,,,,,,,
2025-12-30 10:39:05.175000,FinePointe Series WBP [SN 10499C]  Site 3 Bias Flow is out of range.,,,,,,,,,,,,,,,,,,,,,,,,,
2025-12-30 10:39:05.175000,FinePointe Series WBP [SN 139781]  Site 4 Bias Flow is out of range.,,,,,,,,,,,,,,,,,,,,,,,,,
2025-12-30 10:39:07.176000,9d,Toxicity,Original,,187.6914520263672,1.6292297840118408,237.81610107421875,0.3785565495491028,0.47986680269241333,0.7913966178894043,11.153897285461426,12.587965965270996,10.194526672363281,0.19882304966449738,0.2500786781311035,0.52400141954422,7.658899784088135,0,0.1794271320104599,8.816455841064453,7.650926113128662,37,25,30,25,
2025-12-30 10:39:09.175000,9d,Toxicity,Original,,214.59335327148438,1.1018232107162476,187.98500061035156,0.4287179708480835,0.457500159740448,0.7791193723678589,11.153897285461426,12.914178848266602,12.370641708374023,0.133339062333107,0.21056056022644043,0.7566835284233093,15.651768684387207,0,0.15342803299427032,14.412205696105957,7.84495210647583,37,25,30,20,
2025-12-30 10:39:09.175000,FinePointe Series WBP [SN 139781]  Site 2 Bias Flow is out of range.,,,,,,,,,,,,,,,,,,,,,,,,,
2025-12-30 10:39:15.175000,9d,Toxicity,Original,,66.66993713378906,2.3481125831604004,156.5823211669922,0.2645946741104126,0.3808204233646393,0.9033443331718445,11.153897285461426,11.449740409851074,9.781951904296875,0.3176933825016022,0.5823073387145996,0.2645590901374817,13.053289413452148,0,0.4320601224899292,2.0543370246887207,0.3748144507408142,37,25,30,66.66666412353516,
2025-12-30 10:39:15.175000,FinePointe Series WBP [SN 139781]  Site 1 Bias Flow is out of range.,,,,,,,,,,,,,,,,,,,,,,,,,
2025-12-30 10:39:15.175000,FinePointe Series WBP [SN 139781]  Site 3 Bias Flow is out of range.,,,,,,,,,,,,,,,,,,,,,,,,,
2025-12-30 10:39:15.175000,FinePointe Series WBP [SN 10499C]  Site 3 Bias Flow is out of range.,,,,,,,,,,,,,,,,,,,,,,,,,
2025-12-30 10:39:15.175000,FinePointe Series WBP [SN 139781]  Site 4 Bias Flow is out of range.,,,,,,,,,,,,,,,,,,,,,,,,,
2025-12-30 10:39:17.176000,9d,Toxicity,Original,,75.94406127929688,1.9168424606323242,145.5787811279297,0.39116358757019043,0.4369855523109436,0.890107274055481,11.153897285461426,9.585172653198242,10.64992904663086,0.3418484926223755,0.44823023676872253,0.47358256578445435,13.629425048828125,0,0.331447035074234,5.872180938720703,0.8455643057823181,37,25,30,0,
2025-12-30 10:39:19.175000,9d,Toxicity,Original,,71.37434387207031,2.334519386291504,166.57424926757812,0.3136177659034729,0.45514482259750366,0.9076513051986694,11.153897285461426,10.022171020507812,9.223505973815918,0.3317945897579193,0.5089727640151978,0.3859546184539795,10.666635513305664,0,0.3588609993457794,4.419275283813477,,37,25,30,0,
2025-12-30 10:39:21.175000,9d,Toxicity,Original,,67.58749389648438,2.360373020172119,159.56524658203125,0.3098033368587494,0.4661721885204315,0.9099449515342712,11.153897285461426,9.656327247619629,8.292980194091797,0.349295973777771,0.5385428667068481,0.2477637529373169,10.059476852416992,0,0.3752172887325287,3.18955397605896,,37,25,30,0,
2025-12-30 10:39:23.176000,9d,Toxicity,Original,,89.84124755859375,2.0590450763702393,182.8877410888672,0.3050278127193451,0.4511401057243347,0.8956204652786255,11.153897285461426,11.016240119934082,9.107687950134277,0.27954205870628357,0.39840924739837646,0.4344483017921448,10.384578704833984,0,0.2803977131843567,5.959153175354004,1.3421831130981445,37,25,30,0,
2025-12-30 10:39:23.176000,FinePointe Series WBP [SN 139781]  Site 2 Bias Flow is out of range.,,,,,,,,,,,,,,,,,,,,,,,,,
2025-12-30 10:39:25.175000,9d,Toxicity,Original,,174.34365844726562,1.1914135217666626,182.25927734375,0.3012183606624603,0.3749002516269684,0.8501589894294739,11.153897285461426,13.594070434570312,11.515094757080078,0.1449761986732483,0.2842295467853546,0.5984318256378174,10.421732902526855,0,0.21195173263549805,22.28618049621582,11.462915420532227,37,25,30,50,
2025-12-30 10:39:25.175000,FinePointe Series WBP [SN 139781]  Site 1 Bias Flow is out of range.,,,,,,,,,,,,,,,,,,,,,,,,,
2025-12-30 10:39:25.175000,FinePointe Series WBP [SN 139781]  Site 3 Bias Flow is out of range.,,,,,,,,,,,,,,,,,,,,,,,,,
2025-12-30 10:39:25.175000,FinePointe Series WBP [SN 10499C]  Site 3 Bias Flow is out of range.,,,,,,,,,,,,,,,,,,,,,,,,,
2025-12-30 10:39:25.175000,FinePointe Series WBP [SN 139781]  Site 4 Bias Flow is out of range.,,,,,,,,,,,,,,,,,,,,,,,,,
2025-12-30 10:39:27.175000,9d,Toxicity,Original,,430.1582946777344,0.6630781292915344,285.2285461425781,0.7419299483299255,0.756556510925293,0.505182147026062,11.153897285461426,13.65058708190918,13.447870254516602,0.07614004611968994,0.06334349513053894,1.2021572589874268,4.351011276245117,0,0.03665458410978317,17.16521453857422,14.460760116577148,37,25,30,87.5,
2025-12-30 10:39:29.176000,9d,Toxicity,Original,,396.1607666015625,0.46283596754074097,183.35745239257812,0.7494451999664307,0.6845423579216003,0.5876901745796204,11.153897285461426,9.888608932495117,10.905705451965332,0.07658427953720093,0.07486938685178757,0.9527155756950378,3.8214969635009766,0,0.04501308873295784,14.37647819519043,15.511026382446289,37,25,30,90,
2025-12-30 10:39:31.175000,9d,Toxicity,Original,,423.5605163574219,0.5577565431594849,236.24363708496094,0.5102406740188599,0.7214056253433228,0.5526046752929688,11.153897285461426,11.63328742980957,7.941336631774902,0.07289101183414459,0.06876525282859802,0.6858232021331787,3.644347906112671,0,0.0404813215136528,14.625606536865234,13.405624389648438,37,25,30,87.5,
2025-12-30 10:39:33.176000,9d,Toxicity,Original,,139.25460815429688,2.067028522491455,293.4668273925781,0.25701913237571716,0.3502565026283264,0.8290454149246216,11.153897285461426,16.004911422729492,13.217182159423828,0.18582426011562347,0.2544146180152893,0.8697274923324585,12.794321060180664,0,0.19657734036445618,17.70067024230957,5.5806121826171875,37,25,30,66.66666412353516,
2025-12-30 10:39:33.176000,FinePointe Series WBP [SN 139781]  Site 2 Bias Flow is out of range.,,,,,,,,,,,,,,,,,,,,,,,,,
2025-12-30 10:39:35.175000,9d,Toxicity,Original,,130.666259765625,1.788492202758789,233.69558715820312,0.22108925879001617,0.29185646772384644,0.8648137450218201,11.153897285461426,15.78736400604248,13.73200798034668,0.1747308075428009,0.2844543159008026,0.6946573257446289,12.695788383483887,0,0.2245599627494812,11.47513198852539,,37,25,30,80,
2025-12-30 10:39:35.175000,FinePointe Series WBP [SN 10499C]  Site 3 Bias Flow is out of range.,,,,,,,,,,,,,,,,,,,,,,,,,
2025-12-30 10:39:35.175000,FinePointe Series WBP [SN 139781]  Site 1 Bias Flow is out of range.,,,,,,,,,,,,,,,,,,,,,,,,,
2025-12-30 10:39:35.175000,FinePointe Series WBP [SN 139781]  Site 3 Bias Flow is out of range.,,,,,,,,,,,,,,,,,,,,,,,,,
2025-12-30 10:39:37.175000,9d,Toxicity,Original,,104.20829772949219,1.4998480081558228,149.7088623046875,0.36508145928382874,0.46056944131851196,0.9027469158172607,11.153897285461426,12.387887954711914,11.055763244628906,0.20114029943943024,0.41636353731155396,0.4408927857875824,11.0672607421875,0,0.2848687469959259,10.561247825622559,1.5990103483200073,37,25,30,0,
2025-12-30 10:39:37.175000,FinePointe Series WBP [SN 139781]  Site 4 Bias Flow is out of range.,,,,,,,,,,,,,,,,,,,,,,,,,
2025-12-30 10:39:39.176000,9d,Toxicity,Original,,71.41459655761719,1.7919049263000488,127.9681625366211,0.37110620737075806,0.6335441470146179,0.947085976600647,11.153897285461426,13.201018333435059,8.073314666748047,0.21720091998577118,0.6229634881019592,0.19508691132068634,6.348324298858643,0,0.38560110330581665,,,37,25,30,66.66666412353516,
2025-12-30 10:39:43.175000,9d,Toxicity,Original,,74.03241729736328,2.1429009437561035,158.65948486328125,0.34077540040016174,0.391826868057251,0.8930611610412598,11.153897285461426,9.240839004516602,10.810484886169434,0.34039369225502014,0.4701516628265381,0.4062662124633789,10.817228317260742,0,0.3503994941711426,5.374940872192383,,37,25,30,66.66666412353516,
2025-12-30 10:39:43.175000,FinePointe Series WBP [SN 139781]  Site 2 Bias Flow is out of range.,,,,,,,,,,,,,,,,,,,,,,,,,
2025-12-30 10:39:45.176000,9d,Toxicity,Original,,78.7697982788086,2.3927273750305176,188.4746551513672,0.295623242855072,0.4568409323692322,0.9039983749389648,11.153897285461426,10.603697776794434,8.833113670349121,0.33472132682800293,0.42699190974235535,0.2776673436164856,9.886174201965332,0,0.3021216094493866,4.551332950592041,,37,25,30,0,
2025-12-30 10:39:45.176000,FinePointe Series WBP [SN 10499C]  Site 3 Bias Flow is out of range.,,,,,,,,,,,,,,,,,,,,,,,,,
2025-12-30 10:39:45.176000,FinePointe Series WBP [SN 139781]  Site 1 Bias Flow is out of range.,,,,,,,,,,,,,,,,,,,,,,,,,
2025-12-30 10:39:45.176000,FinePointe Series WBP [SN 139781]  Site 3 Bias Flow is out of range.,,,,,,,,,,,,,,,,,,,,,,,,,
2025-12-30 10:39:47.175000,9d,Toxicity,Original,,105.24102783203125,2.1758008003234863,228.9835205078125,0.12843839824199677,0.2407977133989334,0.8947628140449524,11.153897285461426,15.155792236328125,8.888586044311523,0.21248316764831543,0.3576366603374481,0.3117823600769043,84.98259735107422,0,0.293689101934433,20.686546325683594,0.9897184371948242,37,25,30,75,
2025-12-30 10:39:47.175000,FinePointe Series WBP [SN 139781]  Site 4 Bias Flow is out of range.,,,,,,,,,,,,,,,,,,,,,,,,,
2025-12-30 10:39:49.176000,9d,Toxicity,Original,,64.43534088134766,2.2597711086273193,141.95980834960938,0.16318073868751526,0.3854578137397766,0.9385432004928589,11.153897285461426,12.476749420166016,6.882772922515869,0.25779807567596436,0.6931464672088623,0.13954055309295654,10.839604377746582,0,0.5044566988945007,,,37,25,30,33.33333206176758,
2025-12-30 10:39:51.175000,9d,Toxicity,Original,,61.78584289550781,2.3885629177093506,147.55889892578125,0.27899694442749023,0.39429187774658203,0.9264922142028809,11.153897285461426,9.954010009765625,9.208967208862305,0.34222593903541565,0.6292138695716858,0.26037901639938354,10.017936706542969,0,0.45938464999198914,,,37,25,30,0,
2025-12-30 10:39:53.175000,9d,Toxicity,Original,,67.76304626464844,2.2530603408813477,152.54202270507812,0.26236972212791443,0.380717933177948,0.8938030004501343,11.153897285461426,11.2107515335083,9.77975845336914,0.33539918065071106,0.5503737926483154,0.24431058764457703,12.36972427368164,0,0.4106549620628357,3.6608150005340576,,37,25,30,0,
2025-12-30 10:39:53.175000,FinePointe Series WBP [SN 139781]  Site 2 Bias Flow is out of range.,,,,,,,,,,,,,,,,,,,,,,,,,
2025-12-30 10:39:55.176000,9d,Toxicity,Original,,75.61076354980469,2.356509208679199,177.60308837890625,0.31689754128456116,0.39744850993156433,0.8944803476333618,11.153897285461426,10.508237838745117,10.619559288024902,0.33561328053474426,0.4613763689994812,0.4110008478164673,11.174820899963379,0,0.3402808606624603,5.4648308753967285,0.6675838232040405,37,25,30,0,
2025-12-30 10:39:55.176000,FinePointe Series WBP [SN 139781]  Site 1 Bias Flow is out of range.,,,,,,,,,,,,,,,,,,,,,,,,,
2025-12-30 10:39:55.176000,FinePointe Series WBP [SN 10499C]  Site 3 Bias Flow is out of range.,,,,,,,,,,,,,,,,,,,,,,,,,
2025-12-30 10:39:55.176000,FinePointe Series WBP [SN 139781]  Site 3 Bias Flow is out of range.,,,,,,,,,,,,,,,,,,,,,,,,,
2025-12-30 10:39:57.175000,9d,Toxicity,Original,,73.71853637695312,2.165081262588501,158.62576293945312,0.16979005932807922,0.28004276752471924,0.9265458583831787,11.153897285461426,14.529624938964844,10.917673110961914,0.22526118159294128,0.5915740728378296,0.3636600971221924,18.334457397460938,0,0.46784263849258423,8.04197883605957,,37,25,30,0,
2025-12-30 10:39:57.175000,FinePointe Series WBP [SN 139781]  Site 4 Bias Flow is out of range.,,,,,,,,,,,,,,,,,,,,,,,,,
2025-12-30 10:39:59.175000,9d,Toxicity,Original,,57.93624496459961,2.316865921020508,133.84823608398438,0.17592646181583405,0.33169418573379517,0.9406440258026123,11.153897285461426,12.077995300292969,9.168336868286133,0.31542450189590454,0.7219011187553406,0.23833489418029785,12.3955078125,0,0.5549259185791016,,,37,25,30,0,
2025-12-30 10:40:01.176000,9d,Toxicity,Original,,62.37431335449219,2.3984580039978027,149.50697326660156,0.231783926486969,0.34229016304016113,0.9255502223968506,11.153897285461426,9.911338806152344,9.404508590698242,0.34500712156295776,0.6177421808242798,0.25057876110076904,13.921075820922852,0,0.4702324867248535,2.4068586826324463,,37,25,30,0,
2025-12-30 10:40:03.175000,9d,Toxicity,Original,,69.61759948730469,2.3538641929626465,164.13673400878906,0.2575148344039917,0.3395082354545593,0.9183769822120667,11.153897285461426,10.655777931213379,10.262262344360352,0.3252348303794861,0.5418742895126343,0.2979782521724701,12.16676139831543,0,0.41759002208709717,1.6839786767959595,,37,25,30,0,
2025-12-30 10:40:03.175000,FinePointe Series WBP [SN 139781]  Site 2 Bias Flow is out of range.,,,,,,,,,,,,,,,,,,,,,,,,,
2025-12-30 10:40:05.176000,9d,Toxicity,Original,,71.04541015625,1.7829995155334473,126.6739273071289,0.17698198556900024,0.36632367968559265,0.9496493935585022,11.153897285461426,16.282407760620117,9.813600540161133,0.18744570016860962,0.657084584236145,0.21839524805545807,21.686216354370117,0,0.48934206366539,,,37,25,30,0,
2025-12-30 10:40:05.176000,FinePointe Series WBP [SN 139781]  Site 1 Bias Flow is out of range.,,,,,,,,,,,,,,,,,,,,,,,,,
2025-12-30 10:40:05.176000,FinePointe Series WBP [SN 139781]  Site 3 Bias Flow is out of range.,,,,,,,,,,,,,,,,,,,,,,,,,
2025-12-30 10:40:05.176000,FinePointe Series WBP [SN 10499C]  Site 3 Bias Flow is out of range.,,,,,,,,,,,,,,,,,,,,,,,,,
2025-12-30 10:40:07.175000,9d,Toxicity,Original,,136.06655883789062,1.4192134141921997,193.10748291015625,0.4751836955547333,0.5419237613677979,0.8699948787689209,11.153897285461426,11.827590942382812,11.445508003234863,0.1742924302816391,0.2666682302951813,0.6388144493103027,7.188845634460449,0,0.17602777481079102,7.0417022705078125,1.050168514251709,37,25,30,66.66666412353516,
2025-12-30 10:40:07.175000,FinePointe Series WBP [SN 139781]  Site 4 Bias Flow is out of range.,,,,,,,,,,,,,,,,,,,,,,,,,
2025-12-30 10:40:09.175000,9d,Toxicity,Original,,188.85162353515625,0.777448296546936,143.947021484375,0.1643858104944229,0.2617161273956299,0.8529878854751587,11.153897285461426,11.652311325073242,8.191144943237305,0.12927651405334473,0.20781025290489197,0.5394641160964966,70.15645599365234,0,0.17794442176818848,29.457857131958008,10.483620643615723,37,25,30,75,
2025-12-30 10:40:11.176000,9d,Toxicity,Original,,148.11927795410156,1.1924002170562744,176.61746215820312,0.2501524090766907,0.2719809412956238,0.8530844449996948,11.153897285461426,12.074970245361328,12.052663803100586,0.15422451496124268,0.2508544325828552,0.5765244364738464,16.15401268005371,0,0.20057350397109985,17.4090576171875,0.9221196174621582,37,25,30,85.71428680419922,
2025-12-30 10:40:13.175000,9d,Toxicity,Original,,254.02972412109375,0.8322651386260986,162.88063049316406,0.4869833290576935,0.46754512190818787,0.736078143119812,11.153897285461426,11.622377395629883,12.000051498413086,0.11330512911081314,0.244149312376976,0.7184358239173889,7.482468128204346,0,0.19598974287509918,14.977916717529297,16.796674728393555,37,25,30,71.42857360839844,
2025-12-30 10:40:13.175000,FinePointe Series WBP [SN 139781]  Site 2 Bias Flow is out of range.,,,,,,,,,,,,,,,,,,,,,,,,,
2025-12-30 10:40:15.175000,9d,Toxicity,Original,,162.33023071289062,1.3726946115493774,205.79222106933594,0.23356899619102478,0.3310689330101013,0.8651378750801086,11.153897285461426,13.384909629821777,10.098960876464844,0.14440743625164032,0.23576205968856812,0.44721028208732605,7.340723991394043,0,0.1797918975353241,6.880575180053711,2.7137110233306885,37,25,30,62.5,
2025-12-30 10:40:15.175000,FinePointe Series WBP [SN 139781]  Site 1 Bias Flow is out of range.,,,,,,,,,,,,,,,,,,,,,,,,,
2025-12-30 10:40:15.175000,FinePointe Series WBP [SN 139781]  Site 3 Bias Flow is out of range.,,,,,,,,,,,,,,,,,,,,,,,,,
2025-12-30 10:40:15.175000,FinePointe Series WBP [SN 10499C]  Site 3 Bias Flow is out of range.,,,,,,,,,,,,,,,,,,,,,,,,,
2025-12-30 10:40:15.175000,FinePointe Series WBP [SN 139781]  Site 4 Bias Flow is out of range.,,,,,,,,,,,,,,,,,,,,,,,,,
2025-12-30 10:40:17.176000,9d,Toxicity,Original,,204.55091857910156,0.930800199508667,190.3960418701172,0.6250773072242737,0.4980972409248352,0.717483401298523,11.153897285461426,10.589836120605469,14.114789962768555,0.13164928555488586,0.16167621314525604,1.1071304082870483,9.174092292785645,0,0.11011068522930145,18.345855712890625,9.7974214553833,37,25,30,0,
2025-12-30 10:40:19.175000,9d,Toxicity,Original,,59.92540740966797,2.3667547702789307,143.0033416748047,0.23742280900478363,0.4623792767524719,0.9340354204177856,11.153897285461426,12.284974098205566,8.751999855041504,0.28597205877304077,0.7174273133277893,0.30056190490722656,10.346261024475098,0,0.4946969151496887,,,37,25,30,25,
2025-12-30 10:40:21.176000,9d,Toxicity,Original,,68.33659362792969,2.2353546619415283,152.8673095703125,0.3290655016899109,0.3841342329978943,0.9132907390594482,11.153897285461426,10.769012451171875,11.11491870880127,0.3185921311378479,0.5603165030479431,0.4007962644100189,9.103667259216309,0,0.41275256872177124,,,37,25,30,0,
2025-12-30 10:40:23.176000,9d,Toxicity,Original,,71.5705795288086,2.2638347148895264,162.09298706054688,0.30976438522338867,0.4267054498195648,0.9078173041343689,11.153897285461426,10.288456916809082,9.752371788024902,0.31587234139442444,0.5231542587280273,0.2907942533493042,9.776153564453125,0,0.3755839467048645,0.8615679144859314,,37,25,30,0,
2025-12-30 10:40:23.176000,FinePointe Series WBP [SN 139781]  Site 2 Bias Flow is out of range.,,,,,,,,,,,,,,,,,,,,,,,,,
2025-12-30 10:40:25.175000,9d,Toxicity,Original,,88.7702865600586,2.091463804244995,183.7245330810547,0.18479271233081818,0.24678415060043335,0.9003674983978271,11.153897285461426,12.468130111694336,10.73796272277832,0.2590901553630829,0.425891637802124,0.6628302931785583,19.2618465423584,0,0.3501603305339813,29.266542434692383,1.945037841796875,37,25,30,0,
2025-12-30 10:40:25.175000,FinePointe Series WBP [SN 139781]  Site 1 Bias Flow is out of range.,,,,,,,,,,,,,,,,,,,,,,,,,
2025-12-30 10:40:25.175000,FinePointe Series WBP [SN 139781]  Site 3 Bias Flow is out of range.,,,,,,,,,,,,,,,,,,,,,,,,,
2025-12-30 10:40:25.175000,FinePointe Series WBP [SN 10499C]  Site 3 Bias Flow is out of range.,,,,,,,,,,,,,,,,,,,,,,,,,
2025-12-30 10:40:25.175000,FinePointe Series WBP [SN 139781]  Site 4 Bias Flow is out of range.,,,,,,,,,,,,,,,,,,,,,,,,,
2025-12-30 10:40:29.175000,9d,Toxicity,Original,,55.936439514160156,2.395097017288208,133.97320556640625,0.21328429877758026,0.3408412039279938,0.9362229704856873,11.153897285461426,9.708996772766113,7.421029567718506,0.3548682630062103,0.7177777290344238,0.10336081683635712,8.657200813293457,0,0.5427287817001343,,,37,25,30,83.33333587646484,
2025-12-30 10:40:31.175000,9d,Toxicity,Original,,66.48770904541016,2.3030500411987305,153.06875610351562,0.30607250332832336,0.3617073893547058,0.907429575920105,11.153897285461426,9.548052787780762,10.518620491027832,0.33823323249816895,0.5642469525337219,0.3980107307434082,10.800431251525879,0,0.42447400093078613,1.9016764163970947,,37,25,30,0,
2025-12-30 10:40:33.176000,9d,Toxicity,Original,,83.8061294555664,2.0986204147338867,175.8203125,0.3858296871185303,0.3841686546802521,0.8818910121917725,11.153897285461426,9.731966018676758,11.907833099365234,0.33421891927719116,0.3821050524711609,0.4658921957015991,11.730667114257812,0,0.2861879765987396,10.963127136230469,1.0122989416122437,37,25,30,0,
2025-12-30 10:40:33.176000,FinePointe Series WBP [SN 139781]  Site 2 Bias Flow is out of range.,,,,,,,,,,,,,,,,,,,,,,,,,
2025-12-30 10:40:35.175000,9d,Toxicity,Original,,92.98003387451172,1.6794369220733643,156.64939880371094,0.19235192239284515,0.28055596351623535,0.9248315095901489,11.153897285461426,13.80801773071289,10.223661422729492,0.19284087419509888,0.4527612030506134,0.16114607453346252,33.53659439086914,0,0.3621404767036438,22.60749053955078,,37,25,30,50,
2025-12-30 10:40:35.175000,FinePointe Series WBP [SN 139781]  Site 1 Bias Flow is out of range.,,,,,,,,,,,,,,,,,,,,,,,,,
2025-12-30 10:40:35.175000,FinePointe Series WBP [SN 139781]  Site 3 Bias Flow is out of range.,,,,,,,,,,,,,,,,,,,,,,,,,
2025-12-30 10:40:35.175000,FinePointe Series WBP [SN 10499C]  Site 3 Bias Flow is out of range.,,,,,,,,,,,,,,,,,,,,,,,,,
2025-12-30 10:40:37.175000,9d,Toxicity,Original,,121.68518829345703,2.1595747470855713,262.78826904296875,0.12168607115745544,0.21899031102657318,0.8848520517349243,11.153897285461426,17.52765464782715,10.788735389709473,0.183419331908226,0.3096562922000885,0.6403302550315857,19.215116500854492,0,0.25834208726882935,29.46855354309082,1.8475046157836914,37,25,30,80,
2025-12-30 10:40:37.175000,FinePointe Series WBP [SN 139781]  Site 4 Bias Flow is out of range.,,,,,,,,,,,,,,,,,,,,,,,,,
2025-12-30 10:40:39.176000,9d,Toxicity,Original,,158.09310913085938,1.261596441268921,144.9320068359375,0.6863263249397278,0.927512526512146,0.5228735208511353,11.153897285461426,11.88151741027832,7.13115930557251,0.15099301934242249,0.3273923397064209,0.38493165373802185,11.685346603393555,11.863093376159668,0.18030090630054474,8.500530242919922,11.9775390625,37,25,30,0,
2025-12-30 10:40:41.175000,9d,Toxicity,Original,,383.0384521484375,0.5204434394836426,199.349853515625,0.8315702676773071,0.7721874117851257,0.5275874137878418,11.153897285461426,10.549050331115723,11.344991683959961,0.07703458517789841,0.07960765808820724,1.0074565410614014,3.722357749938965,0,0.04547472298145294,13.9548978805542,17.262863159179688,37,25,30,66.66666412353516,
2025-12-30 10:40:41.175000,FinePointe Series WBP [SN 139781]  Site 2 Bias Flow is out of range.,,,,,,,,,,,,,,,,,,,,,,,,,
2025-12-30 10:40:45.175000,9d,Toxicity,Original,,69.18869018554688,4.487765789031982,297.39544677734375,1.1968872547149658,1.250376582145691,0.5310690999031067,11.153897285461426,21.083274841308594,15.303237915039062,0.3572339415550232,0.5218892097473145,0.7497076988220215,7.440337181091309,0,0.25058072805404663,2.035630941390991,12.609661102294922,37,25,30,81.81818389892578,
2025-12-30 10:40:45.175000,FinePointe Series WBP [SN 10499C]  Site 3 Bias Flow is out of range.,,,,,,,,,,,,,,,,,,,,,,,,,
2025-12-30 10:40:45.175000,FinePointe Series WBP [SN 139781]  Site 1 Bias Flow is out of range.,,,,,,,,,,,,,,,,,,,,,,,,,
2025-12-30 10:40:45.175000,FinePointe Series WBP [SN 139781]  Site 3 Bias Flow is out of range.,,,,,,,,,,,,,,,,,,,,,,,,,
2025-12-30 10:40:47.175000,9d,Toxicity,Original,,177.0569610595703,0.461211621761322,62.14896011352539,0.631132960319519,0.6177512407302856,0.5972898006439209,11.153897285461426,4.240785121917725,4.162607192993164,0.2089981585741043,0.24998001754283905,0.3141041398048401,17.816650390625,0,0.15740667283535004,9.240436553955078,23.53128433227539,37,25,30,50,
2025-12-30 10:40:47.175000,FinePointe Series WBP [SN 139781]  Site 4 Bias Flow is out of range.,,,,,,,,,,,,,,,,,,,,,,,,,
2025-12-30 10:40:49.176000,9d,Toxicity,Original,,62.59136199951172,2.2186126708984375,138.86599731445312,0.22687943279743195,0.2987116873264313,0.9135951399803162,11.153897285461426,11.660606384277344,10.56473159790039,0.2952852249145508,0.6633135080337524,0.3087060749530792,10.405208587646484,0,0.5172899961471558,0.9898810982704163,,37,25,30,50,
2025-12-30 10:40:53.175000,9d,Toxicity,Original,,76.88864135742188,2.2105417251586914,169.73031616210938,0.3305877447128296,0.4224095344543457,0.8875677585601807,11.153897285461426,10.959867477416992,10.489455223083496,0.3068222999572754,0.48110097646713257,0.4469367265701294,11.140690803527832,0,0.3456278145313263,4.4609479904174805,3.7414162158966064,37,25,30,40,
2025-12-30 10:40:53.175000,FinePointe Series WBP [SN 139781]  Site 2 Bias Flow is out of range.,,,,,,,,,,,,,,,,,,,,,,,,,
2025-12-30 10:40:53.175000,FinePointe Series WBP [SN 10499C]  Site 3 Bias Flow is out of range.,,,,,,,,,,,,,,,,,,,,,,,,,
2025-12-30 10:40:53.175000,FinePointe Series WBP [SN 139781]  Site 1 Bias Flow is out of range.,,,,,,,,,,,,,,,,,,,,,,,,,
2025-12-30 10:40:53.175000,FinePointe Series WBP [SN 139781]  Site 3 Bias Flow is out of range.,,,,,,,,,,,,,,,,,,,,,,,,,
2025-12-30 10:40:57.175000,9d,Toxicity,Original,,61.025535583496094,2.329979419708252,140.01199340820312,0.17695903778076172,0.30299484729766846,0.9352144598960876,11.153897285461426,13.994752883911133,9.992768287658691,0.27073538303375244,0.7251680493354797,0.2590320110321045,52.646873474121094,0,0.5664587616920471,,,37,25,30,60,
2025-12-30 10:40:57.175000,FinePointe Series WBP [SN 139781]  Site 4 Bias Flow is out of range.,,,,,,,,,,,,,,,,,,,,,,,,,
2025-12-30 10:40:59.176000,9d,Toxicity,Original,,62.7010498046875,2.5744211673736572,161.3862762451172,0.1484498381614685,0.22428075969219208,0.9273701310157776,11.153897285461426,11.149559020996094,9.075288772583008,0.3323441743850708,0.6262116432189941,0.2998315691947937,12.123892784118652,0,0.5200517773628235,0.24821482598781586,,37,25,30,0,
2025-12-30 10:41:01.175000,9d,Toxicity,Original,,68.40196228027344,2.1709706783294678,148.7888641357422,0.3883454203605652,0.5243585109710693,0.9067128300666809,11.153897285461426,10.03272819519043,9.136155128479004,0.31609705090522766,0.5652163028717041,0.3672022521495819,9.479625701904297,0,0.3773897886276245,1.7486343383789062,3.5588104724884033,37,25,30,0,
2025-12-30 10:41:03.175000,9d,Toxicity,Original,,92.3171157836914,1.6487759351730347,149.34292602539062,0.24106790125370026,0.3804236054420471,0.8941369652748108,11.153897285461426,12.466104507446289,8.667045593261719,0.21892936527729034,0.43944433331489563,0.42582085728645325,19.7347469329834,0,0.3282298743724823,10.684362411499023,2.0230636596679688,37,25,30,0,
2025-12-30 10:41:03.175000,FinePointe Series WBP [SN 139781]  Site 2 Bias Flow is out of range.,,,,,,,,,,,,,,,,,,,,,,,,,
2025-12-30 10:41:05.176000,9d,Toxicity,Original,,61.79838562011719,2.2078962326049805,136.8480224609375,0.2109001874923706,0.3219098448753357,0.9220377206802368,11.153897285461426,12.498956680297852,10.341264724731445,0.2737434208393097,0.7034781575202942,0.2972680926322937,15.211087226867676,0,0.5401883125305176,,,37,25,30,0,
2025-12-30 10:41:05.176000,FinePointe Series WBP [SN 139781]  Site 1 Bias Flow is out of range.,,,,,,,,,,,,,,,,,,,,,,,,,
2025-12-30 10:41:05.176000,FinePointe Series WBP [SN 10499C]  Site 3 Bias Flow is out of range.,,,,,,,,,,,,,,,,,,,,,,,,,
2025-12-30 10:41:05.176000,FinePointe Series WBP [SN 139781]  Site 3 Bias Flow is out of range.,,,,,,,,,,,,,,,,,,,,,,,,,
2025-12-30 10:41:07.175000,9d,Toxicity,Original,,68.26155090332031,2.256862163543701,153.68548583984375,0.21566922962665558,0.33501753211021423,0.9145195484161377,11.153897285461426,10.543523788452148,8.639405250549316,0.322447806596756,0.5601931214332581,0.26081472635269165,11.934664726257324,0,0.42943647503852844,0.3130153715610504,,37,25,30,0,
2025-12-30 10:41:07.175000,FinePointe Series WBP [SN 139781]  Site 4 Bias Flow is out of range.,,,,,,,,,,,,,,,,,,,,,,,,,
2025-12-30 10:41:09.175000,9d,Toxicity,Original,,86.69845581054688,2.0319626331329346,176.4964599609375,0.15270930528640747,0.29278844594955444,0.9236689209938049,11.153897285461426,14.389095306396484,8.973136901855469,0.22052910923957825,0.5045052766799927,0.274954617023468,12.314635276794434,0,0.40073615312576294,3.961642026901245,,37,25,30,0,
2025-12-30 10:41:11.176000,9d,Toxicity,Original,,85.27239990234375,1.6646264791488647,141.94668579101562,0.13461129367351532,0.222207710146904,0.9409186840057373,11.153897285461426,14.250746726989746,9.329753875732422,0.17648303508758545,0.5271443724632263,0.13488836586475372,14.852248191833496,0,0.43535247445106506,,,37,25,30,0,
2025-12-30 10:41:13.175000,9d,Toxicity,Original,,75.56419372558594,1.8439332246780396,139.30775451660156,0.17233914136886597,0.3287479281425476,0.9364746809005737,11.153897285461426,12.551223754882812,8.483232498168945,0.24851205945014954,0.54729163646698,0.2655288577079773,15.451175689697266,0,0.4210955500602722,,,37,25,30,50,
2025-12-30 10:41:13.175000,FinePointe Series WBP [SN 139781]  Site 2 Bias Flow is out of range.,,,,,,,,,,,,,,,,,,,,,,,,,
2025-12-30 10:41:13.175000,FinePointe Series WBP [SN 139781]  Site 1 Bias Flow is out of range.,,,,,,,,,,,,,,,,,,,,,,,,,
2025-12-30 10:41:13.175000,FinePointe Series WBP [SN 139781]  Site 3 Bias Flow is out of range.,,,,,,,,,,,,,,,,,,,,,,,,,
2025-12-30 10:41:13.175000,FinePointe Series WBP [SN 10499C]  Site 3 Bias Flow is out of range.,,,,,,,,,,,,,,,,,,,,,,,,,
2025-12-30 10:41:17.176000,9d,Toxicity,Original,,105.99702453613281,1.6274038553237915,171.33599853515625,0.3440849781036377,0.446153849363327,0.910423755645752,11.153897285461426,10.776153564453125,8.670125007629395,0.2429937869310379,0.3861403465270996,0.40674057602882385,11.21982192993164,0,0.27525821328163147,9.787445068359375,2.404238700866699,37,25,30,40,
2025-12-30 10:41:17.176000,FinePointe Series WBP [SN 139781]  Site 4 Bias Flow is out of range.,,,,,,,,,,,,,,,,,,,,,,,,,
2025-12-30 10:41:19.175000,9d,Toxicity,Original,,63.337890625,1.5569889545440674,98.61640167236328,0.808094322681427,1.4227153062820435,0.9288956522941589,11.153897285461426,9.415424346923828,5.544086456298828,0.2540038526058197,0.6932963728904724,0.1493416130542755,6.66666841506958,0,0.290492981672287,,13.223170280456543,37,25,30,75,
2025-12-30 10:41:21.176000,9d,Toxicity,Original,,214.11285400390625,1.249455213546753,203.15505981445312,0.2979441285133362,0.4934850335121155,0.7958666086196899,11.153897285461426,11.024545669555664,7.043191909790039,0.17100690305233002,0.18291924893856049,0.36693134903907776,7.652763366699219,0,0.12662604451179504,9.305481910705566,13.588752746582031,37,25,30,33.33333206176758,
2025-12-30 10:41:21.176000,FinePointe Series WBP [SN 139781]  Site 2 Bias Flow is out of range.,,,,,,,,,,,,,,,,,,,,,,,,,
2025-12-30 10:41:21.176000,FinePointe Series WBP [SN 139781]  Site 1 Bias Flow is out of range.,,,,,,,,,,,,,,,,,,,,,,,,,
2025-12-30 10:41:21.176000,FinePointe Series WBP [SN 139781]  Site 3 Bias Flow is out of range.,,,,,,,,,,,,,,,,,,,,,,,,,
2025-12-30 10:41:21.176000,FinePointe Series WBP [SN 10499C]  Site 3 Bias Flow is out of range.,,,,,,,,,,,,,,,,,,,,,,,,,
2025-12-30 10:41:21.176000,FinePointe Series WBP [SN 139781]  Site 4 Bias Flow is out of range.,,,,,,,,,,,,,,,,,,,,,,,,,
2025-12-30 10:41:27.176000,9d,Toxicity,Original,,86.71623229980469,2.5181758403778076,218.36672973632812,0.21028903126716614,0.3089967966079712,0.8979785442352295,11.153897285461426,12.609785079956055,10.078388214111328,0.29546594619750977,0.39644601941108704,0.2740888297557831,14.87932014465332,0,0.30946168303489685,5.631258010864258,,37,25,30,92.30769348144531,
2025-12-30 10:41:27.176000,FinePointe Series WBP [SN 10499C]  Site 1 Bias Flow is out of range.,,,,,,,,,,,,,,,,,,,,,,,,,
2025-12-30 10:41:31.175000,9d,Toxicity,Original,,96.18081665039062,1.792857050895691,172.43846130371094,0.46126723289489746,0.6264509558677673,0.8748860359191895,11.153897285461426,10.553451538085938,9.665660858154297,0.25120505690574646,0.37261995673179626,0.3246529698371887,24.527929306030273,9.823050498962402,0.23226989805698395,6.0327982902526855,2.1003642082214355,37,25,30,80,
2025-12-30 10:41:33.176000,9d,Toxicity,Original,,193.9487762451172,1.1541787385940552,223.8515625,0.2907615005970001,0.3723163604736328,0.7888792753219604,11.153897285461426,14.476127624511719,11.848634719848633,0.12935782968997955,0.18000219762325287,0.684058666229248,11.808025360107422,0,0.13381215929985046,21.906953811645508,10.072432518005371,37,25,30,50,
2025-12-30 10:41:33.176000,FinePointe Series WBP [SN 139781]  Site 2 Bias Flow is out of range.,,,,,,,,,,,,,,,,,,,,,,,,,
2025-12-30 10:41:33.176000,FinePointe Series WBP [SN 139781]  Site 1 Bias Flow is out of range.,,,,,,,,,,,,,,,,,,,,,,,,,
2025-12-30 10:41:33.176000,FinePointe Series WBP [SN 139781]  Site 3 Bias Flow is out of range.,,,,,,,,,,,,,,,,,,,,,,,,,
2025-12-30 10:41:33.176000,FinePointe Series WBP [SN 10499C]  Site 3 Bias Flow is out of range.,,,,,,,,,,,,,,,,,,,,,,,,,
2025-12-30 10:41:37.176000,9d,Toxicity,Original,,83.08438110351562,2.337952136993408,194.247314453125,0.27184340357780457,0.4848608672618866,0.8857406973838806,11.153897285461426,9.616572380065918,7.077525615692139,0.340555876493454,0.3816015422344208,0.2715514600276947,8.05227279663086,0,0.2640277147293091,5.940815448760986,1.6946889162063599,37,25,30,88.88888549804688,
2025-12-30 10:41:37.176000,FinePointe Series WBP [SN 139781]  Site 4 Bias Flow is out of range.,,,,,,,,,,,,,,,,,,,,,,,,,
2025-12-30 10:41:37.176000,FinePointe Series WBP [SN 10499C]  Site 1 Bias Flow is out of range.,,,,,,,,,,,,,,,,,,,,,,,,,
2025-12-30 10:41:39.175000,9d,Toxicity,Original,,84.63001251220703,1.8439218997955322,156.25865173339844,0.46854984760284424,0.44772955775260925,0.8575611710548401,11.153897285461426,7.940952777862549,10.460358619689941,0.3283340334892273,0.3827250897884369,0.5040171146392822,13.54716968536377,0,0.27484795451164246,9.691519737243652,2.115234851837158,37,25,30,0,
2025-12-30 10:41:41.175000,9d,Toxicity,Original,,87.39038848876953,1.5991785526275635,139.75283813476562,0.4826231002807617,0.47387927770614624,0.48349982500076294,11.153897285461426,9.427448272705078,9.855287551879883,0.32669830322265625,0.35987603664398193,0.4720217287540436,34.267967224121094,0,0.2511117458343506,14.739477157592773,5.7159953117370605,37,25,30,66.66666412353516,
2025-12-30 10:41:43.176000,9d,Toxicity,Original,,117.93438720703125,1.7293795347213745,203.43748474121094,0.3035106956958771,0.4278847575187683,0.8578451871871948,11.153897285461426,11.973676681518555,9.63004207611084,0.22769616544246674,0.2856345772743225,0.5681090354919434,14.354927062988281,0,0.2046949416399002,11.45954704284668,5.1823530197143555,37,25,30,0,
2025-12-30 10:41:43.176000,FinePointe Series WBP [SN 139781]  Site 2 Bias Flow is out of range.,,,,,,,,,,,,,,,,,,,,,,,,,
2025-12-30 10:41:45.175000,9d,Toxicity,Original,,163.25396728515625,1.357899785041809,184.93319702148438,0.31699132919311523,0.4239489734172821,0.8344864845275879,11.153897285461426,12.063189506530762,9.621264457702637,0.18661092221736908,0.29531940817832947,0.46455320715904236,8.82724666595459,0,0.21332380175590515,14.70894718170166,8.705714225769043,37,25,30,20,
2025-12-30 10:41:45.175000,FinePointe Series WBP [SN 139781]  Site 1 Bias Flow is out of range.,,,,,,,,,,,,,,,,,,,,,,,,,
2025-12-30 10:41:45.175000,FinePointe Series WBP [SN 139781]  Site 3 Bias Flow is out of range.,,,,,,,,,,,,,,,,,,,,,,,,,
2025-12-30 10:41:45.175000,FinePointe Series WBP [SN 139781]  Site 4 Bias Flow is out of range.,,,,,,,,,,,,,,,,,,,,,,,,,
2025-12-30 10:41:49.176000,9d,Toxicity,Original,,73.85714721679688,2.6668953895568848,197.35385131835938,0.21616396307945251,0.4289472699165344,0.9263603687286377,11.153897285461426,19.085285186767578,11.741029739379883,0.23442131280899048,0.5791218280792236,0.418224573135376,87.50675964355469,0,0.4127330183982849,23.44099998474121,1.975486159324646,37,25,30,71.42857360839844,
2025-12-30 10:41:49.176000,FinePointe Series WBP [SN 10499C]  Site 1 Bias Flow is out of range.,,,,,,,,,,,,,,,,,,,,,,,,,
2025-12-30 10:41:49.176000,FinePointe Series WBP [SN 10499C]  Site 3 Bias Flow is out of range.,,,,,,,,,,,,,,,,,,,,,,,,,
2025-12-30 10:41:51.175000,9d,Toxicity,Original,,261.849853515625,1.6347475051879883,194.44349670410156,0.5322318077087402,0.5091720819473267,0.702830970287323,11.153897285461426,15.346837997436523,12.810419082641602,0.16203153133392334,0.2936802804470062,0.7526440024375916,52.017852783203125,0,0.23524899780750275,17.77178192138672,14.947637557983398,37,25,30,66.66666412353516,
2025-12-30 10:41:53.176000,9d,Toxicity,Original,,191.33522033691406,1.503941297531128,287.7569274902344,0.2048823982477188,0.4016006588935852,0.8169369101524353,11.153897285461426,17.46759796142578,9.41239070892334,0.15445475280284882,0.1591310203075409,0.6556476354598999,15.807214736938477,0,0.11712952703237534,26.946060180664062,4.766693115234375,37,25,30,66.66666412353516,
2025-12-30 10:41:53.176000,FinePointe Series WBP [SN 139781]  Site 2 Bias Flow is out of range.,,,,,,,,,,,,,,,,,,,,,,,,,
2025-12-30 10:41:55.175000,9d,Toxicity,Original,,336.20452880859375,0.5684258937835693,186.81488037109375,0.6133547425270081,0.5902422070503235,0.6397565603256226,11.153897285461426,10.659575462341309,11.259222030639648,0.08442174643278122,0.09979939460754395,0.9399506449699402,6.653232097625732,0,0.0659453272819519,18.925823211669922,12.767351150512695,37,25,30,58.33333206176758,
2025-12-30 10:41:55.175000,FinePointe Series WBP [SN 139781]  Site 1 Bias Flow is out of range.,,,,,,,,,,,,,,,,,,,,,,,,,
2025-12-30 10:41:55.175000,FinePointe Series WBP [SN 139781]  Site 3 Bias Flow is out of range.,,,,,,,,,,,,,,,,,,,,,,,,,
2025-12-30 10:41:55.175000,FinePointe Series WBP [SN 139781]  Site 4 Bias Flow is out of range.,,,,,,,,,,,,,,,,,,,,,,,,,
2025-12-30 10:41:55.175000,FinePointe Series WBP [SN 10499C]  Site 1 Bias Flow is out of range.,,,,,,,,,,,,,,,,,,,,,,,,,
2025-12-30 10:41:55.175000,FinePointe Series WBP [SN 10499C]  Site 3 Bias Flow is out of range.,,,,,,,,,,,,,,,,,,,,,,,,,
2025-12-30 10:42:01.175000,9d,Toxicity,Original,,96.7944107055664,1.9006836414337158,183.97555541992188,1.1047375202178955,1.364371657371521,0.11661379039287567,11.153897285461426,8.70372486114502,6.050897598266602,0.3111591637134552,0.30871134996414185,0.18534214794635773,3.9628963470458984,0,0.13276360929012299,2.0351791381835938,33.329933166503906,37,25,30,92.30769348144531,
2025-12-30 10:42:03.175000,9d,Toxicity,Original,,60.35976028442383,2.8931360244750977,174.62899780273438,0.15323187410831451,0.24334631860256195,0.9436025023460388,11.153897285461426,13.145228385925293,10.092499732971191,0.31578803062438965,0.6782516837120056,0.2169383466243744,18.975839614868164,0,0.553543210029602,,,37,25,30,80,
2025-12-30 10:42:03.175000,FinePointe Series WBP [SN 139781]  Site 2 Bias Flow is out of range.,,,,,,,,,,,,,,,,,,,,,,,,,
2025-12-30 10:42:05.176000,9d,Toxicity,Original,,63.043941497802734,2.425257682800293,152.72158813476562,0.24845723807811737,0.34359851479530334,0.9300103187561035,11.153897285461426,11.061474800109863,10.060508728027344,0.29947930574417114,0.6529988646507263,0.17424295842647552,8.3846435546875,0,0.49237433075904846,,,37,25,30,0,
2025-12-30 10:42:05.176000,FinePointe Series WBP [SN 139781]  Site 1 Bias Flow is out of range.,,,,,,,,,,,,,,,,,,,,,,,,,
2025-12-30 10:42:05.176000,FinePointe Series WBP [SN 139781]  Site 3 Bias Flow is out of range.,,,,,,,,,,,,,,,,,,,,,,,,,
2025-12-30 10:42:07.175000,9d,Toxicity,Original,,63.485801696777344,2.1576414108276367,136.80227661132812,0.36472952365875244,0.47753429412841797,0.9322555661201477,11.153897285461426,10.81639575958252,10.141324043273926,0.2947622835636139,0.6511655449867249,0.2995457947254181,8.049840927124023,0,0.4472171366214752,,,37,25,30,0,
2025-12-30 10:42:07.175000,FinePointe Series WBP [SN 139781]  Site 4 Bias Flow is out of range.,,,,,,,,,,,,,,,,,,,,,,,,,
2025-12-30 10:42:07.175000,FinePointe Series WBP [SN 10499C]  Site 1 Bias Flow is out of range.,,,,,,,,,,,,,,,,,,,,,,,,,
2025-12-30 10:42:09.176000,9d,Toxicity,Original,,61.60269546508789,2.1960277557373047,135.29971313476562,0.2776673138141632,0.4089074432849884,0.931076169013977,11.153897285461426,11.421152114868164,9.648286819458008,0.2844787836074829,0.689591646194458,0.1636771261692047,9.466431617736816,0,0.4958341121673584,,,37,25,30,0,
2025-12-30 10:42:09.176000,FinePointe Series WBP [SN 10499C]  Site 3 Bias Flow is out of range.,,,,,,,,,,,,,,,,,,,,,,,,,
2025-12-30 10:42:11.176000,9d,Toxicity,Original,,68.86438751220703,2.501439094543457,172.21328735351562,0.14961999654769897,0.25700488686561584,0.9255415201187134,11.153897285461426,11.905372619628906,8.987846374511719,0.30918407440185547,0.5630091428756714,0.35230350494384766,18.28876304626465,0,0.45229780673980713,2.9939422607421875,,37,25,30,0,
2025-12-30 10:42:13.175000,9d,Toxicity,Original,,89.66230773925781,2.2339234352111816,199.56161499023438,0.17744505405426025,0.31016719341278076,0.9111031293869019,11.153897285461426,16.646804809570312,11.157203674316406,0.21159285306930542,0.502593994140625,0.30236855149269104,24.227033615112305,0,0.38990363478660583,7.723546028137207,1.242384433746338,37,25,30,0,
2025-12-30 10:42:13.175000,FinePointe Series WBP [SN 139781]  Site 2 Bias Flow is out of range.,,,,,,,,,,,,,,,,,,,,,,,,,
2025-12-30 10:42:15.176000,9d,Toxicity,Original,,182.86306762695312,1.3604680299758911,214.1720733642578,0.24524737894535065,0.45032522082328796,0.8453211784362793,11.153897285461426,14.686944961547852,8.607633590698242,0.14275626838207245,0.26962780952453613,0.3927691876888275,12.358570098876953,0,0.18856824934482574,13.423221588134766,8.970561027526855,37,25,30,0,
2025-12-30 10:42:15.176000,FinePointe Series WBP [SN 139781]  Site 1 Bias Flow is out of range.,,,,,,,,,,,,,,,,,,,,,,,,,
2025-12-30 10:42:15.176000,FinePointe Series WBP [SN 139781]  Site 3 Bias Flow is out of range.,,,,,,,,,,,,,,,,,,,,,,,,,
2025-12-30 10:42:17.175000,9d,Toxicity,Original,,193.66049194335938,0.624255359172821,122.305908203125,0.38959142565727234,0.7737253904342651,0.533362627029419,11.153897285461426,11.67238998413086,6.079765319824219,0.09201375395059586,0.23088869452476501,0.420818030834198,5.925569534301758,0,0.1296507567167282,6.880773544311523,23.80472183227539,37,25,30,77.77777862548828,
2025-12-30 10:42:17.175000,FinePointe Series WBP [SN 10499C]  Site 1 Bias Flow is out of range.,,,,,,,,,,,,,,,,,,,,,,,,,
2025-12-30 10:42:17.175000,FinePointe Series WBP [SN 10499C]  Site 3 Bias Flow is out of range.,,,,,,,,,,,,,,,,,,,,,,,,,
2025-12-30 10:42:19.175000,9d,Toxicity,Original,,73.25399017333984,1.9203382730484009,140.6724395751953,0.19987192749977112,0.35064491629600525,0.9319782853126526,11.153897285461426,16.075136184692383,11.867197036743164,0.1860060691833496,0.633061945438385,0.443173885345459,99.63495635986328,0,0.4744333028793335,6.500166416168213,,37,25,30,75,
2025-12-30 10:42:21.176000,9d,Toxicity,Original,,61.664363861083984,2.5305659770965576,157.32403564453125,0.21194252371788025,0.31469815969467163,0.936526358127594,11.153897285461426,15.372125625610352,12.360732078552246,0.2720987796783447,0.7022008895874023,0.34074872732162476,29.29875373840332,0,0.542900800704956,4.801080226898193,,37,25,30,0,
2025-12-30 10:42:21.176000,FinePointe Series WBP [SN 139781]  Site 4 Bias Flow is out of range.,,,,,,,,,,,,,,,,,,,,,,,,,
2025-12-30 10:42:23.175000,9d,Toxicity,Original,,61.616493225097656,2.5476832389831543,156.95330810546875,0.16040726006031036,0.24468323588371277,0.9450863599777222,11.153897285461426,12.708112716674805,10.747024536132812,0.29236626625061035,0.6814525127410889,0.25346264243125916,10.518001556396484,0,0.5542663931846619,,,37,25,30,0,
2025-12-30 10:42:23.175000,FinePointe Series WBP [SN 139781]  Site 2 Bias Flow is out of range.,,,,,,,,,,,,,,,,,,,,,,,,,
2025-12-30 10:42:25.175000,9d,Toxicity,Original,,59.87553405761719,2.3209497928619385,138.8537139892578,0.24692973494529724,0.33418941497802734,0.9318493008613586,11.153897285461426,10.404033660888672,9.416048049926758,0.3016718626022339,0.7006404399871826,0.19749459624290466,8.289146423339844,0,0.5321272015571594,,,37,25,30,0,
2025-12-30 10:42:25.175000,FinePointe Series WBP [SN 139781]  Site 1 Bias Flow is out of range.,,,,,,,,,,,,,,,,,,,,,,,,,
2025-12-30 10:42:25.175000,FinePointe Series WBP [SN 139781]  Site 3 Bias Flow is out of range.,,,,,,,,,,,,,,,,,,,,,,,,,
2025-12-30 10:42:25.175000,FinePointe Series WBP [SN 10499C]  Site 2 Bias Flow is out of range.,,,,,,,,,,,,,,,,,,,,,,,,,
2025-12-30 10:42:27.176000,9d,Toxicity,Original,,60.10626983642578,2.135098934173584,128.16348266601562,0.26529183983802795,0.3396662473678589,0.9258904457092285,11.153897285461426,9.900005340576172,10.321550369262695,0.2891697287559509,0.7114690542221069,0.32710129022598267,9.11618423461914,0,0.537291407585144,,,37,25,30,0,
2025-12-30 10:42:27.176000,FinePointe Series WBP [SN 10499C]  Site 1 Bias Flow is out of range.,,,,,,,,,,,,,,,,,,,,,,,,,
2025-12-30 10:42:27.176000,FinePointe Series WBP [SN 10499C]  Site 3 Bias Flow is out of range.,,,,,,,,,,,,,,,,,,,,,,,,,
2025-12-30 10:42:29.175000,9d,Toxicity,Original,,67.10179138183594,2.1017067432403564,141.1223907470703,0.22744157910346985,0.3238210678100586,0.9190272092819214,11.153897285461426,11.510173797607422,10.218663215637207,0.28160542249679565,0.6131981015205383,0.34514135122299194,10.888625144958496,0,0.47089526057243347,,,37,25,30,0,
2025-12-30 10:42:31.176000,9d,Toxicity,Original,,60.74022674560547,2.4860730171203613,151.09768676757812,0.1513655185699463,0.24594685435295105,0.9413704872131348,11.153897285461426,11.309041976928711,9.441413879394531,0.30828264355659485,0.67963707447052,0.24563536047935486,11.237277030944824,0,0.5539274215698242,,,37,25,30,0,
2025-12-30 10:42:31.176000,FinePointe Series WBP [SN 139781]  Site 4 Bias Flow is out of range.,,,,,,,,,,,,,,,,,,,,,,,,,
2025-12-30 10:42:33.175000,9d,Toxicity,Original,,60.78404998779297,2.4076404571533203,146.34613037109375,0.17197205126285553,0.2594175636768341,0.9346399903297424,11.153897285461426,10.822561264038086,9.15212345123291,0.310904860496521,0.6761961579322815,0.16629040241241455,9.158647537231445,0,0.542759895324707,,,37,25,30,0,
2025-12-30 10:42:33.175000,FinePointe Series WBP [SN 139781]  Site 2 Bias Flow is out of range.,,,,,,,,,,,,,,,,,,,,,,,,,
2025-12-30 10:42:35.175000,9d,Toxicity,Original,,56.840423583984375,1.7614517211914062,100.12166595458984,0.4861544966697693,0.9550880193710327,0.951922595500946,11.153897285461426,14.453408241271973,9.921443939208984,0.2193843126296997,0.8362024426460266,0.28488579392433167,8.752965927124023,0,0.43260473012924194,,,37,25,30,75,
2025-12-30 10:42:35.175000,FinePointe Series WBP [SN 139781]  Site 1 Bias Flow is out of range.,,,,,,,,,,,,,,,,,,,,,,,,,
2025-12-30 10:42:35.175000,FinePointe Series WBP [SN 139781]  Site 3 Bias Flow is out of range.,,,,,,,,,,,,,,,,,,,,,,,,,
2025-12-30 10:42:35.175000,FinePointe Series WBP [SN 10499C]  Site 2 Bias Flow is out of range.,,,,,,,,,,,,,,,,,,,,,,,,,
2025-12-30 10:42:37.176000,9d,Toxicity,Original,,60.08332443237305,2.76753830909729,166.28289794921875,0.11496970802545547,0.1945342719554901,0.9398836493492126,11.153897285461426,11.770755767822266,9.1019868850708,0.30703821778297424,0.6915749907493591,0.2719362676143646,12.438746452331543,0,0.5850006937980652,,,37,25,30,50,
2025-12-30 10:42:37.176000,FinePointe Series WBP [SN 10499C]  Site 1 Bias Flow is out of range.,,,,,,,,,,,,,,,,,,,,,,,,,
2025-12-30 10:42:37.176000,FinePointe Series WBP [SN 10499C]  Site 3 Bias Flow is out of range.,,,,,,,,,,,,,,,,,,,,,,,,,
2025-12-30 10:42:37.176000,Record signals and tables.,,,,,,,,,,,,,,,,,,,,,,,,,
2025-12-30 10:42:37.176000,Experiment Complete.,,,,,,,,,,,,,,,,,,,,,,,,,
2025-12-30 10:42:39.175000,9d,Toxicity,Original,,63.79811096191406,2.4600443840026855,157.12155151367188,0.30882522463798523,0.363176167011261,0.9246802926063538,11.153897285461426,11.37553596496582,11.359172821044922,0.30206137895584106,0.6389186382293701,0.25730961561203003,11.267902374267578,0,0.47548574209213257,,,37,25,30,0,
