Date,Time,Subject,Phase,Recording,Alarms,f,TVb,MVb,Penh,PAU,Rpef,Comp,PIFb,PEFb,Ti,Te,EF50,EIP,EEP,Tr,TB,TP,Tbody,Tc,RH,Rinx,BFCF
2025-12-17,09:37:27.894000,Measuring antidote.,,,,,,,,,,,,,,,,,,,,,,,,,
2025-12-17,09:37:27.894000,Create measurement 'antidote'. Duration: 00:01:00,,,,,,,,,,,,,,,,,,,,,,,,,
2025-12-17,09:37:27.894000,Site Acknowledgement Changed: False,,,,,,,,,,,,,,,,,,,,,,,,,
2025-12-17,09:37:27.894000,FinePointe Series WBP [SN 139781]  Site 4 Bias Flow is out of range.,,,,,,,,,,,,,,,,,,,,,,,,,
2025-12-17,09:37:27.894000,FinePointe Series WBP [SN 10499C]  Site 1 Bias Flow is out of range.,,,,,,,,,,,,,,,,,,,,,,,,,
2025-12-17,09:37:27.894000,FinePointe Series WBP [SN 139781]  Site 4 Bias Flow is out of range.,,,,,,,,,,,,,,,,,,,,,,,,,
2025-12-17,09:37:27.894000,FinePointe Series WBP [SN 10499C]  Site 1 Bias Flow is out of range.,,,,,,,,,,,,,,,,,,,,,,,,,
2025-12-17,09:37:53.275000,5a,Toxicity,Original,,351.71173095703125,0.1302492022514343,45.67694854736328,1.3962068557739258,0.8110019564628601,0.5121502876281738,11.153897285461426,2.306549072265625,3.994878053665161,0.1013882607221603,0.0751305818557739,0.3446166813373565,4.439267158508301,0.0,0.0408138372004032,13.814414978027344,18.1097412109375,37.0,25.0,30.0,75.0,
2025-12-17,09:37:55.275000,5a,Toxicity,Original,,366.8929443359375,0.1694435477256775,62.16764068603516,3.3418116569519043,2.6563422679901123,0.2506587207317352,11.153897285461426,3.297818183898926,4.053984642028809,0.0837456881999969,0.0797897577285766,0.3580420613288879,2.7850229740142822,38.77605438232422,0.0219860766083002,13.789996147155762,34.79738235473633,37.0,25.0,30.0,75.0,
2025-12-17,09:38:03.275000,5a,Toxicity,Original,,78.87718963623047,93.95354461669922,7410.79150390625,0.4770965874195099,0.7733723521232605,0.5867032408714294,11.153897285461426,607.3151245117188,369.19769287109375,0.3004776239395141,0.4601985812187195,31.258548736572266,30.63853454589844,0.0,0.2699157893657684,9.967957496643066,14.570924758911133,37.0,25.0,30.0,90.90908813476562,
2025-12-17,09:38:07.275000,5a,Toxicity,Original,,57.53125,59.09891128540039,3400.0341796875,0.8198923468589783,0.9450451731681824,0.6005547642707825,11.153897285461426,310.64776611328125,272.54522705078125,0.4501262009143829,0.5927852392196655,15.866167068481444,42.95597457885742,0.0,0.3144823908805847,5.909192085266113,16.295024871826172,37.0,25.0,30.0,66.66666412353516,
2025-12-17,09:38:07.275000,FinePointe Series WBP [SN 10499C]  Site 1 Bias Flow is out of range.,,,,,,,,,,,,,,,,,,,,,,,,,
2025-12-17,09:38:07.275000,FinePointe Series WBP [SN 10499C]  Site 1 Bias Flow is out of range.,,,,,,,,,,,,,,,,,,,,,,,,,
2025-12-17,09:38:07.275000,FinePointe Series WBP [SN 139781]  Site 4 Bias Flow is out of range.,,,,,,,,,,,,,,,,,,,,,,,,,
2025-12-17,09:38:29.275000,5a,Toxicity,Original,,54.694618225097656,3.0034515857696533,164.27264404296875,0.6530718803405762,0.9672003984451294,0.3141081631183624,11.153897285461426,9.501781463623049,5.497329711914063,0.5048474073410034,0.5921527147293091,0.3700233995914459,19.45316505432129,0.0,0.3160641491413116,9.441691398620604,41.66012573242188,37.0,25.0,30.0,94.44444274902344,
2025-12-17,09:38:29.275000,FinePointe Series WBP [SN 10499C]  Site 1 Bias Flow is out of range.,,,,,,,,,,,,,,,,,,,,,,,,,
2025-12-17,09:38:33.275000,5a,Toxicity,Original,,120.2256851196289,0.3196097910404205,38.4253044128418,0.9465869665145874,1.1167728900909424,0.4037641286849975,11.153897285461426,2.4345250129699707,1.9822348356246948,0.2414852678775787,0.2575761377811432,0.1770227551460266,10.293527603149414,0.0,0.1241101175546646,15.71517562866211,20.848520278930664,37.0,25.0,30.0,66.66666412353516,
2025-12-17,09:38:35.275000,5a,Toxicity,Original,,128.3028564453125,0.1179980561137199,15.139488220214844,10.173771858215332,5.527612686157227,0.1540514677762985,11.153897285461426,1.6112562417984009,2.991537809371948,0.1171113103628158,0.350532203912735,0.2527224421501159,11.41064453125,241.1698303222656,0.0543059632182121,9.26413917541504,,37.0,25.0,30.0,0.0,
2025-12-17,09:38:35.275000,Measuring T30.,,,,,,,,,,,,,,,,,,,,,,,,,
2025-12-17,09:38:35.275000,Create measurement 'T30'. Duration: 00:29:00,,,,,,,,,,,,,,,,,,,,,,,,,
2025-12-17,09:38:35.275000,FinePointe Series WBP [SN 10499C]  Site 1 Bias Flow is out of range.,,,,,,,,,,,,,,,,,,,,,,,,,
2025-12-17,09:38:41.275000,5a,Toxicity,Original,,43.08874130249024,2.802198648452759,120.74321746826172,1.0581101179122925,1.3887499570846558,0.2689772248268127,11.153897285461426,10.027093887329102,5.7442307472229,0.5076417922973633,0.8848332762718201,0.4696122407913208,10.727718353271484,0.0,0.3792565166950226,8.33084774017334,37.9290885925293,37.0,25.0,30.0,87.5,
2025-12-17,09:38:43.275000,5a,Toxicity,Original,,180.29476928710935,0.1609286516904831,28.061599731445312,0.6470921635627747,0.7616232633590698,0.5788412094116211,11.153897285461426,1.6874074935913086,1.530505657196045,0.1974416971206665,0.1592881232500076,0.1358774900436401,11.368585586547852,3.781474113464356,0.0910754799842834,8.126745223999023,13.034835815429688,37.0,25.0,30.0,50.0,
2025-12-17,09:38:49.275000,5a,Toxicity,Original,,83.60115814208984,0.3383416831493377,28.285757064819336,0.1201428920030593,0.2887753248214721,0.872814416885376,11.153897285461426,3.014131546020508,1.5764940977096558,0.2823202013969421,0.4353732168674469,0.0815992876887321,18.823320388793945,0.0,0.3516193330287933,3.567946672439575,,37.0,25.0,30.0,87.5,
2025-12-17,09:38:53.275000,5a,Toxicity,Original,,72.25151062011719,0.930759072303772,67.2487564086914,0.3076376616954803,0.555660605430603,0.8676020503044128,11.153897285461426,6.800589561462402,4.20826530456543,0.2241636961698532,0.6062687039375305,0.1652922481298446,16.138582229614258,0.0,0.3944173157215118,,,37.0,25.0,30.0,83.33333587646484,
2025-12-17,09:38:53.275000,FinePointe Series WBP [SN 10499C]  Site 1 Bias Flow is out of range.,,,,,,,,,,,,,,,,,,,,,,,,,
2025-12-17,09:38:55.275000,5a,Toxicity,Original,,39.24570083618164,2.874558448791504,112.81405639648438,1.7720950841903689,2.068689584732056,0.3537470400333404,11.153897285461426,10.080138206481934,6.435625553131104,0.4998460412025451,1.0289838314056396,0.4640564918518066,16.9625244140625,166.44679260253906,0.3473593294620514,6.937854766845703,2.29064679145813,37.0,25.0,30.0,0.0,
2025-12-17,09:38:57.275000,5a,Toxicity,Original,,119.52157592773438,1.6199817657470703,75.79972839355469,1.2764055728912354,1.7522571086883545,0.2488275915384292,11.153897285461426,6.718326568603516,3.7719688415527344,0.3669255375862121,0.6020190119743347,0.3051366806030273,20.51506805419922,0.0,0.2426039576530456,8.273799896240234,49.54179382324219,37.0,25.0,30.0,60.0,
2025-12-17,09:38:59.275000,5a,Toxicity,Original,,52.27203750610352,2.686530113220215,140.43040466308594,0.6410952806472778,0.7978684306144714,0.6103634834289551,11.153897285461426,11.16468906402588,8.522873878479004,0.4859405159950256,0.6619006991386414,0.7155513167381287,19.45992088317871,0.0,0.3790804445743561,5.425414562225342,,37.0,25.0,30.0,50.0,
2025-12-17,09:39:01.275000,5a,Toxicity,Original,,28.18766212463379,2.5757596492767334,72.60464477539062,6.090581893920898,9.47634220123291,0.168046161532402,11.153897285461426,12.852006912231444,4.451686382293701,0.4504804611206054,1.6781103610992432,0.3352653980255127,16.76132583618164,1030.2021484375,0.1630446463823318,4.29769229888916,34.90064239501953,37.0,25.0,30.0,50.0,
2025-12-17,09:39:03.275000,5a,Toxicity,Original,,51.56927108764648,2.4468586444854736,126.1827163696289,1.0348711013793943,1.1807284355163574,0.1391531080007553,11.153897285461426,9.591470718383787,6.735250473022461,0.5167139172554016,0.6467695832252502,0.4778326153755188,11.977579116821287,0.0,0.3108674585819244,7.545316219329834,33.95499420166016,37.0,25.0,30.0,0.0,
2025-12-17,09:39:03.275000,FinePointe Series WBP [SN 10499C]  Site 1 Bias Flow is out of range.,,,,,,,,,,,,,,,,,,,,,,,,,
2025-12-17,09:39:05.275000,5a,Toxicity,Original,,109.28760528564452,0.1674698144197464,18.30237579345703,3.554921388626098,3.628982305526733,0.1098657250404357,11.153897285461426,2.1224253177642822,1.8927005529403689,0.1303171813488006,0.4186929166316986,0.1223236694931984,4.967766284942627,313.73248291015625,0.0911239758133888,,10.37250518798828,37.0,25.0,30.0,75.0,
2025-12-17,09:39:07.275000,5a,Toxicity,Original,,45.98057174682617,2.6314992904663086,120.9978485107422,1.3010449409484863,1.564736008644104,0.5966119766235352,11.153897285461426,9.038908004760742,6.658472537994385,0.4869468510150909,0.817952036857605,0.4191130101680755,12.156670570373535,195.2745056152344,0.3329841196537018,9.960131645202637,26.68490600585937,37.0,25.0,30.0,50.0,
2025-12-17,09:39:09.275000,5a,Toxicity,Original,,40.71570587158203,2.358558416366577,96.03038024902344,2.577347040176392,3.4898030757904053,0.1739550530910492,11.153897285461426,11.072912216186523,5.436617374420166,0.461877167224884,1.0117555856704712,0.258219301700592,33.88545227050781,421.4219665527344,0.2346454709768295,6.2657318115234375,27.7845516204834,37.0,25.0,30.0,0.0,
2025-12-17,09:39:11.275000,5a,Toxicity,Original,,135.61973571777344,1.0899765491485596,81.98251342773438,0.5263257622718811,0.6827883124351501,0.6872120499610901,11.153897285461426,5.232491970062256,3.762689113616944,0.2763364911079407,0.3595239222049713,0.32171630859375,10.15558624267578,0.0,0.2041134685277938,9.857075691223145,15.412843704223633,37.0,25.0,30.0,40.0,
2025-12-17,09:39:13.275000,5a,Toxicity,Original,,55.85313415527344,1.7684171199798584,91.19425201416016,1.6471025943756104,2.64998197555542,0.3793410658836365,11.153897285461426,7.6312971115112305,5.2142014503479,0.3758774101734161,0.711915135383606,0.3827017843723297,15.030620574951172,128.88980102539062,0.2242666482925415,8.140127182006836,30.823505401611328,37.0,25.0,30.0,0.0,
2025-12-17,09:39:15.275000,5a,Toxicity,Original,,45.15104675292969,2.1597793102264404,97.51629638671876,1.616576075553894,1.8678154945373533,0.1669257879257202,11.153897285461426,10.475625038146973,6.748098373413086,0.5261209011077881,0.802751898765564,0.2905167937278747,26.96797561645508,0.0,0.3049275577068329,8.567709922790527,13.382415771484377,37.0,25.0,30.0,0.0,
2025-12-17,09:39:15.275000,FinePointe Series WBP [SN 10499C]  Site 1 Bias Flow is out of range.,,,,,,,,,,,,,,,,,,,,,,,,,
2025-12-17,09:39:19.275000,5a,Toxicity,Original,,30.672990798950195,2.51521635055542,77.14920806884766,4.151665210723877,4.134666442871094,0.6135447025299072,11.153897285461426,9.835001945495604,4.669074058532715,0.6065834164619446,1.3495348691940308,0.24976746737957,10.116904258728027,190.84225463867188,0.2688141763210296,3.421295166015625,36.97412872314453,37.0,25.0,30.0,83.33333587646484,
2025-12-17,09:39:21.275000,5a,Toxicity,Original,,62.55834579467773,2.048567295074463,111.85040283203124,0.5851610898971558,0.9051218628883362,0.4315974712371826,11.153897285461426,7.938875675201416,4.355409622192383,0.4100191593170166,0.620965838432312,0.2015592604875564,11.679018020629885,0.0,0.3258412182331085,5.709382057189941,11.10406494140625,37.0,25.0,30.0,0.0,
2025-12-17,09:39:23.275000,5a,Toxicity,Original,,55.824493408203125,2.1287055015563965,117.47325134277344,1.1680595874786377,1.2114133834838867,0.3561959266662597,11.153897285461426,9.367506980895996,7.210991859436035,0.4707910418510437,0.6086266040802002,0.467462420463562,14.489694595336914,0.0,0.2878902554512024,6.588776111602783,32.04946517944336,37.0,25.0,30.0,0.0,
2025-12-17,09:39:25.275000,5a,Toxicity,Original,,60.90118408203125,2.287876844406128,139.33441162109375,0.95643812417984,1.1067413091659546,0.5408527851104736,11.153897285461426,8.556500434875488,5.726426124572754,0.4194293916225433,0.5657731294631958,0.4704805314540863,11.47820281982422,0.0,0.2798725366592407,5.937740802764893,13.22585391998291,37.0,25.0,30.0,50.0,
2025-12-17,09:39:25.275000,FinePointe Series WBP [SN 10499C]  Site 1 Bias Flow is out of range.,,,,,,,,,,,,,,,,,,,,,,,,,
2025-12-17,09:39:27.275000,5a,Toxicity,Original,,54.54795837402344,2.313742160797119,126.98614501953124,1.1073092222213743,1.2188793420791626,0.2046295702457428,11.153897285461426,9.081670761108398,6.660226821899414,0.562471866607666,0.5461183786392212,0.3251475095748901,13.069076538085938,0.0,0.2650008499622345,7.748404502868652,23.076147079467773,37.0,25.0,30.0,60.0,
2025-12-17,09:39:29.275000,5a,Toxicity,Original,,60.34491729736328,2.3606081008911133,141.20465087890625,0.9823439121246338,1.230974793434143,0.4747121334075928,11.153897285461426,8.406281471252441,6.623856544494629,0.447005957365036,0.5533313751220703,0.5717964172363281,22.302967071533203,54.04437255859375,0.2578116059303283,9.792468070983888,34.482749938964844,37.0,25.0,30.0,0.0,
2025-12-17,09:39:31.275000,5a,Toxicity,Original,,55.593971252441406,2.0680177211761475,114.42152404785156,1.759000301361084,1.7674274444580078,0.264753133058548,11.153897285461426,8.058781623840332,6.720676422119141,0.4408681094646454,0.6447446346282959,0.4449898600578308,13.86081886291504,71.88932037353516,0.2454626411199569,7.211668968200684,23.218799591064453,37.0,25.0,30.0,33.33333206176758,
2025-12-17,09:39:33.275000,5a,Toxicity,Original,,54.99491500854492,2.119084358215332,116.4687042236328,1.3462777137756348,1.3746774196624756,0.3036251962184906,11.153897285461426,8.365714073181152,6.45338773727417,0.4921306371688843,0.5989753603935242,0.4804382622241974,23.30116081237793,69.63417053222656,0.2654190063476562,10.726579666137695,24.61978530883789,37.0,25.0,30.0,0.0,
2025-12-17,09:39:35.275000,5a,Toxicity,Original,,54.06496047973633,2.3334078788757324,126.15560150146484,1.8198403120040891,1.6987913846969604,0.150657057762146,11.153897285461426,8.61275863647461,6.9846673011779785,0.5256680250167847,0.5841080546379089,0.4208166301250458,25.905941009521484,160.0686492919922,0.2384158968925476,10.280986785888672,27.209672927856445,37.0,25.0,30.0,0.0,
2025-12-17,09:39:37.275000,5a,Toxicity,Original,,54.03984069824219,2.1886234283447266,118.3166046142578,1.803840160369873,2.028407573699951,0.344620943069458,11.153897285461426,8.91944694519043,7.177895545959473,0.4299144744873047,0.683780312538147,0.632091224193573,26.922542572021484,167.69223022460938,0.2351392209529876,8.595915794372559,31.033111572265625,37.0,25.0,30.0,0.0,
2025-12-17,09:39:39.275000,5a,Toxicity,Original,,65.83566284179688,2.3331611156463623,150.08688354492188,0.849772572517395,1.12368643283844,0.4653807580471039,11.153897285461426,10.387445449829102,8.649301528930664,0.3925017118453979,0.5341718196868896,0.6799811124801636,14.75261402130127,45.15504455566406,0.2687423229217529,10.076679229736328,18.48690223693848,37.0,25.0,30.0,0.0,
2025-12-17,09:39:41.275000,5a,Toxicity,Original,,56.925514221191406,2.2765448093414307,129.579833984375,1.61342453956604,1.741234302520752,0.2245815992355346,11.153897285461426,9.967081069946287,7.588886737823486,0.4157068133354187,0.638350248336792,0.4727691411972046,39.95232391357422,124.254638671875,0.2447669804096222,10.504230499267578,28.342426300048828,37.0,25.0,30.0,0.0,
2025-12-17,09:39:43.275000,5a,Toxicity,Original,,63.76522064208984,2.2794198989868164,145.02764892578125,1.2404805421829224,1.4691667556762695,0.4118176102638244,11.153897285461426,9.323938369750977,7.807925224304199,0.3692411780357361,0.5772615671157837,0.5550503134727478,25.763015747070312,80.42489624023438,0.2477571368217468,10.755987167358398,23.5921630859375,37.0,25.0,30.0,0.0,
2025-12-17,09:39:45.275000,5a,Toxicity,Original,,60.097312927246094,2.4347176551818848,146.31930541992188,1.091785907745361,1.1452245712280271,0.478637158870697,11.153897285461426,9.040388107299805,8.37911605834961,0.4903359413146972,0.508044958114624,0.564879298210144,13.511159896850586,59.76504898071289,0.253329336643219,8.49495792388916,17.278446197509766,37.0,25.0,30.0,0.0,
2025-12-17,09:39:45.275000,FinePointe Series WBP [SN 10499C]  Site 1 Bias Flow is out of range.,,,,,,,,,,,,,,,,,,,,,,,,,
2025-12-17,09:39:47.275000,5a,Toxicity,Original,,65.03382110595703,2.3391246795654297,152.30023193359375,0.8419384956359863,1.067883014678955,0.4287183284759521,11.153897285461426,10.143091201782228,7.109921455383301,0.4013733863830566,0.5222889184951782,0.5401746034622192,14.750709533691406,0.0,0.2609491646289825,10.298772811889648,22.15299224853516,37.0,25.0,30.0,0.0,
2025-12-17,09:39:49.275000,5a,Toxicity,Original,,61.37895584106445,2.406467914581299,147.45077514648438,1.38686203956604,1.411184549331665,0.2689444422721863,11.153897285461426,9.364763259887695,7.200072288513184,0.4613621830940246,0.5181215405464172,0.582369863986969,12.381799697875977,31.462921142578125,0.2341823577880859,8.77238655090332,24.74110984802246,37.0,25.0,30.0,0.0,
2025-12-17,09:39:51.275000,5a,Toxicity,Original,,62.180938720703125,2.657163619995117,165.2249298095703,1.1026806831359863,1.243513584136963,0.278588056564331,11.153897285461426,9.611146926879885,9.075084686279297,0.4623918235301971,0.5025340914726257,0.5418071746826172,21.0678768157959,0.0,0.245282381772995,13.6039400100708,25.06398582458496,37.0,25.0,30.0,50.0,
2025-12-17,09:39:53.275000,5a,Toxicity,Original,,53.986419677734375,2.3423047065734863,125.96800231933594,1.4974312782287598,1.5483686923980713,0.2073042690753936,11.153897285461426,9.181431770324709,7.39898681640625,0.460693895816803,0.6625460982322693,0.3636163473129272,19.03436279296875,0.0,0.2748865485191345,8.497110366821289,25.88949012756348,37.0,25.0,30.0,0.0,
2025-12-17,09:39:55.275000,5a,Toxicity,Original,,64.23040771484375,2.2819507122039795,146.80996704101562,0.8125419020652771,0.929919958114624,0.4693223834037781,11.153897285461426,9.491254806518556,7.594930648803711,0.4673929512500763,0.472817450761795,0.5746484994888306,22.151891708374023,0.0,0.2584390044212341,11.709789276123049,23.20877456665039,37.0,25.0,30.0,33.33333206176758,
2025-12-17,09:39:57.275000,5a,Toxicity,Original,,60.39524841308594,2.293275594711304,138.48045349121094,1.4240374565124512,1.4215033054351809,0.2561183869838714,11.153897285461426,9.237241744995115,7.4741668701171875,0.4688998460769653,0.5246185660362244,0.5340179800987244,13.630327224731444,0.0,0.2254195511341095,13.15139389038086,24.325517654418945,37.0,25.0,30.0,0.0,
2025-12-17,09:39:59.275000,5a,Toxicity,Original,,58.84901428222656,2.343389749526977,137.90621948242188,1.5200397968292236,1.5935763120651243,0.2382490187883377,11.153897285461426,9.300329208374023,7.408930778503418,0.4754939675331116,0.544082522392273,0.4835970103740692,18.980762481689453,127.08152770996094,0.2295276373624801,12.10682487487793,24.832643508911133,37.0,25.0,30.0,0.0,
2025-12-17,09:40:01.275000,5a,Toxicity,Original,,65.90220642089844,2.3330202102661133,153.77664184570312,0.7362906336784363,0.8434313535690308,0.5443421006202698,11.153897285461426,9.129068374633787,8.735824584960938,0.4535350203514099,0.4570152759552002,0.5638480186462402,19.05638313293457,0.0,0.2705749273300171,12.839696884155272,14.763601303100586,37.0,25.0,30.0,0.0,
2025-12-17,09:40:03.275000,5a,Toxicity,Original,,60.04967498779297,2.355964422225952,141.42999267578125,1.2021324634552002,1.1042759418487549,0.389377623796463,11.153897285461426,8.311691284179688,7.863838195800781,0.5098491907119751,0.4896653890609741,0.5397540926933289,13.855937004089355,0.0,0.2474374771118164,11.90591812133789,19.681095123291016,37.0,25.0,30.0,0.0,
2025-12-17,09:40:03.275000,FinePointe Series WBP [SN 10499C]  Site 1 Bias Flow is out of range.,,,,,,,,,,,,,,,,,,,,,,,,,
2025-12-17,09:40:05.275000,5a,Toxicity,Original,,67.56781005859375,2.319952964782715,156.60183715820312,1.0212531089782717,1.0907820463180542,0.329887181520462,11.153897285461426,9.93962574005127,8.199626922607422,0.4484679996967315,0.4416748583316803,0.6418012976646423,23.915254592895508,30.4017391204834,0.2260090708732605,14.658611297607422,25.67574882507324,37.0,25.0,30.0,0.0,
2025-12-17,09:40:07.275000,5a,Toxicity,Original,,60.443634033203125,2.5150554180145264,152.0190887451172,0.6792166233062744,1.009291410446167,0.5989309549331665,11.153897285461426,10.871562957763672,7.273121833801269,0.4016072750091553,0.5910531282424927,0.5491005182266235,20.235471725463867,0.0,0.3105965554714203,14.141451835632324,19.241539001464844,37.0,25.0,30.0,50.0,
2025-12-17,09:40:09.275000,5a,Toxicity,Original,,63.49288177490234,2.310555458068848,146.21690368652344,1.206354022026062,1.4362051486968994,0.285072386264801,11.153897285461426,9.99271011352539,7.644453525543213,0.4200260639190674,0.534058690071106,0.5748811960220337,22.66273307800293,65.46983337402344,0.2366911023855209,11.903340339660645,22.54241180419922,37.0,25.0,30.0,0.0,
2025-12-17,09:40:11.275000,5a,Toxicity,Original,,66.07584381103516,2.4885873794555664,164.15670776367188,0.7151601314544678,0.8055699467658997,0.5123995542526245,11.153897285461426,9.488210678100586,9.192008972167969,0.5170448422431946,0.3943467736244201,0.7906071543693542,13.042527198791504,0.0,0.2523494362831116,12.965417861938477,12.914716720581056,37.0,25.0,30.0,0.0,
2025-12-17,09:40:13.275000,5a,Toxicity,Original,,62.10044860839844,2.406665802001953,149.47177124023438,1.4888052940368652,1.3880748748779297,0.2950925230979919,11.153897285461426,8.30431842803955,7.718395233154297,0.4883722066879272,0.4780918061733246,0.635829746723175,13.12994384765625,52.75299072265625,0.212183266878128,13.938346862792969,19.247051239013672,37.0,25.0,30.0,0.0,
2025-12-17,09:40:15.275000,5a,Toxicity,Original,,71.75518798828125,2.163503885269165,154.8524169921875,0.9574997425079346,0.9096413254737854,0.453351080417633,11.153897285461426,8.367773056030273,9.14756965637207,0.4273243546485901,0.4104369878768921,0.7451328635215759,17.667091369628906,0.0,0.2312009185552597,13.808809280395508,18.39022445678711,37.0,25.0,30.0,0.0,
2025-12-17,09:40:17.275000,5a,Toxicity,Original,,67.14450073242188,2.3353495597839355,156.5106964111328,1.2861398458480835,0.8688139915466309,0.4791429042816162,11.153897285461426,8.482094764709473,15.58370590209961,0.4888256192207336,0.410524308681488,1.2763607501983645,41.01716232299805,0.0,0.2488645017147064,22.7238883972168,23.06440734863281,37.0,25.0,30.0,0.0,
2025-12-17,09:40:19.275000,5a,Toxicity,Original,,69.72679138183594,2.4070143699646,166.51242065429688,0.865074634552002,0.9744473695755004,0.3799500465393066,11.153897285461426,9.979930877685549,8.09521198272705,0.458782821893692,0.4130816757678985,0.6676889657974243,14.113754272460938,0.0,0.2223104834556579,16.089200973510742,19.717924118041992,37.0,25.0,30.0,33.33333206176758,
2025-12-17,09:40:21.275000,5a,Toxicity,Original,,64.88238525390625,2.286611318588257,147.53233337402344,1.4390308856964111,1.386801838874817,0.2641790509223938,11.153897285461426,9.595816612243652,8.543749809265137,0.4591789841651916,0.4745414555072784,0.6386185884475708,16.06871795654297,66.0897216796875,0.2171222120523452,15.497626304626465,22.35383033752441,37.0,25.0,30.0,0.0,
2025-12-17,09:40:23.275000,5a,Toxicity,Original,,66.23185729980469,2.2910025119781494,151.01687622070312,0.9811103940010072,1.1021738052368164,0.5444566011428833,11.153897285461426,9.62044906616211,7.914846420288086,0.4679697453975677,0.4450745582580566,0.6143901348114014,16.752201080322266,0.0,0.2295381128787994,13.074544906616213,20.30514335632324,37.0,25.0,30.0,0.0,
2025-12-17,09:40:25.275000,5a,Toxicity,Original,,67.4127197265625,2.3882486820220947,160.46429443359375,1.1380829811096191,1.060604453086853,0.1899380385875702,11.153897285461426,9.787760734558104,8.685978889465332,0.4966460764408111,0.4000646471977234,0.6565660238265991,15.976722717285156,0.0,0.2158682644367218,13.889070510864258,20.42647933959961,37.0,25.0,30.0,0.0,
2025-12-17,09:40:27.275000,5a,Toxicity,Original,,65.60685729980469,2.5932812690734863,169.78517150878906,1.1053898334503174,1.1580435037612915,0.4776051044464111,11.153897285461426,9.57381820678711,8.76353931427002,0.4361883997917175,0.4859707653522491,0.7190777063369751,12.55679702758789,53.89945983886719,0.2425323128700256,14.728069305419922,16.853023529052734,37.0,25.0,30.0,0.0,
2025-12-17,09:40:29.275000,5a,Toxicity,Original,,66.93914794921875,2.316742420196533,154.77435302734375,1.423140048980713,1.3816680908203125,0.2992263734340668,11.153897285461426,9.07322883605957,8.427506446838379,0.4395700395107269,0.4627739191055298,0.5410202741622925,14.214666366577148,58.57393646240234,0.2080103456974029,12.41169548034668,19.103315353393555,37.0,25.0,30.0,0.0,
2025-12-17,09:40:31.275000,5a,Toxicity,Original,,68.58766174316406,2.278468370437622,155.31634521484375,1.171014428138733,1.0540283918380735,0.3001888692378998,11.153897285461426,8.591306686401367,8.459393501281738,0.4881349802017212,0.3972581028938293,0.6440644860267639,14.176936149597168,0.0,0.2026121616363525,15.389688491821287,18.25235366821289,37.0,25.0,30.0,0.0,
2025-12-17,09:40:31.275000,FinePointe Series WBP [SN 10499C]  Site 1 Bias Flow is out of range.,,,,,,,,,,,,,,,,,,,,,,,,,
2025-12-17,09:40:33.275000,5a,Toxicity,Original,,61.77165222167969,2.294755458831787,141.733642578125,1.232688307762146,1.1578102111816406,0.3452965319156647,11.153897285461426,8.342408180236816,8.033342361450195,0.5161712169647217,0.4551814794540405,0.6253288388252258,14.455875396728516,0.0,0.2217086106538772,12.056638717651367,18.64267349243164,37.0,25.0,30.0,0.0,
2025-12-17,09:40:35.275000,5a,Toxicity,Original,,72.71308898925781,2.233231782913208,162.3851776123047,0.6914821267127991,0.7090699672698975,0.4021946787834167,11.153897285461426,9.496206283569336,9.51041316986084,0.4273436665534973,0.3978172838687897,0.76360684633255,20.16394805908203,0.0,0.2455762326717376,16.983495712280273,10.567901611328123,37.0,25.0,30.0,0.0,
2025-12-17,09:40:37.275000,5a,Toxicity,Original,,67.39985656738281,2.189605236053467,147.277099609375,1.6753034591674805,1.5672557353973389,0.2629537582397461,11.153897285461426,9.24232578277588,8.942665100097656,0.4498757421970367,0.4511215388774872,0.6757811307907104,19.491626739501957,61.27475357055664,0.1956900209188461,14.357129096984863,21.778335571289062,37.0,25.0,30.0,33.33333206176758,
2025-12-17,09:40:39.275000,5a,Toxicity,Original,,69.52418518066406,2.324593544006348,161.42774963378906,0.980162501335144,1.0193268060684204,0.3704082071781158,11.153897285461426,9.457647323608398,8.615694046020508,0.4484612047672272,0.417995810508728,0.6743154525756836,17.893783569335938,0.0,0.2210992276668548,14.866622924804688,20.43851852416992,37.0,25.0,30.0,0.0,
2025-12-17,09:40:41.275000,5a,Toxicity,Original,,63.82172393798828,2.1625101566314697,138.01512145996094,1.3124120235443115,1.2469393014907837,0.38150754570961,11.153897285461426,9.162285804748535,9.1406831741333,0.4263674616813659,0.5137513279914856,0.6791253089904785,25.05457878112793,29.732501983642575,0.2411084324121475,15.757054328918455,27.243139266967773,37.0,25.0,30.0,0.0,
2025-12-17,09:40:43.275000,5a,Toxicity,Original,,50.084938049316406,2.325166940689087,116.45950317382812,1.2171354293823242,1.3134746551513672,0.6191418170928955,11.153897285461426,10.560221672058104,6.442080497741699,0.5522410273551941,0.6457242965698242,0.4672185480594635,10.695219993591309,55.31660461425781,0.3025824427604675,11.501089096069336,19.95542335510254,37.0,25.0,30.0,0.0,
2025-12-17,09:40:45.275000,5a,Toxicity,Original,,58.2064094543457,2.3164820671081543,135.19027709960938,1.598524570465088,1.8373064994812007,0.3177823424339294,11.153897285461426,9.526988983154297,7.749920845031738,0.4276206493377685,0.604615330696106,0.6433511972427368,21.78599166870117,129.30184936523438,0.2244467139244079,11.576244354248049,27.648704528808597,37.0,25.0,30.0,0.0,
2025-12-17,09:40:47.275000,5a,Toxicity,Original,,63.58060073852539,1.814134240150452,115.34375,0.677911102771759,0.7971321940422058,0.91730135679245,11.153897285461426,7.183904647827148,6.040364265441895,0.4443933963775635,0.4992906451225281,0.5101438760757446,14.561419486999512,0.0,0.2996728122234344,12.765912055969238,11.954458236694336,37.0,25.0,30.0,0.0,
2025-12-17,09:40:49.275000,5a,Toxicity,Original,,52.55767059326172,2.3368914127349854,122.82156372070312,1.325899958610535,1.113843321800232,0.3857900500297546,11.153897285461426,8.243279457092285,8.175500869750977,0.711317241191864,0.4302858412265777,0.6598942279815674,13.929046630859377,0.0,0.214689016342163,6.737873554229736,21.43041229248047,37.0,25.0,30.0,66.66666412353516,
2025-12-17,09:40:49.275000,FinePointe Series WBP [SN 10499C]  Site 1 Bias Flow is out of range.,,,,,,,,,,,,,,,,,,,,,,,,,
2025-12-17,09:40:51.275000,5a,Toxicity,Original,,74.48037719726562,2.4450504779815674,182.1082763671875,0.7085689306259155,0.5465066432952881,0.6659356355667114,11.153897285461426,12.587437629699709,15.36429214477539,0.4962421357631683,0.3093391954898834,0.5696009993553162,53.51148986816406,85.47080993652344,0.2053203731775283,14.365274429321287,,37.0,25.0,30.0,0.0,
2025-12-17,09:40:55.275000,5a,Toxicity,Original,,63.25655364990234,2.060472011566162,130.0010223388672,1.6602133512496948,1.7301077842712402,0.4885276854038238,11.153897285461426,8.69614028930664,8.528694152832031,0.4170695543289184,0.5404810905456543,0.5829422473907471,28.616670608520508,150.54788208007812,0.2221861779689788,12.734131813049316,24.003612518310547,37.0,25.0,30.0,77.77777862548828,
2025-12-17,09:40:55.275000,FinePointe Series WBP [SN 139781]  Site 3 Bias Flow is out of range.,,,,,,,,,,,,,,,,,,,,,,,,,
2025-12-17,09:40:57.275000,5a,Toxicity,Original,,61.551048278808594,2.4953737258911133,154.03854370117188,1.5010714530944824,1.3938459157943726,0.3033153414726257,11.153897285461426,8.596089363098145,8.236337661743164,0.5137337446212769,0.4681811928749084,0.6968246698379517,11.374454498291016,55.90516662597656,0.2102852463722229,12.300424575805664,19.686119079589844,37.0,25.0,30.0,0.0,
2025-12-17,09:40:59.275000,5a,Toxicity,Original,,64.95045471191406,1.9962680339813232,129.12179565429688,1.533321499824524,1.325265884399414,0.3661547303199768,11.153897285461426,7.433859825134277,9.125469207763672,0.4569949209690094,0.4758943915367126,0.6798375248908997,18.612361907958984,61.67278671264648,0.2341187298297882,15.09994888305664,16.277027130126953,37.0,25.0,30.0,0.0,
2025-12-17,09:41:01.275000,5a,Toxicity,Original,,67.85365295410156,2.0733630657196045,139.3665313720703,1.5497066974639893,1.546187400817871,0.2804349064826965,11.153897285461426,8.869685173034668,8.61160659790039,0.4445988833904266,0.465587317943573,0.6520026922225952,12.763859748840332,77.91824340820312,0.1929992735385894,14.509458541870115,25.98963165283203,37.0,25.0,30.0,0.0,
2025-12-17,09:41:03.275000,5a,Toxicity,Original,,58.13634490966797,2.427644729614258,141.20803833007812,1.0796852111816406,1.1868897676467896,0.3753014206886291,11.153897285461426,8.840383529663086,8.339473724365234,0.5729991793632507,0.4592245817184448,0.7326639294624329,15.934734344482422,38.40789031982422,0.234924167394638,16.598922729492188,17.24493408203125,37.0,25.0,30.0,0.0,
2025-12-17,09:41:03.275000,FinePointe Series WBP [SN 10499C]  Site 1 Bias Flow is out of range.,,,,,,,,,,,,,,,,,,,,,,,,,
2025-12-17,09:41:05.275000,5a,Toxicity,Original,,74.78639221191406,2.169939994812012,162.2930145263672,0.8728557825088501,0.7864055633544922,0.3873280882835388,11.153897285461426,7.957304000854492,8.514169692993164,0.4360530376434326,0.372882604598999,0.6340535879135132,17.36115264892578,0.0,0.2326634526252746,17.426422119140625,24.165990829467773,37.0,25.0,30.0,33.33333206176758,
2025-12-17,09:41:05.275000,FinePointe Series WBP [SN 139781]  Site 3 Bias Flow is out of range.,,,,,,,,,,,,,,,,,,,,,,,,,
2025-12-17,09:41:07.275000,5a,Toxicity,Original,,61.68295669555664,2.0934371948242188,128.57553100585938,1.860684037208557,1.3932230472564695,0.2505239844322204,11.153897285461426,7.23267126083374,8.31332778930664,0.5243390202522278,0.4528686106204986,0.544538140296936,14.132518768310549,48.91553497314453,0.2030250579118728,12.21129035949707,20.615459442138672,37.0,25.0,30.0,0.0,
2025-12-17,09:41:09.275000,5a,Toxicity,Original,,62.279747009277344,2.034672260284424,127.27891540527344,1.835333585739136,1.4047142267227173,0.3933097124099731,11.153897285461426,7.784708023071289,8.216985702514648,0.5363461971282959,0.4314385950565338,0.5926122665405273,11.482406616210938,81.02572631835938,0.2023861110210418,14.54677963256836,14.885103225708008,37.0,25.0,30.0,0.0,
2025-12-17,09:41:11.275000,5a,Toxicity,Original,,68.93370056152344,2.017500400543213,138.19247436523438,1.0623517036437988,1.1278841495513916,0.3563923835754394,11.153897285461426,7.696432113647461,7.006828308105469,0.4267952144145965,0.4463317990303039,0.540185272693634,11.329191207885742,0.0,0.219228520989418,7.862967491149902,22.72449493408203,37.0,25.0,30.0,0.0,
2025-12-17,09:41:13.275000,5a,Toxicity,Original,,68.86746215820312,2.3238842487335205,159.7039031982422,0.9127290844917296,0.829426646232605,0.4453854858875274,11.153897285461426,8.839943885803223,9.71667766571045,0.4907533824443817,0.3823632895946502,0.7681808471679688,14.414593696594238,0.0,0.2226585298776626,16.268699645996094,14.347590446472168,37.0,25.0,30.0,0.0,
2025-12-17,09:41:15.275000,5a,Toxicity,Original,,68.19674682617188,2.6279592514038086,179.22430419921875,0.8663860559463501,0.8837026357650757,0.3648351430892944,11.153897285461426,9.570394515991213,8.792924880981445,0.4481616616249084,0.4316493272781372,0.6400272846221924,15.290632247924805,0.0,0.2387538850307464,13.04922866821289,13.684930801391602,37.0,25.0,30.0,0.0,
2025-12-17,09:41:17.275000,5a,Toxicity,Original,,68.39906311035156,2.9442873001098637,200.60092163085935,0.3904590606689453,0.7491102814674377,0.6676607131958008,11.153897285461426,14.81373405456543,8.275681495666504,0.3596505522727966,0.5179307460784912,0.4821881651878357,54.01399230957031,8.974896430969238,0.3143541812896728,14.22808837890625,12.426362991333008,37.0,25.0,30.0,0.0,
2025-12-17,09:41:17.275000,FinePointe Series WBP [SN 139781]  Site 3 Bias Flow is out of range.,,,,,,,,,,,,,,,,,,,,,,,,,
2025-12-17,09:41:23.275000,5a,Toxicity,Original,,75.14527130126953,2.473582029342652,185.87799072265625,1.0922833681106567,1.217767357826233,0.3520765900611877,11.153897285461426,17.056989669799805,14.497344017028809,0.2985621690750122,0.4998912513256073,0.8608503937721252,9.743288040161133,0.0,0.2320445030927658,13.69778823852539,20.867589950561523,37.0,25.0,30.0,87.5,
2025-12-17,09:41:27.275000,5a,Toxicity,Original,,69.68560028076172,3.0057451725006104,209.4571533203125,0.7535232305526733,0.9308019876480104,0.347941130399704,11.153897285461426,11.004290580749512,8.26545524597168,0.4011620879173279,0.4598479270935058,0.5746123194694519,12.692458152770996,0.0,0.2459588199853897,6.672295570373535,19.882871627807617,37.0,25.0,30.0,90.0,
2025-12-17,09:41:29.275000,5a,Toxicity,Original,,62.5525016784668,2.4537928104400635,153.49087524414062,0.9425713419914246,0.8941981196403503,0.491727739572525,11.153897285461426,9.555394172668455,10.406805038452148,0.4833211302757263,0.4758730828762054,0.8862012028694153,11.715088844299316,0.0,0.2626643776893616,8.430418968200684,18.94728660583496,37.0,25.0,30.0,0.0,
2025-12-17,09:41:31.275000,5a,Toxicity,Original,,69.75106811523438,2.130279064178467,148.3826904296875,1.0881154537200928,1.0251061916351318,0.4440574645996094,11.153897285461426,9.506528854370115,9.228229522705078,0.4029244482517242,0.457959771156311,0.7403088212013245,16.041004180908203,0.0,0.236075758934021,8.913769721984863,22.441143035888672,37.0,25.0,30.0,50.0,
2025-12-17,09:41:33.275000,5a,Toxicity,Original,,67.88317108154297,2.735755920410156,185.46414184570312,0.7637208700180054,0.9231619834899902,0.3794418573379516,11.153897285461426,11.14995574951172,8.262764930725098,0.4689815640449524,0.4153879880905151,0.6530953645706177,12.834075927734377,0.0,0.2264592945575714,10.062841415405272,19.697189331054688,37.0,25.0,30.0,0.0,
2025-12-17,09:41:35.275000,5a,Toxicity,Original,,68.42337036132812,3.092702627182007,210.71946716308597,0.7369189262390137,0.8361455798149109,0.4554082751274109,11.153897285461426,9.551308631896973,9.14546012878418,0.5008181929588318,0.3840062022209167,0.7216129302978516,14.738336563110352,0.0,0.2193939983844757,13.636190414428713,15.147638320922852,37.0,25.0,30.0,0.0,
2025-12-17,09:41:37.275000,5a,Toxicity,Original,,68.46295166015625,2.823826551437378,193.10806274414065,0.9593353867530824,1.0234196186065674,0.4118907451629638,11.153897285461426,10.42872714996338,8.786056518554688,0.4474412798881531,0.4304706454277038,0.6210063695907593,12.350464820861816,0.0,0.2211345881223678,9.128619194030762,19.284019470214844,37.0,25.0,30.0,0.0,
2025-12-17,09:41:39.275000,5a,Toxicity,Original,,68.24919128417969,2.483350276947021,169.48178100585938,0.8690208196640015,0.8976597785949707,0.6500548124313354,11.153897285461426,9.337494850158691,8.111093521118164,0.4345371127128601,0.4445964395999908,0.604057788848877,9.438854217529297,0.0,0.2467532753944397,9.451845169067385,12.623371124267578,37.0,25.0,30.0,0.0,
2025-12-17,09:41:41.275000,5a,Toxicity,Original,,73.12811279296875,2.56068754196167,187.26502990722656,0.9143657684326172,0.9460775852203368,0.4826352596282959,11.153897285461426,9.9351224899292,9.414169311523438,0.4047024846076965,0.4157764911651611,0.7523935437202454,12.360875129699709,0.0,0.2244423478841781,12.87118911743164,17.856369018554688,37.0,25.0,30.0,0.0,
2025-12-17,09:41:43.275000,5a,Toxicity,Original,,72.21345520019531,2.47495698928833,178.7792205810547,0.6876927018165588,0.8840305805206299,0.4832085371017456,11.153897285461426,10.645207405090332,8.167670249938965,0.4043116271495819,0.4274803102016449,0.6373477578163147,15.59189224243164,0.0,0.2360559701919555,12.106958389282228,15.172751426696776,37.0,25.0,30.0,0.0,
2025-12-17,09:41:45.275000,5a,Toxicity,Original,,73.42711639404297,2.5073184967041016,184.09005737304688,0.7639702558517456,0.8620034456253052,0.5469476580619812,11.153897285461426,9.907806396484377,8.193439483642578,0.4213148951530456,0.3968539237976074,0.7063138484954834,15.72495460510254,0.0,0.2211248129606247,12.777321815490724,18.118000030517575,37.0,25.0,30.0,0.0,
2025-12-17,09:41:47.275000,5a,Toxicity,Original,,74.20455932617188,2.5628502368927,189.10986328125,0.8111065030097961,0.9391741752624512,0.4008839726448059,11.153897285461426,11.05080509185791,8.303505897521973,0.4158528745174408,0.3956842720508575,0.6765120625495911,11.075117111206056,0.0,0.2141150683164596,11.951903343200684,16.444591522216797,37.0,25.0,30.0,0.0,
2025-12-17,09:41:49.275000,5a,Toxicity,Original,,69.74773406982422,2.5888943672180176,180.65188598632807,0.9843522906303406,1.0280203819274902,0.4047937393188476,11.153897285461426,10.063060760498049,8.938301086425781,0.4482918679714203,0.4127980172634125,0.5750255584716797,11.157022476196287,0.0,0.2164660692214965,10.691797256469728,17.22829818725586,37.0,25.0,30.0,0.0,
2025-12-17,09:41:51.275000,5a,Toxicity,Original,,70.57178497314453,2.5446150302886963,179.70999145507812,0.8701413869857788,0.901892066001892,0.4203937649726867,11.153897285461426,10.361166000366213,9.384376525878906,0.448184996843338,0.4035379886627197,0.7307697534561157,13.24043083190918,0.0,0.2293676733970642,13.062068939208984,17.016019821166992,37.0,25.0,30.0,0.0,
2025-12-17,09:41:53.275000,5a,Toxicity,Original,,70.4448471069336,2.477973222732544,174.25514221191406,0.9663611054420472,0.9369706511497498,0.4282498657703399,11.153897285461426,9.24091625213623,9.3493070602417,0.4467906653881073,0.4094664454460144,0.7563409805297852,15.168538093566896,0.0,0.223583310842514,13.145190238952637,15.231800079345703,37.0,25.0,30.0,0.0,
2025-12-17,09:41:55.275000,5a,Toxicity,Original,,72.89529418945312,2.6167666912078857,190.73873901367188,1.0164389610290527,1.0809699296951294,0.2850905060768127,11.153897285461426,12.038930892944336,9.341645240783691,0.4246143996715545,0.3985038697719574,0.6802901029586792,12.096651077270508,0.0,0.202427327632904,14.086368560791016,20.99081802368164,37.0,25.0,30.0,0.0,
2025-12-17,09:41:57.275000,5a,Toxicity,Original,,73.68636322021484,2.654853820800781,195.6513214111328,0.7163783311843872,0.9358500242233276,0.483091652393341,11.153897285461426,11.976261138916016,8.48926830291748,0.3942211270332336,0.4205772578716278,0.6937854290008545,10.494686126708984,0.0,0.2260643243789672,10.88737964630127,15.443445205688477,37.0,25.0,30.0,0.0,
2025-12-17,09:41:59.275000,5a,Toxicity,Original,,73.30712127685547,2.441422462463379,178.4188690185547,0.7778201699256897,0.9106731414794922,0.4369155764579773,11.153897285461426,10.585447311401367,8.432600021362305,0.4132839441299438,0.4086252152919769,0.737350344657898,10.188692092895508,0.0,0.221902459859848,11.534425735473633,18.031681060791016,37.0,25.0,30.0,0.0,
2025-12-17,09:42:01.275000,5a,Toxicity,Original,,69.23188781738281,2.5803518295288086,178.9388427734375,1.047162652015686,1.0473766326904297,0.239372968673706,11.153897285461426,9.75655746459961,8.703064918518066,0.4490048289299011,0.4218851625919342,0.5314286351203918,12.533404350280762,0.0,0.2172383666038513,9.780716896057127,18.15456771850586,37.0,25.0,30.0,0.0,
2025-12-17,09:42:03.275000,5a,Toxicity,Original,,71.20050048828125,2.5138373374938965,178.73825073242188,0.9281592965126038,1.0129950046539309,0.3881958723068237,11.153897285461426,9.741171836853027,8.35389518737793,0.4250742197036743,0.4183988869190216,0.6628658771514893,10.855863571166992,0.0,0.2186598479747772,9.817100524902344,17.744016647338867,37.0,25.0,30.0,0.0,
2025-12-17,09:42:05.275000,5a,Toxicity,Original,,71.21702575683594,2.501771926879883,178.2023468017578,0.8795597553253174,0.9818406105041504,0.3092976808547973,11.153897285461426,10.415544509887695,9.11453914642334,0.4288756549358368,0.4136303663253784,0.7013459205627441,14.614664077758787,0.0,0.2239270210266113,12.154794692993164,18.51738739013672,37.0,25.0,30.0,0.0,
2025-12-17,09:42:07.275000,5a,Toxicity,Original,,73.44605255126953,2.5978100299835205,190.8032684326172,0.9662862420082092,1.0175747871398926,0.3166766762733459,11.153897285461426,9.827244758605955,8.041250228881836,0.3999784290790558,0.4179949462413788,0.6454465985298157,11.171406745910645,2.484260320663452,0.2177457809448242,8.674293518066406,16.22580909729004,37.0,25.0,30.0,0.0,
2025-12-17,09:42:09.275000,5a,Toxicity,Original,,69.3108139038086,2.444976806640625,169.30313110351562,0.7202744483947754,0.851678192615509,0.6431378722190857,11.153897285461426,9.52719497680664,8.356165885925293,0.4491730630397796,0.4210623502731323,0.6821531057357788,10.383626937866213,0.0,0.2404580414295196,14.999837875366213,14.407654762268066,37.0,25.0,30.0,0.0,
2025-12-17,09:42:11.275000,5a,Toxicity,Original,,70.37745666503906,2.586048126220703,182.188720703125,0.9253026247024536,1.0284408330917358,0.4431747794151306,11.153897285461426,9.81785011291504,8.004199028015137,0.4531033933162689,0.4000265896320343,0.6632540822029114,11.98398780822754,3.878276824951172,0.2144053876399994,11.720760345458984,19.364185333251957,37.0,25.0,30.0,0.0,
2025-12-17,09:42:13.275000,5a,Toxicity,Original,,71.71495056152344,2.512824296951294,180.15579223632807,0.6151472926139832,0.7784090638160706,0.5216929316520691,11.153897285461426,10.211983680725098,8.454577445983887,0.3960857987403869,0.4466948807239532,0.7144051790237427,23.144731521606445,0.0,0.2683459222316742,12.210792541503906,14.139399528503418,37.0,25.0,30.0,0.0,
2025-12-17,09:42:15.275000,5a,Toxicity,Original,,71.08432006835938,2.6628570556640625,189.29296875,0.8486135005950928,1.003091812133789,0.4323322772979736,11.153897285461426,10.839948654174805,8.299407005310059,0.4460609257221222,0.3980087637901306,0.6708781123161316,7.824167251586914,0.0,0.2056070566177368,10.822681427001951,17.43927001953125,37.0,25.0,30.0,0.0,
2025-12-17,09:42:17.275000,5a,Toxicity,Original,,76.97883605957031,2.460061550140381,189.44320678710935,0.5967004299163818,0.8621224164962769,0.5572402477264404,11.153897285461426,12.504348754882812,8.085005760192871,0.3555854260921478,0.4241227805614471,0.68965744972229,12.17288589477539,0.0,0.2359746098518371,9.921026229858398,14.064014434814451,37.0,25.0,30.0,0.0,
2025-12-17,09:42:19.275000,5a,Toxicity,Original,,73.31488037109375,2.4855175018310547,182.0735321044922,0.9396035671234132,0.929096221923828,0.3381752073764801,11.153897285461426,10.852981567382812,9.277381896972656,0.4210500717163086,0.3979496955871582,0.7596080303192139,13.357568740844728,0.0,0.2139791250228881,13.02927303314209,17.260684967041016,37.0,25.0,30.0,0.0,
2025-12-17,09:42:21.275000,5a,Toxicity,Original,,73.24800109863281,2.518846035003662,184.5038146972656,0.7406533360481262,0.862342119216919,0.3414318561553955,11.153897285461426,10.406057357788086,8.402019500732422,0.4078477025032043,0.4123873114585876,0.6613548398017883,12.507850646972656,0.0,0.2314737439155578,11.745277404785156,16.53615379333496,37.0,25.0,30.0,0.0,
2025-12-17,09:42:23.275000,5a,Toxicity,Original,,75.8808822631836,2.544659376144409,193.18565368652344,0.6638607382774353,0.7251651883125305,0.591627299785614,11.153897285461426,11.386277198791504,11.194021224975586,0.4070615172386169,0.3840783834457397,0.8645261526107788,14.097396850585938,0.0,0.2331976443529129,13.579373359680176,10.829357147216797,37.0,25.0,30.0,0.0,
2025-12-17,09:42:25.275000,5a,Toxicity,Original,,72.15151977539062,3.0338563919067383,218.9921417236328,0.5209503173828125,0.7954054474830627,0.6459081172943115,11.153897285461426,16.391559600830078,10.201921463012695,0.3768338561058044,0.4548614919185638,0.7261636853218079,22.08993911743164,0.0,0.2682434022426605,13.807381629943848,12.78839111328125,37.0,25.0,30.0,0.0,
2025-12-17,09:42:27.275000,5a,Toxicity,Original,,77.65254211425781,3.1477954387664795,244.1720123291016,0.4694303274154663,0.7412503361701965,0.645656406879425,11.153897285461426,14.1288480758667,9.990771293640137,0.3597237169742584,0.4181235134601593,0.813622772693634,15.963704109191896,0.0,0.2537211775779724,13.35658359527588,10.262920379638672,37.0,25.0,30.0,0.0,
2025-12-17,09:42:29.275000,5a,Toxicity,Original,,81.02184295654297,2.7687666416168213,224.4761657714844,0.6660564541816711,0.8703591823577881,0.3815264701843261,11.153897285461426,12.636240005493164,9.260574340820312,0.3474633693695068,0.3933560848236084,0.6914423108100891,12.477274894714355,0.0,0.2187425047159195,10.208534240722656,14.454041481018066,37.0,25.0,30.0,0.0,
2025-12-17,09:42:31.275000,5a,Toxicity,Original,,77.69329833984375,2.601771116256714,202.14016723632807,0.9377487301826476,0.8202452063560486,0.2149726301431656,11.153897285461426,10.03930377960205,9.684473991394045,0.390823483467102,0.3814439177513122,0.6684468984603882,13.34174633026123,0.0,0.2172334939241409,9.84230136871338,12.698820114135742,37.0,25.0,30.0,0.0,
2025-12-17,09:42:33.275000,5a,Toxicity,Original,,76.03406524658203,2.488279104232788,189.51844787597656,0.8655299544334412,0.9166942834854126,0.4232250452041626,11.153897285461426,10.485753059387209,8.775596618652344,0.3924917876720428,0.3972660005092621,0.7617595195770264,11.828335762023926,0.0,0.215753436088562,11.423141479492188,16.403728485107422,37.0,25.0,30.0,40.0,
2025-12-17,09:42:35.275000,5a,Toxicity,Original,,79.31353759765625,2.730379104614258,216.9356689453125,0.8363925218582153,0.9849957227706908,0.3282912671566009,11.153897285461426,13.674823760986328,10.368352890014648,0.3449141085147857,0.4227986931800842,0.660201907157898,15.265117645263672,0.0,0.2212221324443817,8.374007225036621,17.833898544311523,37.0,25.0,30.0,0.0,
2025-12-17,09:42:37.275000,5a,Toxicity,Original,,76.66206359863281,2.57625412940979,197.49270629882807,0.7406202554702759,0.8386971950531006,0.2305951714515686,11.153897285461426,11.89700698852539,9.11601448059082,0.4012396335601806,0.3814392685890198,0.683311939239502,9.489749908447266,0.0,0.2147929370403289,12.14866828918457,13.282203674316406,37.0,25.0,30.0,0.0,
2025-12-17,09:42:39.275000,5a,Toxicity,Original,,82.7471694946289,2.4915621280670166,205.5870819091797,0.7467401027679443,0.8689819574356079,0.5846168398857117,11.153897285461426,11.810012817382812,9.279726028442385,0.3538677096366882,0.3731762766838074,0.7691959142684937,16.27153205871582,0.0,0.2087425291538238,13.577266693115234,16.636568069458008,37.0,25.0,30.0,0.0,
2025-12-17,09:42:41.275000,5a,Toxicity,Original,,74.8122329711914,3.1313371658325195,234.2623291015625,0.4637043476104736,0.7827490568161011,0.4747665226459503,11.153897285461426,12.056464195251465,6.458056449890137,0.4102363288402557,0.3917714953422546,0.5702149868011475,11.601447105407717,0.0,0.2294067740440368,11.31752872467041,10.631434440612791,37.0,25.0,30.0,66.66666412353516,
2025-12-17,09:42:43.275000,5a,Toxicity,Original,,79.2262954711914,2.2220535278320312,175.9526824951172,0.79261314868927,0.8199890851974487,0.5697023272514343,11.153897285461426,10.764816284179688,10.66484546661377,0.3587223887443542,0.3991099596023559,0.9044150114059448,10.860450744628906,0.0,0.2281855195760727,10.502573013305664,14.221813201904297,37.0,25.0,30.0,33.33333206176758,
2025-12-17,09:42:45.275000,5a,Toxicity,Original,,73.44915771484375,2.7061760425567627,199.3896484375,0.6786708831787109,0.8188837766647339,0.5866193771362305,11.153897285461426,11.034188270568848,9.720102310180664,0.4366359114646911,0.3856691122055053,0.7902246117591858,15.029608726501465,0.0,0.2209539413452148,16.5003719329834,14.244023323059082,37.0,25.0,30.0,0.0,
2025-12-17,09:42:47.275000,5a,Toxicity,Original,,79.31355285644531,2.792776584625244,221.333740234375,0.6727709770202637,0.9130051136016846,0.4850036799907684,11.153897285461426,11.96511173248291,8.251895904541016,0.3947856724262237,0.3621617257595062,0.6251001358032227,11.076635360717772,0.0,0.1984038054943084,13.750535011291504,13.63292407989502,37.0,25.0,30.0,0.0,
2025-12-17,09:42:49.275000,5a,Toxicity,Original,,74.24879455566406,2.5281808376312256,187.73460388183597,0.6273351907730103,0.7614436149597168,0.6115822196006775,11.153897285461426,10.268918991088867,8.89847469329834,0.4108259379863739,0.3997074365615845,0.6949658989906311,14.28927516937256,0.0,0.2391595542430877,13.858452796936035,12.049166679382324,37.0,25.0,30.0,0.0,
2025-12-17,09:42:51.275000,5a,Toxicity,Original,,79.47071838378906,2.4932775497436523,198.14334106445312,0.7373638153076172,0.8582940101623535,0.4593812227249145,11.153897285461426,10.799606323242188,8.496274948120117,0.3755989968776703,0.3793973326683044,0.6749700903892517,13.163692474365234,0.0,0.2149250507354736,11.116331100463867,13.312814712524414,37.0,25.0,30.0,0.0,
2025-12-17,09:42:53.275000,5a,Toxicity,Original,,78.39251708984375,2.402251005172729,188.16929626464844,0.8067848086357117,0.8680800795555115,0.2965483069419861,11.153897285461426,10.39183235168457,8.979954719543457,0.396190732717514,0.3697353303432464,0.6560423970222473,12.63178825378418,0.0,0.2081893533468246,13.034425735473633,14.201934814453123,37.0,25.0,30.0,0.0,
2025-12-17,09:42:55.275000,5a,Toxicity,Original,,78.50000762939453,2.4218058586120605,190.13299560546875,0.6335098743438721,0.8045576810836792,0.4840559363365173,11.153897285461426,10.456571578979492,8.995772361755371,0.3833539485931396,0.3812957406044006,0.8005727529525757,15.02303695678711,0.0,0.2203593403100967,13.85971450805664,12.28569507598877,37.0,25.0,30.0,0.0,
2025-12-17,09:42:57.275000,5a,Toxicity,Original,,80.77400207519531,2.496389389038086,201.58673095703125,0.7220543622970581,0.7828220129013062,0.387404054403305,11.153897285461426,10.813177108764648,9.525032043457031,0.4071530103683471,0.336045354604721,0.6699178814888,10.394948959350586,0.0,0.2109296023845672,12.344626426696776,10.982381820678713,37.0,25.0,30.0,0.0,
2025-12-17,09:42:59.275000,5a,Toxicity,Original,,82.27880859375,2.438533306121826,200.55198669433597,0.645613431930542,0.8212670087814331,0.5287759304046631,11.153897285461426,11.095086097717283,8.630455017089844,0.3603656888008117,0.3689635097980499,0.6909552812576294,11.947432518005373,0.0,0.2113930732011795,11.833233833312988,12.214110374450684,37.0,25.0,30.0,0.0,
2025-12-17,09:43:01.275000,5a,Toxicity,Original,,78.43008422851562,2.474294185638428,194.00491333007807,0.7476650476455688,0.8784772157669067,0.2886894345283508,11.153897285461426,11.429479598999023,8.694937705993652,0.3938657641410827,0.3712100386619568,0.5887594819068909,13.07461643218994,0.0,0.2085627615451812,14.5057954788208,14.582490921020508,37.0,25.0,30.0,0.0,
2025-12-17,09:43:03.275000,5a,Toxicity,Original,,77.20549011230469,2.2976479530334477,177.46788024902344,0.6684808731079102,0.8279513120651245,0.4659461379051208,11.153897285461426,10.513805389404297,8.59939193725586,0.3997776210308075,0.3781570494174957,0.7454655170440674,11.802258491516112,0.0,0.2267090529203415,13.929218292236328,13.253585815429688,37.0,25.0,30.0,0.0,
2025-12-17,09:43:05.275000,5a,Toxicity,Original,,77.9048080444336,2.4305379390716557,189.22705078125,0.910159945487976,0.9625017642974854,0.4379177093505859,11.153897285461426,9.804229736328123,9.210305213928224,0.3920961320400238,0.3783867359161377,0.6878512501716614,11.022855758666992,0.0,0.204107403755188,12.569332122802734,15.589035034179688,37.0,25.0,30.0,0.0,
2025-12-17,09:43:07.275000,5a,Toxicity,Original,,80.5645751953125,2.437490940093994,196.36444091796875,0.7396031618118286,0.8788664937019348,0.3718428611755371,11.153897285461426,10.14415454864502,7.966291427612305,0.3718573451042175,0.3729216158390045,0.7065934538841248,11.396692276000977,0.0,0.2065656185150146,10.680727005004885,12.231163024902344,37.0,25.0,30.0,0.0,
2025-12-17,09:43:09.275000,5a,Toxicity,Original,,81.92030334472656,2.3895821571350098,195.73095703125,0.6398169994354248,0.7917884588241577,0.4345740973949432,11.153897285461426,10.218491554260254,9.090776443481444,0.3584912717342376,0.3739507794380188,0.7156013250350952,14.64374542236328,0.0,0.2212816327810287,10.942065238952637,9.5472412109375,37.0,25.0,30.0,0.0,
2025-12-17,09:43:11.275000,5a,Toxicity,Original,,76.16558074951172,2.504406213760376,190.60992431640625,0.7439993619918823,0.895280122756958,0.2977997660636902,11.153897285461426,10.690207481384276,8.004461288452148,0.3902029395103454,0.3980620503425598,0.6381564140319824,10.367837905883787,0.0,0.2230417877435684,11.213046073913574,14.608842849731444,37.0,25.0,30.0,0.0,
2025-12-17,09:43:13.275000,5a,Toxicity,Original,,75.84308624267578,2.4151594638824463,183.0001220703125,0.798622727394104,0.8780146241188049,0.4570324420928955,11.153897285461426,9.96370792388916,7.768745422363281,0.3993437886238098,0.3921637535095215,0.628869891166687,11.50251007080078,0.0,0.2179800868034362,11.868857383728027,13.891206741333008,37.0,25.0,30.0,0.0,
2025-12-17,09:43:15.275000,5a,Toxicity,Original,,77.51154327392578,2.3800952434539795,184.5005645751953,0.6814254522323608,0.8261405825614929,0.3626323938369751,11.153897285461426,9.889847755432127,8.075026512145996,0.3925313949584961,0.3816283047199249,0.659026026725769,13.372997283935549,0.0,0.2254317700862884,11.42856502532959,12.049692153930664,37.0,25.0,30.0,0.0,
2025-12-17,09:43:17.275000,5a,Toxicity,Original,,78.31970977783203,2.398866415023804,187.95559692382807,0.6999001502990723,0.8291756510734558,0.5223262310028076,11.153897285461426,10.34658145904541,8.969635009765625,0.3842875063419342,0.3824192881584167,0.7567641735076904,14.476522445678713,0.0,0.2182058691978454,13.48314094543457,13.894390106201172,37.0,25.0,30.0,0.0,
2025-12-17,09:43:19.275000,5a,Toxicity,Original,,76.80912780761719,2.471703052520752,189.58236694335935,0.720332682132721,0.7595349550247192,0.4747119843959808,11.153897285461426,9.460338592529297,9.094915390014648,0.422487199306488,0.3604331016540527,0.6744636297225952,15.141148567199709,0.0,0.2230742275714874,15.248808860778809,9.840524673461914,37.0,25.0,30.0,0.0,
2025-12-17,09:43:21.275000,5a,Toxicity,Original,,78.14506530761719,2.976797580718994,232.64163208007807,0.513178825378418,0.6604585647583008,0.7437814474105835,11.153897285461426,12.071823120117188,10.247296333312988,0.379013180732727,0.3888044059276581,0.7854388356208801,11.5714693069458,0.0,0.2425857037305832,12.554991722106934,6.833154678344727,37.0,25.0,30.0,0.0,
2025-12-17,09:43:23.275000,5a,Toxicity,Original,,77.84650421142578,2.874232292175293,223.77224731445312,0.4547127187252044,0.675450325012207,0.7197504639625549,11.153897285461426,13.300962448120115,10.267390251159668,0.3672274053096771,0.4036735892295837,0.8301109671592712,15.718021392822266,0.0,0.2529002428054809,15.298059463500977,8.198140144348145,37.0,25.0,30.0,0.0,
2025-12-17,09:43:25.275000,5a,Toxicity,Original,,84.35648345947266,2.9456264972686768,248.5662841796875,0.6228841543197632,0.890092670917511,0.3791054189205169,11.153897285461426,13.4357328414917,9.176981925964355,0.3350329399108886,0.376272976398468,0.7538014054298401,11.812508583068848,0.0,0.2060156017541885,10.6618070602417,14.868497848510742,37.0,25.0,30.0,0.0,
2025-12-17,09:43:27.275000,5a,Toxicity,Original,,84.16822052001953,2.479632616043091,208.74131774902344,0.6192283630371094,0.761584997177124,0.6584328413009644,11.153897285461426,10.94960880279541,9.11417007446289,0.3504742085933685,0.3624015152454376,0.7565463781356812,11.65404987335205,0.0,0.2154559642076492,12.63705062866211,11.62186336517334,37.0,25.0,30.0,0.0,
2025-12-17,09:43:29.275000,5a,Toxicity,Original,,81.94007873535156,2.4315009117126465,199.39404296875,0.7464290857315063,0.7605437636375427,0.5512197613716125,11.153897285461426,9.989251136779783,9.396343231201172,0.3639678955078125,0.3690629601478576,0.7689145803451538,15.279464721679688,0.0,0.2189046740531921,12.787052154541016,10.942974090576172,37.0,25.0,30.0,0.0,
2025-12-17,09:43:31.275000,5a,Toxicity,Original,,79.24675750732422,2.599858045578003,206.73236083984372,0.717727780342102,0.8314393162727356,0.3495228886604309,11.153897285461426,11.102080345153809,8.409418106079102,0.3868457078933716,0.3723360598087311,0.675062358379364,11.179986000061035,0.0,0.2104751765727996,13.535624504089355,12.347664833068848,37.0,25.0,30.0,0.0,
2025-12-17,09:43:33.275000,5a,Toxicity,Original,,78.58699798583984,2.571302890777588,201.7079315185547,0.5811576843261719,0.7115882039070129,0.4948204159736633,11.153897285461426,12.339292526245115,9.545499801635742,0.3738161921501159,0.3943996131420135,0.7111949920654297,12.607686042785645,0.0,0.2427387833595276,16.725744247436523,11.119977951049805,37.0,25.0,30.0,0.0,
2025-12-17,09:43:35.275000,5a,Toxicity,Original,,78.994384765625,2.781649589538574,219.30670166015625,0.6767040491104126,0.7874507904052734,0.493466854095459,11.153897285461426,11.147266387939451,9.330316543579102,0.3878116607666015,0.3737726211547851,0.7881748080253601,11.647150993347168,0.0,0.2197082191705703,12.80628490447998,11.794963836669922,37.0,25.0,30.0,0.0,
2025-12-17,09:43:37.275000,5a,Toxicity,Original,,83.77074432373047,2.522721767425537,211.38031005859372,0.7413052916526794,0.8428995013237,0.3564764261245727,11.153897285461426,10.443211555480955,8.683749198913574,0.3657639622688293,0.3504855632781982,0.6888918876647949,11.781807899475098,0.0,0.2063120007514953,11.529088020324709,12.604039192199709,37.0,25.0,30.0,0.0,
2025-12-17,09:43:39.275000,5a,Toxicity,Original,,80.78443145751953,2.496991872787476,201.6768341064453,0.8163427710533142,0.86045902967453,0.2593556642532348,11.153897285461426,10.614095687866213,9.48097038269043,0.3852727115154266,0.357481300830841,0.7228758335113525,10.16166877746582,0.0,0.2007240802049636,13.412970542907717,11.930992126464844,37.0,25.0,30.0,0.0,
2025-12-17,09:43:41.275000,5a,Toxicity,Original,,84.02882385253906,2.4814789295196533,208.56825256347656,0.6290109753608704,0.7735878229141235,0.5239768028259277,11.153897285461426,10.70610237121582,8.88960075378418,0.3503905832767486,0.36400306224823,0.7270881533622742,11.6642427444458,0.0,0.2148514986038208,11.911054611206056,9.417097091674805,37.0,25.0,30.0,0.0,
2025-12-17,09:43:43.275000,5a,Toxicity,Original,,85.22576904296875,2.424830913543701,206.688720703125,0.5964915752410889,0.7595549821853638,0.5633484125137329,11.153897285461426,10.466718673706056,8.759873390197754,0.3489802479743957,0.3550822734832763,0.74143385887146,10.361543655395508,0.0,0.2096140831708908,9.256431579589844,11.866198539733888,37.0,25.0,30.0,0.0,
2025-12-17,09:43:45.275000,5a,Toxicity,Original,,83.11483001708984,2.418675184249878,201.06954956054688,0.6882736682891846,0.7737162113189697,0.5751187801361084,11.153897285461426,9.761363983154297,8.803996086120605,0.3669072687625885,0.3550723493099212,0.7433346509933472,9.481152534484863,0.0,0.2088823914527893,12.46355438232422,9.87048625946045,37.0,25.0,30.0,0.0,
2025-12-17,09:43:47.275000,5a,Toxicity,Original,,82.81130981445312,2.495241165161133,206.70997619628903,0.6253425478935242,0.7658452391624451,0.592980682849884,11.153897285461426,10.335147857666016,7.954850196838379,0.3719142973423004,0.3528201282024383,0.6216517090797424,10.862605094909668,0.0,0.2093942761421203,11.92876148223877,10.33031940460205,37.0,25.0,30.0,0.0,
2025-12-17,09:43:49.275000,5a,Toxicity,Original,,80.657470703125,2.3379831314086914,188.5780334472656,0.6905961036682129,0.7825399041175842,0.3802655339241028,11.153897285461426,10.266560554504396,8.638830184936523,0.386308491230011,0.3576568067073822,0.6970116496086121,12.225815773010254,0.0,0.2170826494693756,13.278180122375488,11.20603084564209,37.0,25.0,30.0,0.0,
2025-12-17,09:43:51.275000,5a,Toxicity,Original,,75.84892272949219,2.6344215869903564,199.31918334960935,0.5867844820022583,0.7490836381912231,0.5634458065032959,11.153897285461426,10.049181938171388,8.84584903717041,0.4061088562011719,0.3919471502304077,0.7816469669342041,15.517066955566406,0.0,0.234482079744339,12.587321281433104,10.116851806640623,37.0,25.0,30.0,0.0,
2025-12-17,09:43:53.275000,5a,Toxicity,Original,,84.14619445800781,2.334095001220703,196.33627319335935,0.5718680620193481,0.768881618976593,0.5739984512329102,11.153897285461426,11.129054069519045,8.656647682189941,0.3548831641674042,0.3585189878940582,0.7609906196594238,11.064984321594238,0.0,0.2118767648935318,13.216206550598145,11.742959022521973,37.0,25.0,30.0,0.0,
2025-12-17,09:43:55.275000,5a,Toxicity,Original,,82.00617980957031,2.3697681427001958,194.344482421875,0.6398109793663025,0.7731947898864746,0.4556480646133423,11.153897285461426,10.4075288772583,8.126470565795898,0.3728257715702057,0.3588410019874573,0.6655524969100952,14.351080894470217,0.0,0.2121193706989288,14.283868789672852,11.99058437347412,37.0,25.0,30.0,0.0,
2025-12-17,09:43:57.275000,5a,Toxicity,Original,,80.56144714355469,2.262643814086914,182.2801513671875,0.7100396156311035,0.8240835666656494,0.3883069157600403,11.153897285461426,10.077162742614746,8.690191268920898,0.3757135570049286,0.369059681892395,0.6530355215072632,15.194927215576172,0.0,0.2143860310316085,15.159204483032228,11.574831008911133,37.0,25.0,30.0,0.0,
2025-12-17,09:43:59.275000,5a,Toxicity,Original,,82.72311401367188,2.43733024597168,201.62252807617188,0.7275798320770264,0.849885880947113,0.3438124358654022,11.153897285461426,10.601566314697266,9.016518592834473,0.3509717881679535,0.3743572831153869,0.6620396971702576,12.82818603515625,0.0,0.2099505811929702,10.385114669799805,11.923639297485352,37.0,25.0,30.0,0.0,
2025-12-17,09:44:01.275000,5a,Toxicity,Original,,82.75035095214844,2.4010257720947266,198.75375366210935,0.724733829498291,0.8060957789421082,0.3771588504314422,11.153897285461426,10.28559684753418,8.208642959594727,0.3714965879917145,0.3536319136619568,0.6478171348571777,10.715368270874023,0.0,0.2052171975374221,13.130533218383787,11.938578605651855,37.0,25.0,30.0,0.0,
2025-12-17,09:44:01.275000,FinePointe Series WBP [SN 10499C]  Site 1 Bias Flow is out of range.,,,,,,,,,,,,,,,,,,,,,,,,,
2025-12-17,09:44:03.275000,5a,Toxicity,Original,,80.16583251953125,2.3377251625061035,187.42529296875,0.6879495978355408,0.759373128414154,0.4049495458602905,11.153897285461426,9.79322624206543,9.055744171142578,0.3891705870628357,0.3597210049629211,0.6582829356193542,13.787755966186523,0.0,0.2151425927877426,14.839654922485352,9.988679885864258,37.0,25.0,30.0,0.0,
2025-12-17,09:44:05.275000,5a,Toxicity,Original,,80.80157470703125,2.3568360805511475,190.42904663085935,0.7612937688827515,0.8235348463058472,0.2688354551792145,11.153897285461426,10.014867782592772,8.073053359985352,0.3901701271533966,0.3525019884109497,0.6331418752670288,9.969876289367676,0.0,0.2026805430650711,13.58321762084961,12.725807189941406,37.0,25.0,30.0,0.0,
2025-12-17,09:44:07.275000,5a,Toxicity,Original,,80.61029052734375,2.323537826538086,187.3102569580078,0.7064218521118164,0.8201300501823425,0.4419479966163635,11.153897285461426,9.415867805480955,8.47502613067627,0.3857281506061554,0.358778715133667,0.6970211267471313,9.713281631469728,0.0,0.2071953564882278,11.871572494506836,11.711102485656738,37.0,25.0,30.0,0.0,
2025-12-17,09:44:09.275000,5a,Toxicity,Original,,75.78311920166016,2.383847951889038,179.89913940429688,0.6506739854812622,0.771865963935852,0.4497475028038025,11.153897285461426,9.76398468017578,7.798135280609131,0.3887986540794372,0.4060114920139313,0.5851622819900513,12.897960662841797,0.0,0.2406049072742462,12.84217643737793,8.568357467651367,37.0,25.0,30.0,0.0,
2025-12-17,09:44:11.275000,5a,Toxicity,Original,,81.18566131591797,2.232318878173828,181.35003662109372,0.6183084845542908,0.7769545316696167,0.5964420437812805,11.153897285461426,9.99371337890625,8.505953788757324,0.3804438710212707,0.3588419556617737,0.6566619873046875,13.81600570678711,0.0,0.2162938416004181,15.781737327575684,12.760331153869627,37.0,25.0,30.0,0.0,
2025-12-17,09:44:11.275000,FinePointe Series WBP [SN 10499C]  Site 1 Bias Flow is out of range.,,,,,,,,,,,,,,,,,,,,,,,,,
2025-12-17,09:44:13.275000,5a,Toxicity,Original,,80.03044891357422,2.402202844619751,192.29823303222656,0.6891409754753113,0.8071762919425964,0.3662260174751282,11.153897285461426,9.812295913696287,8.11746597290039,0.3790248930454254,0.3707050383090973,0.6576059460639954,12.407745361328123,0.0,0.2184092998504638,12.540484428405762,13.752952575683594,37.0,25.0,30.0,0.0,
2025-12-17,09:44:15.275000,5a,Toxicity,Original,,78.4727783203125,2.1916275024414062,171.98724365234375,0.7077121734619141,0.8089883327484131,0.3882001638412475,11.153897285461426,9.192404747009276,8.083711624145508,0.3890506029129028,0.3756718039512634,0.6455090045928955,14.557086944580078,0.0,0.2163787931203842,13.572400093078612,10.554336547851562,37.0,25.0,30.0,0.0,
2025-12-17,09:44:17.275000,5a,Toxicity,Original,,80.14675903320312,2.258025884628296,181.00244140625,0.7635299563407898,0.8066818118095398,0.3457839787006378,11.153897285461426,9.748575210571287,8.153499603271484,0.3815473318099975,0.3670893311500549,0.58151775598526,10.838229179382324,0.0,0.2143623232841491,12.24207592010498,10.8095703125,37.0,25.0,30.0,0.0,
2025-12-17,09:44:19.275000,5a,Toxicity,Original,,81.18806457519531,2.333019495010376,189.3614044189453,0.6625592708587646,0.7697274088859558,0.5825077295303345,11.153897285461426,9.747203826904297,7.626976490020752,0.3746916055679321,0.3645031154155731,0.5991169214248657,10.860381126403809,0.0,0.2176516205072403,10.477932929992676,10.178656578063965,37.0,25.0,30.0,0.0,
2025-12-17,09:44:21.275000,5a,Toxicity,Original,,80.8802490234375,2.238628625869751,180.968505859375,0.65831059217453,0.7610681653022766,0.6070876717567444,11.153897285461426,9.093749046325684,7.920152187347412,0.372632771730423,0.3693636059761047,0.6201966404914856,12.494458198547363,0.0,0.2191684693098068,12.82956600189209,10.425551414489746,37.0,25.0,30.0,0.0,
2025-12-17,09:44:21.275000,FinePointe Series WBP [SN 10499C]  Site 1 Bias Flow is out of range.,,,,,,,,,,,,,,,,,,,,,,,,,
2025-12-17,09:44:23.275000,5a,Toxicity,Original,,82.29703521728516,2.361501216888428,194.3304443359375,0.5325499176979065,0.7196594476699829,0.6123202443122864,11.153897285461426,10.331561088562012,8.476239204406738,0.3563514649868011,0.3727202713489532,0.7193269729614258,15.175201416015623,0.0,0.2265764772891998,11.936610221862791,10.01120376586914,37.0,25.0,30.0,0.0,
2025-12-17,09:44:25.275000,5a,Toxicity,Original,,71.71852111816406,2.100005865097046,150.72073364257812,0.7155634760856628,0.8422256708145142,0.5465487837791443,11.153897285461426,9.23575496673584,7.372482776641846,0.4037858843803406,0.4405031502246856,0.4800857305526733,14.540905952453612,0.0,0.2503741681575775,12.558287620544434,12.655503273010254,37.0,25.0,30.0,0.0,
2025-12-17,09:44:27.275000,5a,Toxicity,Original,,77.3556137084961,2.405795097351074,185.86502075195312,0.5429794192314148,0.745385468006134,0.7220792174339294,11.153897285461426,10.719675064086914,7.708209037780762,0.4032299518585205,0.3730772137641907,0.6283838748931885,11.061281204223633,0.0,0.225847989320755,14.1377534866333,8.778068542480469,37.0,25.0,30.0,0.0,
2025-12-17,09:44:29.275000,5a,Toxicity,Original,,79.42428588867188,2.2538809776306152,178.98171997070312,0.6745854020118713,0.730641782283783,0.6300079226493835,11.153897285461426,9.17154312133789,8.090439796447754,0.3893939852714538,0.3661827445030212,0.6468566060066223,10.390304565429688,0.0,0.2218092978000641,11.675972938537598,9.099372863769531,37.0,25.0,30.0,0.0,
2025-12-17,09:44:31.275000,5a,Toxicity,Original,,80.6324462890625,2.2315986156463623,179.94174194335938,0.6799498796463013,0.7965991497039795,0.486227422952652,11.153897285461426,10.476543426513672,8.710163116455078,0.3775123357772827,0.3667657971382141,0.6094092130661011,11.68553066253662,0.0,0.2165902107954025,12.989980697631836,12.204999923706056,37.0,25.0,30.0,0.0,
2025-12-17,09:44:33.275000,5a,Toxicity,Original,,89.88805389404297,1.948355197906494,167.46168518066406,1.4422155618667605,1.7316569089889526,0.3773281276226043,11.153897285461426,12.089428901672363,7.736629009246826,0.3165897130966186,0.4144973754882812,0.614109992980957,10.357651710510254,74.50413513183594,0.1696733981370926,10.882461547851562,12.22101593017578,37.0,25.0,30.0,0.0,
2025-12-17,09:44:35.275000,5a,Toxicity,Original,,83.14486694335938,2.1961312294006348,182.31997680664065,0.6058647036552429,0.7903646230697632,0.419498473405838,11.153897285461426,10.021251678466797,7.727712154388428,0.3690420985221863,0.3528674840927124,0.6486760377883911,13.795982360839844,0.0,0.2067354023456573,13.643909454345703,10.378358840942385,37.0,25.0,30.0,33.33333206176758,
2025-12-17,09:44:37.275000,5a,Toxicity,Original,,85.72615051269531,2.4115235805511475,206.79298400878903,0.6176291704177856,0.7931301593780518,0.3942533731460571,11.153897285461426,11.499073028564451,8.293914794921875,0.3576996922492981,0.3424307703971863,0.6688047647476196,11.24173355102539,0.0,0.1994436979293823,13.13710880279541,11.006874084472656,37.0,25.0,30.0,0.0,
2025-12-17,09:44:39.275000,5a,Toxicity,Original,,82.63661193847656,2.261563539505005,186.88766479492188,0.4989847242832184,0.6816717386245728,0.6349628567695618,11.153897285461426,10.513141632080078,8.358183860778809,0.3603693544864654,0.365747332572937,0.7012051343917847,14.311241149902344,0.0,0.2276376187801361,14.102906227111816,7.945324420928955,37.0,25.0,30.0,0.0,
2025-12-17,09:44:41.275000,5a,Toxicity,Original,,84.92251586914062,2.1213181018829346,180.1476593017578,0.5689422488212585,0.6679628491401672,0.6696414947509766,11.153897285461426,9.42863941192627,9.02706241607666,0.348125696182251,0.3584007322788238,0.7368122935295105,17.877593994140625,0.0,0.2291492819786071,13.898122787475586,7.677312850952148,37.0,25.0,30.0,0.0,
2025-12-17,09:44:43.275000,5a,Toxicity,Original,,100.50816345214844,1.965780258178711,182.88072204589844,0.5383260250091553,0.643263578414917,0.687490701675415,11.153897285461426,10.080279350280762,8.870869636535645,0.2895338237285614,0.3317217528820038,0.4946534633636474,12.77759075164795,0.0,0.2130642980337143,9.260820388793944,5.863429546356201,37.0,25.0,30.0,40.0,
2025-12-17,09:44:45.275000,5a,Toxicity,Original,,84.22564697265625,2.034543514251709,171.3995361328125,0.665171205997467,0.7105460166931152,0.6061794757843018,11.153897285461426,10.371770858764648,9.71883487701416,0.3643068969249725,0.3482570052146911,0.6988043189048767,15.00457000732422,0.0,0.2135759741067886,16.364839553833008,9.667137145996094,37.0,25.0,30.0,0.0,
2025-12-17,09:44:47.275000,5a,Toxicity,Original,,85.67939758300781,2.2588813304901123,193.5041961669922,0.5673796534538269,0.6925736665725708,0.5772616863250732,11.153897285461426,10.679268836975098,9.174670219421388,0.3608239293098449,0.3396836817264557,0.8026413321495056,15.569221496582031,0.0,0.2104481160640716,17.59899139404297,10.179206848144531,37.0,25.0,30.0,0.0,
2025-12-17,09:44:49.275000,5a,Toxicity,Original,,84.05048370361328,2.4106850624084477,202.66879272460935,0.6669915914535522,0.7759120464324951,0.5240074396133423,11.153897285461426,10.364182472229004,8.37025260925293,0.3900318145751953,0.3238937258720398,0.6802477240562439,11.690962791442873,0.0,0.1931623816490173,15.548128128051758,10.355847358703612,37.0,25.0,30.0,0.0,
2025-12-17,09:44:51.275000,5a,Toxicity,Original,,81.49378967285156,2.218388557434082,180.87841796875,0.8123984336853027,0.8294448256492615,0.628034770488739,11.153897285461426,8.77772331237793,7.916741847991943,0.3844131231307983,0.3518832325935364,0.6374796032905579,10.052663803100586,0.0,0.2010723650455474,12.605107307434082,10.165180206298828,37.0,25.0,30.0,0.0,
2025-12-17,09:44:53.275000,5a,Toxicity,Original,,83.2306900024414,2.168102502822876,180.08131408691406,0.6261793375015259,0.7347808480262756,0.5782593488693237,11.153897285461426,9.2355375289917,8.179718017578125,0.3771311640739441,0.3447415232658386,0.6821306347846985,14.193633079528809,0.0,0.2178535163402557,14.954099655151367,11.97666358947754,37.0,25.0,30.0,0.0,
2025-12-17,09:44:55.275000,5a,Toxicity,Original,,81.26285552978516,2.1479732990264893,174.44683837890625,0.6574783325195312,0.7432281374931335,0.5801314115524292,11.153897285461426,9.378866195678713,8.423952102661133,0.3832484483718872,0.3553303480148315,0.7216473817825317,11.98538303375244,0.0,0.2151567339897155,14.836109161376951,11.433778762817385,37.0,25.0,30.0,0.0,
2025-12-17,09:44:57.275000,5a,Toxicity,Original,,83.312744140625,2.2341830730438232,185.9900054931641,0.6668514013290405,0.7543728351593018,0.41351318359375,11.153897285461426,9.141401290893556,8.150483131408691,0.3714516460895538,0.3489874601364136,0.6748096346855164,17.354598999023438,0.0,0.2102608233690261,12.664706230163574,9.84663200378418,37.0,25.0,30.0,0.0,
2025-12-17,09:44:59.275000,5a,Toxicity,Original,,82.67754364013672,2.2494356632232666,185.9535980224609,0.5124430656433105,0.6032103300094604,0.8043292164802551,11.153897285461426,9.151814460754396,9.348199844360352,0.3826479911804199,0.343076229095459,0.540509045124054,12.887555122375488,0.0,0.2266957461833953,13.302396774291992,5.276701927185059,37.0,25.0,30.0,0.0,
2025-12-17,09:45:03.275000,5a,Toxicity,Original,,18.396873474121094,36.58776473999024,673.1004638671875,5.355693340301514,9.56684112548828,0.2413330078125,11.153897285461426,538.28564453125,282.54022216796875,0.2862816751003265,2.975142002105713,19.967750549316406,512.8460083007812,2103.069580078125,0.2869137823581695,5.1734700202941895,,37.0,25.0,30.0,50.0,
2025-12-17,09:45:07.275000,5a,Toxicity,Original,,77.130126953125,1.5498262643814087,119.53829193115234,0.9247479438781738,0.8595723509788513,0.4046728610992431,11.153897285461426,7.767105579376221,7.974310398101807,0.3726405501365661,0.4052656292915344,0.504595935344696,12.53663158416748,0.0,0.2273694276809692,12.539917945861816,9.591157913208008,37.0,25.0,30.0,83.33333587646484,
2025-12-17,09:45:09.275000,5a,Toxicity,Original,,80.47824096679688,2.2787318229675293,183.38833618164065,0.467759370803833,0.6965748071670532,0.6501047015190125,11.153897285461426,8.33107852935791,7.131475448608398,0.4102125167846679,0.335330605506897,0.6210687756538391,14.77946662902832,0.0,0.2054249346256256,11.789373397827148,13.51325225830078,37.0,25.0,30.0,0.0,
2025-12-17,09:45:11.275000,5a,Toxicity,Original,,79.1840591430664,2.906630516052246,230.15879821777344,0.4301625788211822,0.7321885824203491,0.710756242275238,11.153897285461426,10.080862045288086,6.424482822418213,0.4256875813007355,0.3320406973361969,0.3462347984313965,11.265902519226074,0.0,0.2005998939275741,11.927886009216309,10.73984146118164,37.0,25.0,30.0,75.0,
2025-12-17,09:45:13.275000,5a,Toxicity,Original,,76.17801666259766,2.3343820571899414,177.87710571289062,0.6077136993408203,0.7874940633773804,0.3971261978149414,11.153897285461426,9.3687162399292,6.81320858001709,0.4008937180042267,0.3867586255073547,0.5693110227584839,9.804983139038086,0.0,0.2252074778079986,10.943607330322266,10.572227478027344,37.0,25.0,30.0,0.0,
2025-12-17,09:45:15.275000,5a,Toxicity,Original,,79.49834442138672,1.7864210605621338,142.12982177734375,0.7911989688873291,0.7445974349975586,0.373980700969696,11.153897285461426,7.605976581573486,8.386842727661133,0.3781042695045471,0.3776302337646484,0.6711346507072449,13.654157638549805,0.0,0.2286882102489471,14.939454078674316,10.339426040649414,37.0,25.0,30.0,0.0,
2025-12-17,09:45:17.275000,5a,Toxicity,Original,,80.9015121459961,1.8963782787323,153.11819458007812,0.7831550240516663,0.743787944316864,0.6290972232818604,11.153897285461426,8.784544944763184,8.677809715270996,0.3849665522575378,0.3575519025325775,0.6366094350814819,12.45255184173584,0.0,0.2179781049489975,14.746326446533203,9.646860122680664,37.0,25.0,30.0,25.0,
2025-12-17,09:45:19.275000,5a,Toxicity,Original,,82.52745819091797,2.183504343032837,180.1556396484375,0.58085036277771,0.6983323097229004,0.6616144776344299,11.153897285461426,8.758085250854492,7.568162441253662,0.3819875717163086,0.3455551862716675,0.5740326642990112,12.290661811828612,0.0,0.2136883735656738,13.211767196655272,8.361138343811035,37.0,25.0,30.0,0.0,
2025-12-17,09:45:21.275000,5a,Toxicity,Original,,77.08766174316406,2.305645704269409,177.69003295898438,0.5971362590789795,0.7559610605239868,0.6989551782608032,11.153897285461426,8.483598709106445,6.859908103942871,0.4087735414505005,0.3701905906200409,0.5659315586090088,9.284540176391602,0.0,0.2213014662265777,10.86456298828125,7.660878181457519,37.0,25.0,30.0,0.0,
2025-12-17,09:45:23.275000,5a,Toxicity,Original,,79.14998626708984,2.078490734100342,164.94046020507812,0.5914400815963745,0.7224467992782593,0.5506387948989868,11.153897285461426,8.756954193115234,7.324130535125732,0.3917434513568878,0.3672660887241363,0.5655372738838196,11.735167503356934,0.0,0.2229833453893661,15.001335144042969,9.61840534210205,37.0,25.0,30.0,0.0,
2025-12-17,09:45:25.275000,5a,Toxicity,Original,,81.10262298583984,2.0894615650177,169.40005493164062,0.6131035089492798,0.7528286576271057,0.6647722721099854,11.153897285461426,8.570074081420898,7.780274391174316,0.3693405985832214,0.3705142140388489,0.6092361211776733,12.77303695678711,0.0,0.2263861298561096,12.431493759155272,9.310165405273438,37.0,25.0,30.0,0.0,
2025-12-17,09:45:27.275000,5a,Toxicity,Original,,81.45291900634766,2.0820181369781494,169.5508270263672,0.6774380803108215,0.736878514289856,0.5503149032592773,11.153897285461426,8.761246681213379,7.868519306182861,0.3909322321414947,0.3464560806751251,0.5802377462387085,9.722699165344238,0.0,0.211521491408348,11.93964385986328,10.232489585876465,37.0,25.0,30.0,0.0,
2025-12-17,09:45:29.275000,5a,Toxicity,Original,,80.82561492919922,2.1276135444641118,171.98817443847656,0.7271044850349426,0.8558650612831116,0.3983800411224365,11.153897285461426,9.474178314208984,7.39187479019165,0.3766641616821289,0.3657907843589782,0.6006112694740295,10.80198860168457,0.0,0.2061706483364105,13.070706367492676,11.454940795898438,37.0,25.0,30.0,0.0,
2025-12-17,09:45:31.275000,5a,Toxicity,Original,,80.14749145507812,2.098123788833618,168.1263885498047,0.6653351187705994,0.7118174433708191,0.6759835481643677,11.153897285461426,8.232318878173828,8.530084609985352,0.4056907296180725,0.3433852791786194,0.5961698889732361,11.846087455749512,0.0,0.2115855664014816,14.698390007019045,9.91059112548828,37.0,25.0,30.0,0.0,
2025-12-17,09:45:33.275000,5a,Toxicity,Original,,78.44154357910156,2.085453510284424,163.49679565429688,0.6909441351890564,0.7917579412460327,0.2370553314685821,11.153897285461426,8.876998901367188,7.23610782623291,0.4077441990375519,0.3577242791652679,0.6031302809715271,10.269875526428224,0.0,0.2115481346845626,14.16944408416748,8.524173736572266,37.0,25.0,30.0,0.0,
2025-12-17,09:45:35.275000,5a,Toxicity,Original,,79.96640014648438,2.185113906860352,174.68910217285156,0.7530606389045715,0.8565134406089783,0.5123437643051147,11.153897285461426,8.788469314575195,7.406135559082031,0.3807142674922943,0.3700376749038696,0.5878152847290039,9.860920906066896,0.0,0.2072522938251495,10.741398811340332,11.114497184753418,37.0,25.0,30.0,0.0,
2025-12-17,09:45:37.275000,5a,Toxicity,Original,,78.52088928222656,2.111762046813965,165.81689453125,0.8475525379180908,0.8271796703338623,0.3869866728782654,11.153897285461426,7.915884494781494,8.173868179321289,0.4008122384548187,0.363316148519516,0.6080226898193359,8.8934965133667,0.0,0.2073394358158111,11.363995552062988,10.599590301513672,37.0,25.0,30.0,0.0,
2025-12-17,09:45:39.275000,5a,Toxicity,Original,,80.52876281738281,2.110419511795044,169.92544555664062,0.5901857018470764,0.7544586658477783,0.6003960967063904,11.153897285461426,9.501827239990234,7.749679565429687,0.3790736794471741,0.3660325109958648,0.6315067410469055,12.713990211486816,0.0,0.2203064262866974,14.614091873168944,9.77127170562744,37.0,25.0,30.0,0.0,
2025-12-17,09:45:41.275000,5a,Toxicity,Original,,78.30099487304688,2.1231722831726074,166.18994140625,0.71468186378479,0.7747059464454651,0.3212493062019348,11.153897285461426,8.645151138305664,7.932903289794922,0.4226284027099609,0.3438879251480102,0.6278082728385925,16.814550399780273,0.0,0.2196547836065292,15.12275505065918,10.549762725830078,37.0,25.0,30.0,0.0,
2025-12-17,09:45:43.275000,5a,Toxicity,Original,,77.57946014404297,2.09859561920166,162.75888061523438,0.6683288812637329,0.7364126443862915,0.4080352783203125,11.153897285461426,8.86971664428711,8.05691146850586,0.4098364412784576,0.3635914325714111,0.6306712031364441,9.975936889648438,0.0,0.2209260612726211,14.787626266479492,10.397838592529297,37.0,25.0,30.0,0.0,
2025-12-17,09:45:45.275000,5a,Toxicity,Original,,82.36415100097656,2.101505994796753,173.0968780517578,0.5843410491943359,0.7505155801773071,0.4867120385169983,11.153897285461426,9.485640525817873,7.380867958068848,0.3699060082435608,0.3586266934871673,0.589180588722229,20.68610191345215,0.0,0.2206235527992248,14.557931900024414,10.676421165466309,37.0,25.0,30.0,0.0,
2025-12-17,09:45:47.275000,5a,Toxicity,Original,,78.43291473388672,2.091542482376098,164.45704650878906,0.6351527571678162,0.7623184323310852,0.4498467445373535,11.153897285461426,8.614991188049316,7.357761859893799,0.3908975124359131,0.3752796351909637,0.6051343679428101,12.27876091003418,0.0,0.2220642864704132,14.368974685668944,9.829524993896484,37.0,25.0,30.0,0.0,
2025-12-17,09:45:49.275000,5a,Toxicity,Original,,78.37055969238281,2.0694470405578613,162.38626098632812,0.6949760913848877,0.7258294820785522,0.6954749226570129,11.153897285461426,7.609647750854492,7.689432144165039,0.4058635532855987,0.3606700897216797,0.6126797199249268,12.39211082458496,0.0,0.2206961065530777,11.759143829345703,8.070706367492676,37.0,25.0,30.0,0.0,
2025-12-17,09:45:51.275000,5a,Toxicity,Original,,80.56470489501953,2.1162469387054443,170.38731384277344,0.6585136651992798,0.7884389162063599,0.4493500888347626,11.153897285461426,8.898741722106934,8.059321403503418,0.3870248794555664,0.3582813441753387,0.6537445783615112,14.183349609375,0.0,0.2144611924886703,15.083234786987305,11.25561237335205,37.0,25.0,30.0,0.0,
2025-12-17,09:45:53.275000,5a,Toxicity,Original,,80.45125579833984,2.1004860401153564,169.05909729003906,0.6701958775520325,0.8495053052902222,0.5075196623802185,11.153897285461426,9.257418632507324,7.772112846374512,0.3918759226799011,0.35394087433815,0.6652584671974182,14.384531021118164,0.0,0.2069498896598816,14.793001174926758,13.369674682617188,37.0,25.0,30.0,0.0,
2025-12-17,09:45:55.275000,5a,Toxicity,Original,,82.58914184570312,2.157207727432251,178.1619415283203,0.6613313555717468,0.7776257991790771,0.3143198192119598,11.153897285461426,7.923471927642822,6.990005493164063,0.3828886747360229,0.3435990810394287,0.5513443350791931,15.8815336227417,0.0,0.200028121471405,12.71288013458252,9.742419242858888,37.0,25.0,30.0,0.0,
2025-12-17,09:45:57.275000,5a,Toxicity,Original,,80.62240600585938,1.9919770956039429,160.5917205810547,0.6664025187492371,0.6990925073623657,0.7066317200660706,11.153897285461426,7.965861320495605,8.034103393554688,0.387915700674057,0.3567721545696258,0.6180630326271057,14.04152488708496,0.0,0.2213564366102218,13.51963233947754,7.803807258605957,37.0,25.0,30.0,25.0,
2025-12-17,09:45:59.275000,5a,Toxicity,Original,,70.90017700195312,2.188629627227783,155.1781463623047,0.3737279772758484,0.5257778167724609,0.8288782835006714,11.153897285461426,8.94502067565918,8.009308815002441,0.4028564095497131,0.4473712146282196,0.5598387718200684,22.077531814575195,0.0,0.3173157572746277,17.400453567504883,6.170624732971191,37.0,25.0,30.0,0.0,
2025-12-17,09:46:01.275000,5a,Toxicity,Original,,84.62234497070312,2.2344746589660645,189.0997314453125,0.4893767833709717,0.5761510133743286,0.8499244451522827,11.153897285461426,8.743268966674805,8.45263385772705,0.4145352244377136,0.2975846230983734,0.604793906211853,15.133265495300291,0.0,0.1996636986732483,16.27589225769043,10.975577354431152,37.0,25.0,30.0,0.0,
2025-12-17,09:46:17.275000,5a,Toxicity,Original,,85.37445068359375,1.6939976215362549,144.62411499023438,0.668249785900116,0.7557910680770874,0.7646557688713074,11.153897285461426,7.923979759216309,6.882027626037598,0.3758418560028076,0.326944500207901,0.5340959429740906,9.77660846710205,0.0,0.2002628594636917,11.820873260498049,9.04368019104004,37.0,25.0,30.0,93.75,
2025-12-17,09:46:21.275000,5a,Toxicity,Original,,108.47377014160156,2.441221237182617,263.1399841308594,0.307600200176239,0.5986539125442505,0.6001753807067871,11.153897285461426,13.872671127319336,7.411809921264648,0.3309721052646637,0.2472077906131744,0.5931427478790283,10.96356201171875,0.0,0.169666901230812,15.208059310913086,8.032235145568848,37.0,25.0,30.0,66.66666412353516,
2025-12-17,09:46:23.275000,5a,Toxicity,Original,,108.43892669677734,1.3349504470825195,144.76058959960938,0.5471006035804749,0.7184364795684814,0.3094709515571594,11.153897285461426,9.629226684570312,6.9280500411987305,0.2172494530677795,0.3360573947429657,0.5992443561553955,13.568406105041504,0.0,0.2025060802698135,12.515005111694336,8.092691421508789,37.0,25.0,30.0,0.0,
2025-12-17,09:46:25.275000,5a,Toxicity,Original,,87.52422332763672,1.6927937269210815,148.16046142578125,0.6125860214233398,0.6834919452667236,0.6628089547157288,11.153897285461426,7.338306427001953,7.894705295562744,0.3717085719108581,0.3138159215450287,0.660102367401123,14.182544708251951,0.0,0.1956911087036132,17.217668533325195,9.620081901550291,37.0,25.0,30.0,80.0,
2025-12-17,09:46:27.275000,5a,Toxicity,Original,,166.32101440429688,1.353017807006836,186.3621368408203,0.4535242617130279,0.6514652967453003,0.5335304141044617,11.153897285461426,11.868416786193848,8.071246147155762,0.2527748942375183,0.2572073638439178,0.5183337926864624,11.78199863433838,0.0,0.1618896722793579,20.752656936645508,6.549814701080322,37.0,25.0,30.0,25.0,
2025-12-17,09:46:29.275000,5a,Toxicity,Original,,86.88334655761719,1.9045530557632449,165.5392608642578,0.570688009262085,0.7044838070869446,0.6372122168540955,11.153897285461426,8.711977005004883,7.346757411956787,0.3779184818267822,0.3126948475837707,0.5827133655548096,13.556899070739746,0.0,0.1924038678407669,16.010011672973633,8.577860832214355,37.0,25.0,30.0,0.0,
2025-12-17,09:46:31.275000,5a,Toxicity,Original,,87.88347625732422,2.0268726348876958,178.1119842529297,0.5806255340576172,0.7000055313110352,0.6354495286941528,11.153897285461426,9.014735221862791,7.691752433776855,0.3822298347949981,0.30082568526268,0.5627416372299194,12.54835319519043,0.0,0.1880519837141037,18.15603256225586,7.76152753829956,37.0,25.0,30.0,0.0,
2025-12-17,09:46:33.275000,5a,Toxicity,Original,,85.07282257080078,2.179267883300781,185.3856201171875,0.7615951299667358,0.7529528141021729,0.5674329400062561,11.153897285461426,8.653144836425781,9.389246940612791,0.4021846055984497,0.3030957579612732,0.7169899344444275,9.734673500061035,0.0,0.1813345104455948,7.677560806274414,9.977831840515137,37.0,25.0,30.0,33.33333206176758,
2025-12-17,09:46:35.275000,5a,Toxicity,Original,,89.41128540039062,1.8277382850646973,163.54534912109375,0.5571340322494507,0.5727904438972473,0.7604365944862366,11.153897285461426,8.36511516571045,8.948850631713867,0.3778532445430755,0.2935564815998077,0.6666679382324219,15.466212272644045,0.0,0.2073455452919006,19.98944854736328,5.474747657775879,37.0,25.0,30.0,0.0,
2025-12-17,09:46:37.275000,5a,Toxicity,Original,,88.80226135253906,1.853554964065552,164.44195556640625,0.4717144966125488,0.5692151188850403,0.8033941388130188,11.153897285461426,8.626453399658203,8.582289695739746,0.3757786750793457,0.3000035881996155,0.5936181545257568,19.616426467895508,0.0,0.2069211453199386,21.87086677551269,3.89426851272583,37.0,25.0,30.0,33.33333206176758,
2025-12-17,09:46:39.275000,5a,Toxicity,Original,,88.30044555664062,1.9453452825546265,171.73753356933594,0.568873405456543,0.687455952167511,0.5150666832923889,11.153897285461426,9.146767616271973,8.406956672668457,0.3785476684570312,0.3010816276073456,0.6925055384635925,14.969911575317385,0.0,0.1889102458953857,20.635934829711918,7.331097602844238,37.0,25.0,30.0,0.0,
2025-12-17,09:46:41.275000,5a,Toxicity,Original,,90.13436126708984,2.02158260345459,182.2189483642578,0.5140941143035889,0.6194598078727722,0.7361693382263184,11.153897285461426,9.475947380065918,8.776322364807129,0.362041711807251,0.3036825656890869,0.628829836845398,14.903172492980955,0.0,0.1975766122341156,16.37221908569336,6.242892265319824,37.0,25.0,30.0,0.0,
2025-12-17,09:46:43.275000,5a,Toxicity,Original,,90.69792175292967,1.9101407527923584,173.2909698486328,0.6282734274864197,0.6816835403442383,0.6191478371620178,11.153897285461426,8.597922325134277,8.682181358337402,0.3674677014350891,0.2941424250602722,0.7359318733215332,14.12038803100586,0.0,0.1884346753358841,17.999610900878906,9.54310417175293,37.0,25.0,30.0,0.0,
2025-12-17,09:46:45.275000,5a,Toxicity,Original,,90.116455078125,1.942217469215393,174.78314208984375,0.6162348389625549,0.6426777839660645,0.497189849615097,11.153897285461426,8.3030424118042,8.39494800567627,0.3715702593326568,0.2955736815929413,0.69742751121521,14.113978385925291,0.0,0.1960494518280029,18.1571102142334,7.002068042755127,37.0,25.0,30.0,0.0,
2025-12-17,09:46:47.275000,5a,Toxicity,Original,,94.34232330322266,1.7750706672668457,166.63092041015625,0.4688115119934082,0.5602579712867737,0.7371247410774231,11.153897285461426,10.150514602661133,9.171846389770508,0.3257814943790436,0.3110050559043884,0.730175256729126,36.47753143310547,0.0,0.2189039885997772,24.090560913085938,7.120533466339111,37.0,25.0,30.0,0.0,
2025-12-17,09:46:49.275000,5a,Toxicity,Original,,134.95858764648438,1.843396782875061,248.78224182128903,0.1633419096469879,0.4355148673057556,0.8081484436988831,11.153897285461426,19.67911529541016,8.258475303649902,0.1674040108919143,0.2771767973899841,0.5209973454475403,21.769662857055664,0.0,0.2001687735319137,11.67548370361328,5.535777568817139,37.0,25.0,30.0,66.66666412353516,
2025-12-17,09:46:51.275000,5a,Toxicity,Original,,130.55311584472656,1.6528866291046145,217.9470977783203,0.4853725433349609,0.7059069871902466,0.4997457861900329,11.153897285461426,13.129402160644531,8.223915100097656,0.2191178649663925,0.2630116045475006,0.6781846284866333,10.583416938781738,0.0,0.157684326171875,12.99129581451416,12.412158966064451,37.0,25.0,30.0,20.0,
2025-12-17,09:46:55.275000,5a,Toxicity,Original,,95.13590240478516,2.211446762084961,210.3879852294922,0.4170064628124237,0.6737933158874512,0.598576545715332,11.153897285461426,9.860262870788574,6.445404529571533,0.3165982961654663,0.3140784502029419,0.5004974603652954,8.6053466796875,0.0,0.1944533586502075,12.284385681152344,8.712493896484375,37.0,25.0,30.0,66.66666412353516,
2025-12-17,09:46:57.275000,5a,Toxicity,Original,,110.26719665527344,1.6396355628967283,181.0948028564453,0.5021405816078186,0.6032330989837646,0.5990291237831116,11.153897285461426,10.457298278808594,8.4935302734375,0.2652343511581421,0.2842981517314911,0.7251134514808655,15.39357852935791,0.0,0.1864874362945556,15.58330249786377,8.470566749572754,37.0,25.0,30.0,50.0,
2025-12-17,09:46:59.275000,5a,Toxicity,Original,,135.6531982421875,1.66673743724823,223.3436279296875,0.4173647463321686,0.5914103984832764,0.4592695832252502,11.153897285461426,12.11972427368164,8.498823165893555,0.2314117401838302,0.2212512493133545,0.736733615398407,16.45927619934082,0.0,0.1462489515542984,18.422216415405277,9.58930778503418,37.0,25.0,30.0,0.0,
2025-12-17,09:47:01.275000,5a,Toxicity,Original,,96.82310485839844,1.5378704071044922,145.41615295410156,0.6421513557434082,0.940433382987976,0.5881271958351135,11.153897285461426,9.69887351989746,6.028736114501953,0.3060389459133148,0.3173679709434509,0.4671430289745331,14.84844970703125,0.0,0.1740761995315551,16.5274600982666,14.29635524749756,37.0,25.0,30.0,66.66666412353516,
2025-12-17,09:47:03.275000,5a,Toxicity,Original,,95.74510955810548,2.137566328048706,204.6905059814453,0.4691112637519836,0.6829894185066223,0.524789035320282,11.153897285461426,10.222025871276855,7.571253776550293,0.3284347653388977,0.2985205352306366,0.57145756483078,11.126859664916992,0.0,0.1882508844137191,12.993978500366213,8.478402137756348,37.0,25.0,30.0,25.0,
2025-12-17,09:47:05.275000,5a,Toxicity,Original,,124.9532699584961,1.985661268234253,256.2246398925781,0.5284299850463867,0.5480085611343384,0.5647822618484497,11.153897285461426,11.966235160827637,10.423345565795898,0.2857843935489654,0.2154460102319717,0.8903303742408752,26.34605598449707,0.0,0.1518182456493377,22.40710830688477,9.71854019165039,37.0,25.0,30.0,60.0,
2025-12-17,09:47:07.275000,5a,Toxicity,Original,,94.96614074707033,1.477209210395813,140.2848663330078,0.6544528007507324,0.602534294128418,0.7550616264343262,11.153897285461426,7.268769264221191,9.181450843811035,0.3377884030342102,0.2940157353878021,0.6977494359016418,12.250167846679688,0.0,0.1919895261526107,16.670040130615234,5.9497270584106445,37.0,25.0,30.0,75.0,
2025-12-17,09:47:09.275000,5a,Toxicity,Original,,94.48351287841795,1.9246727228164675,181.5486297607422,0.3849017918109894,0.5391080379486084,0.8051263689994812,11.153897285461426,9.308479309082031,8.113304138183594,0.3792730569839477,0.256318986415863,0.6085332632064819,15.38136386871338,0.0,0.1817096918821334,21.491418838500977,4.898714065551758,37.0,25.0,30.0,0.0,
2025-12-17,09:47:11.275000,5a,Toxicity,Original,,118.27360534667967,2.039369344711304,240.51014709472656,0.3956087231636047,0.5192333459854126,0.7215136289596558,11.153897285461426,11.198925971984863,9.831902503967283,0.2814774513244629,0.2266345024108886,0.7874019145965576,12.455233573913574,0.0,0.1555515676736831,17.72511100769043,5.898744583129883,37.0,25.0,30.0,0.0,
2025-12-17,09:47:13.275000,5a,Toxicity,Original,,302.5037841796875,0.9842599034309388,254.53863525390625,0.7330165505409241,0.6443179845809937,0.536996066570282,11.153897285461426,13.161097526550291,14.456884384155272,0.1132153272628784,0.105187103152275,1.2916114330291748,6.255932807922363,0.0,0.0662898272275924,15.31490993499756,12.043420791625977,37.0,25.0,30.0,37.5,
2025-12-17,09:47:15.275000,5a,Toxicity,Original,,221.7417907714844,1.1073063611984253,244.071533203125,0.5812307596206665,0.5433157682418823,0.6720936298370361,11.153897285461426,14.214756965637209,15.535426139831545,0.1281565874814987,0.1448489129543304,1.3265371322631836,9.166881561279297,0.0,0.0962230414152145,17.058090209960938,10.214120864868164,37.0,25.0,30.0,71.42857360839844,
2025-12-17,09:47:17.275000,5a,Toxicity,Original,,164.04644775390625,1.5597620010375977,255.3036651611328,0.4511564373970032,0.4934972822666168,0.7228844165802002,11.153897285461426,13.583696365356444,13.783808708190918,0.2072037011384964,0.1715520471334457,1.1243281364440918,11.167929649353027,0.0,0.1194380223751068,21.11402702331543,6.998302459716797,37.0,25.0,30.0,25.0,
2025-12-17,09:47:19.275000,5a,Toxicity,Original,,201.037841796875,1.3684396743774414,271.0881652832031,0.4825219511985779,0.5883176326751709,0.6077483892440796,11.153897285461426,13.749042510986328,11.466934204101562,0.1626563370227813,0.1372656822204589,1.0172653198242188,6.874764442443848,0.0,0.0882128030061721,17.2847900390625,9.27448272705078,37.0,25.0,30.0,71.42857360839844,
2025-12-17,09:47:21.275000,5a,Toxicity,Original,,159.8917236328125,1.3348435163497925,213.4304351806641,0.653508722782135,0.6348612904548645,0.5688875317573547,11.153897285461426,10.324344635009766,11.150253295898438,0.1854097247123718,0.1898442059755325,0.9847738742828368,11.886940956115724,0.0,0.1206381916999816,16.636465072631836,11.300259590148926,37.0,25.0,30.0,0.0,
2025-12-17,09:47:23.275000,5a,Toxicity,Original,,103.13551330566406,1.529579997062683,157.75401306152344,0.792029857635498,0.6213129162788391,0.3825933635234833,11.153897285461426,8.34793758392334,10.754462242126465,0.3256122469902038,0.256146639585495,0.9429080486297609,13.65089511871338,0.0,0.1709056496620178,21.636886596679688,9.039520263671877,37.0,25.0,30.0,83.33333587646484,
2025-12-17,09:47:25.275000,5a,Toxicity,Original,,117.37318420410156,1.945144534111023,227.3551788330078,0.5009622573852539,0.5586169958114624,0.7029269337654114,11.153897285461426,10.768186569213867,10.547136306762695,0.2844329178333282,0.2357337027788162,0.869815468788147,10.342788696289062,0.0,0.158122569322586,16.548316955566406,6.341227054595947,37.0,25.0,30.0,0.0,
2025-12-17,09:47:27.275000,5a,Toxicity,Original,,194.6424102783203,1.551197528839111,298.32379150390625,0.4302700757980346,0.5249038934707642,0.696123480796814,11.153897285461426,14.72040843963623,12.453768730163574,0.1689847260713577,0.1463510245084762,1.0197728872299194,10.61725902557373,0.0,0.0998746454715728,17.904348373413086,9.12724494934082,37.0,25.0,30.0,0.0,
2025-12-17,09:47:29.275000,5a,Toxicity,Original,,278.5175170898437,0.9829930663108826,270.962158203125,0.465709924697876,0.578917384147644,0.6543120741844177,11.153897285461426,14.916987419128418,12.060522079467772,0.1003964617848396,0.1164732426404953,1.023023009300232,6.406702041625977,0.0,0.0753344669938087,14.755823135375977,11.236492156982422,37.0,25.0,30.0,33.33333206176758,
2025-12-17,09:47:31.275000,5a,Toxicity,Original,,315.2408142089844,0.8769148588180542,274.6539001464844,0.3453934490680694,0.5234104990959167,0.7006430625915527,11.153897285461426,13.796225547790527,9.33755874633789,0.0994553565979003,0.0924224033951759,0.7810641527175903,7.739037036895752,0.0,0.0622230246663093,19.85381126403809,11.874032020568848,37.0,25.0,30.0,66.66666412353516,
2025-12-17,09:47:33.275000,5a,Toxicity,Original,,113.2729949951172,3.085612773895264,349.5166015625,0.2576665580272674,0.5089529156684875,0.8020450472831726,11.153897285461426,15.145105361938477,8.605847358703613,0.2903057336807251,0.2393880486488342,0.6411745548248291,16.00342559814453,0.0,0.1664425581693649,16.754793167114258,5.894306659698486,37.0,25.0,30.0,83.33333587646484,
2025-12-17,09:47:35.275000,5a,Toxicity,Original,,94.71338653564452,2.220264434814453,210.2887725830078,0.3839814662933349,0.5082656741142273,0.7887746691703796,11.153897285461426,11.08218479156494,10.12075138092041,0.3216140270233154,0.3118761479854584,0.5396202802658081,14.605782508850098,0.0,0.2143944799900055,18.507776260375977,4.040406703948975,37.0,25.0,30.0,0.0,
2025-12-17,09:47:37.275000,5a,Toxicity,Original,,97.38656616210938,1.7192180156707764,167.2666778564453,0.6653237342834473,0.5852965712547302,0.7632631063461304,11.153897285461426,8.01501178741455,10.584327697753906,0.3568164110183716,0.2593286633491516,0.8751288652420044,13.21636962890625,0.0,0.1741820573806762,22.43268203735352,4.906797409057617,37.0,25.0,30.0,66.66666412353516,
2025-12-17,09:47:39.275000,5a,Toxicity,Original,,133.60775756835938,1.998307943344116,263.6694641113281,0.4296847581863403,0.5145735740661621,0.7151591777801514,11.153897285461426,12.183355331420898,11.285228729248049,0.2663735151290893,0.199809044599533,0.9398930668830872,11.831907272338867,0.0,0.1379223316907882,19.431480407714844,6.742486953735352,37.0,25.0,30.0,0.0,
2025-12-17,09:47:41.275000,5a,Toxicity,Original,,272.0605163574219,1.0359532833099363,250.632080078125,0.4924964904785156,0.539874792098999,0.7063480615615845,11.153897285461426,12.013591766357422,11.088582038879396,0.1294086277484893,0.1110481992363929,0.9275268912315368,6.647778511047363,0.0,0.0739503726363182,16.82324981689453,10.444014549255373,37.0,25.0,30.0,30.0,
2025-12-17,09:47:43.275000,5a,Toxicity,Original,,234.632568359375,1.147325873374939,256.0609130859375,0.4475159645080566,0.544507622718811,0.705951452255249,11.153897285461426,12.871000289916992,10.64997100830078,0.1433958411216735,0.1255527287721634,0.9131736755371094,8.243675231933594,0.0,0.0841213315725326,15.17778205871582,9.598523139953612,37.0,25.0,30.0,16.66666603088379,
2025-12-17,09:47:49.275000,5a,Toxicity,Original,,95.57438659667967,2.7245190143585205,260.39422607421875,0.4222800731658935,0.5100303888320923,0.6663682460784912,11.153897285461426,10.369388580322266,9.647557258605955,0.3696677386760711,0.2581155300140381,0.6122914552688599,12.612072944641112,7.563760757446289,0.1821378320455551,20.279327392578125,5.294954776763916,37.0,25.0,30.0,75.0,
2025-12-17,09:47:53.275000,5a,Toxicity,Original,,150.30679321289062,1.7575407028198242,254.3939514160156,0.4275250434875488,0.5626373887062073,0.7174288630485535,11.153897285461426,13.476694107055664,11.00148868560791,0.2122920453548431,0.2052853107452392,0.9263741970062256,11.633840560913086,0.0,0.1359792202711105,16.32177734375,9.091819763183594,37.0,25.0,30.0,64.28571319580078,
2025-12-17,09:47:57.275000,5a,Toxicity,Original,,104.1043472290039,2.196965217590332,227.86663818359372,0.5442049503326416,0.5948780179023743,0.707935094833374,11.153897285461426,9.967456817626951,9.71729850769043,0.3390834927558899,0.2377251833677292,0.7896977066993713,12.10704231262207,0.0,0.1597549021244049,17.827489852905273,6.836138725280762,37.0,25.0,30.0,42.85714340209961,
2025-12-17,09:48:01.275000,5a,Toxicity,Original,,210.33306884765625,1.25036883354187,254.9205322265625,0.5644242763519287,0.5181247591972351,0.7122782468795776,11.153897285461426,12.24610996246338,13.921422958374023,0.1609912663698196,0.1413127481937408,1.1515222787857056,10.314116477966309,0.0,0.0974358320236206,18.136857986450195,9.135788917541504,37.0,25.0,30.0,30.0,
2025-12-17,09:48:03.275000,5a,Toxicity,Original,,275.15655517578125,0.9826408624649048,260.5196838378906,0.5044256448745728,0.52892005443573,0.7150216698646545,11.153897285461426,13.448278427124023,13.010765075683594,0.1096368134021759,0.1153143718838691,1.0866689682006836,7.092202663421631,0.0,0.0775703191757202,16.61727523803711,10.814478874206545,37.0,25.0,30.0,22.22222137451172,
2025-12-17,09:48:05.275000,5a,Toxicity,Original,,176.37960815429688,1.5711612701416016,269.5625,0.4316970705986023,0.5343805551528931,0.7129690647125244,11.153897285461426,13.565093994140623,11.2875337600708,0.1815635859966278,0.1640329509973526,0.9582449197769164,8.052437782287598,0.0,0.109989620745182,16.74380874633789,7.941003799438477,37.0,25.0,30.0,0.0,
2025-12-17,09:48:07.275000,5a,Toxicity,Original,,103.578857421875,2.04880166053772,212.4205017089844,0.4827750325202942,0.6036009788513184,0.6978930234909058,11.153897285461426,10.030920028686523,9.004965782165527,0.3187372088432312,0.2610167860984802,0.7522549033164978,11.565953254699709,0.0,0.1705917865037918,16.539939880371094,8.760329246520996,37.0,25.0,30.0,0.0,
2025-12-17,09:48:09.275000,5a,Toxicity,Original,,102.89608001708984,1.9896305799484253,204.72198486328125,0.5490458011627197,0.5964751839637756,0.8108432292938232,11.153897285461426,9.74234390258789,10.032671928405762,0.3201528787612915,0.2630310952663421,0.8020212054252625,11.099719047546388,0.0,0.1720492392778396,15.672894477844238,4.838903427124023,37.0,25.0,30.0,0.0,
2025-12-17,09:48:11.275000,5a,Toxicity,Original,,133.6677703857422,1.7225970029830933,227.5194396972656,0.5247284173965454,0.5185607075691223,0.6329968571662903,11.153897285461426,11.406790733337402,11.879844665527344,0.26424440741539,0.2401227802038192,0.9792385697364808,9.467473030090332,0.0,0.1687411218881607,16.894535064697266,6.9330034255981445,37.0,25.0,30.0,0.0,
2025-12-17,09:48:13.275000,5a,Toxicity,Original,,163.5263671875,1.4838435649871826,243.55322265625,0.268734723329544,0.6099206209182739,0.7763751745223999,11.153897285461426,15.784286499023438,6.808608055114746,0.1821366101503372,0.1855223178863525,0.5016681551933289,7.395875930786133,0.0,0.1178971976041793,8.215262413024902,13.078237533569336,37.0,25.0,30.0,50.0,
2025-12-17,09:48:15.275000,5a,Toxicity,Original,,144.2957763671875,1.6471641063690186,237.70230102539065,0.4424583613872528,0.6314794421195984,0.6074268817901611,11.153897285461426,12.66704273223877,8.496496200561523,0.2003914266824722,0.2159309536218643,0.705018162727356,8.974797248840332,0.0,0.1362097412347793,10.00290870666504,12.456771850585938,37.0,25.0,30.0,0.0,
2025-12-17,09:48:17.275000,5a,Toxicity,Original,,139.53662109375,1.6413798332214355,229.24752807617188,0.5951734781265259,0.6283494234085083,0.6043216586112976,11.153897285461426,11.060662269592283,10.263269424438477,0.2167685478925705,0.2147869914770126,0.875586986541748,9.617438316345217,0.0,0.1361737847328186,11.457613945007324,11.083663940429688,37.0,25.0,30.0,0.0,
2025-12-17,09:48:19.275000,5a,Toxicity,Original,,281.69989013671875,0.9122064709663392,252.39366149902344,0.5430855751037598,0.570732831954956,0.6671273708343506,11.153897285461426,12.392623901367188,11.623834609985352,0.1103265434503555,0.1053628697991371,0.990903377532959,6.018925666809082,0.0,0.0686969980597496,14.978692054748535,11.822565078735352,37.0,25.0,30.0,10.0,
2025-12-17,09:48:21.275000,5a,Toxicity,Original,,347.1121520996094,0.8505035638809204,294.0487060546875,0.5273831486701965,0.6071303486824036,0.6231231689453125,11.153897285461426,14.41041374206543,12.314669609069824,0.0907104089856147,0.0835925266146659,1.0688953399658203,4.767286777496338,0.0,0.0530035383999347,14.627852439880373,12.60988426208496,37.0,25.0,30.0,36.3636360168457,
2025-12-17,09:48:23.275000,5a,Toxicity,Original,,356.9687805175781,0.7291820049285889,258.9032592773437,0.5683701038360596,0.6237233281135559,0.5577999353408813,11.153897285461426,13.545783996582031,12.216062545776367,0.082210324704647,0.0866559594869613,1.0848277807235718,4.677855491638184,0.0,0.0542383939027786,14.59032154083252,12.564360618591309,37.0,25.0,30.0,16.66666603088379,
2025-12-17,09:48:25.275000,5a,Toxicity,Original,,376.6344909667969,0.8107360601425171,301.6661376953125,0.4140225052833557,0.5879536271095276,0.6274993419647217,11.153897285461426,14.521845817565918,10.232990264892578,0.0868468880653381,0.0745038464665412,0.893291711807251,6.058487415313721,0.0,0.04802156239748,17.583707809448242,11.907259941101074,37.0,25.0,30.0,22.22222137451172,
2025-12-17,09:48:27.275000,5a,Toxicity,Original,,263.8723449707031,1.0157482624053955,259.40875244140625,0.5574440956115723,0.5709726214408875,0.6704288125038147,11.153897285461426,12.41202449798584,12.112737655639648,0.1277521550655365,0.1140962019562721,1.0488206148147583,8.156854629516602,0.0,0.0750997811555862,16.69009017944336,11.618593215942385,37.0,25.0,30.0,50.0,
2025-12-17,09:48:29.275000,5a,Toxicity,Original,,293.9150390625,0.956741452217102,277.15972900390625,0.5817425847053528,0.5836185216903687,0.6173955202102661,11.153897285461426,13.64163303375244,13.20421314239502,0.1039030402898788,0.1014693230390548,1.1436845064163208,5.983381271362305,0.0,0.0654448717832565,15.151342391967772,12.39210605621338,37.0,25.0,30.0,28.571428298950195,
2025-12-17,09:48:31.275000,5a,Toxicity,Original,,191.4624481201172,1.4878993034362793,267.9315185546875,0.4344356060028076,0.4994717836380005,0.7429627776145935,11.153897285461426,12.950024604797363,10.780019760131836,0.1827782243490219,0.1658874452114105,0.8834438920021057,12.62279224395752,0.0,0.1154361814260482,16.157140731811523,9.029001235961914,37.0,25.0,30.0,50.0,
2025-12-17,09:48:33.275000,5a,Toxicity,Original,,397.91400146484375,0.689203679561615,263.6421203613281,0.6296769976615906,0.6295098066329956,0.6006066799163818,11.153897285461426,13.26641845703125,12.8104248046875,0.0792406275868415,0.0751934647560119,1.127048373222351,4.838802337646484,0.0,0.0469519309699535,16.1552677154541,13.224300384521484,37.0,25.0,30.0,50.0,
2025-12-17,09:48:35.275000,5a,Toxicity,Original,,359.9521789550781,0.6326799392700195,222.70887756347656,0.4517787098884582,0.7635593414306641,0.2594951689243316,11.153897285461426,12.813807487487791,7.075397968292236,0.0738602429628372,0.0943897143006324,0.538058876991272,3.4283173084259038,0.0,0.0541439838707447,9.490609169006348,12.083314895629885,37.0,25.0,30.0,78.57142639160156,
2025-12-17,09:48:37.275000,5a,Toxicity,Original,,258.3239440917969,1.238675236701965,311.9149475097656,0.3924623727798462,0.5677686929702759,0.6725041270256042,11.153897285461426,15.69711685180664,10.457775115966797,0.1152744442224502,0.1244595274329185,0.90667986869812,6.969238758087158,0.0,0.0841318145394325,17.686233520507812,10.45078945159912,37.0,25.0,30.0,25.0,
2025-12-17,09:48:39.275000,5a,Toxicity,Original,,301.74981689453125,1.0231163501739502,303.9138488769531,0.5059902667999268,0.5833975672721863,0.6853668689727783,11.153897285461426,14.927571296691896,12.884925842285156,0.1083673387765884,0.0922819972038269,1.0958307981491089,6.792767524719238,0.0,0.059785284101963,16.670454025268555,10.933889389038086,37.0,25.0,30.0,50.0,
2025-12-17,09:48:41.275000,5a,Toxicity,Original,,118.32452392578124,1.873156189918518,220.58590698242188,0.4372680783271789,0.6472055912017822,0.6922953128814697,11.153897285461426,11.481395721435549,9.262168884277344,0.2430698126554489,0.2644624710083008,0.7148023843765259,11.484350204467772,0.0,0.166793093085289,11.552108764648438,11.046034812927246,37.0,25.0,30.0,66.66666412353516,
2025-12-17,09:48:43.275000,5a,Toxicity,Original,,112.27595520019533,2.2822635173797607,256.32354736328125,0.445174902677536,0.6211532354354858,0.6400778293609619,11.153897285461426,11.357752799987791,8.267965316772461,0.2826919853687286,0.2530616521835327,0.6998094916343689,11.573991775512695,0.0,0.161488190293312,13.462757110595703,9.529630661010742,37.0,25.0,30.0,25.0,
2025-12-17,09:48:45.275000,5a,Toxicity,Original,,117.8035888671875,1.6201274394989014,190.96185302734372,0.6737796664237976,0.5724160075187683,0.6830909252166748,11.153897285461426,8.874974250793457,11.20981216430664,0.2525168359279632,0.2569715976715088,0.9324607849121094,10.506917953491213,0.0,0.1690548658370971,13.165159225463867,8.130572319030762,37.0,25.0,30.0,0.0,
2025-12-17,09:48:47.275000,5a,Toxicity,Original,,204.27980041503903,1.4006695747375488,260.91070556640625,0.513225793838501,0.5431348085403442,0.7138369679450989,11.153897285461426,12.587181091308594,12.300923347473145,0.1756368577480316,0.1622240096330642,1.0127594470977783,8.489800453186035,0.0,0.1095448806881904,14.755708694458008,10.161596298217772,37.0,25.0,30.0,28.571428298950195,
2025-12-17,09:48:49.275000,5a,Toxicity,Original,,402.61334228515625,0.6646631360054016,266.3519287109375,0.5999119281768799,0.6337717771530151,0.5737897157669067,11.153897285461426,13.070239067077637,12.249003410339355,0.0773890614509582,0.0727858990430831,1.081201434135437,4.506147861480713,0.0,0.0453421212732791,16.171541213989258,13.173952102661133,37.0,25.0,30.0,26.66666603088379,
2025-12-17,09:48:51.275000,5a,Toxicity,Original,,373.2488403320313,0.5351675152778625,199.6441802978516,0.532276451587677,0.525949239730835,0.6922140717506409,11.153897285461426,12.308835983276367,11.293089866638184,0.0703591927886009,0.1012373268604278,0.9711856245994568,5.3515448570251465,0.0,0.0711553171277046,17.782033920288086,9.734627723693848,37.0,25.0,30.0,75.0,
2025-12-17,09:48:53.275000,5a,Toxicity,Original,,182.644287109375,1.7217007875442505,302.5639343261719,0.3514257669448852,0.5071843862533569,0.796673595905304,11.153897285461426,15.415482521057127,11.855743408203123,0.1875592172145843,0.1549137085676193,0.9868599772453308,12.139039993286133,0.0,0.1059943810105323,19.82331657409668,9.695667266845703,37.0,25.0,30.0,25.0,
2025-12-17,09:48:55.275000,5a,Toxicity,Original,,298.968505859375,0.9357274770736694,227.86024475097656,0.4755377471446991,0.5153915882110596,0.715815007686615,11.153897285461426,12.108108520507812,12.00610065460205,0.1320439875125885,0.1175886318087577,0.9755282998085022,9.317062377929688,0.0,0.0826316997408866,21.151145935058597,9.895784378051758,37.0,25.0,30.0,58.33333206176758,
2025-12-17,09:48:57.275000,5a,Toxicity,Original,,338.44610595703125,0.7380567789077759,245.84312438964844,0.5215760469436646,0.5991666316986084,0.6125403046607971,11.153897285461426,12.386507034301758,10.659380912780762,0.094007983803749,0.0850251168012619,0.934042513370514,5.655784606933594,0.0,0.0545752979815006,16.914710998535156,12.522520065307615,37.0,25.0,30.0,77.77777862548828,
2025-12-17,09:48:59.275000,5a,Toxicity,Original,,338.56304931640625,0.7597528100013733,251.52407836914065,0.5468466281890869,0.5599018335342407,0.6274831891059875,11.153897285461426,12.549741744995115,11.757893562316896,0.0968128591775894,0.0887817740440368,0.979000449180603,6.382866859436035,0.0,0.0608352869749069,16.48117446899414,13.300853729248049,37.0,25.0,30.0,36.3636360168457,
2025-12-17,09:49:01.275000,5a,Toxicity,Original,,239.62928771972656,1.2056028842926023,264.1454162597656,0.5183324813842773,0.545268177986145,0.6341032981872559,11.153897285461426,12.755194664001465,12.440279960632324,0.1439774334430694,0.1237846463918685,1.0701812505722046,8.069528579711914,0.0,0.0826462432742118,16.749225616455078,10.447540283203123,37.0,25.0,30.0,37.5,
2025-12-17,09:49:03.275000,5a,Toxicity,Original,,313.79150390625,0.7913158535957336,241.45724487304688,0.6804419159889221,0.6081129312515259,0.5720841884613037,11.153897285461426,11.975414276123049,13.137633323669434,0.102955974638462,0.0936135798692703,1.1591176986694336,6.389395713806152,0.0,0.0595928356051445,16.389835357666016,12.830291748046877,37.0,25.0,30.0,30.0,
2025-12-17,09:49:05.275000,5a,Toxicity,Original,,352.53680419921875,0.7834445238113403,268.3790283203125,0.5322741866111755,0.6099408268928528,0.5976814031600952,11.153897285461426,12.784122467041016,10.870354652404783,0.0911327674984932,0.0807474106550216,0.9235641360282898,5.223603248596191,0.0,0.0511958971619606,15.777104377746582,12.441068649291992,37.0,25.0,30.0,46.153846740722656,
2025-12-17,09:49:07.275000,5a,Toxicity,Original,,345.72509765625,0.8415705561637878,289.0084533691406,0.5743815898895264,0.6166085600852966,0.5701392889022827,11.153897285461426,14.285295486450195,12.910791397094728,0.0910078808665275,0.0832167118787765,1.1320443153381348,5.986144065856934,0.0,0.0525333434343338,16.813064575195312,12.723587036132812,37.0,25.0,30.0,25.0,
2025-12-17,09:49:09.275000,5a,Toxicity,Original,,272.7242431640625,1.0743002891540527,258.6290588378906,0.4632528722286224,0.5461423993110657,0.6924471855163574,11.153897285461426,13.653472900390623,12.105233192443848,0.1314622908830642,0.1217313483357429,1.028733491897583,9.215484619140623,0.0,0.081785574555397,18.173240661621094,11.099348068237305,37.0,25.0,30.0,40.0,
2025-12-17,09:49:11.275000,5a,Toxicity,Original,,347.2586364746094,0.828618049621582,280.4131164550781,0.5349891185760498,0.5872308611869812,0.6467820405960083,11.153897285461426,13.005709648132324,11.646184921264648,0.097120352089405,0.0798886269330978,1.003247857093811,6.277920722961426,0.0,0.0516766346991062,17.974321365356445,12.216500282287598,37.0,25.0,30.0,41.66666793823242,
2025-12-17,09:49:13.275000,5a,Toxicity,Original,,323.3451843261719,0.7625204920768738,244.20494079589844,0.6578629612922668,0.6083375811576843,0.5871279239654541,11.153897285461426,12.008703231811523,12.827337265014648,0.0988899990916252,0.0882007479667663,1.1392545700073242,5.841327667236328,0.0,0.0560253299772739,16.579505920410156,12.39549160003662,37.0,25.0,30.0,50.0,
2025-12-17,09:49:15.275000,5a,Toxicity,Original,,293.0107421875,1.1854485273361206,342.3805236816406,0.4146561920642853,0.611687421798706,0.543384313583374,11.153897285461426,16.541790008544922,11.213098526000977,0.1092656105756759,0.0978246256709098,0.9814806580543518,6.46800422668457,0.0,0.0623876750469207,15.793049812316896,12.505596160888672,37.0,25.0,30.0,25.0,
2025-12-17,09:49:17.275000,5a,Toxicity,Original,,80.66341400146484,2.9378702640533447,203.320556640625,3.623549461364746,1.8807302713394165,0.4375993311405182,11.153897285461426,11.476396560668944,16.73790168762207,0.4272814691066742,0.4194510877132416,0.9626116752624512,7.942057132720947,79.4671401977539,0.1601797938346862,8.747335433959961,7.888815879821777,37.0,25.0,30.0,66.66666412353516,
2025-12-17,09:49:19.275000,5a,Toxicity,Original,,219.81222534179688,1.2593296766281128,252.3818359375,0.8881819248199463,1.1766459941864014,0.4259019792079925,11.153897285461426,16.40456771850586,11.897209167480469,0.1404033154249191,0.1707512289285659,1.0227868556976318,5.327452659606934,8.165179252624512,0.0855942443013191,8.249129295349121,22.50743865966797,37.0,25.0,30.0,14.285714149475098,
2025-12-17,09:49:21.275000,5a,Toxicity,Original,,108.12103271484376,1.776120662689209,191.7142639160156,0.4550835490226745,0.6008403301239014,0.6933249235153198,11.153897285461426,10.739253044128418,8.988112449645996,0.2553713619709015,0.3026517331600189,0.7240244746208191,8.90430736541748,0.0,0.1936782151460647,9.25367546081543,10.17357349395752,37.0,25.0,30.0,0.0,
2025-12-17,09:49:23.275000,5a,Toxicity,Original,,120.78097534179688,1.7892524003982544,215.9563446044922,0.5190501809120178,0.6887525916099548,0.7904459834098816,11.153897285461426,10.802131652832031,8.34569263458252,0.2445369958877563,0.2524588108062744,0.6883836984634399,8.49311351776123,0.0,0.1537352055311203,10.416263580322266,10.940425872802734,37.0,25.0,30.0,0.0,
2025-12-17,09:49:25.275000,5a,Toxicity,Original,,256.1821594238281,1.0942776203155518,245.6844787597656,0.5572549700737,0.5649598836898804,0.7121875882148743,11.153897285461426,11.730385780334473,11.763154029846191,0.1446964591741562,0.1330483555793762,0.9850813746452332,6.9648919105529785,0.0,0.0876088738441467,15.69719123840332,10.959778785705566,37.0,25.0,30.0,22.22222137451172,
2025-12-17,09:49:27.275000,5a,Toxicity,Original,,310.0452880859375,0.852751612663269,262.7471618652344,0.5020513534545898,0.5798676609992981,0.6842291355133057,11.153897285461426,13.025785446166992,11.445740699768066,0.0999467968940734,0.0958850905299186,0.9590288996696472,5.766956806182861,0.0,0.0622041299939155,15.82777976989746,11.875750541687012,37.0,25.0,30.0,10.0,
2025-12-17,09:49:29.275000,5a,Toxicity,Original,,325.89031982421875,0.8711789846420288,282.2246398925781,0.5571572780609131,0.6161218285560608,0.62937992811203,11.153897285461426,13.356359481811523,11.982271194458008,0.1017198488116264,0.0856150537729263,1.0556693077087402,5.87440824508667,0.0,0.0539100244641304,16.36789321899414,13.527945518493652,37.0,25.0,30.0,66.66666412353516,
2025-12-17,09:49:31.275000,5a,Toxicity,Original,,204.2003936767578,1.5455377101898191,289.5623474121094,0.338479608297348,0.5344963073730469,0.8109605312347412,11.153897285461426,15.245831489562988,9.88117218017578,0.1633951514959335,0.14970663189888,0.7847763895988464,9.336082458496094,0.0,0.1008760184049606,14.316362380981444,9.67737102508545,37.0,25.0,30.0,57.14285659790039,
2025-12-17,09:49:33.275000,5a,Toxicity,Original,,106.16194915771484,1.8911592960357664,202.2146453857422,0.6628736257553101,0.7389064431190491,0.5159977674484253,11.153897285461426,10.175042152404783,8.245475769042969,0.2638924717903137,0.3031221926212311,0.7026292085647583,8.320103645324707,0.0,0.1793447732925415,8.816596984863281,11.529637336730955,37.0,25.0,30.0,0.0,
2025-12-17,09:49:35.275000,5a,Toxicity,Original,,113.93238067626952,1.5067816972732544,170.92568969726562,0.6532322764396667,0.6534389853477478,0.6091789603233337,11.153897285461426,9.248161315917969,9.824567794799805,0.2583264410495758,0.2695803344249725,0.8109651207923889,9.495920181274414,0.0,0.1700635701417923,13.799251556396484,9.790153503417969,37.0,25.0,30.0,0.0,
2025-12-17,09:49:37.275000,5a,Toxicity,Original,,273.1838684082031,1.0016244649887085,245.49459838867188,0.5012611746788025,0.5411630868911743,0.7167550921440125,11.153897285461426,11.427700996398926,10.775107383728027,0.1385879963636398,0.1041003689169883,0.9152035117149352,6.812970161437988,0.0,0.0702626705169677,16.36698341369629,10.005670547485352,37.0,25.0,30.0,50.0,
2025-12-17,09:49:39.275000,5a,Toxicity,Original,,312.047119140625,0.8913944363594055,254.6908264160156,0.6386861801147461,0.6643134951591492,0.5711159706115723,11.153897285461426,12.662899017333984,11.61981964111328,0.1046805903315544,0.0969575196504592,1.0013368129730225,5.305464744567871,0.0,0.059961974620819,13.92705249786377,12.283584594726562,37.0,25.0,30.0,60.0,
2025-12-17,09:49:41.275000,5a,Toxicity,Original,,316.8928527832031,0.902145504951477,283.581787109375,0.540671169757843,0.6263551712036133,0.6082442402839661,11.153897285461426,14.572470664978027,12.8480863571167,0.0989010035991668,0.0919095128774643,1.1106526851654053,6.554525852203369,0.0,0.0577978193759918,17.558610916137695,13.446107864379885,37.0,25.0,30.0,16.66666603088379,
2025-12-17,09:49:43.275000,5a,Toxicity,Original,,122.2863311767578,2.0787665843963623,254.20474243164065,0.4113796651363373,0.7289639115333557,0.5716488361358643,11.153897285461426,12.27076530456543,7.5733466148376465,0.2562420964241028,0.2344096451997757,0.6740780472755432,13.410319328308104,0.0,0.1409082561731338,12.447579383850098,15.354565620422363,37.0,25.0,30.0,66.66666412353516,
2025-12-17,09:49:45.275000,5a,Toxicity,Original,,300.3586730957031,0.9868810772895812,271.017578125,0.5490363240242004,0.5935357809066772,0.6210117340087891,11.153897285461426,12.296998977661133,10.818438529968262,0.1274960935115814,0.0886274129152298,0.91386079788208,5.32105827331543,0.0,0.0574092678725719,13.148198127746582,11.026114463806152,37.0,25.0,30.0,66.66666412353516,
2025-12-17,09:49:47.275000,5a,Toxicity,Original,,312.5409545898437,0.8197194337844849,247.30332946777344,0.6181540489196777,0.5946810841560364,0.6404720544815063,11.153897285461426,11.605329513549805,11.956857681274414,0.1124614849686622,0.0914184972643852,1.0355175733566284,6.476965427398682,0.0,0.0589852817356586,16.940805435180664,11.818275451660156,37.0,25.0,30.0,28.571428298950195,
2025-12-17,09:49:49.275000,5a,Toxicity,Original,,99.81298828125,1.748976469039917,174.570556640625,0.7181755900382996,0.9419023394584656,0.901939868927002,11.153897285461426,10.493123054504396,6.895729064941406,0.2485507726669311,0.3525733947753906,0.466555118560791,9.42102336883545,0.0,0.1867209374904632,4.794212818145752,14.445711135864258,37.0,25.0,30.0,80.0,
2025-12-17,09:49:51.275000,5a,Toxicity,Original,,102.65631103515624,2.3326590061187744,239.4671936035156,0.4772959053516388,0.7805541157722473,0.3924085199832916,11.153897285461426,11.01605987548828,6.395278930664063,0.3041360080242157,0.2803550362586975,0.5327925682067871,8.63919734954834,0.0,0.1622641235589981,11.123135566711426,11.721073150634766,37.0,25.0,30.0,50.0,
2025-12-17,09:49:53.275000,5a,Toxicity,Original,,162.8427276611328,1.7509173154830933,259.120849609375,0.4496536254882812,0.541352391242981,0.7882443070411682,11.153897285461426,10.997185707092283,10.38048267364502,0.2389003932476043,0.1876657158136367,0.7604813575744629,8.345254898071289,0.0,0.1266812831163406,13.36879825592041,6.390054702758789,37.0,25.0,30.0,0.0,
2025-12-17,09:49:55.275000,5a,Toxicity,Original,,223.37094116210935,1.0410014390945437,231.4825439453125,0.5551366806030273,0.5355290770530701,0.7003871202468872,11.153897285461426,11.475174903869627,12.649210929870604,0.1543579548597335,0.116187460720539,1.0254805088043213,35.0684700012207,0.0,0.0777793154120445,11.462006568908691,8.04857349395752,37.0,25.0,30.0,75.0,
2025-12-17,09:49:57.275000,5a,Toxicity,Original,,289.148681640625,1.1502058506011963,289.7006225585937,0.5086017847061157,0.568832516670227,0.639678955078125,11.153897285461426,14.017942428588867,12.233094215393066,0.1235979795455932,0.1007757633924484,1.036463737487793,8.001052856445312,0.0,0.0669934004545211,17.814693450927734,11.715721130371094,37.0,25.0,30.0,25.0,
2025-12-17,09:49:59.275000,5a,Toxicity,Original,,312.88433837890625,0.7894407510757446,240.9183349609375,0.4846382141113281,0.5909216403961182,0.6263273358345032,11.153897285461426,12.631939888000488,10.5665864944458,0.0960349664092063,0.099091812968254,0.9079256653785706,6.168216705322266,0.0,0.0642004087567329,16.763080596923828,12.944127082824709,37.0,25.0,30.0,33.33333206176758,
2025-12-17,09:50:01.275000,5a,Toxicity,Original,,189.83448791503903,1.8605835437774656,325.0711364746094,0.3868533670902252,0.5010322332382202,0.7260524034500122,11.153897285461426,16.192127227783203,13.144909858703612,0.1775801628828048,0.1555375754833221,1.0681027173995972,9.362953186035156,0.0,0.1069132164120674,16.62615394592285,7.819694519042969,37.0,25.0,30.0,70.0,
2025-12-17,09:50:03.275000,5a,Toxicity,Original,,170.5603790283203,1.6861292123794556,259.2880859375,0.4003607928752899,0.618497371673584,0.795717716217041,11.153897285461426,13.179235458374023,9.004310607910156,0.2024679481983184,0.2000293135643005,0.6511696577072144,9.363909721374512,0.0,0.1259503662586212,12.711925506591797,10.196602821350098,37.0,25.0,30.0,50.0,
2025-12-17,09:50:05.275000,5a,Toxicity,Original,,178.15200805664062,1.575318455696106,243.0431060791016,0.5923246741294861,0.5257043838500977,0.7689535617828369,11.153897285461426,11.516253471374512,13.040583610534668,0.2197965383529663,0.1858788877725601,1.0106674432754517,9.519967079162598,0.0,0.1255760639905929,14.27843952178955,8.49602222442627,37.0,25.0,30.0,50.0,
2025-12-17,09:50:07.275000,5a,Toxicity,Original,,312.03399658203125,0.7672168016433716,222.6079559326172,0.549575686454773,0.579585075378418,0.6359249949455261,11.153897285461426,11.20281982421875,10.646812438964844,0.1084479466080665,0.0960349664092063,0.9102267026901244,7.10802698135376,0.0,0.0626164078712463,17.149250030517578,12.073322296142578,37.0,25.0,30.0,36.3636360168457,
2025-12-17,09:50:09.275000,5a,Toxicity,Original,,375.2513427734375,0.6714457869529724,244.9907684326172,0.5816984176635742,0.6108676195144653,0.6000932455062866,11.153897285461426,12.08862018585205,11.224005699157717,0.0880789533257484,0.074515551328659,0.9864598512649536,5.561580657958984,0.0,0.0471847355365753,18.172313690185547,14.20994758605957,37.0,25.0,30.0,42.85714340209961,
2025-12-17,09:50:11.275000,5a,Toxicity,Original,,276.7486572265625,1.2612320184707642,308.91082763671875,0.4368463158607483,0.5878900289535522,0.6298171281814575,11.153897285461426,15.912857055664062,13.086347579956056,0.148677796125412,0.0980436354875564,1.1152302026748655,7.108436584472656,0.0,0.0642448663711547,21.612327575683597,10.034027099609377,37.0,25.0,30.0,80.0,
2025-12-17,09:50:13.275000,5a,Toxicity,Original,,306.8041076660156,0.8181424736976624,246.68890380859372,0.5469406247138977,0.5767396688461304,0.6556565761566162,11.153897285461426,12.927510261535645,12.650141716003418,0.1021758839488029,0.1049136966466903,1.0579352378845217,7.550967216491699,0.0,0.0698730945587158,17.54060935974121,11.762079238891602,37.0,25.0,30.0,57.14285659790039,
2025-12-17,09:50:15.275000,5a,Toxicity,Original,,95.67242431640624,2.1165666580200195,200.41635131835935,0.3157187402248382,0.5282815098762512,0.8158777356147766,11.153897285461426,10.729013442993164,6.624889850616455,0.2861911058425903,0.3582363128662109,0.4640167951583862,8.815184593200684,0.0,0.2528099417686462,15.71627712249756,5.864432334899902,37.0,25.0,30.0,25.0,
2025-12-17,09:50:17.275000,5a,Toxicity,Original,,102.88202667236328,1.7060868740081787,174.67881774902344,0.6583994030952454,0.699761688709259,0.7035011053085327,11.153897285461426,8.543732643127441,8.34869384765625,0.2903592884540558,0.2934900224208832,0.7059018015861511,10.104111671447754,0.0,0.1805864572525024,13.158028602600098,9.493446350097656,37.0,25.0,30.0,25.0,
2025-12-17,09:50:19.275000,5a,Toxicity,Original,,277.5901184082031,0.9744340181350708,237.38052368164065,0.5386601686477661,0.5633320808410645,0.6636245250701904,11.153897285461426,11.509032249450684,11.570695877075195,0.1458516418933868,0.1153452470898628,0.9153257012367249,6.671089172363281,0.0,0.077572651207447,16.798458099365234,9.388708114624023,37.0,25.0,30.0,37.5,
2025-12-17,09:50:21.275000,5a,Toxicity,Original,,303.18084716796875,0.8002009391784668,242.1923828125,0.5663639903068542,0.5849394798278809,0.6443793177604675,11.153897285461426,12.559260368347168,12.233421325683594,0.1029572635889053,0.0959558114409446,1.033600091934204,7.028604984283447,0.0,0.0621330998837947,18.033248901367188,12.453490257263184,37.0,25.0,30.0,33.33333206176758,
2025-12-17,09:50:23.275000,5a,Toxicity,Original,,201.18006896972656,1.494460105895996,254.1867828369141,0.411826878786087,0.5785605907440186,0.7567973136901855,11.153897285461426,13.669282913208008,10.287408828735352,0.1766247153282165,0.18830107152462,0.8200966715812683,10.594427108764648,0.0,0.1226239651441574,16.35597038269043,10.676753997802734,37.0,25.0,30.0,42.85714340209961,
2025-12-17,09:50:25.275000,5a,Toxicity,Original,,152.82205200195312,1.8434842824935915,266.6298217773437,0.4655132293701172,0.4830574095249176,0.8093240857124329,11.153897285461426,11.739108085632324,12.989712715148926,0.251240998506546,0.1615883111953735,1.0055723190307615,9.6665620803833,0.0,0.1134206727147102,16.4668025970459,4.559060096740723,37.0,25.0,30.0,62.5,
2025-12-17,09:50:27.275000,5a,Toxicity,Original,,443.699462890625,0.527093768119812,234.26339721679688,0.7274543642997742,0.6558289527893066,0.5805062651634216,11.153897285461426,11.305838584899902,12.442668914794922,0.074153259396553,0.0613302364945411,1.1013424396514893,4.645936012268066,0.0,0.0377309210598468,17.110132217407227,15.007787704467772,37.0,25.0,30.0,45.45454406738281,
2025-12-17,09:50:29.275000,5a,Toxicity,Original,,316.7011413574219,0.7788207530975342,246.6533966064453,0.4104641079902649,0.648072361946106,0.6526865363121033,11.153897285461426,11.840174674987791,7.679554462432861,0.1005895882844924,0.0888634845614433,0.6716703176498413,5.172417163848877,0.0,0.0549544654786586,14.450757026672363,14.851766586303713,37.0,25.0,30.0,90.90908813476562,
2025-12-17,09:50:31.275000,5a,Toxicity,Original,,269.8158264160156,1.1385657787322998,258.8311462402344,0.5080438852310181,0.5728878974914551,0.6798080801963806,11.153897285461426,13.109823226928713,11.825109481811523,0.1342291682958603,0.115056924521923,0.9693844318389891,6.72340202331543,0.0,0.0758519917726516,18.23050880432129,10.30206298828125,37.0,25.0,30.0,44.44444274902344,
2025-12-17,09:50:33.275000,5a,Toxicity,Original,,270.2584228515625,1.0144187211990356,270.8739624023437,0.5430572628974915,0.5648987293243408,0.6350786685943604,11.153897285461426,12.809728622436523,12.462604522705078,0.1250303387641906,0.0990845263004303,1.076023817062378,8.429281234741211,0.0,0.0653880909085273,20.267263412475582,12.351265907287598,37.0,25.0,30.0,33.33333206176758,
2025-12-17,09:50:37.275000,5a,Toxicity,Original,,195.42616271972656,1.44692063331604,226.08819580078125,0.4250079989433288,0.6216298341751099,0.7666820883750916,11.153897285461426,11.754656791687012,8.13110065460205,0.1825122535228729,0.2257570177316665,0.6573193669319153,7.761826038360596,0.0,0.1404655277729034,11.19349193572998,9.292503356933594,37.0,25.0,30.0,55.55555725097656,
2025-12-17,09:50:39.275000,5a,Toxicity,Original,,334.3974609375,0.6951155066490173,231.3762664794922,0.6446677446365356,0.656887948513031,0.4936699867248535,11.153897285461426,12.794182777404783,12.066436767578123,0.087624467909336,0.0927372500300407,1.070676565170288,5.688929557800293,0.0,0.0569758787751197,16.878761291503906,13.452619552612305,37.0,25.0,30.0,40.0,
2025-12-17,09:50:41.275000,5a,Toxicity,Original,,144.10562133789062,1.543639898300171,218.9554443359375,0.5251016616821289,0.4944427609443664,0.7152858376502991,11.153897285461426,9.896503448486328,11.108479499816896,0.2569411993026733,0.179090529680252,0.9279990196228028,57.04218292236328,0.0,0.1243467330932617,10.597393035888672,6.407341003417969,37.0,25.0,30.0,80.0,
2025-12-17,09:50:41.275000,FinePointe Series WBP [SN 10499C]  Site 2 Bias Flow is out of range.,,,,,,,,,,,,,,,,,,,,,,,,,
2025-12-17,09:50:43.275000,5a,Toxicity,Original,,370.3103637695313,0.5946094393730164,218.88351440429688,0.5925486087799072,0.6028130650520325,0.6313342452049255,11.153897285461426,11.664624214172363,11.572148323059082,0.0817002356052398,0.0811836346983909,1.0098590850830078,6.063034534454346,0.0,0.0517474934458732,18.746944427490234,14.950961112976074,37.0,25.0,30.0,62.5,
2025-12-17,09:50:45.275000,5a,Toxicity,Original,,265.5679626464844,0.840254545211792,224.02593994140625,0.6737855672836304,0.5424201488494873,0.724502444267273,11.153897285461426,10.418354034423828,13.134641647338867,0.1337872743606567,0.0986846834421157,1.0855824947357178,6.311666965484619,0.0,0.0657436102628707,12.855202674865724,10.18271255493164,37.0,25.0,30.0,66.66666412353516,
2025-12-17,09:50:47.275000,5a,Toxicity,Original,,146.83645629882812,1.371178150177002,201.3389434814453,0.3560324907302856,0.6335647702217102,0.861687958240509,11.153897285461426,12.16078758239746,7.61594295501709,0.178836315870285,0.2297815531492233,0.4572396278381347,7.5643310546875,0.0,0.1440188437700271,7.678068161010742,8.17015266418457,37.0,25.0,30.0,83.33333587646484,
2025-12-17,09:50:49.275000,5a,Toxicity,Original,,104.64323425292967,1.767969012260437,183.41429138183597,0.4669256806373596,0.6597995758056641,0.7397390604019165,11.153897285461426,9.45940399169922,6.917560577392578,0.268937885761261,0.3064621090888977,0.5262512564659119,8.521032333374023,0.0,0.189557671546936,7.668702125549316,7.145309448242188,37.0,25.0,30.0,33.33333206176758,
2025-12-17,09:50:51.275000,5a,Toxicity,Original,,183.30596923828125,1.1803511381149292,181.1503448486328,0.5703883171081543,0.5372907519340515,0.7739759087562561,11.153897285461426,8.700210571289062,10.519184112548828,0.2060098052024841,0.2054239511489868,0.8150309324264526,8.68364429473877,0.0,0.1383560299873352,15.277003288269045,8.02464771270752,37.0,25.0,30.0,20.0,
2025-12-17,09:50:53.275000,5a,Toxicity,Original,,429.33294677734375,0.5278870463371277,222.21128845214844,0.6297099590301514,0.6180576086044312,0.6268342733383179,11.153897285461426,10.264655113220217,10.294414520263672,0.0788705050945282,0.0616153143346309,0.8967342376708984,4.522914886474609,0.0,0.0387368388473987,17.534250259399414,12.698293685913086,37.0,25.0,30.0,75.0,
2025-12-17,09:50:53.275000,FinePointe Series WBP [SN 10499C]  Site 2 Bias Flow is out of range.,,,,,,,,,,,,,,,,,,,,,,,,,
2025-12-17,09:50:55.275000,5a,Toxicity,Original,,406.5242309570313,0.5925951600074768,238.37921142578125,0.5815067291259766,0.5895440578460693,0.6658568382263184,11.153897285461426,11.7407865524292,11.687517166137695,0.0814955234527587,0.0775454118847847,0.9983059763908386,5.205958843231201,0.0,0.0504062585532665,18.30544090270996,12.332635879516602,37.0,25.0,30.0,63.6363639831543,
2025-12-17,09:50:57.275000,5a,Toxicity,Original,,311.22637939453125,0.7497748136520386,233.76821899414065,0.4722586870193481,0.577144980430603,0.6665341258049011,11.153897285461426,12.720110893249512,10.573373794555664,0.0955111980438232,0.1011004745960235,0.9146141409873962,9.576369285583496,0.0,0.0668966919183731,21.04324150085449,12.739688873291016,37.0,25.0,30.0,81.81818389892578,
2025-12-17,09:50:59.275000,5a,Toxicity,Original,,439.2161560058594,0.5696122646331787,250.18292236328125,0.7299907803535461,0.6888229846954346,0.565160870552063,11.153897285461426,11.372810363769531,12.034075736999512,0.0764471367001533,0.0601598620414733,1.0593321323394775,4.247908115386963,0.0,0.0362359657883644,16.42588996887207,14.332723617553713,37.0,25.0,30.0,66.66666412353516,
2025-12-17,09:51:01.275000,5a,Toxicity,Original,,324.7113342285156,0.848911464214325,265.33984375,0.444544106721878,0.5911962985992432,0.6582551598548889,11.153897285461426,12.90890884399414,9.871747970581056,0.1054907664656639,0.0893158242106437,0.8309860229492188,7.064610481262207,0.0,0.0586783811450004,17.743167877197266,12.30162239074707,37.0,25.0,30.0,64.70587921142578,
2025-12-17,09:51:03.275000,5a,Toxicity,Original,,381.3185729980469,0.5976549386978149,226.1259613037109,0.6902086138725281,0.6399189829826355,0.5897026658058167,11.153897285461426,12.115942001342772,13.051918029785156,0.0788733512163162,0.0792674496769905,1.1214345693588257,5.386847972869873,0.0,0.0492017492651939,17.18690299987793,13.581830978393556,37.0,25.0,30.0,45.45454406738281,
2025-12-17,09:51:05.275000,5a,Toxicity,Original,,288.1863708496094,0.8044137954711914,215.05169677734372,0.5463436245918274,0.5302029252052307,0.6917991042137146,11.153897285461426,11.3350830078125,11.693705558776855,0.1104557663202285,0.1109250634908676,0.9858258962631226,7.624063491821289,0.0,0.0756961032748222,18.09005546569824,11.227654457092283,37.0,25.0,30.0,40.0,
2025-12-17,09:51:07.275000,5a,Toxicity,Original,,148.70790100097656,1.671612024307251,232.1207275390625,0.2995013296604156,0.4568875133991241,0.8631752133369446,11.153897285461426,12.21111297607422,8.801384925842285,0.2165496200323104,0.2080022692680359,0.5782008171081543,9.92018222808838,0.0,0.1476567238569259,11.20169734954834,5.323875427246094,37.0,25.0,30.0,50.0,
2025-12-17,09:51:09.275000,5a,Toxicity,Original,,265.3509216308594,0.9203203320503236,232.5082855224609,0.5155967473983765,0.528911828994751,0.7280414700508118,11.153897285461426,11.306745529174805,11.007126808166504,0.1264841258525848,0.107644222676754,0.8650586009025574,7.311062335968018,0.0,0.0722068175673484,16.578338623046875,9.888678550720217,37.0,25.0,30.0,44.44444274902344,
2025-12-17,09:51:11.275000,5a,Toxicity,Original,,268.38775634765625,0.9338829517364502,246.85202026367188,0.3508147001266479,0.5083498954772949,0.6980112791061401,11.153897285461426,15.284391403198242,10.53821849822998,0.1040136665105819,0.1202777996659278,0.8175410032272339,9.030330657958984,0.0,0.081698402762413,18.386062622070312,12.02059555053711,37.0,25.0,30.0,77.77777862548828,
2025-12-17,09:51:13.275000,5a,Toxicity,Original,,178.53036499023438,1.2708122730255127,225.5652313232422,0.7012767195701599,0.909228265285492,0.5278830528259277,11.153897285461426,16.31231689453125,10.971330642700195,0.135008618235588,0.2016538679599762,0.8138910531997681,9.692083358764648,4.173388957977295,0.1169633567333221,13.818660736083984,10.922510147094728,37.0,25.0,30.0,60.0,
2025-12-17,09:51:15.275000,5a,Toxicity,Original,,434.9360046386719,0.4381353855133056,185.995849609375,0.5515040159225464,0.5965059995651245,0.6328187584877014,11.153897285461426,8.946879386901855,8.537612915039062,0.0705975219607353,0.0680624097585678,0.7166939973831177,3.889909267425537,0.0,0.0431623458862304,14.016011238098145,12.555094718933104,37.0,25.0,30.0,62.5,
2025-12-17,09:51:17.275000,5a,Toxicity,Original,,256.5193176269531,1.1332437992095947,262.2606811523437,0.4551246166229248,0.5229382514953613,0.701145350933075,11.153897285461426,13.62315559387207,11.94243621826172,0.1276668310165405,0.1222452223300933,0.9759926199913024,9.774003982543944,0.0,0.0839433595538139,17.462169647216797,10.317312240600586,37.0,25.0,30.0,58.33333206176758,
2025-12-17,09:51:19.275000,5a,Toxicity,Original,,312.10870361328125,0.6245363354682922,190.7325897216797,0.5230851173400879,0.5340985059738159,0.705125093460083,11.153897285461426,10.72769546508789,10.724446296691896,0.0935111865401268,0.1024609059095382,0.878610372543335,6.971373081207275,0.0,0.0685393661260604,18.48245048522949,11.41448974609375,37.0,25.0,30.0,30.0,
2025-12-17,09:51:21.275000,5a,Toxicity,Original,,393.4757690429688,0.6099448204040527,236.9787750244141,0.622506856918335,0.6547222137451172,0.5812956094741821,11.153897285461426,11.892212867736816,11.03727912902832,0.0818615406751632,0.0737439543008804,0.9561451077461244,5.1388092041015625,0.0,0.0453089736402034,17.05385398864746,13.946295738220217,37.0,25.0,30.0,46.153846740722656,
2025-12-17,09:51:23.275000,5a,Toxicity,Original,,242.607177734375,1.0340080261230469,198.238037109375,0.5275746583938599,0.5916674137115479,0.7136949896812439,11.153897285461426,10.855406761169434,10.066584587097168,0.1535264402627945,0.1713083386421203,0.785347044467926,6.774319171905518,0.0,0.1119830310344696,9.775069236755373,9.968669891357422,37.0,25.0,30.0,57.14285659790039,
2025-12-17,09:51:25.275000,5a,Toxicity,Original,,92.26107025146484,2.219135046005249,204.73977661132807,0.6276601552963257,0.8881253004074097,0.1897153407335281,11.153897285461426,9.814659118652344,6.033422470092773,0.3129809498786926,0.337347537279129,0.3375051319599151,11.211771965026855,0.0,0.1834406703710556,3.40786075592041,8.428287506103516,37.0,25.0,30.0,50.0,
2025-12-17,09:51:27.275000,5a,Toxicity,Original,,318.4835510253906,0.8699342012405396,248.85357666015625,0.5057151913642883,0.6224669218063354,0.6025866270065308,11.153897285461426,11.824437141418455,9.161598205566406,0.1030556112527847,0.0956893339753151,0.7928520441055298,5.793125152587891,0.0,0.0607390999794006,16.718666076660156,13.396137237548828,37.0,25.0,30.0,55.55555725097656,
2025-12-17,09:51:29.275000,5a,Toxicity,Original,,229.27249145507807,1.1840909719467163,235.77456665039065,0.4902741909027099,0.5416751503944397,0.6972861289978027,11.153897285461426,12.837923049926758,12.52240753173828,0.143570989370346,0.157617449760437,0.9892116785049438,9.795795440673828,0.0,0.1079140529036521,16.424152374267578,9.40696907043457,37.0,25.0,30.0,75.0,
2025-12-17,09:51:31.275000,5a,Toxicity,Original,,111.9180145263672,1.7491775751113892,195.76446533203125,0.3986954391002655,0.719494104385376,0.9040064811706544,11.153897285461426,11.650394439697266,7.281012058258057,0.2352239340543747,0.3008828163146972,0.3620544373989105,9.124747276306152,0.0,0.1802472323179245,4.824314117431641,6.173462867736816,37.0,25.0,30.0,50.0,
2025-12-17,09:51:33.275000,5a,Toxicity,Original,,256.24627685546875,1.3100121021270752,305.8243408203125,0.3842388093471527,0.5417661070823669,0.6976425051689148,11.153897285461426,13.322375297546388,9.603021621704102,0.1488372385501861,0.1032617017626762,0.7852292656898499,9.8538236618042,0.0,0.0706846863031387,18.46292495727539,10.03886890411377,37.0,25.0,30.0,57.14285659790039,
2025-12-17,09:51:35.275000,5a,Toxicity,Original,,300.397216796875,0.8384140729904175,233.94915771484372,0.5749856233596802,0.5760735869407654,0.6658582091331482,11.153897285461426,11.709945678710938,11.705535888671877,0.1119192615151405,0.10270257294178,0.9746897220611572,7.600430011749268,0.0,0.0682834982872009,18.25014877319336,11.749712944030762,37.0,25.0,30.0,33.33333206176758,
2025-12-17,09:51:37.275000,5a,Toxicity,Original,,90.41284942626952,1.6309949159622192,147.37979125976562,0.6136478185653687,0.9210224747657776,0.507554829120636,11.153897285461426,8.665367126464844,5.695296287536621,0.2810803353786468,0.3825634717941284,0.3281027674674988,8.941316604614258,0.0,0.2057903707027435,5.474112033843994,9.372910499572754,37.0,25.0,30.0,66.66666412353516,
2025-12-17,09:51:39.275000,5a,Toxicity,Original,,99.52476501464844,1.6098030805587769,159.4422149658203,0.4857390224933624,0.6529121398925781,0.759405255317688,11.153897285461426,8.258520126342773,6.621511936187744,0.2909158170223236,0.3136113286018371,0.5145871043205261,10.921661376953123,0.0,0.1961916387081146,13.013755798339844,7.932651996612549,37.0,25.0,30.0,0.0,
2025-12-17,09:51:41.275000,5a,Toxicity,Original,,265.5143127441406,0.8923617601394653,221.0777587890625,0.482958436012268,0.5407366156578064,0.6978750228881836,11.153897285461426,10.906166076660156,9.583300590515137,0.1264000684022903,0.109554648399353,0.7502158880233765,6.703531265258789,0.0,0.073100745677948,18.788448333740234,11.34532356262207,37.0,25.0,30.0,44.44444274902344,
2025-12-17,09:51:43.275000,5a,Toxicity,Original,,319.4673767089844,0.602383553981781,188.6998443603516,0.5648902654647827,0.5824085474014282,0.6439418792724609,11.153897285461426,10.681839942932127,10.05663013458252,0.0921883285045623,0.1038464084267616,0.8731683492660522,9.621939659118652,0.0,0.0690992921590805,19.142980575561523,13.127840042114258,37.0,25.0,30.0,50.0,
2025-12-17,09:51:45.275000,5a,Toxicity,Original,,268.2529602050781,0.833854079246521,223.47726440429688,0.3241234719753265,0.5355066657066345,0.7746264338493347,11.153897285461426,13.516664505004885,8.730813026428223,0.1061575710773468,0.1193074882030487,0.7083402872085571,9.7786283493042,0.0,0.0799716934561729,18.157224655151367,10.822521209716797,37.0,25.0,30.0,71.42857360839844,
2025-12-17,09:51:47.275000,5a,Toxicity,Original,,229.1221466064453,1.2835452556610107,243.09771728515625,0.3924376368522644,0.4663569033145904,0.7497155070304871,11.153897285461426,12.723641395568848,10.560951232910156,0.1484984755516052,0.1509030014276504,0.7689207196235657,8.879988670349121,0.0,0.1096594706177711,18.24380874633789,9.280756950378418,37.0,25.0,30.0,33.33333206176758,
2025-12-17,09:51:49.275000,5a,Toxicity,Original,,362.08111572265625,0.5783002376556396,207.54348754882807,0.5378167629241943,0.6029214262962341,0.6220782995223999,11.153897285461426,10.288496971130373,9.14396858215332,0.0895173624157905,0.0781980082392692,0.7929365038871765,6.6058349609375,0.0,0.0503029748797416,19.029518127441406,12.49424171447754,37.0,25.0,30.0,33.33333206176758,
2025-12-17,09:51:51.275000,5a,Toxicity,Original,,190.06362915039065,1.0474917888641355,180.10015869140625,0.4365189969539642,0.5201435685157776,0.8213188648223877,11.153897285461426,11.329147338867188,10.454787254333496,0.1446189284324646,0.2095273435115814,0.7021860480308533,9.346845626831056,0.0,0.1400744765996933,12.872146606445312,8.325567245483398,37.0,25.0,30.0,66.66666412353516,
2025-12-17,09:51:53.275000,5a,Toxicity,Original,,80.50831604003906,4.117647647857666,331.5048522949219,1.7491567134857178,0.9559592604637146,0.1269454061985016,11.153897285461426,15.336338996887209,22.64689445495605,0.4774329662322998,0.2678316533565521,1.4589393138885498,5.477278709411621,0.0,0.1439101696014404,7.318592548370361,31.743865966796875,37.0,25.0,30.0,0.0,
2025-12-17,09:51:55.275000,5a,Toxicity,Original,,169.2530517578125,1.2637882232666016,210.37258911132807,0.3496596217155456,0.8125685453414917,0.5220727920532227,11.153897285461426,15.20912742614746,6.169318199157715,0.1429254561662674,0.2447186857461929,0.4858216047286987,7.157261371612549,0.0,0.1330507695674896,7.298312664031982,15.694161415100098,37.0,25.0,30.0,42.85714340209961,
2025-12-17,09:51:57.275000,5a,Toxicity,Original,,99.1944351196289,1.5650969743728638,154.18931579589844,0.4062730073928833,0.7885767221450806,0.7441440224647522,11.153897285461426,10.16275691986084,5.097231864929199,0.2343208640813827,0.3780338764190674,0.3229654431343078,9.26878261566162,0.0,0.2140711098909378,7.250407695770264,9.6944580078125,37.0,25.0,30.0,0.0,
2025-12-17,09:51:59.275000,5a,Toxicity,Original,,108.97164154052734,1.3328328132629397,145.123046875,0.4806040525436401,0.5682349801063538,0.8520588874816895,11.153897285461426,8.286826133728027,7.93317699432373,0.2302351593971252,0.3234153091907501,0.490671306848526,8.97204875946045,0.0,0.2113131284713745,8.59503173828125,6.65041971206665,37.0,25.0,30.0,25.0,
2025-12-17,09:52:01.275000,5a,Toxicity,Original,,109.7301254272461,1.4795737266540527,162.56887817382812,0.4725336134433746,0.6967461109161377,0.6401194334030151,11.153897285461426,9.423810958862305,6.501091957092285,0.2338781803846359,0.3137554228305816,0.4803875386714935,8.016449928283691,0.0,0.1890615373849868,8.472512245178223,10.280619621276855,37.0,25.0,30.0,0.0,
2025-12-17,09:52:03.275000,5a,Toxicity,Original,,130.91114807128906,1.4445977210998535,188.24815368652344,0.4025350213050842,0.4775160849094391,0.8229849934577942,11.153897285461426,9.07583713531494,8.757266998291016,0.2293749302625656,0.2393054962158203,0.5826466083526611,9.911982536315918,0.0,0.1667646318674087,11.813675880432127,4.487459182739258,37.0,25.0,30.0,0.0,
2025-12-17,09:52:05.275000,5a,Toxicity,Original,,331.1156311035156,0.7066262364387512,220.88429260253903,0.4883067011833191,0.5451401472091675,0.6985898017883301,11.153897285461426,11.26772403717041,10.253528594970703,0.0993885844945907,0.0904832854866981,0.852473795413971,7.241740703582764,0.0,0.0602734722197055,19.58211898803711,12.752129554748535,37.0,25.0,30.0,50.0,
2025-12-17,09:52:07.275000,5a,Toxicity,Original,,217.9145355224609,0.9930443167686462,202.4011688232422,0.3986276388168335,0.4648650586605072,0.7749934196472168,11.153897285461426,11.853771209716797,10.1703519821167,0.1301843822002411,0.1587366461753845,0.6622013449668884,9.005271911621094,0.0,0.1113598570227623,15.545146942138672,8.70605182647705,37.0,25.0,30.0,44.44444274902344,
2025-12-17,09:52:09.275000,5a,Toxicity,Original,,319.2942199707031,0.6721288561820984,212.735107421875,0.4671183824539184,0.6161444783210754,0.619938313961029,11.153897285461426,10.99899959564209,8.043981552124023,0.0980109423398971,0.0907436236739158,0.6869996786117554,6.03789758682251,0.0,0.0574653595685958,16.817779541015625,13.14542007446289,37.0,25.0,30.0,50.0,
2025-12-17,09:52:11.275000,5a,Toxicity,Original,,101.71576690673828,1.6169506311416626,164.46937561035156,0.4602423906326294,0.9005510210990906,0.3096555173397064,11.153897285461426,9.438079833984377,4.478288173675537,0.2540219724178314,0.335857093334198,0.2525298595428467,8.419766426086426,0.0,0.1807767301797866,5.013377189636231,10.966599464416504,37.0,25.0,30.0,66.66666412353516,
2025-12-17,09:52:13.275000,5a,Toxicity,Original,,152.57257080078125,1.4283447265625,211.57879638671875,0.4113033413887024,0.495105117559433,0.8254854679107666,11.153897285461426,10.866724967956545,9.802928924560549,0.2125047445297241,0.207693338394165,0.6342891454696655,10.313116073608398,0.0,0.1438230723142624,13.08585262298584,5.9818291664123535,37.0,25.0,30.0,40.0,
2025-12-17,09:52:15.275000,5a,Toxicity,Original,,350.9654235839844,0.5346394777297974,179.3134307861328,0.5296069979667664,0.5608140230178833,0.6772527098655701,11.153897285461426,9.160508155822754,8.822094917297363,0.0908427461981773,0.0877472162246704,0.7361485362052917,6.164772033691406,0.0,0.0575785562396049,18.373435974121094,12.312196731567385,37.0,25.0,30.0,38.46154022216797,
2025-12-17,09:52:17.275000,5a,Toxicity,Original,,210.8995819091797,0.971376657485962,203.5362243652344,0.3807298541069031,0.4783853888511657,0.7954674363136292,11.153897285461426,11.02581787109375,9.516971588134766,0.149272620677948,0.1428903043270111,0.7487717270851135,11.074421882629396,0.0,0.1003295257687568,17.25897789001465,7.731542110443115,37.0,25.0,30.0,75.0,
2025-12-17,09:52:19.275000,5a,Toxicity,Original,,379.7073974609375,0.7672852873802185,289.2113647460937,0.394349455833435,0.6379954814910889,0.5843763947486877,11.153897285461426,14.320798873901367,8.681900978088379,0.0871350616216659,0.0717581212520599,0.7718465328216553,5.612415313720703,0.0,0.0447570085525512,17.56972312927246,13.547407150268556,37.0,25.0,30.0,80.0,
2025-12-17,09:52:21.275000,5a,Toxicity,Original,,306.82470703125,0.7443874478340149,217.4270782470703,0.4791941344738006,0.5529127717018127,0.6847311854362488,11.153897285461426,11.33652114868164,10.074678421020508,0.1078972443938255,0.1092555671930313,0.8234878778457642,8.783611297607422,0.0,0.0743605345487594,18.90676498413086,11.474151611328123,37.0,25.0,30.0,16.66666603088379,
2025-12-17,09:52:23.275000,5a,Toxicity,Original,,94.89869689941406,1.6352696418762207,154.6967315673828,0.4911843240261078,0.8332061767578125,0.8047014474868774,11.153897285461426,10.110677719116213,5.080267429351807,0.2514161765575409,0.3845012784004211,0.337444931268692,7.416657447814941,0.0,0.2145105153322219,3.188157081604004,12.106579780578612,37.0,25.0,30.0,25.0,
2025-12-17,09:52:25.275000,5a,Toxicity,Original,,102.23656463623048,1.5662219524383545,159.59671020507812,0.4491171240806579,0.6189529895782471,0.8722760081291199,11.153897285461426,9.777315139770508,7.49509334564209,0.2616902887821197,0.3269929885864258,0.4007712006568908,10.957357406616213,0.0,0.208802580833435,9.880825996398926,5.578592300415039,37.0,25.0,30.0,0.0,
2025-12-17,09:52:27.275000,5a,Toxicity,Original,,120.43276977539062,1.4620683193206787,176.5452117919922,0.5236036777496338,0.5770217776298523,0.6184495687484741,11.153897285461426,9.12212085723877,8.581035614013672,0.240072026848793,0.2687040567398071,0.5790643095970154,9.958174705505373,0.0,0.1736715734004974,10.572315216064451,7.024928569793701,37.0,25.0,30.0,25.0,
2025-12-17,09:52:29.275000,5a,Toxicity,Original,,397.2150268554688,0.5057265162467957,197.48963928222656,0.4983334839344024,0.595830500125885,0.6487167477607727,11.153897285461426,9.51272201538086,7.818963527679443,0.082094483077526,0.0720391646027565,0.6682045459747314,5.064901351928711,0.0,0.0462652556598186,17.878849029541016,12.39011001586914,37.0,25.0,30.0,30.769229888916016,
2025-12-17,09:52:31.275000,5a,Toxicity,Original,,191.2994537353516,1.0562607049942017,175.2562255859375,0.4652383923530578,0.6680498123168945,0.6304876208305359,11.153897285461426,11.280265808105469,8.171213150024414,0.1475452780723571,0.2413135468959808,0.6731842756271362,7.742001533508301,0.0,0.1448029577732086,11.387978553771973,12.505702018737791,37.0,25.0,30.0,25.0,
2025-12-17,09:52:33.275000,5a,Toxicity,Original,,89.42576599121094,1.9110139608383176,170.6466064453125,0.4978314638137817,0.8421719670295715,0.6431417465209961,11.153897285461426,9.70089340209961,5.022853851318359,0.2830692827701568,0.3888334333896637,0.3378729522228241,7.434484004974365,0.0,0.2156129330396652,5.695402145385742,10.239131927490234,37.0,25.0,30.0,0.0,
2025-12-17,09:52:35.275000,5a,Toxicity,Original,,244.29757690429688,1.1014950275421145,240.0309295654297,0.4610636234283447,0.5276528000831604,0.7202856540679932,11.153897285461426,13.14683723449707,11.54782772064209,0.1423549205064773,0.1435050368309021,0.9303395748138428,16.163837432861328,0.0,0.1029473841190338,20.339794158935547,9.41810417175293,37.0,25.0,30.0,44.44444274902344,
2025-12-17,09:52:37.275000,5a,Toxicity,Original,,357.9422607421875,0.722430408000946,212.77569580078125,0.4996371865272522,0.5455895066261292,0.6918929219245911,11.153897285461426,10.331645011901855,9.430713653564451,0.1093175485730171,0.0865131393074989,0.7464451789855957,7.307799339294434,0.0,0.0586433336138725,17.968780517578125,12.55376148223877,37.0,25.0,30.0,33.33333206176758,
2025-12-17,09:52:39.275000,5a,Toxicity,Original,,363.98968505859375,0.5867622494697571,207.49497985839844,0.4104155898094177,0.5373488068580627,0.6733324527740479,11.153897285461426,11.119784355163574,8.475756645202637,0.0869109705090522,0.0800423696637153,0.7169654369354248,7.22004222869873,0.0,0.0532453171908855,20.60839080810547,12.455791473388672,37.0,25.0,30.0,69.23076629638672,
2025-12-17,09:52:41.275000,5a,Toxicity,Original,,252.68215942382807,1.2053637504577637,268.1265869140625,0.3543996810913086,0.5458560585975647,0.6893060207366943,11.153897285461426,13.41133975982666,8.859843254089355,0.1389598697423935,0.1153314262628555,0.7421292662620544,8.447866439819336,0.0,0.0766829252243042,18.031879425048828,10.852447509765623,37.0,25.0,30.0,33.33333206176758,
2025-12-17,09:52:43.275000,5a,Toxicity,Original,,168.6334228515625,1.488544225692749,248.41058349609372,0.3292926847934723,0.4227780401706695,0.7792918682098389,11.153897285461426,13.652137756347656,11.107659339904783,0.1734929829835891,0.2001575976610183,0.8107847571372986,18.5192985534668,0.0,0.1470250189304351,15.40923309326172,7.584046840667725,37.0,25.0,30.0,57.14285659790039,
2025-12-17,09:52:45.275000,5a,Toxicity,Original,,220.5165252685547,1.0080052614212036,207.31634521484372,0.3698598146438598,0.606245756149292,0.715608537197113,11.153897285461426,12.382932662963867,8.370964050292969,0.1323223859071731,0.1596618294715881,0.6347458362579346,10.957651138305664,0.0,0.101901888847351,16.997140884399414,10.88930320739746,37.0,25.0,30.0,14.285714149475098,
2025-12-17,09:52:47.275000,5a,Toxicity,Original,,199.9765167236328,1.1668505668640137,214.32521057128903,0.2973681390285492,0.486052006483078,0.8265974521636963,11.153897285461426,11.615646362304688,7.900142669677734,0.1547016501426696,0.1720598936080932,0.542976438999176,9.130477905273438,0.0,0.1189605593681335,14.512733459472656,7.208277702331543,37.0,25.0,30.0,0.0,
2025-12-17,09:52:49.275000,5a,Toxicity,Original,,107.19082641601562,1.565321683883667,171.41778564453125,0.5118333101272583,0.7114177942276001,0.5020192861557007,11.153897285461426,10.845902442932127,7.879002571105957,0.2263999283313751,0.3497920036315918,0.4573417007923126,10.173978805541992,0.0,0.2058736383914947,13.231307983398438,8.425172805786133,37.0,25.0,30.0,50.0,
2025-12-17,09:52:51.275000,5a,Toxicity,Original,,92.94409942626952,1.6544857025146484,153.23690795898438,0.4266118705272674,0.6907375454902649,0.8133326172828674,11.153897285461426,9.000799179077148,6.003332614898682,0.2674577534198761,0.3799541592597961,0.4078162610530853,6.990946292877197,0.0,0.2304482460021972,4.408447265625,6.5610857009887695,37.0,25.0,30.0,0.0,
2025-12-17,09:52:53.275000,5a,Toxicity,Original,,111.31266021728516,1.4612330198287964,162.6743927001953,0.4700354039669037,0.607393741607666,0.7997815608978271,11.153897285461426,9.079090118408203,7.336766719818115,0.2376644760370254,0.3085159659385681,0.5421565175056458,7.570732593536377,0.0,0.195381760597229,7.49635648727417,6.963878631591797,37.0,25.0,30.0,0.0,
2025-12-17,09:52:55.275000,5a,Toxicity,Original,,232.1750030517578,0.9380927085876464,211.1048583984375,0.4545595645904541,0.5219988822937012,0.7363259792327881,11.153897285461426,10.536282539367676,9.166608810424805,0.1358052641153335,0.1301446408033371,0.6997501850128174,8.315106391906738,0.0,0.088472805917263,14.881847381591797,10.350125312805176,37.0,25.0,30.0,25.0,
2025-12-17,09:52:57.275000,5a,Toxicity,Original,,159.31040954589844,1.327449083328247,195.18118286132807,0.4573079347610473,0.8752084970474243,0.8482941389083862,11.153897285461426,11.630001068115234,5.56986141204834,0.1786190718412399,0.2788571715354919,0.3923846781253814,6.143480777740479,0.0,0.141301155090332,13.04196834564209,11.962879180908203,37.0,25.0,30.0,50.0,
2025-12-17,09:52:59.275000,5a,Toxicity,Original,,93.78589630126952,1.8026305437088013,168.79458618164062,0.352116584777832,0.6496849060058594,0.8761222958564758,11.153897285461426,9.081181526184082,5.870737075805664,0.2813680768013,0.3592775166034698,0.3164573311805725,9.214080810546877,0.0,0.2241241782903671,5.810420036315918,4.668675422668457,37.0,25.0,30.0,0.0,
2025-12-17,09:53:01.275000,5a,Toxicity,Original,,101.0478515625,1.6872200965881348,169.84097290039062,0.4048994183540344,0.5688732266426086,0.8800960779190063,11.153897285461426,9.234050750732422,7.106876373291016,0.269977867603302,0.3250961899757385,0.4082382917404175,8.80693531036377,0.0,0.2122552394866943,8.08898639678955,4.400890827178955,37.0,25.0,30.0,0.0,
2025-12-17,09:53:03.275000,5a,Toxicity,Original,,246.02598571777344,0.9208147525787354,207.0735015869141,0.4386255741119385,0.5095994472503662,0.7577506899833679,11.153897285461426,10.00645637512207,8.910099029541016,0.1445854306221008,0.1180792897939682,0.7158011794090271,33.77107620239258,0.0,0.0809965133666992,14.58128261566162,9.256085395812988,37.0,25.0,30.0,55.55555725097656,
2025-12-17,09:53:07.275000,5a,Toxicity,Original,,302.3609619140625,0.7605765461921692,225.0495147705078,0.4932571947574615,0.5499963760375977,0.6362036466598511,11.153897285461426,12.347929000854492,10.874662399291992,0.0992035120725631,0.1005238592624664,0.9026241302490234,7.889949798583984,0.0,0.0665275007486343,18.737960815429688,11.690815925598145,37.0,25.0,30.0,92.30769348144533,
2025-12-17,09:53:09.275000,5a,Toxicity,Original,,236.33377075195312,0.92205810546875,220.63522338867188,0.2895219326019287,0.7580971717834473,0.8229253888130188,11.153897285461426,13.618131637573242,5.921136856079102,0.1130457669496536,0.1637909710407257,0.4604656994342804,7.578860282897949,0.0,0.0921088531613349,11.839925765991213,15.143132209777832,37.0,25.0,30.0,66.66666412353516,
2025-12-17,09:53:11.275000,5a,Toxicity,Original,,232.3524169921875,0.8813761472702026,189.8052215576172,0.3308965265750885,0.4980801343917846,0.7139392495155334,11.153897285461426,11.030475616455078,7.406497955322266,0.1190126612782478,0.1485938131809234,0.5564497113227844,10.200478553771973,0.0,0.1025319248437881,16.792205810546875,7.744595050811768,37.0,25.0,30.0,40.0,
2025-12-17,09:53:13.275000,5a,Toxicity,Original,,308.0953674316406,0.7377448081970215,187.8772125244141,0.5892149209976196,0.5437070727348328,0.7123342752456665,11.153897285461426,10.075928688049316,10.286066055297852,0.1141159534454345,0.1240781098604202,0.8199499845504761,6.416463851928711,0.0,0.0856408476829528,15.178329467773438,9.45123291015625,37.0,25.0,30.0,28.571428298950195,
2025-12-17,09:53:15.275000,5a,Toxicity,Original,,85.77971649169922,1.503581166267395,129.5443572998047,0.6275742053985596,0.8720995783805847,0.9254305362701416,11.153897285461426,8.381721496582031,5.213316440582275,0.2657005190849304,0.4343352913856506,0.3624444901943207,6.987104415893555,0.0,0.2367424964904785,2.573380947113037,11.610030174255373,37.0,25.0,30.0,50.0,
2025-12-17,09:53:17.275000,5a,Toxicity,Original,,225.3143768310547,1.1304535865783691,227.8609619140625,0.3157441914081573,0.5227993130683899,0.7740103006362915,11.153897285461426,12.03995132446289,7.781740188598633,0.1457226872444152,0.15391805768013,0.5689459443092346,8.348528861999512,0.8793347477912903,0.1052353531122207,14.795650482177734,10.510009765625,37.0,25.0,30.0,14.285714149475098,
2025-12-17,09:53:19.275000,5a,Toxicity,Original,,175.9532012939453,1.1013693809509275,186.46896362304688,0.4410396814346313,0.5674178600311279,0.8072396516799927,11.153897285461426,11.160117149353027,8.861417770385742,0.1583085358142852,0.2169534415006637,0.6552596688270569,8.825242042541504,0.0,0.1375711262226104,13.308324813842772,8.876937866210938,37.0,25.0,30.0,66.66666412353516,
2025-12-17,09:53:21.275000,5a,Toxicity,Original,,92.70502471923828,1.469510793685913,136.2310333251953,0.7599419355392456,1.1286585330963137,0.9320806860923768,11.153897285461426,9.638276100158691,5.772180080413818,0.2416698336601257,0.4055442810058594,0.3735664188861847,7.621860980987549,0.0,0.1945453435182571,3.216427564620972,18.8420467376709,37.0,25.0,30.0,0.0,
2025-12-17,09:53:23.275000,5a,Toxicity,Original,,93.00123596191406,1.7863529920578003,165.33152770996094,0.4103296101093292,0.6214149594306946,0.8793505430221558,11.153897285461426,9.465856552124023,6.38126802444458,0.2729057371616363,0.3733977675437927,0.4076247215270996,7.826993942260742,0.0,0.2361268550157547,5.083751201629639,7.470620632171631,37.0,25.0,30.0,40.0,
2025-12-17,09:53:25.275000,5a,Toxicity,Original,,100.87068176269533,1.474929690361023,148.60630798339844,0.5484177470207214,0.619125247001648,0.7937861084938049,11.153897285461426,8.180086135864258,7.475127220153809,0.2544773519039154,0.3408991992473602,0.505901038646698,7.643362522125244,0.0,0.215350329875946,5.407420635223389,5.752319812774658,37.0,25.0,30.0,0.0,
2025-12-17,09:53:27.275000,5a,Toxicity,Original,,226.12081909179688,0.8909053206443787,185.6329803466797,0.4157945811748504,0.4932267069816589,0.7938382625579834,11.153897285461426,10.176626205444336,9.019038200378418,0.1362932473421096,0.1579890251159668,0.6314681768417358,7.272117137908935,0.0,0.1092537716031074,14.06734561920166,7.457128524780273,37.0,25.0,30.0,0.0,
2025-12-17,09:53:29.275000,5a,Toxicity,Original,,202.3988037109375,1.0267446041107178,205.2068634033203,0.3543466627597809,0.5459954738616943,0.6910751461982727,11.153897285461426,12.45485019683838,8.199616432189941,0.1316937804222107,0.1703503429889679,0.5194072723388672,7.814448356628418,4.5478715896606445,0.1132574081420898,12.18761157989502,5.584985733032227,37.0,25.0,30.0,0.0,
2025-12-17,09:53:31.275000,5a,Toxicity,Original,,279.493408203125,0.5687131881713867,156.79339599609375,0.2672199606895447,0.5351643562316895,0.8078245520591736,11.153897285461426,13.527852058410645,7.397553443908691,0.0773644149303436,0.1394737660884857,0.5843852162361145,12.32522201538086,0.0,0.0933466404676437,17.211997985839844,10.31669807434082,37.0,25.0,30.0,33.33333206176758,
2025-12-17,09:53:33.275000,5a,Toxicity,Original,,324.9813232421875,0.6262839436531067,202.2512359619141,0.3479280471801758,0.5157674551010132,0.7184604406356812,11.153897285461426,11.509753227233888,7.823038578033447,0.0933644846081733,0.1038094162940979,0.6253722310066223,11.041790962219238,0.0,0.0732570365071296,19.82001304626465,10.386094093322754,37.0,25.0,30.0,69.23076629638672,
2025-12-17,09:53:35.275000,5a,Toxicity,Original,,286.63330078125,0.8790327906608582,227.29440307617188,0.3607831597328186,0.548145592212677,0.7144814133644104,11.153897285461426,12.181957244873049,8.136072158813477,0.1116232872009277,0.1184388548135757,0.6267131567001343,10.054861068725586,0.0,0.0800820812582969,18.56088256835937,10.533936500549316,37.0,25.0,30.0,63.6363639831543,
2025-12-17,09:53:37.275000,5a,Toxicity,Original,,367.6300659179688,0.4562734365463257,166.78567504882812,0.7892203330993652,0.6055642366409302,0.6137620806694031,11.153897285461426,7.77748966217041,10.101271629333496,0.0900164917111396,0.0734112709760665,0.8854563236236572,4.977667808532715,0.0,0.0464775413274765,16.7301025390625,13.480884552001951,37.0,25.0,30.0,66.66666412353516,
2025-12-17,09:53:39.275000,5a,Toxicity,Original,,101.93743133544922,1.5573387145996094,158.75111389160156,0.1924338787794113,0.6028973460197449,0.9186579585075378,11.153897285461426,12.690073013305664,5.582931041717529,0.2293766736984253,0.3592196404933929,0.4064673483371734,8.64033317565918,0.0,0.2282744199037552,0.4564072489738464,5.557003498077393,37.0,25.0,30.0,66.66666412353516,
2025-12-17,09:53:41.275000,5a,Toxicity,Original,,140.1162872314453,1.617861032485962,222.7621612548828,0.34016814827919,0.4871509075164795,0.8332004547119141,11.153897285461426,11.154717445373535,8.574920654296875,0.212756797671318,0.2443749904632568,0.6087777614593506,9.097674369812012,0.0,0.1665510088205337,11.655757904052734,6.21079683303833,37.0,25.0,30.0,50.0,
2025-12-17,09:53:43.275000,5a,Toxicity,Original,,316.6327514648437,0.6257006525993347,187.82058715820312,0.5286884903907776,0.5749483704566956,0.6897067427635193,11.153897285461426,10.157068252563477,9.311978340148926,0.0951311066746711,0.1048960536718368,0.7679904103279114,6.343146324157715,0.0,0.0691427364945411,17.40611457824707,12.963478088378906,37.0,25.0,30.0,54.54545593261719,
2025-12-17,09:53:45.275000,5a,Toxicity,Original,,313.55615234375,0.6141814589500427,150.30706787109375,0.4767733514308929,0.5464075803756714,0.73601233959198,11.153897285461426,9.968287467956545,7.926571846008301,0.0945254191756248,0.130546748638153,0.6318560838699341,8.697114944458008,0.0,0.0880617201328277,17.820280075073242,8.779108047485352,37.0,25.0,30.0,62.5,
2025-12-17,09:53:47.275000,5a,Toxicity,Original,,222.15609741210935,0.983394980430603,210.92796325683597,0.3251855075359344,0.45118048787117,0.8004458546638489,11.153897285461426,11.543863296508787,8.009296417236328,0.1314551383256912,0.1514019519090652,0.5350375175476074,7.989236354827881,0.0,0.1090051904320716,11.939876556396484,7.302657127380371,37.0,25.0,30.0,0.0,
2025-12-17,09:53:49.275000,5a,Toxicity,Original,,183.01828002929688,1.1429765224456787,208.8956298828125,0.3635434210300445,0.4956535696983337,0.8387587070465088,11.153897285461426,12.283700942993164,8.886655807495117,0.1608844399452209,0.1670009940862655,0.6920768022537231,8.146010398864746,0.0,0.1165559440851211,10.710227966308594,5.967215538024902,37.0,25.0,30.0,33.33333206176758,
2025-12-17,09:53:51.275000,5a,Toxicity,Original,,97.23974609375,1.8557887077331543,179.86363220214844,0.2737095654010772,0.5519920587539673,0.868675947189331,11.153897285461426,10.049019813537598,5.250096321105957,0.2784401476383209,0.3419936895370483,0.2979108989238739,9.89554214477539,0.0,0.2251082062721252,6.515264987945557,5.004549980163574,37.0,25.0,30.0,66.66666412353516,
2025-12-17,09:53:53.275000,5a,Toxicity,Original,,126.14954376220705,1.4349350929260254,174.65902709960938,0.5059941411018372,0.5719000101089478,0.8456019163131714,11.153897285461426,8.642410278320312,8.556292533874512,0.2323464751243591,0.269493818283081,0.5532822012901306,7.35866641998291,0.0,0.1742600947618484,8.445213317871094,5.858327865600586,37.0,25.0,30.0,0.0,
2025-12-17,09:53:55.275000,5a,Toxicity,Original,,231.3344268798828,0.8416335582733154,186.16848754882807,0.4012727737426758,0.4816025197505951,0.768277645111084,11.153897285461426,11.245964050292969,9.89828395843506,0.1185404807329177,0.1578333675861358,0.6919071674346924,8.575384140014648,0.0,0.1116437092423439,14.127896308898926,8.425919532775879,37.0,25.0,30.0,33.33333206176758,
2025-12-17,09:53:57.275000,5a,Toxicity,Original,,210.8148193359375,1.0774704217910769,201.33595275878903,0.4647215604782104,0.5255236029624939,0.7777459025382996,11.153897285461426,10.798539161682127,9.63133430480957,0.1471854001283645,0.1633348017930984,0.7015770673751831,7.975723266601562,0.0,0.1108346879482269,13.708759307861328,8.744264602661133,37.0,25.0,30.0,33.33333206176758,
2025-12-17,09:53:59.275000,5a,Toxicity,Original,,248.60299682617188,0.6479861736297607,150.54574584960938,0.3390010297298431,0.5103328227996826,0.7589079141616821,11.153897285461426,10.29989242553711,7.109188556671143,0.104203425347805,0.1645960807800293,0.5610572099685669,8.827130317687988,0.0,0.1132200360298156,17.817760467529297,10.171252250671388,37.0,25.0,30.0,66.66666412353516,
2025-12-17,09:54:01.275000,5a,Toxicity,Original,,91.25572204589844,1.7547571659088137,159.75445556640625,0.4551286399364471,0.8213989734649658,0.5996193289756775,11.153897285461426,9.195714950561523,4.748068332672119,0.265851616859436,0.3925741612911224,0.2453565150499344,7.294858932495117,0.0,0.2213563472032547,2.923656463623047,7.774211883544922,37.0,25.0,30.0,0.0,
2025-12-17,09:54:03.275000,5a,Toxicity,Original,,100.05926513671876,1.3729456663131714,137.33656311035156,0.5416995882987976,0.6482235193252563,0.8810839653015137,11.153897285461426,7.602991104125977,6.998842716217041,0.2456178069114685,0.3540791869163513,0.4863021671772003,8.233413696289062,0.0,0.2209485024213791,6.950535774230957,6.3561530113220215,37.0,25.0,30.0,0.0,
2025-12-17,09:54:05.275000,5a,Toxicity,Original,,171.0076904296875,1.192441463470459,175.49124145507812,0.4598376750946045,0.5531911253929138,0.8494105339050293,11.153897285461426,9.012715339660645,8.401983261108398,0.1984497755765915,0.2328041791915893,0.4779609143733978,8.326000213623047,0.0,0.1524315327405929,10.82407569885254,5.452223777770996,37.0,25.0,30.0,20.0,
2025-12-17,09:54:07.275000,5a,Toxicity,Original,,245.8046875,0.8579017519950867,192.2565155029297,0.3067546486854553,0.4818626642227173,0.7845087051391602,11.153897285461426,11.158324241638184,7.064885139465332,0.1223132386803627,0.1462114304304123,0.4970673322677612,9.035776138305664,0.0,0.1033611595630645,16.11428451538086,5.974001884460449,37.0,25.0,30.0,70.0,
2025-12-17,09:54:09.275000,5a,Toxicity,Original,,260.9034729003906,0.8719056844711304,170.0117950439453,0.5705296993255615,0.5463532209396362,0.7157856225967407,11.153897285461426,9.613018989562988,10.283952713012695,0.1255032122135162,0.147108793258667,0.7926715612411499,6.738393783569336,0.0,0.0998488441109657,15.13718605041504,10.19670867919922,37.0,25.0,30.0,42.85714340209961,
2025-12-17,09:54:11.275000,5a,Toxicity,Original,,200.8055419921875,1.055263876914978,203.4759826660156,0.370696485042572,0.4753127694129944,0.8007622957229614,11.153897285461426,12.71540641784668,10.017478942871094,0.1359319239854812,0.1853001564741134,0.6697462797164917,9.88975715637207,0.0,0.1289362609386444,14.542068481445312,6.620141506195068,37.0,25.0,30.0,50.0,
2025-12-17,09:54:13.275000,5a,Toxicity,Original,,172.49325561523438,1.1692681312561035,199.8870086669922,0.4085916876792907,0.6471474170684814,0.7532563209533691,11.153897285461426,12.62901782989502,8.133903503417969,0.1570063233375549,0.2322549521923065,0.6238884925842285,10.11977767944336,0.0,0.1436342597007751,11.604084014892578,9.695402145385742,37.0,25.0,30.0,0.0,
2025-12-17,09:54:15.275000,5a,Toxicity,Original,,94.83106994628906,1.7074224948883057,161.735107421875,0.3856398165225982,0.7015585899353027,0.5283620357513428,11.153897285461426,9.259807586669922,5.316005706787109,0.2703712880611419,0.3624500036239624,0.2587151527404785,9.395282745361328,0.0,0.2190682291984558,5.753766536712647,7.021427631378174,37.0,25.0,30.0,50.0,
2025-12-17,09:54:17.275000,5a,Toxicity,Original,,100.29641723632812,1.4222248792648315,142.64405822753906,0.5082945823669434,0.5789906978607178,0.8776222467422485,11.153897285461426,7.298974514007568,7.512889862060547,0.2586729228496551,0.3395538330078125,0.3795056343078613,7.676440238952637,0.0,0.2198798954486847,6.751012325286865,3.5534861087799072,37.0,25.0,30.0,0.0,
2025-12-17,09:54:19.275000,5a,Toxicity,Original,,101.58431243896484,1.442944049835205,146.70449829101562,0.4928492903709411,0.6480211615562439,0.8760337233543396,11.153897285461426,9.044346809387209,7.186861991882324,0.2538633346557617,0.3376134932041168,0.4529644846916199,8.651453018188477,0.0,0.2103123068809509,10.57627010345459,5.776523113250732,37.0,25.0,30.0,50.0,
2025-12-17,09:54:21.275000,5a,Toxicity,Original,,208.44772338867188,1.0786014795303345,199.0218963623047,0.412668764591217,0.5288907289505005,0.77867192029953,11.153897285461426,9.736605644226074,8.13602066040039,0.1675651222467422,0.1801077723503112,0.5730895400047302,7.7815165519714355,0.0,0.1230866760015487,12.072402000427246,8.172369956970215,37.0,25.0,30.0,0.0,
2025-12-17,09:54:23.275000,5a,Toxicity,Original,,267.1810913085937,0.8550513982772827,191.3182373046875,0.45488241314888,0.5231233239173889,0.7177962064743042,11.153897285461426,10.865752220153809,9.36563491821289,0.1192453280091285,0.1450790017843246,0.6828340888023376,10.26158332824707,0.0,0.1017714142799377,16.92660903930664,9.490774154663086,37.0,25.0,30.0,28.571428298950195,
2025-12-17,09:54:25.275000,5a,Toxicity,Original,,212.0337371826172,1.0140284299850464,207.45738220214844,0.3199939727783203,0.6000428795814514,0.5975906848907471,11.153897285461426,11.266956329345703,6.3057169914245605,0.1371073275804519,0.1549883186817169,0.4646845459938049,6.2833251953125,0.0,0.0977644622325897,11.046308517456056,10.226526260375977,37.0,25.0,30.0,57.14285659790039,
2025-12-17,09:54:27.275000,5a,Toxicity,Original,,233.88954162597656,0.7628053426742554,169.6993865966797,0.4299461841583252,0.5109443664550781,0.7838525176048279,11.153897285461426,10.153192520141602,9.03688621520996,0.1202960908412933,0.1546319872140884,0.6629820466041565,9.102755546569824,0.0,0.1041913479566574,15.983236312866213,9.663519859313965,37.0,25.0,30.0,28.571428298950195,
2025-12-17,09:54:29.275000,5a,Toxicity,Original,,159.77529907226562,1.2589836120605469,202.4638214111328,0.3694036900997162,0.4293354451656341,0.8395922780036926,11.153897285461426,11.08567714691162,10.26853084564209,0.177908644080162,0.2012767195701599,0.5216518044471741,8.17872142791748,0.0,0.1445502340793609,9.654302597045898,2.3266377449035645,37.0,25.0,30.0,40.0,
2025-12-17,09:54:31.275000,5a,Toxicity,Original,,162.27960205078125,0.9505860805511476,152.82591247558594,0.2347562909126281,0.3744025528430938,0.8980324268341064,11.153897285461426,10.909122467041016,7.647753715515137,0.1370930969715118,0.2383669316768646,0.5085341930389404,12.963757514953612,0.0,0.1772417575120926,16.764549255371094,3.361150026321411,37.0,25.0,30.0,75.0,
2025-12-17,09:54:33.275000,5a,Toxicity,Original,,135.19491577148438,1.3217015266418457,178.17013549804688,0.3209588527679443,0.4377072751522064,0.84346604347229,11.153897285461426,12.640761375427246,10.44102382659912,0.1634467989206314,0.2856042981147766,0.5835458040237427,11.72421169281006,0.0,0.2029922604560852,10.296579360961914,3.742868423461914,37.0,25.0,30.0,0.0,
2025-12-17,09:54:35.275000,5a,Toxicity,Original,,98.99673461914062,1.7741271257400513,176.0452880859375,0.3692134916782379,0.529105007648468,0.9045575857162476,11.153897285461426,10.034341812133787,8.534141540527344,0.2615793943405151,0.3481426835060119,0.3216724395751953,9.761777877807615,0.0,0.2313953340053558,4.226891994476318,3.135138273239136,37.0,25.0,30.0,20.0,
2025-12-17,09:54:37.275000,5a,Toxicity,Original,,263.3696594238281,0.769109308719635,187.71714782714844,0.4456979930400848,0.5341662168502808,0.7002773880958557,11.153897285461426,11.81528663635254,9.524595260620115,0.1122668832540512,0.1287028193473816,0.6266524791717529,9.478497505187988,0.0,0.0890420973300933,17.45620346069336,9.41850757598877,37.0,25.0,30.0,40.0,
2025-12-17,09:54:41.275000,5a,Toxicity,Original,,102.84130859375,1.6085690259933472,162.9634552001953,0.2932225465774536,0.5067336559295654,0.9067355394363404,11.153897285461426,10.990070343017578,7.3764214515686035,0.2222254425287246,0.3655567169189453,0.3071999251842499,9.195109367370604,0.0,0.2463334053754806,2.320232629776001,1.5138202905654907,37.0,25.0,30.0,62.5,
2025-12-17,09:54:43.275000,5a,Toxicity,Original,,97.1308822631836,1.873693585395813,181.9864196777344,0.4742703139781952,0.9124904870986938,0.4664063453674316,11.153897285461426,11.217848777770996,5.189588069915772,0.2556732296943664,0.3665346205234527,0.3032217621803283,10.411516189575195,0.0,0.198258176445961,5.453751087188721,10.951573371887209,37.0,25.0,30.0,0.0,
2025-12-17,09:54:45.275000,5a,Toxicity,Original,,95.23458862304688,1.5639028549194336,148.94354248046875,0.3949086964130401,0.6374282836914062,0.8942521214485168,11.153897285461426,9.011478424072266,5.683073997497559,0.2588977217674255,0.3712128102779388,0.2859890460968017,7.720895767211914,0.0,0.2324128597974777,3.815455436706543,4.612310886383057,37.0,25.0,30.0,0.0,
2025-12-17,09:54:47.275000,5a,Toxicity,Original,,174.46600341796875,1.0920679569244385,164.10324096679688,0.4321494698524475,0.5306248664855957,0.8445630073547363,11.153897285461426,9.600071907043455,8.637556076049805,0.1747610569000244,0.2259788513183593,0.5520621538162231,6.977446556091309,0.0,0.1511342525482177,11.530801773071287,5.741508483886719,37.0,25.0,30.0,16.66666603088379,
2025-12-17,09:54:49.275000,5a,Toxicity,Original,,153.4749755859375,1.1910828351974487,179.2377166748047,0.2971437871456146,0.4591799080371856,0.8766470551490784,11.153897285461426,11.033995628356934,7.606931686401367,0.165374219417572,0.2408646643161773,0.3779850304126739,7.888967990875244,0.0,0.1718869805335998,8.99139404296875,5.299407005310059,37.0,25.0,30.0,0.0,
2025-12-17,09:54:51.275000,5a,Toxicity,Original,,234.60137939453125,0.8181977272033691,176.52206420898438,0.4124205112457275,0.514905571937561,0.7929198145866394,11.153897285461426,9.171403884887695,7.439516067504883,0.1351844072341919,0.1429580599069595,0.4380313456058502,6.513129234313965,0.0,0.0981199443340301,11.46267795562744,10.00711727142334,37.0,25.0,30.0,71.42857360839844,
2025-12-17,09:54:53.275000,5a,Toxicity,Original,,243.6618804931641,0.4456842541694641,108.59626770019533,0.2773057818412781,0.3923041224479675,0.7824665904045105,11.153897285461426,9.489025115966797,7.293447494506836,0.0903256684541702,0.1559171974658966,0.5568788647651672,12.195150375366213,0.0,0.1155123263597488,22.63078117370605,7.871790885925293,37.0,25.0,30.0,75.0,
2025-12-17,09:54:55.275000,5a,Toxicity,Original,,190.22488403320312,1.1495598554611206,203.501953125,0.4220166802406311,0.562221884727478,0.6211510300636292,11.153897285461426,11.518516540527344,9.084126472473145,0.1558148115873336,0.1839059740304947,0.6425806879997253,8.736974716186523,0.0,0.1166499480605125,13.738037109375,8.440919876098633,37.0,25.0,30.0,60.0,
2025-12-17,09:54:57.275000,5a,Toxicity,Original,,270.1926574707031,0.7585870027542114,183.6960906982422,0.4010412991046905,0.5235580205917358,0.7264593839645386,11.153897285461426,10.464483261108398,8.120429039001465,0.1144832670688629,0.1256558299064636,0.6311574578285217,8.526907920837402,0.0,0.0862575471401214,18.20687866210937,10.472614288330078,37.0,25.0,30.0,50.0,
2025-12-17,09:54:59.275000,5a,Toxicity,Original,,137.64527893066406,1.4030413627624512,194.6754150390625,0.163284569978714,0.3679931759834289,0.9005016088485718,11.153897285461426,12.86594009399414,7.10451078414917,0.1740902960300445,0.2657090723514557,0.4106988906860351,45.91294860839844,0.0,0.1990397572517395,15.67900562286377,5.2795610427856445,37.0,25.0,30.0,0.0,
2025-12-17,09:55:01.275000,5a,Toxicity,Original,,85.54439544677734,1.6682895421981812,142.53158569335938,0.722954511642456,1.1543495655059814,0.2058386504650116,11.153897285461426,10.58222198486328,4.938058853149414,0.2654357552528381,0.4364416599273681,0.3179605007171631,6.089080810546875,0.0,0.2072332501411438,,11.104238510131836,37.0,25.0,30.0,60.0,
2025-12-17,09:55:03.275000,5a,Toxicity,Original,,94.47119903564452,1.6397526264190674,154.91873168945312,0.3737294971942901,0.5603675842285156,0.9032861590385436,11.153897285461426,9.016276359558104,7.154151439666748,0.2680745124816894,0.36746546626091,0.3725269138813019,7.131669521331787,0.0,0.2405513972043991,4.249645233154297,2.5245347023010254,37.0,25.0,30.0,0.0,
2025-12-17,09:55:05.275000,5a,Toxicity,Original,,202.80938720703125,1.1928848028182983,186.21470642089844,0.4509990513324737,0.5486186742782593,0.810634434223175,11.153897285461426,9.397886276245115,8.556747436523438,0.1958705186843872,0.2350060939788818,0.5580275058746338,8.347024917602539,0.0,0.156092032790184,12.66991138458252,6.140568256378174,37.0,25.0,30.0,16.66666603088379,
2025-12-17,09:55:07.275000,5a,Toxicity,Original,,365.8261413574219,0.5707128047943115,199.10516357421875,0.5715146660804749,0.6296201944351196,0.5923435091972351,11.153897285461426,9.901796340942385,8.739327430725098,0.0959558859467506,0.0733364894986152,0.7644946575164795,6.54412317276001,0.0,0.0461420789361,19.131488800048828,13.347808837890623,37.0,25.0,30.0,66.66666412353516,
2025-12-17,09:55:09.275000,5a,Toxicity,Original,,163.34864807128906,1.3897597789764404,214.7875213623047,0.2513003051280975,0.4317433536052704,0.8269373774528503,11.153897285461426,13.45407009124756,8.218011856079102,0.1547283828258514,0.2232819497585296,0.5059321522712708,11.619120597839355,0.0,0.1589525938034057,14.942864418029783,6.439426422119141,37.0,25.0,30.0,25.0,
2025-12-17,09:55:11.275000,5a,Toxicity,Original,,130.07249450683594,1.810706377029419,237.27867126464844,0.3824508786201477,0.6847521066665649,0.87137770652771,11.153897285461426,13.845011711120604,9.10780143737793,0.2041364312171936,0.274273008108139,0.517162561416626,8.758929252624512,0.0,0.1621662080287933,7.206944465637207,5.008988380432129,37.0,25.0,30.0,80.0,
2025-12-17,09:55:13.275000,5a,Toxicity,Original,,87.9773178100586,1.7962160110473633,157.78616333007812,0.447590172290802,0.910654842853546,0.9302209615707396,11.153897285461426,9.793185234069824,5.024843215942383,0.2682689130306244,0.4154868423938751,0.1777832806110382,7.868483066558838,0.0,0.2253870218992233,6.515396118164063,4.435251712799072,37.0,25.0,30.0,0.0,
2025-12-17,09:55:15.275000,5a,Toxicity,Original,,101.10310363769533,1.4923548698425293,150.68304443359375,0.3955129981040954,0.49336838722229,0.8734555244445801,11.153897285461426,8.526923179626465,7.889749050140381,0.2492635846138,0.3444007635116577,0.3807949125766754,9.671765327453612,0.0,0.2363660335540771,6.678633213043213,2.919962882995605,37.0,25.0,30.0,0.0,
2025-12-17,09:55:17.275000,5a,Toxicity,Original,,103.13182067871094,1.5141842365264893,156.27096557617188,0.6250494718551636,0.6225888729095459,0.8581058382987976,11.153897285461426,8.597990989685059,8.971529006958008,0.2683055102825165,0.3141814172267914,0.5964743494987488,14.624074935913086,0.0,0.2021873593330383,12.33848476409912,6.768298625946045,37.0,25.0,30.0,33.33333206176758,
2025-12-17,09:55:19.275000,5a,Toxicity,Original,,222.5151824951172,0.8684415817260742,185.38449096679688,0.3560899794101715,0.4695470929145813,0.8100281357765198,11.153897285461426,11.117066383361816,8.84270191192627,0.1317789554595947,0.1744067966938018,0.5906535387039185,8.214353561401367,0.0,0.1252775192260742,17.26076889038086,8.627172470092773,37.0,25.0,30.0,25.0,
2025-12-17,09:55:21.275000,5a,Toxicity,Original,,254.9701690673828,0.7643535137176514,183.29388427734372,0.3176328539848327,0.4018669724464416,0.7870805859565735,11.153897285461426,10.268813133239746,8.582594871520996,0.1246850490570068,0.1334910988807678,0.5851948261260986,10.636950492858888,0.0,0.0987163186073303,20.20323181152344,7.0762434005737305,37.0,25.0,30.0,62.5,
2025-12-17,09:55:23.275000,5a,Toxicity,Original,,293.12359619140625,0.7610254883766174,181.92942810058597,0.4449203610420227,0.4763899743556976,0.710297703742981,11.153897285461426,11.149882316589355,8.796579360961914,0.1039267480373382,0.1365133374929428,0.722601056098938,9.038436889648438,0.0,0.0983489975333213,21.705501556396484,9.426029205322266,37.0,25.0,30.0,42.85714340209961,
2025-12-17,09:55:25.275000,5a,Toxicity,Original,,397.2986450195313,0.4255133271217346,169.0558624267578,0.5259886980056763,0.6377620100975037,0.5877400040626526,11.153897285461426,10.894304275512695,9.111918449401855,0.065948262810707,0.0850716307759285,0.8140551447868347,6.493807315826416,0.0,0.0528394542634487,20.39137840270996,14.483981132507324,37.0,25.0,30.0,80.0,
2025-12-17,09:55:27.275000,5a,Toxicity,Original,,118.21773529052734,0.5715692043304443,67.56961822509766,0.6448672413825989,1.5641356706619265,0.577387809753418,11.153897285461426,10.317007064819336,2.855554342269897,0.1126561537384986,0.3948819041252136,0.2557651996612549,8.521793365478516,0.0,0.1571787297725677,1.7112362384796145,33.01766586303711,37.0,25.0,30.0,50.0,
2025-12-17,09:55:29.275000,5a,Toxicity,Original,,98.15321350097656,1.6057049036026,156.94915771484375,0.3542279899120331,0.5895377993583679,0.8803295493125916,11.153897285461426,9.64920425415039,6.594905376434326,0.231833815574646,0.3813204765319824,0.4245857000350952,9.208477973937988,0.0,0.2440719157457351,5.39348030090332,5.281122207641602,37.0,25.0,30.0,50.0,
2025-12-17,09:55:33.275000,5a,Toxicity,Original,,255.4009246826172,0.8266874551773071,189.3398284912109,0.4773737490177154,0.531345784664154,0.7421869039535522,11.153897285461426,9.8024263381958,9.044532775878906,0.1292048692703247,0.1393804103136062,0.7256519198417664,7.283775329589844,0.0,0.0936105102300643,16.129009246826172,9.577715873718262,37.0,25.0,30.0,36.3636360168457,
2025-12-17,09:55:35.275000,5a,Toxicity,Original,,227.1920318603516,0.7942106127738953,166.85794067382812,0.4441127181053161,0.5834494233131409,0.7835384607315063,11.153897285461426,10.034111976623535,8.009521484375,0.1266906559467315,0.1661225110292434,0.6394497156143188,6.876718997955322,0.0,0.107350967824459,12.223223686218262,9.819917678833008,37.0,25.0,30.0,42.85714340209961,
2025-12-17,09:55:37.275000,5a,Toxicity,Original,,116.77880096435548,0.2772263884544372,32.37416458129883,0.4018986821174621,0.2614356577396393,0.9005279541015625,11.153897285461426,2.57356333732605,4.3110198974609375,0.3005836308002472,0.213208258152008,0.3433794975280761,21.546173095703125,0.0,0.1732517629861831,13.910541534423828,5.017674446105957,37.0,25.0,30.0,66.66666412353516,
2025-12-17,09:55:39.275000,5a,Toxicity,Original,,248.5799560546875,1.1600784063339231,202.3070526123047,0.5006909370422363,0.600464940071106,0.7733753323554993,11.153897285461426,10.059215545654297,7.9015374183654785,0.1651569008827209,0.1855780780315399,0.5914431810379028,6.395715713500977,0.0,0.1161315292119979,11.345833778381348,9.111021995544434,37.0,25.0,30.0,33.33333206176758,
2025-12-17,09:55:41.275000,5a,Toxicity,Original,,219.0336456298828,0.8468070030212402,183.20025634765625,0.4636944532394409,0.4161370992660522,0.7718700766563416,11.153897285461426,10.68124771118164,12.484212875366213,0.1309691071510315,0.161970317363739,0.8652815818786621,9.496665954589844,0.0,0.119725301861763,15.88408660888672,5.683507442474365,37.0,25.0,30.0,71.42857360839844,
2025-12-17,09:55:43.275000,5a,Toxicity,Original,,351.8980407714844,0.6159403920173645,189.72683715820312,0.578648030757904,0.6047064661979675,0.636294424533844,11.153897285461426,9.464672088623049,9.14683437347412,0.1006450057029724,0.0871707946062088,0.798445463180542,5.993095397949219,0.0,0.0559118874371051,17.89986228942871,12.508344650268556,37.0,25.0,30.0,33.33333206176758,
2025-12-17,09:55:45.275000,5a,Toxicity,Original,,280.0912170410156,0.5515879392623901,147.52490234375,0.2483908683061599,0.5963696837425232,0.8101480603218079,11.153897285461426,10.26249885559082,4.770421504974365,0.0989026650786399,0.1397033631801605,0.3761744797229767,9.31640338897705,0.0,0.0868196040391922,15.701497077941896,12.051810264587402,37.0,25.0,30.0,80.0,
2025-12-17,09:55:49.275000,5a,Toxicity,Original,,199.2506866455078,1.1885087490081787,166.3336639404297,0.4555852711200714,0.5211686491966248,0.8005977272987366,11.153897285461426,8.597996711730957,8.122211456298828,0.1995438635349273,0.2468622028827667,0.4788641929626465,9.49257755279541,0.0,0.173379585146904,11.33120346069336,6.887417316436768,37.0,25.0,30.0,60.0,
2025-12-17,09:55:51.275000,5a,Toxicity,Original,,306.7119140625,0.6416012048721313,198.6259765625,0.4431755244731903,0.5733979940414429,0.6579897403717041,11.153897285461426,10.11701202392578,7.950961112976074,0.102076418697834,0.0946214348077774,0.6800676584243774,9.164331436157228,0.0,0.0622083768248558,20.456642150878903,14.008467674255373,37.0,25.0,30.0,50.0,
2025-12-17,09:55:53.275000,5a,Toxicity,Original,,342.81854248046875,0.5731335878372192,196.4808349609375,0.327341616153717,0.5240988731384277,0.6702907085418701,11.153897285461426,10.867259979248049,7.102086544036865,0.0884900838136673,0.0865296199917793,0.6164426207542419,8.570322036743164,0.0,0.0581330358982086,21.81288146972656,12.081003189086914,37.0,25.0,30.0,88.88888549804688,
2025-12-17,09:55:55.275000,5a,Toxicity,Original,,252.0518341064453,0.9232403039932252,209.94297790527344,0.3413919806480407,0.4961025714874267,0.7534059882164001,11.153897285461426,13.348359107971191,9.882966995239258,0.1150072142481803,0.1543343365192413,0.7101180553436279,9.202542304992676,0.0,0.1094720438122749,17.856637954711914,10.45555591583252,37.0,25.0,30.0,54.54545593261719,
2025-12-17,09:55:57.275000,5a,Toxicity,Original,,264.448486328125,0.6539096236228943,166.69619750976562,0.5571432709693909,0.6657036542892456,0.5667272210121155,11.153897285461426,10.099169731140137,8.692818641662598,0.1054040938615799,0.1310998052358627,0.6395704746246338,6.436415672302246,0.0,0.0791007652878761,16.043704986572266,13.229609489440918,37.0,25.0,30.0,55.55555725097656,
2025-12-17,09:55:59.275000,5a,Toxicity,Original,,142.80972290039062,1.2460798025131226,164.26513671875,0.3549910485744476,0.5346931219100952,0.8772808909416199,11.153897285461426,11.138826370239258,7.669795989990234,0.1796972453594207,0.2971488237380981,0.3176900744438171,8.699596405029297,0.0,0.1926514059305191,5.024973392486572,5.299245834350586,37.0,25.0,30.0,25.0,
2025-12-17,09:56:01.275000,5a,Toxicity,Original,,93.74703216552734,1.4655755758285522,137.5585479736328,0.4004280269145965,0.5471850633621216,0.8667673468589783,11.153897285461426,8.829442024230957,7.886221408843994,0.2432987987995147,0.3975760638713836,0.3858203589916229,8.331192016601562,0.0,0.2628007233142853,5.007925987243652,3.088512659072876,37.0,25.0,30.0,0.0,
2025-12-17,09:56:01.275000,FinePointe Series WBP [SN 10499C]  Site 4 Bias Flow is out of range.,,,,,,,,,,,,,,,,,,,,,,,,,
2025-12-17,09:56:03.275000,5a,Toxicity,Original,,97.37022399902344,1.5276203155517578,148.4624481201172,0.2846913933753967,0.4983235895633697,0.9139871001243592,11.153897285461426,9.275334358215332,6.405145645141602,0.2451473325490951,0.3720883131027221,0.2590230703353882,9.001802444458008,0.0,0.2533270716667175,3.880807399749756,2.4205217361450195,37.0,25.0,30.0,0.0,
2025-12-17,09:56:05.275000,5a,Toxicity,Original,,148.71713256835938,1.444947600364685,208.7348480224609,0.2320722043514251,0.433865487575531,0.8462363481521606,11.153897285461426,12.40405559539795,7.412709712982178,0.1791728138923645,0.2371493279933929,0.4630281627178192,9.53816032409668,0.0,0.1703792512416839,12.9213285446167,4.621135711669922,37.0,25.0,30.0,0.0,
2025-12-17,09:56:07.275000,5a,Toxicity,Original,,163.52464294433594,1.489128351211548,224.11734008789065,0.2413795441389084,0.4333665370941162,0.8770617842674255,11.153897285461426,14.425354957580566,8.706155776977539,0.1554002165794372,0.241616353392601,0.4612185955047607,9.611002922058104,0.0,0.1699724793434143,9.13323974609375,2.9061279296875,37.0,25.0,30.0,72.7272720336914,
2025-12-17,09:56:09.275000,5a,Toxicity,Original,,144.05068969726562,1.2029008865356443,173.625,0.2277882397174835,0.4587542414665222,0.8714370131492615,11.153897285461426,11.65712070465088,6.848548412322998,0.1598245799541473,0.2567577958106994,0.2772642374038696,20.47473526000977,0.0,0.1806885451078415,8.791074752807617,6.764594554901123,37.0,25.0,30.0,66.66666412353516,
2025-12-17,09:56:11.275000,5a,Toxicity,Original,,244.09776306152344,1.0266023874282837,250.59133911132807,0.4767352640628814,0.5302897095680237,0.7242955565452576,11.153897285461426,10.51893138885498,9.703838348388672,0.1546801328659057,0.0911230221390724,0.8020563125610352,6.323875904083252,0.0,0.0611842982470989,15.752315521240234,7.206008434295654,37.0,25.0,30.0,0.0,
2025-12-17,09:56:11.275000,FinePointe Series WBP [SN 10499C]  Site 4 Bias Flow is out of range.,,,,,,,,,,,,,,,,,,,,,,,,,
2025-12-17,09:56:13.275000,5a,Toxicity,Original,,95.19168853759766,1.6923702955245972,160.87863159179688,0.2966485023498535,0.6176530122756958,0.9163677096366882,11.153897285461426,9.754753112792969,5.409969329833984,0.2578766644001007,0.3739536702632904,0.3054412007331848,7.840706348419189,0.0,0.2354027777910232,2.762212991714477,3.8932602405548096,37.0,25.0,30.0,50.0,
2025-12-17,09:56:15.275000,5a,Toxicity,Original,,101.89797973632812,1.359858751296997,138.10409545898438,0.441773384809494,0.6065555810928345,0.8988209962844849,11.153897285461426,8.709382057189941,6.691198825836182,0.2346839755773544,0.354945033788681,0.4088093638420105,8.900725364685059,0.0,0.2267046868801117,7.155640602111816,5.417604923248291,37.0,25.0,30.0,0.0,
2025-12-17,09:56:17.275000,5a,Toxicity,Original,,297.41815185546875,0.7129917144775391,197.2435760498047,0.4710202217102051,0.5209373831748962,0.7407670617103577,11.153897285461426,9.134382247924805,8.573966979980469,0.118776649236679,0.0993168205022811,0.6520216464996338,7.425996780395508,0.0,0.0683391988277435,17.700565338134766,9.743531227111816,37.0,25.0,30.0,50.0,
2025-12-17,09:56:19.275000,5a,Toxicity,Original,,238.96673583984372,0.9689545035362244,207.4523162841797,0.4346338808536529,0.53800368309021,0.7002495527267456,11.153897285461426,11.6924409866333,9.52524757385254,0.1270255744457245,0.1496271640062332,0.7062256336212158,9.944573402404783,0.0,0.1024240851402282,18.70049285888672,10.408350944519045,37.0,25.0,30.0,37.5,
2025-12-17,09:56:21.275000,5a,Toxicity,Original,,184.7188873291016,0.9804695844650269,181.9026031494141,0.2757501900196075,0.5413366556167603,0.770048975944519,11.153897285461426,11.756877899169922,7.533728122711182,0.1319116204977035,0.1932690739631652,0.411578893661499,9.705354690551758,0.0,0.1315981745719909,12.441747665405272,10.946351051330566,37.0,25.0,30.0,33.33333206176758,
2025-12-17,09:56:21.275000,FinePointe Series WBP [SN 10499C]  Site 4 Bias Flow is out of range.,,,,,,,,,,,,,,,,,,,,,,,,,
2025-12-17,09:56:23.275000,5a,Toxicity,Original,,155.1766815185547,1.1628574132919312,175.158203125,0.2935099899768829,0.3897836804389953,0.8774213790893555,11.153897285461426,10.889280319213867,9.043370246887209,0.1654121428728103,0.2306847870349884,0.4910685420036316,8.961073875427246,0.0,0.1694753915071487,9.030513763427734,3.6284027099609375,37.0,25.0,30.0,16.66666603088379,
2025-12-17,09:56:25.275000,5a,Toxicity,Original,,104.30843353271484,1.7129244804382324,179.8328857421875,0.355353832244873,0.8290404081344604,0.9368289709091188,11.153897285461426,12.660489082336426,6.097160816192627,0.2101698070764541,0.3726377189159393,0.1917071044445037,14.373126983642578,0.0,0.2134685218334198,3.347317695617676,10.48342990875244,37.0,25.0,30.0,33.33333206176758,
2025-12-17,09:56:27.275000,5a,Toxicity,Original,,87.25474548339844,1.5560846328735352,136.19094848632812,0.6188629865646362,0.9325908422470092,0.8112938404083252,11.153897285461426,11.277877807617188,6.575333595275879,0.2192932963371276,0.470557153224945,0.2965569496154785,8.556446075439453,0.0,0.247718334197998,1.097763180732727,9.212955474853516,37.0,25.0,30.0,66.66666412353516,
2025-12-17,09:56:29.275000,5a,Toxicity,Original,,92.59132385253906,1.531952142715454,141.89024353027344,0.3503769636154175,0.5702236890792847,0.9045115113258362,11.153897285461426,10.782302856445312,7.34870719909668,0.2419542819261551,0.4060706496238708,0.39081871509552,8.137480735778809,0.0,0.2635844647884369,2.188897132873535,2.9622738361358643,37.0,25.0,30.0,0.0,
2025-12-17,09:56:31.275000,5a,Toxicity,Original,,92.53905487060548,1.516217827796936,140.23074340820312,0.4413190186023712,0.6020320653915405,0.8435519337654114,11.153897285461426,8.556988716125488,6.5305609703063965,0.2493860721588134,0.39992755651474,0.3684313595294952,6.977258205413818,0.0,0.2542208433151245,0.7358435392379761,3.21832013130188,37.0,25.0,30.0,0.0,
2025-12-17,09:56:33.275000,5a,Toxicity,Original,,166.31861877441406,1.3205243349075315,169.4454803466797,0.3883439898490906,0.5668649077415466,0.8581092953681946,11.153897285461426,9.237329483032228,6.907167434692383,0.2016514837741851,0.2726135849952698,0.4436983168125152,7.44312047958374,0.0,0.1768103986978531,7.9951324462890625,5.318548679351807,37.0,25.0,30.0,20.0,
2025-12-17,09:56:35.275000,5a,Toxicity,Original,,171.0790252685547,1.136033058166504,193.25001525878903,0.2656392455101013,0.3884592652320862,0.8613526225090027,11.153897285461426,10.83395290374756,8.200486183166504,0.1640172749757766,0.1868545114994049,0.5152259469032288,11.802083015441896,0.0,0.137976586818695,15.796476364135742,5.652128219604492,37.0,25.0,30.0,60.0,
2025-12-17,09:56:37.275000,5a,Toxicity,Original,,162.11019897460938,1.2626824378967283,177.17578125,0.2924408316612243,0.3522737324237823,0.8496465086936951,11.153897285461426,11.202720642089844,9.75217628479004,0.1595238000154495,0.2530947923660278,0.5640479922294617,10.56004238128662,0.0,0.1943854093551635,19.29181861877441,5.071063995361328,37.0,25.0,30.0,50.0,
2025-12-17,09:56:39.275000,5a,Toxicity,Original,,228.1279144287109,0.8890296220779419,193.59349060058597,0.3863608837127685,0.5494999289512634,0.7746663689613342,11.153897285461426,11.80770206451416,8.67801570892334,0.1196942776441574,0.1633537709712982,0.7005938291549683,7.666261672973633,0.0,0.1091792583465576,16.30864143371582,8.92616081237793,37.0,25.0,30.0,40.0,
2025-12-17,09:56:41.275000,5a,Toxicity,Original,,119.55950164794922,1.1987448930740356,140.34454345703125,0.4720799922943115,0.7788364887237549,0.7494089603424072,11.153897285461426,11.67860984802246,6.80845308303833,0.1802479177713394,0.3386767208576202,0.5177847146987915,8.338411331176758,0.0,0.1947201490402221,6.917145729064941,17.365737915039062,37.0,25.0,30.0,77.77777862548828,
2025-12-17,09:56:43.275000,5a,Toxicity,Original,,93.4382553100586,1.7271636724472046,161.23973083496094,0.4398148357868194,0.7184103727340698,0.7127787470817566,11.153897285461426,10.893351554870604,6.770299911499023,0.2604172527790069,0.3832441866397857,0.2445161938667297,14.085128784179688,0.0,0.2381884902715683,8.094836235046387,24.60884094238281,37.0,25.0,30.0,0.0,
2025-12-17,09:56:45.275000,5a,Toxicity,Original,,123.78924560546876,1.266013741493225,153.49258422851562,0.421413242816925,0.5092319846153259,0.8784501552581787,11.153897285461426,8.854757308959961,8.445378303527832,0.2114628255367279,0.2980022430419922,0.4468967914581299,9.048483848571776,0.0,0.2004593312740326,8.883880615234375,3.5325746536254883,37.0,25.0,30.0,0.0,
2025-12-17,09:56:47.275000,5a,Toxicity,Original,,276.52716064453125,0.6472684144973755,181.28204345703125,0.4310424029827118,0.5758554339408875,0.667123556137085,11.153897285461426,10.693716049194336,8.275793075561523,0.1014802008867263,0.1328177154064178,0.608170747756958,7.020465850830078,0.0,0.0851399973034858,15.03237533569336,8.110746383666992,37.0,25.0,30.0,37.5,
2025-12-17,09:56:49.275000,5a,Toxicity,Original,,269.9129943847656,1.0098921060562134,228.61968994140625,0.4155555069446563,0.5220292806625366,0.7330453395843506,11.153897285461426,11.768157958984377,9.288302421569824,0.1337446570396423,0.142971470952034,0.6185108423233032,7.653153419494629,0.0,0.1001588553190231,14.1088228225708,9.517678260803224,37.0,25.0,30.0,55.55555725097656,
2025-12-17,09:56:51.275000,5a,Toxicity,Original,,272.1649780273437,0.7016382217407227,187.68821716308597,0.4450350999832153,0.6017391681671143,0.6415767073631287,11.153897285461426,11.363290786743164,8.707245826721191,0.1040132865309715,0.1182506158947944,0.6969466805458069,10.401244163513184,0.0,0.0768251046538353,18.539810180664062,12.790203094482422,37.0,25.0,30.0,57.14285659790039,
2025-12-17,09:56:53.275000,5a,Toxicity,Original,,130.3289031982422,1.1709895133972168,149.72276306152344,0.3046824634075165,0.5575360059738159,0.9037333726882936,11.153897285461426,11.922462463378906,7.687865734100342,0.1568490713834762,0.3179760277271271,0.3460594713687897,9.80237102508545,0.0,0.2062881886959076,10.167468070983888,4.421980381011963,37.0,25.0,30.0,20.0,
2025-12-17,09:56:55.275000,5a,Toxicity,Original,,272.70947265625,0.9644770622253418,202.82888793945312,0.398648053407669,0.5341713428497314,0.6593553423881531,11.153897285461426,10.535998344421388,8.04181957244873,0.140002429485321,0.146559476852417,0.61525559425354,7.651501178741455,0.0,0.1038534492254257,14.51360034942627,11.672636032104492,37.0,25.0,30.0,28.571428298950195,
2025-12-17,09:56:57.275000,5a,Toxicity,Original,,294.9533386230469,0.6161187887191772,179.70944213867188,0.3583360612392425,0.5460675954818726,0.6795564889907837,11.153897285461426,10.970470428466797,7.568389892578125,0.0966426432132721,0.1081741452217102,0.6074197888374329,9.085610389709473,0.0,0.0718578845262527,20.55517196655273,11.120113372802734,37.0,25.0,30.0,60.0,
2025-12-17,09:56:59.275000,5a,Toxicity,Original,,256.76776123046875,0.7074083089828491,175.46336364746094,0.3998092710971832,0.4832529127597809,0.6949402689933777,11.153897285461426,11.096990585327148,8.971519470214844,0.1128636971116066,0.1339452564716339,0.6834245324134827,10.260568618774414,0.0,0.0934034287929534,20.803071975708008,8.256085395812988,37.0,25.0,30.0,53.846153259277344,
2025-12-17,09:57:01.275000,5a,Toxicity,Original,,192.15249633789065,1.0815485715866089,166.57484436035156,0.2552304565906524,0.483231633901596,0.8558809757232666,11.153897285461426,11.574628829956056,7.03814697265625,0.1488599777221679,0.2710917294025421,0.4535281658172607,14.925259590148926,0.0,0.1890754550695419,9.184300422668455,11.076852798461914,37.0,25.0,30.0,0.0,
2025-12-17,09:57:01.275000,FinePointe Series WBP [SN 139781]  Site 1 Bias Flow is out of range.,,,,,,,,,,,,,,,,,,,,,,,,,
2025-12-17,09:57:03.275000,5a,Toxicity,Original,,108.62281799316406,1.5594565868377686,169.22457885742188,0.3792097270488739,0.5243335366249084,0.8880730867385864,11.153897285461426,9.625038146972656,7.652459621429443,0.2497493624687194,0.3287346959114074,0.3939441442489624,7.55369234085083,0.0,0.2163214385509491,8.59334659576416,2.9726758003234863,37.0,25.0,30.0,0.0,
2025-12-17,09:57:05.275000,5a,Toxicity,Original,,260.6275939941406,0.8212961554527283,202.30792236328125,0.3188808560371399,0.4519510567188263,0.7335915565490723,11.153897285461426,11.869791984558104,8.40655517578125,0.1148786693811416,0.1394271999597549,0.5857106447219849,9.686089515686035,0.0,0.1026965603232383,16.28516387939453,8.415445327758789,37.0,25.0,30.0,42.85714340209961,
2025-12-17,09:57:07.275000,5a,Toxicity,Original,,81.04846954345703,1.4339869022369385,116.22244262695312,0.7410920858383179,0.9915835857391356,0.1646526455879211,11.153897285461426,8.619187355041504,5.144634246826172,0.2544264495372772,0.4858713448047638,0.1914554685354232,6.606356143951416,0.0,0.2484186440706253,,7.240527153015137,37.0,25.0,30.0,75.0,
2025-12-17,09:57:09.275000,5a,Toxicity,Original,,88.90654754638672,1.621721625328064,144.01612854003906,0.442300945520401,0.8308067321777344,0.9164615273475648,11.153897285461426,9.469806671142578,6.075119018554688,0.2574542760848999,0.419704794883728,0.2927730083465576,8.457698822021484,0.0,0.2346727699041366,4.079022407531738,5.744926452636719,37.0,25.0,30.0,50.0,
2025-12-17,09:57:11.275000,5a,Toxicity,Original,,96.91091918945312,1.6531381607055664,160.02552795410156,0.3677343428134918,0.582679033279419,0.8965765833854675,11.153897285461426,9.005389213562012,6.333119869232178,0.2667381763458252,0.3526847064495086,0.2686067223548889,7.948133945465088,0.0,0.2278222441673278,4.658535003662109,2.693634033203125,37.0,25.0,30.0,0.0,
2025-12-17,09:57:11.275000,FinePointe Series WBP [SN 139781]  Site 1 Bias Flow is out of range.,,,,,,,,,,,,,,,,,,,,,,,,,
2025-12-17,09:57:13.275000,5a,Toxicity,Original,,149.2646484375,1.2830138206481934,183.60540771484372,0.3322634398937225,0.4827064275741577,0.8743124604225159,11.153897285461426,10.295909881591797,7.357423305511475,0.1994604468345642,0.2383328527212143,0.4185754060745239,9.862629890441896,0.0,0.1628867387771606,10.20850658416748,4.435255527496338,37.0,25.0,30.0,0.0,
2025-12-17,09:57:15.275000,5a,Toxicity,Original,,409.05670166015625,0.5398579835891724,192.57342529296875,0.5850920677185059,0.575927734375,0.6521715521812439,11.153897285461426,9.062788009643556,9.100350379943848,0.0888096839189529,0.0745001584291458,0.7660204768180847,6.057666778564453,0.0,0.048986978828907,19.875167846679688,11.554516792297363,37.0,25.0,30.0,45.45454406738281,
2025-12-17,09:57:17.275000,5a,Toxicity,Original,,160.86172485351562,1.191477656364441,185.30003356933597,0.1680877655744552,0.3598271608352661,0.9113231897354126,11.153897285461426,12.21405792236328,7.091615676879883,0.1675325334072113,0.217103898525238,0.3822144269943237,13.874037742614746,0.0,0.1652990132570266,13.080068588256836,3.495373010635376,37.0,25.0,30.0,77.77777862548828,
2025-12-17,09:57:19.275000,5a,Toxicity,Original,,405.0920715332031,0.3906397521495819,158.66567993164062,0.4909860789775848,0.5016746520996094,0.726202666759491,11.153897285461426,9.100140571594238,9.168462753295898,0.0728511959314346,0.0797458663582801,0.7742133736610413,6.811586856842041,0.0,0.0546706095337867,21.361230850219727,11.899979591369627,37.0,25.0,30.0,66.66666412353516,
2025-12-17,09:57:19.275000,FinePointe Series WBP [SN 139781]  Site 1 Bias Flow is out of range.,,,,,,,,,,,,,,,,,,,,,,,,,
2025-12-17,09:57:23.275000,5a,Toxicity,Original,,85.886474609375,2.4063422679901123,138.44300842285156,5.169232368469238,3.575714349746704,0.1293194442987442,11.153897285461426,15.125893592834473,10.312980651855469,0.2807109653949737,0.8674530982971191,0.3858106136322021,6.111243724822998,596.779296875,0.1781100183725357,3.7033324241638175,19.058330535888672,37.0,25.0,30.0,50.0,
2025-12-17,09:57:25.275000,5a,Toxicity,Original,,110.37907409667967,1.3530439138412476,149.24415588378906,0.5184208750724792,0.7648590803146362,0.4164309501647949,11.153897285461426,10.60185432434082,6.508028507232666,0.2017520666122436,0.342438668012619,0.5467366576194763,8.76504135131836,0.0,0.1976106017827987,6.97046422958374,13.156804084777832,37.0,25.0,30.0,0.0,
2025-12-17,09:57:27.275000,5a,Toxicity,Original,,181.85479736328125,1.1818917989730835,196.649658203125,0.3948386311531067,0.5965922474861145,0.7255405783653259,11.153897285461426,10.941899299621582,7.07819128036499,0.1672264188528061,0.2147689461708068,0.4987516403198242,8.008004188537598,0.0,0.1380344182252884,10.851819038391112,8.655794143676758,37.0,25.0,30.0,0.0,
2025-12-17,09:57:29.275000,5a,Toxicity,Original,,429.3504638671875,0.3689411282539367,159.26084899902344,0.434916615486145,0.6041313409805298,0.6217167377471924,11.153897285461426,10.502535820007324,7.735663414001465,0.0612203702330589,0.0790463685989379,0.6809939742088318,4.817398071289063,0.0,0.0498683154582977,17.521127700805664,12.124799728393556,37.0,25.0,30.0,88.23529052734375,
2025-12-17,09:57:31.275000,5a,Toxicity,Original,,342.3254699707031,0.6072610020637512,208.5807037353516,0.4011865556240082,0.559758186340332,0.69239342212677,11.153897285461426,12.403680801391602,9.01805591583252,0.0823972448706626,0.0940619483590126,0.7688207030296326,8.044787406921387,0.0,0.0620860680937767,20.797163009643555,11.848122596740724,37.0,25.0,30.0,72.7272720336914,
2025-12-17,09:57:31.275000,FinePointe Series WBP [SN 139781]  Site 1 Bias Flow is out of range.,,,,,,,,,,,,,,,,,,,,,,,,,
2025-12-17,09:57:35.275000,5a,Toxicity,Original,,147.2215576171875,1.154409646987915,167.2233123779297,0.3165813386440277,0.4605149328708648,0.7809038162231445,11.153897285461426,11.853580474853516,8.515121459960938,0.155457004904747,0.2559362351894378,0.4953210949897766,9.951480865478516,0.0,0.1813974976539611,12.479637145996094,7.86782169342041,37.0,25.0,30.0,69.23076629638672,
2025-12-17,09:57:37.275000,5a,Toxicity,Original,,111.66644287109376,1.4565961360931396,159.79672241210938,0.4547893404960632,0.7826502323150635,0.4304018318653106,11.153897285461426,10.80471897125244,5.6787943840026855,0.2025303691625595,0.3376864194869995,0.3192802667617798,6.1715898513793945,0.0,0.1934062540531158,2.327075481414795,9.667356491088867,37.0,25.0,30.0,0.0,
2025-12-17,09:57:39.275000,5a,Toxicity,Original,,90.29988098144533,1.8154065608978271,163.73422241210938,0.3663146197795868,0.7877224087715149,0.8778836131095886,11.153897285461426,10.9882230758667,4.816042423248291,0.2395975887775421,0.4269766509532928,0.2955527007579803,7.66368818283081,0.0,0.2443611174821853,2.389588594436645,8.682916641235352,37.0,25.0,30.0,0.0,
2025-12-17,09:57:41.275000,5a,Toxicity,Original,,108.30382537841795,1.385873317718506,149.40150451660156,0.4078195691108703,0.5581373572349548,0.8922294974327087,11.153897285461426,9.4077787399292,7.786097526550293,0.2174499332904815,0.3455992937088012,0.4207028150558471,8.166667938232422,0.0,0.2256903201341629,7.516961574554443,2.650238513946533,37.0,25.0,30.0,0.0,
2025-12-17,09:57:41.275000,FinePointe Series WBP [SN 139781]  Site 1 Bias Flow is out of range.,,,,,,,,,,,,,,,,,,,,,,,,,
2025-12-17,09:57:43.275000,5a,Toxicity,Original,,220.11810302734372,0.8585780262947083,174.67794799804688,0.3487590849399566,0.4645936191082001,0.7855882048606873,11.153897285461426,10.813806533813477,8.490995407104492,0.1265512406826019,0.182780846953392,0.5063039660453796,8.088966369628906,0.0,0.1310274451971054,12.686391830444336,6.958080291748047,37.0,25.0,30.0,0.0,
2025-12-17,09:57:45.275000,5a,Toxicity,Original,,136.5447998046875,1.1777458190917969,160.9961700439453,0.3173762857913971,0.5391781330108643,0.8819278478622437,11.153897285461426,11.252622604370115,7.523663997650146,0.1633963882923126,0.2761683762073517,0.4353581070899963,7.987191677093506,0.0,0.1833890378475189,8.707696914672852,4.611382961273193,37.0,25.0,30.0,50.0,
2025-12-17,09:57:47.275000,5a,Toxicity,Original,,87.13358306884766,1.6974272727966309,148.12301635742188,0.3631694912910461,0.7089515924453735,0.9216798543930054,11.153897285461426,10.124128341674805,5.7005157470703125,0.2528049647808075,0.436585009098053,0.2561646699905395,11.195878982543944,0.0,0.2620040774345398,3.2122743129730225,5.654962062835693,37.0,25.0,30.0,66.66666412353516,
2025-12-17,09:57:49.275000,5a,Toxicity,Original,,95.1561050415039,1.6330922842025757,154.69923400878906,0.3015398979187011,0.5544407963752747,0.921042799949646,11.153897285461426,9.287939071655272,5.642799377441406,0.2386147081851959,0.3928100764751434,0.3179884850978851,6.798017978668213,0.0,0.2571624219417572,2.342437982559204,4.630785465240479,37.0,25.0,30.0,0.0,
2025-12-17,09:57:51.275000,5a,Toxicity,Original,,193.6458740234375,1.1446540355682373,211.03770446777344,0.3305036127567291,0.4783604145050049,0.8218948245048523,11.153897285461426,11.427538871765137,8.350104331970215,0.1556941866874694,0.1816999018192291,0.5666670799255371,8.6498384475708,0.0,0.1263961493968963,14.057331085205078,6.745810508728027,37.0,25.0,30.0,33.33333206176758,
2025-12-17,09:57:51.275000,FinePointe Series WBP [SN 139781]  Site 1 Bias Flow is out of range.,,,,,,,,,,,,,,,,,,,,,,,,,
2025-12-17,09:57:53.275000,5a,Toxicity,Original,,222.8634185791016,0.8579580783843994,186.30422973632807,0.360842227935791,0.4596450328826904,0.7988919615745544,11.153897285461426,10.777595520019531,8.640581130981445,0.1256651878356933,0.1685969680547714,0.6067050695419312,10.340869903564451,0.0,0.1200607866048812,15.412588119506836,9.139312744140623,37.0,25.0,30.0,33.33333206176758,
2025-12-17,09:57:55.275000,5a,Toxicity,Original,,262.7565002441406,0.8030536770820618,208.19155883789065,0.3771696090698242,0.4709020256996155,0.7835033535957336,11.153897285461426,11.29417324066162,8.722087860107422,0.1157422140240669,0.1233584806323051,0.6223732829093933,12.372084617614746,0.0,0.0876258164644241,16.921161651611328,7.871220111846924,37.0,25.0,30.0,58.33333206176758,
2025-12-17,09:57:57.275000,5a,Toxicity,Original,,268.84210205078125,0.7577048540115356,196.81753540039065,0.3871051371097564,0.5386351346969604,0.7280179858207703,11.153897285461426,11.271818161010742,8.766280174255371,0.1154430359601974,0.1344595551490783,0.7015544772148132,9.730549812316896,0.0,0.0923039466142654,17.678674697875977,9.902560234069824,37.0,25.0,30.0,42.85714340209961,
2025-12-17,09:57:59.275000,5a,Toxicity,Original,,103.82711791992188,1.3981763124465942,145.86695861816406,0.1766946017742157,0.538652241230011,0.8813934326171875,11.153897285461426,13.128273010253906,5.3299479484558105,0.1753863394260406,0.4052248299121856,0.2306064963340759,10.864913940429688,0.0,0.2679193019866943,,5.254850387573242,37.0,25.0,30.0,50.0,
2025-12-17,09:58:01.275000,5a,Toxicity,Original,,92.04666900634766,1.5661752223968506,144.01119995117188,0.3647441864013672,0.6797523498535156,0.6374713778495789,11.153897285461426,10.087603569030762,5.405611038208008,0.2351279407739639,0.4168477654457092,0.2745647430419922,7.114343643188477,0.0,0.2539304196834564,2.3801231384277344,7.074782848358154,37.0,25.0,30.0,0.0,
2025-12-17,09:58:01.275000,FinePointe Series WBP [SN 139781]  Site 1 Bias Flow is out of range.,,,,,,,,,,,,,,,,,,,,,,,,,
2025-12-17,09:58:03.275000,5a,Toxicity,Original,,97.23062133789062,1.3597530126571655,132.19883728027344,0.4942286312580108,0.658877432346344,0.9017743468284608,11.153897285461426,8.368176460266113,6.857282161712647,0.2282241433858871,0.3888936638832092,0.4042048752307892,6.13448429107666,0.0,0.2386090606451034,3.18426513671875,4.804934024810791,37.0,25.0,30.0,0.0,
2025-12-17,09:58:05.275000,5a,Toxicity,Original,,172.575927734375,1.1951913833618164,174.49322509765625,0.427894651889801,0.5269668102264404,0.8081410527229309,11.153897285461426,9.339698791503906,8.242392539978027,0.1887032985687255,0.2560506761074066,0.4826399683952331,7.325385570526123,0.0,0.1728413254022598,7.658169746398926,6.390204429626465,37.0,25.0,30.0,0.0,
2025-12-17,09:58:07.275000,5a,Toxicity,Original,,210.53680419921875,0.909656822681427,178.11837768554688,0.3415324091911316,0.5760850310325623,0.6154857873916626,11.153897285461426,10.49183750152588,6.555736541748047,0.1367943286895752,0.1656501591205597,0.4926503896713257,7.106972694396973,0.0,0.1081505417823791,12.246081352233888,6.719531536102295,37.0,25.0,30.0,33.33333206176758,
2025-12-17,09:58:09.275000,5a,Toxicity,Original,,142.2463836669922,1.261690616607666,176.79302978515625,0.2729007601737976,0.4145561456680298,0.8898983597755432,11.153897285461426,12.390016555786133,8.55322265625,0.1575189679861068,0.2681615054607391,0.5497969388961792,11.84642505645752,0.0,0.193898394703865,11.363944053649902,5.736551284790039,37.0,25.0,30.0,57.14285659790039,
2025-12-17,09:58:11.275000,5a,Toxicity,Original,,182.24530029296875,0.8992570638656616,149.91802978515625,0.2939261794090271,0.3861746788024902,0.8534665703773499,11.153897285461426,10.566105842590332,7.991709232330322,0.1327810287475586,0.2266912162303924,0.4158368706703186,11.969679832458496,0.0,0.1641681492328643,15.211166381835938,4.612103462219238,37.0,25.0,30.0,0.0,
2025-12-17,09:58:11.275000,FinePointe Series WBP [SN 139781]  Site 1 Bias Flow is out of range.,,,,,,,,,,,,,,,,,,,,,,,,,
2025-12-17,09:58:13.275000,5a,Toxicity,Original,,251.61492919921875,0.870607316493988,187.7539825439453,0.3446717858314514,0.4721643626689911,0.7564703822135925,11.153897285461426,10.76572322845459,7.779639720916748,0.1290717720985412,0.1751258373260498,0.5956839323043823,8.247941970825195,0.0,0.1328319162130355,12.642483711242676,15.243526458740234,37.0,25.0,30.0,25.0,
2025-12-17,09:58:15.275000,5a,Toxicity,Original,,112.9486846923828,1.327568769454956,141.66384887695312,0.3195247054100036,0.5096936225891113,0.7362461686134338,11.153897285461426,11.42742156982422,8.232009887695312,0.1822430193424224,0.36758553981781,0.4199522137641907,18.20447540283203,0.0,0.2579203248023987,7.526370048522949,14.205512046813965,37.0,25.0,30.0,20.0,
2025-12-17,09:58:17.275000,5a,Toxicity,Original,,90.17057037353516,1.3967883586883545,125.8245849609375,0.3446086943149566,0.6463850140571594,0.8998188972473145,11.153897285461426,9.38685703277588,5.835243225097656,0.2304697483778,0.4379383623600006,0.2967728078365326,8.657114028930664,0.0,0.2697986662387848,3.2461085319519043,5.001726150512695,37.0,25.0,30.0,0.0,
2025-12-17,09:58:19.275000,5a,Toxicity,Original,,96.86359405517578,1.5013052225112915,145.51219177246094,0.3394949734210968,0.514011561870575,0.8942604660987854,11.153897285461426,9.049570083618164,7.010114669799805,0.2363413572311401,0.3832384049892425,0.3219076693058014,6.900530815124512,0.0,0.257679283618927,2.372053623199463,3.3070433139801025,37.0,25.0,30.0,0.0,
2025-12-17,09:58:21.275000,5a,Toxicity,Original,,98.0795669555664,1.465298056602478,143.6363525390625,0.295991986989975,0.4854714274406433,0.9016770124435424,11.153897285461426,9.361933708190918,7.014676570892334,0.2266474664211273,0.3852505087852478,0.337398499250412,9.235740661621094,0.0,0.2638041377067566,4.122668743133545,2.399165153503418,37.0,25.0,30.0,0.0,
2025-12-17,09:58:21.275000,FinePointe Series WBP [SN 139781]  Site 1 Bias Flow is out of range.,,,,,,,,,,,,,,,,,,,,,,,,,
2025-12-17,09:58:23.275000,5a,Toxicity,Original,,181.95391845703125,1.2098432779312134,169.14385986328125,0.3627497255802154,0.5592284798622131,0.8365879654884338,11.153897285461426,9.403924942016602,6.255349159240723,0.1922352612018585,0.248628631234169,0.4142394661903381,8.559150695800781,0.0,0.1599256247282028,10.105267524719238,7.158260345458984,37.0,25.0,30.0,0.0,
2025-12-17,09:58:25.275000,5a,Toxicity,Original,,197.72154235839844,0.863949716091156,168.2826385498047,0.3431094586849212,0.5851753354072571,0.7145335078239441,11.153897285461426,10.858412742614746,6.557291030883789,0.1276226192712783,0.1899637132883072,0.3907343447208404,7.779710292816162,0.0,0.1208216175436973,7.9329071044921875,6.959852695465088,37.0,25.0,30.0,37.5,
2025-12-17,09:58:27.275000,5a,Toxicity,Original,,136.6067352294922,1.5778988599777222,215.55160522460935,0.2174026668071746,0.4306870400905609,0.8990203738212585,11.153897285461426,13.351319313049316,7.189652442932129,0.1811583489179611,0.2580586671829223,0.228487879037857,7.489526271820068,0.0,0.1833758503198623,4.072168827056885,,37.0,25.0,30.0,66.66666412353516,
2025-12-17,09:58:29.275000,5a,Toxicity,Original,,339.1855773925781,0.7145962715148926,156.55615234375,0.2988438904285431,0.603961706161499,0.7955247163772583,11.153897285461426,10.681729316711426,4.885847568511963,0.0995123833417892,0.1662842184305191,0.3500743508338928,6.344753265380859,0.0,0.1046828106045723,10.48703670501709,9.61333179473877,37.0,25.0,30.0,75.0,
2025-12-17,09:58:31.275000,5a,Toxicity,Original,,88.73382568359375,1.9116461277008057,169.627685546875,0.3019737303256988,0.8554273247718811,0.929379403591156,11.153897285461426,12.1140775680542,4.887113094329834,0.2371769398450851,0.4390026330947876,0.2325618118047714,12.197941780090332,0.0,0.240809753537178,0.6194483041763306,9.435112953186035,37.0,25.0,30.0,66.66666412353516,
2025-12-17,09:58:31.275000,FinePointe Series WBP [SN 139781]  Site 1 Bias Flow is out of range.,,,,,,,,,,,,,,,,,,,,,,,,,
2025-12-17,09:58:33.275000,5a,Toxicity,Original,,93.50692749023438,1.616147756576538,150.8011016845703,0.3282312154769897,0.5864465236663818,0.9153314232826232,11.153897285461426,10.006128311157228,6.393159866333008,0.2302711009979248,0.4122058451175689,0.3841412365436554,7.871897220611572,0.0,0.2642533481121063,4.189369201660156,5.078812599182129,37.0,25.0,30.0,0.0,
2025-12-17,09:58:35.275000,5a,Toxicity,Original,,285.07525634765625,0.8932871222496033,204.0458831787109,0.4905807375907898,0.5875862836837769,0.7233594059944153,11.153897285461426,10.741891860961914,9.266474723815918,0.1243536323308944,0.1453680098056793,0.7571116089820862,6.445750236511231,0.0,0.0944886431097984,16.415687561035156,10.572880744934082,37.0,25.0,30.0,42.85714340209961,
2025-12-17,09:58:37.275000,5a,Toxicity,Original,,275.63641357421875,0.7192348837852478,181.62237548828125,0.4655345678329468,0.4906183779239654,0.7290806174278259,11.153897285461426,10.710501670837402,10.625699996948242,0.1070508882403373,0.1644482910633087,0.7041438817977905,7.806982040405273,0.0,0.1226726099848747,16.263107299804688,13.532171249389648,37.0,25.0,30.0,62.5,
2025-12-17,09:58:39.275000,5a,Toxicity,Original,,167.27474975585938,0.9058945178985596,141.6954803466797,0.3208558559417724,0.6740630865097046,0.8944984674453735,11.153897285461426,11.749591827392578,6.144525527954102,0.1342233121395111,0.2803968787193298,0.3175836503505707,7.964930534362793,0.0,0.1673820167779922,9.653075218200684,7.488972663879394,37.0,25.0,30.0,50.0,
2025-12-17,09:58:41.275000,5a,Toxicity,Original,,101.31143188476562,1.449735403060913,143.30154418945312,0.2636508047580719,0.7263936996459961,0.9294902682304382,11.153897285461426,12.572887420654297,4.888755798339844,0.1856888830661773,0.4268797934055328,0.2957287132740021,11.22788429260254,0.0,0.249879390001297,2.395329236984253,9.796900749206545,37.0,25.0,30.0,60.0,
2025-12-17,09:58:41.275000,FinePointe Series WBP [SN 139781]  Site 1 Bias Flow is out of range.,,,,,,,,,,,,,,,,,,,,,,,,,
2025-12-17,09:58:43.275000,5a,Toxicity,Original,,85.43901062011719,1.68390154838562,143.84133911132812,0.3431273102760315,0.5789426565170288,0.9083204865455629,11.153897285461426,9.27284336090088,6.642616748809815,0.2537959814071655,0.4490068852901459,0.2989066243171692,7.117171287536621,0.0,0.2894434332847595,0.9982030391693116,2.6098833084106445,37.0,25.0,30.0,0.0,
2025-12-17,09:58:45.275000,5a,Toxicity,Original,,179.3202667236328,1.1163275241851809,170.71836853027344,0.4438551962375641,0.5596789717674255,0.6759501695632935,11.153897285461426,9.420920372009276,7.903911590576172,0.1861527562141418,0.263266772031784,0.5408568382263184,9.7720947265625,0.0,0.1710764169692993,11.253747940063477,6.517992973327637,37.0,25.0,30.0,0.0,
2025-12-17,09:58:47.275000,5a,Toxicity,Original,,280.5368957519531,0.8186835050582886,185.43582153320312,0.4335418045520782,0.6348206996917725,0.7567616701126099,11.153897285461426,10.84783172607422,8.055948257446289,0.1201727390289306,0.2146323025226593,0.5764747858047485,6.206716060638428,0.0,0.134978100657463,10.235240936279297,11.93852424621582,37.0,25.0,30.0,66.66666412353516,
2025-12-17,09:58:49.275000,5a,Toxicity,Original,,94.7169189453125,1.253006935119629,115.46484375,0.2488529086112976,0.5786088109016418,0.928248643875122,11.153897285461426,10.071714401245115,5.6901469230651855,0.1927639245986938,0.4489271342754364,0.2567319869995117,13.05793285369873,0.0,0.2944049537181854,2.3676769733428955,6.503650665283203,37.0,25.0,30.0,33.33333206176758,
2025-12-17,09:58:51.275000,5a,Toxicity,Original,,202.86911010742188,1.2762248516082764,192.5389862060547,0.2821289300918579,0.4783025979995727,0.8276210427284241,11.153897285461426,11.047433853149414,6.866502285003662,0.172510489821434,0.2450761497020721,0.4026634991168976,11.088388442993164,0.0,0.1741358488798141,12.676220893859863,6.487301826477051,37.0,25.0,30.0,16.66666603088379,
2025-12-17,09:58:51.275000,FinePointe Series WBP [SN 139781]  Site 1 Bias Flow is out of range.,,,,,,,,,,,,,,,,,,,,,,,,,
2025-12-17,09:58:53.275000,5a,Toxicity,Original,,326.3897705078125,0.8473650813102722,250.87913513183597,0.6357715129852295,0.6070362329483032,0.5657615065574646,11.153897285461426,12.762971878051758,12.864255905151367,0.1060622483491897,0.0951313078403472,1.0305941104888916,6.998187065124512,0.0,0.0602309070527553,16.73971176147461,10.847132682800291,37.0,25.0,30.0,60.0,
2025-12-17,09:58:55.275000,5a,Toxicity,Original,,312.4712219238281,0.587578296661377,176.6839141845703,0.3825018405914306,0.5716159343719482,0.6460594534873962,11.153897285461426,11.244153022766112,7.71264123916626,0.0941162556409835,0.1070761680603027,0.6225857734680176,9.575593948364258,0.0,0.0702626705169677,18.074337005615234,10.459979057312012,37.0,25.0,30.0,0.0,
2025-12-17,09:58:57.275000,5a,Toxicity,Original,,123.6490707397461,1.2561241388320925,149.99319458007812,0.3731699585914612,0.6875448822975159,0.898314356803894,11.153897285461426,13.53652286529541,8.138162612915039,0.1639595627784729,0.346931904554367,0.3999831974506378,8.382590293884277,0.0,0.2073175907135009,6.755295276641846,5.946020126342773,37.0,25.0,30.0,62.5,
2025-12-17,09:58:59.275000,5a,Toxicity,Original,,116.92854309082033,1.777994990348816,206.681396484375,0.2011155635118484,0.3556089401245117,0.8894590139389038,11.153897285461426,13.022632598876951,8.353797912597656,0.2079556137323379,0.3131401836872101,0.4916443228721618,23.092533111572266,0.0,0.2386759221553802,14.3041410446167,2.724767208099365,37.0,25.0,30.0,40.0,
2025-12-17,09:58:59.275000,FinePointe Series WBP [SN 139781]  Site 2 Bias Flow is out of range.,,,,,,,,,,,,,,,,,,,,,,,,,
2025-12-17,09:59:01.275000,5a,Toxicity,Original,,88.45317077636719,1.4865717887878418,131.4919891357422,0.473806768655777,0.8797075152397156,0.1965610682964325,11.153897285461426,11.517217636108398,4.896435737609863,0.2102770954370498,0.4680479168891907,0.2199499160051345,7.338621616363525,0.0,0.2523891031742096,,11.743901252746582,37.0,25.0,30.0,66.66666412353516,
2025-12-17,09:59:01.275000,FinePointe Series WBP [SN 139781]  Site 1 Bias Flow is out of range.,,,,,,,,,,,,,,,,,,,,,,,,,
2025-12-17,09:59:03.275000,5a,Toxicity,Original,,100.83168029785156,1.4753947257995603,149.18138122558594,0.3489585518836975,0.5578083395957947,0.8418350219726562,11.153897285461426,9.408337593078612,6.825911998748779,0.2292289435863495,0.3696303963661194,0.3909964561462402,7.094966888427734,0.0,0.2413812130689621,4.164715766906738,3.514369010925293,37.0,25.0,30.0,0.0,
2025-12-17,09:59:05.275000,5a,Toxicity,Original,,124.4747314453125,1.219707489013672,143.9101104736328,0.303418219089508,0.5966300368309021,0.8944098353385925,11.153897285461426,10.766778945922852,6.196381568908691,0.1758973300457,0.3543561398983001,0.334488570690155,8.144920349121094,0.0,0.2214299440383911,10.187952041625977,6.003599643707275,37.0,25.0,30.0,0.0,
2025-12-17,09:59:07.275000,5a,Toxicity,Original,,89.714599609375,1.4836301803588867,133.1000213623047,0.3412218689918518,0.5607396960258484,0.8717651963233948,11.153897285461426,9.006564140319824,5.8189005851745605,0.2397070527076721,0.4290815889835357,0.275598794221878,6.962838649749756,0.0,0.2796081900596618,0.8405875563621521,1.792388677597046,37.0,25.0,30.0,0.0,
2025-12-17,09:59:09.275000,5a,Toxicity,Original,,125.07256317138672,1.3944376707077026,173.4720458984375,0.288550853729248,0.5091984272003174,0.897247314453125,11.153897285461426,10.96628761291504,6.482738018035889,0.2001258283853531,0.3053843080997467,0.3596326410770416,8.106575012207031,0.0,0.2054127007722854,9.278932571411133,4.38883113861084,37.0,25.0,30.0,0.0,
2025-12-17,09:59:09.275000,FinePointe Series WBP [SN 139781]  Site 2 Bias Flow is out of range.,,,,,,,,,,,,,,,,,,,,,,,,,
2025-12-17,09:59:11.275000,5a,Toxicity,Original,,90.0229263305664,1.4362138509750366,128.45802307128906,0.3692106902599334,0.6749363541603088,0.9279903173446656,11.153897285461426,9.532960891723633,5.4945831298828125,0.2253515273332595,0.4446789026260376,0.3155165016651153,7.903301239013672,0.0,0.2704030871391296,4.190325736999512,5.366449356079102,37.0,25.0,30.0,0.0,
2025-12-17,09:59:11.275000,FinePointe Series WBP [SN 139781]  Site 1 Bias Flow is out of range.,,,,,,,,,,,,,,,,,,,,,,,,,
2025-12-17,09:59:13.275000,5a,Toxicity,Original,,97.54612731933594,1.5199886560440063,148.1470947265625,0.3828765451908111,0.6188730597496033,0.9033453464508056,11.153897285461426,9.26711654663086,6.2884602546691895,0.2417666614055633,0.3814321458339691,0.3513129353523254,8.218544006347656,0.0,0.2398391813039779,5.008422374725342,6.057331562042236,37.0,25.0,30.0,0.0,
2025-12-17,09:59:15.275000,5a,Toxicity,Original,,192.54161071777344,0.9679754376411438,165.51736450195312,0.3205831944942474,0.5445383787155151,0.793014407157898,11.153897285461426,10.559774398803713,6.830569744110107,0.1419273018836975,0.219456285238266,0.4810987710952759,8.158340454101562,0.0,0.1450645923614502,11.662280082702637,8.520880699157715,37.0,25.0,30.0,0.0,
2025-12-17,09:59:17.275000,5a,Toxicity,Original,,177.34332275390625,1.0661606788635254,165.1154022216797,0.2639490365982055,0.3437595069408417,0.877622663974762,11.153897285461426,11.703454971313477,9.327552795410156,0.140141412615776,0.2474302053451538,0.4093046188354492,11.484042167663574,0.0,0.1897525340318679,12.338814735412598,7.194576740264893,37.0,25.0,30.0,57.14285659790039,
2025-12-17,09:59:19.275000,5a,Toxicity,Original,,242.1533966064453,0.9933041930198668,169.532958984375,0.515877902507782,0.5485363602638245,0.7898461222648621,11.153897285461426,10.942835807800291,8.682190895080566,0.1379093825817108,0.1902937591075897,0.5944713354110718,10.822949409484863,0.0,0.1303761154413223,13.29660987854004,7.292277812957764,37.0,25.0,30.0,57.14285659790039,
2025-12-17,09:59:19.275000,FinePointe Series WBP [SN 139781]  Site 2 Bias Flow is out of range.,,,,,,,,,,,,,,,,,,,,,,,,,
2025-12-17,09:59:21.275000,5a,Toxicity,Original,,204.8498992919922,0.9243292808532716,159.85838317871094,0.3491107225418091,0.5693814158439636,0.8447861075401306,11.153897285461426,10.619088172912598,6.774452209472656,0.1299605518579483,0.210060179233551,0.4230785965919494,7.193421840667725,0.0,0.1373699903488159,8.87531852722168,7.1358795166015625,37.0,25.0,30.0,0.0,
2025-12-17,09:59:21.275000,FinePointe Series WBP [SN 139781]  Site 4 Bias Flow is out of range.,,,,,,,,,,,,,,,,,,,,,,,,,
2025-12-17,09:59:21.275000,FinePointe Series WBP [SN 139781]  Site 1 Bias Flow is out of range.,,,,,,,,,,,,,,,,,,,,,,,,,
2025-12-17,09:59:23.275000,5a,Toxicity,Original,,134.87181091308594,1.349083662033081,168.8538818359375,0.3162346482276916,0.6139591336250305,0.7501956820487976,11.153897285461426,12.776731491088867,6.567808151245117,0.1638729274272918,0.3243250548839569,0.5281969308853149,7.658842086791992,0.0,0.2012941241264343,9.720056533813477,9.876805305480955,37.0,25.0,30.0,20.0,
2025-12-17,09:59:25.275000,5a,Toxicity,Original,,176.97259521484375,1.0305514335632324,163.20858764648438,0.2954413294792175,0.5768876671791077,0.7754419445991516,11.153897285461426,11.70677375793457,7.087673187255859,0.1422295272350311,0.2403568178415298,0.4525068402290344,9.349946022033691,0.0,0.1615221053361892,9.316388130187988,10.768335342407228,37.0,25.0,30.0,20.0,
2025-12-17,09:59:27.275000,5a,Toxicity,Original,,151.8087615966797,1.2266292572021484,182.6034240722656,0.3206792771816253,0.4720075130462646,0.8737202286720276,11.153897285461426,10.897241592407228,7.925013065338135,0.1718046069145202,0.2506346106529236,0.4337300658226013,8.419198036193848,0.0,0.1733537018299102,6.387793064117432,4.178038120269775,37.0,25.0,30.0,40.0,
2025-12-17,09:59:29.275000,5a,Toxicity,Original,,83.03304290771484,1.4513458013534546,120.50965881347656,0.3912169933319092,0.7994723916053772,0.904508113861084,11.153897285461426,9.765185356140137,4.142598628997803,0.2250959128141403,0.4975079894065857,0.3487660586833954,7.154358863830566,0.0,0.2810249328613281,2.0632145404815674,13.869924545288086,37.0,25.0,30.0,80.0,
2025-12-17,09:59:29.275000,FinePointe Series WBP [SN 139781]  Site 2 Bias Flow is out of range.,,,,,,,,,,,,,,,,,,,,,,,,,
2025-12-17,09:59:31.275000,5a,Toxicity,Original,,89.44964599609375,1.686310887336731,150.7521209716797,0.3747672438621521,0.7256026268005371,0.890163242816925,11.153897285461426,9.292497634887695,5.647934913635254,0.2564780712127685,0.4150763154029846,0.2492335587739944,7.823903083801269,0.0,0.2491104155778885,1.2375640869140625,17.828702926635742,37.0,25.0,30.0,0.0,
2025-12-17,09:59:31.275000,FinePointe Series WBP [SN 139781]  Site 4 Bias Flow is out of range.,,,,,,,,,,,,,,,,,,,,,,,,,
2025-12-17,09:59:31.275000,FinePointe Series WBP [SN 139781]  Site 1 Bias Flow is out of range.,,,,,,,,,,,,,,,,,,,,,,,,,
2025-12-17,09:59:33.275000,5a,Toxicity,Original,,98.6620635986328,1.5530071258544922,153.2295684814453,0.3768139779567718,0.549720823764801,0.9012715220451356,11.153897285461426,9.481405258178713,6.941375255584717,0.2376385629177093,0.370561420917511,0.343878835439682,7.836329460144043,0.0,0.2437060475349426,2.7773609161376958,5.398711204528809,37.0,25.0,30.0,0.0,
2025-12-17,09:59:35.275000,5a,Toxicity,Original,,178.79290771484375,1.053206205368042,140.0583038330078,0.3685299456119537,0.517559826374054,0.8268340229988098,11.153897285461426,8.887819290161133,7.011935710906982,0.1771403551101684,0.2681572735309601,0.4875458180904388,9.343987464904783,0.0,0.1798143684864044,11.070725440979004,6.093961715698242,37.0,25.0,30.0,25.0,
2025-12-17,09:59:37.275000,5a,Toxicity,Original,,92.75007629394533,1.567149043083191,144.844970703125,0.391419380903244,0.8073923587799072,0.9246172904968262,11.153897285461426,10.37392807006836,5.101417541503906,0.2265287935733795,0.4228943586349487,0.2969472408294678,6.975973129272461,0.0,0.2376487851142883,1.2349061965942385,3.334961414337158,37.0,25.0,30.0,50.0,
2025-12-17,09:59:39.275000,5a,Toxicity,Original,,96.92854309082033,1.5353710651397705,148.70980834960938,0.3261815011501312,0.5022717118263245,0.908650040626526,11.153897285461426,9.030346870422363,7.101234436035156,0.2456125617027282,0.376193106174469,0.3190087378025055,8.703018188476562,0.0,0.2554410099983215,4.816488265991211,1.817653775215149,37.0,25.0,30.0,0.0,
2025-12-17,09:59:39.275000,FinePointe Series WBP [SN 139781]  Site 2 Bias Flow is out of range.,,,,,,,,,,,,,,,,,,,,,,,,,
2025-12-17,09:59:41.275000,5a,Toxicity,Original,,236.1243438720703,0.9375187158584596,217.88674926757807,0.2860884070396423,0.4715676307678222,0.7928987145423889,11.153897285461426,10.62564182281494,6.71215295791626,0.1368228942155838,0.1203691214323043,0.4520216882228851,7.07909107208252,0.0,0.0836674645543098,15.67520809173584,6.982638835906982,37.0,25.0,30.0,62.5,
2025-12-17,09:59:41.275000,FinePointe Series WBP [SN 139781]  Site 1 Bias Flow is out of range.,,,,,,,,,,,,,,,,,,,,,,,,,
2025-12-17,09:59:43.275000,5a,Toxicity,Original,,153.60540771484375,1.3883647918701172,211.43719482421875,0.2194147109985351,0.4244697093963623,0.8420118093490601,11.153897285461426,13.37095832824707,7.27849817276001,0.1760556399822235,0.2204903960227966,0.4470715522766113,34.04834747314453,0.0,0.1647926717996597,20.237741470336918,4.508462905883789,37.0,25.0,30.0,0.0,
2025-12-17,09:59:45.275000,5a,Toxicity,Original,,176.85853576660156,1.016823410987854,170.17979431152344,0.2322336286306381,0.4195092320442199,0.8812018632888794,11.153897285461426,11.71505641937256,6.941049575805664,0.1444534957408905,0.2152367979288101,0.4400888383388519,13.774293899536133,0.0,0.1543482542037964,15.291672706604004,4.773567199707031,37.0,25.0,30.0,37.5,
2025-12-17,09:59:47.275000,5a,Toxicity,Original,,106.69937133789062,1.3253815174102783,141.38064575195312,0.3030773997306824,0.5544078350067139,0.844980001449585,11.153897285461426,12.42904567718506,6.512127876281738,0.1739532798528671,0.3883765041828155,0.3301255702972412,11.356334686279297,0.0,0.2619675397872925,7.729779243469238,13.47477912902832,37.0,25.0,30.0,33.33333206176758,
2025-12-17,09:59:49.275000,5a,Toxicity,Original,,110.27251434326172,1.5098533630371094,161.57606506347656,0.3238137364387512,0.5890288949012756,0.635310173034668,11.153897285461426,11.329556465148926,6.436850070953369,0.2154408395290374,0.3552905321121216,0.2212267369031906,8.625103950500488,0.0,0.2296221852302551,8.922475814819336,11.905183792114258,37.0,25.0,30.0,0.0,
2025-12-17,09:59:49.275000,FinePointe Series WBP [SN 139781]  Site 2 Bias Flow is out of range.,,,,,,,,,,,,,,,,,,,,,,,,,
2025-12-17,09:59:51.275000,5a,Toxicity,Original,,129.54446411132812,1.2299731969833374,157.97918701171875,0.3210927248001098,0.4944315552711487,0.8903297185897827,11.153897285461426,10.45089626312256,7.038127422332764,0.1698088198900222,0.3082473278045654,0.3399220407009125,8.413291931152344,0.0,0.2071959376335144,7.51765251159668,4.885170936584473,37.0,25.0,30.0,50.0,
2025-12-17,09:59:51.275000,FinePointe Series WBP [SN 139781]  Site 1 Bias Flow is out of range.,,,,,,,,,,,,,,,,,,,,,,,,,
2025-12-17,09:59:53.275000,5a,Toxicity,Original,,83.77556610107422,1.5116262435913086,126.39459228515624,0.9041404724121094,1.1382009983062744,0.4925372898578644,11.153897285461426,8.882075309753418,6.019646644592285,0.2512297928333282,0.4651536345481872,0.2833466529846191,5.9579925537109375,0.0,0.2300652265548706,,14.059106826782228,37.0,25.0,30.0,50.0,
2025-12-17,09:59:55.275000,5a,Toxicity,Original,,97.8278350830078,1.622117280960083,158.72740173339844,0.3159679174423218,0.6141188144683838,0.9199978113174438,11.153897285461426,10.056389808654783,5.567689895629883,0.2389019727706909,0.3770435154438019,0.2807818353176117,18.45098304748535,0.0,0.2386975586414337,5.822974681854248,3.901285171508789,37.0,25.0,30.0,0.0,
2025-12-17,09:59:57.275000,5a,Toxicity,Original,,235.54095458984372,1.0070070028305054,203.30078125,0.259879857301712,0.473691463470459,0.8225827217102051,11.153897285461426,13.953237533569336,8.016404151916504,0.1197233498096466,0.2135443240404129,0.5623216032981873,9.080484390258787,0.0,0.1514249742031097,12.827207565307615,9.896096229553224,37.0,25.0,30.0,66.66666412353516,
2025-12-17,09:59:59.275000,5a,Toxicity,Original,,166.01632690429688,1.4195293188095093,235.6650390625,0.1803514659404754,0.3340833187103271,0.8711721301078796,11.153897285461426,12.849833488464355,7.108797550201416,0.1800453811883926,0.1813648492097854,0.2579007148742676,12.085800170898438,0.0,0.1400394290685653,9.613335609436035,,37.0,25.0,30.0,75.0,
2025-12-17,09:59:59.275000,FinePointe Series WBP [SN 139781]  Site 2 Bias Flow is out of range.,,,,,,,,,,,,,,,,,,,,,,,,,
2025-12-17,10:00:01.275000,5a,Toxicity,Original,,252.61373901367188,0.6451852321624756,161.83224487304688,0.2918898463249206,0.4276858866214752,0.8024324774742126,11.153897285461426,10.836463928222656,7.839404582977295,0.0954910740256309,0.1508972942829132,0.5518426895141602,8.086677551269531,0.0,0.1091085374355316,19.756122589111328,7.085198879241943,37.0,25.0,30.0,62.5,
2025-12-17,10:00:01.275000,FinePointe Series WBP [SN 139781]  Site 1 Bias Flow is out of range.,,,,,,,,,,,,,,,,,,,,,,,,,
2025-12-17,10:00:03.275000,5a,Toxicity,Original,,179.05816650390625,0.8272920846939087,143.07843017578125,0.4363354444503784,0.470207154750824,0.8426668643951416,11.153897285461426,8.812018394470215,8.45589542388916,0.1485408693552017,0.1897792816162109,0.557651698589325,6.657061576843262,0.0,0.1319087296724319,9.201995849609377,5.123674392700195,37.0,25.0,30.0,50.0,
2025-12-17,10:00:03.275000,FinePointe Series WBP [SN 139781]  Site 4 Bias Flow is out of range.,,,,,,,,,,,,,,,,,,,,,,,,,
2025-12-17,10:00:05.275000,5a,Toxicity,Original,,133.80784606933594,1.2589256763458252,144.12069702148438,0.2334212660789489,0.6433815956115723,0.81875079870224,11.153897285461426,13.164810180664062,5.342926502227783,0.1473387032747268,0.3375133872032165,0.3885760307312011,12.217277526855469,0.0,0.2102549076080322,6.393331527709961,9.512266159057615,37.0,25.0,30.0,75.0,
2025-12-17,10:00:07.275000,5a,Toxicity,Original,,30.20071792602539,4.5892744064331055,138.59938049316406,9.71085262298584,8.642616271972656,0.0491653829813003,11.153897285461426,22.31036376953125,14.020201683044434,0.4815837144851684,1.5051239728927612,0.2702792882919311,4.016321659088135,413.4776916503906,0.1572692096233368,,28.46391487121582,37.0,25.0,30.0,0.0,
2025-12-17,10:00:09.275000,5a,Toxicity,Original,,201.47251892089844,1.0131938457489014,150.1479949951172,0.5635308027267456,0.7601980566978455,0.538047730922699,11.153897285461426,9.898978233337402,6.9223151206970215,0.1629394590854644,0.2131976187229156,0.6102924942970276,7.208078861236572,0.0,0.1192777976393699,12.244437217712402,15.93324089050293,37.0,25.0,30.0,25.0,
2025-12-17,10:00:09.275000,FinePointe Series WBP [SN 139781]  Site 2 Bias Flow is out of range.,,,,,,,,,,,,,,,,,,,,,,,,,
2025-12-17,10:00:11.275000,5a,Toxicity,Original,,97.2813949584961,1.3227604627609253,128.51571655273438,0.4908016920089721,0.6790221333503723,0.5899544358253479,11.153897285461426,9.52313995361328,6.554068088531494,0.2038421034812927,0.4139197468757629,0.4246484637260437,8.344974517822266,0.0,0.2518487870693207,3.612317562103272,6.814043521881104,37.0,25.0,30.0,0.0,
2025-12-17,10:00:11.275000,FinePointe Series WBP [SN 139781]  Site 1 Bias Flow is out of range.,,,,,,,,,,,,,,,,,,,,,,,,,
2025-12-17,10:00:13.275000,5a,Toxicity,Original,,117.47467803955078,1.070154905319214,124.24583435058594,0.3085241019725799,0.6577402353286743,0.9250401258468628,11.153897285461426,9.406756401062012,4.971939086914063,0.168599247932434,0.3666934967041015,0.2337571084499359,7.276962280273437,0.0,0.2207602262496948,4.803433895111084,2.3151795864105225,37.0,25.0,30.0,60.0,
2025-12-17,10:00:13.275000,FinePointe Series WBP [SN 139781]  Site 4 Bias Flow is out of range.,,,,,,,,,,,,,,,,,,,,,,,,,
2025-12-17,10:00:15.275000,5a,Toxicity,Original,,92.35443878173828,1.577892541885376,145.583984375,0.3267396986484527,0.7123815417289734,0.5664857029914856,11.153897285461426,9.989747047424316,4.518022060394287,0.2359054982662201,0.41439950466156,0.2280265390872955,7.181794166564941,0.0,0.2465168833732605,3.9420130252838135,8.407824516296387,37.0,25.0,30.0,0.0,
2025-12-17,10:00:17.275000,5a,Toxicity,Original,,214.44078063964844,1.0185317993164062,183.9953765869141,0.2696671187877655,0.3959264457225799,0.8561697006225586,11.153897285461426,10.866817474365234,7.857319831848144,0.149435669183731,0.1946069002151489,0.4298466742038727,10.590598106384276,0.0,0.1420858353376388,15.443042755126951,4.076635837554932,37.0,25.0,30.0,50.0,
2025-12-17,10:00:19.275000,5a,Toxicity,Original,,175.7832794189453,1.1001014709472656,194.0394592285156,0.2029733061790466,0.3833585679531097,0.883020281791687,11.153897285461426,12.31471061706543,6.9427809715271,0.1413815319538116,0.2001606523990631,0.2149689942598343,10.78041172027588,0.0,0.1476272195577621,8.60669231414795,0.319159984588623,37.0,25.0,30.0,33.33333206176758,
2025-12-17,10:00:19.275000,FinePointe Series WBP [SN 139781]  Site 2 Bias Flow is out of range.,,,,,,,,,,,,,,,,,,,,,,,,,
2025-12-17,10:00:21.275000,5a,Toxicity,Original,,148.36337280273438,0.931681752204895,130.8949737548828,0.2819515168666839,0.514478862285614,0.8400911092758179,11.153897285461426,11.020368576049805,7.180720329284668,0.1371246129274368,0.2962061762809753,0.4431412518024444,9.094449043273926,0.0,0.2006395757198333,7.560683727264404,9.191965103149414,37.0,25.0,30.0,50.0,
2025-12-17,10:00:21.275000,FinePointe Series WBP [SN 139781]  Site 1 Bias Flow is out of range.,,,,,,,,,,,,,,,,,,,,,,,,,
2025-12-17,10:00:23.275000,5a,Toxicity,Original,,178.97512817382812,1.0284178256988523,168.02366638183594,0.2353242337703704,0.4272885322570801,0.8216090202331543,11.153897285461426,11.337362289428713,6.850251197814941,0.1398288905620575,0.230540320277214,0.4540914595127105,9.014728546142578,0.0,0.1680494993925094,12.201601028442385,7.424663543701172,37.0,25.0,30.0,20.0,
2025-12-17,10:00:25.275000,5a,Toxicity,Original,,285.4065246582031,0.7233715653419495,180.63113403320312,0.4242751896381378,0.4952510893344879,0.7103268504142761,11.153897285461426,10.908105850219728,9.497676849365234,0.1064045429229736,0.1263239979743957,0.7113374471664429,13.657795906066896,0.0,0.0899200513958931,20.21449851989746,9.258638381958008,37.0,25.0,30.0,16.66666603088379,
2025-12-17,10:00:27.275000,5a,Toxicity,Original,,168.5841522216797,1.0372846126556396,150.37271118164062,0.2013156861066818,0.4596758484840393,0.8085164427757263,11.153897285461426,11.045560836791992,5.394623756408691,0.1553860306739807,0.2954520583152771,0.36868816614151,12.050614356994627,0.0,0.2082695364952087,13.974771499633787,9.757331848144531,37.0,25.0,30.0,33.33333206176758,
2025-12-17,10:00:29.275000,5a,Toxicity,Original,,91.69406127929688,1.374508500099182,126.11466979980467,0.2794193923473358,0.4895274341106415,0.839226484298706,11.153897285461426,9.531211853027344,6.222443103790283,0.2236046642065048,0.4308110475540161,0.3042718172073364,7.74152135848999,0.0,0.2936907112598419,3.388424158096313,6.543861389160156,37.0,25.0,30.0,0.0,
2025-12-17,10:00:29.275000,FinePointe Series WBP [SN 139781]  Site 2 Bias Flow is out of range.,,,,,,,,,,,,,,,,,,,,,,,,,
2025-12-17,10:00:31.275000,5a,Toxicity,Original,,285.81854248046875,0.7914954423904419,168.89295959472656,0.4082751274108886,0.5121486186981201,0.8008477687835693,11.153897285461426,9.891512870788574,8.190669059753418,0.1236799880862236,0.1690366864204406,0.5917871594429016,8.311467170715332,0.0,0.1149017363786697,16.06902313232422,9.354487419128418,37.0,25.0,30.0,30.0,
2025-12-17,10:00:31.275000,FinePointe Series WBP [SN 139781]  Site 1 Bias Flow is out of range.,,,,,,,,,,,,,,,,,,,,,,,,,
2025-12-17,10:00:33.275000,5a,Toxicity,Original,,349.0267333984375,0.4761231541633606,166.09902954101562,0.3908110857009887,0.595058798789978,0.5865412950515747,11.153897285461426,9.625152587890623,6.366339206695557,0.0815785452723503,0.09047132730484,0.5675464868545532,6.72053337097168,0.0,0.0578651838004589,18.67227935791016,12.023378372192385,37.0,25.0,30.0,60.0,
2025-12-17,10:00:35.275000,5a,Toxicity,Original,,89.64556884765625,1.578153133392334,141.8461151123047,0.339800626039505,0.7204453945159912,0.9332350492477416,11.153897285461426,11.32951831817627,4.50482177734375,0.222652792930603,0.4472193121910095,0.2054578512907028,7.07469654083252,0.0,0.2636943161487579,,5.976480484008789,37.0,25.0,30.0,66.66666412353516,
2025-12-17,10:00:37.275000,5a,Toxicity,Original,,93.83319091796876,1.5667530298233032,146.67539978027344,0.2145223915576934,0.4448413848876953,0.854889452457428,11.153897285461426,10.736918449401855,6.152964115142822,0.2252899557352066,0.4145941436290741,0.2698567509651184,8.325394630432129,0.0,0.2923267781734466,5.154486656188965,3.1641194820404053,37.0,25.0,30.0,0.0,
2025-12-17,10:00:39.275000,5a,Toxicity,Original,,155.17034912109375,1.231366753578186,148.79502868652344,0.349179595708847,0.5421404242515564,0.865094780921936,11.153897285461426,8.946966171264648,6.232230186462402,0.195667028427124,0.2929574847221374,0.4196322560310364,8.916261672973633,0.0,0.1919429153203964,9.48383331298828,5.7618727684021,37.0,25.0,30.0,0.0,
2025-12-17,10:00:39.275000,FinePointe Series WBP [SN 139781]  Site 2 Bias Flow is out of range.,,,,,,,,,,,,,,,,,,,,,,,,,
2025-12-17,10:00:41.275000,5a,Toxicity,Original,,143.1967315673828,1.2605245113372805,175.85751342773438,0.2495759427547454,0.3217827677726745,0.8425898551940918,11.153897285461426,11.654587745666504,9.84807014465332,0.1528876423835754,0.2759597301483154,0.5312464833259583,9.07516384124756,0.0,0.2117539048194885,15.64216423034668,5.811691761016846,37.0,25.0,30.0,60.0,
2025-12-17,10:00:41.275000,FinePointe Series WBP [SN 139781]  Site 1 Bias Flow is out of range.,,,,,,,,,,,,,,,,,,,,,,,,,
2025-12-17,10:00:43.275000,5a,Toxicity,Original,,149.0062255859375,1.4766616821289062,226.99737548828125,0.2997821569442749,0.6299989223480225,0.8986310958862305,11.153897285461426,13.05357265472412,6.588122367858887,0.1639610230922699,0.2458592057228088,0.421380877494812,8.670730590820312,0.0,0.1517597138881683,6.987817764282227,2.830338716506958,37.0,25.0,30.0,60.0,
2025-12-17,10:00:45.275000,5a,Toxicity,Original,,163.4782257080078,0.9707803726196288,151.64398193359375,0.1850318163633346,0.4016931056976318,0.8967710137367249,11.153897285461426,11.944173812866213,6.036444187164307,0.1280116140842437,0.2492240816354751,0.3670915067195892,33.5831298828125,0.0,0.1800980269908905,13.017982482910156,2.6294760704040527,37.0,25.0,30.0,50.0,
2025-12-17,10:00:47.275000,5a,Toxicity,Original,,159.20272827148438,0.9372164011001588,143.90733337402344,0.2508509755134582,0.5614740252494812,0.6158415079116821,11.153897285461426,13.100711822509766,7.206363201141357,0.1187019348144531,0.2668450176715851,0.411848247051239,10.381653785705566,0.0,0.1782995462417602,12.10169506072998,7.836366653442383,37.0,25.0,30.0,60.0,
2025-12-17,10:00:47.275000,FinePointe Series WBP [SN 139781]  Site 4 Bias Flow is out of range.,,,,,,,,,,,,,,,,,,,,,,,,,
2025-12-17,10:00:49.275000,5a,Toxicity,Original,,212.7113037109375,0.795568585395813,166.51805114746094,0.2828981280326843,0.5615372657775879,0.775871992111206,11.153897285461426,10.821773529052734,6.050622463226318,0.1190733015537262,0.1768756508827209,0.4321265816688537,8.404630661010742,0.0,0.1137644276022911,13.58550262451172,7.812036514282227,37.0,25.0,30.0,14.285714149475098,
2025-12-17,10:00:49.275000,FinePointe Series WBP [SN 139781]  Site 2 Bias Flow is out of range.,,,,,,,,,,,,,,,,,,,,,,,,,
2025-12-17,10:00:51.275000,5a,Toxicity,Original,,128.99642944335938,1.2434709072113037,156.4708709716797,0.3453097343444824,0.5495206117630005,0.7608788013458252,11.153897285461426,10.96713161468506,7.400045394897461,0.1772971451282501,0.2930411100387573,0.5160910487174988,8.581329345703125,0.0,0.1942427307367324,10.842187881469728,12.485503196716309,37.0,25.0,30.0,25.0,
2025-12-17,10:00:51.275000,FinePointe Series WBP [SN 139781]  Site 1 Bias Flow is out of range.,,,,,,,,,,,,,,,,,,,,,,,,,
2025-12-17,10:00:53.275000,5a,Toxicity,Original,,102.97088623046876,1.2008681297302246,121.07891082763672,0.6255236268043518,0.8860461711883545,0.4401408731937408,11.153897285461426,7.168980598449707,4.746910095214844,0.3067526817321777,0.2819477319717407,0.3799516558647156,7.421088218688965,71.6338882446289,0.1599586308002472,7.268935203552246,9.004191398620605,37.0,25.0,30.0,0.0,
2025-12-17,10:00:55.275000,5a,Toxicity,Original,,112.4412612915039,1.1231703758239746,125.61636352539062,0.3602584600448608,0.4646538496017456,0.8105787038803101,11.153897285461426,8.231979370117188,7.681325435638428,0.2476838827133178,0.2876498401165008,0.4463111758232116,14.18359661102295,0.0,0.2006402760744094,14.622919082641602,4.816205024719238,37.0,25.0,30.0,0.0,
2025-12-17,10:00:57.275000,5a,Toxicity,Original,,116.3022918701172,1.1779863834381104,137.2794952392578,0.5281642079353333,0.5036523938179016,0.7043931484222412,11.153897285461426,7.625147819519043,9.317031860351562,0.2519602477550506,0.2679401934146881,0.5548495054244995,14.442176818847656,0.0,0.1827939450740814,16.300403594970703,7.390246868133545,37.0,25.0,30.0,25.0,
2025-12-17,10:00:59.275000,5a,Toxicity,Original,,388.9093017578125,0.5922459363937378,220.36911010742188,0.4086928963661194,0.593460202217102,0.6526956558227539,11.153897285461426,11.897374153137209,8.223974227905273,0.0793425217270851,0.0844661369919776,0.7044795751571655,5.683012008666992,0.0,0.0538027621805667,18.054821014404297,12.416391372680664,37.0,25.0,30.0,55.55555725097656,
2025-12-17,10:00:59.275000,FinePointe Series WBP [SN 139781]  Site 2 Bias Flow is out of range.,,,,,,,,,,,,,,,,,,,,,,,,,
2025-12-17,10:01:01.275000,5a,Toxicity,Original,,227.5098571777344,1.0014595985412598,227.8419342041016,0.156150072813034,0.3322934806346893,0.8781343102455139,11.153897285461426,13.74912452697754,7.249069690704346,0.1179612651467323,0.1457635760307312,0.3473153710365295,9.540711402893066,0.0,0.11176448315382,13.50955867767334,3.881978988647461,37.0,25.0,30.0,66.66666412353516,
2025-12-17,10:01:01.275000,FinePointe Series WBP [SN 139781]  Site 1 Bias Flow is out of range.,,,,,,,,,,,,,,,,,,,,,,,,,
2025-12-17,10:01:03.275000,5a,Toxicity,Original,,88.26039123535156,1.83893620967865,162.30523681640625,0.4113703668117523,1.0481226444244385,0.7534879446029663,11.153897285461426,13.620872497558594,4.60999870300293,0.2338804453611374,0.4459261894226074,0.2347271293401718,8.329333305358887,0.0,0.2222766876220703,0.6722794771194458,15.82926082611084,37.0,25.0,30.0,50.0,
2025-12-17,10:01:05.275000,5a,Toxicity,Original,,111.77743530273438,1.7068451642990112,177.6723175048828,0.2701257169246673,0.446773499250412,0.8868774175643921,11.153897285461426,11.604077339172363,8.114755630493164,0.2199613153934478,0.3590328395366668,0.42047980427742,12.314276695251465,0.0,0.2509119212627411,8.40361213684082,2.5976412296295166,37.0,25.0,30.0,33.33333206176758,
2025-12-17,10:01:07.275000,5a,Toxicity,Original,,144.61541748046875,1.236557960510254,178.2943115234375,0.2812423706054687,0.3642809391021728,0.8996139764785767,11.153897285461426,12.105344772338867,9.926302909851074,0.1588366329669952,0.2567668557167053,0.4743291437625885,10.88999366760254,0.0,0.1916230171918869,13.88947296142578,2.9371798038482666,37.0,25.0,30.0,33.33333206176758,
2025-12-17,10:01:09.275000,5a,Toxicity,Original,,242.81155395507807,0.6844334602355957,161.302001953125,0.3116870522499084,0.4924684762954712,0.6739851236343384,11.153897285461426,10.17401885986328,6.732057571411133,0.106375403702259,0.1499006152153015,0.4757040441036224,7.877895355224609,0.0,0.1010133326053619,15.916531562805176,6.555069923400879,37.0,25.0,30.0,60.0,
2025-12-17,10:01:09.275000,FinePointe Series WBP [SN 139781]  Site 2 Bias Flow is out of range.,,,,,,,,,,,,,,,,,,,,,,,,,
2025-12-17,10:01:11.275000,5a,Toxicity,Original,,79.34185791015625,1.768377423286438,140.30633544921875,0.4635383486747741,0.9910755157470704,0.9489237666130066,11.153897285461426,11.60312271118164,4.854468822479248,0.2314162403345108,0.5248050689697266,0.2669620811939239,7.264492511749268,0.0,0.2671113908290863,,7.736968994140625,37.0,25.0,30.0,75.0,
2025-12-17,10:01:11.275000,FinePointe Series WBP [SN 139781]  Site 1 Bias Flow is out of range.,,,,,,,,,,,,,,,,,,,,,,,,,
2025-12-17,10:01:13.275000,5a,Toxicity,Original,,88.16572570800781,1.9830653667449951,174.1005859375,0.235082060098648,0.5038359761238098,0.9359291791915894,11.153897285461426,11.901836395263672,6.715498924255371,0.2403031289577484,0.444701075553894,0.240800142288208,11.473191261291504,0.0,0.2995925843715668,4.248370170593262,0.4867960214614868,37.0,25.0,30.0,50.0,
2025-12-17,10:01:15.275000,5a,Toxicity,Original,,199.37030029296875,1.0947121381759644,200.84564208984372,0.3257636427879333,0.4796434640884399,0.8551621437072754,11.153897285461426,11.111617088317873,7.984865188598633,0.1481678783893585,0.1717815995216369,0.452946126461029,6.995270252227783,0.0,0.1188246011734008,11.181538581848145,4.795799255371094,37.0,25.0,30.0,33.33333206176758,
2025-12-17,10:01:17.275000,5a,Toxicity,Original,,405.88037109375,0.534883439540863,217.0987091064453,0.6094573140144348,0.5790708661079407,0.6321160197257996,11.153897285461426,11.052030563354492,11.815523147583008,0.0782193318009376,0.0696074739098548,1.0260151624679563,6.532599449157715,0.0,0.0449735783040523,21.094802856445312,12.042567253112791,37.0,25.0,30.0,75.0,
2025-12-17,10:01:19.275000,5a,Toxicity,Original,,77.15074157714844,1.5796064138412476,121.86780548095705,0.9035175442695618,1.4584715366363523,0.9549025893211364,11.153897285461426,10.744202613830566,5.846899509429932,0.2352345883846283,0.5424637198448181,0.1736194342374801,6.283823490142822,0.0,0.2235148102045059,,17.35189437866211,37.0,25.0,30.0,66.66666412353516,
2025-12-17,10:01:19.275000,FinePointe Series WBP [SN 139781]  Site 2 Bias Flow is out of range.,,,,,,,,,,,,,,,,,,,,,,,,,
2025-12-17,10:01:21.275000,5a,Toxicity,Original,,105.80654907226562,1.6503721475601196,171.80320739746094,0.2545986771583557,0.4348248839378357,0.9048351645469666,11.153897285461426,11.237593650817873,7.570541858673096,0.2217639237642288,0.3576546907424927,0.3722756206989288,8.749422073364258,0.0,0.2517461478710174,3.7990527153015137,3.247775077819824,37.0,25.0,30.0,50.0,
2025-12-17,10:01:21.275000,FinePointe Series WBP [SN 139781]  Site 1 Bias Flow is out of range.,,,,,,,,,,,,,,,,,,,,,,,,,
2025-12-17,10:01:23.275000,5a,Toxicity,Original,,224.04766845703125,0.96408212184906,209.37435913085935,0.3826888501644134,0.4625726342201233,0.8218578100204468,11.153897285461426,10.944202423095703,9.11855697631836,0.1407359391450882,0.1310192346572876,0.6240876317024231,8.413005828857422,0.0,0.0917726755142211,15.231611251831056,6.127735137939453,37.0,25.0,30.0,66.66666412353516,
2025-12-17,10:01:25.275000,5a,Toxicity,Original,,239.9380798339844,0.92047381401062,201.23385620117188,0.3170212209224701,0.4218029677867889,0.7752870917320251,11.153897285461426,12.37946319580078,10.156861305236816,0.1174900382757186,0.1560801714658737,0.6648465394973755,13.393427848815918,0.0,0.1154276877641677,21.70492935180664,6.419754505157471,37.0,25.0,30.0,66.66666412353516,
2025-12-17,10:01:27.275000,5a,Toxicity,Original,,127.4618148803711,0.982024312019348,120.33031463623048,0.5262760519981384,1.0309683084487915,0.9371054172515868,11.153897285461426,11.33636474609375,5.222171306610107,0.1423482745885849,0.3731539249420166,0.3096013069152832,7.105036735534668,0.0,0.1840216517448425,7.136295795440674,13.665112495422363,37.0,25.0,30.0,25.0,
2025-12-17,10:01:27.275000,FinePointe Series WBP [SN 139781]  Site 4 Bias Flow is out of range.,,,,,,,,,,,,,,,,,,,,,,,,,
2025-12-17,10:01:27.275000,FinePointe Series WBP [SN 139781]  Site 2 Bias Flow is out of range.,,,,,,,,,,,,,,,,,,,,,,,,,
2025-12-17,10:01:31.275000,5a,Toxicity,Original,,93.4009780883789,1.5980714559555054,148.38882446289062,0.3339555263519287,0.6212953925132751,0.8986058235168457,11.153897285461426,10.50712776184082,5.800405979156494,0.2316865175962448,0.4132778346538543,0.3080412745475769,8.796575546264648,0.0,0.2593988478183746,2.4005825519561768,4.990449905395508,37.0,25.0,30.0,50.0,
2025-12-17,10:01:31.275000,FinePointe Series WBP [SN 139781]  Site 1 Bias Flow is out of range.,,,,,,,,,,,,,,,,,,,,,,,,,
2025-12-17,10:01:33.275000,5a,Toxicity,Original,,162.33392333984375,1.3089057207107544,212.4798126220703,0.1683752238750457,0.262381911277771,0.8939493894577026,11.153897285461426,12.47584342956543,8.070032119750977,0.1593057662248611,0.2103027403354644,0.1723954081535339,9.878681182861328,0.0,0.1692684441804886,9.808465957641602,,37.0,25.0,30.0,0.0,
2025-12-17,10:01:35.275000,5a,Toxicity,Original,,340.2328491210937,0.5693787932395935,174.37904357910156,0.3866869211196899,0.4789507389068603,0.7426491379737854,11.153897285461426,10.072068214416504,8.073872566223145,0.0901901796460151,0.1088000237941742,0.5906804800033569,9.365187644958496,0.0,0.0775726959109306,20.160423278808597,8.960474014282227,37.0,25.0,30.0,61.11111068725586,
2025-12-17,10:01:35.275000,FinePointe Series WBP [SN 139781]  Site 4 Bias Flow is out of range.,,,,,,,,,,,,,,,,,,,,,,,,,
2025-12-17,10:01:35.275000,FinePointe Series WBP [SN 139781]  Site 2 Bias Flow is out of range.,,,,,,,,,,,,,,,,,,,,,,,,,
2025-12-17,10:01:41.275000,5a,Toxicity,Original,,90.08538055419922,1.6517359018325806,148.18231201171875,0.3080127835273742,0.5083370208740234,0.9157654047012328,11.153897285461426,9.927860260009766,6.713959693908691,0.2472776621580124,0.4208282828330993,0.2659550309181213,7.4681878089904785,0.0,0.2845393419265747,0.4703970551490783,1.1753681898117063,37.0,25.0,30.0,76.92308044433594,
2025-12-17,10:01:41.275000,FinePointe Series WBP [SN 139781]  Site 1 Bias Flow is out of range.,,,,,,,,,,,,,,,,,,,,,,,,,
2025-12-17,10:01:43.275000,5a,Toxicity,Original,,121.94889068603516,1.4895254373550415,180.24301147460935,0.2831620573997497,0.4522231221199035,0.8967835903167725,11.153897285461426,10.977834701538086,7.829229831695557,0.2040043920278549,0.3171098232269287,0.3987905383110046,9.539108276367188,0.0,0.2201721966266632,7.316329002380371,2.311531543731689,37.0,25.0,30.0,0.0,
2025-12-17,10:01:45.275000,5a,Toxicity,Original,,252.8519592285156,0.8044767379760742,183.51641845703125,0.3498751223087311,0.434578001499176,0.8191812038421631,11.153897285461426,9.540019035339355,8.013898849487305,0.1273524761199951,0.129393070936203,0.4658028185367584,6.7923784255981445,0.0,0.0935553759336471,13.868412971496582,9.45722770690918,37.0,25.0,30.0,75.0,
2025-12-17,10:01:47.275000,5a,Toxicity,Original,,222.1187744140625,0.9424983263015748,177.19003295898438,0.339173674583435,0.4641403555870056,0.649944007396698,11.153897285461426,11.768909454345703,8.441786766052246,0.1185353994369506,0.1993860006332397,0.4710883796215057,13.112386703491213,0.0,0.1424705982208252,17.203231811523438,10.180147171020508,37.0,25.0,30.0,28.571428298950195,
2025-12-17,10:01:49.275000,5a,Toxicity,Original,,236.29331970214844,0.6283011436462402,148.46336364746094,0.1840022951364517,0.3145618438720703,0.8522661328315735,11.153897285461426,10.796801567077637,6.879951000213623,0.103733867406845,0.1501878201961517,0.5015549659729004,20.763521194458008,0.0,0.1172042489051818,28.101978302001957,4.864696979522705,37.0,25.0,30.0,75.0,
2025-12-17,10:01:49.275000,FinePointe Series WBP [SN 139781]  Site 2 Bias Flow is out of range.,,,,,,,,,,,,,,,,,,,,,,,,,
2025-12-17,10:01:51.275000,5a,Toxicity,Original,,349.93902587890625,0.6083067059516907,213.04400634765625,0.3469052314758301,0.5875712037086487,0.6271272301673889,11.153897285461426,11.983497619628906,7.271180152893066,0.084983006119728,0.0865322202444076,0.6246656775474548,6.557736396789551,0.0,0.0555218532681465,19.088451385498047,13.687582015991213,37.0,25.0,30.0,66.66666412353516,
2025-12-17,10:01:51.275000,FinePointe Series WBP [SN 139781]  Site 1 Bias Flow is out of range.,,,,,,,,,,,,,,,,,,,,,,,,,
2025-12-17,10:01:53.275000,5a,Toxicity,Original,,92.20027160644533,1.7310559749603271,159.64926147460938,0.2165371775627136,0.3464478850364685,0.9237778186798096,11.153897285461426,11.284032821655272,7.583238124847412,0.2275304496288299,0.4232631027698517,0.2809875607490539,12.247034072875977,0.0,0.3214274644851684,2.512723922729492,,37.0,25.0,30.0,86.66666412353516,
2025-12-17,10:01:55.275000,5a,Toxicity,Original,,95.27637481689452,1.4481642246246338,137.88168334960938,0.3244564533233642,0.4680978655815124,0.9221007823944092,11.153897285461426,9.736616134643556,8.01461410522461,0.2204732894897461,0.4106559753417969,0.3990694284439087,9.120403289794922,0.0,0.2851071059703827,4.471906661987305,1.7448986768722534,37.0,25.0,30.0,0.0,
2025-12-17,10:01:57.275000,5a,Toxicity,Original,,304.5415344238281,0.8236773610115051,194.7777099609375,0.4999127984046936,0.5097693800926208,0.7607723474502563,11.153897285461426,10.046939849853516,10.297758102416992,0.1284126788377761,0.1436256915330886,0.7698255181312561,7.27612829208374,0.0,0.0998307466506958,16.73808479309082,7.473062515258789,37.0,25.0,30.0,33.33333206176758,
2025-12-17,10:01:59.275000,5a,Toxicity,Original,,381.146728515625,0.3759790658950805,144.457763671875,0.3334157168865204,0.5604734420776367,0.6665847897529602,11.153897285461426,10.883811950683594,6.950652122497559,0.0620008334517478,0.0972396433353424,0.5953921675682068,7.090727806091309,0.0,0.0629596561193466,19.274778366088867,10.487773895263672,37.0,25.0,30.0,88.23529052734375,
2025-12-17,10:01:59.275000,FinePointe Series WBP [SN 139781]  Site 2 Bias Flow is out of range.,,,,,,,,,,,,,,,,,,,,,,,,,
2025-12-17,10:02:01.275000,5a,Toxicity,Original,,251.4745635986328,0.964451789855957,194.0523834228516,0.3659728169441223,0.3881471455097198,0.7951685190200806,11.153897285461426,10.7991361618042,8.762182235717773,0.1264924854040146,0.1431407034397125,0.5655977725982666,10.593132972717283,0.0,0.109619140625,18.874950408935547,8.000785827636719,37.0,25.0,30.0,25.0,
2025-12-17,10:02:01.275000,FinePointe Series WBP [SN 139781]  Site 1 Bias Flow is out of range.,,,,,,,,,,,,,,,,,,,,,,,,,
2025-12-17,10:02:03.275000,5a,Toxicity,Original,,205.37429809570312,1.2234526872634888,173.92515563964844,0.3928869068622589,0.7212819457054138,0.7879466414451599,11.153897285461426,11.950528144836426,6.9334025382995605,0.1698331534862518,0.3460471332073211,0.4891797304153442,7.248769760131836,0.0,0.2004830241203308,12.943195343017578,12.210941314697266,37.0,25.0,30.0,57.14285659790039,
2025-12-17,10:02:05.275000,5a,Toxicity,Original,,100.76803588867188,1.6612107753753662,167.3118896484375,0.2764872014522552,0.3740291595458984,0.889286994934082,11.153897285461426,10.260141372680664,8.895445823669434,0.24146169424057,0.3578459620475769,0.4453431963920593,8.517324447631836,0.0,0.2639446258544922,6.379932880401611,,37.0,25.0,30.0,33.33333206176758,
2025-12-17,10:02:07.275000,5a,Toxicity,Original,,204.0174865722656,1.0661629438400269,174.82470703125,0.4756563603878021,0.5940448045730591,0.7820618152618408,11.153897285461426,9.524771690368652,8.262702941894531,0.1589516103267669,0.2176387012004852,0.5944557189941406,8.114984512329102,0.0,0.1380041688680648,12.764602661132812,7.71230936050415,37.0,25.0,30.0,20.0,
2025-12-17,10:02:09.275000,5a,Toxicity,Original,,187.0820159912109,0.927874743938446,173.58868408203125,0.4427056908607483,0.76381516456604,0.2585251331329345,11.153897285461426,8.456034660339355,4.517851829528809,0.1582549214363098,0.1624600291252136,0.3333470821380615,5.587523460388184,0.0,0.0939255654811859,9.63890552520752,10.546688079833984,37.0,25.0,30.0,0.0,
2025-12-17,10:02:09.275000,FinePointe Series WBP [SN 139781]  Site 2 Bias Flow is out of range.,,,,,,,,,,,,,,,,,,,,,,,,,
2025-12-17,10:02:11.275000,5a,Toxicity,Original,,82.89431762695312,1.6099603176116943,133.21766662597656,0.3152579963207245,0.557355523109436,0.913063108921051,11.153897285461426,9.378146171569824,5.7928643226623535,0.2569702267646789,0.4684973955154419,0.2560987174510956,8.248559951782227,0.0,0.3066305518150329,2.335219383239746,4.042648315429688,37.0,25.0,30.0,57.14285659790039,
2025-12-17,10:02:11.275000,FinePointe Series WBP [SN 139781]  Site 1 Bias Flow is out of range.,,,,,,,,,,,,,,,,,,,,,,,,,
2025-12-17,10:02:13.275000,5a,Toxicity,Original,,92.55525970458984,1.6704680919647217,154.35459899902344,0.2518969476222992,0.3955930769443512,0.897908091545105,11.153897285461426,9.615219116210938,7.408421516418457,0.2551430463790893,0.3940993249416351,0.3561519980430603,9.555301666259766,0.0,0.2877483069896698,5.260970115661621,1.4917391538619995,37.0,25.0,30.0,0.0,
2025-12-17,10:02:15.275000,5a,Toxicity,Original,,204.3993377685547,1.1559675931930542,179.40182495117188,0.2562977969646454,0.4204449653625488,0.8415716886520386,11.153897285461426,10.536590576171877,6.865926265716553,0.162561222910881,0.2433259785175323,0.3251381516456604,8.428412437438965,0.0,0.1813060194253921,9.972702026367188,10.129047393798828,37.0,25.0,30.0,0.0,
2025-12-17,10:02:17.275000,5a,Toxicity,Original,,274.36492919921875,0.7597743272781372,154.4104766845703,0.508261501789093,0.5689586400985718,0.7707890272140503,11.153897285461426,10.023228645324709,8.914044380187988,0.1072453409433364,0.2056768536567688,0.6036884784698486,6.455733299255371,0.0,0.1297388225793838,17.490875244140625,9.0662841796875,37.0,25.0,30.0,50.0,
2025-12-17,10:02:19.275000,5a,Toxicity,Original,,404.53753662109375,0.4714279770851135,189.8749542236328,0.471337229013443,0.5724065899848938,0.7112371325492859,11.153897285461426,10.720088958740234,8.850162506103516,0.0724148675799369,0.0838308334350586,0.7013660669326782,5.238719940185547,0.0,0.055224634706974,16.69647216796875,10.370685577392578,37.0,25.0,30.0,69.23076629638672,
2025-12-17,10:02:19.275000,FinePointe Series WBP [SN 139781]  Site 2 Bias Flow is out of range.,,,,,,,,,,,,,,,,,,,,,,,,,
2025-12-17,10:02:21.275000,5a,Toxicity,Original,,312.9253845214844,0.5626742243766785,174.57069396972656,0.3462235927581787,0.5049382448196411,0.7300835847854614,11.153897285461426,11.138200759887695,8.011832237243652,0.0842501074075698,0.1227635890245437,0.6054381132125854,7.364811897277832,0.0,0.086706131696701,15.252717971801758,10.43293571472168,37.0,25.0,30.0,45.45454406738281,
2025-12-17,10:02:21.275000,FinePointe Series WBP [SN 139781]  Site 1 Bias Flow is out of range.,,,,,,,,,,,,,,,,,,,,,,,,,
2025-12-17,10:02:23.275000,5a,Toxicity,Original,,231.19406127929688,0.7092969417572021,151.5345458984375,0.2448833435773849,0.4917476177215576,0.8529778718948364,11.153897285461426,11.863332748413086,6.649873733520508,0.121358148753643,0.1643679291009903,0.4049336612224579,34.7783317565918,0.0,0.1103993356227874,21.785558700561523,6.140577793121338,37.0,25.0,30.0,70.0,
2025-12-17,10:02:25.275000,5a,Toxicity,Original,,172.49859619140625,0.6215218305587769,107.2116470336914,0.9770953059196472,1.2535902261734009,0.2160755842924118,11.153897285461426,8.08090591430664,6.6877946853637695,0.1164283975958824,0.2314005047082901,0.4837703704833984,8.042937278747559,113.41188049316406,0.103674978017807,,3.1678407192230225,37.0,25.0,30.0,0.0,
2025-12-17,10:02:29.275000,5a,Toxicity,Original,,86.0406265258789,1.990879774093628,171.29653930664062,0.2216832637786865,0.7900143265724182,0.922135055065155,11.153897285461426,14.848211288452148,3.668914794921875,0.2223603427410125,0.4749846458435058,0.1754326671361923,8.125476837158203,0.0,0.2684902548789978,,6.722359657287598,37.0,25.0,30.0,85.71428680419922,
2025-12-17,10:02:29.275000,FinePointe Series WBP [SN 139781]  Site 2 Bias Flow is out of range.,,,,,,,,,,,,,,,,,,,,,,,,,
2025-12-17,10:02:31.275000,5a,Toxicity,Original,,94.42403411865234,1.5578328371047974,145.77151489257812,0.3553291857242584,0.6736483573913574,0.8888956308364868,11.153897285461426,11.594751358032228,6.1718831062316895,0.2153269648551941,0.423036128282547,0.3967170715332031,7.122677803039551,0.0,0.2555515170097351,4.80597734451294,8.27894115447998,37.0,25.0,30.0,0.0,
2025-12-17,10:02:31.275000,FinePointe Series WBP [SN 139781]  Site 4 Bias Flow is out of range.,,,,,,,,,,,,,,,,,,,,,,,,,
2025-12-17,10:02:31.275000,FinePointe Series WBP [SN 139781]  Site 1 Bias Flow is out of range.,,,,,,,,,,,,,,,,,,,,,,,,,
2025-12-17,10:02:33.275000,5a,Toxicity,Original,,191.65542602539065,1.128508448600769,168.42958068847656,0.3620194494724273,0.6314322352409363,0.7068377733230591,11.153897285461426,10.923301696777344,6.347390651702881,0.1656570732593536,0.3030091524124145,0.4375619292259216,7.965114593505859,0.0,0.1883226335048675,7.7882795333862305,8.424651145935059,37.0,25.0,30.0,50.0,
2025-12-17,10:02:39.275000,5a,Toxicity,Original,,150.24087524414062,1.1181490421295166,161.25418090820312,0.1375692933797836,0.2315033376216888,0.8795207738876343,11.153897285461426,11.722562789916992,7.543186664581299,0.1585105061531067,0.2588401436805725,0.4148432910442352,58.9414291381836,0.0,0.2187753319740295,30.181230545043945,9.82761001586914,37.0,25.0,30.0,91.66666412353516,
2025-12-17,10:02:39.275000,FinePointe Series WBP [SN 139781]  Site 2 Bias Flow is out of range.,,,,,,,,,,,,,,,,,,,,,,,,,
2025-12-17,10:02:41.275000,5a,Toxicity,Original,,122.33822631835938,1.309038519859314,137.70486450195312,0.3658795356750488,0.6725431680679321,0.8048574924468994,11.153897285461426,11.31064796447754,6.063743591308594,0.1798244416713714,0.3782079219818115,0.4666686058044433,8.874845504760742,0.0,0.2250721752643585,7.990540504455566,13.617982864379885,37.0,25.0,30.0,66.66666412353516,
2025-12-17,10:02:41.275000,FinePointe Series WBP [SN 139781]  Site 4 Bias Flow is out of range.,,,,,,,,,,,,,,,,,,,,,,,,,
2025-12-17,10:02:41.275000,FinePointe Series WBP [SN 139781]  Site 1 Bias Flow is out of range.,,,,,,,,,,,,,,,,,,,,,,,,,
2025-12-17,10:02:43.275000,5a,Toxicity,Original,,88.0084457397461,1.7479002475738523,153.57501220703125,0.287729948759079,0.6752058267593384,0.9162743091583252,11.153897285461426,11.018367767333984,5.222098350524902,0.2393122613430023,0.44367715716362,0.2895160317420959,10.075935363769531,0.0,0.2713273763656616,2.2743654251098637,6.428765773773193,37.0,25.0,30.0,0.0,
2025-12-17,10:02:45.275000,5a,Toxicity,Original,,95.5136947631836,1.4323835372924805,136.4702911376953,0.3374991416931152,0.5726112723350525,0.7848268151283264,11.153897285461426,9.763875961303713,6.412120819091797,0.2239660322666168,0.4051113724708557,0.3767363429069519,7.227442264556885,0.0,0.2611128389835357,4.323977947235107,5.604361534118652,37.0,25.0,30.0,0.0,
2025-12-17,10:02:47.275000,5a,Toxicity,Original,,119.67668151855467,1.2836869955062866,149.67593383789062,0.3149135708808899,0.5690171718597412,0.8354607820510864,11.153897285461426,10.873056411743164,6.73323917388916,0.178877905011177,0.3357203304767608,0.3731369972229004,11.210626602172852,0.0,0.2190894186496734,5.712818145751953,7.813628196716309,37.0,25.0,30.0,0.0,
2025-12-17,10:02:49.275000,5a,Toxicity,Original,,177.3906707763672,1.0888643264770508,174.99630737304688,0.2910737991333008,0.4747090339660644,0.7784972190856934,11.153897285461426,11.87200164794922,8.246877670288086,0.1471441090106964,0.2451532781124115,0.4704245328903198,15.809564590454102,0.0,0.1772546768188476,13.714592933654783,7.811650276184082,37.0,25.0,30.0,20.0,
2025-12-17,10:02:49.275000,FinePointe Series WBP [SN 139781]  Site 2 Bias Flow is out of range.,,,,,,,,,,,,,,,,,,,,,,,,,
2025-12-17,10:02:51.275000,5a,Toxicity,Original,,143.8789825439453,0.8738873600959778,121.77081298828124,0.4358268976211548,0.6883114576339722,0.5087202191352844,11.153897285461426,9.781062126159668,6.484624862670898,0.1397297084331512,0.2795582711696625,0.3475048542022705,5.979595184326172,0.0,0.1686511933803558,3.2803943157196045,9.506321907043455,37.0,25.0,30.0,50.0,
2025-12-17,10:02:51.275000,FinePointe Series WBP [SN 139781]  Site 1 Bias Flow is out of range.,,,,,,,,,,,,,,,,,,,,,,,,,
2025-12-17,10:02:53.275000,5a,Toxicity,Original,,84.87445068359375,1.8118237257003784,153.52615356445312,0.2989944517612457,0.6970712542533875,0.501253068447113,11.153897285461426,12.078048706054688,4.736900329589844,0.2336582988500595,0.4734936356544494,0.1877113133668899,6.915088176727295,0.0,0.288377046585083,5.557199478149414,4.486530780792236,37.0,25.0,30.0,33.33333206176758,
2025-12-17,10:02:55.275000,5a,Toxicity,Original,,88.85725402832031,1.6070071458816528,142.9641876220703,0.3383555710315704,0.5380887389183044,0.8557620644569397,11.153897285461426,10.013136863708496,6.460259437561035,0.2350112199783325,0.4404826462268829,0.3121269047260284,7.168859004974365,0.0,0.2911283373832702,0.5194663405418396,6.759482383728027,37.0,25.0,30.0,0.0,
2025-12-17,10:02:55.275000,FinePointe Series WBP [SN 139781]  Site 4 Bias Flow is out of range.,,,,,,,,,,,,,,,,,,,,,,,,,
2025-12-17,10:02:57.275000,5a,Toxicity,Original,,104.6786880493164,1.3194501399993896,137.7815399169922,0.3144788742065429,0.4621393978595733,0.888032078742981,11.153897285461426,9.38614273071289,7.201119422912598,0.2155003845691681,0.3656837940216064,0.3128175735473633,8.247233390808105,0.0,0.2533652782440185,2.82850193977356,3.124433994293213,37.0,25.0,30.0,0.0,
2025-12-17,10:02:59.275000,5a,Toxicity,Original,,102.16465759277344,1.2690377235412598,127.21177673339844,0.3863222301006317,0.7857893705368042,0.9182983040809632,11.153897285461426,11.029855728149414,5.075198173522949,0.184389978647232,0.4372218251228332,0.340836614370346,8.090327262878418,0.0,0.2448279559612274,13.63373565673828,9.509037971496582,37.0,25.0,30.0,0.0,
2025-12-17,10:02:59.275000,FinePointe Series WBP [SN 139781]  Site 2 Bias Flow is out of range.,,,,,,,,,,,,,,,,,,,,,,,,,
2025-12-17,10:03:01.275000,5a,Toxicity,Original,,86.77091979980469,1.515148043632507,131.4489288330078,0.3439852595329284,0.683626115322113,0.8825633525848389,11.153897285461426,9.813202857971191,5.274966716766357,0.2426133751869201,0.44899782538414,0.2541278004646301,7.285339832305908,0.0,0.2715052962303161,1.6858259439468384,2.3208158016204834,37.0,25.0,30.0,0.0,
2025-12-17,10:03:01.275000,FinePointe Series WBP [SN 139781]  Site 1 Bias Flow is out of range.,,,,,,,,,,,,,,,,,,,,,,,,,
2025-12-17,10:03:03.275000,5a,Toxicity,Original,,179.37283325195312,1.1206270456314087,148.91123962402344,0.3957113325595855,0.6070581674575806,0.8150546550750732,11.153897285461426,9.773420333862305,5.597692489624023,0.1752287298440933,0.2772552371025085,0.4040552973747253,13.732633590698242,0.0,0.1755897402763366,9.797208786010742,9.18968677520752,37.0,25.0,30.0,20.0,
2025-12-17,10:03:05.275000,5a,Toxicity,Original,,88.48587036132812,1.431025743484497,126.4126434326172,0.3171895444393158,0.5550194382667542,0.8931004405021667,11.153897285461426,9.226921081542969,5.655662059783936,0.2337144613265991,0.4463565945625305,0.2422897815704345,8.10023021697998,0.0,0.2909507155418396,2.22157621383667,1.837596416473389,37.0,25.0,30.0,0.0,
2025-12-17,10:03:07.275000,5a,Toxicity,Original,,111.14826965332033,1.302748680114746,144.30401611328125,0.244755357503891,0.4586914181709289,0.9149335622787476,11.153897285461426,11.205073356628418,6.948478698730469,0.1799177825450897,0.3605601787567138,0.3201090693473816,9.618091583251951,0.0,0.250679463148117,4.901293754577637,0.0418445840477943,37.0,25.0,30.0,0.0,
2025-12-17,10:03:09.275000,5a,Toxicity,Original,,92.61868286132812,1.353865623474121,125.37120056152344,0.3068187534809112,0.6927230358123779,0.9339287281036376,11.153897285461426,9.903342247009276,4.402426242828369,0.2187260240316391,0.429093986749649,0.2109602987766266,8.506634712219238,0.0,0.2611421942710876,2.069398164749145,8.382524490356445,37.0,25.0,30.0,60.0,
2025-12-17,10:03:09.275000,FinePointe Series WBP [SN 139781]  Site 2 Bias Flow is out of range.,,,,,,,,,,,,,,,,,,,,,,,,,
2025-12-17,10:03:09.275000,FinePointe Series WBP [SN 139781]  Site 4 Bias Flow is out of range.,,,,,,,,,,,,,,,,,,,,,,,,,
2025-12-17,10:03:11.275000,5a,Toxicity,Original,,96.57489776611328,1.369365930557251,132.2666778564453,0.3134612441062927,0.5684728622436523,0.9101443290710448,11.153897285461426,9.582902908325195,5.673259258270264,0.2149611413478851,0.4065103232860565,0.2887865900993347,7.680596351623535,0.0,0.2639091610908508,3.0815672874450684,2.76932954788208,37.0,25.0,30.0,0.0,
2025-12-17,10:03:11.275000,FinePointe Series WBP [SN 139781]  Site 1 Bias Flow is out of range.,,,,,,,,,,,,,,,,,,,,,,,,,
2025-12-17,10:03:13.275000,5a,Toxicity,Original,,110.94795989990234,1.270942449569702,138.22463989257812,0.2540054321289062,0.5093926787376404,0.9023714065551758,11.153897285461426,9.577264785766602,5.563536167144775,0.1978009492158889,0.3529960513114929,0.2908072173595428,9.536942481994627,0.0,0.2385419011116027,5.21117639541626,3.085928201675415,37.0,25.0,30.0,0.0,
2025-12-17,10:03:15.275000,5a,Toxicity,Original,,125.46988677978516,1.1970598697662354,148.2051544189453,0.2285340130329132,0.371302992105484,0.8920097351074219,11.153897285461426,10.553420066833496,7.505124092102051,0.1727145910263061,0.3085434436798095,0.4841304719448089,13.534401893615724,0.0,0.2293597161769867,12.597190856933594,2.724156856536865,37.0,25.0,30.0,25.0,
2025-12-17,10:03:17.275000,5a,Toxicity,Original,,106.09461975097656,1.1419744491577148,120.46504974365234,0.3238774240016937,0.6076644062995911,0.7521817088127136,11.153897285461426,10.177933692932127,6.285270690917969,0.1751206368207931,0.3924954533576965,0.3168851733207702,7.858689785003662,0.0,0.2503313720226288,3.554314136505127,11.41627311706543,37.0,25.0,30.0,25.0,
2025-12-17,10:03:19.275000,5a,Toxicity,Original,,85.5521240234375,1.561126470565796,133.79229736328125,0.2521627247333526,0.5673282146453857,0.8771777749061584,11.153897285461426,10.370965003967283,4.713215351104736,0.2451585233211517,0.4574592709541321,0.1829343736171722,7.249406337738037,0.0,0.2964926362037658,0.5066920518875122,7.336535453796387,37.0,25.0,30.0,0.0,
2025-12-17,10:03:19.275000,FinePointe Series WBP [SN 139781]  Site 2 Bias Flow is out of range.,,,,,,,,,,,,,,,,,,,,,,,,,
2025-12-17,10:03:19.275000,FinePointe Series WBP [SN 139781]  Site 4 Bias Flow is out of range.,,,,,,,,,,,,,,,,,,,,,,,,,
2025-12-17,10:03:21.275000,5a,Toxicity,Original,,120.42268371582033,1.290133357048035,146.29165649414062,0.3079858124256134,0.5352270603179932,0.7029669284820557,11.153897285461426,9.926348686218262,6.186436653137207,0.192430704832077,0.3287340402603149,0.287041962146759,8.705449104309082,0.0,0.2197851687669754,3.235126495361328,2.616787910461426,37.0,25.0,30.0,0.0,
2025-12-17,10:03:21.275000,FinePointe Series WBP [SN 139781]  Site 1 Bias Flow is out of range.,,,,,,,,,,,,,,,,,,,,,,,,,
2025-12-17,10:03:23.275000,5a,Toxicity,Original,,86.64617919921875,1.3211665153503418,113.68622589111328,0.3861771523952484,0.7160229086875916,0.7495131492614746,11.153897285461426,9.476386070251465,5.243658065795898,0.2146757692098617,0.4798997640609741,0.2549950778484344,7.709636688232422,0.0,0.2856699824333191,1.2835947275161743,5.096609115600586,37.0,25.0,30.0,0.0,
2025-12-17,10:03:25.275000,5a,Toxicity,Original,,93.2383270263672,1.3955689668655396,130.15736389160156,0.3027559518814087,0.5014959573745728,0.9044554233551024,11.153897285461426,8.914360046386719,6.202345371246338,0.2326198518276214,0.4119783639907837,0.2555415034294128,7.9693074226379395,0.0,0.2790557444095611,3.643368721008301,1.89045524597168,37.0,25.0,30.0,0.0,
2025-12-17,10:03:27.275000,5a,Toxicity,Original,,140.661376953125,1.1082385778427124,150.68753051757812,0.2995650470256805,0.4587832689285278,0.819744348526001,11.153897285461426,9.999507904052734,7.003402233123779,0.1611717939376831,0.2695686221122741,0.3731999695301056,8.474958419799805,0.0,0.1886962652206421,3.694142818450928,8.760905265808105,37.0,25.0,30.0,0.0,
2025-12-17,10:03:29.275000,5a,Toxicity,Original,,192.4732360839844,0.8239407539367676,143.92428588867188,0.2322066128253936,0.4164800643920898,0.8884989023208618,11.153897285461426,11.52783203125,7.189433574676514,0.1105138733983039,0.2133990228176117,0.3999435901641845,12.352497100830078,0.0,0.1529864817857742,11.371986389160156,2.937732219696045,37.0,25.0,30.0,60.0,
2025-12-17,10:03:29.275000,FinePointe Series WBP [SN 139781]  Site 2 Bias Flow is out of range.,,,,,,,,,,,,,,,,,,,,,,,,,
2025-12-17,10:03:31.275000,5a,Toxicity,Original,,125.02394104003906,1.0184561014175415,113.00325012207033,0.3671368062496185,0.7122348546981812,0.5192232131958008,11.153897285461426,10.28452491760254,4.767217636108398,0.1594895124435424,0.375092476606369,0.339253693819046,6.4385857582092285,0.0,0.2193794548511505,11.016836166381836,12.188897132873535,37.0,25.0,30.0,50.0,
2025-12-17,10:03:31.275000,FinePointe Series WBP [SN 139781]  Site 4 Bias Flow is out of range.,,,,,,,,,,,,,,,,,,,,,,,,,
2025-12-17,10:03:31.275000,FinePointe Series WBP [SN 139781]  Site 1 Bias Flow is out of range.,,,,,,,,,,,,,,,,,,,,,,,,,
2025-12-17,10:03:33.275000,5a,Toxicity,Original,,193.7487945556641,1.0653517246246338,173.3661346435547,0.2319057881832122,0.4346179366111755,0.8738852739334106,11.153897285461426,10.953168869018556,6.8219499588012695,0.150159865617752,0.2057424336671829,0.3434715867042541,6.863137245178223,0.0,0.1474816799163818,8.783793449401855,7.943968296051025,37.0,25.0,30.0,0.0,
2025-12-17,10:03:35.275000,5a,Toxicity,Original,,183.1374969482422,0.941296935081482,153.331298828125,0.2543254792690277,0.4693949520587921,0.863039493560791,11.153897285461426,12.136530876159668,7.084916114807129,0.1182179078459739,0.2517792284488678,0.4646503925323486,9.793577194213867,0.0,0.175797164440155,9.728429794311523,6.973971366882324,37.0,25.0,30.0,70.0,
2025-12-17,10:03:37.275000,5a,Toxicity,Original,,79.78946685791016,1.5623672008514404,124.6604461669922,0.6099666953086853,1.350128412246704,0.1193504557013511,11.153897285461426,12.55152702331543,3.9230237007141113,0.2157430648803711,0.5362359285354614,0.1428929269313812,9.438146591186523,383.4436340332031,0.2318532615900039,,29.264387130737305,37.0,25.0,30.0,75.0,
2025-12-17,10:03:39.275000,5a,Toxicity,Original,,85.11035919189453,1.7232162952423096,146.66355895996094,0.2067759335041046,0.5543636083602905,0.8397624492645264,11.153897285461426,11.389485359191896,3.738946199417114,0.2572214305400848,0.4477456510066986,0.1588410139083862,8.19182300567627,0.0,0.2924380600452423,,3.4297988414764404,37.0,25.0,30.0,66.66666412353516,
2025-12-17,10:03:39.275000,FinePointe Series WBP [SN 139781]  Site 2 Bias Flow is out of range.,,,,,,,,,,,,,,,,,,,,,,,,,
2025-12-17,10:03:41.275000,5a,Toxicity,Original,,234.33819580078125,0.973649561405182,150.23284912109375,0.4873799681663513,0.6043854355812073,0.7334928512573242,11.153897285461426,9.105134963989258,7.007395267486572,0.1531188488006591,0.2264896780252456,0.5038984417915344,7.832869052886963,0.0,0.1471638083457946,13.959945678710938,8.537469863891602,37.0,25.0,30.0,16.66666603088379,
2025-12-17,10:03:41.275000,FinePointe Series WBP [SN 139781]  Site 1 Bias Flow is out of range.,,,,,,,,,,,,,,,,,,,,,,,,,
2025-12-17,10:03:43.275000,5a,Toxicity,Original,,250.32586669921875,0.8028921484947205,154.84054565429688,0.4720697402954101,0.4910015761852264,0.7436590790748596,11.153897285461426,9.217900276184082,8.321168899536133,0.1395864486694336,0.1910993456840515,0.6103269457817078,9.204904556274414,0.0,0.13332399725914,14.206744194030762,6.078619480133057,37.0,25.0,30.0,40.0,
2025-12-17,10:03:45.275000,5a,Toxicity,Original,,135.77752685546875,1.0900845527648926,148.00897216796875,0.4115344285964966,1.1198662519454956,0.9437180757522584,11.153897285461426,12.583770751953123,5.780480861663818,0.134604200720787,0.3072951734066009,0.2906275689601898,7.042855262756348,0.0,0.1469390243291854,4.4387311935424805,8.42125129699707,37.0,25.0,30.0,87.5,
2025-12-17,10:03:47.275000,5a,Toxicity,Original,,186.4643096923828,0.7686250805854797,142.2096710205078,0.2335230708122253,0.4268280565738678,0.7201209664344788,11.153897285461426,11.322486877441406,6.897859573364258,0.1209437176585197,0.2113803327083587,0.4065364003181457,11.31520938873291,0.0,0.1491376161575317,10.598633766174316,4.655385971069336,37.0,25.0,30.0,42.85714340209961,
2025-12-17,10:03:47.275000,FinePointe Series WBP [SN 139781]  Site 2 Bias Flow is out of range.,,,,,,,,,,,,,,,,,,,,,,,,,
2025-12-17,10:03:51.275000,5a,Toxicity,Original,,160.9118194580078,1.086228609085083,155.04208374023438,0.3890786468982696,0.3252280950546264,0.8777492642402649,11.153897285461426,9.871938705444336,10.319028854370115,0.1640775501728058,0.2494418323040008,0.4396492838859558,6.9160895347595215,0.0,0.1998279392719268,9.224407196044922,2.524425983428955,37.0,25.0,30.0,84.61538696289062,
2025-12-17,10:03:51.275000,FinePointe Series WBP [SN 139781]  Site 1 Bias Flow is out of range.,,,,,,,,,,,,,,,,,,,,,,,,,
2025-12-17,10:03:53.275000,5a,Toxicity,Original,,215.6715850830078,0.7799073457717896,157.95729064941406,0.266963243484497,0.5399991273880005,0.7023382782936096,11.153897285461426,11.190350532531738,5.756535053253174,0.1175189316272735,0.1854924708604812,0.4164627492427826,22.039167404174805,0.0,0.1270612776279449,16.894838333129883,8.737857818603516,37.0,25.0,30.0,28.571428298950195,
2025-12-17,10:03:57.275000,5a,Toxicity,Original,,85.89620208740234,1.703248143196106,146.07920837402344,0.2765773236751556,0.5557692050933838,0.8723458647727966,11.153897285461426,10.082863807678224,5.820191383361816,0.2457546889781952,0.4530247151851654,0.3037508726119995,9.257304191589355,0.0,0.2958844006061554,1.5688424110412598,2.550029993057251,37.0,25.0,30.0,50.0,
2025-12-17,10:03:59.275000,5a,Toxicity,Original,,90.46115112304688,1.3789983987808228,124.05547332763672,0.4240689873695373,0.5583490133285522,0.8959872722625732,11.153897285461426,8.047332763671875,6.850852966308594,0.2341729700565338,0.4319490492343902,0.3809309601783752,7.292405605316162,0.0,0.2812026739120483,4.8261494636535645,2.743894577026367,37.0,25.0,30.0,0.0,
2025-12-17,10:03:59.275000,FinePointe Series WBP [SN 139781]  Site 2 Bias Flow is out of range.,,,,,,,,,,,,,,,,,,,,,,,,,
2025-12-17,10:04:01.275000,5a,Toxicity,Original,,93.00894927978516,1.342982530593872,124.81784057617188,0.3530195951461792,0.5595318078994751,0.8915127515792847,11.153897285461426,9.973201751708984,6.996915340423584,0.2087057530879974,0.4371834397315979,0.3374643325805664,7.951028347015381,0.0,0.2845507264137268,3.788788318634033,2.459461212158203,37.0,25.0,30.0,25.0,
2025-12-17,10:04:01.275000,FinePointe Series WBP [SN 139781]  Site 1 Bias Flow is out of range.,,,,,,,,,,,,,,,,,,,,,,,,,
2025-12-17,10:04:03.275000,5a,Toxicity,Original,,89.17827606201172,1.5718367099761963,140.25613403320312,0.3557600080966949,0.6641961336135864,0.9324792623519896,11.153897285461426,9.423623085021973,5.595606327056885,0.2358433008193969,0.4373857676982879,0.2432380616664886,8.0319185256958,0.0,0.2677071094512939,1.0774657726287842,7.202245712280273,37.0,25.0,30.0,0.0,
2025-12-17,10:04:05.275000,5a,Toxicity,Original,,95.54380798339844,1.5380994081497192,146.447998046875,0.1964519023895263,0.4409027099609375,0.9369101524353028,11.153897285461426,10.799241065979004,6.2078938484191895,0.2126041650772094,0.4220518469810486,0.2278512120246887,12.621748924255373,0.0,0.2960261404514313,5.580065727233887,0.4196536242961883,37.0,25.0,30.0,0.0,
2025-12-17,10:04:07.275000,5a,Toxicity,Original,,87.26032257080078,1.5556063652038574,135.35865783691406,0.2800229787826538,0.5033580660820007,0.9209816455841064,11.153897285461426,8.883744239807129,6.043177127838135,0.2422148734331131,0.4477586150169372,0.267564982175827,8.167085647583008,0.0,0.3020937740802765,1.7379646301269531,2.3552398681640625,37.0,25.0,30.0,0.0,
2025-12-17,10:04:09.275000,5a,Toxicity,Original,,120.99966430664062,1.1351239681243896,130.25880432128906,0.2876663208007812,0.5186305046081543,0.9177894592285156,11.153897285461426,10.255818367004396,6.646298408508301,0.172330766916275,0.3528278172016144,0.3009170889854431,9.632366180419922,0.0,0.2371870130300521,4.524755954742432,3.5242626667022705,37.0,25.0,30.0,0.0,
2025-12-17,10:04:09.275000,FinePointe Series WBP [SN 139781]  Site 2 Bias Flow is out of range.,,,,,,,,,,,,,,,,,,,,,,,,,
2025-12-17,10:04:11.275000,5a,Toxicity,Original,,93.7027587890625,0.8900451064109802,83.3996810913086,0.4362623989582062,0.7736241817474365,0.4602615237236023,11.153897285461426,9.208210945129396,4.853054046630859,0.1623335480690002,0.4779891073703766,0.2355470955371856,7.010355949401856,0.0,0.2722334265708923,15.89901351928711,16.436471939086914,37.0,25.0,30.0,66.66666412353516,
2025-12-17,10:04:11.275000,FinePointe Series WBP [SN 139781]  Site 1 Bias Flow is out of range.,,,,,,,,,,,,,,,,,,,,,,,,,
2025-12-17,10:04:13.275000,5a,Toxicity,Original,,119.20524597167967,1.3549909591674805,152.32200622558594,0.2915641069412231,0.5423352122306824,0.91939777135849,11.153897285461426,11.47226333618164,5.978600978851318,0.2002281546592712,0.3348897397518158,0.2521266341209411,9.636344909667969,0.0,0.2188031673431396,4.833951473236084,0.8184276223182678,37.0,25.0,30.0,25.0,
2025-12-17,10:04:15.275000,5a,Toxicity,Original,,122.39823150634766,1.2585468292236328,153.03343200683594,0.2652134895324707,0.4961189031600952,0.9106132984161376,11.153897285461426,11.949185371398926,7.183523178100586,0.1698981821537017,0.3221096098423004,0.439421147108078,15.68775749206543,0.0,0.2217327207326889,14.18785572052002,5.093685626983643,37.0,25.0,30.0,40.0,
2025-12-17,10:04:15.275000,FinePointe Series WBP [SN 139781]  Site 4 Bias Flow is out of range.,,,,,,,,,,,,,,,,,,,,,,,,,
2025-12-17,10:04:17.275000,5a,Toxicity,Original,,99.14147186279295,1.3466994762420654,132.53623962402344,0.3833169639110565,0.7745271921157837,0.6603819727897644,11.153897285461426,11.194072723388672,5.066287040710449,0.1889682859182357,0.4219361543655395,0.2628377974033355,7.651137828826904,0.0,0.2425605356693267,3.132838010787964,9.8372802734375,37.0,25.0,30.0,0.0,
2025-12-17,10:04:19.275000,5a,Toxicity,Original,,85.5757827758789,1.5235249996185305,130.57749938964844,0.3169815838336944,0.6919665336608887,0.8918203711509705,11.153897285461426,10.199953079223633,4.406613349914551,0.2284280657768249,0.4730104207992553,0.2391775846481323,7.102880954742432,0.0,0.2833489775657654,0.0072957878001034,6.690190315246582,37.0,25.0,30.0,0.0,
2025-12-17,10:04:19.275000,FinePointe Series WBP [SN 139781]  Site 2 Bias Flow is out of range.,,,,,,,,,,,,,,,,,,,,,,,,,
2025-12-17,10:04:21.275000,5a,Toxicity,Original,,98.67235565185548,1.4072295427322388,136.75315856933594,0.243237555027008,0.471745491027832,0.9158666729927064,11.153897285461426,10.105441093444824,6.160385608673096,0.2132550626993179,0.4043212234973907,0.3187145292758941,10.51677131652832,0.0,0.279032826423645,3.8090708255767822,2.131049871444702,37.0,25.0,30.0,0.0,
2025-12-17,10:04:21.275000,FinePointe Series WBP [SN 139781]  Site 1 Bias Flow is out of range.,,,,,,,,,,,,,,,,,,,,,,,,,
2025-12-17,10:04:23.275000,5a,Toxicity,Original,,85.38514709472656,1.3936760425567627,118.99459838867188,0.3036137223243713,0.6742058992385864,0.8816757202148438,11.153897285461426,9.168492317199709,4.603306770324707,0.2449893653392791,0.4577093124389648,0.3066312074661255,8.407733917236328,0.0,0.2785332798957824,2.985281467437744,7.805055618286133,37.0,25.0,30.0,33.33333206176758,
2025-12-17,10:04:25.275000,5a,Toxicity,Original,,87.76934814453125,1.4101768732070925,123.83706665039062,0.2479010224342346,0.4433997273445129,0.9255624413490297,11.153897285461426,8.844014167785645,6.241931438446045,0.2344253361225128,0.4563711881637573,0.2173551619052887,10.087894439697266,0.0,0.3201067745685577,6.853559494018555,,37.0,25.0,30.0,0.0,
2025-12-17,10:04:27.275000,5a,Toxicity,Original,,91.0316925048828,1.4976520538330078,136.62518310546875,0.3298144936561584,0.537152111530304,0.9108643531799316,11.153897285461426,8.82986831665039,6.515982151031494,0.2403372675180435,0.4205035865306854,0.2979143261909485,7.907606601715088,0.0,0.2778631448745727,3.515619993209839,1.9841227531433103,37.0,25.0,30.0,0.0,
2025-12-17,10:04:29.275000,5a,Toxicity,Original,,85.2214126586914,1.5683673620224,133.45458984375,0.3415765464305877,0.6211983561515808,0.8883119821548462,11.153897285461426,8.669218063354492,4.601572036743164,0.2613987326622009,0.4433621764183044,0.2689205110073089,7.172798156738281,0.0,0.2780783176422119,3.19364595413208,5.99232292175293,37.0,25.0,30.0,0.0,
2025-12-17,10:04:29.275000,FinePointe Series WBP [SN 139781]  Site 4 Bias Flow is out of range.,,,,,,,,,,,,,,,,,,,,,,,,,
2025-12-17,10:04:29.275000,FinePointe Series WBP [SN 139781]  Site 2 Bias Flow is out of range.,,,,,,,,,,,,,,,,,,,,,,,,,
2025-12-17,10:04:31.275000,5a,Toxicity,Original,,101.75505065917967,1.306735277175903,132.7236785888672,0.2691152989864349,0.5091526508331299,0.922856628894806,11.153897285461426,10.015957832336426,6.166628837585449,0.2039176076650619,0.3942652344703674,0.3231288492679596,21.96149444580078,0.0,0.2643603682518005,6.777459621429443,5.114736557006836,37.0,25.0,30.0,0.0,
2025-12-17,10:04:31.275000,FinePointe Series WBP [SN 139781]  Site 1 Bias Flow is out of range.,,,,,,,,,,,,,,,,,,,,,,,,,
2025-12-17,10:04:33.275000,5a,Toxicity,Original,,81.82852172851562,1.4272668361663818,116.57756805419922,0.5362710952758789,0.8347252607345581,0.1773370206356048,11.153897285461426,8.29141902923584,4.294197082519531,0.2482890039682388,0.4861149489879608,0.2811475396156311,6.80367374420166,0.0,0.26901376247406,,12.18890380859375,37.0,25.0,30.0,0.0,
2025-12-17,10:04:35.275000,5a,Toxicity,Original,,89.66181182861328,1.3958770036697388,124.59497833251952,0.3143657743930816,0.5378594994544983,0.921907365322113,11.153897285461426,8.691658973693848,6.023739814758301,0.2380763441324234,0.4336945414543152,0.2696990966796875,8.12013053894043,0.0,0.2863805890083313,6.829641819000244,2.634770393371582,37.0,25.0,30.0,0.0,
2025-12-17,10:04:37.275000,5a,Toxicity,Original,,90.81612396240234,1.3929232358932495,126.49717712402344,0.3117750287055969,0.6624040007591248,0.9061249494552612,11.153897285461426,9.041439056396484,4.790147304534912,0.2325872331857681,0.4283418655395508,0.2551556825637817,9.025331497192385,0.0,0.2636315822601318,2.562901496887207,5.887034893035889,37.0,25.0,30.0,0.0,
2025-12-17,10:04:39.275000,5a,Toxicity,Original,,99.42884826660156,1.3311023712158203,129.26495361328125,0.2591679692268371,0.4741853177547455,0.9042554497718812,11.153897285461426,9.45994472503662,6.05125617980957,0.2202289402484893,0.3957909047603607,0.2591627538204193,10.550914764404297,0.0,0.2728337049484253,4.458226680755615,6.305856704711914,37.0,25.0,30.0,0.0,
2025-12-17,10:04:39.275000,FinePointe Series WBP [SN 139781]  Site 4 Bias Flow is out of range.,,,,,,,,,,,,,,,,,,,,,,,,,
2025-12-17,10:04:39.275000,FinePointe Series WBP [SN 139781]  Site 2 Bias Flow is out of range.,,,,,,,,,,,,,,,,,,,,,,,,,
2025-12-17,10:04:41.275000,5a,Toxicity,Original,,110.8959503173828,1.1116498708724976,123.2774658203125,0.2231500893831253,0.5071460008621216,0.9106895923614502,11.153897285461426,10.404362678527832,4.978714942932129,0.1720965206623077,0.3689511716365814,0.269918143749237,9.39492130279541,0.0,0.2485883235931396,9.43172836303711,6.186615467071533,37.0,25.0,30.0,0.0,
2025-12-17,10:04:41.275000,FinePointe Series WBP [SN 139781]  Site 1 Bias Flow is out of range.,,,,,,,,,,,,,,,,,,,,,,,,,
2025-12-17,10:04:43.275000,5a,Toxicity,Original,,117.5873565673828,1.337360143661499,157.1746368408203,0.2904507219791412,0.4852202236652374,0.7922745943069458,11.153897285461426,12.423332214355469,8.304937362670898,0.1659834384918213,0.3461861610412597,0.4931541681289673,7.986763954162598,0.0,0.2361402213573455,3.496791362762451,6.376433372497559,37.0,25.0,30.0,71.42857360839844,
2025-12-17,10:04:45.275000,5a,Toxicity,Original,,120.42057800292967,1.660106182098389,200.5059509277344,0.2765024304389953,0.7285347580909729,0.58149254322052,11.153897285461426,13.966485977172852,5.933974266052246,0.187003418803215,0.312504380941391,0.3918684124946594,16.244422912597656,0.0,0.2001010477542877,12.957967758178713,8.786346435546875,37.0,25.0,30.0,50.0,
2025-12-17,10:04:47.275000,5a,Toxicity,Original,,208.29473876953125,0.7454662322998047,146.4019317626953,0.3013598620891571,0.3882138133049011,0.8682631850242615,11.153897285461426,10.5061616897583,8.587267875671387,0.1171660423278808,0.1892328709363937,0.5288097262382507,10.93917465209961,0.0,0.1377664804458618,16.90195083618164,4.635027885437012,37.0,25.0,30.0,42.85714340209961,
2025-12-17,10:04:49.275000,5a,Toxicity,Original,,101.71080017089844,1.4314112663269043,145.58998107910156,0.1667726039886474,0.4325644075870514,0.8960435390472412,11.153897285461426,13.141911506652832,6.050369739532471,0.165821298956871,0.4240865409374237,0.3046647906303406,8.192706108093262,0.0,0.2988004982471466,,,37.0,25.0,30.0,75.0,
2025-12-17,10:04:49.275000,FinePointe Series WBP [SN 139781]  Site 4 Bias Flow is out of range.,,,,,,,,,,,,,,,,,,,,,,,,,
2025-12-17,10:04:49.275000,FinePointe Series WBP [SN 139781]  Site 2 Bias Flow is out of range.,,,,,,,,,,,,,,,,,,,,,,,,,
2025-12-17,10:04:51.275000,5a,Toxicity,Original,,85.11659240722656,1.800243258476257,153.09185791015625,0.3900543749332428,0.8965926766395569,0.550680935382843,11.153897285461426,11.58013916015625,4.7581706047058105,0.2431915998458862,0.4639232158660888,0.2388319820165634,8.440478324890137,0.0,0.2555580139160156,0.8585708141326904,23.93390274047852,37.0,25.0,30.0,33.33333206176758,
2025-12-17,10:04:51.275000,FinePointe Series WBP [SN 139781]  Site 1 Bias Flow is out of range.,,,,,,,,,,,,,,,,,,,,,,,,,
2025-12-17,10:04:53.275000,5a,Toxicity,Original,,93.7854461669922,1.4950029850006104,138.8020782470703,0.297194093465805,0.5733841061592102,0.9077642560005188,11.153897285461426,10.348526000976562,5.887903213500977,0.2225100100040435,0.4233016669750213,0.3246113061904907,8.733180046081543,0.0,0.2729892134666443,1.641675353050232,5.190669536590576,37.0,25.0,30.0,0.0,
2025-12-17,10:04:55.275000,5a,Toxicity,Original,,151.0065155029297,0.8533791899681091,127.788330078125,0.2300861179828643,0.4624215364456177,0.895044207572937,11.153897285461426,10.14526653289795,5.720890998840332,0.1349848806858062,0.2662283182144165,0.2799675762653351,9.380951881408691,0.0,0.1881915777921676,10.210636138916016,5.252824306488037,37.0,25.0,30.0,0.0,
2025-12-17,10:04:57.275000,5a,Toxicity,Original,,137.9025421142578,1.0872291326522827,148.96798706054688,0.1845377683639526,0.3982004523277282,0.8517870306968689,11.153897285461426,13.548436164855955,7.203372001647949,0.1330664455890655,0.3083052933216095,0.4652424454689026,9.854766845703123,0.0,0.2250180691480636,15.116081237792969,4.705722808837891,37.0,25.0,30.0,50.0,
2025-12-17,10:04:57.275000,FinePointe Series WBP [SN 139781]  Site 2 Bias Flow is out of range.,,,,,,,,,,,,,,,,,,,,,,,,,
2025-12-17,10:05:01.275000,5a,Toxicity,Original,,112.14605712890624,1.20654296875,134.6681365966797,0.3455009162425995,0.6614685654640198,0.9367034435272216,11.153897285461426,10.396599769592283,5.921258926391602,0.1832747310400009,0.3577291667461395,0.2177736312150955,8.038509368896484,0.0,0.2218151688575744,0.8442000150680542,3.2446932792663574,37.0,25.0,30.0,62.5,
2025-12-17,10:05:01.275000,FinePointe Series WBP [SN 139781]  Site 1 Bias Flow is out of range.,,,,,,,,,,,,,,,,,,,,,,,,,
2025-12-17,10:05:03.275000,5a,Toxicity,Original,,82.64030456542969,1.4363954067230225,118.32376098632812,0.3816894292831421,0.6759445667266846,0.8221563100814819,11.153897285461426,9.642600059509276,4.883749961853027,0.2341052591800689,0.4926046431064605,0.243875503540039,5.806718826293945,0.0,0.2971947193145752,0.2927561104297638,7.350283622741699,37.0,25.0,30.0,33.33333206176758,
2025-12-17,10:05:05.275000,5a,Toxicity,Original,,90.5737075805664,1.3318402767181396,120.62754821777344,0.4373152256011963,0.659527599811554,0.9136613011360168,11.153897285461426,9.130945205688477,6.3619704246521,0.2225513756275177,0.4412539005279541,0.3975268006324768,8.685636520385742,0.0,0.2701923251152038,2.370742082595825,5.502752780914307,37.0,25.0,30.0,0.0,
2025-12-17,10:05:07.275000,5a,Toxicity,Original,,87.82350158691406,1.4099339246749878,123.99352264404295,0.4443956315517425,0.770073413848877,0.9005637764930725,11.153897285461426,8.718599319458008,4.290694713592529,0.2403406351804733,0.4431676566600799,0.3253605961799621,7.277828693389893,0.0,0.2552240490913391,1.7248435020446775,9.014622688293455,37.0,25.0,30.0,0.0,
2025-12-17,10:05:09.275000,5a,Toxicity,Original,,120.91275024414062,1.3582518100738523,161.73989868164062,0.2228465378284454,0.3458743691444397,0.8992065191268921,11.153897285461426,10.344420433044434,7.207671165466309,0.1980092972517013,0.3143291473388672,0.3034768104553222,12.799488067626951,0.0,0.2369069159030914,8.397785186767578,,37.0,25.0,30.0,0.0,
2025-12-17,10:05:09.275000,FinePointe Series WBP [SN 139781]  Site 2 Bias Flow is out of range.,,,,,,,,,,,,,,,,,,,,,,,,,
2025-12-17,10:05:11.275000,5a,Toxicity,Original,,88.48689270019531,1.4390888214111328,127.46414947509766,0.4432187378406524,0.8170766234397888,0.6133329272270203,11.153897285461426,9.398247718811035,4.814684867858887,0.2407428920269012,0.4378786385059356,0.3231996595859527,7.280435085296631,0.0,0.2494817972183227,1.418026089668274,12.382444381713867,37.0,25.0,30.0,57.14285659790039,
2025-12-17,10:05:11.275000,FinePointe Series WBP [SN 139781]  Site 1 Bias Flow is out of range.,,,,,,,,,,,,,,,,,,,,,,,,,
2025-12-17,10:05:13.275000,5a,Toxicity,Original,,128.39451599121094,1.2903809547424316,152.6886749267578,0.2697332799434662,0.478594958782196,0.9000921249389648,11.153897285461426,10.930240631103516,7.1059393882751465,0.1942646652460098,0.3122674822807312,0.3970069289207458,11.707987785339355,0.0,0.2155045270919799,14.630120277404783,3.7491607666015625,37.0,25.0,30.0,0.0,
2025-12-17,10:05:15.275000,5a,Toxicity,Original,,156.1002960205078,1.0939438343048096,156.01651000976562,0.227541297674179,0.6380184888839722,0.8916457891464233,11.153897285461426,11.931154251098633,4.3814897537231445,0.1490028351545334,0.3304162323474884,0.283621072769165,7.414201259613037,0.0,0.2016830295324325,10.510711669921877,3.5674233436584477,37.0,25.0,30.0,33.33333206176758,
2025-12-17,10:05:17.275000,5a,Toxicity,Original,,88.17253875732422,1.323161244392395,116.6242904663086,0.3671396374702453,0.58396977186203,0.9207509160041808,11.153897285461426,8.833236694335938,6.631180286407471,0.2224204242229461,0.4582904279232025,0.300683856010437,8.9627046585083,0.0,0.2952842116355896,1.4459892511367798,4.932332992553711,37.0,25.0,30.0,0.0,
2025-12-17,10:05:19.275000,5a,Toxicity,Original,,110.73674011230467,1.4607477188110352,159.64276123046875,0.3107401728630066,0.5819751620292664,0.7751703262329102,11.153897285461426,11.355027198791504,6.930670261383057,0.1976987719535827,0.35391765832901,0.4240660965442657,13.015843391418455,0.0,0.2353758215904235,10.260716438293455,9.75730037689209,37.0,25.0,30.0,0.0,
2025-12-17,10:05:19.275000,FinePointe Series WBP [SN 139781]  Site 2 Bias Flow is out of range.,,,,,,,,,,,,,,,,,,,,,,,,,
2025-12-17,10:05:21.275000,5a,Toxicity,Original,,91.94351196289062,1.048830509185791,96.43315887451172,0.2280213385820388,0.3927055895328522,0.938368797302246,11.153897285461426,10.164224624633787,7.523075580596924,0.1666249185800552,0.4859496653079986,0.4973232448101043,7.961147308349609,0.0,0.353296548128128,2.623163938522339,,37.0,25.0,30.0,75.0,
2025-12-17,10:05:21.275000,FinePointe Series WBP [SN 139781]  Site 1 Bias Flow is out of range.,,,,,,,,,,,,,,,,,,,,,,,,,
2025-12-17,10:05:23.275000,5a,Toxicity,Original,,120.35440063476562,1.3124876022338867,149.86709594726562,0.5425100326538086,1.0338445901870728,0.4601778984069824,11.153897285461426,12.058272361755373,5.716347217559815,0.1689768582582473,0.3544684052467346,0.4515527486801147,6.296360492706299,31.80712890625,0.1858998239040374,3.847177028656006,17.725772857666016,37.0,25.0,30.0,50.0,
2025-12-17,10:05:25.275000,5a,Toxicity,Original,,84.96626281738281,1.429765224456787,120.08079528808594,0.5629214644432068,1.1641688346862793,0.4796074628829956,11.153897285461426,9.863787651062012,3.4884371757507324,0.2218085080385208,0.4873303174972534,0.1875227093696594,6.108019828796387,0.0,0.228769451379776,,14.599305152893066,37.0,25.0,30.0,33.33333206176758,
2025-12-17,10:05:27.275000,5a,Toxicity,Original,,87.53860473632812,1.447690725326538,126.7513427734375,0.3039963543415069,0.6374520659446716,0.85148686170578,11.153897285461426,9.6155424118042,5.06974983215332,0.234128326177597,0.4512977600097656,0.2259664684534073,8.324150085449219,0.0,0.281010627746582,1.9810906648635864,8.951353073120117,37.0,25.0,30.0,0.0,
2025-12-17,10:05:27.275000,FinePointe Series WBP [SN 139781]  Site 4 Bias Flow is out of range.,,,,,,,,,,,,,,,,,,,,,,,,,
2025-12-17,10:05:29.275000,5a,Toxicity,Original,,199.07391357421875,1.0707029104232788,175.7373504638672,0.2976543307304382,0.4730405509471893,0.8350709676742554,11.153897285461426,10.132766723632812,7.1822357177734375,0.167954072356224,0.2378636002540588,0.4368581771850586,9.29322338104248,0.0,0.1634858399629593,12.736733436584473,6.710360050201416,37.0,25.0,30.0,0.0,
2025-12-17,10:05:29.275000,FinePointe Series WBP [SN 139781]  Site 2 Bias Flow is out of range.,,,,,,,,,,,,,,,,,,,,,,,,,
2025-12-17,10:05:29.275000,FinePointe Series WBP [SN 139781]  Site 1 Bias Flow is out of range.,,,,,,,,,,,,,,,,,,,,,,,,,
2025-12-17,10:05:33.275000,5a,Toxicity,Original,,81.53575897216797,1.506122589111328,123.0909652709961,0.4219846427440643,0.9359264969825744,0.6617957353591919,11.153897285461426,10.387557983398438,4.357501029968262,0.2353169173002243,0.5032095909118652,0.1673880517482757,8.074933052062988,89.58238983154297,0.2750426828861236,,12.620938301086426,37.0,25.0,30.0,50.0,
2025-12-17,10:05:35.275000,5a,Toxicity,Original,,92.64257049560548,1.6209321022033691,150.13246154785156,0.1865030229091644,0.4670630097389221,0.6341803669929504,11.153897285461426,10.808097839355469,4.778324127197266,0.2285244017839431,0.41916424036026,0.2173624038696289,11.101054191589355,0.0,0.2933505475521087,1.8996623754501345,4.656527519226074,37.0,25.0,30.0,0.0,
2025-12-17,10:05:37.275000,5a,Toxicity,Original,,212.82733154296875,0.997161626815796,178.61209106445312,0.4169916808605194,0.8108102083206177,0.3057081699371338,11.153897285461426,10.944093704223633,5.210707664489746,0.1425556540489196,0.2569994628429413,0.4251410365104675,6.310629844665527,104.35965728759766,0.1365027278661728,17.373252868652344,11.685332298278809,37.0,25.0,30.0,66.66666412353516,
2025-12-17,10:05:37.275000,FinePointe Series WBP [SN 139781]  Site 4 Bias Flow is out of range.,,,,,,,,,,,,,,,,,,,,,,,,,
2025-12-17,10:05:39.275000,5a,Toxicity,Original,,190.69293212890625,0.8678967952728271,153.04847717285156,0.2485411316156387,0.4199223518371582,0.8157011866569519,11.153897285461426,9.721132278442385,6.257114887237549,0.1348989754915237,0.214918315410614,0.3324024677276611,9.733868598937988,0.0,0.1639192700386047,13.908037185668944,10.7163724899292,37.0,25.0,30.0,25.0,
2025-12-17,10:05:39.275000,FinePointe Series WBP [SN 139781]  Site 2 Bias Flow is out of range.,,,,,,,,,,,,,,,,,,,,,,,,,
2025-12-17,10:05:41.275000,5a,Toxicity,Original,,79.49626159667969,1.6445748805999756,130.73756408691406,0.3022060692310333,1.0500128269195557,0.932559847831726,11.153897285461426,11.888750076293944,3.43190860748291,0.2336062639951706,0.5211461782455444,0.1840680837631225,9.414469718933104,0.0,0.258313775062561,0.9806161522865297,16.491397857666016,37.0,25.0,30.0,66.66666412353516,
2025-12-17,10:05:41.275000,FinePointe Series WBP [SN 139781]  Site 1 Bias Flow is out of range.,,,,,,,,,,,,,,,,,,,,,,,,,
2025-12-17,10:05:43.275000,5a,Toxicity,Original,,91.5201644897461,1.5651695728302002,143.2445831298828,0.2043860852718353,0.4561418890953064,0.9105658531188964,11.153897285461426,10.48104476928711,5.697502613067627,0.2228952348232269,0.432697981595993,0.2380190789699554,9.018261909484863,0.0,0.3015725910663605,2.8681187629699707,,37.0,25.0,30.0,66.66666412353516,
2025-12-17,10:05:45.275000,5a,Toxicity,Original,,160.74281311035156,1.1320102214813232,158.3325653076172,0.1836991161108017,0.4294017255306244,0.9088133573532104,11.153897285461426,11.034565925598145,5.19673490524292,0.1553394943475723,0.2775281071662903,0.2056765556335449,8.64983081817627,0.0,0.1931718587875366,6.046794414520264,6.1514387130737305,37.0,25.0,30.0,0.0,
2025-12-17,10:05:47.275000,5a,Toxicity,Original,,105.24552917480467,1.1901379823684692,124.814697265625,0.3689205348491668,0.5428531169891357,0.5167726278305054,11.153897285461426,9.217187881469728,6.783000946044922,0.1766550540924072,0.3943411409854889,0.2136158645153045,6.19674015045166,0.0,0.2673506736755371,0.5864864587783813,8.084248542785645,37.0,25.0,30.0,50.0,
2025-12-17,10:05:49.275000,5a,Toxicity,Original,,95.86734008789062,1.2352898120880127,118.42394256591795,0.4467624723911285,1.132559299468994,0.2826814651489258,11.153897285461426,10.362561225891112,3.149984359741211,0.1942837089300155,0.4315811693668365,0.1306247413158416,7.701294422149658,0.0,0.2054829150438308,,13.312809944152832,37.0,25.0,30.0,80.0,
2025-12-17,10:05:49.275000,FinePointe Series WBP [SN 139781]  Site 4 Bias Flow is out of range.,,,,,,,,,,,,,,,,,,,,,,,,,
2025-12-17,10:05:49.275000,FinePointe Series WBP [SN 139781]  Site 2 Bias Flow is out of range.,,,,,,,,,,,,,,,,,,,,,,,,,
2025-12-17,10:05:51.275000,5a,Toxicity,Original,,86.3196792602539,1.5954539775848389,137.37930297851562,0.2630168199539184,0.6887876391410828,0.9181329607963562,11.153897285461426,9.508825302124023,3.8445169925689697,0.2620982229709625,0.4354714751243591,0.2209087461233139,11.244011878967283,0.0,0.2670325934886932,1.546311616897583,10.674927711486816,37.0,25.0,30.0,0.0,
2025-12-17,10:05:51.275000,FinePointe Series WBP [SN 139781]  Site 1 Bias Flow is out of range.,,,,,,,,,,,,,,,,,,,,,,,,,
2025-12-17,10:05:53.275000,5a,Toxicity,Original,,143.77523803710938,1.2562923431396484,157.01956176757812,0.212591141462326,0.4335611462593078,0.8898396492004395,11.153897285461426,11.410802841186523,6.369672775268555,0.1692606210708618,0.3050035238265991,0.293520450592041,11.334264755249023,0.0,0.2174768298864364,7.67158842086792,4.583913326263428,37.0,25.0,30.0,0.0,
2025-12-17,10:05:55.275000,5a,Toxicity,Original,,123.5736083984375,0.9507882595062256,117.15960693359376,0.4406584501266479,0.7510324716567993,0.5204779505729675,11.153897285461426,9.68399429321289,6.001955509185791,0.1543125659227371,0.3376441597938537,0.2420984208583831,7.58172082901001,0.0,0.19542096555233,6.407505512237549,7.6726531982421875,37.0,25.0,30.0,0.0,
2025-12-17,10:05:57.275000,5a,Toxicity,Original,,93.08155822753906,1.3167080879211426,121.50275421142578,0.362084686756134,0.7037813067436218,0.6195103526115417,11.153897285461426,8.93160629272461,4.249472618103027,0.2262708246707916,0.4379911124706268,0.2742131352424621,9.678771018981934,0.0,0.2597710788249969,6.8464765548706055,10.739001274108888,37.0,25.0,30.0,40.0,
2025-12-17,10:05:59.275000,5a,Toxicity,Original,,217.8860626220703,0.7228516340255737,151.71560668945312,0.2651546001434326,0.3907715678215027,0.8558326363563538,11.153897285461426,11.77886962890625,7.944385528564453,0.1022891327738761,0.183126300573349,0.4664415121078491,10.10959243774414,0.0,0.1334868818521499,20.8369197845459,6.666141510009766,37.0,25.0,30.0,57.14285659790039,
2025-12-17,10:05:59.275000,FinePointe Series WBP [SN 139781]  Site 2 Bias Flow is out of range.,,,,,,,,,,,,,,,,,,,,,,,,,
2025-12-17,10:06:01.275000,5a,Toxicity,Original,,128.0874786376953,1.1420220136642456,146.27871704101562,0.1991566568613052,0.4938909113407135,0.934983491897583,11.153897285461426,13.398179054260254,6.8130621910095215,0.1454295068979263,0.3230003416538238,0.3380631804466247,8.608101844787598,0.0,0.2195877283811569,3.104552745819092,,37.0,25.0,30.0,80.0,
2025-12-17,10:06:01.275000,FinePointe Series WBP [SN 139781]  Site 1 Bias Flow is out of range.,,,,,,,,,,,,,,,,,,,,,,,,,
2025-12-17,10:06:03.275000,5a,Toxicity,Original,,184.20188903808597,0.6707802414894104,123.55899047851562,0.3124694228172302,0.5574077367782593,0.9186758399009703,11.153897285461426,10.152653694152832,6.67927885055542,0.1189101338386535,0.2068194150924682,0.377555251121521,11.685197830200195,0.0,0.1362884193658828,13.864095687866213,3.480250120162964,37.0,25.0,30.0,83.33333587646484,
2025-12-17,10:06:05.275000,5a,Toxicity,Original,,168.26040649414062,0.8937517404556274,144.99154663085938,0.267366349697113,0.7909257411956787,0.7328314781188965,11.153897285461426,11.820867538452148,3.960764646530152,0.1263967603445053,0.2330237329006195,0.319197416305542,14.777503967285156,0.0,0.1356258988380432,8.672355651855469,31.86224937438965,37.0,25.0,30.0,0.0,
2025-12-17,10:06:07.275000,5a,Toxicity,Original,,30.46827507019043,4.151809215545654,126.49846649169922,7.048839569091797,6.785335540771484,0.069228671491146,11.153897285461426,22.356290817260746,14.164501190185549,0.3803245425224304,1.5889369249343872,0.3130214214324951,6.01785945892334,637.5556030273438,0.205712229013443,,20.521095275878903,37.0,25.0,30.0,75.0,
2025-12-17,10:06:09.275000,5a,Toxicity,Original,,89.89144134521484,1.2667245864868164,113.96923065185548,0.4898734092712402,0.9244011044502258,0.5379447937011719,11.153897285461426,11.043461799621582,4.69382381439209,0.2080281227827072,0.4625899493694305,0.2927863001823425,6.367868423461914,6.034429550170898,0.2438182383775711,0.2582674026489258,14.29736614227295,37.0,25.0,30.0,0.0,
2025-12-17,10:06:09.275000,FinePointe Series WBP [SN 139781]  Site 2 Bias Flow is out of range.,,,,,,,,,,,,,,,,,,,,,,,,,
2025-12-17,10:06:11.275000,5a,Toxicity,Original,,92.6670913696289,1.308073878288269,121.23986053466795,0.3962573409080505,0.7452778816223145,0.6189696788787842,11.153897285461426,10.489744186401367,4.90324592590332,0.1961400359869003,0.4520750045776367,0.3331222236156463,7.650350570678711,0.0,0.262778490781784,2.812777042388916,11.032792091369627,37.0,25.0,30.0,0.0,
2025-12-17,10:06:11.275000,FinePointe Series WBP [SN 139781]  Site 1 Bias Flow is out of range.,,,,,,,,,,,,,,,,,,,,,,,,,
2025-12-17,10:06:13.275000,5a,Toxicity,Original,,111.56266784667967,1.237929344177246,133.93345642089844,0.3065110445022583,0.7074058651924133,0.777983546257019,11.153897285461426,10.436653137207031,5.188365936279297,0.1887846142053604,0.3655060827732086,0.2794479429721832,11.356409072875977,0.0,0.2200739979743957,5.046481609344482,11.255867004394531,37.0,25.0,30.0,0.0,
2025-12-17,10:06:15.275000,5a,Toxicity,Original,,85.82511901855469,1.5084893703460691,129.57167053222656,0.2820656895637512,0.727994441986084,0.8498181700706482,11.153897285461426,10.021138191223145,4.063085556030273,0.237466424703598,0.4621591866016388,0.1588539630174636,10.189715385437012,0.0,0.2733290195465088,2.895092010498047,7.666488170623779,37.0,25.0,30.0,0.0,
2025-12-17,10:06:17.275000,5a,Toxicity,Original,,91.84297943115234,1.441617488861084,132.38626098632812,0.2639343440532684,0.4885189831256866,0.8606139421463013,11.153897285461426,9.48033332824707,5.713688373565674,0.2399042248725891,0.4133890569210052,0.2992894351482391,8.305091857910156,0.0,0.2819277346134186,3.939928531646729,2.870630979537964,37.0,25.0,30.0,0.0,
2025-12-17,10:06:19.275000,5a,Toxicity,Original,,108.25706481933594,1.3192739486694336,141.95567321777344,0.2308646440505981,0.4223124384880066,0.8686647415161133,11.153897285461426,10.168096542358398,6.6137375831604,0.1963463127613067,0.3653293251991272,0.3200467824935913,10.998404502868652,0.0,0.2604248523712158,12.845586776733398,3.8549880981445312,37.0,25.0,30.0,0.0,
2025-12-17,10:06:19.275000,FinePointe Series WBP [SN 139781]  Site 2 Bias Flow is out of range.,,,,,,,,,,,,,,,,,,,,,,,,,
2025-12-17,10:06:21.275000,5a,Toxicity,Original,,83.29522705078125,1.3714226484298706,114.00891876220705,0.4190446138381958,0.7651569247245789,0.5802083611488342,11.153897285461426,9.465131759643556,4.698988437652588,0.2278002798557281,0.4940494298934936,0.2883903086185455,8.584405899047852,109.15801239013672,0.2846763432025909,1.2909148931503296,9.383838653564451,37.0,25.0,30.0,25.0,
2025-12-17,10:06:21.275000,FinePointe Series WBP [SN 139781]  Site 1 Bias Flow is out of range.,,,,,,,,,,,,,,,,,,,,,,,,,
2025-12-17,10:06:23.275000,5a,Toxicity,Original,,104.47972106933594,1.2168993949890137,125.4968719482422,0.2497033774852752,0.5750156044960022,0.7392111420631409,11.153897285461426,9.763483047485352,4.54872989654541,0.201821282505989,0.3799386322498321,0.219696894288063,10.108705520629885,0.0,0.2449035793542862,7.328144550323486,6.879875659942627,37.0,25.0,30.0,0.0,
2025-12-17,10:06:25.275000,5a,Toxicity,Original,,91.43214416503906,1.4231970310211182,130.14535522460938,0.3345280289649963,0.661626935005188,0.8055083751678467,11.153897285461426,9.401777267456056,4.923669338226318,0.2397628873586654,0.4181301295757293,0.2767531275749206,8.043279647827148,0.0,0.2568336725234985,4.398857116699219,6.509727478027344,37.0,25.0,30.0,0.0,
2025-12-17,10:06:27.275000,5a,Toxicity,Original,,90.7175750732422,0.9920862913131714,92.04652404785156,0.3912489116191864,0.7028181552886963,0.7570554614067078,11.153897285461426,7.29766845703125,4.902259826660156,0.2280853986740112,0.4526300430297851,0.2949018478393554,13.16408920288086,0.0,0.2809807360172272,6.072742462158203,19.489994049072266,37.0,25.0,30.0,0.0,
2025-12-17,10:06:29.275000,5a,Toxicity,Original,,98.53146362304688,1.362437129020691,133.9026336669922,0.3638913929462433,0.5917654037475586,0.7594891786575317,11.153897285461426,8.609573364257812,5.950227737426758,0.2279553115367889,0.3854439854621887,0.3226478993892669,8.801292419433594,0.0,0.2455530166625976,6.566847324371338,3.535027503967285,37.0,25.0,30.0,0.0,
2025-12-17,10:06:29.275000,FinePointe Series WBP [SN 139781]  Site 2 Bias Flow is out of range.,,,,,,,,,,,,,,,,,,,,,,,,,
2025-12-17,10:06:31.275000,5a,Toxicity,Original,,119.89934539794922,1.016756892204285,121.46854400634766,0.2342652082443237,0.4622075259685516,0.9085695147514344,11.153897285461426,10.164456367492676,5.973631381988525,0.161014512181282,0.3433513045310974,0.2870509028434753,8.648067474365234,0.0,0.2379090040922165,4.935816287994385,4.2427978515625,37.0,25.0,30.0,0.0,
2025-12-17,10:06:31.275000,FinePointe Series WBP [SN 139781]  Site 1 Bias Flow is out of range.,,,,,,,,,,,,,,,,,,,,,,,,,
2025-12-17,10:06:33.275000,5a,Toxicity,Original,,86.92106628417969,1.427565336227417,123.29460906982422,0.2719297707080841,0.6927374601364136,0.8846079111099243,11.153897285461426,10.761334419250488,4.306143760681152,0.2184189110994339,0.4751684665679931,0.2001740634441375,8.44007682800293,0.0,0.2851795852184295,,5.519792556762695,37.0,25.0,30.0,0.0,
2025-12-17,10:06:33.275000,FinePointe Series WBP [SN 139781]  Site 4 Bias Flow is out of range.,,,,,,,,,,,,,,,,,,,,,,,,,
2025-12-17,10:06:35.275000,5a,Toxicity,Original,,89.43437194824219,1.3760534524917605,123.03303527832033,0.2897359728813171,0.5663540363311768,0.8202250003814697,11.153897285461426,8.485135078430176,4.872218132019043,0.2494614124298095,0.4214887619018554,0.2791058123111725,9.36907958984375,0.0,0.2741268575191498,5.92259407043457,6.935245990753174,37.0,25.0,30.0,0.0,
2025-12-17,10:06:37.275000,5a,Toxicity,Original,,84.69451141357422,1.319149613380432,111.78678131103516,0.4495248794555664,0.7585337162017822,0.8193218111991882,11.153897285461426,8.035106658935547,4.61013126373291,0.2542833983898163,0.4545584321022033,0.2791557013988495,7.565435409545898,0.0,0.2631294727325439,2.412359952926636,9.160856246948242,37.0,25.0,30.0,0.0,
2025-12-17,10:06:39.275000,5a,Toxicity,Original,,97.25008392333984,1.2871325016021729,124.35350036621094,0.3042285442352295,0.6364373564720154,0.8532568216323853,11.153897285461426,9.069945335388184,4.634093761444092,0.2188269644975662,0.4010521173477173,0.2421257048845291,9.777990341186523,0.0,0.2496585994958877,4.137897968292236,5.748089790344238,37.0,25.0,30.0,0.0,
2025-12-17,10:06:39.275000,FinePointe Series WBP [SN 139781]  Site 2 Bias Flow is out of range.,,,,,,,,,,,,,,,,,,,,,,,,,
2025-12-17,10:06:41.275000,5a,Toxicity,Original,,258.1915588378906,0.7961620092391968,150.06674194335938,0.4279654920101166,0.4844879508018493,0.7841048240661621,11.153897285461426,8.630268096923828,7.275736808776855,0.135485291481018,0.180294007062912,0.459196001291275,9.138726234436035,0.0,0.1310838162899017,13.86889934539795,11.258445739746094,37.0,25.0,30.0,33.33333206176758,
2025-12-17,10:06:41.275000,FinePointe Series WBP [SN 139781]  Site 1 Bias Flow is out of range.,,,,,,,,,,,,,,,,,,,,,,,,,
2025-12-17,10:06:43.275000,5a,Toxicity,Original,,90.21370697021484,1.39205801486969,125.4751434326172,0.2590608298778534,0.6731117367744446,0.9434767365455629,11.153897285461426,9.536296844482422,4.287501335144043,0.2229875475168228,0.4423843324184418,0.230672612786293,14.309361457824709,0.0,0.2719171941280365,2.0979878902435303,15.012372970581056,37.0,25.0,30.0,25.0,
2025-12-17,10:06:45.275000,5a,Toxicity,Original,,93.61649322509766,1.3657454252243042,128.19239807128906,0.2651576995849609,0.517464280128479,0.9152466654777528,11.153897285461426,9.497812271118164,5.54112720489502,0.2184629738330841,0.4240069389343261,0.2522322237491607,9.20012378692627,0.0,0.2837935090065002,6.07612419128418,3.0414602756500244,37.0,25.0,30.0,0.0,
2025-12-17,10:06:45.275000,FinePointe Series WBP [SN 139781]  Site 4 Bias Flow is out of range.,,,,,,,,,,,,,,,,,,,,,,,,,
2025-12-17,10:06:47.275000,5a,Toxicity,Original,,100.9549789428711,1.2607792615890503,126.5274887084961,0.3160438537597656,0.5884743332862854,0.9075801372528076,11.153897285461426,9.605052947998049,5.594550609588623,0.2111694067716598,0.386925995349884,0.2859820425510406,8.704063415527344,0.0,0.2487508952617645,2.3276121616363525,3.800396919250488,37.0,25.0,30.0,0.0,
2025-12-17,10:06:49.275000,5a,Toxicity,Original,,94.47862243652344,1.2486215829849243,117.69629669189452,0.304257333278656,0.601002037525177,0.907443642616272,11.153897285461426,8.865277290344238,4.874414920806885,0.2252209931612014,0.4111868143081665,0.2845167815685272,10.25685691833496,0.0,0.2619091868400574,4.964110851287842,6.001379489898682,37.0,25.0,30.0,0.0,
2025-12-17,10:06:49.275000,FinePointe Series WBP [SN 139781]  Site 2 Bias Flow is out of range.,,,,,,,,,,,,,,,,,,,,,,,,,
2025-12-17,10:06:51.275000,5a,Toxicity,Original,,215.87120056152344,0.8822619915008545,166.1311492919922,0.2799299955368042,0.4641733169555664,0.8351452946662903,11.153897285461426,10.449151992797852,6.50470495223999,0.140251025557518,0.2022387087345123,0.4131540656089782,10.973276138305664,0.0,0.1387838870286941,14.068639755249023,5.339949131011963,37.0,25.0,30.0,14.285714149475098,
2025-12-17,10:06:51.275000,FinePointe Series WBP [SN 139781]  Site 1 Bias Flow is out of range.,,,,,,,,,,,,,,,,,,,,,,,,,
2025-12-17,10:06:53.275000,5a,Toxicity,Original,,247.3696136474609,0.663419783115387,129.033935546875,0.2684203386306762,0.4432240128517151,0.7886312007904053,11.153897285461426,10.057629585266112,6.573885440826416,0.1149815171957016,0.2187255471944809,0.464291900396347,14.164837837219238,0.0,0.1501707136631012,17.82271957397461,5.640490531921387,37.0,25.0,30.0,20.0,
2025-12-17,10:06:55.275000,5a,Toxicity,Original,,323.9515075683594,0.5438762307167053,172.30674743652344,0.3790641725063324,0.5238938927650452,0.7701561450958252,11.153897285461426,10.441752433776855,8.256114959716797,0.0878297165036201,0.1353890597820282,0.6178237199783325,9.536240577697754,0.0,0.092660441994667,16.59877586364746,8.594073295593262,37.0,25.0,30.0,30.0,
2025-12-17,10:06:57.275000,5a,Toxicity,Original,,170.34071350097656,0.9663152694702148,154.35687255859375,0.3086185455322265,0.7210035920143127,0.7021059989929199,11.153897285461426,12.916797637939451,6.961037635803223,0.1201345399022102,0.2524552941322326,0.355741411447525,9.926006317138672,0.0,0.1675934940576553,9.25410270690918,18.513988494873047,37.0,25.0,30.0,40.0,
2025-12-17,10:06:59.275000,5a,Toxicity,Original,,117.86677551269533,1.117900848388672,131.76336669921875,0.2001959085464477,0.441169798374176,0.9376994967460632,11.153897285461426,12.08482265472412,6.81486177444458,0.1485926657915115,0.3604566156864166,0.4252477884292602,10.426456451416016,0.0,0.2538996934890747,6.100762844085693,0.4133767485618591,37.0,25.0,30.0,80.0,
2025-12-17,10:06:59.275000,FinePointe Series WBP [SN 139781]  Site 4 Bias Flow is out of range.,,,,,,,,,,,,,,,,,,,,,,,,,
2025-12-17,10:06:59.275000,FinePointe Series WBP [SN 139781]  Site 2 Bias Flow is out of range.,,,,,,,,,,,,,,,,,,,,,,,,,
2025-12-17,10:07:01.275000,5a,Toxicity,Original,,77.0179443359375,1.4142026901245115,109.60614013671876,0.4109703004360199,1.2081539630889893,0.9540294408798218,11.153897285461426,10.34711742401123,3.799089193344116,0.2233275771141052,0.559516966342926,0.1518555879592895,9.696202278137209,0.0,0.2568429708480835,0.4514332711696625,16.114501953125,37.0,25.0,30.0,33.33333206176758,
2025-12-17,10:07:01.275000,FinePointe Series WBP [SN 139781]  Site 1 Bias Flow is out of range.,,,,,,,,,,,,,,,,,,,,,,,,,
2025-12-17,10:07:03.275000,5a,Toxicity,Original,,95.97200775146484,1.3444585800170898,129.0303955078125,0.1567762792110443,0.3837467730045318,0.9515363574028016,11.153897285461426,9.276341438293455,4.504921913146973,0.2237262576818466,0.4014560282230377,0.1718552559614181,9.305815696716309,0.0,0.2952583134174347,6.66865873336792,,37.0,25.0,30.0,50.0,
2025-12-17,10:07:05.275000,5a,Toxicity,Original,,217.20089721679688,0.8596144318580627,158.62765502929688,0.3588709235191345,0.5279180407524109,0.8186227083206177,11.153897285461426,10.25132179260254,7.592559814453125,0.1273931860923767,0.2124772816896438,0.4717227816581726,7.5849385261535645,0.0,0.1439170241355896,11.770729064941406,11.226397514343262,37.0,25.0,30.0,28.571428298950195,
2025-12-17,10:07:07.275000,5a,Toxicity,Original,,185.118408203125,0.9084584712982178,154.9637908935547,0.2661523818969726,0.4868218302726745,0.6809178590774536,11.153897285461426,11.114341735839844,6.2396769523620605,0.1268108040094375,0.223128542304039,0.3386905789375305,7.596707820892334,0.0,0.1520358771085739,9.915301322937012,14.241456985473633,37.0,25.0,30.0,33.33333206176758,
2025-12-17,10:07:09.275000,5a,Toxicity,Original,,303.10894775390625,0.622231125831604,189.28402709960935,0.4189361929893493,0.6707811951637268,0.7211004495620728,11.153897285461426,10.90316390991211,7.190645694732666,0.095876857638359,0.1247847974300384,0.6247259378433228,6.7661237716674805,0.0,0.0768006294965744,16.89973258972168,12.257437705993652,37.0,25.0,30.0,71.42857360839844,
2025-12-17,10:07:09.275000,FinePointe Series WBP [SN 139781]  Site 4 Bias Flow is out of range.,,,,,,,,,,,,,,,,,,,,,,,,,
2025-12-17,10:07:09.275000,FinePointe Series WBP [SN 139781]  Site 2 Bias Flow is out of range.,,,,,,,,,,,,,,,,,,,,,,,,,
2025-12-17,10:07:11.275000,5a,Toxicity,Original,,192.6068878173828,0.8738028407096863,168.30044555664062,0.1537002921104431,0.2529013752937317,0.850953221321106,11.153897285461426,12.554847717285156,8.16207218170166,0.1140896901488304,0.1974256485700607,0.5514160394668579,9.240912437438965,0.0,0.1594637632369995,13.645017623901367,,37.0,25.0,30.0,85.71428680419922,
2025-12-17,10:07:11.275000,FinePointe Series WBP [SN 139781]  Site 1 Bias Flow is out of range.,,,,,,,,,,,,,,,,,,,,,,,,,
2025-12-17,10:07:13.275000,5a,Toxicity,Original,,204.09591674804688,0.7839387059211731,154.92189025878906,0.193320631980896,0.326494038105011,0.8788999319076538,11.153897285461426,12.218170166015623,7.899140357971191,0.1097214967012405,0.2120885848999023,0.3872401118278503,13.7691068649292,0.0,0.161035269498825,15.769726753234863,1.99425745010376,37.0,25.0,30.0,33.33333206176758,
2025-12-17,10:07:15.275000,5a,Toxicity,Original,,82.90684509277344,1.227144718170166,101.76509857177734,0.4519404172897339,0.6427371501922607,0.9218226671218872,11.153897285461426,7.560840606689453,5.697601795196533,0.2420666068792343,0.4817544817924499,0.3130019307136535,9.52732753753662,0.0,0.3009463548660278,5.143805027008057,6.829696178436279,37.0,25.0,30.0,60.0,
2025-12-17,10:07:17.275000,5a,Toxicity,Original,,92.81965637207033,1.408958077430725,130.76834106445312,0.2858474254608154,0.495498925447464,0.8495997786521912,11.153897285461426,8.462318420410156,5.69334602355957,0.2477521747350692,0.3992636799812317,0.3315367698669433,10.702082633972168,0.0,0.2726478278636932,4.338184356689453,1.817551016807556,37.0,25.0,30.0,0.0,
2025-12-17,10:07:19.275000,5a,Toxicity,Original,,164.45362854003906,1.1822634935379028,167.10556030273438,0.3300420343875885,0.467669129371643,0.793404221534729,11.153897285461426,9.117423057556152,7.365192890167236,0.1941738575696945,0.254050612449646,0.4469597339630127,10.31929874420166,0.0,0.1815675199031829,10.09441089630127,6.154057502746582,37.0,25.0,30.0,0.0,
2025-12-17,10:07:19.275000,FinePointe Series WBP [SN 139781]  Site 2 Bias Flow is out of range.,,,,,,,,,,,,,,,,,,,,,,,,,
2025-12-17,10:07:21.275000,5a,Toxicity,Original,,79.91622924804688,1.43878173828125,114.99058532714844,0.3092468082904815,0.6456524729728699,0.9408929347991944,11.153897285461426,9.517057418823242,4.90095329284668,0.2375155389308929,0.5133203864097595,0.2652035355567932,10.375654220581056,0.0,0.3169444799423218,,3.1727356910705566,37.0,25.0,30.0,33.33333206176758,
2025-12-17,10:07:21.275000,FinePointe Series WBP [SN 139781]  Site 1 Bias Flow is out of range.,,,,,,,,,,,,,,,,,,,,,,,,,
2025-12-17,10:07:23.275000,5a,Toxicity,Original,,91.8894271850586,1.386248230934143,127.34323120117188,0.2806559205055237,0.4418103694915771,0.9169712066650392,11.153897285461426,8.626874923706055,6.55364465713501,0.2394270300865173,0.4136300384998321,0.2478446066379547,10.742232322692873,0.0,0.2919140756130218,3.3849096298217773,,37.0,25.0,30.0,0.0,
2025-12-17,10:07:25.275000,5a,Toxicity,Original,,140.4205322265625,1.0741796493530271,140.28358459472656,0.2573179602622986,0.5621610283851624,0.7952061891555786,11.153897285461426,9.982979774475098,5.560960292816162,0.1671637594699859,0.2848134636878967,0.3152545690536499,11.22919750213623,0.0,0.1874297261238098,10.586557388305664,6.826632022857666,37.0,25.0,30.0,0.0,
2025-12-17,10:07:27.275000,5a,Toxicity,Original,,84.7126235961914,1.3327866792678833,113.0177001953125,0.1857961267232895,0.4820869565010071,0.9172451496124268,11.153897285461426,9.6298246383667,4.680049419403076,0.2285373955965042,0.4800660014152527,0.24575075507164,8.423514366149902,0.0,0.3287383913993835,3.337672710418701,1.633912205696106,37.0,25.0,30.0,33.33333206176758,
2025-12-17,10:07:29.275000,5a,Toxicity,Original,,109.74317932128906,1.3359209299087524,142.8872833251953,0.2649243772029876,0.3822101354598999,0.8960047364234924,11.153897285461426,8.808952331542969,7.015607833862305,0.2226893007755279,0.3540968298912048,0.2739802002906799,10.494458198547363,0.0,0.2619208395481109,7.684948444366455,1.790849685668945,37.0,25.0,30.0,0.0,
2025-12-17,10:07:29.275000,FinePointe Series WBP [SN 139781]  Site 2 Bias Flow is out of range.,,,,,,,,,,,,,,,,,,,,,,,,,
2025-12-17,10:07:31.275000,5a,Toxicity,Original,,266.6528015136719,0.7979857325553894,183.07858276367188,0.3298737406730652,0.4662656188011169,0.8001242280006409,11.153897285461426,10.059054374694824,7.405595779418945,0.1291269659996032,0.1604135930538177,0.4430097639560699,7.588118076324463,0.0,0.116764560341835,12.577410697937012,9.19851016998291,37.0,25.0,30.0,50.0,
2025-12-17,10:07:31.275000,FinePointe Series WBP [SN 139781]  Site 1 Bias Flow is out of range.,,,,,,,,,,,,,,,,,,,,,,,,,
2025-12-17,10:07:33.275000,5a,Toxicity,Original,,134.6689910888672,1.0883077383041382,136.7462615966797,0.2592429518699646,0.4187743365764618,0.904781699180603,11.153897285461426,11.693530082702637,8.116604804992676,0.1450811773538589,0.3412333726882934,0.2800439596176147,9.463801383972168,0.0,0.2428162097930908,8.49011516571045,0.863673746585846,37.0,25.0,30.0,40.0,
2025-12-17,10:07:35.275000,5a,Toxicity,Original,,74.65187072753906,1.7403619289398191,129.92127990722656,0.3278796076774597,0.9185267090797424,0.9585854411125184,11.153897285461426,10.846108436584473,3.3892948627471924,0.2383142113685608,0.5654164552688599,0.09256462007761,10.409133911132812,0.0,0.299019992351532,,3.3869645595550537,37.0,25.0,30.0,66.66666412353516,
2025-12-17,10:07:35.275000,Record signals and tables.,,,,,,,,,,,,,,,,,,,,,,,,,
2025-12-17,10:07:35.275000,Experiment Complete.,,,,,,,,,,,,,,,,,,,,,,,,,
