Date,Time,Subject,Phase,Recording,Alarms,f,TVb,MVb,Penh,PAU,Rpef,Comp,PIFb,PEFb,Ti,Te,EF50,EIP,EEP,Tr,TB,TP,Tbody,Tc,RH,Rinx,BFCF
2025-12-17,09:43:57.059000,Measuring antidote.,,,,,,,,,,,,,,,,,,,,,,,,,
2025-12-17,09:43:57.059000,Create measurement 'antidote'. Duration: 00:01:00,,,,,,,,,,,,,,,,,,,,,,,,,
2025-12-17,09:43:57.059000,Site Acknowledgement Changed: False,,,,,,,,,,,,,,,,,,,,,,,,,
2025-12-17,09:43:57.059000,FinePointe Series WBP [SN 10499C]  Site 1 Bias Flow is out of range.,,,,,,,,,,,,,,,,,,,,,,,,,
2025-12-17,09:43:57.059000,FinePointe Series WBP [SN 10499C]  Site 1 Bias Flow is out of range.,,,,,,,,,,,,,,,,,,,,,,,,,
2025-12-17,09:43:57.059000,FinePointe Series WBP [SN 10499C]  Site 1 Bias Flow is out of range.,,,,,,,,,,,,,,,,,,,,,,,,,
2025-12-17,09:44:28.135000,6a,Toxicity,Original,,275.8218078613281,0.2723568975925445,75.1187744140625,0.3623183667659759,0.4101004004478454,0.7771695256233215,11.153897285461426,5.149013519287109,4.452943325042725,0.1027817651629448,0.130468338727951,0.275081992149353,7.471701145172119,0.0,0.1032928824424743,16.07295799255371,8.253458023071289,37.0,25.0,30.0,90.32257843017578,
2025-12-17,09:44:54.135000,6a,Toxicity,Original,,46.07606887817383,5.387217998504639,248.2218170166016,0.7906494140625,2.209350347518921,0.9959955215454102,11.153897285461426,47.35617065429688,11.5562162399292,0.2660451829433441,1.036149263381958,0.7115693688392639,,,0.3309597969055176,6.47004508972168,34.97943115234375,37.0,25.0,30.0,95.4545440673828,
2025-12-17,09:44:54.135000,Measuring T30.,,,,,,,,,,,,,,,,,,,,,,,,,
2025-12-17,09:44:54.135000,Create measurement 'T30'. Duration: 00:29:00,,,,,,,,,,,,,,,,,,,,,,,,,
2025-12-17,09:45:24.135000,6a,Toxicity,Original,,19.265026092529297,2.7191219329833984,52.38395309448242,4.850130558013916,6.110640048980713,0.2124794870615005,11.153897285461426,10.053598403930664,4.807246208190918,0.6389188766479492,2.4755332469940186,0.3543401658535003,36.497032165527344,1421.095703125,0.3590392172336578,3.3618874549865723,6.250662803649902,37.0,25.0,30.0,94.44444274902344,
2025-12-17,09:45:26.135000,6a,Toxicity,Original,,134.28245544433594,0.3575557470321655,48.013465881347656,0.928845465183258,1.1069287061691284,0.3974461257457733,11.153897285461426,3.9449310302734375,3.2810654640197754,0.1851486712694168,0.2616706788539886,0.2863013744354248,12.512639999389648,0.0,0.128308430314064,15.797310829162598,33.29147720336914,37.0,25.0,30.0,75.0,
2025-12-17,09:45:32.135000,6a,Toxicity,Original,,32.69682693481445,2.8998360633850098,94.81543731689452,1.3853076696395874,1.652098298072815,0.4595015048980713,11.153897285461426,9.464093208312988,5.674012660980225,0.5815080404281616,1.2535322904586792,0.3644061982631683,26.58485412597656,0.0,0.4876132905483246,6.133050918579102,19.4671573638916,37.0,25.0,30.0,50.0,
2025-12-17,09:45:34.135000,6a,Toxicity,Original,,267.4291381835937,0.1356543749570846,36.27793502807617,0.6931955814361572,0.9280217289924622,0.310945987701416,11.153897285461426,1.603416085243225,1.1262786388397217,0.127878725528717,0.0964797735214233,0.08557590842247,4.748305797576904,0.0,0.0509850196540355,12.277047157287598,16.03449821472168,37.0,25.0,30.0,75.0,
2025-12-17,09:45:38.135000,6a,Toxicity,Original,,14.404851913452148,2.862667322158813,41.23629760742188,6.353350162506104,9.730854034423828,0.4124020934104919,11.153897285461426,12.554085731506348,6.238399982452393,0.6347281336784363,3.5305349826812744,0.4316129386425018,37.42998123168945,1775.387451171875,0.3424779176712036,,,37.0,25.0,30.0,50.0,
2025-12-17,09:45:46.135000,6a,Toxicity,Original,,16.12125587463379,2.484299898147583,40.05003356933594,5.334131717681885,7.510719299316406,0.5205132365226746,11.153897285461426,11.371050834655762,6.603782176971436,0.4865263700485229,3.2352681159973145,0.4543607532978058,197.86151123046875,1147.7353515625,0.3846599459648132,,,37.0,25.0,30.0,50.0,
2025-12-17,09:45:48.135000,6a,Toxicity,Original,,130.50376892089844,1.5626646280288696,50.88128662109375,1.4732428789138794,2.054257392883301,0.403796523809433,11.153897285461426,7.081583499908447,3.867812871932984,0.3515066802501678,1.1817705631256104,0.3085944056510925,17.515287399291992,468.4145202636719,0.2956989407539367,8.99569320678711,16.416603088378906,37.0,25.0,30.0,33.33333206176758,
2025-12-17,09:45:56.135000,6a,Toxicity,Original,,43.33807373046875,2.851656913757324,123.58531951904295,0.5908785462379456,0.9957194328308104,0.66309654712677,11.153897285461426,10.735246658325195,5.437607288360596,0.4645375907421112,0.9199264049530028,0.3932853937149048,52.14117050170898,0.0,0.4746703505516052,5.702879428863525,22.06903076171875,37.0,25.0,30.0,83.33333587646484,
2025-12-17,09:46:00.135000,6a,Toxicity,Original,,28.038631439208984,2.9689173698425293,83.24437713623047,2.330724000930786,3.2420003414154053,0.3599538803100586,11.153897285461426,10.967927932739258,6.758665084838867,0.5563684701919556,1.5835362672805786,0.5804041028022766,15.577274322509766,694.165771484375,0.3870247006416321,5.7478556632995605,,37.0,25.0,30.0,83.33333587646484,
2025-12-17,09:46:04.135000,6a,Toxicity,Original,,56.3526611328125,2.7748284339904785,156.3689727783203,0.4816084802150726,0.612330973148346,0.757530927658081,11.153897285461426,8.977267265319824,6.696808815002441,0.4891694188117981,0.5755540728569031,0.3473701179027557,18.35360717773437,0.0,0.3701207935810089,8.279380798339844,27.87405586242676,37.0,25.0,30.0,75.0,
2025-12-17,09:46:08.135000,6a,Toxicity,Original,,44.90007400512695,3.023824453353882,135.7699432373047,1.1985068321228027,1.5539321899414062,0.4863332509994507,11.153897285461426,10.973522186279297,6.6853861808776855,0.4644705355167389,0.8718301653862,0.5609759092330933,24.21588134765625,140.65475463867188,0.3541317880153656,9.44394302368164,15.663803100585938,37.0,25.0,30.0,66.66666412353516,
2025-12-17,09:46:10.135000,6a,Toxicity,Original,,47.85222244262695,2.929749011993408,140.19500732421875,0.6873740553855896,0.8989222645759583,0.5897766351699829,11.153897285461426,11.290071487426758,8.610053062438965,0.5824195742607117,0.6714406609535217,0.6231452822685242,19.66840362548828,0.0,0.384921133518219,10.33167839050293,43.50896835327149,37.0,25.0,30.0,50.0,
2025-12-17,09:46:12.135000,6a,Toxicity,Original,,35.412109375,2.7392919063568115,97.1218490600586,3.20898962020874,3.706440687179565,0.2480878680944442,11.153897285461426,10.413647651672363,6.1683502197265625,0.4906241297721863,1.2317023277282717,0.4284546375274658,23.711959838867188,516.858642578125,0.2846642434597015,4.990760326385498,45.54831314086914,37.0,25.0,30.0,33.33333206176758,
2025-12-17,09:46:14.135000,6a,Toxicity,Original,,38.38667678833008,2.7168004512786865,104.2889404296875,1.3271714448928833,1.3345757722854614,0.3340532481670379,11.153897285461426,9.999768257141112,7.471839427947998,0.8445940017700195,0.7184483408927917,0.5605379343032837,35.962303161621094,0.0,0.3202953934669494,7.228941917419434,5.427942276000977,37.0,25.0,30.0,0.0,
2025-12-17,09:46:16.135000,6a,Toxicity,Original,,34.00484848022461,2.712770462036133,92.24734497070312,0.7449620962142944,1.14057195186615,0.8292657136917114,11.153897285461426,11.495530128479004,5.887942790985107,0.4838033020496368,1.2806510925292969,0.2285150289535522,27.18865966796875,0.0,0.6104211211204529,,8.267271995544434,37.0,25.0,30.0,50.0,
2025-12-17,09:46:18.135000,6a,Toxicity,Original,,60.91831207275391,2.21749210357666,124.54743957519533,1.1131479740142822,1.479598045349121,0.4562014937400818,11.153897285461426,8.84187126159668,5.790325164794922,0.4882853031158447,0.565994918346405,0.4710780382156372,19.061918258666992,72.62446594238281,0.2412212044000625,6.100089550018311,25.794330596923828,37.0,25.0,30.0,0.0,
2025-12-17,09:46:20.135000,6a,Toxicity,Original,,32.8663215637207,2.653916358947754,87.22447204589844,2.3681366443634038,3.0272138118743896,0.3397714793682098,11.153897285461426,9.769993782043455,6.061498165130615,0.55413419008255,1.2714427709579468,0.5353721380233765,97.32238006591795,620.78955078125,0.3267445266246795,7.783968448638916,37.88902282714844,37.0,25.0,30.0,0.0,
2025-12-17,09:46:22.135000,6a,Toxicity,Original,,40.424072265625,2.696763515472412,109.01416015625,2.0955913066864014,2.356034278869629,0.347714215517044,11.153897285461426,10.93327808380127,7.050349712371826,0.4489312171936035,1.0353329181671145,0.5894229412078857,49.33671188354492,384.9195556640625,0.3171060085296631,7.966716766357422,57.43923568725586,37.0,25.0,30.0,0.0,
2025-12-17,09:46:24.135000,6a,Toxicity,Original,,44.08188247680664,2.6905133724212646,118.60289001464844,0.7278021574020386,0.8587033748626709,0.4574670195579529,11.153897285461426,9.351920127868652,8.029601097106934,0.5566737651824951,0.8044295907020569,0.55735182762146,24.27613067626953,0.0,0.45356285572052,17.827085494995117,7.05577278137207,37.0,25.0,30.0,50.0,
2025-12-17,09:46:26.135000,6a,Toxicity,Original,,54.07243728637695,2.665960788726806,144.15499877929688,0.4480476677417755,0.7977957129478455,0.6083480715751648,11.153897285461426,10.56418800354004,6.057167530059815,0.4455291032791137,0.6640934944152832,0.4162834882736206,24.408769607543945,0.0,0.3835216164588928,7.222200393676758,8.642627716064453,37.0,25.0,30.0,66.66666412353516,
2025-12-17,09:46:30.135000,6a,Toxicity,Original,,50.43093490600586,2.9087750911712646,145.344482421875,0.8223234415054321,1.1308495998382568,0.5437129735946655,11.153897285461426,10.043926239013672,6.78887939453125,0.5518587231636047,0.6432916522026062,0.5416879653930664,32.076873779296875,0.0,0.3181036114692688,8.777729988098145,13.63019561767578,37.0,25.0,30.0,66.66666412353516,
2025-12-17,09:46:32.135000,6a,Toxicity,Original,,48.55683135986328,2.346891403198242,113.9576187133789,0.7460289597511292,0.8544945120811462,0.4667530357837677,11.153897285461426,10.198186874389648,7.944187641143799,0.4600947201251983,0.7755707502365112,0.5274356603622437,68.66021728515625,0.0,0.4332921802997589,11.014349937438965,42.26155471801758,37.0,25.0,30.0,50.0,
2025-12-17,09:46:34.135000,6a,Toxicity,Original,,47.00042343139648,2.782393455505371,130.77366638183594,0.6418880820274353,0.7912241220474243,0.6820644736289978,11.153897285461426,8.758057594299316,9.477113723754885,0.5816352367401123,0.6949489712715149,0.5918175578117371,37.265403747558594,0.0,0.4175119996070862,18.36150550842285,11.518966674804688,37.0,25.0,30.0,66.66666412353516,
2025-12-17,09:46:36.135000,6a,Toxicity,Original,,51.689002990722656,2.6473588943481445,136.83934020996094,0.649147629737854,0.6132855415344238,0.6745911240577698,11.153897285461426,9.371572494506836,9.013646125793455,0.5263301134109497,0.6344583630561829,0.7883656024932861,154.25965881347656,0.0,0.4046722948551178,14.05945110321045,7.857217788696289,37.0,25.0,30.0,50.0,
2025-12-17,09:46:38.135000,6a,Toxicity,Original,,33.94988250732422,3.0039358139038086,101.98326110839844,1.7759753465652466,2.66819429397583,0.3478628993034363,11.153897285461426,11.682622909545898,7.222095966339111,0.5656881928443909,1.2016228437423706,0.5493485331535339,149.02635192871094,545.0383911132812,0.3353483974933624,8.517378807067871,33.84674453735352,37.0,25.0,30.0,50.0,
2025-12-17,09:46:40.135000,6a,Toxicity,Original,,53.228885650634766,2.7875144481658936,148.37628173828125,0.7708687782287598,1.0154361724853516,0.6078954339027405,11.153897285461426,9.71263027191162,7.105582237243652,0.4889398515224457,0.6382676362991333,0.5832260251045227,30.12987327575684,0.0,0.3314746618270874,9.322970390319824,18.997478485107425,37.0,25.0,30.0,0.0,
2025-12-17,09:46:42.135000,6a,Toxicity,Original,,56.85139083862305,2.644012212753296,150.31649780273438,0.8997896909713745,1.0490059852600098,0.4481000304222107,11.153897285461426,10.088829040527344,8.118589401245117,0.4647306799888611,0.5944492816925049,0.6917589902877808,21.92515182495117,0.0,0.3019075989723205,10.600381851196287,19.385757446289062,37.0,25.0,30.0,33.33333206176758,
2025-12-17,09:46:44.135000,6a,Toxicity,Original,,52.147560119628906,2.736215829849243,142.68698120117188,0.7977311611175537,1.0331332683563232,0.6443367600440979,11.153897285461426,11.307936668395996,7.742634296417236,0.4615004360675812,0.6890807151794434,0.6675956845283508,35.01193618774414,0.0,0.3548915386199951,10.884063720703123,23.80695915222168,37.0,25.0,30.0,50.0,
2025-12-17,09:46:46.135000,6a,Toxicity,Original,,57.20759582519531,2.597982168197632,148.73587036132812,0.6670631766319275,0.7501623034477234,0.661007821559906,11.153897285461426,9.484624862670898,7.613722324371338,0.491264283657074,0.5680761337280273,0.5870758295059204,20.9852237701416,0.0,0.3475707173347473,9.395642280578612,11.458013534545898,37.0,25.0,30.0,0.0,
2025-12-17,09:46:48.135000,6a,Toxicity,Original,,53.48494720458984,2.662540912628174,142.40586853027344,1.5352410078048706,1.81202495098114,0.3357152044773102,11.153897285461426,10.33160400390625,7.935313701629639,0.4724510610103607,0.6493598818778992,0.6661486029624939,15.869128227233888,157.27557373046875,0.2386646568775177,7.364473819732666,29.53043937683105,37.0,25.0,30.0,50.0,
2025-12-17,09:46:50.135000,6a,Toxicity,Original,,64.23497009277344,2.5075583457946777,161.09283447265625,0.637420654296875,0.7946503162384033,0.5939027667045593,11.153897285461426,10.381917953491213,8.391937255859375,0.4244463443756103,0.5109456777572632,0.7152930498123169,15.559653282165527,0.0,0.299764484167099,13.016681671142578,26.50924301147461,37.0,25.0,30.0,33.33333206176758,
2025-12-17,09:46:52.135000,6a,Toxicity,Original,,59.892539978027344,2.5634536743164062,153.65475463867188,0.7893369793891907,0.9415271282196044,0.498286485671997,11.153897285461426,9.471183776855469,7.626923561096191,0.4283504784107208,0.5735676288604736,0.6029685735702515,21.01018524169922,0.0,0.3052020668983459,8.91297435760498,17.73501205444336,37.0,25.0,30.0,33.33333206176758,
2025-12-17,09:46:54.135000,6a,Toxicity,Original,,77.45751953125,1.7606576681137085,129.1793975830078,0.5324776768684387,0.719078779220581,0.6966263055801392,11.153897285461426,7.773975849151611,6.20667839050293,0.3756202459335327,0.4687902927398681,0.4923316538333893,19.125083923339844,0.0,0.2809065282344818,12.423638343811035,15.667495727539062,37.0,25.0,30.0,0.0,
2025-12-17,09:46:56.135000,6a,Toxicity,Original,,83.65603637695312,1.9307286739349363,146.5583953857422,0.8217003345489502,1.1217666864395142,0.4456112086772918,11.153897285461426,9.80634593963623,6.422918319702148,0.3717420101165771,0.3945934772491455,0.5360294580459595,24.069942474365234,0.0,0.199576586484909,12.20805549621582,22.36645126342773,37.0,25.0,30.0,0.0,
2025-12-17,09:46:58.135000,6a,Toxicity,Original,,100.6514892578125,1.8513517379760744,159.14309692382812,0.7903448343276978,0.9119338989257812,0.5243189334869385,11.153897285461426,9.589210510253906,8.20893669128418,0.325754314661026,0.3752990663051605,0.4806724786758423,24.82792854309082,31.85862922668457,0.2008799165487289,14.60031509399414,25.471445083618164,37.0,25.0,30.0,0.0,
2025-12-17,09:47:00.135000,6a,Toxicity,Original,,62.79068756103516,2.7447543144226074,172.3450164794922,0.8580224514007568,0.7154810428619385,0.5272196531295776,11.153897285461426,8.89553451538086,10.140765190124512,0.5193049311637878,0.4362508058547973,0.875705897808075,9.835084915161133,0.0,0.2646936178207397,10.206744194030762,,37.0,25.0,30.0,75.0,
2025-12-17,09:47:02.135000,6a,Toxicity,Original,,82.74301147460938,1.8943140506744385,141.3560028076172,0.6411778926849365,0.7701178789138794,0.5857614874839783,11.153897285461426,7.771696090698242,5.748970985412598,0.4033938348293304,0.3679941892623901,0.4900521039962768,14.904678344726562,0.0,0.2115826606750488,8.87239933013916,14.331311225891112,37.0,25.0,30.0,33.33333206176758,
2025-12-17,09:47:04.135000,6a,Toxicity,Original,,57.99976348876953,2.4463939666748047,141.0780792236328,1.0235333442687988,1.0327132940292358,0.5303481817245483,11.153897285461426,9.855257987976074,9.445541381835938,0.4494712352752685,0.5951176285743713,0.8152916431427002,37.60784530639648,83.53508758544922,0.3228042423725128,15.510650634765623,19.76719856262207,37.0,25.0,30.0,0.0,
2025-12-17,09:47:06.135000,6a,Toxicity,Original,,65.26875305175781,2.51323676109314,164.03335571289062,0.7137987613677979,0.72536301612854,0.5276143550872803,11.153897285461426,9.8774995803833,9.91358470916748,0.4672062397003174,0.4523386359214782,0.8443940877914429,18.22370147705078,0.0,0.2721839249134063,14.029725074768066,13.650799751281738,37.0,25.0,30.0,33.33333206176758,
2025-12-17,09:47:08.135000,6a,Toxicity,Original,,87.18258666992188,1.6991764307022097,129.12782287597656,0.6800615787506104,0.6860095262527466,0.6272019743919373,11.153897285461426,6.706018924713135,6.157974243164063,0.4227042198181152,0.3215327858924866,0.4808254241943359,13.922836303710938,0.0,0.1940652579069137,7.711286544799805,9.562335968017578,37.0,25.0,30.0,0.0,
2025-12-17,09:47:10.135000,6a,Toxicity,Original,,63.94247817993164,2.505468845367432,160.1896209716797,0.8013847470283508,0.9195351004600524,0.5006414651870728,11.153897285461426,9.796727180480955,8.328384399414062,0.4437702894210815,0.4949803650379181,0.7026351690292358,32.57218551635742,0.0,0.2716113626956939,12.356203079223633,19.342952728271484,37.0,25.0,30.0,0.0,
2025-12-17,09:47:12.135000,6a,Toxicity,Original,,63.4357795715332,2.2841715812683105,144.898193359375,1.0065433979034424,1.148513913154602,0.6575380563735962,11.153897285461426,9.284339904785156,8.370923042297363,0.3892166912555694,0.5566217303276062,0.6550515294075012,29.804161071777344,90.75042724609376,0.2685525119304657,11.75088596343994,25.4627685546875,37.0,25.0,30.0,50.0,
2025-12-17,09:47:14.135000,6a,Toxicity,Original,,67.99454498291016,2.8233678340911865,192.59402465820312,0.517853856086731,0.6178711652755737,0.6841676235198975,11.153897285461426,13.976985931396484,12.09543800354004,0.4490281343460083,0.4352249205112457,0.6159510016441345,26.25079345703125,0.0,0.3003589510917663,12.296988487243652,10.505934715270996,37.0,25.0,30.0,0.0,
2025-12-17,09:47:16.135000,6a,Toxicity,Original,,64.711669921875,2.5143394470214844,162.7127685546875,1.1001591682434082,0.906446099281311,0.4091622233390808,11.153897285461426,10.731932640075684,12.736485481262209,0.4297448992729187,0.4974702596664428,0.9087865352630616,14.850351333618164,25.893314361572266,0.2710927724838257,11.073284149169922,15.797863006591797,37.0,25.0,30.0,33.33333206176758,
2025-12-17,09:47:18.135000,6a,Toxicity,Original,,64.46595764160156,2.7049977779388428,173.89434814453125,0.6918120384216309,0.6369868516921997,0.6481462121009827,11.153897285461426,9.15457248687744,10.430889129638672,0.4474596381187439,0.4870671927928924,0.6444418430328369,11.039867401123049,0.0,0.3062697052955627,10.624832153320312,12.954341888427734,37.0,25.0,30.0,0.0,
2025-12-17,09:47:20.135000,6a,Toxicity,Original,,67.38397979736328,2.646801471710205,178.3218994140625,0.7935951948165894,0.8706658482551575,0.6103224754333496,11.153897285461426,10.876794815063477,10.09243106842041,0.4663030207157135,0.42416912317276,0.7757570147514343,17.89586067199707,0.0,0.2389716953039169,12.44441032409668,18.645835876464844,37.0,25.0,30.0,0.0,
2025-12-17,09:47:22.135000,6a,Toxicity,Original,,67.2951431274414,2.480186462402344,166.96353149414062,0.7361997961997986,0.7982171773910522,0.5220156908035278,11.153897285461426,9.421855926513672,8.201118469238281,0.494956374168396,0.3991977274417877,0.7214410305023193,21.53965187072754,0.0,0.2361192405223846,11.398870468139648,24.96968078613281,37.0,25.0,30.0,0.0,
2025-12-17,09:47:24.135000,6a,Toxicity,Original,,66.00480651855469,2.4328765869140625,160.74368286132812,0.5691541433334351,0.520558774471283,0.748400092124939,11.153897285461426,9.231745719909668,11.329206466674805,0.5151250958442688,0.3978371024131775,0.7746451497077942,26.40806770324707,0.0,0.2772837281227112,12.62154769897461,10.819330215454102,37.0,25.0,30.0,0.0,
2025-12-17,09:47:26.135000,6a,Toxicity,Original,,65.23297119140625,2.428230047225952,158.39137268066406,1.3801558017730713,1.0072035789489746,0.4751455187797546,11.153897285461426,9.92919921875,12.93030071258545,0.4939878284931183,0.4262808561325073,0.8236099481582642,28.356388092041016,70.91099548339844,0.2489605545997619,14.570104598999023,17.58439064025879,37.0,25.0,30.0,0.0,
2025-12-17,09:47:28.135000,6a,Toxicity,Original,,63.27089691162109,2.525306224822998,159.0115203857422,0.6616532802581787,0.641205906867981,0.7117412686347961,11.153897285461426,9.33169937133789,11.06654167175293,0.519051194190979,0.4354056119918823,0.8768401145935059,38.02051162719727,0.0,0.2876222431659698,16.676311492919922,17.021940231323242,37.0,25.0,30.0,0.0,
2025-12-17,09:47:30.135000,6a,Toxicity,Original,,76.19549560546875,2.389566421508789,182.0742034912109,0.6303701400756836,0.530393123626709,0.6888388991355896,11.153897285461426,10.670647621154783,12.931468963623049,0.4245185256004333,0.3629295527935028,0.9654953479766846,14.90756130218506,0.0,0.2556686103343963,18.35392951965332,8.868523597717285,37.0,25.0,30.0,0.0,
2025-12-17,09:47:32.135000,6a,Toxicity,Original,,71.78469848632812,2.2742183208465576,163.2540740966797,0.7423136830329895,0.6979515552520752,0.7167496085166931,11.153897285461426,9.07673454284668,12.301846504211426,0.4340187609195709,0.4018139541149139,0.5860081911087036,46.5557975769043,0.0,0.2429994344711303,12.09054946899414,22.23422241210937,37.0,25.0,30.0,85.71428680419922,
2025-12-17,09:47:34.135000,6a,Toxicity,Original,,58.38629150390625,2.4606823921203613,144.32760620117188,0.7558485269546509,0.7429578304290771,0.6326888799667358,11.153897285461426,8.537617683410645,9.553461074829102,0.5438868999481201,0.490273505449295,0.71016526222229,39.202919006347656,0.0,0.3011414706707001,18.606761932373047,13.535579681396484,37.0,25.0,30.0,66.66666412353516,
2025-12-17,09:47:36.135000,6a,Toxicity,Original,,64.30142974853516,2.3874707221984863,153.49151611328125,1.0547430515289309,1.0374042987823486,0.5299917459487915,11.153897285461426,8.843687057495117,8.16989517211914,0.4729382991790771,0.460195928812027,0.6592805981636047,18.90995216369629,0.0,0.2399674952030182,12.614032745361328,22.059764862060547,37.0,25.0,30.0,0.0,
2025-12-17,09:47:38.135000,6a,Toxicity,Original,,64.17591857910156,2.296142578125,147.32809448242188,1.0629732608795166,0.8781818151473999,0.5448401570320129,11.153897285461426,7.658110618591309,9.016225814819336,0.5250557661056519,0.4100737869739532,0.720829963684082,12.355056762695312,0.0,0.230873703956604,14.25129222869873,16.903850555419922,37.0,25.0,30.0,0.0,
2025-12-17,09:47:40.135000,6a,Toxicity,Original,,60.106201171875,2.291447162628174,137.46292114257812,0.9615806341171264,0.9075499773025512,0.6054724454879761,11.153897285461426,8.420207023620605,9.701309204101562,0.5676894187927246,0.4457106590270996,0.6919759511947632,26.036319732666016,73.83511352539062,0.2645352482795715,18.640514373779297,20.50265121459961,37.0,25.0,30.0,0.0,
2025-12-17,09:47:42.135000,6a,Toxicity,Original,,62.006126403808594,2.4303131103515625,150.48275756835938,1.0061007738113403,0.8989593982696533,0.4946351051330566,11.153897285461426,7.828078269958496,8.532806396484375,0.5588674545288086,0.4106055796146393,0.7639241218566895,11.054094314575195,0.0,0.2285328507423401,12.37596321105957,14.932886123657228,37.0,25.0,30.0,0.0,
2025-12-17,09:47:44.135000,6a,Toxicity,Original,,71.70565795898438,2.3070497512817383,165.013916015625,0.808006763458252,0.8102363348007202,0.5517985820770264,11.153897285461426,9.182780265808104,9.437865257263184,0.4469862580299377,0.3951245248317718,0.8171087503433228,20.77483940124512,0.0,0.227388709783554,13.796876907348633,17.792091369628906,37.0,25.0,30.0,0.0,
2025-12-17,09:47:46.135000,6a,Toxicity,Original,,65.89362335205078,2.4236621856689453,159.10235595703125,1.0928581953048706,0.9826228618621826,0.5282664895057678,11.153897285461426,8.538970947265625,9.202486991882324,0.4748732447624206,0.4393516480922699,0.742361843585968,16.111162185668945,36.77822113037109,0.2338239103555679,12.057520866394045,18.799097061157227,37.0,25.0,30.0,0.0,
2025-12-17,09:47:48.135000,6a,Toxicity,Original,,61.71188354492188,2.4345896244049072,149.79295349121094,1.2426600456237793,1.1846082210540771,0.4136107563972473,11.153897285461426,9.447086334228516,8.69970417022705,0.5185621380805969,0.4591198563575744,0.6737887263298035,19.30548858642578,45.11869430541992,0.2259376645088195,12.136693954467772,19.87557411193848,37.0,25.0,30.0,0.0,
2025-12-17,09:47:50.135000,6a,Toxicity,Original,,68.64715576171875,2.478538274765014,169.9984130859375,0.8287706971168518,0.7157533168792725,0.4580394327640533,11.153897285461426,9.030872344970703,9.230470657348633,0.5156049132347107,0.3620867133140564,0.795934796333313,17.296598434448242,0.0,0.2285393178462982,12.71848201751709,9.966131210327148,37.0,25.0,30.0,0.0,
2025-12-17,09:47:52.135000,6a,Toxicity,Original,,64.06455993652344,2.4355030059814453,156.05075073242188,0.771950364112854,0.6008961200714111,0.6218463182449341,11.153897285461426,7.43948221206665,9.99435329437256,0.5108436346054077,0.4257190227508545,0.8703872561454773,21.573596954345703,0.0,0.2806234955787658,18.194488525390625,13.121370315551758,37.0,25.0,30.0,0.0,
2025-12-17,09:47:54.135000,6a,Toxicity,Original,,64.64727020263672,2.5501627922058105,164.86651611328125,0.8852807283401489,0.98891943693161,0.5785254240036011,11.153897285461426,9.351951599121094,8.224920272827148,0.4900230169296264,0.4383156895637512,0.6927222013473511,15.55316162109375,0.0,0.2327442765235901,13.556526184082031,19.607349395751957,37.0,25.0,30.0,0.0,
2025-12-17,09:47:56.135000,6a,Toxicity,Original,,70.78865051269531,2.512604236602783,177.48794555664062,0.8113663196563721,0.7265490293502808,0.4780541658401489,11.153897285461426,9.293794631958008,9.603808403015137,0.4954183101654053,0.3588103055953979,0.8471835851669312,21.696666717529297,0.0,0.225391536951065,13.324138641357422,13.358566284179688,37.0,25.0,30.0,0.0,
2025-12-17,09:47:58.135000,6a,Toxicity,Original,,72.68926239013672,2.391266107559204,173.84481811523438,0.8518567085266113,0.8265575766563416,0.4758144021034241,11.153897285461426,9.491193771362305,9.62320613861084,0.4422698020935058,0.3848024010658264,0.8481584787368774,16.959218978881836,0.0,0.2204982936382293,14.33157730102539,16.638431549072266,37.0,25.0,30.0,0.0,
2025-12-17,09:48:00.135000,6a,Toxicity,Original,,65.53738403320312,2.496128559112549,163.56655883789062,0.9153614044189452,0.7807917594909668,0.5157430171966553,11.153897285461426,8.703534126281738,9.071439743041992,0.5378918051719666,0.377699077129364,0.7941961288452148,17.989484786987305,0.0,0.2261245250701904,8.096052169799805,14.014555931091309,37.0,25.0,30.0,0.0,
2025-12-17,09:48:02.135000,6a,Toxicity,Original,,71.28929138183594,2.398876667022705,170.54994201660156,1.117178440093994,0.9732422828674316,0.5397348403930664,11.153897285461426,9.78123378753662,9.93441677093506,0.4387516677379608,0.4078633189201355,0.8131160736083984,19.46683883666992,44.8582763671875,0.2221271097660064,12.621752738952637,15.481246948242188,37.0,25.0,30.0,0.0,
2025-12-17,09:48:04.135000,6a,Toxicity,Original,,73.2850570678711,2.465658664703369,180.43649291992188,0.764931857585907,0.6550607681274414,0.5807041525840759,11.153897285461426,8.151914596557617,9.63941764831543,0.470531702041626,0.3524037599563598,0.8095725178718567,14.283539772033691,0.0,0.2277871519327163,11.80514430999756,13.00588035583496,37.0,25.0,30.0,0.0,
2025-12-17,09:48:06.135000,6a,Toxicity,Original,,71.19647216796875,2.537656307220459,180.45870971679688,0.7638975381851196,0.7647275924682617,0.5463821291923523,11.153897285461426,9.693666458129885,10.032140731811523,0.4802031517028808,0.3636319935321808,0.8612173199653625,16.528427124023438,0.0,0.2198755741119384,13.551298141479492,14.51657009124756,37.0,25.0,30.0,0.0,
2025-12-17,09:48:08.135000,6a,Toxicity,Original,,65.046630859375,2.412534713745117,156.93698120117188,0.7994744777679443,0.5974225997924805,0.5527933835983276,11.153897285461426,7.167818546295166,9.810999870300291,0.5202749967575073,0.4025488495826721,0.8650370836257935,46.4923095703125,0.0,0.2713135778903961,15.511032104492188,10.37384033203125,37.0,25.0,30.0,0.0,
2025-12-17,09:48:10.135000,6a,Toxicity,Original,,66.56922149658203,2.5592877864837646,169.2330322265625,0.9490178227424622,0.8287186026573181,0.503112256526947,11.153897285461426,8.814875602722168,10.269112586975098,0.5157887935638428,0.4009071290493011,0.8779905438423157,18.792518615722656,31.7124080657959,0.2384282052516937,17.713228225708008,16.74605941772461,37.0,25.0,30.0,0.0,
2025-12-17,09:48:12.135000,6a,Toxicity,Original,,70.85043334960938,2.5713024139404297,182.0928192138672,0.9685719013214112,0.8301299810409546,0.5504182577133179,11.153897285461426,8.806339263916016,10.017261505126951,0.4807902574539184,0.3699909448623657,0.8656054735183716,17.43691635131836,0.0,0.2131350487470626,13.83181858062744,17.08453369140625,37.0,25.0,30.0,0.0,
2025-12-17,09:48:14.135000,6a,Toxicity,Original,,78.25288391113281,2.376960039138794,185.95681762695312,0.8312051296234131,0.7120528221130371,0.5900489091873169,11.153897285461426,8.708642959594727,10.289592742919922,0.4141958653926849,0.3529040217399597,0.9140130281448364,20.92261505126953,0.0,0.2201601862907409,15.087769508361816,13.787826538085938,37.0,25.0,30.0,0.0,
2025-12-17,09:48:16.135000,6a,Toxicity,Original,,72.12373352050781,2.4622035026550293,177.61241149902344,1.015042781829834,0.7824386358261108,0.5245359539985657,11.153897285461426,8.62649917602539,11.04312515258789,0.4791817665100097,0.3553592562675476,0.9728877544403076,16.597393035888672,0.0,0.2097219228744506,14.939535140991213,15.28515625,37.0,25.0,30.0,0.0,
2025-12-17,09:48:18.135000,6a,Toxicity,Original,,72.53292083740234,2.526313304901123,182.8103790283203,0.9743276834487916,0.794707715511322,0.5211203694343567,11.153897285461426,9.339166641235352,10.492255210876465,0.4627525210380554,0.3697254657745361,0.9205459952354432,21.454566955566406,0.0,0.2211932837963104,13.87090301513672,15.575374603271484,37.0,25.0,30.0,0.0,
2025-12-17,09:48:20.135000,6a,Toxicity,Original,,73.93637084960938,2.498584270477295,183.98765563964844,1.0142498016357422,0.9056602120399476,0.4811089932918548,11.153897285461426,9.023297309875488,9.948389053344728,0.4362838268280029,0.3805075883865356,0.8469616770744324,16.014631271362305,0.0,0.2113102227449417,12.615614891052246,18.82735252380371,37.0,25.0,30.0,0.0,
2025-12-17,09:48:22.135000,6a,Toxicity,Original,,71.82872009277344,2.5217347145080566,180.96942138671875,0.7790288329124451,0.6323950290679932,0.596859872341156,11.153897285461426,9.125200271606444,11.269929885864258,0.458658218383789,0.377756118774414,1.0075184106826782,72.73885345458984,0.0,0.2508493065834045,17.832744598388672,12.971439361572266,37.0,25.0,30.0,0.0,
2025-12-17,09:48:24.135000,6a,Toxicity,Original,,74.46392822265625,2.4702048301696777,183.8512725830078,0.9548322558403016,0.776573896408081,0.5416917204856873,11.153897285461426,8.963603973388672,10.605154037475586,0.4605102837085724,0.3464958369731903,0.918321132659912,17.058591842651367,11.259591102600098,0.2067064493894577,15.05446434020996,16.537620544433594,37.0,25.0,30.0,0.0,
2025-12-17,09:48:26.135000,6a,Toxicity,Original,,73.0910415649414,2.447341203689575,178.691650390625,0.9651122093200684,0.8544964790344238,0.5500032901763916,11.153897285461426,9.662676811218262,11.236006736755373,0.4490473866462707,0.3725631833076477,0.9760622382164,14.112201690673828,8.201159477233887,0.210937350988388,13.067577362060549,19.97279167175293,37.0,25.0,30.0,0.0,
2025-12-17,09:48:28.135000,6a,Toxicity,Original,,70.66938781738281,2.422893524169922,171.15249633789062,0.6036965847015381,0.5333266258239746,0.6272430419921875,11.153897285461426,8.592607498168945,10.474937438964844,0.4516167044639587,0.3978177905082702,0.9091792106628418,61.49404525756836,0.0,0.2752801477909088,19.290019989013672,12.273963928222656,37.0,25.0,30.0,0.0,
2025-12-17,09:48:30.135000,6a,Toxicity,Original,,69.87020111083984,2.6021289825439453,181.2281951904297,1.185573697090149,1.0040712356567385,0.5137384533882141,11.153897285461426,9.13658046722412,9.972616195678713,0.4729045927524566,0.3944270014762878,0.8553986549377441,17.483726501464844,42.05949783325195,0.2102449089288711,14.030584335327148,19.30877113342285,37.0,25.0,30.0,0.0,
2025-12-17,09:48:32.135000,6a,Toxicity,Original,,73.84785461425781,2.4890193939208984,183.30963134765625,0.8368133902549744,0.7700949907302856,0.5367274284362793,11.153897285461426,10.00477409362793,10.257850646972656,0.4568132162094116,0.3612949848175049,0.9133824110031128,21.215145111083984,0.0,0.2159219980239868,14.515619277954102,14.473111152648926,37.0,25.0,30.0,0.0,
2025-12-17,09:48:34.135000,6a,Toxicity,Original,,76.1954116821289,2.413523435592652,183.54931640625,0.8676915168762207,0.740844190120697,0.554806649684906,11.153897285461426,9.394865036010742,10.984769821166992,0.4544770121574402,0.3354815244674682,0.932697892189026,18.541841506958008,0.0,0.2079933732748031,17.435806274414062,16.651857376098633,37.0,25.0,30.0,0.0,
2025-12-17,09:48:36.135000,6a,Toxicity,Original,,77.85269165039062,2.388237953186035,185.99346923828125,0.898979663848877,0.7926496863365173,0.4887411594390869,11.153897285461426,9.558359146118164,10.217284202575684,0.4277212619781494,0.3441238403320312,0.8857237100601196,17.554790496826172,0.0,0.2059303820133209,14.730742454528809,16.520000457763672,37.0,25.0,30.0,0.0,
2025-12-17,09:48:38.135000,6a,Toxicity,Original,,76.00548553466797,2.695585250854492,204.8792724609375,0.7314738035202026,0.6028907299041748,0.6951660513877869,11.153897285461426,8.825743675231934,11.03986644744873,0.4758225977420807,0.3135941326618194,0.847685694694519,15.39844799041748,0.0,0.2084830701351165,12.47741413116455,18.16910552978516,37.0,25.0,30.0,0.0,
2025-12-17,09:48:40.135000,6a,Toxicity,Original,,71.2462387084961,2.2160472869873047,155.97740173339844,0.7888430953025818,0.5490379929542542,0.6345824003219604,11.153897285461426,8.367194175720215,11.25177001953125,0.4539474546909332,0.3943633735179901,0.9973610639572144,72.4973373413086,0.0,0.2722387313842773,19.99796485900879,12.021697998046877,37.0,25.0,30.0,50.0,
2025-12-17,09:48:42.135000,6a,Toxicity,Original,,72.1722183227539,2.781691789627075,201.1613006591797,0.8218655586242676,0.796815812587738,0.5634121894836426,11.153897285461426,9.88279151916504,10.21302318572998,0.4627411067485809,0.3709951639175415,0.8760544657707214,19.94876289367676,8.885672569274902,0.2198976278305053,17.80419158935547,15.902471542358398,37.0,25.0,30.0,0.0,
2025-12-17,09:48:44.135000,6a,Toxicity,Original,,77.44935607910156,2.4598817825317383,190.5835876464844,0.7936216592788696,0.7077811360359192,0.6335062384605408,11.153897285461426,8.87080192565918,9.924983024597168,0.431951642036438,0.3428164720535278,0.86322021484375,15.925545692443848,0.0,0.2177779972553253,13.692587852478027,13.122228622436523,37.0,25.0,30.0,0.0,
2025-12-17,09:48:46.135000,6a,Toxicity,Original,,71.33207702636719,2.3600409030914307,168.0355987548828,0.905795693397522,0.7864843606948853,0.5934462547302246,11.153897285461426,8.615541458129883,11.23245620727539,0.4680954217910766,0.3795354068279266,0.9718413352966307,21.53803253173828,25.55377197265625,0.2374409437179565,19.586013793945312,14.9856595993042,37.0,25.0,30.0,0.0,
2025-12-17,09:48:48.135000,6a,Toxicity,Original,,80.45779418945312,2.3541359901428223,189.39764404296875,0.9001110792160034,0.7795051336288452,0.5281826853752136,11.153897285461426,8.577611923217773,10.50638198852539,0.4060665369033813,0.3396816849708557,0.9273444414138794,18.586116790771484,0.0,0.201937198638916,14.956964492797852,16.005294799804688,37.0,25.0,30.0,0.0,
2025-12-17,09:48:50.135000,6a,Toxicity,Original,,72.93780517578125,2.511080741882324,183.25343322753903,0.733590304851532,0.6728651523590088,0.6778470277786255,11.153897285461426,8.892621994018555,10.972238540649414,0.4862717092037201,0.3377481698989868,0.8994517922401428,19.80520248413086,0.0,0.2153920233249664,15.580650329589844,17.476606369018555,37.0,25.0,30.0,0.0,
2025-12-17,09:48:52.135000,6a,Toxicity,Original,,77.71737670898438,2.5254714488983154,196.53140258789065,0.8564696311950684,0.7526857852935791,0.5161206722259521,11.153897285461426,9.689178466796877,10.633472442626951,0.4431792199611664,0.3311938047409057,0.9531444311141968,22.3520622253418,0.0,0.2006736546754837,14.528081893920898,14.08784008026123,37.0,25.0,30.0,0.0,
2025-12-17,09:48:54.135000,6a,Toxicity,Original,,76.48307800292969,2.508047103881836,191.7133331298828,0.7168986797332764,0.6434471607208252,0.641638994216919,11.153897285461426,9.710670471191406,10.76118278503418,0.422561377286911,0.3638308346271515,0.9274431467056274,17.96666145324707,0.0,0.236240267753601,17.79351806640625,12.947760581970217,37.0,25.0,30.0,0.0,
2025-12-17,09:48:56.135000,6a,Toxicity,Original,,75.86593627929688,2.6059703826904297,197.71075439453125,0.5597968101501465,0.5615233182907104,0.6672260761260986,11.153897285461426,10.096450805664062,11.664098739624023,0.4283881783485412,0.3624839782714844,0.9864058494567872,32.35673904418945,0.0,0.2459601163864135,20.80768775939941,15.728038787841797,37.0,25.0,30.0,0.0,
2025-12-17,09:48:58.135000,6a,Toxicity,Original,,76.88397979736328,2.559229850769043,196.30165100097656,0.6995100975036621,0.6652044653892517,0.6175456643104553,11.153897285461426,9.785848617553713,10.577301025390623,0.44337859749794,0.3382439911365509,0.8988378643989563,20.450550079345703,0.0,0.2150879055261612,16.453136444091797,14.901827812194824,37.0,25.0,30.0,0.0,
2025-12-17,09:49:00.135000,6a,Toxicity,Original,,67.52043151855469,2.495683431625366,168.52871704101562,0.7835186719894409,0.6606064438819885,0.6149579286575317,11.153897285461426,8.797849655151367,11.848581314086914,0.4991591572761535,0.3900207281112671,1.0329267978668213,18.837894439697266,0.0,0.250299870967865,19.021039962768555,11.362798690795898,37.0,25.0,30.0,0.0,
2025-12-17,09:49:02.135000,6a,Toxicity,Original,,78.34024047851562,2.6959540843963623,210.8450164794922,0.7052390575408936,0.6522625088691711,0.6573812961578369,11.153897285461426,9.50926399230957,11.524029731750488,0.4348264038562774,0.3324905037879944,0.9765313863754272,18.58397102355957,0.0,0.2124053686857223,17.486370086669922,13.045636177062988,37.0,25.0,30.0,0.0,
2025-12-17,09:49:04.135000,6a,Toxicity,Original,,78.59567260742188,2.5207433700561523,198.1025848388672,0.6877048015594482,0.6422532796859741,0.6499897241592407,11.153897285461426,9.155216217041016,10.73147964477539,0.4328995048999786,0.3305045366287231,0.928059697151184,19.540115356445312,0.0,0.2135459929704666,15.43645191192627,13.414264678955078,37.0,25.0,30.0,0.0,
2025-12-17,09:49:06.135000,6a,Toxicity,Original,,76.47593688964844,2.430337190628052,185.95736694335935,0.7569351196289062,0.6472249627113342,0.647972822189331,11.153897285461426,9.038204193115234,11.170844078063965,0.4471113383769989,0.33849036693573,0.957387924194336,23.244850158691406,0.0,0.2239865660667419,16.110984802246094,14.395508766174316,37.0,25.0,30.0,0.0,
2025-12-17,09:49:08.135000,6a,Toxicity,Original,,80.76750946044922,2.478935480117798,200.26564025878903,0.6723650693893433,0.5995444059371948,0.6685667634010315,11.153897285461426,9.489656448364258,11.836861610412598,0.4419091343879699,0.3012234270572662,0.958119809627533,13.73561191558838,0.0,0.2000426352024078,16.720609664916992,15.205489158630373,37.0,25.0,30.0,0.0,
2025-12-17,09:49:10.135000,6a,Toxicity,Original,,77.91163635253906,2.5166985988616943,196.0482482910156,0.9525303840637208,0.9898887872695924,0.5590856075286865,11.153897285461426,10.010262489318848,10.082130432128906,0.4122619032859802,0.3578644394874573,0.8658566474914551,15.975309371948242,35.091434478759766,0.1877044439315796,12.359092712402344,18.45054244995117,37.0,25.0,30.0,0.0,
2025-12-17,09:49:12.135000,6a,Toxicity,Original,,80.69050598144531,2.313632011413574,186.49688720703125,0.7479952573776245,0.636390745639801,0.6287914514541626,11.153897285461426,8.578970909118652,11.83810329437256,0.3908719420433044,0.3535599708557129,1.0434954166412354,18.35698509216309,0.0,0.2286009043455124,17.313642501831055,12.711491584777832,37.0,25.0,30.0,0.0,
2025-12-17,09:49:14.135000,6a,Toxicity,Original,,80.65138244628906,2.455934524536133,197.91375732421875,0.7723994255065918,0.7159510254859924,0.6517713069915771,11.153897285461426,9.615687370300291,11.274807929992676,0.4287242889404297,0.3167315423488617,0.9323917627334596,14.5704345703125,9.307721138000488,0.1946214586496353,14.497930526733398,17.789430618286133,37.0,25.0,30.0,0.0,
2025-12-17,09:49:16.135000,6a,Toxicity,Original,,72.41007232666016,2.620760440826416,190.12466430664065,2.4354135990142822,1.5179388523101809,0.403752326965332,11.153897285461426,11.077289581298828,14.913612365722656,0.4336763918399811,0.3962528705596924,1.2366373538970947,21.8680362701416,72.3056640625,0.1763852536678314,15.667306900024414,23.619083404541016,37.0,25.0,30.0,0.0,
2025-12-17,09:49:18.135000,6a,Toxicity,Original,,82.74783325195312,2.415839195251465,199.9491729736328,0.767784595489502,0.7246698141098022,0.5932879447937012,11.153897285461426,9.735235214233398,11.067975997924805,0.3983461260795593,0.3273810446262359,0.9429897665977478,18.282695770263672,0.0,0.1985482573509216,14.098154067993164,17.457176208496094,37.0,25.0,30.0,0.0,
2025-12-17,09:49:20.135000,6a,Toxicity,Original,,82.9797134399414,2.292556047439575,190.2330017089844,0.8197265863418579,0.7582780122756958,0.512167751789093,11.153897285461426,9.746223449707031,10.444130897521973,0.3779577314853668,0.3451447486877441,0.8967046141624451,17.52513885498047,0.0,0.2068812400102615,13.365705490112305,14.631604194641112,37.0,25.0,30.0,0.0,
2025-12-17,09:49:22.135000,6a,Toxicity,Original,,83.33787536621094,2.501354455947876,208.359375,0.6796916127204895,0.687056303024292,0.6231769323348999,11.153897285461426,10.47237777709961,11.459683418273926,0.392658531665802,0.3298360705375671,1.0104680061340332,15.224530220031738,0.0,0.2040461003780365,14.032672882080078,16.887176513671875,37.0,25.0,30.0,0.0,
2025-12-17,09:49:24.135000,6a,Toxicity,Original,,82.98348236083984,2.4430906772613525,202.6388702392578,0.7848853468894958,0.7269465923309326,0.576029896736145,11.153897285461426,9.906693458557127,10.748395919799805,0.3818013668060303,0.3413817584514618,0.9491121768951416,19.06045913696289,0.0,0.2082925289869308,13.849291801452637,16.690414428710938,37.0,25.0,30.0,0.0,
2025-12-17,09:49:26.135000,6a,Toxicity,Original,,79.85638427734375,2.473928928375244,197.1669769287109,0.724801778793335,0.6247585415840149,0.5974096655845642,11.153897285461426,9.783965110778809,11.926995277404783,0.3962087631225586,0.3587649464607239,1.0210809707641602,19.562559127807617,0.0,0.2400584518909454,15.40769100189209,14.240630149841309,37.0,25.0,30.0,0.0,
2025-12-17,09:49:28.135000,6a,Toxicity,Original,,74.8981704711914,2.514013767242432,188.4112091064453,0.5934802889823914,0.5434046387672424,0.6794015169143677,11.153897285461426,9.35562515258789,11.770313262939451,0.4398289322853088,0.3621634840965271,0.9938005208969116,26.10694694519043,0.0,0.2617168724536896,20.384674072265625,14.297832489013672,37.0,25.0,30.0,0.0,
2025-12-17,09:49:30.135000,6a,Toxicity,Original,,80.03727722167969,2.435689210891724,195.04959106445312,0.8991873860359192,0.7962153553962708,0.6016787886619568,11.153897285461426,9.004918098449707,11.09665584564209,0.4123836457729339,0.3389165997505188,0.9421815872192384,14.37388038635254,0.0,0.19816255569458,12.81395149230957,17.678791046142578,37.0,25.0,30.0,0.0,
2025-12-17,09:49:32.135000,6a,Toxicity,Original,,82.4299545288086,2.3701634407043457,194.4543609619141,0.78003990650177,0.6991667747497559,0.6411840319633484,11.153897285461426,9.398903846740724,11.056775093078612,0.4202557206153869,0.3115219175815582,0.9091243147850036,14.27462387084961,0.0,0.190866470336914,11.90896987915039,16.249631881713867,37.0,25.0,30.0,0.0,
2025-12-17,09:49:34.135000,6a,Toxicity,Original,,81.95439910888672,2.2156026363372803,181.42320251464844,0.916739821434021,0.7772203683853149,0.498447060585022,11.153897285461426,9.379780769348145,10.979182243347168,0.3941396474838257,0.3390662372112274,0.978523015975952,19.831695556640625,0.0,0.2030115127563476,15.806563377380373,17.64729118347168,37.0,25.0,30.0,0.0,
2025-12-17,09:49:36.135000,6a,Toxicity,Original,,79.78699493408203,2.4435620307922363,194.9227294921875,0.6036548614501953,0.5790953636169434,0.6307109594345093,11.153897285461426,9.68992519378662,11.477531433105469,0.3940582871437073,0.358943909406662,1.0035008192062378,59.58742904663086,0.0,0.2461597025394439,20.05789566040039,11.646153450012209,37.0,25.0,30.0,0.0,
2025-12-17,09:49:38.135000,6a,Toxicity,Original,,73.13717651367188,3.812274932861328,263.8311767578125,0.5213648676872253,0.5776495933532715,0.6970875263214111,11.153897285461426,14.582902908325195,12.261079788208008,0.4729766845703125,0.4209276735782623,0.9800691604614258,24.01303482055664,0.0,0.2829004228115082,15.822256088256836,7.421108245849609,37.0,25.0,30.0,0.0,
2025-12-17,09:49:40.135000,6a,Toxicity,Original,,79.80487060546875,3.089442253112793,245.40631103515625,0.6630406379699707,0.8405283689498901,0.5883373022079468,11.153897285461426,12.642640113830566,10.110916137695312,0.3644578456878662,0.3941288888454437,0.8831716179847717,25.86226272583008,31.48949241638184,0.2264892756938934,13.063892364501951,16.180706024169922,37.0,25.0,30.0,0.0,
2025-12-17,09:49:42.135000,6a,Toxicity,Original,,77.54226684570312,2.4789767265319824,192.41607666015625,0.847112774848938,0.7172372341156006,0.637480616569519,11.153897285461426,9.951355934143066,11.424949645996094,0.4297156929969787,0.3476709723472595,0.9449889659881592,14.336637496948242,0.0,0.2108209729194641,11.298833847045898,17.063241958618164,37.0,25.0,30.0,0.0,
2025-12-17,09:49:44.135000,6a,Toxicity,Original,,80.24981689453125,2.5491392612457275,204.58279418945312,0.7929275631904602,0.7084653973579407,0.6156653165817261,11.153897285461426,9.952692985534668,11.789923667907717,0.4069328308105469,0.3426399230957031,1.0001156330108645,12.06811809539795,0.0,0.2109122276306152,13.801164627075195,15.536128997802734,37.0,25.0,30.0,0.0,
2025-12-17,09:49:46.135000,6a,Toxicity,Original,,83.89527130126953,2.620011806488037,219.85986328125,0.7354053854942322,0.7217379808425903,0.4862675070762634,11.153897285461426,10.815587997436523,10.390432357788086,0.3843713402748108,0.3310076892375946,0.903558611869812,16.082015991210938,0.0,0.2042861878871917,13.85411262512207,13.72800636291504,37.0,25.0,30.0,0.0,
2025-12-17,09:49:48.135000,6a,Toxicity,Original,,81.25555419921875,2.7438225746154785,223.10610961914065,0.632099986076355,0.6520506143569946,0.6575503945350647,11.153897285461426,10.641353607177734,10.963380813598633,0.4112103283405304,0.3283980786800384,0.9405014514923096,12.791954040527344,0.0,0.2086779922246933,13.290298461914062,13.536508560180664,37.0,25.0,30.0,0.0,
2025-12-17,09:49:50.135000,6a,Toxicity,Original,,82.82212829589844,2.668771743774414,220.95919799804688,0.8035160303115845,0.8279560208320618,0.5509121417999268,11.153897285461426,10.785486221313477,11.358062744140623,0.3693445324897766,0.3556191921234131,0.9995428323745728,13.522008895874023,0.0,0.2022733688354492,11.765617370605469,16.76226043701172,37.0,25.0,30.0,0.0,
2025-12-17,09:49:52.135000,6a,Toxicity,Original,,84.37312316894531,2.622655868530273,221.3006896972656,0.70305997133255,0.7452346086502075,0.559943675994873,11.153897285461426,10.382341384887695,10.784795761108398,0.3672083914279938,0.3441269695758819,0.9336516261100768,13.526453971862791,0.0,0.2060081660747528,12.513042449951172,14.859882354736328,37.0,25.0,30.0,0.0,
2025-12-17,09:49:54.135000,6a,Toxicity,Original,,82.75853729248047,2.641462564468384,218.5332946777344,0.7713590860366821,0.7324696183204651,0.5263722538948059,11.153897285461426,10.44797420501709,10.771543502807615,0.3716015815734863,0.3537114262580871,0.9570918083190918,12.69637393951416,0.0,0.2136567831039428,12.71850872039795,14.340364456176758,37.0,25.0,30.0,0.0,
2025-12-17,09:49:56.135000,6a,Toxicity,Original,,85.74124908447266,2.64514684677124,226.79165649414065,0.7161440849304199,0.6745330691337585,0.5357975363731384,11.153897285461426,10.990752220153809,10.74729061126709,0.3876670598983764,0.3121673464775085,0.9087836146354676,13.934822082519531,0.0,0.1977175027132034,13.797677993774414,10.88412094116211,37.0,25.0,30.0,0.0,
2025-12-17,09:49:58.135000,6a,Toxicity,Original,,85.83578491210938,2.589329481124878,222.24945068359372,0.7733866572380066,0.7195159792900085,0.5207557678222656,11.153897285461426,10.709528923034668,11.380168914794922,0.3572003543376922,0.3418546915054321,1.013746976852417,16.36353874206543,0.0,0.2085550874471664,13.22522258758545,13.811816215515137,37.0,25.0,30.0,0.0,
2025-12-17,09:50:00.135000,6a,Toxicity,Original,,76.61009216308594,2.722486972808838,207.73165893554688,0.5917671918869019,0.5460085868835449,0.6630774736404419,11.153897285461426,10.216878890991213,12.582813262939451,0.4350636601448059,0.3510323166847229,1.0971232652664185,26.61334991455078,0.0,0.2437450587749481,20.362689971923828,9.70094871520996,37.0,25.0,30.0,0.0,
2025-12-17,09:50:02.135000,6a,Toxicity,Original,,79.67339324951172,3.362931728363037,267.9942321777344,0.4888642430305481,0.5568357110023499,0.6592204570770264,11.153897285461426,13.351311683654783,13.78813362121582,0.3893168866634369,0.3639129996299743,1.1749496459960938,21.98815155029297,0.0,0.2469229698181152,18.058076858520508,9.000101089477539,37.0,25.0,30.0,0.0,
2025-12-17,09:50:04.135000,6a,Toxicity,Original,,84.90681457519531,3.041764259338379,258.4580993652344,0.5658502578735352,0.6429106593132019,0.6521772146224976,11.153897285461426,12.457212448120115,11.566227912902832,0.3665231466293335,0.3402686417102813,0.9936493039131165,18.73527336120605,0.0,0.2159465700387954,14.628557205200195,14.764994621276855,37.0,25.0,30.0,0.0,
2025-12-17,09:50:06.135000,6a,Toxicity,Original,,78.64897155761719,2.6869616508483887,211.1058654785156,0.7637690305709839,0.7031453847885132,0.5562180280685425,11.153897285461426,10.314645767211914,11.167890548706056,0.4210264086723327,0.3442779183387756,0.9859861135482788,12.687200546264648,0.0,0.212075799703598,12.130718231201172,13.210847854614258,37.0,25.0,30.0,0.0,
2025-12-17,09:50:08.135000,6a,Toxicity,Original,,82.17408752441406,2.6385490894317627,216.7421112060547,0.6458548903465271,0.6648094058036804,0.6750866174697876,11.153897285461426,10.691679954528809,11.077503204345703,0.3955008089542389,0.3355421423912048,0.9104299545288086,15.31781768798828,0.0,0.2108004838228225,12.467935562133787,13.593533515930176,37.0,25.0,30.0,0.0,
2025-12-17,09:50:10.135000,6a,Toxicity,Original,,82.39031219482422,2.6960835456848145,221.8951110839844,0.7221886515617371,0.671721339225769,0.6447778940200806,11.153897285461426,10.21910285949707,11.93376636505127,0.4069676697254181,0.3216601014137268,1.031462788581848,14.36489486694336,0.0,0.2028062790632248,14.743983268737791,13.803672790527344,37.0,25.0,30.0,0.0,
2025-12-17,09:50:12.135000,6a,Toxicity,Original,,86.19117736816406,2.690727949142456,231.8831329345703,0.7082068920135498,0.711503267288208,0.5589464902877808,11.153897285461426,10.742331504821776,11.402350425720217,0.3540074825286865,0.3421648144721985,1.016677975654602,16.54932403564453,0.0,0.2081231474876403,13.627023696899414,13.715396881103516,37.0,25.0,30.0,0.0,
2025-12-17,09:50:14.135000,6a,Toxicity,Original,,85.87479400634766,2.6780014038085938,229.96322631835935,0.6066792011260986,0.6313585042953491,0.6019930243492126,11.153897285461426,10.577018737792969,11.11556625366211,0.3649035394191742,0.333814799785614,0.9571043252944946,20.228286743164062,0.0,0.2151902019977569,14.459022521972656,11.423611640930176,37.0,25.0,30.0,0.0,
2025-12-17,09:50:16.135000,6a,Toxicity,Original,,84.02073669433594,2.715317726135254,228.1109161376953,0.6734755039215088,0.641464352607727,0.5944676995277405,11.153897285461426,10.467982292175291,11.737841606140137,0.3981524705886841,0.3161934316158294,1.0230355262756348,15.798294067382812,0.0,0.2029440850019455,15.908247947692873,13.500263214111328,37.0,25.0,30.0,0.0,
2025-12-17,09:50:18.135000,6a,Toxicity,Original,,84.57145690917969,2.581676483154297,218.4646453857422,0.6925083994865417,0.6896126866340637,0.6533271670341492,11.153897285461426,10.429348945617676,11.478195190429688,0.3914462625980377,0.318236231803894,0.9547129273414612,11.318319320678713,0.0,0.1975314617156982,12.080249786376951,13.654698371887209,37.0,25.0,30.0,0.0,
2025-12-17,09:50:20.135000,6a,Toxicity,Original,,84.29932403564453,2.605483055114746,219.61517333984372,0.7409824132919312,0.7423802614212036,0.5631982088088989,11.153897285461426,10.770389556884766,11.57090663909912,0.3720424175262451,0.3397656083106994,1.0271610021591189,16.445215225219727,0.0,0.2050712555646896,14.383824348449709,14.279970169067385,37.0,25.0,30.0,0.0,
2025-12-17,09:50:22.135000,6a,Toxicity,Original,,86.02539825439453,2.6565306186676025,228.5095672607422,0.6426202058792114,0.7060316205024719,0.5637544393539429,11.153897285461426,10.821563720703123,11.01681423187256,0.3555483520030975,0.3419335186481476,0.9745729565620422,17.57970428466797,0.0,0.209202840924263,13.800488471984863,13.374652862548828,37.0,25.0,30.0,0.0,
2025-12-17,09:50:24.135000,6a,Toxicity,Original,,84.40544128417969,2.6205809116363525,221.0838928222656,0.6571870446205139,0.6598144173622131,0.5435146689414978,11.153897285461426,10.63631820678711,10.235838890075684,0.3857035934925079,0.3255215883255005,0.887883722782135,15.16528606414795,0.0,0.2129748314619064,14.894927978515623,12.242314338684082,37.0,25.0,30.0,0.0,
2025-12-17,09:50:26.135000,6a,Toxicity,Original,,80.58647918701172,2.7122490406036377,218.6195068359375,0.7294042110443115,0.7123215198516846,0.6101382970809937,11.153897285461426,10.167723655700684,11.41749095916748,0.4055577218532562,0.3395223617553711,0.9587975144386292,15.359108924865724,0.0,0.2085579335689544,14.075393676757812,14.242979049682615,37.0,25.0,30.0,0.0,
2025-12-17,09:50:28.135000,6a,Toxicity,Original,,82.84984588623047,2.63364577293396,218.06585693359372,0.6547229290008545,0.6800378561019897,0.6379973888397217,11.153897285461426,10.420588493347168,10.632819175720217,0.3888159692287445,0.3358187973499298,0.9168903231620787,14.259576797485352,0.0,0.2110957354307174,15.11473274230957,12.200206756591797,37.0,25.0,30.0,0.0,
2025-12-17,09:50:30.135000,6a,Toxicity,Original,,82.62601470947266,2.610109329223633,215.8678436279297,0.7788034677505493,0.700939416885376,0.6384807825088501,11.153897285461426,10.749753952026367,11.968483924865724,0.398518443107605,0.3290998041629791,0.8252128958702087,13.0198974609375,0.0,0.2015383094549179,13.16136074066162,14.419854164123535,37.0,25.0,30.0,0.0,
2025-12-17,09:50:32.135000,6a,Toxicity,Original,,72.2748031616211,2.528017520904541,182.7119598388672,0.5774757862091064,0.6038585305213928,0.603686511516571,11.153897285461426,10.57351303100586,11.352849006652832,0.4657372832298279,0.3644275665283203,1.0024652481079102,11.461675643920898,0.0,0.2483402639627456,18.97144317626953,9.41749095916748,37.0,25.0,30.0,66.66666412353516,
2025-12-17,09:50:34.135000,6a,Toxicity,Original,,81.00802612304688,2.72434401512146,220.74932861328125,0.6420071721076965,0.699331521987915,0.6976566314697266,11.153897285461426,10.817960739135742,11.008978843688965,0.4010908305644989,0.3396224081516266,0.8950377702713013,11.146743774414062,0.0,0.2117819786071777,13.980551719665527,13.679168701171877,37.0,25.0,30.0,0.0,
2025-12-17,09:50:36.135000,6a,Toxicity,Original,,79.26773834228516,2.51872992515564,199.5608367919922,0.6994120478630066,0.6598962545394897,0.5748993158340454,11.153897285461426,10.411006927490234,11.25265407562256,0.4172631800174713,0.3402985334396362,0.7849321365356445,15.62810230255127,0.0,0.2172908782958984,14.5883207321167,13.979995727539062,37.0,25.0,30.0,0.0,
2025-12-17,09:50:38.135000,6a,Toxicity,Original,,83.81883239746094,2.505138397216797,209.9878387451172,0.6858963966369629,0.7531391382217407,0.5008228421211243,11.153897285461426,11.889067649841309,10.628494262695312,0.3487663865089416,0.3671073913574219,0.8641327619552612,10.39724349975586,12.956040382385254,0.218966007232666,13.184128761291504,12.555156707763672,37.0,25.0,30.0,0.0,
2025-12-17,09:50:40.135000,6a,Toxicity,Original,,85.55175018310547,2.574106216430664,220.39768981933597,0.6041232347488403,0.5961337089538574,0.5634860396385193,11.153897285461426,11.024686813354492,11.633973121643066,0.3605274558067322,0.3415322601795196,0.9507653713226318,35.187843322753906,0.0,0.2256360501050949,17.343229293823242,13.337631225585938,37.0,25.0,30.0,0.0,
2025-12-17,09:50:42.135000,6a,Toxicity,Original,,80.88874816894531,2.6467220783233643,214.09115600585935,0.6949808597564697,0.6813914775848389,0.5506092309951782,11.153897285461426,10.362959861755373,11.080224990844728,0.4029185175895691,0.3388674259185791,0.9432976245880128,17.368179321289062,0.0,0.2113808542490005,14.877127647399902,12.319268226623535,37.0,25.0,30.0,0.0,
2025-12-17,09:50:42.135000,FinePointe Series WBP [SN 10499C]  Site 2 Bias Flow is out of range.,,,,,,,,,,,,,,,,,,,,,,,,,
2025-12-17,09:50:44.135000,6a,Toxicity,Original,,84.343505859375,2.51167631149292,211.8063201904297,0.7479426264762878,0.7249438762664795,0.5172178745269775,11.153897285461426,9.87299633026123,9.967095375061035,0.3856463134288788,0.3260470330715179,0.8377178907394409,14.16943359375,0.0,0.1983847767114639,14.334634780883787,12.332134246826172,37.0,25.0,30.0,0.0,
2025-12-17,09:50:46.135000,6a,Toxicity,Original,,81.1966552734375,2.432119369506836,197.30123901367188,0.6835108399391174,0.7277618646621704,0.6264791488647461,11.153897285461426,9.970197677612305,10.105156898498535,0.3963569402694702,0.3428752720355987,0.8635441064834595,13.05777072906494,0.0,0.2096579074859619,14.405892372131348,13.360918998718262,37.0,25.0,30.0,0.0,
2025-12-17,09:50:48.135000,6a,Toxicity,Original,,83.16148376464844,2.554184675216675,212.36512756347656,0.7264733910560608,0.7109641432762146,0.525028645992279,11.153897285461426,10.437896728515623,10.732632637023926,0.4018512666225433,0.3197022080421448,0.9037879705429076,13.791255950927734,0.0,0.1981596052646637,15.789868354797363,13.92666244506836,37.0,25.0,30.0,0.0,
2025-12-17,09:50:50.135000,6a,Toxicity,Original,,82.48310089111328,2.475543737411499,204.1703338623047,0.6955504417419434,0.7023268342018127,0.5304181575775146,11.153897285461426,9.693270683288574,10.07378387451172,0.3940437436103821,0.3334378600120544,0.8714890480041504,14.918758392333984,0.0,0.2065495699644088,14.72348976135254,12.929709434509276,37.0,25.0,30.0,0.0,
2025-12-17,09:50:52.135000,6a,Toxicity,Original,,80.3628921508789,2.623427152633667,210.7996826171875,0.7294017672538757,0.6859639286994934,0.521398663520813,11.153897285461426,10.422684669494627,11.320320129394531,0.4232856035232544,0.3282231092453003,0.9389795660972596,22.10214614868164,0.0,0.2063504755496978,16.846452713012695,11.262100219726562,37.0,25.0,30.0,0.0,
2025-12-17,09:50:52.135000,FinePointe Series WBP [SN 10499C]  Site 2 Bias Flow is out of range.,,,,,,,,,,,,,,,,,,,,,,,,,
2025-12-17,09:50:54.135000,6a,Toxicity,Original,,85.18133544921875,2.577832698822021,219.52850341796875,0.6488115787506104,0.6343816518783569,0.6578185558319092,11.153897285461426,10.206602096557615,11.314516067504885,0.3855142593383789,0.3192306756973266,0.9260282516479492,19.36958694458008,0.0,0.2075633406639099,14.675577163696287,12.810346603393556,37.0,25.0,30.0,0.0,
2025-12-17,09:50:56.135000,6a,Toxicity,Original,,80.9964370727539,2.526017427444458,204.57774353027344,0.7003630995750427,0.7494351267814636,0.6210139393806458,11.153897285461426,9.794455528259276,10.144050598144531,0.38225919008255,0.3585914671421051,0.8170971274375916,9.51098346710205,0.0,0.213558480143547,12.122239112854004,12.870384216308594,37.0,25.0,30.0,0.0,
2025-12-17,09:50:58.135000,6a,Toxicity,Original,,85.02249908447266,2.4503438472747803,208.3343505859375,0.6828432083129883,0.6121037602424622,0.5974031090736389,11.153897285461426,10.380489349365234,11.737586975097656,0.394347995519638,0.3113475441932678,1.0003031492233276,11.352167129516602,0.0,0.210155576467514,16.523923873901367,12.439414024353027,37.0,25.0,30.0,0.0,
2025-12-17,09:51:00.135000,6a,Toxicity,Original,,349.9438781738281,0.4636220633983612,162.24169921875,1.252285361289978,1.0367528200149536,0.4636557698249817,11.153897285461426,9.180900573730469,10.805046081542969,0.0894987136125564,0.0819573551416397,0.96664160490036,3.0502817630767822,0.0,0.0406908206641674,10.98123264312744,15.782353401184082,37.0,25.0,30.0,75.0,
2025-12-17,09:51:02.135000,6a,Toxicity,Original,,76.35958099365234,2.19292426109314,167.45077514648438,0.3970354795455932,0.586490273475647,0.9060220718383788,11.153897285461426,13.678388595581056,8.6298246383667,0.2868719398975372,0.4988840818405151,0.7378337383270264,88.32147216796875,0.0,0.3230299949645996,17.169750213623047,8.357829093933105,37.0,25.0,30.0,50.0,
2025-12-17,09:51:04.135000,6a,Toxicity,Original,,83.34335327148438,2.3556222915649414,196.26075744628903,0.4204727113246918,0.5333837270736694,0.5897262096405029,11.153897285461426,14.77327823638916,11.813643455505373,0.3414323329925537,0.3785411119461059,0.9060798287391664,79.17344665527344,0.0,0.2503145933151245,9.563512802124023,4.242632389068604,37.0,25.0,30.0,66.66666412353516,
2025-12-17,09:51:10.135000,6a,Toxicity,Original,,80.37767791748047,2.9780490398406982,239.52279663085935,0.6472094058990479,0.6227743029594421,0.730199933052063,11.153897285461426,12.22728443145752,13.008992195129396,0.4124508202075958,0.3364043235778808,1.0318280458450315,23.87433242797852,0.0,0.2150895148515701,13.149653434753418,9.333940505981444,37.0,25.0,30.0,66.66666412353516,
2025-12-17,09:51:14.135000,6a,Toxicity,Original,,80.8537368774414,2.1346185207366943,172.59188842773438,0.7956477403640747,0.8664426803588867,0.4895414710044861,11.153897285461426,12.635299682617188,12.071226119995115,0.3498769700527191,0.3922037482261657,0.9485788345336914,8.896039009094238,0.0,0.2171518951654434,16.92838478088379,13.686279296875,37.0,25.0,30.0,80.0,
2025-12-17,09:51:16.135000,6a,Toxicity,Original,,88.31365966796875,1.974139213562012,174.3434600830078,0.989890992641449,0.8471763134002686,0.7453123331069946,11.153897285461426,11.286288261413574,16.55637550354004,0.3171323537826538,0.3622642159461975,1.1271679401397705,11.130692481994627,49.02790832519531,0.1998166441917419,15.184027671813965,8.436762809753418,37.0,25.0,30.0,50.0,
2025-12-17,09:51:18.135000,6a,Toxicity,Original,,84.77706909179688,2.8917481899261475,245.1539459228516,0.5092713236808777,0.6452546119689941,0.6455853581428528,11.153897285461426,11.612481117248535,10.0963716506958,0.3700605034828186,0.3376780450344085,0.7241675853729248,32.02796936035156,0.0,0.2128252536058426,13.532405853271484,11.137922286987305,37.0,25.0,30.0,80.0,
2025-12-17,09:51:20.135000,6a,Toxicity,Original,,83.09170532226562,2.625758647918701,217.89254760742188,0.6343531608581543,0.6306790113449097,0.6927242875099182,11.153897285461426,11.6531343460083,11.81882095336914,0.4118137955665588,0.3104036748409271,0.9475266933441162,18.39776039123535,0.0,0.2064737826585769,16.399826049804688,12.028582572937012,37.0,25.0,30.0,0.0,
2025-12-17,09:51:22.135000,6a,Toxicity,Original,,83.80056762695312,2.447080135345459,204.9475860595703,0.6558824777603149,0.5672471523284912,0.6294642686843872,11.153897285461426,10.406786918640137,12.958715438842772,0.364207923412323,0.3576593399047851,0.9611935019493104,26.8712100982666,0.0,0.2407866865396499,14.166565895080566,7.34531831741333,37.0,25.0,30.0,0.0,
2025-12-17,09:51:24.135000,6a,Toxicity,Original,,86.99027252197266,2.4682421684265137,214.85948181152344,0.80874103307724,0.7334404587745667,0.5181236267089844,11.153897285461426,11.06047534942627,12.31863021850586,0.3792330026626587,0.3106984198093414,1.0301982164382937,18.424531936645508,3.2870893478393555,0.1909961551427841,17.785409927368164,11.225369453430176,37.0,25.0,30.0,0.0,
2025-12-17,09:51:26.135000,6a,Toxicity,Original,,148.06288146972656,1.7892972230911257,222.99542236328125,0.6094262599945068,0.7174707651138306,0.5379419326782227,11.153897285461426,14.635069847106934,11.699750900268556,0.2221759110689163,0.2642364799976349,0.895940899848938,12.71937084197998,0.0,0.1599788069725036,12.248441696166992,14.008087158203123,37.0,25.0,30.0,33.33333206176758,
2025-12-17,09:51:28.135000,6a,Toxicity,Original,,77.74690246582031,2.165987491607666,169.07220458984375,0.6901527047157288,0.6882358193397522,0.589752197265625,11.153897285461426,9.59360122680664,9.48667335510254,0.3989865183830261,0.3743617236614227,0.8219889402389526,19.19778060913086,0.0,0.2347068339586258,16.74892807006836,12.55124282836914,37.0,25.0,30.0,71.42857360839844,
2025-12-17,09:51:30.135000,6a,Toxicity,Original,,77.8314208984375,2.3389666080474854,182.21405029296875,0.8420529961585999,0.66524338722229,0.5839201211929321,11.153897285461426,8.973384857177734,11.70697021484375,0.4269390404224396,0.3443447649478912,0.8492982387542725,28.6329288482666,0.0,0.2241782397031784,15.36796760559082,13.419692039489746,37.0,25.0,30.0,0.0,
2025-12-17,09:51:32.135000,6a,Toxicity,Original,,77.70536804199219,2.4328408241271973,189.126220703125,0.6454925537109375,0.6682994365692139,0.6207785606384277,11.153897285461426,9.102243423461914,9.62937355041504,0.4297964572906494,0.3426288366317749,0.7989664077758789,13.85796070098877,0.0,0.2152737230062484,15.12541961669922,11.2946138381958,37.0,25.0,30.0,0.0,
2025-12-17,09:51:34.135000,6a,Toxicity,Original,,80.48749542236328,2.474982023239136,199.2102508544922,0.648621678352356,0.6981782913208008,0.5389274954795837,11.153897285461426,9.889763832092283,8.977616310119629,0.4194912016391754,0.3259749114513397,0.7454667091369629,18.461750030517575,0.0,0.2052672654390335,16.563663482666016,12.368697166442873,37.0,25.0,30.0,0.0,
2025-12-17,09:51:36.135000,6a,Toxicity,Original,,81.05400848388672,2.403633117675781,194.72915649414065,0.6528126001358032,0.6691338419914246,0.6368142366409302,11.153897285461426,9.095149993896484,10.090524673461914,0.4110561609268188,0.3295036554336548,0.83488529920578,13.602951049804688,0.0,0.2098960280418396,14.488216400146484,12.240019798278809,37.0,25.0,30.0,0.0,
2025-12-17,09:51:38.135000,6a,Toxicity,Original,,79.99209594726562,2.364063024520874,188.8438262939453,0.6784346103668213,0.7014210224151611,0.5798017978668213,11.153897285461426,9.54453468322754,9.917192459106444,0.4198271334171295,0.3307768702507019,0.8398380279541016,17.781330108642578,0.0,0.2064632773399353,15.212778091430664,11.864484786987305,37.0,25.0,30.0,0.0,
2025-12-17,09:51:40.135000,6a,Toxicity,Original,,81.04647827148438,2.35264253616333,190.6921539306641,0.7851318120956421,0.7422691583633423,0.5772998929023743,11.153897285461426,9.434366226196287,10.64060878753662,0.402309387922287,0.3381293714046478,0.9028289914131165,12.88943576812744,0.0,0.2044625878334045,14.820845603942873,13.263548851013184,37.0,25.0,30.0,0.0,
2025-12-17,09:51:42.135000,6a,Toxicity,Original,,83.96221160888672,2.407835960388184,202.0966339111328,0.6564949750900269,0.6456059813499451,0.5779257416725159,11.153897285461426,8.985708236694336,10.580487251281738,0.423585444688797,0.2911387085914612,0.8824053406715393,12.594487190246582,0.0,0.1949080228805542,17.382213592529297,10.165593147277832,37.0,25.0,30.0,0.0,
2025-12-17,09:51:44.135000,6a,Toxicity,Original,,84.43566131591797,2.472485303878784,208.7030487060547,0.6499615907669067,0.6693514585494995,0.6601559519767761,11.153897285461426,10.070982933044434,10.545296669006348,0.4030009806156158,0.3079696595668793,0.91107839345932,13.25024700164795,0.0,0.1951844841241836,16.088380813598633,12.000001907348633,37.0,25.0,30.0,0.0,
2025-12-17,09:51:46.135000,6a,Toxicity,Original,,83.11991882324219,2.4469146728515625,203.3758087158203,0.6492886543273926,0.6566495895385742,0.5991520881652832,11.153897285461426,8.842344284057617,9.976481437683104,0.4015570878982544,0.3204329013824463,0.8566021919250488,17.829204559326172,0.0,0.2070488780736923,15.052848815917969,10.220937728881836,37.0,25.0,30.0,0.0,
2025-12-17,09:51:48.135000,6a,Toxicity,Original,,82.8762435913086,2.334226369857788,193.398681640625,0.6837207674980164,0.676440954208374,0.6106464266777039,11.153897285461426,9.255256652832031,10.152832984924316,0.4107690751552582,0.3133651614189148,0.8645530939102173,14.74903678894043,0.0,0.2019355595111847,17.063201904296875,12.076101303100586,37.0,25.0,30.0,0.0,
2025-12-17,09:51:50.135000,6a,Toxicity,Original,,84.269775390625,2.412968873977661,203.3056182861328,0.6995809078216553,0.630185067653656,0.6686291098594666,11.153897285461426,9.03781032562256,10.755900382995604,0.393697589635849,0.3183538913726806,0.9135546684265136,18.667896270751957,0.0,0.2078704386949539,16.21160125732422,10.49974250793457,37.0,25.0,30.0,0.0,
2025-12-17,09:51:52.135000,6a,Toxicity,Original,,81.75511932373047,2.489899158477783,203.74978637695312,0.7173937559127808,0.6736310124397278,0.5652804374694824,11.153897285461426,9.226140975952148,10.633136749267578,0.4172634482383728,0.3172374367713928,0.9242258667945862,15.03542137145996,0.0,0.2026361674070358,17.112730026245117,11.34096622467041,37.0,25.0,30.0,0.0,
2025-12-17,09:51:54.135000,6a,Toxicity,Original,,83.29117584228516,2.3785300254821777,197.7129364013672,0.662909746170044,0.6593743562698364,0.6150832176208496,11.153897285461426,8.76162052154541,10.28050422668457,0.4110652804374695,0.3098729252815246,0.8571979999542236,15.321911811828612,0.0,0.2000778019428253,18.15139579772949,11.619621276855469,37.0,25.0,30.0,0.0,
2025-12-17,09:51:56.135000,6a,Toxicity,Original,,82.39497375488281,2.43171501159668,200.3909149169922,0.6664885878562927,0.6146318912506104,0.6973997950553894,11.153897285461426,9.223226547241213,11.19096851348877,0.4095151722431183,0.3189666867256164,0.9578465223312378,21.914215087890625,0.0,0.211038276553154,17.803253173828125,9.714189529418944,37.0,25.0,30.0,0.0,
2025-12-17,09:51:58.135000,6a,Toxicity,Original,,84.99727630615234,2.4312727451324463,206.56065368652344,0.660345196723938,0.6575755476951599,0.6857053637504578,11.153897285461426,9.420236587524414,10.922402381896973,0.4065002202987671,0.2994683384895324,0.8977683186531067,13.206964492797852,0.0,0.1941559910774231,16.609254837036133,11.798839569091797,37.0,25.0,30.0,0.0,
2025-12-17,09:52:00.135000,6a,Toxicity,Original,,82.41503143310547,2.336644411087036,192.6879730224609,0.71341472864151,0.6624096035957336,0.5584055185317993,11.153897285461426,9.019403457641602,11.060154914855955,0.4059672355651855,0.322311520576477,0.9823198914527892,17.77491569519043,0.0,0.209309309720993,18.692567825317383,11.846844673156738,37.0,25.0,30.0,0.0,
2025-12-17,09:52:02.135000,6a,Toxicity,Original,,82.18643951416016,2.407299518585205,197.8998107910156,0.634289026260376,0.6489379405975342,0.6189163327217102,11.153897285461426,9.366947174072266,10.17913055419922,0.4066937565803528,0.3235484063625335,0.8619720935821533,16.490201950073242,0.0,0.2084482461214065,16.41509437561035,11.167816162109377,37.0,25.0,30.0,0.0,
2025-12-17,09:52:04.135000,6a,Toxicity,Original,,83.46772766113281,2.5890777111053467,216.05865478515625,0.6576145887374878,0.6501451134681702,0.6222121715545654,11.153897285461426,9.016124725341797,10.81839370727539,0.4044892489910126,0.314707338809967,0.9308688640594482,13.605074882507324,0.0,0.2017647922039032,15.777748107910156,10.547067642211914,37.0,25.0,30.0,0.0,
2025-12-17,09:52:06.135000,6a,Toxicity,Original,,82.82611846923828,2.421081781387329,200.5087127685547,0.7003647089004517,0.6717989444732666,0.531917929649353,11.153897285461426,9.494067192077637,10.21547794342041,0.419337123632431,0.3050999641418457,0.8617420196533203,13.276391983032228,0.0,0.2052962034940719,15.910123825073242,10.866531372070312,37.0,25.0,30.0,0.0,
2025-12-17,09:52:08.135000,6a,Toxicity,Original,,83.41536712646484,2.468956470489502,205.9058532714844,0.7007037997245789,0.7272660732269287,0.5611664056777954,11.153897285461426,9.802613258361816,10.125744819641112,0.4004629850387573,0.3192494809627533,0.870013415813446,12.998878479003906,0.0,0.1953871548175811,15.77272891998291,12.70728588104248,37.0,25.0,30.0,0.0,
2025-12-17,09:52:10.135000,6a,Toxicity,Original,,84.00570678710938,2.4086413383483887,202.2947540283203,0.652775228023529,0.6751636862754822,0.5453130602836609,11.153897285461426,9.232210159301758,9.89785099029541,0.3979735076427459,0.3165770173072815,0.8700186014175415,16.186256408691406,0.0,0.2036308646202087,16.152990341186523,10.412229537963867,37.0,25.0,30.0,0.0,
2025-12-17,09:52:12.135000,6a,Toxicity,Original,,79.75759887695312,2.4422664642333984,194.93453979492188,0.7268192172050476,0.6995859146118164,0.6450873613357544,11.153897285461426,8.99737548828125,10.514719009399414,0.4232298731803894,0.3299546837806701,0.8257913589477539,13.805410385131836,0.0,0.2050272226333618,15.371664047241213,12.86252784729004,37.0,25.0,30.0,0.0,
2025-12-17,09:52:14.135000,6a,Toxicity,Original,,81.21855163574219,2.3436946868896484,190.33447265625,0.5967726707458496,0.6489737629890442,0.6110493540763855,11.153897285461426,9.4743013381958,10.055084228515623,0.4098221361637115,0.3295336067676544,0.8535705208778381,14.551108360290527,0.0,0.2163362652063369,17.369537353515625,11.646788597106934,37.0,25.0,30.0,0.0,
2025-12-17,09:52:16.135000,6a,Toxicity,Original,,81.71672058105469,2.548624038696289,209.02101135253903,0.8622438907623291,0.6796268224716187,0.5660029053688049,11.153897285461426,9.697626113891602,13.35934066772461,0.4285817742347717,0.3069184422492981,1.185681939125061,16.247268676757812,0.0,0.1965543180704116,18.81541633605957,13.902725219726562,37.0,25.0,30.0,0.0,
2025-12-17,09:52:18.135000,6a,Toxicity,Original,,77.41239929199219,2.8223419189453125,217.73117065429688,0.6566132307052612,0.7461899518966675,0.5743814706802368,11.153897285461426,10.67103672027588,9.97177028656006,0.4486208856105804,0.3289072513580322,0.8433852791786194,13.279844284057615,0.0,0.1995636820793151,12.01531982421875,11.23110008239746,37.0,25.0,30.0,0.0,
2025-12-17,09:52:20.135000,6a,Toxicity,Original,,80.57157135009766,2.363623857498169,190.4532165527344,0.6857408881187439,0.6709883213043213,0.6427244544029236,11.153897285461426,8.985427856445312,10.071609497070312,0.4181216657161712,0.3265727758407593,0.8658971190452576,12.366745948791504,0.0,0.2080280780792236,15.92313289642334,10.724778175354004,37.0,25.0,30.0,0.0,
2025-12-17,09:52:22.135000,6a,Toxicity,Original,,83.12178802490234,2.3938333988189697,199.02525329589844,0.6354842782020569,0.6495099663734436,0.6738088130950928,11.153897285461426,9.302565574645996,10.095346450805664,0.4092508554458618,0.3126742839813232,0.8384462594985962,14.413315773010254,0.0,0.2024540156126022,16.59154510498047,11.612177848815918,37.0,25.0,30.0,0.0,
2025-12-17,09:52:24.135000,6a,Toxicity,Original,,82.7628402709961,2.403333902359009,198.91378784179688,0.6653727889060974,0.6838712096214294,0.5456305742263794,11.153897285461426,9.499954223632812,10.107810020446776,0.3983230292797088,0.3269217014312744,0.8316845893859863,12.767508506774902,0.0,0.2067283540964126,14.650042533874512,10.818235397338867,37.0,25.0,30.0,0.0,
2025-12-17,09:52:26.135000,6a,Toxicity,Original,,81.05264282226562,2.452657699584961,198.77590942382807,0.6017338037490845,0.6287689805030823,0.6830308437347412,11.153897285461426,9.193958282470703,9.716272354125977,0.4137482047080993,0.326529860496521,0.8010895252227783,13.963171005249023,0.0,0.2156340479850769,16.276548385620117,9.471026420593262,37.0,25.0,30.0,0.0,
2025-12-17,09:52:28.135000,6a,Toxicity,Original,,81.2987060546875,2.415743112564087,196.0731964111328,0.6546823382377625,0.6265830397605896,0.6930962204933167,11.153897285461426,9.040790557861328,9.87867259979248,0.4276616871356964,0.3109307587146759,0.8502169847488403,20.4366512298584,0.0,0.2140271961688995,18.485820770263672,9.293787956237791,37.0,25.0,30.0,0.0,
2025-12-17,09:52:30.135000,6a,Toxicity,Original,,85.71318054199219,2.364309787750244,202.58233642578125,0.6414769887924194,0.6751092672348022,0.5907069444656372,11.153897285461426,9.409311294555664,10.015143394470217,0.3943521082401275,0.3065046966075897,0.8359293937683105,13.367186546325684,0.0,0.1955492943525314,17.050241470336914,11.179239273071287,37.0,25.0,30.0,0.0,
2025-12-17,09:52:32.135000,6a,Toxicity,Original,,83.26879119873047,2.4453792572021484,203.82080078125,0.6317505240440369,0.6442578434944153,0.6113993525505066,11.153897285461426,9.4526948928833,10.393478393554688,0.4008312523365021,0.3201121091842651,0.8916637897491455,14.529126167297363,0.0,0.2059922665357589,15.52667236328125,10.581796646118164,37.0,25.0,30.0,0.0,
2025-12-17,09:52:34.135000,6a,Toxicity,Original,,105.47200775146484,2.1797163486480717,223.75372314453125,0.8296941518783569,0.8991012573242188,0.4663535952568054,11.153897285461426,15.435169219970703,13.45912742614746,0.2893964648246765,0.3135117292404175,0.8382031321525574,11.52587604522705,0.0,0.1765749752521515,11.120759963989258,9.397039413452148,37.0,25.0,30.0,33.33333206176758,
2025-12-17,09:52:36.135000,6a,Toxicity,Original,,82.37815856933594,2.2486228942871094,184.82846069335935,0.7232071161270142,0.6966204047203064,0.516420841217041,11.153897285461426,8.764873504638672,9.943896293640137,0.401224821805954,0.3280432224273681,0.8510334491729736,15.47292137145996,0.0,0.2057021558284759,15.945242881774902,11.195048332214355,37.0,25.0,30.0,0.0,
2025-12-17,09:52:38.135000,6a,Toxicity,Original,,82.63929748535156,2.432358980178833,200.9619598388672,0.6383345723152161,0.6407365202903748,0.6873374581336975,11.153897285461426,9.074892044067385,10.255403518676758,0.4136296212673187,0.3125936388969421,0.8784201145172119,15.843883514404297,0.0,0.2052499055862426,17.504627227783203,10.6866455078125,37.0,25.0,30.0,0.0,
2025-12-17,09:52:40.135000,6a,Toxicity,Original,,84.02559661865234,2.517557382583618,211.51513671875,0.5925990343093872,0.6338303685188293,0.612795889377594,11.153897285461426,10.373682975769045,10.426586151123049,0.4048436880111694,0.3092664182186126,0.9178167581558228,16.4456844329834,0.0,0.205815240740776,19.35236358642578,10.464874267578123,37.0,25.0,30.0,0.0,
2025-12-17,09:52:42.135000,6a,Toxicity,Original,,83.44766235351562,2.422234535217285,202.06723022460935,0.6479380130767822,0.6217552423477173,0.6293246150016785,11.153897285461426,9.16746425628662,10.341318130493164,0.4093352556228637,0.3097233474254608,0.8647403120994568,16.219528198242188,0.0,0.2052434086799621,18.602088928222656,10.41368293762207,37.0,25.0,30.0,0.0,
2025-12-17,09:52:44.135000,6a,Toxicity,Original,,80.12387084960938,2.495768547058105,199.3755798339844,0.5656397342681885,0.5797181129455566,0.7101156711578369,11.153897285461426,9.370733261108398,10.71027946472168,0.4199874699115753,0.329866349697113,0.8986127972602844,18.62996482849121,0.0,0.2207714766263961,18.27307891845703,9.160429954528809,37.0,25.0,30.0,33.33333206176758,
2025-12-17,09:52:46.135000,6a,Toxicity,Original,,82.54425048828125,2.6196560859680176,216.1682891845703,0.5353362560272217,0.6108445525169373,0.6278941035270691,11.153897285461426,10.04008674621582,9.84534740447998,0.4103091657161712,0.316952496767044,0.8460990190505981,19.314077377319336,0.0,0.2107162177562713,19.45004272460937,9.094609260559082,37.0,25.0,30.0,0.0,
2025-12-17,09:52:48.135000,6a,Toxicity,Original,,83.21453094482422,2.2996513843536377,191.33172607421875,0.7233883142471313,0.6540042757987976,0.5644161105155945,11.153897285461426,9.108223915100098,10.827888488769531,0.4178807735443115,0.3031822144985199,0.9461655616760254,17.658266067504883,0.0,0.1976059079170227,20.79339599609375,10.579882621765137,37.0,25.0,30.0,0.0,
2025-12-17,09:52:50.135000,6a,Toxicity,Original,,83.72830963134766,2.209110736846924,184.98974609375,0.6158641576766968,0.5949655771255493,0.66753089427948,11.153897285461426,8.427774429321289,10.615076065063477,0.4139281511306762,0.3027065396308899,0.8667929172515869,14.095172882080078,0.0,0.2086407840251922,19.04716682434082,9.311960220336914,37.0,25.0,30.0,0.0,
2025-12-17,09:52:52.135000,6a,Toxicity,Original,,82.69454956054688,2.3671226501464844,195.7076568603516,0.6181809902191162,0.6437901854515076,0.6572275161743164,11.153897285461426,9.646881103515623,10.280705451965332,0.4069726169109344,0.3186383843421936,0.8755415081977844,16.775556564331055,0.0,0.2080178558826446,18.916223526000977,10.533587455749512,37.0,25.0,30.0,0.0,
2025-12-17,09:52:54.135000,6a,Toxicity,Original,,80.66903686523438,2.490352869033813,200.90919494628903,0.6680101752281189,0.6538472175598145,0.6207073330879211,11.153897285461426,8.946303367614746,10.054794311523438,0.4307699203491211,0.313225120306015,0.8938984274864197,13.802858352661133,0.0,0.2047999203205108,17.811784744262695,10.414735794067385,37.0,25.0,30.0,0.0,
2025-12-17,09:52:56.135000,6a,Toxicity,Original,,82.54889678955078,2.4251351356506348,200.1495513916016,0.6702798008918762,0.6347358226776123,0.5866450071334839,11.153897285461426,8.862075805664062,10.874835014343262,0.420623779296875,0.3065821826457977,0.9515944123268129,15.907617568969728,0.0,0.2025076895952224,18.55879020690918,9.737476348876951,37.0,25.0,30.0,0.0,
2025-12-17,09:52:58.135000,6a,Toxicity,Original,,82.35357666015625,2.266639232635498,186.6625061035156,0.6504689455032349,0.6152007579803467,0.6722985506057739,11.153897285461426,9.023687362670898,10.397017478942873,0.4130427837371826,0.315625250339508,0.8728047609329224,16.506591796875,0.0,0.2094987332820892,17.53116798400879,9.93521499633789,37.0,25.0,30.0,0.0,
2025-12-17,09:53:00.135000,6a,Toxicity,Original,,83.14202880859375,2.3488540649414062,195.3018951416016,0.6588980555534363,0.6523865461349487,0.6433578133583069,11.153897285461426,9.476966857910156,10.32625961303711,0.415283590555191,0.3064023554325104,0.8997606635093689,16.694923400878906,0.0,0.2007851302623748,20.15262985229492,10.01755142211914,37.0,25.0,30.0,0.0,
2025-12-17,09:53:02.135000,6a,Toxicity,Original,,79.09487915039062,3.2447586059570312,256.9228515625,0.5402653217315674,0.6601357460021973,0.5684618949890137,11.153897285461426,10.698812484741213,9.509504318237305,0.4583154022693634,0.3003732562065124,0.8386461138725281,22.311866760253903,0.0,0.1959677934646606,19.519519805908203,10.398280143737791,37.0,25.0,30.0,33.33333206176758,
2025-12-17,09:53:04.135000,6a,Toxicity,Original,,81.73429107666016,2.239467144012451,182.95782470703125,0.7006896138191223,0.6320515871047974,0.4977635741233825,11.153897285461426,9.078988075256348,10.755709648132324,0.4002905189990997,0.3338686823844909,0.9455454349517822,19.768585205078125,0.0,0.2187459766864776,20.14731216430664,10.71649932861328,37.0,25.0,30.0,0.0,
2025-12-17,09:53:06.135000,6a,Toxicity,Original,,82.49683380126953,2.1985950469970703,181.1925201416016,0.6939964294433594,0.6300364136695862,0.6125081777572632,11.153897285461426,9.040959358215332,10.812803268432615,0.4200577139854431,0.3078682124614715,0.9617630243301392,20.57118797302246,0.0,0.2060293108224868,21.836774826049805,9.763690948486328,37.0,25.0,30.0,0.0,
2025-12-17,09:53:08.135000,6a,Toxicity,Original,,79.13622283935547,2.481178998947144,196.29933166503903,0.6274303793907166,0.6564708352088928,0.6445979475975037,11.153897285461426,8.991498947143555,9.476917266845703,0.4290412962436676,0.3292383551597595,0.8087221384048462,16.27351951599121,0.0,0.2127928882837295,17.624860763549805,10.109968185424805,37.0,25.0,30.0,0.0,
2025-12-17,09:53:10.135000,6a,Toxicity,Original,,83.42838287353516,2.494014024734497,208.10797119140625,0.608318030834198,0.6293379664421082,0.65152907371521,11.153897285461426,9.321122169494627,10.027580261230469,0.4123014509677887,0.3076781034469604,0.8671135306358337,18.34239387512207,0.0,0.2043949365615844,18.34649085998535,10.426182746887209,37.0,25.0,30.0,0.0,
2025-12-17,09:53:12.135000,6a,Toxicity,Original,,79.81114959716797,2.444334030151367,194.8048553466797,0.6284420490264893,0.653076171875,0.632278561592102,11.153897285461426,9.431924819946287,10.986862182617188,0.4254219830036163,0.3273802399635315,0.9227175712585448,15.021738052368164,0.0,0.2140152156352996,19.227924346923828,10.142215728759766,37.0,25.0,30.0,0.0,
2025-12-17,09:53:14.135000,6a,Toxicity,Original,,80.7260971069336,2.3532817363739014,189.8908233642578,0.6225740313529968,0.6040317416191101,0.7089506983757019,11.153897285461426,8.727127075195312,10.366963386535645,0.4260657727718353,0.3174607455730438,0.8582892417907715,18.03532218933105,0.0,0.2125304490327835,19.18028450012207,8.311527252197266,37.0,25.0,30.0,0.0,
2025-12-17,09:53:16.135000,6a,Toxicity,Original,,82.86786651611328,2.35622239112854,195.26593017578125,0.5938351154327393,0.6325299143791199,0.6150188446044922,11.153897285461426,9.149402618408203,9.872413635253906,0.4043202400207519,0.3197662532329559,0.8725330829620361,20.988258361816406,0.0,0.213520660996437,19.047269821166992,10.24249267578125,37.0,25.0,30.0,0.0,
2025-12-17,09:53:18.135000,6a,Toxicity,Original,,80.5155258178711,2.3206229209899902,186.7470245361328,0.6381912231445312,0.6364148855209351,0.6544341444969177,11.153897285461426,9.015348434448242,10.266342163085938,0.4289224147796631,0.3164409399032593,0.8869762420654297,17.037113189697266,0.0,0.2071183323860168,20.035236358642575,10.426481246948242,37.0,25.0,30.0,0.0,
2025-12-17,09:53:20.135000,6a,Toxicity,Original,,82.66871643066406,2.4345626831054688,200.9565887451172,0.5594925284385681,0.5952427983283997,0.6993805170059204,11.153897285461426,9.142765998840332,10.153870582580566,0.4145090579986572,0.3119168877601623,0.8536558151245117,19.162986755371094,0.0,0.2092885226011276,18.69002723693848,7.643096923828125,37.0,25.0,30.0,0.0,
2025-12-17,09:53:22.135000,6a,Toxicity,Original,,83.49272155761719,2.342069625854492,195.42428588867188,0.5912228226661682,0.6028860807418823,0.6575464010238647,11.153897285461426,9.466007232666016,10.677940368652344,0.4344720244407654,0.2843636870384216,0.9097628593444824,21.74996757507324,0.0,0.2099835723638534,21.490367889404297,9.518316268920898,37.0,25.0,30.0,0.0,
2025-12-17,09:53:24.135000,6a,Toxicity,Original,,81.7481918334961,2.392840623855591,195.5315704345703,0.5910496115684509,0.6219161748886108,0.693873405456543,11.153897285461426,9.067516326904297,9.373250007629396,0.4111167788505554,0.323333591222763,0.7861635088920593,21.897708892822266,0.0,0.2145575135946273,18.528305053710938,8.517557144165039,37.0,25.0,30.0,0.0,
2025-12-17,09:53:26.135000,6a,Toxicity,Original,,81.59074401855469,2.31064510345459,188.5254821777344,0.6508218050003052,0.5944138765335083,0.6472024917602539,11.153897285461426,8.481958389282227,10.900068283081056,0.421763002872467,0.3136145770549774,0.9082553386688232,17.400903701782227,0.0,0.2149940133094787,19.610538482666016,10.680852890014648,37.0,25.0,30.0,0.0,
2025-12-17,09:53:28.135000,6a,Toxicity,Original,,78.58659362792969,2.372443199157715,186.6153106689453,0.5432109832763672,0.559886634349823,0.6744940876960754,11.153897285461426,9.514562606811523,10.516273498535156,0.423101931810379,0.3471772670745849,0.9184917211532592,18.18752098083496,0.0,0.2418575435876846,23.166170120239254,8.045702934265137,37.0,25.0,30.0,0.0,
2025-12-17,09:53:30.135000,6a,Toxicity,Original,,82.03163146972656,2.346525192260742,192.53048706054688,0.6959410309791565,0.6270334124565125,0.5777023434638977,11.153897285461426,8.662275314331055,10.579427719116213,0.4262597560882568,0.305470198392868,0.9344515800476074,17.79123306274414,0.0,0.2021556943655014,19.55089569091797,9.88694953918457,37.0,25.0,30.0,0.0,
2025-12-17,09:53:32.135000,6a,Toxicity,Original,,80.58149719238281,2.41898775100708,194.63375854492188,0.653464674949646,0.6416217684745789,0.6078391075134277,11.153897285461426,9.118658065795898,10.382387161254885,0.4329702854156494,0.3125509619712829,0.9079214930534364,15.23290729522705,0.0,0.2022011429071426,21.053226470947266,8.84886360168457,37.0,25.0,30.0,0.0,
2025-12-17,09:53:34.135000,6a,Toxicity,Original,,83.6237564086914,2.324662685394287,194.42514038085935,0.6175073385238647,0.6056085228919983,0.6804856657981873,11.153897285461426,8.831480979919434,10.581993103027344,0.4168863296508789,0.3006695508956909,0.904616355895996,15.4780855178833,0.0,0.2010593265295028,20.042369842529297,8.50270938873291,37.0,25.0,30.0,0.0,
2025-12-17,09:53:36.135000,6a,Toxicity,Original,,82.62950897216797,2.4078729152679443,198.9710693359375,0.6429831385612488,0.6263259649276733,0.6408448219299316,11.153897285461426,8.982867240905762,10.507067680358888,0.4204944670200348,0.3056557476520538,0.9120258092880248,14.658884048461914,0.0,0.2051064074039459,19.241485595703125,9.749194145202637,37.0,25.0,30.0,0.0,
2025-12-17,09:53:38.135000,6a,Toxicity,Original,,83.22474670410156,2.3544352054595947,195.8436279296875,0.606960654258728,0.6246601343154907,0.6511091589927673,11.153897285461426,9.043892860412598,9.79209327697754,0.4107367694377899,0.3107660710811615,0.8236955404281616,15.77097225189209,0.0,0.2055487036705017,18.384349822998047,8.772699356079102,37.0,25.0,30.0,0.0,
2025-12-17,09:53:40.135000,6a,Toxicity,Original,,83.67027282714844,2.3272316455841064,194.63168334960935,0.6434513330459595,0.601272463798523,0.6183958649635315,11.153897285461426,9.062926292419434,10.94798183441162,0.4215367138385772,0.2956939041614532,0.9479523301124572,18.90785217285156,0.0,0.2038015723228454,21.077804565429688,9.225228309631348,37.0,25.0,30.0,0.0,
2025-12-17,09:53:42.135000,6a,Toxicity,Original,,81.19429016113281,2.350714921951294,190.8163909912109,0.5770291090011597,0.5912255048751831,0.5564721822738647,11.153897285461426,9.076093673706056,10.20216178894043,0.4419805407524109,0.297238826751709,0.8607847690582275,17.80295181274414,0.0,0.2141866981983184,21.504432678222656,8.584540367126465,37.0,25.0,30.0,0.0,
2025-12-17,09:53:44.135000,6a,Toxicity,Original,,82.48097229003906,2.41235089302063,198.9098358154297,0.6394882798194885,0.6060917973518372,0.661647379398346,11.153897285461426,8.908183097839355,10.292348861694336,0.4266980588436126,0.3010675013065338,0.911717414855957,17.8297061920166,0.0,0.2026755958795547,20.807825088500977,8.735756874084473,37.0,25.0,30.0,0.0,
2025-12-17,09:53:46.135000,6a,Toxicity,Original,,82.53453826904297,2.29009222984314,189.1095733642578,0.6194383502006531,0.6113767027854919,0.6255655288696289,11.153897285461426,8.98585033416748,10.445046424865724,0.4176255762577057,0.3095124065876007,0.8928207755088806,17.110567092895508,0.0,0.2094536274671554,21.12511444091797,8.662781715393066,37.0,25.0,30.0,0.0,
2025-12-17,09:53:48.135000,6a,Toxicity,Original,,84.07038879394531,2.3747034072875977,199.6618194580078,0.5641099810600281,0.6003497838973999,0.6106380224227905,11.153897285461426,9.525527000427246,10.7628812789917,0.4167915284633636,0.2970253527164459,0.9522862434387208,17.296152114868164,0.0,0.2002358436584472,23.46401596069336,8.284207344055176,37.0,25.0,30.0,0.0,
2025-12-17,09:53:50.135000,6a,Toxicity,Original,,78.29044342041016,2.441185235977173,191.11529541015625,0.588579535484314,0.6012386083602905,0.6464214324951172,11.153897285461426,8.967546463012695,10.249715805053713,0.4621089994907379,0.3042686283588409,0.8735833168029785,20.221458435058597,0.0,0.2134235650300979,24.40286064147949,8.205154418945312,37.0,25.0,30.0,0.0,
2025-12-17,09:53:52.135000,6a,Toxicity,Original,,67.87680053710938,3.204751253128052,201.17637634277344,0.8853474259376526,0.8195699453353882,0.8287655711174011,11.153897285461426,10.122133255004885,9.045859336853027,0.6088590025901794,0.4878963828086853,0.6228440999984741,7.532925605773926,0.0,0.2669916749000549,9.13690948486328,8.601029396057129,37.0,25.0,30.0,0.0,
2025-12-17,09:53:54.135000,6a,Toxicity,Original,,98.70404815673828,2.4203968048095703,238.9696044921875,0.521055281162262,0.6627243161201477,0.6767018437385559,11.153897285461426,10.698236465454102,9.18886375427246,0.3223025798797607,0.2855850458145141,0.7577211856842041,12.08786678314209,0.0,0.1793389618396759,12.992549896240234,11.67458724975586,37.0,25.0,30.0,0.0,
2025-12-17,09:53:56.135000,6a,Toxicity,Original,,90.6213836669922,2.087100982666016,189.16989135742188,0.6330010294914246,0.6265502572059631,0.6812921762466431,11.153897285461426,9.258435249328612,10.458891868591309,0.3506763279438019,0.3118029236793518,0.8508031368255615,11.321873664855955,0.0,0.2014810442924499,14.617518424987791,11.519257545471191,37.0,25.0,30.0,0.0,
2025-12-17,09:53:58.135000,6a,Toxicity,Original,,88.79845428466797,2.162302732467652,192.0401306152344,0.6452211737632751,0.6608027815818787,0.6836560964584351,11.153897285461426,9.539735794067385,9.449400901794434,0.3649145364761352,0.3108271360397339,0.7930372953414917,12.297175407409668,0.0,0.199674591422081,16.304439544677734,10.343866348266602,37.0,25.0,30.0,0.0,
2025-12-17,09:54:00.135000,6a,Toxicity,Original,,88.5030517578125,2.2405214309692383,198.2426605224609,0.6443594098091125,0.6541782021522522,0.5864880084991455,11.153897285461426,9.107837677001951,9.75416088104248,0.3729740977287292,0.3051585853099823,0.781520664691925,11.199594497680664,0.0,0.1947066783905029,14.477431297302246,10.047472953796388,37.0,25.0,30.0,0.0,
2025-12-17,09:54:02.135000,6a,Toxicity,Original,,88.2397232055664,2.3348629474639893,206.11212158203125,0.607512354850769,0.6689777374267578,0.6294300556182861,11.153897285461426,9.861488342285156,9.539447784423828,0.3691886663436889,0.3108402490615845,0.8172140121459961,13.7985200881958,0.0,0.1967042684555053,16.597145080566406,10.839496612548828,37.0,25.0,30.0,0.0,
2025-12-17,09:54:04.135000,6a,Toxicity,Original,,90.41252899169922,2.2327466011047363,201.83531188964844,0.5799189805984497,0.6228969693183899,0.6715825796127319,11.153897285461426,9.576857566833496,9.911260604858398,0.371452659368515,0.2925543487071991,0.8592731952667236,16.24051284790039,0.0,0.1941125094890594,19.0667724609375,8.915287017822266,37.0,25.0,30.0,0.0,
2025-12-17,09:54:06.135000,6a,Toxicity,Original,,88.93115234375,2.298208475112915,204.4145965576172,0.6161998510360718,0.6160253286361694,0.6379203200340271,11.153897285461426,9.234668731689451,9.944540023803713,0.3736084997653961,0.3011624217033386,0.8319525122642517,14.724560737609863,0.0,0.1991545259952545,16.952360153198242,8.787469863891602,37.0,25.0,30.0,0.0,
2025-12-17,09:54:08.135000,6a,Toxicity,Original,,86.3918228149414,2.249785900115967,194.33924865722656,0.6034107208251953,0.6174605488777161,0.6719972491264343,11.153897285461426,9.284378051757812,10.250258445739746,0.3832134902477264,0.3115706145763397,0.8665164709091187,15.480348587036133,0.0,0.2052633166313171,17.9747314453125,9.32809066772461,37.0,25.0,30.0,0.0,
2025-12-17,09:54:10.135000,6a,Toxicity,Original,,86.39286804199219,2.317525148391724,200.16665649414065,0.5935689210891724,0.6351009011268616,0.6706794500350952,11.153897285461426,9.258331298828123,9.590006828308104,0.3863610327243805,0.3085613846778869,0.8418886661529541,14.561758041381836,0.0,0.2013856917619705,19.212385177612305,8.646657943725586,37.0,25.0,30.0,0.0,
2025-12-17,09:54:12.135000,6a,Toxicity,Original,,87.47569274902344,2.328594446182251,203.6039886474609,0.6055963635444641,0.5990461707115173,0.567463219165802,11.153897285461426,9.279911994934082,10.56924819946289,0.3870018124580383,0.2993041276931762,0.8792582750320435,18.926515579223636,0.0,0.2062790989875793,19.931793212890625,8.817693710327148,37.0,25.0,30.0,0.0,
2025-12-17,09:54:14.135000,6a,Toxicity,Original,,88.40953826904297,2.3542640209198,208.08670043945312,0.5626645088195801,0.6397935748100281,0.6473192572593689,11.153897285461426,10.24675464630127,10.47950267791748,0.3712321817874908,0.3076361417770386,0.9019547700881958,13.40163230895996,0.0,0.1985829919576645,17.392601013183594,10.01375961303711,37.0,25.0,30.0,0.0,
2025-12-17,09:54:16.135000,6a,Toxicity,Original,,86.78054809570312,2.3444058895111084,203.4074249267578,0.5300787091255188,0.5757993459701538,0.6845486760139465,11.153897285461426,9.78285312652588,10.297192573547363,0.3847395181655884,0.3070114850997925,0.8682193160057068,17.137052536010742,0.0,0.2096359133720398,18.73000144958496,8.471278190612793,37.0,25.0,30.0,0.0,
2025-12-17,09:54:18.135000,6a,Toxicity,Original,,88.08440399169922,2.2787835597991943,200.7057037353516,0.5927411317825317,0.6383211612701416,0.5679580569267273,11.153897285461426,10.278692245483398,10.143049240112305,0.3844511806964874,0.2967675030231476,0.8797740936279297,16.83026695251465,0.0,0.1929632276296615,22.120769500732425,9.54437255859375,37.0,25.0,30.0,0.0,
2025-12-17,09:54:20.135000,6a,Toxicity,Original,,89.31198120117188,2.190520763397217,195.80294799804688,0.6376534104347229,0.6041123867034912,0.6306272149085999,11.153897285461426,9.247650146484377,10.92870807647705,0.3766658306121826,0.2953365743160248,0.9270426034927368,15.093727111816406,0.0,0.1962727606296539,19.51456069946289,8.769913673400879,37.0,25.0,30.0,0.0,
2025-12-17,09:54:22.135000,6a,Toxicity,Original,,86.73391723632812,2.346804141998291,203.55267333984372,0.5773548483848572,0.6094169616699219,0.6430766582489014,11.153897285461426,8.5764741897583,8.850381851196289,0.4017690420150757,0.2900069653987884,0.7506234049797058,14.814189910888672,0.0,0.1991952061653137,17.800695419311523,7.895015716552734,37.0,25.0,30.0,0.0,
2025-12-17,09:54:24.135000,6a,Toxicity,Original,,85.3384017944336,2.1225903034210205,180.95860290527344,0.6370413899421692,0.6315187215805054,0.5973329544067383,11.153897285461426,8.751168251037598,10.357877731323242,0.3929843306541443,0.3102484345436096,0.9013217091560364,15.954211235046388,0.0,0.2060351222753524,19.27256965637207,8.902902603149414,37.0,25.0,30.0,0.0,
2025-12-17,09:54:26.135000,6a,Toxicity,Original,,85.12694549560547,2.3525092601776123,200.237548828125,0.5630325675010681,0.6082567572593689,0.6552427411079407,11.153897285461426,9.401270866394045,9.664192199707031,0.3993619382381439,0.3055469989776611,0.8201189041137695,15.01103973388672,0.0,0.2033620774745941,18.71909523010254,8.119540214538574,37.0,25.0,30.0,0.0,
2025-12-17,09:54:28.135000,6a,Toxicity,Original,,80.61302947998047,2.270395517349243,183.5059509277344,0.5042755603790283,0.5148754119873047,0.7059371471405029,11.153897285461426,9.155458450317385,10.526737213134766,0.4079133570194244,0.3444083631038666,0.905007541179657,16.279754638671875,0.0,0.2475606650114059,21.800704956054688,6.802702903747559,37.0,25.0,30.0,0.0,
2025-12-17,09:54:30.135000,6a,Toxicity,Original,,87.50216674804688,2.329639196395874,203.9084930419922,0.4970418810844421,0.5411261916160583,0.6598512530326843,11.153897285461426,9.60231113433838,10.484779357910156,0.398900955915451,0.286980390548706,0.8856126070022583,18.998918533325195,0.0,0.2095160335302353,21.632665634155277,7.076272010803223,37.0,25.0,30.0,0.0,
2025-12-17,09:54:32.135000,6a,Toxicity,Original,,88.0213851928711,2.2894301414489746,201.35873413085935,0.5215156078338623,0.561498761177063,0.6687392592430115,11.153897285461426,10.010397911071776,11.218122482299805,0.397378921508789,0.2875271141529083,0.9636777639389038,14.053255081176758,0.0,0.199346125125885,23.84723854064941,7.170067310333252,37.0,25.0,30.0,0.0,
2025-12-17,09:54:34.135000,6a,Toxicity,Original,,170.67279052734375,1.5900532007217407,231.25509643554688,0.4079081416130066,0.5387930870056152,0.7330031394958496,11.153897285461426,11.19125747680664,8.768689155578613,0.2343298494815826,0.1783459931612014,0.6440168023109436,6.839044570922852,0.0,0.1190599501132965,15.470714569091797,8.264494895935059,37.0,25.0,30.0,0.0,
2025-12-17,09:54:36.135000,6a,Toxicity,Original,,81.18072509765625,2.608009099960327,211.72006225585935,0.5021854639053345,0.5095392465591431,0.6214296817779541,11.153897285461426,10.01524257659912,11.213090896606444,0.4590921998023987,0.2799994945526123,0.9944977164268494,15.017488479614258,0.0,0.2018244713544845,23.804447174072266,5.762707233428955,37.0,25.0,30.0,50.0,
2025-12-17,09:54:38.135000,6a,Toxicity,Original,,298.6337890625,0.5981781482696533,178.63621520996094,0.7982935905456543,0.8578255772590637,0.4299738109111786,11.153897285461426,9.55305004119873,8.800997734069824,0.1032346114516258,0.0976803675293922,0.7704166173934937,6.83857536315918,0.0,0.0537589006125927,17.813892364501953,22.037260055541992,37.0,25.0,30.0,90.0,
2025-12-17,09:54:40.135000,6a,Toxicity,Original,,115.4068374633789,2.383573055267334,253.8574066162109,0.2943795323371887,0.54311603307724,0.8079346418380737,11.153897285461426,14.272733688354492,9.264931678771973,0.2854675054550171,0.2553150057792663,0.7113581299781799,17.87983512878418,0.0,0.1740907877683639,18.158151626586918,8.166879653930664,37.0,25.0,30.0,25.0,
2025-12-17,09:54:42.135000,6a,Toxicity,Original,,86.74993133544922,2.8397555351257324,246.2626953125,0.395473450422287,0.5503164529800415,0.7499560713768005,11.153897285461426,11.510626792907717,10.048972129821776,0.4004364609718323,0.2912558615207672,0.7791372537612915,18.83680725097656,0.0,0.1987995505332946,19.941429138183597,7.263106346130371,37.0,25.0,30.0,0.0,
2025-12-17,09:54:44.135000,6a,Toxicity,Original,,87.37387084960938,2.2210729122161865,194.1990966796875,0.5008692741394043,0.556965708732605,0.6958451867103577,11.153897285461426,10.190982818603516,10.64172077178955,0.3860960900783539,0.300711840391159,0.8552713394165039,15.495302200317385,0.0,0.2182575315237045,23.016918182373047,7.208625316619873,37.0,25.0,30.0,0.0,
2025-12-17,09:54:46.135000,6a,Toxicity,Original,,130.64013671875,1.741551637649536,206.0960235595703,0.5536209940910339,0.5278385281562805,0.7162113189697266,11.153897285461426,11.477417945861816,13.470770835876465,0.2909891903400421,0.245538979768753,1.123300075531006,13.873026847839355,0.0,0.1731899976730346,21.781177520751957,8.713130950927734,37.0,25.0,30.0,25.0,
2025-12-17,09:54:48.135000,6a,Toxicity,Original,,247.17828369140625,1.146591067314148,276.6029968261719,0.447171002626419,0.5428876876831055,0.7286217212677002,11.153897285461426,14.294042587280272,11.98651885986328,0.1242046654224395,0.1220561861991882,0.9854862689971924,7.454029560089111,0.0,0.0812106132507324,15.315751075744627,12.275063514709473,37.0,25.0,30.0,55.55555725097656,
2025-12-17,09:54:50.135000,6a,Toxicity,Original,,152.04710388183594,1.7659229040145874,241.68502807617188,0.4057573676109314,0.5266384482383728,0.7649526000022888,11.153897285461426,13.003477096557615,11.53220558166504,0.222364455461502,0.2250356972217559,0.9260855317115784,12.857112884521484,0.0,0.1531111598014831,17.64557456970215,8.834173202514648,37.0,25.0,30.0,0.0,
2025-12-17,09:54:52.135000,6a,Toxicity,Original,,89.05961608886719,2.9181671142578125,259.87799072265625,0.4186188578605652,0.639592707157135,0.6653090715408325,11.153897285461426,12.850093841552734,9.558021545410156,0.3700049519538879,0.3037019371986389,0.8272322416305542,13.970613479614258,0.0,0.1933130174875259,17.050756454467773,9.646714210510254,37.0,25.0,30.0,0.0,
2025-12-17,09:54:54.135000,6a,Toxicity,Original,,89.08702087402344,2.670952320098877,238.0607147216797,0.4611027538776397,0.6100311279296875,0.663234293460846,11.153897285461426,11.212139129638672,9.982450485229492,0.3725210726261139,0.3010916709899902,0.8148883581161499,12.96556282043457,0.0,0.1968037784099578,17.54543685913086,7.923288822174072,37.0,25.0,30.0,0.0,
2025-12-17,09:54:56.135000,6a,Toxicity,Original,,90.8102798461914,2.2444441318511963,203.8623504638672,0.530539870262146,0.5855093598365784,0.7066085934638977,11.153897285461426,10.959273338317873,11.839641571044922,0.3458309173583984,0.3149817585945129,0.9727317094802856,16.89769744873047,0.0,0.2128199785947799,19.6897087097168,8.53708267211914,37.0,25.0,30.0,0.0,
2025-12-17,09:54:58.135000,6a,Toxicity,Original,,92.70787811279295,2.2968995571136475,213.24273681640625,0.540864884853363,0.5834227800369263,0.67936772108078,11.153897285461426,10.8887939453125,11.696208953857422,0.3522875905036926,0.2958242297172546,1.006022572517395,14.028517723083496,0.0,0.2014933973550796,20.24741744995117,7.77883243560791,37.0,25.0,30.0,0.0,
2025-12-17,09:55:00.135000,6a,Toxicity,Original,,92.86737060546876,2.555339097976685,237.1840362548828,0.4639998972415924,0.6072432994842529,0.5929305553436279,11.153897285461426,11.990615844726562,10.281240463256836,0.3418207764625549,0.3045595288276672,0.9012767672538756,17.782663345336914,0.0,0.2041121274232864,18.52710723876953,8.706991195678711,37.0,25.0,30.0,0.0,
2025-12-17,09:55:02.135000,6a,Toxicity,Original,,92.52861785888672,2.6572983264923096,245.8597717285156,0.4318665564060211,0.5770167112350464,0.6846999526023865,11.153897285461426,12.22894287109375,10.57375717163086,0.3563311100006103,0.2921984791755676,0.8952300548553467,14.98376750946045,0.0,0.197877436876297,18.39426040649414,7.411696434020996,37.0,25.0,30.0,0.0,
2025-12-17,09:55:04.135000,6a,Toxicity,Original,,213.9761657714844,1.2993674278259275,246.5708770751953,0.50849848985672,0.512819766998291,0.7412344813346863,11.153897285461426,11.877798080444336,12.0631685256958,0.1652660965919494,0.1410197168588638,1.0057464838027954,9.186920166015623,0.0,0.0967430248856544,17.687868118286133,9.772161483764648,37.0,25.0,30.0,16.66666603088379,
2025-12-17,09:55:06.135000,6a,Toxicity,Original,,247.9126739501953,1.2950150966644287,257.0272521972656,0.4212840795516968,0.5459960699081421,0.6693626642227173,11.153897285461426,12.813579559326172,10.318398475646973,0.1643693000078201,0.117890253663063,0.8826684355735779,7.735843181610107,0.0,0.0782936960458755,21.97867774963379,9.990736961364746,37.0,25.0,30.0,50.0,
2025-12-17,09:55:08.135000,6a,Toxicity,Original,,94.33439636230467,2.421293973922729,228.1952362060547,0.5173951387405396,0.5905396938323975,0.7257115840911865,11.153897285461426,11.003154754638672,11.43305492401123,0.3471501171588897,0.289052814245224,0.9262263774871826,13.613720893859863,0.0,0.1933043748140335,17.793354034423828,7.925693035125732,37.0,25.0,30.0,25.0,
2025-12-17,09:55:10.135000,6a,Toxicity,Original,,89.64286804199219,2.602710962295532,233.15028381347656,0.4440227150917053,0.5766329765319824,0.7409994602203369,11.153897285461426,11.508661270141602,10.77811050415039,0.3564974963665008,0.3130933344364166,0.8852156400680542,14.714178085327148,0.0,0.2103368192911148,16.46122932434082,7.537548065185547,37.0,25.0,30.0,0.0,
2025-12-17,09:55:12.135000,6a,Toxicity,Original,,102.16944122314452,2.389357328414917,242.1334228515625,0.4579075574874878,0.5256731510162354,0.7541666030883789,11.153897285461426,11.703083038330078,11.571392059326172,0.3302288353443146,0.2685269117355346,0.9420539140701294,13.729957580566406,0.0,0.1854176074266433,19.798702239990234,7.336525440216064,37.0,25.0,30.0,0.0,
2025-12-17,09:55:14.135000,6a,Toxicity,Original,,211.2754669189453,1.8637388944625852,270.36871337890625,0.5925416350364685,0.6503077745437622,0.663767397403717,11.153897285461426,13.315678596496582,12.29529094696045,0.2209604531526565,0.1878711432218551,1.0091878175735474,5.781671524047852,0.0,0.1173728108406066,13.377768516540527,14.909242630004885,37.0,25.0,30.0,0.0,
2025-12-17,09:55:16.135000,6a,Toxicity,Original,,317.9255676269531,0.8050600290298462,252.6480865478516,0.5838968753814697,0.6346089243888855,0.6448729038238525,11.153897285461426,13.507375717163086,12.247031211853027,0.0942823514342308,0.0952423959970474,1.0576170682907104,5.429397106170654,0.0,0.059314914047718,15.293728828430176,14.54365348815918,37.0,25.0,30.0,22.22222137451172,
2025-12-17,09:55:18.135000,6a,Toxicity,Original,,153.71131896972656,1.8211009502410889,263.3084716796875,0.4650364518165588,0.535944938659668,0.760518491268158,11.153897285461426,13.885854721069336,13.338531494140623,0.2133722454309463,0.2051541209220886,1.0692049264907837,9.787362098693848,0.0,0.1373901069164276,14.945778846740724,10.521525382995604,37.0,25.0,30.0,57.14285659790039,
2025-12-17,09:55:20.135000,6a,Toxicity,Original,,96.8291244506836,3.0441668033599854,294.62255859375,0.3263703286647796,0.5925503969192505,0.7769237756729126,11.153897285461426,13.783987998962402,8.661985397338867,0.3403887152671814,0.2800039947032928,0.6793550252914429,12.9821195602417,0.0,0.1839011758565902,13.976738929748535,9.3104887008667,37.0,25.0,30.0,0.0,
2025-12-17,09:55:22.135000,6a,Toxicity,Original,,96.0177230834961,2.471020460128784,237.42254638671875,0.4923591613769531,0.603351891040802,0.6970348358154297,11.153897285461426,11.156585693359377,10.13756275177002,0.3303546011447906,0.29457688331604,0.8222053050994873,11.672772407531738,0.0,0.1937770098447799,15.25221347808838,8.729633331298828,37.0,25.0,30.0,0.0,
2025-12-17,09:55:24.135000,6a,Toxicity,Original,,96.64295196533205,2.0272998809814453,195.88589477539065,0.5888788104057312,0.5912588238716125,0.7544369697570801,11.153897285461426,10.168689727783203,11.703447341918944,0.3200070559978485,0.3013601005077362,0.967333197593689,13.842290878295898,0.0,0.2035697698593139,16.810565948486328,8.925753593444824,37.0,25.0,30.0,25.0,
2025-12-17,09:55:26.135000,6a,Toxicity,Original,,97.92229461669922,2.1527717113494877,210.9240875244141,0.4889961779117584,0.5704407095909119,0.7700841426849365,11.153897285461426,10.811508178710938,10.946045875549316,0.3177030384540558,0.2950998842716217,0.859671413898468,12.823742866516112,0.0,0.1980338543653488,16.509721755981445,8.180765151977539,37.0,25.0,30.0,0.0,
2025-12-17,09:55:28.135000,6a,Toxicity,Original,,96.52912139892578,2.511037588119507,242.34515380859372,0.4501342475414276,0.5583470463752747,0.7590391635894775,11.153897285461426,12.011273384094238,11.412354469299316,0.3407868444919586,0.2809715569019317,0.899246871471405,13.113694190979004,0.0,0.1892225593328476,17.927825927734375,8.040508270263672,37.0,25.0,30.0,0.0,
2025-12-17,09:55:30.135000,6a,Toxicity,Original,,257.9740905761719,1.1593031883239746,295.45806884765625,0.4667935371398926,0.583417534828186,0.6548454761505127,11.153897285461426,14.852046012878418,11.66805362701416,0.1225916519761085,0.1137018948793411,1.0090782642364502,7.030876636505127,0.0,0.0737687796354293,15.504990577697754,13.336358070373535,37.0,25.0,30.0,28.571428298950195,
2025-12-17,09:55:32.135000,6a,Toxicity,Original,,227.08712768554688,1.1280959844589231,244.07485961914065,0.624442458152771,0.5683635473251343,0.6523457169532776,11.153897285461426,12.318389892578123,13.541484832763672,0.1461769640445709,0.1266070455312729,1.17467200756073,7.652115821838379,0.0,0.0828832760453224,15.60126781463623,12.091642379760742,37.0,25.0,30.0,63.6363639831543,
2025-12-17,09:55:34.135000,6a,Toxicity,Original,,280.7958068847656,0.957602858543396,256.4856262207031,0.5401411056518555,0.5578926801681519,0.6940318942070007,11.153897285461426,13.0750093460083,12.813353538513184,0.1127475276589393,0.1066071912646293,1.075221300125122,7.030684947967529,0.0,0.0699947699904441,16.939794540405273,12.199721336364746,37.0,25.0,30.0,0.0,
2025-12-17,09:55:36.135000,6a,Toxicity,Original,,215.81292724609372,1.3634319305419922,294.2462463378906,0.3957150280475616,0.4860641062259674,0.8010472059249878,11.153897285461426,15.064507484436035,13.30241870880127,0.1431950628757476,0.1348235160112381,1.063110113143921,10.99378776550293,0.0,0.0938883572816848,18.3142147064209,8.696118354797363,37.0,25.0,30.0,50.0,
2025-12-17,09:55:38.135000,6a,Toxicity,Original,,88.15294647216797,2.5601611137390137,225.2169647216797,0.516440212726593,0.6541402339935303,0.7142086029052734,11.153897285461426,11.231904983520508,9.585285186767578,0.3435242176055908,0.3372036814689636,0.8146010637283325,11.049444198608398,0.0,0.2135528326034546,13.242488861083984,8.56255054473877,37.0,25.0,30.0,66.66666412353516,
2025-12-17,09:55:40.135000,6a,Toxicity,Original,,93.81857299804688,1.833295583724976,171.97515869140625,0.6610541343688965,0.6162354946136475,0.7870140671730042,11.153897285461426,9.328763961791992,10.885583877563477,0.3195340037345886,0.3200730085372925,0.8672365546226501,12.348562240600586,0.0,0.2099854052066803,16.06515884399414,9.06398582458496,37.0,25.0,30.0,50.0,
2025-12-17,09:55:42.135000,6a,Toxicity,Original,,183.4130706787109,1.819746732711792,273.5999450683594,0.4837943315505981,0.5453103184700012,0.7498515248298645,11.153897285461426,12.064656257629396,11.438386917114258,0.227775752544403,0.1847936809062957,0.914743959903717,10.21120262145996,0.0,0.1252718865871429,15.390380859375,10.702383995056152,37.0,25.0,30.0,0.0,
2025-12-17,09:55:44.135000,6a,Toxicity,Original,,241.29931640625,1.4163188934326172,324.6317138671875,0.526251494884491,0.5929579138755798,0.6130347847938538,11.153897285461426,14.856865882873535,12.254332542419434,0.1379458755254745,0.1190858632326126,1.0476757287979126,6.601140975952148,0.0,0.0769334882497787,14.23746109008789,11.847036361694336,37.0,25.0,30.0,22.22222137451172,
2025-12-17,09:55:46.135000,6a,Toxicity,Original,,168.87979125976562,1.921308279037476,314.3310546875,0.4213712811470032,0.4799135029315948,0.7485276460647583,11.153897285461426,15.253572463989258,14.542210578918455,0.1876441687345504,0.1957958340644836,1.2146590948104858,9.953224182128906,0.0,0.1400903165340423,15.64319896697998,7.730828762054443,37.0,25.0,30.0,50.0,
2025-12-17,09:55:48.135000,6a,Toxicity,Original,,199.9203643798828,1.2049174308776855,229.7686004638672,0.4092909693717956,0.5242770910263062,0.7780396938323975,11.153897285461426,13.293399810791016,11.400457382202148,0.1440441906452179,0.1813733130693435,0.950503945350647,9.643817901611328,0.0,0.1226484254002571,14.760944366455078,10.754648208618164,37.0,25.0,30.0,50.0,
2025-12-17,09:55:50.135000,6a,Toxicity,Original,,142.5499267578125,2.178765296936035,278.7144775390625,0.4225748479366302,0.5021064281463623,0.7199363708496094,11.153897285461426,13.636183738708496,12.540855407714844,0.2651940584182739,0.2061091810464859,0.7497982978820801,15.612722396850586,0.0,0.1448373943567276,17.041210174560547,6.949047088623047,37.0,25.0,30.0,40.0,
2025-12-17,09:55:52.135000,6a,Toxicity,Original,,168.3049774169922,1.5041241645812988,253.15158081054688,0.511368453502655,0.4793259799480438,0.7385650277137756,11.153897285461426,14.241801261901855,15.892133712768556,0.1588150560855865,0.1976806372404098,1.180122137069702,17.330669403076172,0.0,0.1377665996551513,18.602479934692383,9.128865242004396,37.0,25.0,30.0,0.0,
2025-12-17,09:55:54.135000,6a,Toxicity,Original,,88.43077850341797,1.9863313436508176,175.5646514892578,0.5617426037788391,0.5284782648086548,0.810240626335144,11.153897285461426,9.492878913879396,12.75468921661377,0.3558814227581024,0.3228457272052765,0.8942696452140808,17.071603775024414,0.0,0.2252448052167892,19.102802276611328,6.314126968383789,37.0,25.0,30.0,50.0,
2025-12-17,09:55:56.135000,6a,Toxicity,Original,,130.51907348632812,2.239610433578491,282.62921142578125,0.3703917562961578,0.477690041065216,0.6816837191581726,11.153897285461426,13.009244918823242,10.875710487365724,0.2916220128536224,0.204034075140953,0.8949649930000305,11.72663688659668,0.0,0.1468420028686523,20.69058609008789,7.365421772003174,37.0,25.0,30.0,0.0,
2025-12-17,09:55:58.135000,6a,Toxicity,Original,,113.28318786621094,2.035287857055664,228.722412109375,0.4987947046756744,0.5903260111808777,0.774614155292511,11.153897285461426,13.51584243774414,13.171311378479004,0.2735821902751922,0.2805531322956085,0.9492425918579102,11.779247283935549,0.0,0.1812069118022918,18.474750518798828,6.4330830574035645,37.0,25.0,30.0,40.0,
2025-12-17,09:56:00.135000,6a,Toxicity,Original,,85.19055938720703,2.4281539916992188,206.779541015625,0.3520427346229553,0.5453968048095703,0.8831530809402466,11.153897285461426,11.511631965637209,10.114761352539062,0.3617287278175354,0.3426174819469452,0.5674012899398804,19.492895126342773,0.0,0.231805220246315,15.371719360351562,3.714455604553223,37.0,25.0,30.0,0.0,
2025-12-17,09:56:00.135000,FinePointe Series WBP [SN 10499C]  Site 4 Bias Flow is out of range.,,,,,,,,,,,,,,,,,,,,,,,,,
2025-12-17,09:56:02.135000,6a,Toxicity,Original,,86.44666290283203,2.4263830184936523,209.7425994873047,0.3517038524150848,0.5752325057983398,0.8735629916191101,11.153897285461426,11.492779731750488,8.9344482421875,0.3556672036647796,0.338563859462738,0.6089717149734497,13.39067554473877,0.0,0.2254017889499664,16.6112003326416,5.112434387207031,37.0,25.0,30.0,0.0,
2025-12-17,09:56:04.135000,6a,Toxicity,Original,,89.15580749511719,2.226855516433716,198.36492919921875,0.4449652433395386,0.5194224119186401,0.8464807868003845,11.153897285461426,9.782879829406738,10.383893966674805,0.3744173645973205,0.3000951409339905,0.8162862062454224,17.512187957763672,0.0,0.2138218283653259,21.087570190429688,5.727811336517334,37.0,25.0,30.0,0.0,
2025-12-17,09:56:06.135000,6a,Toxicity,Original,,200.3607177734375,1.1138862371444702,223.1790313720703,0.3178603947162628,0.396842360496521,0.8361688852310181,11.153897285461426,13.25664520263672,11.320719718933104,0.1296377480030059,0.1698221564292907,0.8218005895614624,12.257421493530272,0.0,0.124315969645977,19.7963924407959,7.876312255859375,37.0,25.0,30.0,66.66666412353516,
2025-12-17,09:56:08.135000,6a,Toxicity,Original,,83.3211669921875,2.331931829452514,193.39547729492188,0.4228154420852661,0.5970324873924255,0.8763192296028137,11.153897285461426,10.77099895477295,10.133537292480469,0.3603249192237854,0.3614054322242737,0.5903211832046509,15.331067085266112,0.0,0.2373207360506057,14.97565746307373,3.931975841522217,37.0,25.0,30.0,50.0,
2025-12-17,09:56:10.135000,6a,Toxicity,Original,,82.7754898071289,2.395935535430908,198.2488555908203,0.3469627797603607,0.5502222180366516,0.8462685942649841,11.153897285461426,11.626267433166504,9.535482406616213,0.3794185221195221,0.3457881212234497,0.5876112580299377,15.143217086791992,0.0,0.2410024106502533,17.4831600189209,4.267506122589111,37.0,25.0,30.0,0.0,
2025-12-17,09:56:10.135000,FinePointe Series WBP [SN 10499C]  Site 4 Bias Flow is out of range.,,,,,,,,,,,,,,,,,,,,,,,,,
2025-12-17,09:56:12.135000,6a,Toxicity,Original,,85.03398132324219,2.2621209621429443,192.34532165527344,0.3853200674057007,0.5293750166893005,0.8400566577911377,11.153897285461426,10.15622615814209,9.814139366149902,0.3908115029335022,0.3150794804096222,0.7174046635627747,16.672039031982422,0.0,0.2219272702932357,21.108009338378903,5.09442663192749,37.0,25.0,30.0,0.0,
2025-12-17,09:56:14.135000,6a,Toxicity,Original,,136.32406616210938,1.954772472381592,243.61692810058597,0.4493829607963562,0.5057447552680969,0.7928719520568848,11.153897285461426,11.073753356933594,11.147907257080078,0.2853017151355743,0.2144237756729126,0.8072178363800049,11.9111967086792,0.0,0.150552749633789,17.798137664794922,7.169931411743164,37.0,25.0,30.0,0.0,
2025-12-17,09:56:16.135000,6a,Toxicity,Original,,325.5293884277344,0.6543852090835571,213.0216217041016,0.4447498619556427,0.6177318692207336,0.7256768941879272,11.153897285461426,11.605210304260254,8.474395751953125,0.090609535574913,0.0937056168913841,0.7401694059371948,4.974950313568115,0.0,0.0588746704161167,15.206270217895508,14.983108520507812,37.0,25.0,30.0,75.0,
2025-12-17,09:56:18.135000,6a,Toxicity,Original,,336.2597351074219,0.7071161270141602,196.17237854003903,0.7221544981002808,0.6070497035980225,0.6545144319534302,11.153897285461426,9.79955768585205,11.659024238586426,0.1068501845002174,0.0910656228661537,1.0250957012176514,6.464829444885254,0.0,0.0585984960198402,17.846710205078125,13.74544620513916,37.0,25.0,30.0,70.5882339477539,
2025-12-17,09:56:20.135000,6a,Toxicity,Original,,251.5806427001953,0.9333739280700684,228.07373046875,0.4373368322849273,0.4709271192550659,0.7643213868141174,11.153897285461426,11.997453689575195,11.587450981140137,0.1252493411302566,0.1194904148578643,0.9094801545143129,10.668907165527344,0.0,0.0842604339122772,20.00648307800293,11.01767921447754,37.0,25.0,30.0,42.85714340209961,
2025-12-17,09:56:20.135000,FinePointe Series WBP [SN 10499C]  Site 4 Bias Flow is out of range.,,,,,,,,,,,,,,,,,,,,,,,,,
2025-12-17,09:56:22.135000,6a,Toxicity,Original,,442.5629577636719,0.3058284521102905,133.9467010498047,0.4139360189437866,0.558197021484375,0.7156400680541992,11.153897285461426,8.008520126342773,5.930330276489258,0.0639705806970596,0.0726008862257003,0.4939184784889221,5.01048755645752,0.0,0.0471367947757244,17.92494773864746,10.8699951171875,37.0,25.0,30.0,69.23076629638672,
2025-12-17,09:56:24.135000,6a,Toxicity,Original,,325.5437316894531,0.746722936630249,221.6960906982422,0.550786554813385,0.6181696653366089,0.630862295627594,11.153897285461426,10.38623046875,9.21630573272705,0.1104693114757537,0.0852174088358879,0.7947196960449219,6.238282680511475,0.0,0.0543909333646297,17.176908493041992,13.169584274291992,37.0,25.0,30.0,45.45454406738281,
2025-12-17,09:56:26.135000,6a,Toxicity,Original,,404.2300415039063,0.5793591737747192,234.1943817138672,1.0354273319244385,0.7075390219688416,0.5604870319366455,11.153897285461426,9.565951347351074,14.611095428466797,0.0877688080072403,0.0606615282595157,1.309534192085266,4.806835174560547,0.0,0.0361878648400306,17.536731719970703,12.549966812133787,37.0,25.0,30.0,87.5,
2025-12-17,09:56:28.135000,6a,Toxicity,Original,,300.0885925292969,0.7439355850219727,223.24658203125,0.5197421312332153,0.6407182216644287,0.7527993321418762,11.153897285461426,15.340978622436523,12.068981170654297,0.0803871750831604,0.1195537745952606,1.0070228576660156,5.594696521759033,0.0,0.0740555822849273,14.48544692993164,11.523612022399902,37.0,25.0,30.0,85.71428680419922,
2025-12-17,09:56:30.135000,6a,Toxicity,Original,,90.15351104736328,2.4532470703125,220.8164520263672,0.2988242208957672,0.723391056060791,0.8923963308334351,11.153897285461426,14.41483211517334,7.4113922119140625,0.2625032663345337,0.4032399952411651,0.3780922889709472,11.327335357666016,0.0,0.2399963438510894,4.182895183563232,5.116049766540527,37.0,25.0,30.0,25.0,
2025-12-17,09:56:32.135000,6a,Toxicity,Original,,92.72958374023438,2.546443223953247,236.06069946289065,0.3622276484966278,0.6226955056190491,0.8639160990715027,11.153897285461426,11.816068649291992,7.640800476074219,0.3069230318069458,0.3402506113052368,0.4620627760887146,9.949258804321287,0.0,0.2160143554210662,7.531249523162842,6.377167224884033,37.0,25.0,30.0,0.0,
2025-12-17,09:56:34.135000,6a,Toxicity,Original,,165.0117950439453,1.7998145818710327,263.0704345703125,0.5229122042655945,0.570305585861206,0.7671931982040405,11.153897285461426,12.14179801940918,12.176202774047852,0.2213324755430221,0.2013357430696487,0.9494449496269226,8.610876083374023,0.0,0.1321798264980316,14.619521141052246,8.9621000289917,37.0,25.0,30.0,0.0,
2025-12-17,09:56:36.135000,6a,Toxicity,Original,,276.26519775390625,0.9985113739967346,251.36317443847656,0.7858531475067139,0.6501845717430115,0.5692276954650879,11.153897285461426,11.182646751403809,13.098224639892578,0.1336887776851654,0.0974030792713165,1.1565423011779783,6.088150501251221,0.0,0.0608889535069465,16.280935287475586,12.122455596923828,37.0,25.0,30.0,50.0,
2025-12-17,09:56:38.135000,6a,Toxicity,Original,,230.41395568847656,1.3982912302017212,308.9866943359375,0.4108883738517761,0.5728814005851746,0.7255716919898987,11.153897285461426,14.8352689743042,11.01088047027588,0.1434430330991745,0.1254822462797165,0.9369020462036132,7.333852291107178,0.0,0.0817548483610153,15.179315567016602,11.807076454162598,37.0,25.0,30.0,42.85714340209961,
2025-12-17,09:56:40.135000,6a,Toxicity,Original,,115.05631256103516,2.4713399410247803,284.34326171875,0.2922268807888031,0.6922091245651245,0.8805674314498901,11.153897285461426,15.872658729553224,8.080469131469727,0.239847183227539,0.2816365957260132,0.498942494392395,11.099139213562012,0.0,0.1717329025268554,9.15854549407959,9.01574420928955,37.0,25.0,30.0,0.0,
2025-12-17,09:56:42.135000,6a,Toxicity,Original,,93.63121795654295,2.2004554271698,205.44024658203125,0.5989824533462524,0.6170041561126709,0.765829861164093,11.153897285461426,10.133535385131836,10.608259201049805,0.3227716088294983,0.3186723589897156,0.7734365463256836,11.210914611816406,0.0,0.2047189176082611,13.082948684692385,8.505632400512695,37.0,25.0,30.0,60.0,
2025-12-17,09:56:44.135000,6a,Toxicity,Original,,195.00205993652344,1.4104406833648682,244.6846923828125,0.5995568037033081,0.555764377117157,0.721529483795166,11.153897285461426,11.982230186462402,13.783954620361328,0.1932796984910965,0.1772872805595398,1.0773481130599976,9.351245880126951,0.0,0.1227664276957511,15.900704383850098,9.476933479309082,37.0,25.0,30.0,14.285714149475098,
2025-12-17,09:56:46.135000,6a,Toxicity,Original,,392.24114990234375,0.487576425075531,191.23306274414065,0.9012168645858764,0.7448126077651978,0.507630467414856,11.153897285461426,8.923095703125,10.659000396728516,0.0859834477305412,0.0669863373041153,0.9504531621932985,4.77153205871582,0.0,0.0391369201242923,16.29119110107422,15.953258514404297,37.0,25.0,30.0,77.77777862548828,
2025-12-17,09:56:48.135000,6a,Toxicity,Original,,182.2066802978516,1.6105985641479492,268.06256103515625,0.3256259560585022,0.4970761835575104,0.8305662870407104,11.153897285461426,14.86189079284668,10.313950538635254,0.1659151911735534,0.1877781450748443,0.73121178150177,9.51186180114746,0.0,0.1295263916254043,12.981800079345703,8.586133003234863,37.0,25.0,30.0,57.14285659790039,
2025-12-17,09:56:50.135000,6a,Toxicity,Original,,84.55378723144531,2.7401106357574463,231.3943023681641,0.5260080695152283,0.8947471976280212,0.6921676993370056,11.153897285461426,12.977303504943848,7.474031925201416,0.3360837399959564,0.3742660582065582,0.5039839744567871,10.92393398284912,0.0,0.205105260014534,10.020211219787598,11.50158977508545,37.0,25.0,30.0,0.0,
2025-12-17,09:56:52.135000,6a,Toxicity,Original,,91.11885833740234,2.5859246253967285,236.28176879882807,0.3606380224227905,0.567690372467041,0.8537854552268982,11.153897285461426,11.903131484985352,9.07667350769043,0.3283738493919372,0.3306365013122558,0.5531466603279114,13.687810897827148,0.0,0.2207137495279312,12.989768028259276,5.843405246734619,37.0,25.0,30.0,0.0,
2025-12-17,09:56:54.135000,6a,Toxicity,Original,,150.84115600585938,1.7019901275634766,233.0167236328125,0.5192659497261047,0.5224063992500305,0.7619525790214539,11.153897285461426,11.310276985168455,12.372857093811035,0.2460345178842544,0.2186506539583206,0.9087318181991576,11.165425300598145,0.0,0.1535313576459884,16.424091339111328,8.194002151489258,37.0,25.0,30.0,20.0,
2025-12-17,09:56:56.135000,6a,Toxicity,Original,,162.79275512695312,1.5653321743011477,231.6995086669922,0.6361396312713623,0.7063655853271484,0.7879987359046936,11.153897285461426,13.143838882446287,11.629244804382324,0.1747829318046569,0.2467956840991974,0.8676312565803528,7.8322319984436035,0.0,0.1449475288391113,8.636783599853516,10.077925682067873,37.0,25.0,30.0,50.0,
2025-12-17,09:56:58.135000,6a,Toxicity,Original,,202.53421020507807,1.7109336853027344,270.142578125,0.4545689225196838,0.5991307497024536,0.753443717956543,11.153897285461426,12.912118911743164,10.65203094482422,0.1968094110488891,0.1872875243425369,0.7835886478424072,9.452527046203612,0.0,0.1184115409851074,13.614977836608888,9.483513832092283,37.0,25.0,30.0,33.33333206176758,
2025-12-17,09:57:00.135000,6a,Toxicity,Original,,255.7495574951172,0.9858372807502748,239.6758575439453,0.5305958986282349,0.5756319165229797,0.6546934843063354,11.153897285461426,11.920614242553713,11.179981231689451,0.1275712698698043,0.1165291294455528,0.9212502241134644,7.676538944244385,0.0,0.0768117606639862,16.48164939880371,12.66441535949707,37.0,25.0,30.0,0.0,
2025-12-17,09:57:02.135000,6a,Toxicity,Original,,97.57551574707033,2.243669271469116,214.55270385742188,0.4979228973388672,0.7597900032997131,0.8878210783004761,11.153897285461426,13.19089126586914,9.622149467468262,0.2754246592521667,0.35442054271698,0.5545778274536133,10.906654357910156,0.0,0.2084026932716369,8.706437110900879,6.689280033111572,37.0,25.0,30.0,66.66666412353516,
2025-12-17,09:57:02.135000,FinePointe Series WBP [SN 139781]  Site 1 Bias Flow is out of range.,,,,,,,,,,,,,,,,,,,,,,,,,
2025-12-17,09:57:04.135000,6a,Toxicity,Original,,98.2838363647461,2.640439033508301,259.5478515625,0.3623362481594085,0.523383617401123,0.8591551780700684,11.153897285461426,12.656426429748535,11.035725593566896,0.3264652490615845,0.2921628057956695,0.6396095752716064,15.597536087036133,0.0,0.198908045887947,15.035286903381348,4.337667465209961,37.0,25.0,30.0,0.0,
2025-12-17,09:57:06.135000,6a,Toxicity,Original,,152.07192993164062,1.6164438724517822,226.3030242919922,0.537320613861084,0.6100476980209351,0.773356020450592,11.153897285461426,13.163726806640623,11.731537818908691,0.1986783295869827,0.2746140658855438,0.881327748298645,10.708556175231934,0.0,0.1685601323843002,12.75584316253662,8.369466781616211,37.0,25.0,30.0,40.0,
2025-12-17,09:57:08.135000,6a,Toxicity,Original,,86.38591003417969,2.3798460960388184,205.6436004638672,0.4149500727653503,0.6198953986167908,0.8960952758789062,11.153897285461426,12.25929832458496,9.197187423706056,0.311038076877594,0.3838887214660644,0.4889928102493286,11.366461753845217,0.0,0.2452465891838073,9.425647735595703,4.288386821746826,37.0,25.0,30.0,0.0,
2025-12-17,09:57:10.135000,6a,Toxicity,Original,,83.247314453125,2.131195545196533,177.34310913085938,0.5134113430976868,0.6943849325180054,0.7651921510696411,11.153897285461426,10.62066650390625,8.681439399719238,0.3470606207847595,0.3737928867340088,0.6062160134315491,9.724998474121094,0.0,0.2299358397722244,13.227232933044434,8.06479263305664,37.0,25.0,30.0,0.0,
2025-12-17,09:57:12.135000,6a,Toxicity,Original,,87.94544982910156,2.307711601257324,203.02505493164065,0.4779011905193329,0.6877231597900391,0.87102210521698,11.153897285461426,10.506635665893556,8.381951332092285,0.3395658731460571,0.3428807556629181,0.6011649370193481,11.44749927520752,0.0,0.2167203873395919,12.872601509094238,6.789798259735107,37.0,25.0,30.0,0.0,
2025-12-17,09:57:12.135000,FinePointe Series WBP [SN 139781]  Site 1 Bias Flow is out of range.,,,,,,,,,,,,,,,,,,,,,,,,,
2025-12-17,09:57:14.135000,6a,Toxicity,Original,,134.99481201171875,1.9914547204971316,250.55128479003903,0.4594815373420715,0.5441321134567261,0.7909191846847534,11.153897285461426,11.52362823486328,11.020894050598145,0.2718016803264618,0.2250501066446304,0.8244008421897888,11.365896224975586,0.0,0.1545986086130142,16.14318084716797,7.275266647338867,37.0,25.0,30.0,0.0,
2025-12-17,09:57:16.135000,6a,Toxicity,Original,,226.92279052734372,1.3975706100463867,310.59820556640625,0.4307311177253723,0.5558570623397827,0.6466798782348633,11.153897285461426,14.483028411865234,11.236234664916992,0.1446373760700225,0.1232119649648666,0.953703761100769,8.578254699707031,0.0,0.0814859867095947,17.461864471435547,10.74528694152832,37.0,25.0,30.0,75.0,
2025-12-17,09:57:18.135000,6a,Toxicity,Original,,336.073974609375,0.5977102518081665,183.68484497070312,0.6457316875457764,0.6105841994285583,0.6297041177749634,11.153897285461426,9.666895866394045,9.863484382629396,0.0959502309560775,0.0976480841636657,0.831391453742981,5.8364081382751465,0.0,0.0632149428129196,15.920181274414062,13.142045021057127,37.0,25.0,30.0,55.55555725097656,
2025-12-17,09:57:20.135000,6a,Toxicity,Original,,212.6641998291016,1.38145911693573,263.3851318359375,0.350209891796112,0.5116699934005737,0.7401559948921204,11.153897285461426,13.257261276245115,9.518231391906738,0.1534323096275329,0.1560333967208862,0.7312148809432983,9.135550498962402,0.0,0.1073987931013107,15.42010498046875,10.19511604309082,37.0,25.0,30.0,28.571428298950195,
2025-12-17,09:57:20.135000,FinePointe Series WBP [SN 139781]  Site 1 Bias Flow is out of range.,,,,,,,,,,,,,,,,,,,,,,,,,
2025-12-17,09:57:22.135000,6a,Toxicity,Original,,82.67259979248047,1.9159631729125977,158.3976593017578,0.9617327451705932,0.7906616926193237,0.8740230798721313,11.153897285461426,8.579790115356445,9.461321830749512,0.3321720957756042,0.393582284450531,0.5922853946685791,8.736437797546387,0.0,0.2270037084817886,6.831728935241699,9.155228614807127,37.0,25.0,30.0,75.0,
2025-12-17,09:57:24.135000,6a,Toxicity,Original,,84.2794189453125,2.336191415786743,196.93453979492188,0.5629848837852478,0.8184795379638672,0.6815716624259949,11.153897285461426,10.617130279541016,6.698452949523926,0.3457782864570617,0.3661782145500183,0.4279130697250366,10.41966724395752,0.0,0.2088284343481063,9.569937705993652,9.517383575439451,37.0,25.0,30.0,0.0,
2025-12-17,09:57:26.135000,6a,Toxicity,Original,,94.78230285644533,2.1452016830444336,202.9553985595703,0.3894246816635132,0.5090275406837463,0.8571158647537231,11.153897285461426,10.198037147521973,9.923301696777344,0.3340200781822204,0.300786554813385,0.5754039287567139,14.501425743103027,0.0,0.2138889729976654,15.564943313598633,3.713780403137207,37.0,25.0,30.0,0.0,
2025-12-17,09:57:28.135000,6a,Toxicity,Original,,240.30307006835935,1.0430034399032593,226.03326416015625,0.5349426865577698,0.5913214683532715,0.6566700339317322,11.153897285461426,11.4052734375,10.614973068237305,0.1376073211431503,0.1319334805011749,0.8662275075912476,7.352019309997559,0.0,0.0861265212297439,15.475801467895508,11.449665069580078,37.0,25.0,30.0,42.85714340209961,
2025-12-17,09:57:30.135000,6a,Toxicity,Original,,242.29421997070312,0.8069844841957092,175.58175659179688,0.5389454960823059,0.5639690160751343,0.713571310043335,11.153897285461426,10.68789291381836,9.114840507507324,0.1143214479088783,0.153611272573471,0.7377839088439941,6.536972999572754,0.0,0.1005065217614173,12.998404502868652,11.445511817932127,37.0,25.0,30.0,20.0,
2025-12-17,09:57:30.135000,FinePointe Series WBP [SN 139781]  Site 1 Bias Flow is out of range.,,,,,,,,,,,,,,,,,,,,,,,,,
2025-12-17,09:57:32.135000,6a,Toxicity,Original,,74.63612365722656,2.100407600402832,156.70162963867188,0.6526534557342529,0.8949782848358154,0.5683976411819458,11.153897285461426,10.046598434448242,7.066571235656738,0.3416442275047302,0.4623086452484131,0.333564430475235,10.106366157531738,0.0,0.2521688938140869,6.162202835083008,7.895059585571289,37.0,25.0,30.0,50.0,
2025-12-17,09:57:34.135000,6a,Toxicity,Original,,83.35228729248047,2.218838214874268,184.74696350097656,0.4860788583755493,0.6665616035461426,0.8859462738037109,11.153897285461426,9.764549255371094,8.414565086364746,0.3623601794242859,0.3583961427211761,0.5030032992362976,11.644352912902832,0.0,0.226730614900589,12.072049140930176,4.147501468658447,37.0,25.0,30.0,0.0,
2025-12-17,09:57:36.135000,6a,Toxicity,Original,,90.97572326660156,2.227927923202514,202.5872344970703,0.3731582760810852,0.5566291809082031,0.8791218996047974,11.153897285461426,11.40820598602295,9.795454978942873,0.3332867622375488,0.3277477920055389,0.6021018028259277,13.12812328338623,0.0,0.2196417450904846,15.69056797027588,4.365671157836914,37.0,25.0,30.0,0.0,
2025-12-17,09:57:38.135000,6a,Toxicity,Original,,217.47415161132807,1.775666356086731,247.76760864257807,0.7981813549995422,0.6517025828361511,0.5958707332611084,11.153897285461426,12.73751449584961,13.860194206237791,0.2080280482769012,0.1861533224582672,0.9475430846214294,9.821516036987305,0.0,0.1163243874907493,12.027640342712402,11.662643432617188,37.0,25.0,30.0,42.85714340209961,
2025-12-17,09:57:40.135000,6a,Toxicity,Original,,429.9476623535156,0.3676598072052002,157.92691040039062,0.4833657145500183,0.5741583704948425,0.6685959100723267,11.153897285461426,9.06792163848877,7.644745349884033,0.0668606162071228,0.075672872364521,0.629335880279541,4.738260746002197,0.0,0.0492935664951801,16.91299057006836,11.714396476745604,37.0,25.0,30.0,46.153846740722656,
2025-12-17,09:57:40.135000,FinePointe Series WBP [SN 139781]  Site 1 Bias Flow is out of range.,,,,,,,,,,,,,,,,,,,,,,,,,
2025-12-17,09:57:42.135000,6a,Toxicity,Original,,342.0166015625,0.7301107048988342,228.0824279785156,0.4880685806274414,0.6066704988479614,0.6102075576782227,11.153897285461426,12.359439849853516,8.761771202087402,0.0930982753634452,0.0884594619274139,0.7648810744285583,7.489296913146973,0.0,0.05635616928339,19.76411819458008,12.226219177246094,37.0,25.0,30.0,50.0,
2025-12-17,09:57:44.135000,6a,Toxicity,Original,,128.1348114013672,1.9510197639465328,249.9001617431641,0.2758502662181854,0.4241103529930115,0.8575533032417297,11.153897285461426,13.743820190429688,10.698652267456056,0.226956695318222,0.2413226664066314,0.5421768426895142,16.89520263671875,0.0,0.1771146953105926,15.91402816772461,5.000783443450928,37.0,25.0,30.0,81.81818389892578,
2025-12-17,09:57:46.135000,6a,Toxicity,Original,,120.90955352783205,1.799596071243286,210.3994140625,0.4502674043178558,0.4796128273010254,0.7388442754745483,11.153897285461426,10.899473190307615,11.357866287231444,0.2820776998996734,0.2313554883003235,0.8365182280540466,21.32748031616211,0.0,0.1680659651756286,21.693153381347656,7.325903415679932,37.0,25.0,30.0,50.0,
2025-12-17,09:57:48.135000,6a,Toxicity,Original,,207.27549743652344,1.3205174207687378,252.45965576171875,0.545055627822876,0.6192752718925476,0.5620025992393494,11.153897285461426,13.055696487426758,11.06459617614746,0.1626374274492263,0.1450414955615997,0.8924787044525146,7.668954372406006,0.0,0.0929118543863296,15.836502075195312,10.415042877197266,37.0,25.0,30.0,16.66666603088379,
2025-12-17,09:57:50.135000,6a,Toxicity,Original,,319.2684631347656,0.7204771041870117,211.32009887695312,0.5704159736633301,0.6489996910095215,0.563217043876648,11.153897285461426,9.867271423339844,8.612139701843262,0.1068097874522209,0.090426780283451,0.7573198676109314,5.508801460266113,0.0,0.0564095005393028,15.85709285736084,12.052448272705078,37.0,25.0,30.0,44.44444274902344,
2025-12-17,09:57:50.135000,FinePointe Series WBP [SN 139781]  Site 1 Bias Flow is out of range.,,,,,,,,,,,,,,,,,,,,,,,,,
2025-12-17,09:57:52.135000,6a,Toxicity,Original,,165.9814910888672,1.467798352241516,222.4363555908203,0.3830914795398712,0.5247803330421448,0.7760576009750366,11.153897285461426,12.475587844848633,10.29282569885254,0.1791991293430328,0.2082747668027877,0.7511378526687622,10.199759483337402,0.0,0.1408459544181823,13.268707275390623,8.013099670410156,37.0,25.0,30.0,16.66666603088379,
2025-12-17,09:57:54.135000,6a,Toxicity,Original,,356.7313232421875,0.7656568288803101,243.83279418945312,0.4375946521759033,0.60282301902771,0.6365382671356201,11.153897285461426,11.04119873046875,8.127649307250977,0.105862557888031,0.0763779953122139,0.703404426574707,6.1462721824646,0.0,0.0495964586734771,17.604816436767578,12.65151023864746,37.0,25.0,30.0,50.0,
2025-12-17,09:57:56.135000,6a,Toxicity,Original,,99.4529800415039,2.09489369392395,206.72080993652344,0.3687450289726257,0.6549971699714661,0.87606281042099,11.153897285461426,12.563385009765623,7.983825206756592,0.2737881243228912,0.3400474786758423,0.5191188454627991,11.98796272277832,0.0,0.2130661159753799,10.218022346496582,7.140548229217529,37.0,25.0,30.0,66.66666412353516,
2025-12-17,09:57:58.135000,6a,Toxicity,Original,,102.3353271484375,2.023560047149658,204.79347229003903,0.4500511586666107,0.5545738935470581,0.8514750003814697,11.153897285461426,10.160017013549805,9.912506103515623,0.3015656769275665,0.2946717739105224,0.6541241407394409,11.236361503601074,0.0,0.1967879980802536,13.765094757080078,5.961080551147461,37.0,25.0,30.0,0.0,
2025-12-17,09:58:00.135000,6a,Toxicity,Original,,364.4582214355469,0.6009232401847839,205.62594604492188,0.667665421962738,0.6325531601905823,0.5983308553695679,11.153897285461426,10.372481346130373,10.722665786743164,0.089323341846466,0.0836092233657836,0.9354090690612792,5.690889358520508,0.0,0.0528980270028114,17.10745620727539,14.131059646606444,37.0,25.0,30.0,33.33333206176758,
2025-12-17,09:58:02.135000,6a,Toxicity,Original,,356.7052307128906,0.6255334615707397,207.08773803710935,0.5795730948448181,0.6154624819755554,0.6491053104400635,11.153897285461426,10.020259857177734,8.734350204467773,0.0970981195569038,0.0834356620907783,0.7235375642776489,5.785079956054688,0.0,0.0542356371879577,16.200611114501953,14.717227935791016,37.0,25.0,30.0,63.6363639831543,
2025-12-17,09:58:02.135000,FinePointe Series WBP [SN 139781]  Site 1 Bias Flow is out of range.,,,,,,,,,,,,,,,,,,,,,,,,,
2025-12-17,09:58:04.135000,6a,Toxicity,Original,,233.67384338378903,1.17525315284729,271.0679016113281,0.3745334148406982,0.5551062822341919,0.7210972905158997,11.153897285461426,14.03896427154541,9.808965682983398,0.1298223435878753,0.1294302940368652,0.805009126663208,7.632509231567383,0.0,0.085292138159275,15.4849214553833,11.462289810180664,37.0,25.0,30.0,44.44444274902344,
2025-12-17,09:58:06.135000,6a,Toxicity,Original,,117.41961669921876,1.7180776596069336,187.3594207763672,0.5091636776924133,0.7633906006813049,0.5017184019088745,11.153897285461426,13.07936668395996,7.077086448669434,0.211946964263916,0.3566404581069946,0.4031544029712677,7.826861381530762,0.0,0.2023271322250366,4.638696193695068,8.277490615844727,37.0,25.0,30.0,33.33333206176758,
2025-12-17,09:58:08.135000,6a,Toxicity,Original,,84.77153778076172,2.2024261951446533,186.56759643554688,0.4785962104797363,0.6970458626747131,0.8766937255859375,11.153897285461426,10.620306015014648,7.527236938476562,0.3235326707363128,0.38472980260849,0.3420316576957702,10.175559043884276,0.0,0.2348979860544204,6.262233257293701,4.367415904998779,37.0,25.0,30.0,0.0,
2025-12-17,09:58:10.135000,6a,Toxicity,Original,,191.82034301757807,1.382847547531128,229.36854553222656,0.4273062944412231,0.5199805498123169,0.772918701171875,11.153897285461426,11.261216163635254,9.830366134643556,0.1858911663293838,0.1909114867448806,0.737006425857544,8.484432220458984,0.0,0.1319790482521057,14.73266315460205,9.999797821044922,37.0,25.0,30.0,16.66666603088379,
2025-12-17,09:58:12.135000,6a,Toxicity,Original,,267.36846923828125,0.9735882878303528,229.6064300537109,0.5427578091621399,0.5614172220230103,0.6998764276504517,11.153897285461426,11.64387321472168,11.342035293579102,0.1206024065613746,0.1178420186042785,0.9560242295265198,7.234315395355225,0.0,0.0773772895336151,16.364978790283203,12.026603698730469,37.0,25.0,30.0,60.0,
2025-12-17,09:58:12.135000,FinePointe Series WBP [SN 139781]  Site 1 Bias Flow is out of range.,,,,,,,,,,,,,,,,,,,,,,,,,
2025-12-17,09:58:14.135000,6a,Toxicity,Original,,204.77978515625,1.359687089920044,268.44305419921875,0.3825511336326599,0.5359371304512024,0.734761655330658,11.153897285461426,13.671309471130373,10.265369415283203,0.1539802402257919,0.1493010818958282,0.8175891041755676,9.06418228149414,0.0,0.1001170203089714,15.268939971923828,10.865492820739746,37.0,25.0,30.0,0.0,
2025-12-17,09:58:16.135000,6a,Toxicity,Original,,273.02056884765625,1.1747922897338867,262.8793029785156,0.510716438293457,0.6047725677490234,0.650694727897644,11.153897285461426,12.85254192352295,10.473867416381836,0.134406641125679,0.1187104433774948,0.8780621290206909,7.934410095214844,0.0,0.0787038952112197,16.92919921875,11.638171195983888,37.0,25.0,30.0,28.571428298950195,
2025-12-17,09:58:18.135000,6a,Toxicity,Original,,406.6931457519531,0.5552574396133423,225.5371551513672,0.6410826444625854,0.6800597906112671,0.5849437713623047,11.153897285461426,10.77469253540039,9.98905086517334,0.0809462144970893,0.0690435022115707,0.8819385170936584,4.562192916870117,0.0,0.0418455749750137,16.360801696777344,14.333279609680176,37.0,25.0,30.0,58.33333206176758,
2025-12-17,09:58:20.135000,6a,Toxicity,Original,,137.79660034179688,1.405552864074707,193.68040466308597,0.245827630162239,0.7178577184677124,0.6822882890701294,11.153897285461426,15.901898384094238,5.842683792114258,0.1452244967222213,0.2901999056339264,0.5100715160369873,8.307222366333008,0.0,0.1725739240646362,5.7788920402526855,13.594680786132812,37.0,25.0,30.0,50.0,
2025-12-17,09:58:22.135000,6a,Toxicity,Original,,99.58438873291016,2.1443140506744385,210.0793609619141,0.4295095205307007,0.5995427370071411,0.8613209128379822,11.153897285461426,10.924492835998535,8.966049194335938,0.2911950945854187,0.3219439387321472,0.6411618590354919,11.474847793579102,0.0,0.2077679336071014,11.970976829528809,6.324762344360352,37.0,25.0,30.0,42.85714340209961,
2025-12-17,09:58:22.135000,FinePointe Series WBP [SN 139781]  Site 1 Bias Flow is out of range.,,,,,,,,,,,,,,,,,,,,,,,,,
2025-12-17,09:58:24.135000,6a,Toxicity,Original,,274.9950866699219,0.8953059911727905,233.37322998046875,0.6073709726333618,0.6011032462120056,0.672078549861908,11.153897285461426,10.83887767791748,11.162923812866213,0.1184410527348518,0.1137017607688903,0.921736776828766,5.403243064880371,0.0,0.0731662958860397,14.079557418823242,12.32132339477539,37.0,25.0,30.0,0.0,
2025-12-17,09:58:26.135000,6a,Toxicity,Original,,352.34893798828125,0.5677608847618103,193.2846527099609,0.4903879761695862,0.5955837965011597,0.6861385107040405,11.153897285461426,10.773797035217283,8.792403221130371,0.0839951708912849,0.1013357788324356,0.7141231894493103,5.513761043548584,0.0,0.0657176002860069,15.670289039611816,11.551722526550291,37.0,25.0,30.0,40.0,
2025-12-17,09:58:28.135000,6a,Toxicity,Original,,247.19802856445312,0.93100768327713,219.71485900878903,0.4110505580902099,0.5556002855300903,0.7044728398323059,11.153897285461426,12.611093521118164,9.852543830871582,0.123383417725563,0.1270686089992523,0.8265950083732605,7.314380168914795,0.0,0.0838617980480194,16.5537109375,10.740548133850098,37.0,25.0,30.0,60.0,
2025-12-17,09:58:28.135000,FinePointe Series WBP [SN 139781]  Site 1 Bias Flow is out of range.,,,,,,,,,,,,,,,,,,,,,,,,,
2025-12-17,09:58:32.135000,6a,Toxicity,Original,,98.3270263671875,1.9732991456985476,193.5797271728516,0.4609924852848053,0.6268323063850403,0.688795804977417,11.153897285461426,9.925240516662598,7.588472843170166,0.2889608442783355,0.3214254975318908,0.542811930179596,12.156290054321287,0.0,0.20501509308815,11.04127597808838,6.838119983673096,37.0,25.0,30.0,57.14285659790039,
2025-12-17,09:58:34.135000,6a,Toxicity,Original,,234.24270629882807,0.9233579635620116,205.84686279296875,0.5256276726722717,0.6254231929779053,0.6925088167190552,11.153897285461426,10.50359058380127,9.437248229980469,0.1255804896354675,0.140201598405838,0.7397910952568054,5.94448184967041,2.765545129776001,0.089949831366539,13.0104341506958,13.00703239440918,37.0,25.0,30.0,33.33333206176758,
2025-12-17,09:58:36.135000,6a,Toxicity,Original,,291.6073608398437,0.6578595638275146,184.80235290527344,0.7287318110466003,0.5676431059837341,0.6767475605010986,11.153897285461426,9.641556739807127,12.571086883544922,0.1024258285760879,0.1088878959417343,1.0521471500396729,6.874608516693115,0.0,0.0715435966849327,17.125688552856445,12.143698692321776,37.0,25.0,30.0,42.85714340209961,
2025-12-17,09:58:38.135000,6a,Toxicity,Original,,83.51844024658203,2.222358703613281,184.781005859375,0.6260119676589966,1.0552797317504885,0.5347402095794678,11.153897285461426,11.750396728515623,6.367875576019287,0.2896822094917297,0.4294342398643493,0.2946658134460449,10.431947708129885,0.0,0.2227784395217895,3.637192249298096,12.655089378356934,37.0,25.0,30.0,60.0,
2025-12-17,09:58:40.135000,6a,Toxicity,Original,,87.28689575195312,2.5482664108276367,221.98367309570312,0.3136500418186188,0.6072437167167664,0.9078294634819032,11.153897285461426,11.103124618530272,7.337360382080078,0.3189604878425598,0.3690371215343475,0.3535013794898987,9.720195770263672,0.0,0.2355278134346008,4.757684707641602,3.180908203125,37.0,25.0,30.0,33.33333206176758,
2025-12-17,09:58:40.135000,FinePointe Series WBP [SN 139781]  Site 1 Bias Flow is out of range.,,,,,,,,,,,,,,,,,,,,,,,,,
2025-12-17,09:58:42.135000,6a,Toxicity,Original,,150.68736267089844,1.6766430139541626,242.6366424560547,0.3574221730232239,0.4485003054141998,0.8201000094413757,11.153897285461426,12.52390956878662,10.81562328338623,0.1924939006567001,0.2338859140872955,0.7428027987480164,8.291181564331055,0.0,0.1704690903425216,15.023744583129885,5.511602401733398,37.0,25.0,30.0,20.0,
2025-12-17,09:58:44.135000,6a,Toxicity,Original,,180.6520538330078,1.67638897895813,302.8431091308594,0.543662428855896,0.5058958530426025,0.7068936824798584,11.153897285461426,13.785400390625,15.403791427612305,0.1793490797281265,0.1527811139822006,1.1917412281036377,10.286911964416504,0.0,0.1045325323939323,18.241024017333984,11.129253387451172,37.0,25.0,30.0,80.0,
2025-12-17,09:58:46.135000,6a,Toxicity,Original,,141.9560546875,1.2667275667190552,181.5550842285156,0.8276510238647461,1.244487762451172,0.5379671454429626,11.153897285461426,12.843588829040527,10.132606506347656,0.174677774310112,0.2607083022594452,0.7587463855743408,6.811576843261719,0.0,0.1192886009812355,11.940505027770996,14.30337619781494,37.0,25.0,30.0,25.0,
2025-12-17,09:58:48.135000,6a,Toxicity,Original,,84.38059997558594,2.5126583576202397,212.0196075439453,0.442719042301178,0.7665260434150696,0.9001616835594177,11.153897285461426,11.363377571105955,6.546112060546875,0.3222448825836181,0.3888190388679504,0.3574413955211639,8.897101402282715,0.0,0.2261453121900558,3.60575270652771,5.033410549163818,37.0,25.0,30.0,75.0,
2025-12-17,09:58:50.135000,6a,Toxicity,Original,,93.39134216308594,1.9048209190368648,177.79469299316406,0.4925790429115295,0.647668182849884,0.8761370778083801,11.153897285461426,10.298296928405762,8.322453498840332,0.2863551676273346,0.3561241626739502,0.5445061922073364,11.56200885772705,0.0,0.2254819571971893,10.308294296264648,6.885796546936035,37.0,25.0,30.0,0.0,
2025-12-17,09:58:50.135000,FinePointe Series WBP [SN 139781]  Site 1 Bias Flow is out of range.,,,,,,,,,,,,,,,,,,,,,,,,,
2025-12-17,09:58:52.135000,6a,Toxicity,Original,,98.35384368896484,1.7185083627700806,169.07138061523438,0.5586189031600952,0.6690995693206787,0.8458223342895508,11.153897285461426,9.820083618164062,8.828827857971191,0.2792893052101135,0.3317708969116211,0.5774197578430176,10.508779525756836,0.0,0.2059197872877121,11.519415855407717,8.660837173461914,37.0,25.0,30.0,0.0,
2025-12-17,09:58:54.135000,6a,Toxicity,Original,,222.06817626953125,1.3894416093826294,289.19195556640625,0.3401091992855072,0.4561056494712829,0.7693002820014954,11.153897285461426,12.823371887207031,9.745065689086914,0.1655761003494262,0.1217948198318481,0.5862762928009033,6.137633323669434,0.0,0.0851114317774772,14.810144424438477,8.127802848815918,37.0,25.0,30.0,0.0,
2025-12-17,09:58:56.135000,6a,Toxicity,Original,,239.5737152099609,1.0923092365264893,234.2425537109375,0.4033524990081787,0.5334064364433289,0.754007875919342,11.153897285461426,12.605874061584473,9.38166332244873,0.1282999217510223,0.1479494422674179,0.6163463592529297,6.274785995483398,0.0,0.0993530303239822,14.882986068725586,8.385951042175293,37.0,25.0,30.0,58.33333206176758,
2025-12-17,09:58:58.135000,6a,Toxicity,Original,,326.74139404296875,0.652636706829071,200.31727600097656,0.5186020731925964,0.568198025226593,0.6422359943389893,11.153897285461426,10.729400634765623,9.802316665649414,0.0948920100927352,0.1052131354808807,0.8096283674240112,6.144384384155273,0.0,0.0721419155597686,16.341508865356445,11.584424018859863,37.0,25.0,30.0,27.272727966308597,
2025-12-17,09:58:58.135000,FinePointe Series WBP [SN 139781]  Site 2 Bias Flow is out of range.,,,,,,,,,,,,,,,,,,,,,,,,,
2025-12-17,09:59:00.135000,6a,Toxicity,Original,,287.1778869628906,0.8814954161643982,218.31646728515625,0.5491568446159363,0.5889905095100403,0.6575066447257996,11.153897285461426,11.940690994262695,11.023568153381348,0.1106747090816497,0.1150911897420883,0.931159734725952,7.090892791748047,0.0,0.0746414363384246,16.532411575317383,12.605813026428224,37.0,25.0,30.0,50.0,
2025-12-17,09:59:00.135000,FinePointe Series WBP [SN 139781]  Site 1 Bias Flow is out of range.,,,,,,,,,,,,,,,,,,,,,,,,,
2025-12-17,09:59:02.135000,6a,Toxicity,Original,,233.89791870117188,1.1198630332946775,251.44564819335935,0.4254611730575561,0.538996160030365,0.72918701171875,11.153897285461426,13.814794540405272,11.143494606018066,0.1253761947154998,0.1472600400447845,0.8486486077308655,7.458854675292969,0.0,0.0997886508703231,15.11093044281006,10.301770210266112,37.0,25.0,30.0,12.5,
2025-12-17,09:59:04.135000,6a,Toxicity,Original,,223.8771514892578,1.1348448991775513,254.06585693359372,0.505380392074585,0.6098964810371399,0.6100746393203735,11.153897285461426,12.704218864440918,10.601580619812012,0.1303160488605499,0.1376880705356598,0.9111215472221376,6.2920918464660645,0.0,0.0871936455368995,14.641578674316406,11.644914627075195,37.0,25.0,30.0,0.0,
2025-12-17,09:59:06.135000,6a,Toxicity,Original,,76.99968719482422,2.2372140884399414,174.07162475585938,0.6451644897460938,1.078796148300171,0.9201094508171082,11.153897285461426,11.094083786010742,7.1270294189453125,0.303649753332138,0.4818198084831238,0.2367332428693771,8.039484024047852,0.0,0.2422344088554382,0.8609746098518372,5.790634632110596,37.0,25.0,30.0,40.0,
2025-12-17,09:59:08.135000,6a,Toxicity,Original,,86.18070220947266,1.833160161972046,156.5313262939453,0.5155338048934937,0.6685517430305481,0.8827757835388184,11.153897285461426,9.388993263244627,7.368619441986084,0.2956236004829407,0.4089916050434112,0.40789994597435,9.604449272155762,0.0,0.2504797279834747,5.689269065856934,4.698707580566406,37.0,25.0,30.0,0.0,
2025-12-17,09:59:10.135000,6a,Toxicity,Original,,92.31401824951172,1.879678010940552,173.35899353027344,0.4252961277961731,0.5604506731033325,0.8877080678939819,11.153897285461426,9.609333992004396,8.923256874084473,0.3005229234695434,0.3497685194015503,0.4872644245624542,10.935969352722168,0.0,0.2336346209049224,10.848139762878418,2.9729819297790527,37.0,25.0,30.0,0.0,
2025-12-17,09:59:10.135000,FinePointe Series WBP [SN 139781]  Site 2 Bias Flow is out of range.,,,,,,,,,,,,,,,,,,,,,,,,,
2025-12-17,09:59:12.135000,6a,Toxicity,Original,,87.78873443603516,1.9609330892562864,172.03802490234375,0.4174598157405853,0.5997963547706604,0.8985744118690491,11.153897285461426,9.599571228027344,8.030885696411133,0.3063622713088989,0.3776121139526367,0.3855800628662109,10.74271297454834,0.0,0.2443834841251373,7.634149551391602,3.098118305206299,37.0,25.0,30.0,0.0,
2025-12-17,09:59:12.135000,FinePointe Series WBP [SN 139781]  Site 1 Bias Flow is out of range.,,,,,,,,,,,,,,,,,,,,,,,,,
2025-12-17,09:59:14.135000,6a,Toxicity,Original,,116.4062042236328,1.8646339178085327,211.2945709228516,0.3455647826194763,0.5280752182006836,0.8905973434448242,11.153897285461426,11.865129470825195,9.338894844055176,0.2444899231195449,0.298315942287445,0.4548457264900207,9.405359268188477,0.0,0.1984163373708725,8.140890121459961,3.576112747192383,37.0,25.0,30.0,0.0,
2025-12-17,09:59:16.135000,6a,Toxicity,Original,,182.4828948974609,1.4534817934036257,223.42271423339844,0.3403166830539703,0.4648226201534271,0.8298982977867126,11.153897285461426,12.004117012023926,9.005998611450195,0.1707868427038192,0.2280768901109695,0.5119395852088928,7.554337978363037,0.0,0.1613729000091552,9.477670669555664,5.740630626678467,37.0,25.0,30.0,20.0,
2025-12-17,09:59:18.135000,6a,Toxicity,Original,,357.5980834960937,0.5401685237884521,192.77908325195312,0.5667407512664795,0.6102253198623657,0.6256239414215088,11.153897285461426,9.498908996582031,8.939546585083008,0.0897512286901474,0.0803600326180458,0.7698369026184082,5.600498676300049,0.0,0.0516062565147876,17.428831100463867,13.225386619567873,37.0,25.0,30.0,53.846153259277344,
2025-12-17,09:59:20.135000,6a,Toxicity,Original,,99.90803527832033,2.221505880355835,214.11752319335935,0.4726153612136841,0.8394011855125427,0.9139865636825562,11.153897285461426,15.27066135406494,8.34585189819336,0.2249848693609237,0.4375247955322265,0.3167809844017029,9.162202835083008,0.0,0.2470699548721313,5.12360429763794,10.994518280029297,37.0,25.0,30.0,0.0,
2025-12-17,09:59:20.135000,FinePointe Series WBP [SN 139781]  Site 2 Bias Flow is out of range.,,,,,,,,,,,,,,,,,,,,,,,,,
2025-12-17,09:59:20.135000,FinePointe Series WBP [SN 139781]  Site 4 Bias Flow is out of range.,,,,,,,,,,,,,,,,,,,,,,,,,
2025-12-17,09:59:22.135000,6a,Toxicity,Original,,83.16181182861328,2.2636256217956543,187.41380310058597,0.4707130789756775,0.7986931204795837,0.9054802656173706,11.153897285461426,10.664798736572266,7.396907329559326,0.3196840286254883,0.4061662554740906,0.3710699379444122,10.341805458068848,0.0,0.2323178797960281,8.508993148803711,3.654737949371338,37.0,25.0,30.0,0.0,
2025-12-17,09:59:22.135000,FinePointe Series WBP [SN 139781]  Site 1 Bias Flow is out of range.,,,,,,,,,,,,,,,,,,,,,,,,,
2025-12-17,09:59:24.135000,6a,Toxicity,Original,,94.41952514648438,1.9463376998901367,183.7212829589844,0.5230283141136169,0.6522740721702576,0.8603291511535645,11.153897285461426,10.230135917663574,8.994970321655273,0.2932822406291961,0.3427048623561859,0.572485089302063,10.402034759521484,0.0,0.2158656418323516,10.06611442565918,6.430572032928467,37.0,25.0,30.0,0.0,
2025-12-17,09:59:26.135000,6a,Toxicity,Original,,172.24937438964844,1.3866877555847168,204.85711669921875,0.3727123439311981,0.5877577066421509,0.809775173664093,11.153897285461426,11.551198959350586,7.743309020996094,0.1933000534772873,0.2202692031860351,0.6097403168678284,7.823209762573242,0.0,0.1431176960468292,11.875201225280762,8.298123359680176,37.0,25.0,30.0,33.33333206176758,
2025-12-17,09:59:28.135000,6a,Toxicity,Original,,182.84007263183597,0.9917590618133544,178.9664764404297,0.2374927401542663,0.4451445341110229,0.8708140254020691,11.153897285461426,13.224411964416504,7.518182754516602,0.1245652213692665,0.2198867797851562,0.4345161020755768,10.61840534210205,0.0,0.1567866504192352,12.670827865600586,7.0609941482543945,37.0,25.0,30.0,33.33333206176758,
2025-12-17,09:59:30.135000,6a,Toxicity,Original,,429.8408508300781,0.5051705837249756,217.78802490234372,0.7188924551010132,0.7001564502716064,0.5201197862625122,11.153897285461426,10.208203315734863,10.214000701904297,0.0768733322620391,0.062781348824501,0.910466194152832,4.423954010009766,0.0,0.0375944375991821,16.74243927001953,14.456939697265623,37.0,25.0,30.0,71.42857360839844,
2025-12-17,09:59:30.135000,FinePointe Series WBP [SN 139781]  Site 2 Bias Flow is out of range.,,,,,,,,,,,,,,,,,,,,,,,,,
2025-12-17,09:59:30.135000,FinePointe Series WBP [SN 139781]  Site 4 Bias Flow is out of range.,,,,,,,,,,,,,,,,,,,,,,,,,
2025-12-17,09:59:32.135000,6a,Toxicity,Original,,442.9215087890625,0.4038717448711395,171.69412231445312,0.763503909111023,0.6616435050964355,0.599160373210907,11.153897285461426,9.059931755065918,10.375372886657717,0.0712936595082283,0.0681630671024322,0.9171760082244872,4.931507587432861,0.0,0.0416147522628307,17.91010856628418,15.035981178283691,37.0,25.0,30.0,72.7272720336914,
2025-12-17,09:59:32.135000,FinePointe Series WBP [SN 139781]  Site 1 Bias Flow is out of range.,,,,,,,,,,,,,,,,,,,,,,,,,
2025-12-17,09:59:34.135000,6a,Toxicity,Original,,96.63400268554688,2.290687561035156,221.35829162597656,0.2834951877593994,0.4844985604286194,0.9112974405288696,11.153897285461426,15.820260047912598,10.839967727661133,0.2170796245336532,0.4038198590278625,0.4577838182449341,9.242398262023926,0.0,0.2767198085784912,1.769619107246399,,37.0,25.0,30.0,87.5,
2025-12-17,09:59:36.135000,6a,Toxicity,Original,,192.00082397460935,1.3619768619537354,240.3159637451172,0.4689878225326538,0.658257246017456,0.7016590237617493,11.153897285461426,13.102805137634276,9.32639980316162,0.1549123525619506,0.2101933807134628,0.6896536946296692,7.995524883270264,0.0,0.1270020306110382,17.122509002685547,13.447759628295898,37.0,25.0,30.0,25.0,
2025-12-17,09:59:38.135000,6a,Toxicity,Original,,74.83980560302734,1.8060095310211184,135.16140747070312,0.7248088121414185,1.2370498180389404,0.9446545839309692,11.153897285461426,10.618812561035156,5.068612575531006,0.2830042839050293,0.5187081098556519,0.2971186935901642,9.842818260192873,0.0,0.2380374521017074,3.8182663917541504,19.938356399536133,37.0,25.0,30.0,75.0,
2025-12-17,09:59:40.135000,6a,Toxicity,Original,,90.41148376464844,2.090029001235962,188.95628356933597,0.4103573560714721,0.6618301272392273,0.8912371397018433,11.153897285461426,10.02005100250244,6.786764621734619,0.3035337626934051,0.3618181943893432,0.4153006374835968,8.802145004272461,0.0,0.2237576246261596,5.606538772583008,5.905303955078125,37.0,25.0,30.0,0.0,
2025-12-17,09:59:40.135000,FinePointe Series WBP [SN 139781]  Site 2 Bias Flow is out of range.,,,,,,,,,,,,,,,,,,,,,,,,,
2025-12-17,09:59:40.135000,FinePointe Series WBP [SN 139781]  Site 1 Bias Flow is out of range.,,,,,,,,,,,,,,,,,,,,,,,,,
2025-12-17,09:59:42.135000,6a,Toxicity,Original,,101.60131072998048,1.967605471611023,199.14096069335935,0.4176190793514251,0.5971111059188843,0.8659403920173645,11.153897285461426,10.639012336730955,8.670578956604004,0.2742263972759247,0.3185258507728576,0.5308205485343933,9.899344444274902,0.0,0.2058388888835907,9.392815589904783,5.845531940460205,37.0,25.0,30.0,0.0,
2025-12-17,09:59:44.135000,6a,Toxicity,Original,,92.38773345947266,1.8407330513000488,169.91871643066406,0.3757811486721039,0.5864946842193604,0.8881291151046753,11.153897285461426,10.473934173583984,8.491803169250488,0.2638642191886902,0.3922270834445953,0.3925753235816955,10.045417785644531,0.0,0.2535636723041534,5.260880947113037,3.441805601119995,37.0,25.0,30.0,0.0,
2025-12-17,09:59:46.135000,6a,Toxicity,Original,,88.5110855102539,1.8502182960510252,163.7306365966797,0.4319466054439544,0.6607823967933655,0.9016391038894652,11.153897285461426,9.785439491271973,7.540869235992432,0.2854019105434418,0.3925783038139343,0.3651903569698334,10.182943344116213,0.0,0.243334025144577,4.6335649490356445,2.604001522064209,37.0,25.0,30.0,0.0,
2025-12-17,09:59:48.135000,6a,Toxicity,Original,,93.59773254394533,1.8839983940124512,176.29339599609375,0.439296692609787,0.6437684297561646,0.7450348734855652,11.153897285461426,10.111872673034668,7.63005256652832,0.2895863652229309,0.3515291512012481,0.4671536684036255,11.556035041809082,0.0,0.2231746912002563,10.291600227355955,7.135041236877441,37.0,25.0,30.0,0.0,
2025-12-17,09:59:50.135000,6a,Toxicity,Original,,121.48109436035156,1.7922496795654297,214.10430908203125,0.3804470002651214,0.521425724029541,0.84516841173172,11.153897285461426,11.04413604736328,9.366706848144531,0.2556274831295013,0.2678519487380981,0.5683058500289917,11.5682373046875,0.0,0.182597666978836,12.932143211364746,5.734776496887207,37.0,25.0,30.0,0.0,
2025-12-17,09:59:50.135000,FinePointe Series WBP [SN 139781]  Site 2 Bias Flow is out of range.,,,,,,,,,,,,,,,,,,,,,,,,,
2025-12-17,09:59:50.135000,FinePointe Series WBP [SN 139781]  Site 1 Bias Flow is out of range.,,,,,,,,,,,,,,,,,,,,,,,,,
2025-12-17,09:59:52.135000,6a,Toxicity,Original,,159.88421630859375,1.3188774585723877,191.56500244140625,0.4878716468811035,0.5570602416992188,0.8138452768325806,11.153897285461426,10.890996932983398,9.861287117004396,0.1713107675313949,0.2470258623361587,0.6148413419723511,8.218137741088867,0.0,0.1605079770088195,12.605234146118164,9.5315523147583,37.0,25.0,30.0,0.0,
2025-12-17,09:59:54.135000,6a,Toxicity,Original,,128.7511749267578,1.6682517528533936,214.82931518554688,0.2997888922691345,0.5013192892074585,0.8702198266983032,11.153897285461426,14.458276748657228,9.85073471069336,0.174325406551361,0.2967671155929565,0.573346734046936,7.687373638153076,0.0,0.2008616030216217,5.807335376739502,4.055298805236816,37.0,25.0,30.0,50.0,
2025-12-17,09:59:56.135000,6a,Toxicity,Original,,80.0564956665039,2.036979913711548,163.07347106933594,1.98362934589386,2.760517835617065,0.0963881686329841,11.153897285461426,11.536001205444336,6.602129936218262,0.2722337245941162,0.4772369861602783,0.2648497223854065,7.000550746917725,0.0,0.129803329706192,4.482458114624023,56.507057189941406,37.0,25.0,30.0,50.0,
2025-12-17,09:59:58.135000,6a,Toxicity,Original,,92.53938293457033,2.310096979141236,214.42462158203125,0.4044572710990906,0.6188291907310486,0.8158903121948242,11.153897285461426,10.689797401428224,8.356901168823242,0.3067395389080047,0.3429259359836578,0.511811375617981,10.306812286376951,0.0,0.2190024107694625,8.275075912475586,13.451905250549316,37.0,25.0,30.0,50.0,
2025-12-17,09:59:58.135000,FinePointe Series WBP [SN 139781]  Site 2 Bias Flow is out of range.,,,,,,,,,,,,,,,,,,,,,,,,,
2025-12-17,10:00:00.135000,6a,Toxicity,Original,,89.16828918457031,1.7775046825408936,158.25611877441406,0.4672183096408844,0.5311695337295532,0.8993996977806091,11.153897285461426,9.577446937561035,9.975830078125,0.2677482366561889,0.406924843788147,0.5206412076950073,10.004597663879396,0.0,0.2791535854339599,4.216770172119141,3.950227737426758,37.0,25.0,30.0,0.0,
2025-12-17,10:00:00.135000,FinePointe Series WBP [SN 139781]  Site 1 Bias Flow is out of range.,,,,,,,,,,,,,,,,,,,,,,,,,
2025-12-17,10:00:02.135000,6a,Toxicity,Original,,275.95245361328125,0.7580298781394958,158.80404663085938,0.482310026884079,0.4893631637096405,0.7673447132110596,11.153897285461426,9.126331329345703,9.116314888000488,0.119716390967369,0.1591469943523407,0.6155362129211426,8.600808143615723,0.0,0.1153441816568374,15.659520149230955,10.125055313110352,37.0,25.0,30.0,42.85714340209961,
2025-12-17,10:00:02.135000,FinePointe Series WBP [SN 139781]  Site 4 Bias Flow is out of range.,,,,,,,,,,,,,,,,,,,,,,,,,
2025-12-17,10:00:04.135000,6a,Toxicity,Original,,162.63253784179688,1.7965006828308103,292.1694641113281,0.2221026420593261,0.4971864223480224,0.8482070565223694,11.153897285461426,14.751574516296388,7.160457611083984,0.1802966743707656,0.1886331886053085,0.4230075180530548,8.731119155883789,0.0,0.1291348338127136,10.752182960510254,,37.0,25.0,30.0,80.0,
2025-12-17,10:00:06.135000,6a,Toxicity,Original,,99.94322204589844,2.3532893657684326,235.59271240234372,0.3098424077033996,0.504929780960083,0.8623350262641907,11.153897285461426,12.054193496704102,8.616846084594727,0.299808919429779,0.3008913993835449,0.6218222379684448,12.769195556640623,0.0,0.2063810527324676,15.879026412963867,7.174423694610596,37.0,25.0,30.0,71.42857360839844,
2025-12-17,10:00:08.135000,6a,Toxicity,Original,,132.06980895996094,1.8780583143234253,248.0348052978516,0.3454365134239197,0.5236136317253113,0.7280354499816895,11.153897285461426,11.149214744567873,7.266090393066406,0.2565125823020935,0.197792574763298,0.6372289657592773,13.275553703308104,0.0,0.1365693360567093,15.537961959838867,,37.0,25.0,30.0,0.0,
2025-12-17,10:00:10.135000,6a,Toxicity,Original,,305.19537353515625,0.8951236009597778,239.3315887451172,0.4576731920242309,0.5967206358909607,0.6524713039398193,11.153897285461426,11.743768692016602,8.528409957885742,0.1147032678127288,0.0993466526269912,0.6805998682975769,7.505298137664795,0.0,0.0657965987920761,17.61653709411621,11.546409606933594,37.0,25.0,30.0,73.33333587646484,
2025-12-17,10:00:10.135000,FinePointe Series WBP [SN 139781]  Site 2 Bias Flow is out of range.,,,,,,,,,,,,,,,,,,,,,,,,,
2025-12-17,10:00:12.135000,6a,Toxicity,Original,,160.11631774902344,1.586996078491211,242.74176025390625,0.3595163226127624,0.4749403595924377,0.8092122077941895,11.153897285461426,13.739083290100098,11.115459442138672,0.1721482872962951,0.2241096198558807,0.6753576993942261,8.569509506225586,0.0,0.1572841703891754,11.75917911529541,7.3642578125,37.0,25.0,30.0,20.0,
2025-12-17,10:00:12.135000,FinePointe Series WBP [SN 139781]  Site 1 Bias Flow is out of range.,,,,,,,,,,,,,,,,,,,,,,,,,
2025-12-17,10:00:14.135000,6a,Toxicity,Original,,208.22239685058597,1.0455334186553955,205.2460479736328,0.4143494963645935,0.5400958061218262,0.7487989068031311,11.153897285461426,11.527507781982422,9.277104377746582,0.1386570632457733,0.1646868884563446,0.7211180925369263,8.082944869995117,0.0,0.1081503629684448,15.78624153137207,9.844427108764648,37.0,25.0,30.0,50.0,
2025-12-17,10:00:14.135000,FinePointe Series WBP [SN 139781]  Site 4 Bias Flow is out of range.,,,,,,,,,,,,,,,,,,,,,,,,,
2025-12-17,10:00:16.135000,6a,Toxicity,Original,,175.61361694335938,1.1344372034072876,188.8365020751953,0.4866581559181213,0.7761745452880859,0.6018030643463135,11.153897285461426,11.642463684082031,8.561517715454102,0.1536649912595749,0.2125289738178253,0.6459754705429077,8.219240188598633,0.0,0.1176966652274131,10.77720832824707,10.441930770874023,37.0,25.0,30.0,42.85714340209961,
2025-12-17,10:00:18.135000,6a,Toxicity,Original,,75.11505889892578,2.36890196800232,177.94021606445312,0.5112243294715881,0.9136072397232056,0.2506546974182129,11.153897285461426,10.255532264709473,4.888872623443604,0.3359865248203277,0.4627880454063415,0.1777344495058059,8.843876838684082,0.0,0.2485172599554062,1.815672278404236,6.916971206665039,37.0,25.0,30.0,75.0,
2025-12-17,10:00:20.135000,6a,Toxicity,Original,,88.16900634765625,1.9235186576843264,169.4534454345703,0.4548562169075012,0.5624446868896484,0.870429515838623,11.153897285461426,8.97358226776123,8.220556259155273,0.3154759407043457,0.365215390920639,0.4703554511070251,12.432966232299805,0.0,0.2434422224760055,9.04549789428711,4.627388954162598,37.0,25.0,30.0,0.0,
2025-12-17,10:00:20.135000,FinePointe Series WBP [SN 139781]  Site 2 Bias Flow is out of range.,,,,,,,,,,,,,,,,,,,,,,,,,
2025-12-17,10:00:22.135000,6a,Toxicity,Original,,105.68153381347656,1.7823951244354248,188.3662567138672,0.4797582328319549,0.4610527753829956,0.8535484075546265,11.153897285461426,9.147395133972168,11.898155212402344,0.2748485207557678,0.2928949296474457,0.8447282314300537,14.09216022491455,0.0,0.2096777409315109,14.388504028320312,4.811709880828857,37.0,25.0,30.0,75.0,
2025-12-17,10:00:22.135000,FinePointe Series WBP [SN 139781]  Site 1 Bias Flow is out of range.,,,,,,,,,,,,,,,,,,,,,,,,,
2025-12-17,10:00:24.135000,6a,Toxicity,Original,,96.76864624023438,1.9092271327972408,184.7393035888672,0.4541994035243988,0.6134109497070312,0.8775762319564819,11.153897285461426,10.1025390625,8.696541786193848,0.2836520969867706,0.3387994170188904,0.610493540763855,11.754035949707031,0.0,0.2176388502120971,10.510040283203123,6.650850772857666,37.0,25.0,30.0,0.0,
2025-12-17,10:00:26.135000,6a,Toxicity,Original,,95.08377075195312,2.0966546535491943,199.5243682861328,0.3542617261409759,0.5487133860588074,0.855535626411438,11.153897285461426,10.473529815673828,7.573235988616943,0.3104666173458099,0.3215792775154114,0.4256492257118225,12.40710163116455,0.0,0.215477779507637,10.229467391967772,4.9488911628723145,37.0,25.0,30.0,0.0,
2025-12-17,10:00:28.135000,6a,Toxicity,Original,,140.75289916992188,1.9286271333694456,257.9924011230469,0.3262289464473724,0.4679686725139618,0.8241133689880371,11.153897285461426,11.735471725463867,9.542445182800291,0.2423512190580368,0.2326819002628326,0.5250110626220703,12.213321685791016,0.0,0.1655083745718002,11.943588256835938,8.342928886413574,37.0,25.0,30.0,0.0,
2025-12-17,10:00:30.135000,6a,Toxicity,Original,,202.56619262695312,1.16521954536438,229.6467742919922,0.5286604166030884,0.5556012988090515,0.7286128997802734,11.153897285461426,11.337970733642578,11.332225799560549,0.1571306139230728,0.15762859582901,0.9020240306854248,8.347371101379395,0.0,0.104786492884159,14.748554229736328,9.243471145629885,37.0,25.0,30.0,50.0,
2025-12-17,10:00:30.135000,FinePointe Series WBP [SN 139781]  Site 2 Bias Flow is out of range.,,,,,,,,,,,,,,,,,,,,,,,,,
2025-12-17,10:00:32.135000,6a,Toxicity,Original,,71.32009887695312,2.1102042198181152,150.94644165039062,0.603490948677063,1.1678612232208252,0.9447002410888672,11.153897285461426,12.177308082580566,7.422881126403809,0.2824721932411194,0.5595623850822449,0.1241986826062202,11.656591415405272,0.0,0.2689390182495117,0.8966562747955322,22.60966110229492,37.0,25.0,30.0,33.33333206176758,
2025-12-17,10:00:32.135000,FinePointe Series WBP [SN 139781]  Site 1 Bias Flow is out of range.,,,,,,,,,,,,,,,,,,,,,,,,,
2025-12-17,10:00:34.135000,6a,Toxicity,Original,,162.70346069335938,1.761702299118042,244.7598876953125,0.4267787337303161,0.5905017256736755,0.7774548530578613,11.153897285461426,11.728483200073242,9.302206993103027,0.2194344401359558,0.2377064079046249,0.5468889474868774,8.700220108032227,0.0,0.1537808626890182,11.730463027954102,10.99907398223877,37.0,25.0,30.0,0.0,
2025-12-17,10:00:36.135000,6a,Toxicity,Original,,263.5003662109375,0.9579362869262696,237.86183166503903,0.5203079581260681,0.5923088788986206,0.655470073223114,11.153897285461426,10.967650413513184,9.589183807373049,0.1289960741996765,0.1060992628335952,0.7934186458587646,6.773769855499268,0.0,0.0686960667371749,16.012256622314453,12.38322639465332,37.0,25.0,30.0,25.0,
2025-12-17,10:00:38.135000,6a,Toxicity,Original,,152.9243927001953,1.4376616477966309,219.85353088378903,0.3279218673706054,0.3847506046295166,0.8357523679733276,11.153897285461426,10.900111198425291,9.882898330688477,0.1889412105083465,0.2034095227718353,0.5438647866249084,9.664400100708008,0.0,0.1506137251853943,11.319807052612305,4.46216344833374,37.0,25.0,30.0,75.0,
2025-12-17,10:00:40.135000,6a,Toxicity,Original,,30.06202507019043,4.904099464416504,147.42715454101562,5.53485918045044,3.681917905807495,0.0277554374188184,11.153897285461426,20.83135223388672,15.173571586608888,0.554714560508728,1.4411590099334717,0.4637361466884613,5.9052510261535645,1274.6715087890625,0.3140367567539215,,39.95848846435547,37.0,25.0,30.0,50.0,
2025-12-17,10:00:40.135000,FinePointe Series WBP [SN 139781]  Site 2 Bias Flow is out of range.,,,,,,,,,,,,,,,,,,,,,,,,,
2025-12-17,10:00:42.135000,6a,Toxicity,Original,,79.7276611328125,2.172497510910034,173.20814514160156,0.1996271312236786,0.4945912361145019,0.9336576461791992,11.153897285461426,11.514079093933104,4.769323348999023,0.242739051580429,0.5098228454589844,0.1554695814847946,6.7516961097717285,0.0,0.3448915183544159,,,37.0,25.0,30.0,66.66666412353516,
2025-12-17,10:00:42.135000,FinePointe Series WBP [SN 139781]  Site 1 Bias Flow is out of range.,,,,,,,,,,,,,,,,,,,,,,,,,
2025-12-17,10:00:44.135000,6a,Toxicity,Original,,87.73677825927734,1.7377341985702517,152.39199829101562,0.4150045812129974,0.6201257109642029,0.908831000328064,11.153897285461426,9.695603370666504,7.580295562744141,0.2460575103759765,0.4379311501979828,0.3419951796531677,6.709910392761231,0.0,0.2744194865226745,1.1683471202850342,2.8365159034729004,37.0,25.0,30.0,0.0,
2025-12-17,10:00:46.135000,6a,Toxicity,Original,,92.67767333984376,1.6715631484985352,154.8856658935547,0.446776419878006,0.6239140033721924,0.9075696468353271,11.153897285461426,10.273048400878906,9.03895664215088,0.2393683940172195,0.408364474773407,0.4006801843643188,8.118894577026367,0.0,0.2567079961299896,3.982320785522461,3.1772351264953613,37.0,25.0,30.0,25.0,
2025-12-17,10:00:46.135000,FinePointe Series WBP [SN 139781]  Site 4 Bias Flow is out of range.,,,,,,,,,,,,,,,,,,,,,,,,,
2025-12-17,10:00:48.135000,6a,Toxicity,Original,,94.5656967163086,1.901748776435852,180.00119018554688,0.3374207019805908,0.5138168931007385,0.9105124473571776,11.153897285461426,11.104722023010254,8.349584579467773,0.2452527582645416,0.3899149596691131,0.2797029912471771,7.852757453918457,0.0,0.2630789279937744,3.1824190616607666,1.128601312637329,37.0,25.0,30.0,0.0,
2025-12-17,10:00:50.135000,6a,Toxicity,Original,,135.2796630859375,1.8278484344482424,247.4961853027344,0.21017687022686,0.3839632570743561,0.8835761547088623,11.153897285461426,13.496402740478516,7.940210819244385,0.1987043917179107,0.245540589094162,0.3081182241439819,8.881904602050781,0.0,0.1809895038604736,7.765853404998779,2.688165664672852,37.0,25.0,30.0,0.0,
2025-12-17,10:00:50.135000,FinePointe Series WBP [SN 139781]  Site 2 Bias Flow is out of range.,,,,,,,,,,,,,,,,,,,,,,,,,
2025-12-17,10:00:50.135000,FinePointe Series WBP [SN 139781]  Site 1 Bias Flow is out of range.,,,,,,,,,,,,,,,,,,,,,,,,,
2025-12-17,10:00:52.135000,6a,Toxicity,Original,,297.5834045410156,0.9119088053703308,241.4273376464844,0.5272861123085022,0.6325086951255798,0.6230531930923462,11.153897285461426,11.919891357421877,8.758048057556152,0.1117800697684288,0.1050457656383514,0.7142704129219055,5.319904804229736,0.0,0.0670984983444213,13.860166549682615,12.152186393737791,37.0,25.0,30.0,28.571428298950195,
2025-12-17,10:00:54.135000,6a,Toxicity,Original,,169.7577362060547,1.245536208152771,186.02207946777344,0.2620298862457275,0.4710336625576019,0.8659104108810425,11.153897285461426,11.604637145996094,7.834264755249023,0.1668557524681091,0.2298306077718734,0.5093387961387634,9.88263988494873,0.0,0.1601462662220001,13.567098617553713,5.580690383911133,37.0,25.0,30.0,50.0,
2025-12-17,10:00:56.135000,6a,Toxicity,Original,,107.16136169433594,1.8242467641830444,195.4887542724609,0.1858895123004913,0.2786449491977691,0.9121612906455994,11.153897285461426,13.741124153137209,10.539602279663086,0.1981251984834671,0.3617781400680542,0.2207819670438766,10.730767250061035,0.0,0.2874834835529327,3.188840866088867,,37.0,25.0,30.0,50.0,
2025-12-17,10:00:58.135000,6a,Toxicity,Original,,82.01101684570312,1.87999427318573,154.0048370361328,0.49261075258255,0.7011332511901855,0.8988474607467651,11.153897285461426,9.69740390777588,7.357122421264648,0.2840537130832672,0.4497492909431457,0.2130924314260482,9.015847206115724,0.0,0.270780861377716,6.708292484283447,2.0574092864990234,37.0,25.0,30.0,50.0,
2025-12-17,10:01:00.135000,6a,Toxicity,Original,,96.34574127197266,1.8369569778442385,176.9861297607422,0.4094915091991424,0.6297355890274048,0.8806884288787842,11.153897285461426,10.889121055603027,8.05253791809082,0.2679188251495361,0.3549366593360901,0.449977308511734,10.900193214416504,0.0,0.2254048287868499,8.48188591003418,5.656626224517822,37.0,25.0,30.0,0.0,
2025-12-17,10:01:00.135000,FinePointe Series WBP [SN 139781]  Site 2 Bias Flow is out of range.,,,,,,,,,,,,,,,,,,,,,,,,,
2025-12-17,10:01:00.135000,FinePointe Series WBP [SN 139781]  Site 1 Bias Flow is out of range.,,,,,,,,,,,,,,,,,,,,,,,,,
2025-12-17,10:01:02.135000,6a,Toxicity,Original,,97.97271728515624,1.6419637203216553,160.50843811035156,0.4117104411125183,0.5542184710502625,0.8870889544487,11.153897285461426,9.473644256591797,8.306102752685547,0.2672759890556335,0.3468284010887146,0.4528146386146545,10.651132583618164,0.0,0.2298771739006042,9.1191987991333,4.473005294799805,37.0,25.0,30.0,0.0,
2025-12-17,10:01:04.135000,6a,Toxicity,Original,,108.61773681640624,1.6626133918762207,179.39126586914062,0.2876776456832886,0.4211165308952331,0.892815887928009,11.153897285461426,11.4224271774292,9.16842555999756,0.2241662293672561,0.3323531746864319,0.4395111501216888,10.715424537658691,0.0,0.239390566945076,9.759193420410156,1.694571852684021,37.0,25.0,30.0,0.0,
2025-12-17,10:01:06.135000,6a,Toxicity,Original,,71.28388214111328,1.9145522117614744,136.99407958984375,0.618061363697052,0.9276875257492064,0.9383021593093872,11.153897285461426,10.336689949035645,6.860377788543701,0.2887337505817413,0.556914210319519,0.2183605134487152,8.41877269744873,0.0,0.296144425868988,,5.646651268005371,37.0,25.0,30.0,0.0,
2025-12-17,10:01:08.135000,6a,Toxicity,Original,,85.57304382324219,2.053600549697876,175.69883728027344,0.3616397678852081,0.5919277667999268,0.9121977090835572,11.153897285461426,10.91929054260254,7.859624862670898,0.2891696095466614,0.4127253293991089,0.2864735424518585,10.520438194274902,0.0,0.2669471204280853,3.2742362022399902,1.089426040649414,37.0,25.0,30.0,0.0,
2025-12-17,10:01:08.135000,FinePointe Series WBP [SN 139781]  Site 2 Bias Flow is out of range.,,,,,,,,,,,,,,,,,,,,,,,,,
2025-12-17,10:01:10.135000,6a,Toxicity,Original,,92.59466552734376,1.85993492603302,172.64682006835938,0.2828424572944641,0.4428502321243286,0.9075090885162354,11.153897285461426,11.749024391174316,9.124103546142578,0.2456885278224945,0.4068234264850616,0.3861736357212066,10.107538223266602,0.0,0.2886964380741119,4.234577655792236,1.0415552854537964,37.0,25.0,30.0,0.0,
2025-12-17,10:01:12.135000,6a,Toxicity,Original,,79.58060455322266,1.91326916217804,152.5005645751953,0.3744042813777923,0.6137880086898804,0.8977726697921753,11.153897285461426,10.251834869384766,6.859771728515625,0.2913820147514343,0.4642337560653686,0.2435274273157119,9.19739818572998,0.0,0.2949011623859405,2.0407280921936035,1.8198778629302976,37.0,25.0,30.0,0.0,
2025-12-17,10:01:12.135000,FinePointe Series WBP [SN 139781]  Site 1 Bias Flow is out of range.,,,,,,,,,,,,,,,,,,,,,,,,,
2025-12-17,10:01:14.135000,6a,Toxicity,Original,,99.28540802001952,1.902877688407898,188.51942443847656,0.3870465457439422,0.4954113960266113,0.884701669216156,11.153897285461426,9.947476387023926,9.075410842895508,0.2780782580375671,0.3331006467342376,0.4024628400802612,8.999241828918457,0.0,0.2290161997079849,6.925457000732422,1.6228737831115725,37.0,25.0,30.0,0.0,
2025-12-17,10:01:16.135000,6a,Toxicity,Original,,114.77920532226562,1.527512550354004,173.79852294921875,0.6976380348205566,0.7776921987533569,0.4527877867221832,11.153897285461426,10.785255432128906,8.856781959533691,0.2088111937046051,0.3952054381370544,0.5732625126838684,7.060302734375,0.0,0.2134260684251785,12.349027633666992,11.840599060058594,37.0,25.0,30.0,50.0,
2025-12-17,10:01:18.135000,6a,Toxicity,Original,,89.62665557861328,1.8701571226119995,167.3329620361328,0.4561695456504822,0.6542807817459106,0.933075189590454,11.153897285461426,11.624679565429688,9.067569732666016,0.2370395213365554,0.434433251619339,0.3503241837024688,7.338124275207519,0.0,0.2709439396858215,,0.3911849856376648,37.0,25.0,30.0,0.0,
2025-12-17,10:01:20.135000,6a,Toxicity,Original,,191.09109497070312,1.3968665599822998,243.92572021484372,0.2531061172485351,0.4185771942138672,0.8180145025253296,11.153897285461426,13.79619598388672,8.659903526306152,0.1492045074701309,0.1781025230884552,0.4542426466941833,8.750222206115723,0.0,0.1288286000490188,12.567120552062988,11.442752838134766,37.0,25.0,30.0,42.85714340209961,
2025-12-17,10:01:20.135000,FinePointe Series WBP [SN 139781]  Site 2 Bias Flow is out of range.,,,,,,,,,,,,,,,,,,,,,,,,,
2025-12-17,10:01:22.135000,6a,Toxicity,Original,,348.7173156738281,0.4729074239730835,164.9110107421875,0.9250295758247375,0.7198488712310791,0.5122189521789551,11.153897285461426,8.805657386779785,11.29356861114502,0.0822537913918495,0.0898053497076034,1.0096708536148071,4.555686950683594,0.0,0.052956935018301,15.31305980682373,14.084647178649902,37.0,25.0,30.0,66.66666412353516,
2025-12-17,10:01:22.135000,FinePointe Series WBP [SN 139781]  Site 1 Bias Flow is out of range.,,,,,,,,,,,,,,,,,,,,,,,,,
2025-12-17,10:01:24.135000,6a,Toxicity,Original,,302.0307312011719,0.6608555912971497,199.31887817382807,0.4005413353443146,0.5674948692321777,0.6088088750839233,11.153897285461426,11.232637405395508,7.8994059562683105,0.0964567735791206,0.1022645905613899,0.6788552403450012,7.063451290130615,0.0,0.0666456744074821,18.620399475097656,12.328179359436035,37.0,25.0,30.0,78.57142639160156,
2025-12-17,10:01:26.135000,6a,Toxicity,Original,,192.74072265625,1.4867243766784668,275.9600830078125,0.3831844925880432,0.4620936512947082,0.7596997022628784,11.153897285461426,12.324338912963867,10.3853178024292,0.177368015050888,0.1382202804088592,0.7977715730667114,10.705798149108888,0.0,0.0975695103406906,16.712007522583008,9.42233657836914,37.0,25.0,30.0,75.0,
2025-12-17,10:01:28.135000,6a,Toxicity,Original,,308.3307189941406,0.7831418514251709,197.2981109619141,0.4551454782485962,0.5271356701850891,0.6905980110168457,11.153897285461426,10.72878646850586,9.1509370803833,0.1102729216217994,0.1195048540830612,0.6813403964042664,8.930885314941406,0.0,0.0836469754576683,15.932398796081545,9.608650207519531,37.0,25.0,30.0,16.66666603088379,
2025-12-17,10:01:28.135000,FinePointe Series WBP [SN 139781]  Site 4 Bias Flow is out of range.,,,,,,,,,,,,,,,,,,,,,,,,,
2025-12-17,10:01:28.135000,FinePointe Series WBP [SN 139781]  Site 2 Bias Flow is out of range.,,,,,,,,,,,,,,,,,,,,,,,,,
2025-12-17,10:01:32.135000,6a,Toxicity,Original,,91.81107330322266,2.062835454940796,187.2429351806641,0.4749152958393097,0.6209182739257812,0.6239393949508667,11.153897285461426,10.175092697143556,8.74075698852539,0.297696441411972,0.3584864735603332,0.4746754169464111,10.625040054321287,0.0,0.2299156486988067,8.201899528503418,5.53636646270752,37.0,25.0,30.0,72.7272720336914,
2025-12-17,10:01:32.135000,FinePointe Series WBP [SN 139781]  Site 1 Bias Flow is out of range.,,,,,,,,,,,,,,,,,,,,,,,,,
2025-12-17,10:01:34.135000,6a,Toxicity,Original,,98.7633056640625,1.739404320716858,171.69357299804688,0.4514288008213043,0.5384708642959595,0.8818719387054443,11.153897285461426,10.165431022644045,10.11434268951416,0.2617156505584717,0.3495146036148071,0.5599439144134521,9.651957511901855,0.0,0.2333973348140716,8.690750122070312,4.272750854492188,37.0,25.0,30.0,0.0,
2025-12-17,10:01:36.135000,6a,Toxicity,Original,,155.29449462890625,1.6040937900543213,235.1263732910156,0.3375658094882965,0.497977077960968,0.83814537525177,11.153897285461426,13.68988800048828,9.464071273803713,0.168696716427803,0.233752503991127,0.5620124936103821,7.695460319519043,0.0,0.1592203080654144,9.228124618530272,10.084096908569336,37.0,25.0,30.0,16.66666603088379,
2025-12-17,10:01:38.135000,6a,Toxicity,Original,,349.1662292480469,0.7064672708511353,232.94293212890625,0.5892864465713501,0.6474320888519287,0.5824309587478638,11.153897285461426,10.387332916259766,8.92849349975586,0.1009828746318817,0.0752650499343872,0.7799636125564575,5.370624542236328,0.0,0.0468799024820327,16.29694938659668,12.592255592346191,37.0,25.0,30.0,0.0,
2025-12-17,10:01:38.135000,FinePointe Series WBP [SN 139781]  Site 4 Bias Flow is out of range.,,,,,,,,,,,,,,,,,,,,,,,,,
2025-12-17,10:01:40.135000,6a,Toxicity,Original,,133.76654052734375,1.1058170795440674,147.92132568359375,0.3220846056938171,0.6265468001365662,0.9228114485740662,11.153897285461426,11.082390785217283,7.2369065284729,0.1494566649198532,0.2990860044956207,0.3348317146301269,6.108806133270264,0.0,0.1868104636669159,1.332069754600525,,37.0,25.0,30.0,88.88888549804688,
2025-12-17,10:01:40.135000,FinePointe Series WBP [SN 139781]  Site 2 Bias Flow is out of range.,,,,,,,,,,,,,,,,,,,,,,,,,
2025-12-17,10:01:42.135000,6a,Toxicity,Original,,148.1173095703125,2.651160478591919,247.68907165527344,0.3056508600711822,0.5065511465072632,0.8023444414138794,11.153897285461426,16.554256439208984,8.26974868774414,0.2505478858947754,0.2862974107265472,0.4788655936717987,8.590818405151367,0.0,0.1889525055885315,8.313126564025879,5.7750325202941895,37.0,25.0,30.0,57.14285659790039,
2025-12-17,10:01:42.135000,FinePointe Series WBP [SN 139781]  Site 1 Bias Flow is out of range.,,,,,,,,,,,,,,,,,,,,,,,,,
2025-12-17,10:01:44.135000,6a,Toxicity,Original,,71.43856048583984,1.5879840850830078,112.9394073486328,0.846269428730011,1.939679503440857,0.884898841381073,11.153897285461426,13.242215156555176,4.3720479011535645,0.1994635909795761,0.6409246921539307,0.1852776110172271,7.416493892669678,0.0,0.2258929163217544,,25.49691200256348,37.0,25.0,30.0,0.0,
2025-12-17,10:01:46.135000,6a,Toxicity,Original,,82.38436126708984,1.7739094495773315,145.355712890625,0.5730962753295898,0.7311961054801941,0.9123973846435548,11.153897285461426,9.671868324279783,7.039455413818359,0.2557008564472198,0.4755839109420776,0.3087039589881897,7.0658392906188965,0.0,0.2800256609916687,,3.097129344940185,37.0,25.0,30.0,0.0,
2025-12-17,10:01:48.135000,6a,Toxicity,Original,,96.03616333007812,1.6746203899383545,160.7551727294922,0.4546632170677185,0.5969865918159485,0.8890859484672546,11.153897285461426,10.32185173034668,9.306598663330078,0.2409471571445465,0.3846925795078277,0.5052648782730103,7.898412227630615,0.0,0.2459394782781601,3.7941737174987793,3.737008810043335,37.0,25.0,30.0,0.0,
2025-12-17,10:01:50.135000,6a,Toxicity,Original,,75.51600646972656,1.9157761335372925,144.34715270996094,0.5590384006500244,0.9003701210021973,0.929371416568756,11.153897285461426,10.77915382385254,6.390381813049316,0.2536812126636505,0.543387234210968,0.2739664614200592,6.572685241699219,0.0,0.2902286052703857,,10.897797584533691,37.0,25.0,30.0,0.0,
2025-12-17,10:01:50.135000,FinePointe Series WBP [SN 139781]  Site 2 Bias Flow is out of range.,,,,,,,,,,,,,,,,,,,,,,,,,
2025-12-17,10:01:50.135000,FinePointe Series WBP [SN 139781]  Site 1 Bias Flow is out of range.,,,,,,,,,,,,,,,,,,,,,,,,,
2025-12-17,10:01:52.135000,6a,Toxicity,Original,,105.98118591308594,1.877990484237671,194.79867553710935,0.359046995639801,0.6509772539138794,0.914849042892456,11.153897285461426,12.07781982421875,7.449061393737793,0.2395385056734085,0.3637929558753967,0.3222378492355346,11.311464309692385,0.0,0.2228429913520813,6.991553783416748,3.6749560832977295,37.0,25.0,30.0,0.0,
2025-12-17,10:01:54.135000,6a,Toxicity,Original,,106.46876525878906,1.3895658254623413,136.93284606933594,0.3485558032989502,0.6013650894165039,0.9178022742271424,11.153897285461426,12.31383228302002,7.236209392547607,0.1768386214971542,0.4596199989318847,0.3413441479206085,9.782718658447266,0.0,0.2859099507331848,16.698902130126953,7.903864860534668,37.0,25.0,30.0,0.0,
2025-12-17,10:01:56.135000,6a,Toxicity,Original,,92.8781280517578,1.9558007717132568,179.68597412109375,0.4330763220787048,0.6668596863746643,0.9013054370880128,11.153897285461426,10.930850982666016,7.447408199310303,0.2695900499820709,0.3992632329463959,0.3567274212837219,7.516879558563232,0.0,0.2403762936592102,5.70577335357666,3.772678852081299,37.0,25.0,30.0,0.0,
2025-12-17,10:01:58.135000,6a,Toxicity,Original,,88.0280990600586,1.5932574272155762,139.32272338867188,0.316434383392334,0.58518385887146,0.9265730381011964,11.153897285461426,12.56784439086914,8.118705749511719,0.1920357048511505,0.5271102786064148,0.3294332921504974,6.64833927154541,0.0,0.33289235830307,1.8943670988082888,4.842542171478272,37.0,25.0,30.0,0.0,
2025-12-17,10:02:00.135000,6a,Toxicity,Original,,77.41577911376953,1.908021092414856,148.63328552246094,0.377164214849472,0.5462127327919006,0.907146155834198,11.153897285461426,10.02963161468506,7.5351243019104,0.2787692248821258,0.5039599537849426,0.2244123518466949,7.358210563659668,0.0,0.3302781283855438,0.7326009273529053,0.7019233703613281,37.0,25.0,30.0,0.0,
2025-12-17,10:02:00.135000,FinePointe Series WBP [SN 139781]  Site 2 Bias Flow is out of range.,,,,,,,,,,,,,,,,,,,,,,,,,
2025-12-17,10:02:00.135000,FinePointe Series WBP [SN 139781]  Site 1 Bias Flow is out of range.,,,,,,,,,,,,,,,,,,,,,,,,,
2025-12-17,10:02:02.135000,6a,Toxicity,Original,,100.62393951416016,1.8523958921432493,183.4416961669922,0.3128310739994049,0.4754902720451355,0.8983614444732666,11.153897285461426,11.004660606384276,8.487166404724121,0.2513106763362884,0.355044424533844,0.3500941395759582,9.114683151245115,0.0,0.2458264082670211,5.315318584442139,3.5856895446777344,37.0,25.0,30.0,0.0,
2025-12-17,10:02:04.135000,6a,Toxicity,Original,,170.15599060058594,1.4128170013427734,240.39927673339844,0.2471905797719955,0.3890451490879059,0.8255032300949097,11.153897285461426,12.51126480102539,8.53891658782959,0.1636419892311096,0.1889756470918655,0.489729106426239,7.243924140930176,0.0,0.1385591775178909,13.099297523498535,7.002591133117676,37.0,25.0,30.0,75.0,
2025-12-17,10:02:06.135000,6a,Toxicity,Original,,240.4359588623047,0.9334203600883484,206.05780029296875,0.3827828466892242,0.5096286535263062,0.7513900995254517,11.153897285461426,11.193560600280762,8.548887252807617,0.1279428154230117,0.1432240605354309,0.600018322467804,6.839831352233887,0.0,0.0985143929719924,13.887608528137209,9.059242248535156,37.0,25.0,30.0,33.33333206176758,
2025-12-17,10:02:08.135000,6a,Toxicity,Original,,224.62091064453125,1.0052505731582642,167.75839233398438,0.3568799793720245,0.532684326171875,0.7737244367599487,11.153897285461426,11.64976692199707,8.080511093139648,0.1321932822465896,0.2462209016084671,0.4973847270011902,7.851630210876465,0.0,0.1685920655727386,18.88715934753418,15.110062599182127,37.0,25.0,30.0,60.0,
2025-12-17,10:02:10.135000,6a,Toxicity,Original,,65.59525299072266,1.630387544631958,106.94569396972656,0.7798965573310852,1.1022846698760986,0.9256598353385924,11.153897285461426,9.92445468902588,5.362402439117432,0.2362653315067291,0.6784349679946899,0.1703336685895919,5.520664215087891,0.0,0.3260659575462341,,12.624770164489746,37.0,25.0,30.0,80.0,
2025-12-17,10:02:10.135000,FinePointe Series WBP [SN 139781]  Site 2 Bias Flow is out of range.,,,,,,,,,,,,,,,,,,,,,,,,,
2025-12-17,10:02:10.135000,FinePointe Series WBP [SN 139781]  Site 1 Bias Flow is out of range.,,,,,,,,,,,,,,,,,,,,,,,,,
2025-12-17,10:02:12.135000,6a,Toxicity,Original,,78.25202178955078,1.7383121252059937,136.1700897216797,0.4896119832992553,0.7068372368812561,0.9303257465362548,11.153897285461426,11.22785186767578,7.7114715576171875,0.2552267909049988,0.5118098258972168,0.3438150882720947,8.383594512939453,0.0,0.3060698807239532,,6.539613723754883,37.0,25.0,30.0,0.0,
2025-12-17,10:02:14.135000,6a,Toxicity,Original,,82.41333770751953,1.9979498386383057,164.58197021484375,0.4315616488456726,0.6981991529464722,0.643333375453949,11.153897285461426,10.973498344421388,6.510880947113037,0.2664328813552856,0.4634400010108948,0.2468427121639251,7.109540939331055,0.0,0.2805069088935852,,6.474552154541016,37.0,25.0,30.0,0.0,
2025-12-17,10:02:16.135000,6a,Toxicity,Original,,82.41802978515625,1.880850076675415,155.00889587402344,0.4045878946781158,0.6567648649215698,0.9248660802841188,11.153897285461426,10.88767433166504,7.652071475982666,0.256685733795166,0.4746163785457611,0.3332878351211548,7.424564361572266,0.0,0.2911720275878906,,0.1688814163208007,37.0,25.0,30.0,0.0,
2025-12-17,10:02:18.135000,6a,Toxicity,Original,,74.62516021728516,1.9509143829345703,145.59115600585938,0.4648891091346741,0.7153275012969971,0.9360945224761964,11.153897285461426,10.576108932495115,6.99442195892334,0.2763287425041199,0.5277054309844971,0.1760462969541549,7.330466270446777,0.0,0.314496636390686,,3.5620768070220947,37.0,25.0,30.0,0.0,
2025-12-17,10:02:20.135000,6a,Toxicity,Original,,80.00834655761719,1.92035973072052,153.50685119628906,0.3743655681610107,0.5578633546829224,0.9229214787483216,11.153897285461426,10.5348539352417,7.854367256164551,0.278594970703125,0.47325399518013,0.2680601179599762,7.851487636566162,0.0,0.3102197647094726,1.6630735397338867,2.488015651702881,37.0,25.0,30.0,0.0,
2025-12-17,10:02:20.135000,FinePointe Series WBP [SN 139781]  Site 2 Bias Flow is out of range.,,,,,,,,,,,,,,,,,,,,,,,,,
2025-12-17,10:02:22.135000,6a,Toxicity,Original,,73.9562759399414,2.07117223739624,153.16146850585938,0.35238116979599,0.6051471829414368,0.9396008253097534,11.153897285461426,11.31850814819336,7.883855819702148,0.2601272463798523,0.551181435585022,0.2289843559265136,7.37080717086792,0.0,0.350593090057373,,,37.0,25.0,30.0,0.0,
2025-12-17,10:02:22.135000,FinePointe Series WBP [SN 139781]  Site 1 Bias Flow is out of range.,,,,,,,,,,,,,,,,,,,,,,,,,
2025-12-17,10:02:24.135000,6a,Toxicity,Original,,72.60502624511719,1.9633889198303225,142.59146118164062,0.427896499633789,0.7071985602378845,0.6613861918449402,11.153897285461426,10.577539443969728,6.8358988761901855,0.2748573124408722,0.552431046962738,0.2062802761793136,7.947442531585693,0.0,0.3301790058612823,,4.1337666511535645,37.0,25.0,30.0,0.0,
2025-12-17,10:02:26.135000,6a,Toxicity,Original,,90.55408477783205,1.7248224020004272,155.95082092285156,0.3098585307598114,0.4647848308086395,0.9328193068504332,11.153897285461426,11.302236557006836,9.017128944396973,0.2335754632949829,0.4330519437789917,0.2820289731025696,8.712837219238281,0.0,0.3071867823600769,2.4233148097991943,3.3104777336120605,37.0,25.0,30.0,0.0,
2025-12-17,10:02:28.135000,6a,Toxicity,Original,,94.20213317871094,1.532418966293335,143.77186584472656,0.252570629119873,0.4395103454589844,0.9249171614646912,11.153897285461426,13.341833114624023,9.56531810760498,0.180873155593872,0.4639365375041961,0.2336708158254623,10.269449234008787,0.0,0.3248836398124695,12.928628921508787,,37.0,25.0,30.0,0.0,
2025-12-17,10:02:30.135000,6a,Toxicity,Original,,69.97409057617188,2.131406784057617,148.9985809326172,0.7367100119590759,1.1134198904037476,0.4924390316009521,11.153897285461426,10.53847599029541,6.835577964782715,0.290057361125946,0.5692319869995117,0.1984137445688247,7.708917617797852,0.0,0.2769136428833008,,4.606283187866211,37.0,25.0,30.0,0.0,
2025-12-17,10:02:30.135000,FinePointe Series WBP [SN 139781]  Site 2 Bias Flow is out of range.,,,,,,,,,,,,,,,,,,,,,,,,,
2025-12-17,10:02:30.135000,FinePointe Series WBP [SN 139781]  Site 4 Bias Flow is out of range.,,,,,,,,,,,,,,,,,,,,,,,,,
2025-12-17,10:02:32.135000,6a,Toxicity,Original,,117.82909393310548,1.771188497543335,203.60562133789065,0.2624763250350952,0.3539813458919525,0.8824709057807922,11.153897285461426,12.03030014038086,9.603056907653809,0.2176102399826049,0.3136083483695984,0.3177255392074585,7.602582454681396,0.0,0.2350157499313354,3.0538995265960693,1.8827037811279297,37.0,25.0,30.0,0.0,
2025-12-17,10:02:32.135000,FinePointe Series WBP [SN 139781]  Site 1 Bias Flow is out of range.,,,,,,,,,,,,,,,,,,,,,,,,,
2025-12-17,10:02:34.135000,6a,Toxicity,Original,,118.42784118652344,1.479172706604004,165.64044189453125,0.3011757433414459,0.4605063199996948,0.9101611375808716,11.153897285461426,12.260664939880373,8.78436279296875,0.1865076869726181,0.3532895147800445,0.35005983710289,8.720097541809082,0.0,0.244367703795433,5.158281326293945,1.3974055051803589,37.0,25.0,30.0,25.0,
2025-12-17,10:02:36.135000,6a,Toxicity,Original,,69.91500854492188,1.9482170343399048,136.26220703125,0.9021646976470948,1.6377816200256348,0.5071263313293457,11.153897285461426,11.396374702453612,5.606181144714356,0.262355089187622,0.5960122346878052,0.1285305619239807,7.406381607055664,161.28900146484375,0.2409872710704803,0.0882351621985435,35.11870193481445,37.0,25.0,30.0,33.33333206176758,
2025-12-17,10:02:38.135000,6a,Toxicity,Original,,118.37427520751952,1.950726866722107,225.07635498046875,0.3393251299858093,0.5216060876846313,0.8792245984077454,11.153897285461426,11.217257499694824,8.66963005065918,0.2432987838983535,0.308873564004898,0.4090746641159057,7.313256740570068,0.0,0.2036783993244171,7.49208402633667,3.049379587173462,37.0,25.0,30.0,0.0,
2025-12-17,10:02:40.135000,6a,Toxicity,Original,,250.9827423095703,1.0322664976119995,220.53265380859372,0.4166193008422851,0.593268871307373,0.7389109134674072,11.153897285461426,12.134443283081056,8.313997268676758,0.1248341649770736,0.1440811604261398,0.6146017909049988,6.611337661743164,0.0,0.0930320993065834,13.266895294189451,10.049249649047852,37.0,25.0,30.0,50.0,
2025-12-17,10:02:40.135000,FinePointe Series WBP [SN 139781]  Site 2 Bias Flow is out of range.,,,,,,,,,,,,,,,,,,,,,,,,,
2025-12-17,10:02:42.135000,6a,Toxicity,Original,,327.0370483398437,0.8812710642814636,238.5097198486328,0.5450739860534668,0.6121149659156799,0.6527413129806519,11.153897285461426,11.359496116638184,9.46327781677246,0.1138453111052513,0.0934950113296508,0.73569655418396,7.50947904586792,0.0,0.0619087740778923,17.929737091064453,11.980146408081056,37.0,25.0,30.0,75.0,
2025-12-17,10:02:42.135000,FinePointe Series WBP [SN 139781]  Site 4 Bias Flow is out of range.,,,,,,,,,,,,,,,,,,,,,,,,,
2025-12-17,10:02:42.135000,FinePointe Series WBP [SN 139781]  Site 1 Bias Flow is out of range.,,,,,,,,,,,,,,,,,,,,,,,,,
2025-12-17,10:02:46.135000,6a,Toxicity,Original,,108.79368591308594,1.170792579650879,97.21712493896484,0.6453992128372192,0.9566383957862854,0.8810101747512817,11.153897285461426,9.164369583129885,5.346097946166992,0.2407791912555694,0.3737522661685943,0.3379303514957428,21.146560668945312,0.0,0.1731077432632446,22.762784957885746,9.562220573425291,37.0,25.0,30.0,77.77777862548828,
2025-12-17,10:02:48.135000,6a,Toxicity,Original,,70.90737915039062,2.231360912322998,155.518310546875,0.2773769199848175,0.4431154727935791,0.9276373982429504,11.153897285461426,11.402114868164062,8.333334922790527,0.2905733585357666,0.5681400299072266,0.2468950152397155,9.73442840576172,0.0,0.4156849384307861,5.278728485107422,1.4171525239944458,37.0,25.0,30.0,0.0,
2025-12-17,10:02:50.135000,6a,Toxicity,Original,,125.88735961914062,1.5225543975830078,186.73501586914065,0.4059583842754364,0.4863678514957428,0.8579082489013672,11.153897285461426,10.740777015686035,10.145142555236816,0.2117984741926193,0.3022473454475403,0.4808008372783661,7.79884147644043,0.0,0.2076756507158279,9.594416618347168,6.320329666137695,37.0,25.0,30.0,0.0,
2025-12-17,10:02:50.135000,FinePointe Series WBP [SN 139781]  Site 2 Bias Flow is out of range.,,,,,,,,,,,,,,,,,,,,,,,,,
2025-12-17,10:02:52.135000,6a,Toxicity,Original,,73.22737121582031,1.8040717840194704,132.10743713378906,0.2333175241947174,0.6455033421516418,0.9604506492614746,11.153897285461426,13.822997093200684,6.612504959106445,0.2050707340240478,0.6142950057983398,0.1313137859106063,9.122441291809082,0.0,0.3774420022964477,,,37.0,25.0,30.0,50.0,
2025-12-17,10:02:52.135000,FinePointe Series WBP [SN 139781]  Site 1 Bias Flow is out of range.,,,,,,,,,,,,,,,,,,,,,,,,,
2025-12-17,10:02:54.135000,6a,Toxicity,Original,,60.7038459777832,2.158883571624756,131.0525360107422,0.7784146666526794,1.0867747068405151,0.9561563730239868,11.153897285461426,10.996577262878418,7.0711541175842285,0.2772244811058044,0.7111807465553284,0.1497388780117035,6.182085514068604,0.0,0.34536874294281,,0.2189982384443283,37.0,25.0,30.0,0.0,
2025-12-17,10:02:54.135000,FinePointe Series WBP [SN 139781]  Site 4 Bias Flow is out of range.,,,,,,,,,,,,,,,,,,,,,,,,,
2025-12-17,10:02:56.135000,6a,Toxicity,Original,,78.39313507080078,2.2040257453918457,172.00418090820312,0.3822383880615234,0.5811565518379211,0.92377370595932,11.153897285461426,11.07956886291504,8.124432563781738,0.2804414331912994,0.4960962533950805,0.2236567288637161,7.727014064788818,0.0,0.316914439201355,,,37.0,25.0,30.0,40.0,
2025-12-17,10:02:58.135000,6a,Toxicity,Original,,67.82200622558594,2.0865721702575684,141.57733154296875,0.3797648847103119,0.6152414083480835,0.93552428483963,11.153897285461426,11.594734191894531,8.520543098449707,0.2818834185600281,0.6029408574104309,0.2582010328769684,10.885971069335938,0.0,0.3819489479064941,,,37.0,25.0,30.0,0.0,
2025-12-17,10:03:00.135000,6a,Toxicity,Original,,75.84182739257812,1.957200646400452,148.2215576171875,0.4527835547924042,0.6224038600921631,0.9265211224555968,11.153897285461426,10.39250659942627,8.802383422851562,0.2844544649124145,0.508477509021759,0.2265640944242477,8.51767635345459,0.0,0.3223613500595093,,,37.0,25.0,30.0,0.0,
2025-12-17,10:03:00.135000,FinePointe Series WBP [SN 139781]  Site 2 Bias Flow is out of range.,,,,,,,,,,,,,,,,,,,,,,,,,
2025-12-17,10:03:00.135000,FinePointe Series WBP [SN 139781]  Site 1 Bias Flow is out of range.,,,,,,,,,,,,,,,,,,,,,,,,,
2025-12-17,10:03:02.135000,6a,Toxicity,Original,,118.09856414794922,1.89927351474762,223.8319091796875,0.2919460833072662,0.4394662976264953,0.8641998767852783,11.153897285461426,12.363025665283203,9.018362998962402,0.2267802208662033,0.2972641289234161,0.3799462616443634,8.534611701965332,0.0,0.211656242609024,6.037517547607422,5.978717803955078,37.0,25.0,30.0,0.0,
2025-12-17,10:03:04.135000,6a,Toxicity,Original,,77.76976013183594,1.8735268115997317,144.57664489746094,0.4993040263652801,0.7367709279060364,0.6471174359321594,11.153897285461426,11.60394287109375,8.662352561950684,0.2449155002832412,0.5404871702194214,0.2440807074308395,7.849281311035156,0.0,0.317548543214798,,16.490102767944336,37.0,25.0,30.0,25.0,
2025-12-17,10:03:06.135000,6a,Toxicity,Original,,66.21400451660156,5.032920837402344,333.2498474121094,0.9052948951721193,0.8286533951759338,0.6764892339706421,11.153897285461426,18.96915435791016,14.639147758483888,0.4922510981559753,0.4139016270637512,1.2692954540252686,4.6877031326293945,0.0,0.2343761324882507,2.52693772315979,6.909470081329346,37.0,25.0,30.0,0.0,
2025-12-17,10:03:08.135000,6a,Toxicity,Original,,71.84285736083984,1.299192190170288,93.33768463134766,1.0228664875030518,3.486770868301392,0.0521912537515163,11.153897285461426,16.111846923828125,2.8431215286254883,0.1453853249549865,0.6897707581520081,0.1466164737939834,6.970155239105225,415.5437316894531,0.1550360471010208,0.7576712369918823,58.04275131225586,37.0,25.0,30.0,50.0,
2025-12-17,10:03:10.135000,6a,Toxicity,Original,,70.27793884277344,1.825169563293457,128.183349609375,0.5341043472290039,0.9350047707557678,0.9400946497917176,11.153897285461426,11.282244682312012,5.142070293426514,0.2436738163232803,0.6182955503463745,0.2208288609981537,5.512236595153809,0.0,0.322297990322113,,9.963752746582031,37.0,25.0,30.0,40.0,
2025-12-17,10:03:10.135000,FinePointe Series WBP [SN 139781]  Site 2 Bias Flow is out of range.,,,,,,,,,,,,,,,,,,,,,,,,,
2025-12-17,10:03:10.135000,FinePointe Series WBP [SN 139781]  Site 4 Bias Flow is out of range.,,,,,,,,,,,,,,,,,,,,,,,,,
2025-12-17,10:03:10.135000,FinePointe Series WBP [SN 139781]  Site 1 Bias Flow is out of range.,,,,,,,,,,,,,,,,,,,,,,,,,
2025-12-17,10:03:12.135000,6a,Toxicity,Original,,105.06179809570312,1.7326709032058716,179.9026336669922,0.3669309318065643,0.4988123476505279,0.9041138887405396,11.153897285461426,11.1405611038208,9.2814359664917,0.2281828820705413,0.3580534756183624,0.3347405195236206,7.545211315155029,0.0,0.2405150979757309,4.3040971755981445,1.3677163124084473,37.0,25.0,30.0,0.0,
2025-12-17,10:03:14.135000,6a,Toxicity,Original,,100.43888092041016,1.5039827823638916,144.13880920410156,0.6880412697792053,0.9983781576156616,0.4668681621551513,11.153897285461426,12.970170974731444,7.155323028564453,0.185517817735672,0.5101303458213806,0.1979193687438964,7.361419200897217,0.0,0.2499730437994003,2.2643866539001465,27.56549072265625,37.0,25.0,30.0,33.33333206176758,
2025-12-17,10:03:16.135000,6a,Toxicity,Original,,70.98477172851562,2.0081958770751958,142.43310546875,0.7403626441955566,1.1352068185806274,0.9382694959640504,11.153897285461426,10.17289924621582,5.9113969802856445,0.2869391441345215,0.5584737062454224,0.1676290929317474,6.180620193481445,0.0,0.2862178683280945,,0.0971580520272255,37.0,25.0,30.0,0.0,
2025-12-17,10:03:18.135000,6a,Toxicity,Original,,102.74755859375,1.810695052146912,180.9447021484375,0.4407903254032135,0.7259402871131897,0.6427488923072815,11.153897285461426,11.632936477661133,7.322347164154053,0.2331515699625015,0.3768456578254699,0.3963427245616913,7.173055171966553,0.0,0.2245030999183654,6.847567081451416,8.866705894470215,37.0,25.0,30.0,0.0,
2025-12-17,10:03:18.135000,FinePointe Series WBP [SN 139781]  Site 2 Bias Flow is out of range.,,,,,,,,,,,,,,,,,,,,,,,,,
2025-12-17,10:03:20.135000,6a,Toxicity,Original,,117.94003295898438,1.633028864860535,190.86399841308597,0.4061113893985748,0.5740392804145813,0.9114488363265992,11.153897285461426,12.744098663330078,8.264786720275879,0.195047527551651,0.3171203732490539,0.348877489566803,7.0744733810424805,0.0,0.2081120908260345,6.6522536277771,3.1189353466033936,37.0,25.0,30.0,50.0,
2025-12-17,10:03:20.135000,FinePointe Series WBP [SN 139781]  Site 4 Bias Flow is out of range.,,,,,,,,,,,,,,,,,,,,,,,,,
2025-12-17,10:03:22.135000,6a,Toxicity,Original,,76.45709228515625,1.5137286186218262,113.74034881591795,0.6530532240867615,0.8974609375,0.5030604600906372,11.153897285461426,11.709495544433594,6.72496223449707,0.2040712535381317,0.6034532785415649,0.3376195430755615,6.408586502075195,159.41030883789062,0.3217960000038147,,1.418834209442139,37.0,25.0,30.0,0.0,
2025-12-17,10:03:22.135000,FinePointe Series WBP [SN 139781]  Site 1 Bias Flow is out of range.,,,,,,,,,,,,,,,,,,,,,,,,,
2025-12-17,10:03:24.135000,6a,Toxicity,Original,,79.42062377929688,1.8077784776687624,143.84744262695312,0.6755558848381042,0.7932091355323792,0.6423838138580322,11.153897285461426,9.903626441955566,6.764213562011719,0.2795663475990295,0.5081177949905396,0.2460778951644897,5.870831489562988,0.0,0.2807850837707519,2.5466244220733643,5.043294906616211,37.0,25.0,30.0,0.0,
2025-12-17,10:03:26.135000,6a,Toxicity,Original,,209.99327087402344,0.9379305243492126,136.1751708984375,0.4672448933124542,0.5518200397491455,0.6093118190765381,11.153897285461426,8.097284317016602,6.073873043060303,0.1710117608308792,0.1889101266860962,0.3530373871326446,9.522846221923828,0.0,0.1277898252010345,13.082189559936523,13.723435401916504,37.0,25.0,30.0,20.0,
2025-12-17,10:03:28.135000,6a,Toxicity,Original,,306.2521667480469,0.707183301448822,216.576416015625,0.7946456670761108,0.7197942733764648,0.5497912764549255,11.153897285461426,9.8314847946167,10.763607025146484,0.1158866211771965,0.0800303667783737,0.946931779384613,8.523690223693848,0.0,0.0482257343828678,19.185863494873047,15.949234008789062,37.0,25.0,30.0,66.66666412353516,
2025-12-17,10:03:30.135000,6a,Toxicity,Original,,153.9215850830078,1.186373591423035,154.37527465820312,0.2891459763050079,0.5505141019821167,0.8705887794494629,11.153897285461426,11.763408660888672,7.7249040603637695,0.1591684371232986,0.315386414527893,0.4045765101909637,10.759021759033203,0.0,0.1994634866714477,12.182453155517578,5.70833158493042,37.0,25.0,30.0,62.5,
2025-12-17,10:03:30.135000,FinePointe Series WBP [SN 139781]  Site 2 Bias Flow is out of range.,,,,,,,,,,,,,,,,,,,,,,,,,
2025-12-17,10:03:30.135000,FinePointe Series WBP [SN 139781]  Site 4 Bias Flow is out of range.,,,,,,,,,,,,,,,,,,,,,,,,,
2025-12-17,10:03:32.135000,6a,Toxicity,Original,,76.08427429199219,2.0354461669921875,155.86093139648438,0.3189774751663208,0.6500255465507507,0.928642511367798,11.153897285461426,13.098234176635742,7.127931594848633,0.2397555410861969,0.5637651681900024,0.2010592073202133,8.550474166870117,0.0,0.3439653515815735,,,37.0,25.0,30.0,33.33333206176758,
2025-12-17,10:03:32.135000,FinePointe Series WBP [SN 139781]  Site 1 Bias Flow is out of range.,,,,,,,,,,,,,,,,,,,,,,,,,
2025-12-17,10:03:34.135000,6a,Toxicity,Original,,65.4134750366211,2.036538600921631,133.1952362060547,0.5282330513000488,0.895520806312561,0.9354499578475952,11.153897285461426,10.66952896118164,6.803731918334961,0.278061956167221,0.6392094492912292,0.1589074432849884,7.0779523849487305,0.0,0.3425794839859009,,6.492310047149658,37.0,25.0,30.0,0.0,
2025-12-17,10:03:36.135000,6a,Toxicity,Original,,84.91185760498047,1.7691980600357056,149.48681640625,0.4207572340965271,0.6115395426750183,0.9150914549827576,11.153897285461426,10.72805118560791,7.790872573852539,0.2602640986442566,0.4695342779159546,0.3166688680648803,8.259405136108398,0.0,0.2946763038635254,4.029984951019287,4.59923267364502,37.0,25.0,30.0,0.0,
2025-12-17,10:03:38.135000,6a,Toxicity,Original,,165.97732543945312,1.2261390686035156,197.38327026367188,0.3357561230659485,0.4382525682449341,0.8352957963943481,11.153897285461426,12.162481307983398,9.653959274291992,0.1572259217500686,0.2099950015544891,0.5112274289131165,8.456538200378418,0.0,0.1494551002979278,9.529082298278809,5.034977912902832,37.0,25.0,30.0,20.0,
2025-12-17,10:03:40.135000,6a,Toxicity,Original,,172.24203491210938,1.1389758586883545,190.67160034179688,0.2317854464054107,0.4927340149879455,0.852074384689331,11.153897285461426,14.301128387451172,7.88306188583374,0.1305468529462814,0.2222228348255157,0.4456307291984558,9.630699157714844,0.0,0.1543725281953811,10.297725677490234,7.080256462097168,37.0,25.0,30.0,60.0,
2025-12-17,10:03:40.135000,FinePointe Series WBP [SN 139781]  Site 2 Bias Flow is out of range.,,,,,,,,,,,,,,,,,,,,,,,,,
2025-12-17,10:03:42.135000,6a,Toxicity,Original,,237.97044372558597,0.7127069234848022,134.7395782470703,0.5502516627311707,0.5499321222305298,0.7053110599517822,11.153897285461426,8.333173751831055,7.438360214233398,0.1406555622816085,0.1443248987197876,0.5018861889839172,9.961030006408691,0.0,0.0957072302699089,15.248000144958496,14.021517753601074,37.0,25.0,30.0,33.33333206176758,
2025-12-17,10:03:42.135000,FinePointe Series WBP [SN 139781]  Site 1 Bias Flow is out of range.,,,,,,,,,,,,,,,,,,,,,,,,,
2025-12-17,10:03:44.135000,6a,Toxicity,Original,,63.25213241577149,2.173777341842652,137.49606323242188,0.256131649017334,0.480585902929306,0.9393007159233092,11.153897285461426,10.909425735473633,5.901844024658203,0.2821314036846161,0.6664532423019409,0.0905867666006088,6.550560474395752,0.0,0.4553676843643188,,,37.0,25.0,30.0,66.66666412353516,
2025-12-17,10:03:46.135000,6a,Toxicity,Original,,87.74810028076172,1.7965173721313477,156.30899047851562,0.5353675484657288,0.6915126442909241,0.9131327867507936,11.153897285461426,10.089720726013184,8.278482437133789,0.263498455286026,0.4366935491561889,0.4105879068374634,7.625485420227051,0.0,0.2650277018547058,5.412545680999756,6.073995113372803,37.0,25.0,30.0,0.0,
2025-12-17,10:03:48.135000,6a,Toxicity,Original,,135.69625854492188,1.5637661218643188,212.19720458984372,0.2783218920230865,0.3797940611839294,0.8684294819831848,11.153897285461426,13.150298118591309,10.461061477661133,0.1727120727300644,0.2694519460201263,0.6346266269683838,7.18914270401001,0.0,0.1977196633815765,14.230284690856934,3.5479073524475098,37.0,25.0,30.0,0.0,
2025-12-17,10:03:50.135000,6a,Toxicity,Original,,148.640625,1.2121167182922363,180.16978454589844,0.6212044358253479,1.1082409620285034,0.1863512694835662,11.153897285461426,13.138148307800291,6.277368545532227,0.1460801064968109,0.257578045129776,0.4725324809551239,4.763639450073242,0.0,0.123603880405426,2.7213587760925293,16.085491180419922,37.0,25.0,30.0,80.0,
2025-12-17,10:03:50.135000,FinePointe Series WBP [SN 139781]  Site 2 Bias Flow is out of range.,,,,,,,,,,,,,,,,,,,,,,,,,
2025-12-17,10:03:52.135000,6a,Toxicity,Original,,68.76847076416016,2.394611597061157,164.67376708984375,0.2613001763820648,0.4903695285320282,0.9383137822151184,11.153897285461426,11.043662071228027,7.610468864440918,0.2969923913478851,0.5755004286766052,0.1500434130430221,6.87992525100708,0.0,0.3910105526447296,,,37.0,25.0,30.0,85.71428680419922,
2025-12-17,10:03:52.135000,FinePointe Series WBP [SN 139781]  Site 1 Bias Flow is out of range.,,,,,,,,,,,,,,,,,,,,,,,,,
2025-12-17,10:03:54.135000,6a,Toxicity,Original,,93.1647720336914,1.8645206689834597,170.9367218017578,0.3506394922733307,0.6146930456161499,0.9193435311317444,11.153897285461426,10.911471366882324,7.13344144821167,0.2424749583005905,0.4149851202964782,0.3118132054805755,7.613081455230713,0.0,0.261388897895813,1.6341768503189087,1.2566463947296145,37.0,25.0,30.0,0.0,
2025-12-17,10:03:56.135000,6a,Toxicity,Original,,110.3209457397461,1.7286227941513062,190.70330810546875,0.217030867934227,0.4865079224109649,0.917327880859375,11.153897285461426,13.104701042175291,7.325816631317139,0.2037494033575058,0.3401183187961578,0.2301418632268905,11.17605972290039,0.0,0.2343982309103012,4.324974060058594,0.0848943293094635,37.0,25.0,30.0,66.66666412353516,
2025-12-17,10:03:58.135000,6a,Toxicity,Original,,205.14630126953125,1.259210467338562,203.44256591796875,0.4192701578140259,0.6558175086975098,0.50380539894104,11.153897285461426,11.048786163330078,6.759034633636475,0.1569253504276275,0.1916572451591491,0.4986828863620758,5.422330856323242,0.0,0.1156671643257141,8.85148811340332,8.148933410644531,37.0,25.0,30.0,50.0,
2025-12-17,10:04:00.135000,6a,Toxicity,Original,,117.53728485107422,1.2728502750396729,137.87705993652344,0.1971754878759384,0.4366178214550018,0.9137980341911316,11.153897285461426,12.085149765014648,7.223176956176758,0.1611108481884002,0.3836428821086883,0.2770461142063141,12.688956260681152,0.0,0.2752249836921692,3.874692916870117,5.083059310913086,37.0,25.0,30.0,40.0,
2025-12-17,10:04:00.135000,FinePointe Series WBP [SN 139781]  Site 2 Bias Flow is out of range.,,,,,,,,,,,,,,,,,,,,,,,,,
2025-12-17,10:04:02.135000,6a,Toxicity,Original,,63.75645065307617,1.7189040184020996,109.59122467041016,0.6727451086044312,0.9763250350952148,0.0571890249848365,11.153897285461426,10.124260902404783,5.068502426147461,0.2416463792324066,0.6994348764419556,0.1718536019325256,5.1318840980529785,0.0,0.3572728037834167,,12.367910385131836,37.0,25.0,30.0,0.0,
2025-12-17,10:04:02.135000,FinePointe Series WBP [SN 139781]  Site 1 Bias Flow is out of range.,,,,,,,,,,,,,,,,,,,,,,,,,
2025-12-17,10:04:04.135000,6a,Toxicity,Original,,98.2720184326172,1.868820309638977,181.03997802734372,0.2869267761707306,0.4406857490539551,0.9101602435112,11.153897285461426,12.158764839172363,9.554384231567385,0.2366347461938858,0.3895723223686218,0.4494225084781647,29.086599349975582,0.0,0.2784847915172577,18.590057373046875,1.9386906623840328,37.0,25.0,30.0,25.0,
2025-12-17,10:04:06.135000,6a,Toxicity,Original,,68.7118148803711,1.8791468143463133,129.07931518554688,0.6389583349227905,0.9262028932571412,0.9455020427703856,11.153897285461426,11.10269546508789,7.850338935852051,0.2577323615550995,0.6154967546463013,0.2027999758720398,7.4532952308654785,0.0,0.3264208436012268,,7.675723075866699,37.0,25.0,30.0,0.0,
2025-12-17,10:04:08.135000,6a,Toxicity,Original,,84.5696792602539,1.9012280702590945,159.9121856689453,0.4856452345848083,0.6934331655502319,0.6990919709205627,11.153897285461426,10.775272369384766,8.365887641906738,0.2646798491477966,0.4709066152572632,0.306645929813385,7.911531448364258,0.0,0.2823796272277832,2.193082094192505,11.687275886535645,37.0,25.0,30.0,0.0,
2025-12-17,10:04:10.135000,6a,Toxicity,Original,,113.69119262695312,1.659929871559143,172.88340759277344,0.5428161025047302,0.7341512441635132,0.7519904971122742,11.153897285461426,11.55893611907959,10.783413887023926,0.2280300259590149,0.4388900995254516,0.7555389404296875,10.025968551635742,0.0,0.2484962344169616,16.943220138549805,7.821756362915039,37.0,25.0,30.0,0.0,
2025-12-17,10:04:10.135000,FinePointe Series WBP [SN 139781]  Site 2 Bias Flow is out of range.,,,,,,,,,,,,,,,,,,,,,,,,,
2025-12-17,10:04:10.135000,FinePointe Series WBP [SN 139781]  Site 1 Bias Flow is out of range.,,,,,,,,,,,,,,,,,,,,,,,,,
2025-12-17,10:04:12.135000,6a,Toxicity,Original,,68.33540344238281,2.3515965938568115,160.69729614257812,0.6178503036499023,0.7972197532653809,0.0793179124593734,11.153897285461426,9.984753608703612,7.010712146759033,0.2980775833129883,0.5799446702003479,0.2125896960496902,6.161340713500977,0.0,0.3273880183696747,,1.877928137779236,37.0,25.0,30.0,66.66666412353516,
2025-12-17,10:04:14.135000,6a,Toxicity,Original,,112.21710205078124,1.7075705528259275,188.25384521484372,0.3582536876201629,0.4399088025093078,0.8910355567932129,11.153897285461426,10.45377254486084,9.706628799438477,0.244484543800354,0.3141754567623138,0.3454070389270782,8.991167068481445,0.0,0.2213893234729766,5.408576011657715,1.9390478134155276,37.0,25.0,30.0,0.0,
2025-12-17,10:04:16.135000,6a,Toxicity,Original,,63.26260757446289,1.948164701461792,123.22046661376952,0.6687489748001099,0.7878424525260925,0.5029959082603455,11.153897285461426,10.092411994934082,7.430813312530518,0.2819214463233948,0.6667357683181763,0.1619302481412887,6.643930435180664,0.0,0.3794296681880951,,2.7769224643707275,37.0,25.0,30.0,33.33333206176758,
2025-12-17,10:04:16.135000,FinePointe Series WBP [SN 139781]  Site 4 Bias Flow is out of range.,,,,,,,,,,,,,,,,,,,,,,,,,
2025-12-17,10:04:18.135000,6a,Toxicity,Original,,89.18051147460938,2.032418727874756,180.76893615722656,0.6289998292922974,0.9564981460571288,0.930856704711914,11.153897285461426,11.493597030639648,7.317712783813477,0.2595473527908325,0.4498171508312225,0.2700853645801544,6.991281509399414,0.0,0.2311874032020568,2.442746639251709,7.403722286224365,37.0,25.0,30.0,0.0,
2025-12-17,10:04:20.135000,6a,Toxicity,Original,,129.80877685546875,1.897488355636597,246.31065368652344,0.2034880220890045,0.3030894100666046,0.8807812929153442,11.153897285461426,14.488978385925291,10.586557388305664,0.1874622851610183,0.2747560441493988,0.2893528640270233,10.476943016052246,0.0,0.2144363522529602,11.64383602142334,,37.0,25.0,30.0,80.0,
2025-12-17,10:04:20.135000,FinePointe Series WBP [SN 139781]  Site 2 Bias Flow is out of range.,,,,,,,,,,,,,,,,,,,,,,,,,
2025-12-17,10:04:20.135000,FinePointe Series WBP [SN 139781]  Site 1 Bias Flow is out of range.,,,,,,,,,,,,,,,,,,,,,,,,,
2025-12-17,10:04:22.135000,6a,Toxicity,Original,,96.32157135009766,1.3697733879089355,132.2095184326172,0.5618523359298706,1.028114676475525,0.9438002109527588,11.153897285461426,12.266311645507812,7.6828107833862305,0.1744343042373657,0.4591874778270721,0.316374123096466,6.580907344818115,0.0,0.226656436920166,,1.8955825567245483,37.0,25.0,30.0,60.0,
2025-12-17,10:04:26.135000,6a,Toxicity,Original,,66.27561950683594,2.389056444168091,158.33619689941406,0.2216898649930954,0.4381329119205475,0.9273882508277892,11.153897285461426,11.276392936706545,6.173879623413086,0.3057771325111389,0.5995331406593323,0.0539378859102726,7.46216869354248,0.0,0.4219087064266205,,,37.0,25.0,30.0,85.71428680419922,
2025-12-17,10:04:28.135000,6a,Toxicity,Original,,132.52684020996094,1.5925209522247314,184.3740997314453,0.4393161535263061,0.5859789848327637,0.8831899166107178,11.153897285461426,9.879598617553713,7.668832778930664,0.2304910272359848,0.3610681891441345,0.3434598743915558,6.421164989471436,0.0,0.2297945022583007,7.508230686187744,6.756650924682617,37.0,25.0,30.0,0.0,
2025-12-17,10:04:30.135000,6a,Toxicity,Original,,130.71563720703125,1.7532153129577637,227.7634735107422,0.274682879447937,0.4964114427566528,0.7959661483764648,11.153897285461426,13.625358581542969,8.188667297363281,0.1955897063016891,0.2638298571109772,0.4341307878494262,6.2715253829956055,0.0,0.1792939305305481,5.909648895263672,4.914053440093994,37.0,25.0,30.0,71.42857360839844,
2025-12-17,10:04:30.135000,FinePointe Series WBP [SN 139781]  Site 4 Bias Flow is out of range.,,,,,,,,,,,,,,,,,,,,,,,,,
2025-12-17,10:04:30.135000,FinePointe Series WBP [SN 139781]  Site 2 Bias Flow is out of range.,,,,,,,,,,,,,,,,,,,,,,,,,
2025-12-17,10:04:32.135000,6a,Toxicity,Original,,236.00680541992188,0.8819632530212402,200.51409912109372,0.3493726849555969,0.5824645161628723,0.5132939219474792,11.153897285461426,12.50444221496582,8.008191108703613,0.1141235306859016,0.1790205240249633,0.5848157405853271,7.133232593536377,0.0,0.1290561109781265,13.762545585632324,10.306455612182615,37.0,25.0,30.0,50.0,
2025-12-17,10:04:32.135000,FinePointe Series WBP [SN 139781]  Site 1 Bias Flow is out of range.,,,,,,,,,,,,,,,,,,,,,,,,,
2025-12-17,10:04:34.135000,6a,Toxicity,Original,,114.27044677734376,1.734100580215454,198.1564483642578,0.385292500257492,1.2393633127212524,0.2997373938560486,11.153897285461426,15.111953735351562,3.5928237438201904,0.1780997216701507,0.3469704091548919,0.2232418060302734,6.702415943145752,0.0,0.1571213752031326,2.471254587173462,16.092607498168945,37.0,25.0,30.0,85.71428680419922,
2025-12-17,10:04:36.135000,6a,Toxicity,Original,,59.570926666259766,1.949032425880432,116.1056671142578,0.4359392523765564,0.7552182078361511,0.955069065093994,11.153897285461426,11.793633460998535,6.634059906005859,0.2742714583873749,0.7329312562942505,0.1275166422128677,5.910584926605225,0.0,0.4216271638870239,,,37.0,25.0,30.0,66.66666412353516,
2025-12-17,10:04:38.135000,6a,Toxicity,Original,,115.78417205810548,2.0758748054504395,229.4289093017578,0.7846477627754211,1.2408262491226196,0.1620018482208252,11.153897285461426,13.414899826049805,7.740296363830566,0.2363705188035965,0.3821367025375366,0.4833343625068664,5.799016952514648,129.18072509765625,0.1615024209022522,5.897039413452148,19.73711204528809,37.0,25.0,30.0,0.0,
2025-12-17,10:04:40.135000,6a,Toxicity,Original,,144.09622192382812,1.694364309310913,245.25294494628903,0.3437297344207763,0.4336395263671875,0.829999566078186,11.153897285461426,13.537519454956056,10.568662643432615,0.1824515759944915,0.2357129752635955,0.4671574234962463,10.413996696472168,3.1265242099761963,0.1694068014621734,10.797532081604004,29.24420738220215,37.0,25.0,30.0,66.66666412353516,
2025-12-17,10:04:40.135000,FinePointe Series WBP [SN 139781]  Site 4 Bias Flow is out of range.,,,,,,,,,,,,,,,,,,,,,,,,,
2025-12-17,10:04:40.135000,FinePointe Series WBP [SN 139781]  Site 2 Bias Flow is out of range.,,,,,,,,,,,,,,,,,,,,,,,,,
2025-12-17,10:04:40.135000,FinePointe Series WBP [SN 139781]  Site 1 Bias Flow is out of range.,,,,,,,,,,,,,,,,,,,,,,,,,
2025-12-17,10:04:46.135000,6a,Toxicity,Original,,63.32188034057617,2.171456813812256,137.500732421875,0.2433298230171203,0.5550042390823364,0.9237377047538756,11.153897285461426,12.130863189697266,5.907902717590332,0.2568674981594085,0.6906722784042358,0.2510276436805725,6.351274967193604,0.0,0.4478192031383514,,,37.0,25.0,30.0,75.0,
2025-12-17,10:04:48.135000,6a,Toxicity,Original,,71.72635650634766,1.9200143814086916,137.72012329101562,0.6242755651473999,0.731895923614502,0.9211198091506958,11.153897285461426,10.236774444580078,7.77764892578125,0.2644897401332855,0.5720752477645874,0.3344137072563171,5.323041915893555,0.0,0.3346436023712158,,1.6021870374679563,37.0,25.0,30.0,33.33333206176758,
2025-12-17,10:04:50.135000,6a,Toxicity,Original,,70.93048858642578,1.9091219902038572,135.13140869140625,0.342561811208725,0.5241234302520752,0.9089277386665344,11.153897285461426,11.013797760009766,7.172735214233398,0.2631111145019531,0.5844456553459167,0.2685521841049194,6.524534225463867,0.0,0.3883941173553467,,,37.0,25.0,30.0,0.0,
2025-12-17,10:04:50.135000,FinePointe Series WBP [SN 139781]  Site 4 Bias Flow is out of range.,,,,,,,,,,,,,,,,,,,,,,,,,
2025-12-17,10:04:50.135000,FinePointe Series WBP [SN 139781]  Site 2 Bias Flow is out of range.,,,,,,,,,,,,,,,,,,,,,,,,,
2025-12-17,10:04:52.135000,6a,Toxicity,Original,,63.43791198730469,2.188710927963257,138.81814575195312,0.3370788097381592,0.7320306301116943,0.9209622740745544,11.153897285461426,11.679513931274414,5.760608673095703,0.2756495177745819,0.6735751032829285,0.1422194540500641,7.197825908660889,0.0,0.4063916206359863,,0.8687066435813904,37.0,25.0,30.0,0.0,
2025-12-17,10:04:52.135000,FinePointe Series WBP [SN 139781]  Site 1 Bias Flow is out of range.,,,,,,,,,,,,,,,,,,,,,,,,,
2025-12-17,10:04:54.135000,6a,Toxicity,Original,,76.08906555175781,2.1503143310546875,164.9910888671875,0.3947765231132507,0.6371186971664429,0.9358518123626708,11.153897285461426,11.060389518737791,7.520663261413574,0.2766955494880676,0.5400125980377197,0.2381274700164795,6.372147083282471,0.0,0.3322902321815491,,,37.0,25.0,30.0,0.0,
2025-12-17,10:04:58.135000,6a,Toxicity,Original,,55.184326171875,2.0959725379943848,115.75928497314452,0.4903813600540161,1.0383325815200806,0.9661405086517334,11.153897285461426,11.30752944946289,5.58979606628418,0.2650471329689026,0.8224689960479736,0.1191516295075416,7.213640213012695,0.0,0.4332652688026428,,10.765303611755373,37.0,25.0,30.0,60.0,
2025-12-17,10:05:00.135000,6a,Toxicity,Original,,64.04767608642578,1.962722897529602,126.08042907714844,0.4414848983287811,0.7552763223648071,0.9408541917800904,11.153897285461426,10.805656433105469,7.0743560791015625,0.2630440592765808,0.6780832409858704,0.1263649314641952,6.387432098388672,0.0,0.3916633129119873,,,37.0,25.0,30.0,0.0,
2025-12-17,10:05:00.135000,FinePointe Series WBP [SN 139781]  Site 2 Bias Flow is out of range.,,,,,,,,,,,,,,,,,,,,,,,,,
2025-12-17,10:05:02.135000,6a,Toxicity,Original,,59.21009826660156,2.125103235244751,125.89285278320312,0.5634902119636536,1.033161759376526,0.940520405769348,11.153897285461426,11.194464683532717,6.002525329589844,0.284401535987854,0.7292230129241943,0.1786913871765136,6.753328323364258,0.0,0.3681056201457977,,11.19407081604004,37.0,25.0,30.0,0.0,
2025-12-17,10:05:02.135000,FinePointe Series WBP [SN 139781]  Site 1 Bias Flow is out of range.,,,,,,,,,,,,,,,,,,,,,,,,,
2025-12-17,10:05:04.135000,6a,Toxicity,Original,,68.32594299316406,2.0142335891723637,137.6549530029297,0.2783465385437011,0.4791439473628998,0.9314016699790956,11.153897285461426,10.98930835723877,7.51251220703125,0.270695686340332,0.6106849908828735,0.1982970982789993,6.64999532699585,0.0,0.4178512990474701,,,37.0,25.0,30.0,0.0,
2025-12-17,10:05:06.135000,6a,Toxicity,Original,,65.34549713134766,1.939636468887329,126.48895263671876,0.3726129531860351,0.547214686870575,0.9414196014404296,11.153897285461426,10.111474990844728,6.764301300048828,0.2812258601188659,0.6406744718551636,0.1821731030941009,6.617672920227051,0.0,0.4196824729442596,,0.1994857043027877,37.0,25.0,30.0,0.0,
2025-12-17,10:05:08.135000,6a,Toxicity,Original,,79.56514739990234,1.910803198814392,149.7534942626953,0.2133373022079467,0.4296493232250213,0.9259116053581238,11.153897285461426,11.547356605529783,7.114495754241943,0.2469359338283538,0.5239310264587402,0.2213829308748245,8.050239562988281,0.0,0.3689795732498169,11.706094741821287,,37.0,25.0,30.0,0.0,
2025-12-17,10:05:10.135000,6a,Toxicity,Original,,128.35379028320312,2.531402349472046,346.062255859375,0.2591499984264374,0.4736348390579223,0.5172573328018188,11.153897285461426,26.79747772216797,15.66725730895996,0.1562248319387436,0.3241963684558868,0.8318597078323364,13.275394439697266,0.0,0.2417734265327453,13.516610145568848,6.386906623840332,37.0,25.0,30.0,0.0,
2025-12-17,10:05:10.135000,FinePointe Series WBP [SN 139781]  Site 2 Bias Flow is out of range.,,,,,,,,,,,,,,,,,,,,,,,,,
2025-12-17,10:05:12.135000,6a,Toxicity,Original,,97.05988311767578,2.0433974266052246,198.33192443847656,0.5938007831573486,1.064720630645752,0.1142832934856414,11.153897285461426,10.812365531921388,4.878770351409912,0.2681676745414734,0.35000741481781,0.2365699410438537,5.103071689605713,0.0,0.1723534017801284,,37.69339370727539,37.0,25.0,30.0,66.66666412353516,
2025-12-17,10:05:12.135000,FinePointe Series WBP [SN 139781]  Site 1 Bias Flow is out of range.,,,,,,,,,,,,,,,,,,,,,,,,,
2025-12-17,10:05:14.135000,6a,Toxicity,Original,,60.0298957824707,2.378765106201172,142.79702758789062,0.5192148685455322,0.8631375432014465,0.9526330828666688,11.153897285461426,11.232051849365234,5.822099685668945,0.2856909036636352,0.7138110399246216,0.2081523686647415,5.582757472991943,0.0,0.3867391049861908,,,37.0,25.0,30.0,75.0,
2025-12-17,10:05:16.135000,6a,Toxicity,Original,,64.29772186279297,2.024202823638916,129.43038940429688,0.6311799883842468,0.8652451038360596,0.492539644241333,11.153897285461426,10.648323059082031,6.85041093826294,0.2766005098819732,0.664802074432373,0.1836471259593963,6.151880741119385,0.0,0.360660970211029,,4.695979595184326,37.0,25.0,30.0,0.0,
2025-12-17,10:05:18.135000,6a,Toxicity,Original,,63.27359771728516,1.90461266040802,120.57049560546876,0.5526450276374817,0.7908322811126709,0.5003881454467773,11.153897285461426,10.705215454101562,6.648604393005371,0.2666210532188415,0.6827040910720825,0.2203708440065384,6.180346488952637,0.0,0.3862124979496002,,1.0389976501464844,37.0,25.0,30.0,0.0,
2025-12-17,10:05:20.135000,6a,Toxicity,Original,,69.71031951904297,2.105512380599976,145.68350219726562,0.5485087633132935,0.7599248886108398,0.5221627950668335,11.153897285461426,10.075698852539062,7.016600608825684,0.2940674424171448,0.5834022760391235,0.229396104812622,6.447834491729736,0.0,0.3364660143852234,,15.681921005249023,37.0,25.0,30.0,0.0,
2025-12-17,10:05:20.135000,FinePointe Series WBP [SN 139781]  Site 2 Bias Flow is out of range.,,,,,,,,,,,,,,,,,,,,,,,,,
2025-12-17,10:05:20.135000,FinePointe Series WBP [SN 139781]  Site 1 Bias Flow is out of range.,,,,,,,,,,,,,,,,,,,,,,,,,
2025-12-17,10:05:22.135000,6a,Toxicity,Original,,66.64131164550781,2.08866548538208,139.03237915039062,0.4531792402267456,0.7682263255119324,0.9357600808143616,11.153897285461426,10.963662147521973,6.910486221313477,0.2835816740989685,0.6255722045898438,0.1709557324647903,6.980103492736816,0.0,0.3590995371341705,,9.08615493774414,37.0,25.0,30.0,25.0,
2025-12-17,10:05:24.135000,6a,Toxicity,Original,,64.48982238769531,1.88058876991272,121.04214477539062,0.5427806377410889,0.8895105123519897,0.9298158884048462,11.153897285461426,9.882685661315918,6.515571594238281,0.2992653548717499,0.6335049271583557,0.2933790683746338,7.466743469238281,0.0,0.3431680202484131,,2.5083742141723637,37.0,25.0,30.0,0.0,
2025-12-17,10:05:26.135000,6a,Toxicity,Original,,62.4678955078125,2.0268688201904297,126.5302734375,0.4324489831924438,0.6834871768951416,0.9394810199737548,11.153897285461426,9.777109146118164,6.449779510498047,0.2975207567214966,0.6631313562393188,0.1882144957780838,7.105166435241699,0.0,0.4002770185470581,,,37.0,25.0,30.0,0.0,
2025-12-17,10:05:28.135000,6a,Toxicity,Original,,98.0812759399414,1.5300390720367432,141.84124755859375,0.3297383189201355,0.4216494858264923,0.9094979166984558,11.153897285461426,9.735666275024414,9.183771133422852,0.2301216125488281,0.4083223342895508,0.4399715662002563,8.819259643554688,0.0,0.2900486588478088,7.315367221832275,,37.0,25.0,30.0,33.33333206176758,
2025-12-17,10:05:28.135000,FinePointe Series WBP [SN 139781]  Site 4 Bias Flow is out of range.,,,,,,,,,,,,,,,,,,,,,,,,,
2025-12-17,10:05:30.135000,6a,Toxicity,Original,,61.14033126831055,1.924085021018982,117.63919830322266,0.5998690724372864,0.8948661684989929,0.9576965570449828,11.153897285461426,10.10883331298828,7.629675388336182,0.2650469243526459,0.7163020372390747,0.2135170847177505,5.816709518432617,0.0,0.381852924823761,,,37.0,25.0,30.0,50.0,
2025-12-17,10:05:30.135000,FinePointe Series WBP [SN 139781]  Site 2 Bias Flow is out of range.,,,,,,,,,,,,,,,,,,,,,,,,,
2025-12-17,10:05:32.135000,6a,Toxicity,Original,,77.67523956298828,1.8435821533203125,143.20068359375,1.3413532972335815,2.192834854125977,0.0741926133632659,11.153897285461426,9.801935195922852,4.362674236297607,0.26026651263237,0.5121803879737854,0.1123028472065925,4.68945837020874,0.0,0.1621932238340377,,26.045063018798828,37.0,25.0,30.0,75.0,
2025-12-17,10:05:32.135000,FinePointe Series WBP [SN 139781]  Site 1 Bias Flow is out of range.,,,,,,,,,,,,,,,,,,,,,,,,,
2025-12-17,10:05:36.135000,6a,Toxicity,Original,,71.90441131591797,1.8122752904891968,130.8990936279297,0.3210572898387909,0.4590631127357483,0.9173615574836732,11.153897285461426,10.617125511169434,7.848331928253174,0.2528259456157684,0.5874860286712646,0.1910732835531234,6.011561393737793,0.0,0.4063454270362854,,,37.0,25.0,30.0,57.14285659790039,
2025-12-17,10:05:38.135000,6a,Toxicity,Original,,62.6919059753418,1.7580513954162598,110.2509765625,0.4321655035018921,0.6917434334754944,0.9459174871444702,11.153897285461426,10.468002319335938,6.814599514007568,0.2497674524784088,0.7073178291320801,0.1764381527900695,6.481514930725098,0.0,0.4226447343826294,,,37.0,25.0,30.0,0.0,
2025-12-17,10:05:38.135000,FinePointe Series WBP [SN 139781]  Site 4 Bias Flow is out of range.,,,,,,,,,,,,,,,,,,,,,,,,,
2025-12-17,10:05:40.135000,6a,Toxicity,Original,,64.37568664550781,2.063484907150269,132.90965270996094,0.3936008810997009,0.6383894085884094,0.9189845323562622,11.153897285461426,10.492161750793455,6.479360580444336,0.295089840888977,0.6374264359474182,0.1990472972393036,7.349400520324707,0.0,0.3965175151824951,,,37.0,25.0,30.0,0.0,
2025-12-17,10:05:40.135000,FinePointe Series WBP [SN 139781]  Site 2 Bias Flow is out of range.,,,,,,,,,,,,,,,,,,,,,,,,,
2025-12-17,10:05:42.135000,6a,Toxicity,Original,,93.12149810791016,1.746985912322998,161.67723083496094,0.1883417665958404,0.315043181180954,0.9199367165565492,11.153897285461426,11.81540298461914,8.40926742553711,0.2250523120164871,0.424071192741394,0.3028757572174072,20.70542526245117,0.0,0.3278925716876983,10.144160270690918,,37.0,25.0,30.0,0.0,
2025-12-17,10:05:42.135000,FinePointe Series WBP [SN 139781]  Site 1 Bias Flow is out of range.,,,,,,,,,,,,,,,,,,,,,,,,,
2025-12-17,10:05:44.135000,6a,Toxicity,Original,,55.58759307861328,1.774763822555542,98.73088073730467,0.8376913070678711,1.3639540672302246,0.9590009450912476,11.153897285461426,10.608709335327148,5.4821062088012695,0.2556739747524261,0.8237205743789673,0.1413414776325225,5.91285514831543,0.0,0.3564576506614685,,14.534334182739258,37.0,25.0,30.0,0.0,
2025-12-17,10:05:46.135000,6a,Toxicity,Original,,59.14384460449219,1.96927809715271,116.49501037597656,0.2466143071651458,0.4107747077941894,0.9508041739463806,11.153897285461426,9.822263717651367,6.948853492736816,0.2881034314632416,0.7268882989883423,0.1256960183382034,6.590969085693359,0.0,0.5211902856826782,,,37.0,25.0,30.0,0.0,
2025-12-17,10:05:48.135000,6a,Toxicity,Original,,60.34052658081055,1.9576541185379028,118.12696075439452,0.4121183156967163,0.5870234370231628,0.9378986358642578,11.153897285461426,9.285853385925291,7.059609413146973,0.2960909008979797,0.6984113454818726,0.1756598651409149,6.773444175720215,0.0,0.4462754726409912,,,37.0,25.0,30.0,0.0,
2025-12-17,10:05:48.135000,FinePointe Series WBP [SN 139781]  Site 4 Bias Flow is out of range.,,,,,,,,,,,,,,,,,,,,,,,,,
2025-12-17,10:05:50.135000,6a,Toxicity,Original,,83.61599731445312,1.8098872900009155,151.63661193847656,0.2822068929672241,0.448556900024414,0.9384635090827942,11.153897285461426,11.714011192321776,8.583250999450684,0.2284522354602813,0.5015218257904053,0.1933193653821945,7.9604411125183105,0.0,0.3480346500873565,,,37.0,25.0,30.0,0.0,
2025-12-17,10:05:50.135000,FinePointe Series WBP [SN 139781]  Site 2 Bias Flow is out of range.,,,,,,,,,,,,,,,,,,,,,,,,,
2025-12-17,10:05:50.135000,FinePointe Series WBP [SN 139781]  Site 1 Bias Flow is out of range.,,,,,,,,,,,,,,,,,,,,,,,,,
2025-12-17,10:05:54.135000,6a,Toxicity,Original,,57.19103240966797,2.054201126098633,117.45742797851562,0.571537971496582,1.0258885622024536,0.95705646276474,11.153897285461426,11.212271690368652,6.276201725006104,0.2666354775428772,0.7825257778167725,0.1500235199928283,6.948443412780762,0.0,0.3902426958084106,,,37.0,25.0,30.0,33.33333206176758,
2025-12-17,10:05:56.135000,6a,Toxicity,Original,,56.169681549072266,2.154927492141724,121.07598876953124,0.7882803678512573,1.1162134408950806,0.9538604617118835,11.153897285461426,10.138017654418944,7.014579772949219,0.2996408343315124,0.7692570686340332,0.1471468359231948,6.401023864746094,0.0,0.3728123009204864,,15.884684562683104,37.0,25.0,30.0,0.0,
2025-12-17,10:05:58.135000,6a,Toxicity,Original,,61.64980697631836,2.080223798751831,127.68130493164062,0.4090466499328613,0.6618469953536987,0.9408661127090454,11.153897285461426,9.910483360290527,7.283718109130859,0.2939679324626922,0.6907573938369751,0.2093346714973449,7.154714584350586,0.0,0.4187457859516144,,,37.0,25.0,30.0,0.0,
2025-12-17,10:06:00.135000,6a,Toxicity,Original,,63.50682067871094,1.8741466999053955,118.97012329101562,0.4768136739730835,0.6559040546417236,0.9330687522888184,11.153897285461426,9.913251876831056,7.13290548324585,0.2880710661411285,0.6569373607635498,0.2556377947330475,6.771123886108398,0.0,0.4022347629070282,,,37.0,25.0,30.0,0.0,
2025-12-17,10:06:00.135000,FinePointe Series WBP [SN 139781]  Site 2 Bias Flow is out of range.,,,,,,,,,,,,,,,,,,,,,,,,,
2025-12-17,10:06:02.135000,6a,Toxicity,Original,,59.86786651611328,2.036918878555298,121.95822143554688,0.5791500806808472,0.8636673092842102,0.9478088617324828,11.153897285461426,9.817794799804688,6.651394844055176,0.2838118076324463,0.7208310961723328,0.1477961838245391,5.99290943145752,0.0,0.3910463452339172,,,37.0,25.0,30.0,0.0,
2025-12-17,10:06:02.135000,FinePointe Series WBP [SN 139781]  Site 1 Bias Flow is out of range.,,,,,,,,,,,,,,,,,,,,,,,,,
2025-12-17,10:06:04.135000,6a,Toxicity,Original,,62.054954528808594,2.064544916152954,128.52806091308594,0.4359478056430816,0.7604783773422241,0.9309291839599608,11.153897285461426,10.58037281036377,7.024291515350342,0.297637790441513,0.6737793684005737,0.1635675281286239,7.494964599609375,0.0,0.3927347362041473,,,37.0,25.0,30.0,0.0,
2025-12-17,10:06:06.135000,6a,Toxicity,Original,,98.4468231201172,1.8385145664215088,180.99591064453125,0.209625169634819,0.4592398107051849,0.911085307598114,11.153897285461426,12.237625122070312,6.800185680389404,0.220918521285057,0.3885475993156433,0.3574126362800598,8.531548500061035,0.0,0.2703535854816437,5.573460578918457,,37.0,25.0,30.0,0.0,
2025-12-17,10:06:08.135000,6a,Toxicity,Original,,22.95562171936035,4.71841287612915,108.31409454345705,9.49388313293457,8.35213565826416,0.0047951135784387,11.153897285461426,23.412399291992188,11.21127986907959,0.5282825231552124,2.085456371307373,0.2296724319458007,6.133380889892578,828.55908203125,0.2290437221527099,,22.27189064025879,37.0,25.0,30.0,0.0,
2025-12-17,10:06:10.135000,6a,Toxicity,Original,,73.93977355957031,1.7645429372787476,127.68072509765624,0.2223944962024688,0.4328450560569763,0.9456114172935486,11.153897285461426,11.277437210083008,6.420591831207275,0.2399884611368179,0.6056679487228394,0.208591878414154,6.268069267272949,0.0,0.4210809469223022,,,37.0,25.0,30.0,50.0,
2025-12-17,10:06:10.135000,FinePointe Series WBP [SN 139781]  Site 2 Bias Flow is out of range.,,,,,,,,,,,,,,,,,,,,,,,,,
2025-12-17,10:06:12.135000,6a,Toxicity,Original,,59.10586166381836,1.7331551313400269,102.43962860107422,0.275819718837738,0.5275020599365234,0.9407119154930116,11.153897285461426,9.954931259155272,6.914156913757324,0.247623935341835,0.7675038576126099,0.2420963048934936,6.60427713394165,0.0,0.5069590210914612,,,37.0,25.0,30.0,50.0,
2025-12-17,10:06:12.135000,FinePointe Series WBP [SN 139781]  Site 1 Bias Flow is out of range.,,,,,,,,,,,,,,,,,,,,,,,,,
2025-12-17,10:06:14.135000,6a,Toxicity,Original,,53.750762939453125,1.9232664108276367,103.37703704833984,0.502160906791687,0.8743000030517578,0.9603772163391112,11.153897285461426,11.372291564941406,6.02911376953125,0.2686795592308044,0.8475836515426636,0.1161862984299659,5.647326946258545,0.0,0.4558675587177276,,,37.0,25.0,30.0,0.0,
2025-12-17,10:06:16.135000,6a,Toxicity,Original,,64.32978057861328,2.047933578491211,132.02882385253906,0.2625187039375305,0.4996719360351562,0.942255198955536,11.153897285461426,10.474315643310549,5.952825546264648,0.2883490025997162,0.656279444694519,0.1467696577310562,7.008463382720947,0.0,0.4408934712409973,,,37.0,25.0,30.0,0.0,
2025-12-17,10:06:18.135000,6a,Toxicity,Original,,63.813697814941406,1.7728019952774048,112.50934600830078,0.354367583990097,0.8006908893585205,0.9568834900856018,11.153897285461426,11.70870590209961,6.076171875,0.2262759655714035,0.7405911684036255,0.1865479350090026,11.530546188354492,0.0,0.4123295843601227,,0.6545335054397583,37.0,25.0,30.0,0.0,
2025-12-17,10:06:20.135000,6a,Toxicity,Original,,58.946250915527344,1.861335277557373,109.52613067626952,0.2911752164363861,0.5742985010147095,0.8691805005073547,11.153897285461426,9.81671142578125,5.219654560089111,0.2860897183418274,0.7333880066871643,0.1736293733119964,7.065088748931885,0.0,0.4731407761573791,,,37.0,25.0,30.0,0.0,
2025-12-17,10:06:20.135000,FinePointe Series WBP [SN 139781]  Site 2 Bias Flow is out of range.,,,,,,,,,,,,,,,,,,,,,,,,,
2025-12-17,10:06:22.135000,6a,Toxicity,Original,,91.92527770996094,1.7007319927215576,155.2899169921875,0.2208199501037597,0.3854236006736755,0.9101568460464478,11.153897285461426,10.763340950012209,7.509302139282227,0.2473397552967071,0.436536431312561,0.2989773154258728,10.503910064697266,0.0,0.326379656791687,9.160422325134276,5.817972183227539,37.0,25.0,30.0,0.0,
2025-12-17,10:06:22.135000,FinePointe Series WBP [SN 139781]  Site 1 Bias Flow is out of range.,,,,,,,,,,,,,,,,,,,,,,,,,
2025-12-17,10:06:24.135000,6a,Toxicity,Original,,79.16061401367188,1.5835106372833252,123.51380920410156,0.2747537791728973,0.5468530058860779,0.9445891976356506,11.153897285461426,12.161104202270508,7.548462390899658,0.2022983729839325,0.604499876499176,0.2653628587722778,25.46909523010254,0.0,0.3913107514381408,14.597860336303713,11.17494010925293,37.0,25.0,30.0,0.0,
2025-12-17,10:06:26.135000,6a,Toxicity,Original,,79.63896179199219,1.83147931098938,147.20001220703125,0.3402285575866699,0.6158499717712402,0.9500451683998108,11.153897285461426,12.22085952758789,7.949199676513672,0.224657654762268,0.555776834487915,0.1150629520416259,6.758889198303223,0.0,0.3429281115531921,,,37.0,25.0,30.0,0.0,
2025-12-17,10:06:28.135000,6a,Toxicity,Original,,58.23960876464844,1.6780022382736206,98.00222778320312,0.2520064413547516,0.6781160831451416,0.9540894031524658,11.153897285461426,12.510515213012695,6.065162181854248,0.214417427778244,0.8159470558166504,0.1439230591058731,9.596888542175291,0.0,0.4982223808765411,,4.795751571655273,37.0,25.0,30.0,0.0,
2025-12-17,10:06:30.135000,6a,Toxicity,Original,,57.7381591796875,2.102415084838867,121.28567504882812,0.3481721878051758,0.5845062732696533,0.9236019849777222,11.153897285461426,10.371854782104492,6.656222343444824,0.2907153069972992,0.7505679130554199,0.1690034866333007,6.59605073928833,0.0,0.4788572192192077,,,37.0,25.0,30.0,0.0,
2025-12-17,10:06:30.135000,FinePointe Series WBP [SN 139781]  Site 2 Bias Flow is out of range.,,,,,,,,,,,,,,,,,,,,,,,,,
2025-12-17,10:06:30.135000,FinePointe Series WBP [SN 139781]  Site 1 Bias Flow is out of range.,,,,,,,,,,,,,,,,,,,,,,,,,
2025-12-17,10:06:32.135000,6a,Toxicity,Original,,73.4633560180664,1.8266698122024536,135.14132690429688,0.2337781190872192,0.4332786202430725,0.9430261254310608,11.153897285461426,12.057245254516602,8.109387397766113,0.230452075600624,0.5949535369873047,0.1529773473739624,8.908647537231445,0.0,0.4158645868301391,,,37.0,25.0,30.0,0.0,
2025-12-17,10:06:34.135000,6a,Toxicity,Original,,58.37995910644531,1.8840569257736208,110.07395935058594,0.368743896484375,0.5932251214981079,0.9379563331604004,11.153897285461426,9.562955856323242,6.351085662841797,0.2785749435424804,0.7493017911911011,0.1694832444190979,6.41538143157959,0.0,0.4760907292366028,,,37.0,25.0,30.0,0.0,
2025-12-17,10:06:34.135000,FinePointe Series WBP [SN 139781]  Site 4 Bias Flow is out of range.,,,,,,,,,,,,,,,,,,,,,,,,,
2025-12-17,10:06:36.135000,6a,Toxicity,Original,,71.2057113647461,1.8931410312652588,133.19497680664062,0.2500413656234741,0.5029685497283936,0.9449270367622375,11.153897285461426,10.724804878234863,6.223097324371338,0.26107257604599,0.5985971093177795,0.166782721877098,11.535197257995604,0.0,0.4039007723331451,2.8878393173217773,,37.0,25.0,30.0,0.0,
2025-12-17,10:06:38.135000,6a,Toxicity,Original,,55.97420883178711,1.8980317115783687,105.8729476928711,0.3598306179046631,0.6425329446792603,0.9498586654663086,11.153897285461426,10.39763069152832,6.887612819671631,0.2677776217460632,0.8054019212722778,0.1498404443264007,6.654847145080566,0.0,0.495237648487091,,,37.0,25.0,30.0,0.0,
2025-12-17,10:06:40.135000,6a,Toxicity,Original,,61.48110580444336,1.9747190475463867,121.20795440673828,0.3361191749572754,0.561387300491333,0.9270426034927368,11.153897285461426,9.568634033203123,6.825169563293457,0.2956757545471191,0.6857328414916992,0.1477456986904144,6.911823272705078,0.0,0.4463826417922973,,,37.0,25.0,30.0,0.0,
2025-12-17,10:06:40.135000,FinePointe Series WBP [SN 139781]  Site 2 Bias Flow is out of range.,,,,,,,,,,,,,,,,,,,,,,,,,
2025-12-17,10:06:42.135000,6a,Toxicity,Original,,84.47557830810547,1.6883361339569092,143.49246215820312,0.2749915719032287,0.4222433567047119,0.9369630813598632,11.153897285461426,11.313369750976562,8.732537269592285,0.2213881015777588,0.4900287389755249,0.2253340184688568,7.0144548416137695,0.0,0.3474196791648865,,,37.0,25.0,30.0,0.0,
2025-12-17,10:06:42.135000,FinePointe Series WBP [SN 139781]  Site 1 Bias Flow is out of range.,,,,,,,,,,,,,,,,,,,,,,,,,
2025-12-17,10:06:44.135000,6a,Toxicity,Original,,57.9659309387207,1.7639219760894775,102.60081481933594,0.4017666578292846,0.8591945171356201,0.9562116265296936,11.153897285461426,11.55070686340332,5.830499172210693,0.2279165536165237,0.8079339265823364,0.1416284888982772,6.675603866577148,0.0,0.4395823180675506,,9.867823600769045,37.0,25.0,30.0,0.0,
2025-12-17,10:06:44.135000,FinePointe Series WBP [SN 139781]  Site 4 Bias Flow is out of range.,,,,,,,,,,,,,,,,,,,,,,,,,
2025-12-17,10:06:46.135000,6a,Toxicity,Original,,73.03248596191406,1.8847293853759768,137.8578643798828,0.3491264581680298,0.5649817585945129,0.933165967464447,11.153897285461426,10.667509078979492,6.962960243225098,0.2695499658584595,0.5782010555267334,0.2547191381454468,7.559961318969727,0.0,0.3751119971275329,1.055406928062439,1.1281301975250244,37.0,25.0,30.0,0.0,
2025-12-17,10:06:48.135000,6a,Toxicity,Original,,63.72944259643555,1.423592448234558,90.72474670410156,0.2352544367313385,0.6088091135025024,0.9558947682380676,11.153897285461426,14.244580268859863,6.674809455871582,0.1589671969413757,0.782512903213501,0.3195001780986786,11.22595500946045,0.0,0.4914022982120514,,0.3046349287033081,37.0,25.0,30.0,50.0,
2025-12-17,10:06:50.135000,6a,Toxicity,Original,,57.53227233886719,1.9369137287139893,111.4248504638672,0.4740737080574035,0.7577283382415771,0.9587134122848512,11.153897285461426,9.69522476196289,6.642114639282227,0.2795535326004028,0.7655582427978516,0.1688741147518158,6.009675025939941,0.0,0.4397053122520447,,,37.0,25.0,30.0,0.0,
2025-12-17,10:06:50.135000,FinePointe Series WBP [SN 139781]  Site 2 Bias Flow is out of range.,,,,,,,,,,,,,,,,,,,,,,,,,
2025-12-17,10:06:52.135000,6a,Toxicity,Original,,82.88085174560547,2.322204828262329,192.46630859375,0.424154132604599,0.796065628528595,0.9426386952400208,11.153897285461426,13.160696029663086,8.535362243652344,0.2550342977046966,0.4688965082168579,0.3863219618797302,6.9911394119262695,0.0,0.2647064626216888,1.4067490100860596,5.474196910858154,37.0,25.0,30.0,0.0,
2025-12-17,10:06:52.135000,FinePointe Series WBP [SN 139781]  Site 1 Bias Flow is out of range.,,,,,,,,,,,,,,,,,,,,,,,,,
2025-12-17,10:06:54.135000,6a,Toxicity,Original,,56.16749954223633,1.8612133264541624,104.53970336914062,0.8571782112121582,1.8936775922775269,0.944744348526001,11.153897285461426,10.65877628326416,5.173027992248535,0.2680168747901916,0.8002164959907532,0.1495418399572372,5.876634120941162,0.0,0.278874397277832,,,37.0,25.0,30.0,75.0,
2025-12-17,10:06:56.135000,6a,Toxicity,Original,,89.53327178955078,2.061382532119751,184.56231689453125,0.3265944421291351,0.5296899080276489,0.9308381676673888,11.153897285461426,10.269922256469728,7.529880046844482,0.2705020904541015,0.3996398150920868,0.2379715740680694,7.743721961975098,0.0,0.2656646370887756,,,37.0,25.0,30.0,66.66666412353516,
2025-12-17,10:07:00.135000,6a,Toxicity,Original,,66.26734161376953,2.0265259742736816,134.80941772460938,0.4313688576221466,0.8044137954711914,0.9510153532028198,11.153897285461426,10.03352165222168,6.607683181762695,0.2861396372318268,0.6408141851425171,0.1761864274740219,7.026798248291016,0.0,0.3680548071861267,,14.353017807006836,37.0,25.0,30.0,50.0,
2025-12-17,10:07:00.135000,FinePointe Series WBP [SN 139781]  Site 4 Bias Flow is out of range.,,,,,,,,,,,,,,,,,,,,,,,,,
2025-12-17,10:07:00.135000,FinePointe Series WBP [SN 139781]  Site 2 Bias Flow is out of range.,,,,,,,,,,,,,,,,,,,,,,,,,
2025-12-17,10:07:02.135000,6a,Toxicity,Original,,79.10519409179688,1.7395737171173096,138.2291259765625,0.2836639583110809,0.6510562896728516,0.9512768983840942,11.153897285461426,14.690839767456056,7.795236587524414,0.1904323399066925,0.5805020332336426,0.1789462566375732,8.029422760009766,0.0,0.3522594571113586,,,37.0,25.0,30.0,0.0,
2025-12-17,10:07:02.135000,FinePointe Series WBP [SN 139781]  Site 1 Bias Flow is out of range.,,,,,,,,,,,,,,,,,,,,,,,,,
2025-12-17,10:07:06.135000,6a,Toxicity,Original,,61.163719177246094,1.8723556995391848,114.52054595947266,0.4605194628238678,0.6669871807098389,0.9403619170188904,11.153897285461426,9.621038436889648,6.932211875915527,0.2857321798801422,0.7136483192443848,0.1947615891695022,6.181178569793701,0.0,0.4287230372428894,,,37.0,25.0,30.0,40.0,
2025-12-17,10:07:08.135000,6a,Toxicity,Original,,78.38972473144531,2.0050437450408936,157.38229370117188,0.2895373404026031,0.5646873712539673,0.9440522193908693,11.153897285461426,14.204856872558594,8.807075500488281,0.2115241587162017,0.5539528131484985,0.319406658411026,14.483001708984377,0.0,0.3587393462657928,3.800945281982422,,37.0,25.0,30.0,0.0,
2025-12-17,10:07:10.135000,6a,Toxicity,Original,,54.96464538574219,1.8348915576934812,100.75717163085938,0.5736777782440186,1.1574044227600098,0.95108163356781,11.153897285461426,12.05946445465088,5.71380615234375,0.2384869456291198,0.8535019159317017,0.1241219192743301,8.109395980834961,0.0,0.4006553888320923,,9.570931434631348,37.0,25.0,30.0,0.0,
2025-12-17,10:07:10.135000,FinePointe Series WBP [SN 139781]  Site 4 Bias Flow is out of range.,,,,,,,,,,,,,,,,,,,,,,,,,
2025-12-17,10:07:10.135000,FinePointe Series WBP [SN 139781]  Site 2 Bias Flow is out of range.,,,,,,,,,,,,,,,,,,,,,,,,,
2025-12-17,10:07:12.135000,6a,Toxicity,Original,,56.71683883666992,1.952300190925598,110.7334442138672,0.5730276703834534,0.8948659300804138,0.952267050743103,11.153897285461426,9.778461456298828,5.523988723754883,0.2976580262184143,0.7602689266204834,0.1453461349010467,6.664718151092529,0.0,0.4058003425598144,,,37.0,25.0,30.0,0.0,
2025-12-17,10:07:12.135000,FinePointe Series WBP [SN 139781]  Site 1 Bias Flow is out of range.,,,,,,,,,,,,,,,,,,,,,,,,,
2025-12-17,10:07:14.135000,6a,Toxicity,Original,,70.60811614990234,1.903315544128418,133.9771270751953,0.4162969589233398,0.6657784581184387,0.9247446060180664,11.153897285461426,9.87104606628418,6.773390769958496,0.2874311208724975,0.5894684791564941,0.2016140520572662,7.037456512451172,0.0,0.3660700619220733,,0.9869159460067748,37.0,25.0,30.0,0.0,
2025-12-17,10:07:16.135000,6a,Toxicity,Original,,76.32935333251953,1.5200185775756836,116.02204132080078,0.2017487734556198,0.3814174234867096,0.952243983745575,11.153897285461426,11.529000282287598,7.2782392501831055,0.20008285343647,0.5859842896461487,0.1290900111198425,5.992392063140869,0.0,0.4274133443832397,,,37.0,25.0,30.0,50.0,
2025-12-17,10:07:18.135000,6a,Toxicity,Original,,56.12350463867188,1.8438454866409304,103.48306274414062,0.9495320320129396,1.4531697034835815,0.952978491783142,11.153897285461426,9.23214626312256,6.681837558746338,0.2883606851100921,0.7807101607322693,0.12984499335289,6.133842468261719,0.0,0.3217422664165497,,,37.0,25.0,30.0,66.66666412353516,
2025-12-17,10:07:20.135000,6a,Toxicity,Original,,67.45667266845703,1.9309217929840088,130.8109130859375,0.3828129470348358,0.8582065105438232,0.958275556564331,11.153897285461426,12.200340270996094,6.45279598236084,0.2385285049676895,0.6544739007949829,0.1629892885684967,6.716765880584717,0.0,0.3550631105899811,,3.4903926849365234,37.0,25.0,30.0,0.0,
2025-12-17,10:07:20.135000,FinePointe Series WBP [SN 139781]  Site 2 Bias Flow is out of range.,,,,,,,,,,,,,,,,,,,,,,,,,
2025-12-17,10:07:22.135000,6a,Toxicity,Original,,58.705448150634766,1.996959924697876,117.27510833740234,0.5249533653259277,0.775066614151001,0.9544950723648072,11.153897285461426,10.530755996704102,5.918486595153809,0.2803785800933838,0.7417543530464172,0.1042329967021942,5.756283760070801,0.0,0.4260955452919006,,,37.0,25.0,30.0,0.0,
2025-12-17,10:07:22.135000,FinePointe Series WBP [SN 139781]  Site 1 Bias Flow is out of range.,,,,,,,,,,,,,,,,,,,,,,,,,
2025-12-17,10:07:24.135000,6a,Toxicity,Original,,62.43239974975586,1.9659347534179688,122.74032592773438,0.5096262693405151,0.7614976167678833,0.9489666223526,11.153897285461426,10.043386459350586,6.87969446182251,0.2929445505142212,0.6680953502655029,0.1796683967113495,6.349475860595703,0.0,0.3846285045146942,,,37.0,25.0,30.0,0.0,
2025-12-17,10:07:26.135000,6a,Toxicity,Original,,88.67053985595703,1.6708643436431885,144.31939697265625,0.2781444489955902,0.4399305880069732,0.9278425574302672,11.153897285461426,11.164834022521973,7.777298927307129,0.2235210835933685,0.4708485007286072,0.3624011874198913,9.366063117980955,0.0,0.3317285180091858,9.872363090515137,,37.0,25.0,30.0,0.0,
2025-12-17,10:07:28.135000,6a,Toxicity,Original,,47.2733039855957,1.7975711822509766,84.97712707519531,1.0703006982803345,1.5829055309295654,0.0523271821439266,11.153897285461426,10.821090698242188,5.223764419555664,0.2372468709945678,1.0319684743881226,0.1629107445478439,5.608999252319336,446.6315002441406,0.402579128742218,,13.753334999084473,37.0,25.0,30.0,0.0,
2025-12-17,10:07:30.135000,6a,Toxicity,Original,,53.78898239135742,1.904911756515503,102.3090591430664,0.6385914087295532,1.1127387285232544,0.959504246711731,11.153897285461426,9.730417251586914,6.045607566833496,0.2931767404079437,0.8232340812683105,0.153306633234024,6.171974182128906,0.0,0.3998972177505493,,10.727581024169922,37.0,25.0,30.0,0.0,
2025-12-17,10:07:30.135000,FinePointe Series WBP [SN 139781]  Site 2 Bias Flow is out of range.,,,,,,,,,,,,,,,,,,,,,,,,,
2025-12-17,10:07:30.135000,FinePointe Series WBP [SN 139781]  Site 1 Bias Flow is out of range.,,,,,,,,,,,,,,,,,,,,,,,,,
2025-12-17,10:07:32.135000,6a,Toxicity,Original,,68.8348617553711,1.930617332458496,133.33966064453125,0.3001207113265991,0.5876146554946899,0.9341932535171508,11.153897285461426,12.25006866455078,7.13658618927002,0.2443463653326034,0.628774106502533,0.1794906854629516,6.369142532348633,0.0,0.3984699249267578,,,37.0,25.0,30.0,0.0,
2025-12-17,10:07:34.135000,6a,Toxicity,Original,,51.061893463134766,2.938460350036621,150.8735809326172,1.3917051553726196,2.3820528984069824,0.2565595507621765,11.153897285461426,17.807682037353516,8.373711585998535,0.326284110546112,0.8488481044769287,0.4831458032131195,7.780448436737059,239.62803649902344,0.2521346807479858,,36.46683883666992,37.0,25.0,30.0,0.0,
2025-12-17,10:07:36.135000,6a,Toxicity,Original,,74.10214233398438,1.8585875034332275,138.40243530273438,0.3021817803382873,0.6502564549446106,0.9525318145751952,11.153897285461426,12.574901580810549,6.6811628341674805,0.2358788400888443,0.587557852268219,0.2258340120315551,7.895164012908935,0.0,0.3585785627365112,,2.613654613494873,37.0,25.0,30.0,33.33333206176758,
2025-12-17,10:07:38.135000,6a,Toxicity,Original,,88.20996856689453,1.5151230096817017,133.64895629882812,0.2533638775348663,0.4999387860298157,0.9470393657684326,11.153897285461426,13.828404426574709,8.138470649719238,0.1754643470048904,0.5047308802604675,0.1525091528892517,7.451797008514404,0.0,0.3394077122211456,,,37.0,25.0,30.0,0.0,
2025-12-17,10:07:38.135000,FinePointe Series WBP [SN 139781]  Site 4 Bias Flow is out of range.,,,,,,,,,,,,,,,,,,,,,,,,,
2025-12-17,10:07:40.135000,6a,Toxicity,Original,,58.28411102294922,1.9009909629821775,110.7975616455078,0.6127891540527344,0.8960396647453308,0.9437372088432312,11.153897285461426,9.878214836120604,5.562219142913818,0.266515851020813,0.7629242539405823,0.1190241575241088,4.428981781005859,0.0,0.4054925739765167,,,37.0,25.0,30.0,75.0,
2025-12-17,10:07:40.135000,FinePointe Series WBP [SN 139781]  Site 2 Bias Flow is out of range.,,,,,,,,,,,,,,,,,,,,,,,,,
2025-12-17,10:07:42.135000,6a,Toxicity,Original,,58.99144744873047,2.007028102874756,118.54608154296876,0.5321469902992249,0.9780044555664062,0.9466904401779176,11.153897285461426,10.625818252563477,6.290928840637207,0.2782455086708069,0.7393357753753662,0.1114913821220398,6.333940505981445,0.0,0.3786835074424743,,6.544029712677002,37.0,25.0,30.0,0.0,
2025-12-17,10:07:42.135000,FinePointe Series WBP [SN 139781]  Site 1 Bias Flow is out of range.,,,,,,,,,,,,,,,,,,,,,,,,,
2025-12-17,10:07:44.135000,6a,Toxicity,Original,,79.35987854003906,1.5920318365097046,127.0510025024414,0.4851616621017456,0.8381362557411194,0.9369642734527588,11.153897285461426,12.532950401306152,7.274635791778564,0.2054517120122909,0.579567551612854,0.2715654075145721,7.546027183532715,0.0,0.3257566690444946,12.868322372436523,15.008440017700195,37.0,25.0,30.0,0.0,
2025-12-17,10:07:46.135000,6a,Toxicity,Original,,88.99757385253906,1.725612759590149,153.0833740234375,0.2136861234903335,0.472228467464447,0.9275672435760498,11.153897285461426,12.37417984008789,6.528094291687012,0.2122059911489486,0.4640608131885528,0.1821948438882827,8.91777229309082,0.0,0.3190909624099731,0.946805477142334,0.8417927026748657,37.0,25.0,30.0,0.0,
2025-12-17,10:07:48.135000,6a,Toxicity,Original,,174.80062866210938,1.3741469383239746,238.11907958984372,0.3308698534965515,0.6377803087234497,0.4854099154472351,11.153897285461426,13.544563293457031,6.614603519439697,0.1687650084495544,0.200113445520401,0.4613173007965088,7.463388442993164,0.0,0.1229055151343345,10.707427978515623,9.760095596313477,37.0,25.0,30.0,0.0,
2025-12-17,10:07:50.135000,6a,Toxicity,Original,,56.72875213623047,1.7589006423950195,99.98326110839844,0.7244745492935181,1.117156982421875,0.9552356600761414,11.153897285461426,10.589369773864746,6.362712383270264,0.2708688974380493,0.7882891297340393,0.1195960193872451,6.181945323944092,0.0,0.3788068890571594,,14.145909309387209,37.0,25.0,30.0,33.33333206176758,
2025-12-17,10:07:50.135000,FinePointe Series WBP [SN 139781]  Site 2 Bias Flow is out of range.,,,,,,,,,,,,,,,,,,,,,,,,,
2025-12-17,10:07:50.135000,FinePointe Series WBP [SN 139781]  Site 4 Bias Flow is out of range.,,,,,,,,,,,,,,,,,,,,,,,,,
2025-12-17,10:07:52.135000,6a,Toxicity,Original,,99.24774169921876,1.7913384437561035,178.15170288085938,0.3036210238933563,0.5820723176002502,0.8770217895507812,11.153897285461426,12.833451271057127,7.282934188842773,0.2110819518566131,0.3943231403827667,0.4350229501724243,8.764871597290039,0.0,0.2562666833400726,8.755900382995605,4.163609504699707,37.0,25.0,30.0,50.0,
2025-12-17,10:07:52.135000,FinePointe Series WBP [SN 139781]  Site 1 Bias Flow is out of range.,,,,,,,,,,,,,,,,,,,,,,,,,
2025-12-17,10:07:54.135000,6a,Toxicity,Original,,51.728851318359375,1.9491195678710935,100.82572174072266,0.7510591149330139,1.697268843650818,0.9574857950210572,11.153897285461426,15.158858299255373,5.266458511352539,0.2053108960390091,0.9545833468437196,0.1734515875577926,8.261174201965332,0.0,0.3567841053009033,,23.794404983520508,37.0,25.0,30.0,0.0,
2025-12-17,10:07:56.135000,6a,Toxicity,Original,,58.97395706176758,1.9548044204711916,115.30795288085938,0.5888187289237976,0.8267120122909546,0.947576105594635,11.153897285461426,10.081746101379396,6.566703796386719,0.2797098457813263,0.7412750720977783,0.2001298666000366,5.93757438659668,0.0,0.4125483334064483,,5.560637474060059,37.0,25.0,30.0,0.0,
2025-12-17,10:07:58.135000,6a,Toxicity,Original,,88.40802764892578,1.84920597076416,163.4846649169922,0.3054240942001343,0.413645476102829,0.923203468322754,11.153897285461426,9.663853645324709,8.132251739501953,0.2583956718444824,0.4202757179737091,0.2399140745401382,5.995375633239746,0.0,0.3011018633842468,,,37.0,25.0,30.0,0.0,
2025-12-17,10:08:00.135000,6a,Toxicity,Original,,55.75491714477539,2.0338542461395264,113.09764099121094,0.7187259197235107,1.0683178901672363,0.9543535709381104,11.153897285461426,10.388971328735352,5.866433143615723,0.2727950811386108,0.8057671785354614,0.13760307431221,5.365001201629639,0.0,0.3932420015335083,,2.809748411178589,37.0,25.0,30.0,33.33333206176758,
2025-12-17,10:08:00.135000,FinePointe Series WBP [SN 139781]  Site 2 Bias Flow is out of range.,,,,,,,,,,,,,,,,,,,,,,,,,
2025-12-17,10:08:00.135000,FinePointe Series WBP [SN 139781]  Site 4 Bias Flow is out of range.,,,,,,,,,,,,,,,,,,,,,,,,,
2025-12-17,10:08:02.135000,6a,Toxicity,Original,,70.96528625488281,1.998359441757202,141.16896057128906,0.4504785239696502,0.7017402648925781,0.946932315826416,11.153897285461426,10.288759231567385,6.508054256439209,0.2812908887863159,0.594752311706543,0.1762609630823135,5.950867652893066,0.0,0.3503429293632507,,,37.0,25.0,30.0,0.0,
2025-12-17,10:08:02.135000,FinePointe Series WBP [SN 139781]  Site 1 Bias Flow is out of range.,,,,,,,,,,,,,,,,,,,,,,,,,
2025-12-17,10:08:04.135000,6a,Toxicity,Original,,64.61273193359375,1.7230136394500732,111.39564514160156,0.4809335172176361,0.8010979890823364,0.9527741074562072,11.153897285461426,12.156373977661133,6.269620895385742,0.2194293439388275,0.7217113971710205,0.1705190539360046,7.598996162414551,0.0,0.4094462096691131,,5.65985631942749,37.0,25.0,30.0,0.0,
2025-12-17,10:08:06.135000,6a,Toxicity,Original,,78.58123779296875,1.895740032196045,147.54708862304688,0.4163601100444793,0.6237805485725403,0.9348734617233276,11.153897285461426,10.038070678710938,7.1066083908081055,0.2665512561798095,0.5469555854797363,0.276449978351593,6.333476543426514,0.0,0.3450800478458404,2.5672128200531006,1.410022854804993,37.0,25.0,30.0,0.0,
2025-12-17,10:08:08.135000,6a,Toxicity,Original,,55.39911651611328,1.6999619007110596,94.21662902832033,0.4858388602733612,1.1772745847702026,0.9600812196731568,11.153897285461426,12.749820709228516,5.492862224578857,0.2218604385852813,0.8612527251243591,0.1551674604415893,8.19151496887207,0.0,0.4006810188293457,,9.097166061401367,37.0,25.0,30.0,0.0,
2025-12-17,10:08:10.135000,6a,Toxicity,Original,,59.1039924621582,1.9677815437316892,116.23828887939452,0.4463412761688232,0.7030054926872253,0.9476252794265748,11.153897285461426,9.808894157409668,5.753909587860107,0.2927152514457702,0.7238578200340271,0.107803575694561,7.368756294250488,0.0,0.4373498857021332,,,37.0,25.0,30.0,0.0,
2025-12-17,10:08:10.135000,FinePointe Series WBP [SN 139781]  Site 2 Bias Flow is out of range.,,,,,,,,,,,,,,,,,,,,,,,,,
2025-12-17,10:08:10.135000,FinePointe Series WBP [SN 139781]  Site 4 Bias Flow is out of range.,,,,,,,,,,,,,,,,,,,,,,,,,
2025-12-17,10:08:12.135000,6a,Toxicity,Original,,68.88103485107422,1.8070086240768437,125.2769012451172,0.4388554096221924,0.7291494607925415,0.9482359290122986,11.153897285461426,10.701629638671877,7.305495262145996,0.250884473323822,0.6304267644882202,0.2046699523925781,6.787626266479492,0.0,0.3725756108760834,1.267462134361267,2.864093065261841,37.0,25.0,30.0,0.0,
2025-12-17,10:08:12.135000,FinePointe Series WBP [SN 139781]  Site 1 Bias Flow is out of range.,,,,,,,,,,,,,,,,,,,,,,,,,
2025-12-17,10:08:14.135000,6a,Toxicity,Original,,64.68437194824219,1.9442052841186523,125.8682098388672,0.5040640830993652,0.8045917749404907,0.9463231563568116,11.153897285461426,10.182106018066406,6.226366996765137,0.2729454040527344,0.6549263000488281,0.1017657667398452,6.747665882110596,0.0,0.3687391281127929,,,37.0,25.0,30.0,0.0,
2025-12-17,10:08:16.135000,6a,Toxicity,Original,,67.4224624633789,1.9241273403167725,129.88189697265625,0.5220977067947388,0.7762081623077393,0.9454094171524048,11.153897285461426,9.377147674560549,6.729650974273682,0.2827978730201721,0.6212029457092285,0.1749703735113144,6.033282279968262,0.0,0.3511806130409241,,,37.0,25.0,30.0,0.0,
2025-12-17,10:08:18.135000,6a,Toxicity,Original,,65.55046844482422,1.718890905380249,112.00856018066406,0.4218162596225738,0.7764103412628174,0.95768940448761,11.153897285461426,11.959480285644531,5.760110855102539,0.221160814166069,0.7221419811248779,0.1951339542865753,11.104955673217772,0.0,0.4132603108882904,,4.071620941162109,37.0,25.0,30.0,0.0,
2025-12-17,10:08:20.135000,6a,Toxicity,Original,,59.7195930480957,1.936264157295227,115.46824645996094,0.5856583714485168,0.8848463296890259,0.9391506314277648,11.153897285461426,9.72605323791504,6.042014122009277,0.2965417504310608,0.7121264934539795,0.1732009351253509,6.793277740478516,0.0,0.3851044774055481,,5.497891426086426,37.0,25.0,30.0,0.0,
2025-12-17,10:08:20.135000,FinePointe Series WBP [SN 139781]  Site 2 Bias Flow is out of range.,,,,,,,,,,,,,,,,,,,,,,,,,
2025-12-17,10:08:20.135000,FinePointe Series WBP [SN 139781]  Site 4 Bias Flow is out of range.,,,,,,,,,,,,,,,,,,,,,,,,,
2025-12-17,10:08:22.135000,6a,Toxicity,Original,,66.91664123535156,1.9712624549865725,130.89801025390625,0.3808805346488952,0.791038453578949,0.9529258608818054,11.153897285461426,12.978443145751951,7.05644416809082,0.2403326481580734,0.6898203492164612,0.1919266879558563,7.692306518554687,0.0,0.381156325340271,,8.91748046875,37.0,25.0,30.0,0.0,
2025-12-17,10:08:22.135000,FinePointe Series WBP [SN 139781]  Site 1 Bias Flow is out of range.,,,,,,,,,,,,,,,,,,,,,,,,,
2025-12-17,10:08:24.135000,6a,Toxicity,Original,,56.61711502075195,1.850951194763184,104.79103088378906,0.6833182573318481,0.8591375350952148,0.4862293004989624,11.153897285461426,9.032333374023438,6.354708671569824,0.2894019484519958,0.7704145908355713,0.1295913159847259,5.480476379394531,278.8961181640625,0.4187864065170288,,,37.0,25.0,30.0,0.0,
2025-12-17,10:08:26.135000,6a,Toxicity,Original,,88.38054656982422,1.7395542860031128,153.61399841308594,0.4008314311504364,0.6693961024284363,0.9344251155853271,11.153897285461426,11.607200622558594,6.822785377502441,0.2344204187393188,0.465034931898117,0.2164605259895324,6.914348125457764,0.0,0.2873910963535309,0.2301336526870727,3.364377498626709,37.0,25.0,30.0,0.0,
2025-12-17,10:08:28.135000,6a,Toxicity,Original,,81.49366760253906,1.4979147911071775,122.07057189941406,0.2798598110675812,0.5877100825309753,0.96147483587265,11.153897285461426,12.217884063720703,6.911181449890137,0.1787766367197036,0.5574768781661987,0.1826394945383072,7.200485229492188,0.0,0.3539835512638092,,,37.0,25.0,30.0,0.0,
2025-12-17,10:08:30.135000,6a,Toxicity,Original,,139.2991485595703,1.1848150491714478,161.08798217773438,0.1463011503219604,0.2797808051109314,0.8969132900238037,11.153897285461426,11.34891128540039,6.393718242645264,0.1669397354125976,0.2675323188304901,0.2556504905223846,17.096559524536133,0.0,0.2136929035186767,17.09270668029785,,37.0,25.0,30.0,60.0,
2025-12-17,10:08:30.135000,FinePointe Series WBP [SN 139781]  Site 2 Bias Flow is out of range.,,,,,,,,,,,,,,,,,,,,,,,,,
2025-12-17,10:08:30.135000,FinePointe Series WBP [SN 139781]  Site 4 Bias Flow is out of range.,,,,,,,,,,,,,,,,,,,,,,,,,
2025-12-17,10:08:32.135000,6a,Toxicity,Original,,67.32793426513672,1.8288980722427368,123.13592529296876,2.112476110458374,3.857948064804077,0.0461867898702621,11.153897285461426,11.21372890472412,4.072146415710449,0.2416242212057113,0.6495363712310791,0.1643436700105667,4.859663009643555,183.0669403076172,0.1349863559007644,0.2811470627784729,66.60455322265625,37.0,25.0,30.0,50.0,
2025-12-17,10:08:32.135000,FinePointe Series WBP [SN 139781]  Site 1 Bias Flow is out of range.,,,,,,,,,,,,,,,,,,,,,,,,,
2025-12-17,10:08:34.135000,6a,Toxicity,Original,,116.46432495117188,1.459149956703186,133.68057250976562,0.3101633787155151,0.4625293314456939,0.9196208715438844,11.153897285461426,10.26167106628418,7.074237823486328,0.1990618407726287,0.4605138003826141,0.2693025469779968,7.06308126449585,0.0,0.3081005811691284,8.117409706115723,0.5707961320877075,37.0,25.0,30.0,50.0,
2025-12-17,10:08:38.135000,6a,Toxicity,Original,,59.2129135131836,1.880703806877136,111.92301177978516,0.7257631421089172,1.142292857170105,0.9506868720054626,11.153897285461426,10.575443267822266,6.145678520202637,0.2713656425476074,0.7476229071617126,0.1302142739295959,6.59915018081665,0.0,0.3526599407196045,,6.039054870605469,37.0,25.0,30.0,40.0,
2025-12-17,10:08:40.135000,6a,Toxicity,Original,,71.51884460449219,1.9246846437454224,138.46798706054688,0.4578434228897095,0.8792862892150879,0.9416835308074952,11.153897285461426,13.315322875976562,6.856487274169922,0.2172969132661819,0.7044936418533325,0.2529372572898865,6.216797828674316,0.0,0.3683100342750549,,11.582491874694824,37.0,25.0,30.0,0.0,
2025-12-17,10:08:40.135000,FinePointe Series WBP [SN 139781]  Site 2 Bias Flow is out of range.,,,,,,,,,,,,,,,,,,,,,,,,,
2025-12-17,10:08:40.135000,FinePointe Series WBP [SN 139781]  Site 4 Bias Flow is out of range.,,,,,,,,,,,,,,,,,,,,,,,,,
2025-12-17,10:08:40.135000,FinePointe Series WBP [SN 139781]  Site 1 Bias Flow is out of range.,,,,,,,,,,,,,,,,,,,,,,,,,
2025-12-17,10:08:42.135000,6a,Toxicity,Original,,58.02827453613281,1.887638807296753,109.52479553222656,0.5158654451370239,0.7873141765594482,0.9493423700332642,11.153897285461426,9.973577499389648,6.645626068115234,0.2913668155670166,0.7426181435585022,0.1747616082429886,6.170000553131104,0.0,0.423668622970581,,,37.0,25.0,30.0,0.0,
2025-12-17,10:08:44.135000,6a,Toxicity,Original,,71.25395202636719,1.906944274902344,136.01104736328125,0.3332175612449646,0.4864295423030853,0.9492942094802856,11.153897285461426,11.994701385498049,9.36589813232422,0.2407751083374023,0.6055649518966675,0.2949067652225494,16.64444923400879,0.0,0.4144213795661926,9.962517738342283,,37.0,25.0,30.0,0.0,
2025-12-17,10:08:46.135000,6a,Toxicity,Original,,28.66152000427246,4.612348556518555,132.19692993164062,10.655778884887695,8.078784942626953,0.0200148783624172,11.153897285461426,21.37548065185547,12.944287300109863,0.4945885837078094,1.5988105535507202,0.3347217142581939,4.368400573730469,742.0398559570312,0.178163856267929,,39.13043212890625,37.0,25.0,30.0,0.0,
2025-12-17,10:08:48.135000,6a,Toxicity,Original,,57.3472900390625,1.9479234218597408,111.7081298828125,0.3205987215042114,0.7038697004318237,0.9604058265686036,11.153897285461426,10.748560905456545,4.473029613494873,0.2590897381305694,0.7871672511100769,0.1047050207853317,5.342801570892334,0.0,0.4647983908653259,,,37.0,25.0,30.0,66.66666412353516,
2025-12-17,10:08:50.135000,6a,Toxicity,Original,,87.435791015625,1.6768606901168823,146.61764526367188,0.4312143623828888,0.7196170091629028,0.9611859321594238,11.153897285461426,10.3211088180542,6.504494667053223,0.2367730587720871,0.4494447708129883,0.255038321018219,5.4075927734375,0.0,0.2640636265277862,,2.572547912597656,37.0,25.0,30.0,0.0,
2025-12-17,10:08:50.135000,FinePointe Series WBP [SN 139781]  Site 2 Bias Flow is out of range.,,,,,,,,,,,,,,,,,,,,,,,,,
2025-12-17,10:08:50.135000,FinePointe Series WBP [SN 139781]  Site 4 Bias Flow is out of range.,,,,,,,,,,,,,,,,,,,,,,,,,
2025-12-17,10:08:52.135000,6a,Toxicity,Original,,75.37335968017578,1.5461466312408447,116.30368041992188,0.7516162395477295,1.152220368385315,0.3635792732238769,11.153897285461426,11.376124382019045,5.767037391662598,0.2153463214635849,0.5864889621734619,0.2556294500827789,7.796657085418701,0.0,0.286863625049591,4.165352821350098,28.219425201416016,37.0,25.0,30.0,25.0,
2025-12-17,10:08:52.135000,FinePointe Series WBP [SN 139781]  Site 1 Bias Flow is out of range.,,,,,,,,,,,,,,,,,,,,,,,,,
2025-12-17,10:08:54.135000,6a,Toxicity,Original,,60.29464721679688,1.8528701066970823,111.71814727783205,0.2185923308134079,0.4533128440380096,0.94013249874115,11.153897285461426,10.341057777404783,6.444055080413818,0.2781929969787597,0.7169202566146851,0.1372097730636596,6.808401107788086,0.0,0.4979981184005737,,,37.0,25.0,30.0,50.0,
2025-12-17,10:08:56.135000,6a,Toxicity,Original,,54.982418060302734,2.1711697578430176,119.84506225585938,0.3710756599903106,0.7187684774398804,0.9517590999603271,11.153897285461426,10.705404281616213,6.602312088012695,0.2898579835891723,0.8074894547462463,0.1489340811967849,7.2257490158081055,0.0,0.493057370185852,,2.513936281204224,37.0,25.0,30.0,0.0,
2025-12-17,10:08:58.135000,6a,Toxicity,Original,,78.58299255371094,1.891853094100952,142.37088012695312,0.2711631655693054,0.3983324766159057,0.931691348552704,11.153897285461426,11.174175262451172,8.855401992797852,0.2492543905973434,0.5779606699943542,0.2282245457172393,8.936507225036621,0.0,0.4069713354110718,4.295457363128662,,37.0,25.0,30.0,0.0,
2025-12-17,10:09:00.135000,6a,Toxicity,Original,,54.72953414916992,1.7164433002471924,93.79508972167967,0.6379705667495728,1.0522760152816772,0.9495845437049866,11.153897285461426,10.749706268310549,6.099082946777344,0.2378537952899933,0.859346866607666,0.1288398206233978,5.607207298278809,0.0,0.4229829609394073,,2.373995780944824,37.0,25.0,30.0,0.0,
2025-12-17,10:09:00.135000,FinePointe Series WBP [SN 139781]  Site 2 Bias Flow is out of range.,,,,,,,,,,,,,,,,,,,,,,,,,
2025-12-17,10:09:00.135000,FinePointe Series WBP [SN 139781]  Site 4 Bias Flow is out of range.,,,,,,,,,,,,,,,,,,,,,,,,,
2025-12-17,10:09:02.135000,6a,Toxicity,Original,,66.95256042480469,1.848400354385376,124.69933319091795,0.4785725772380829,0.8383254408836365,0.9498522281646729,11.153897285461426,11.840678215026855,6.715043067932129,0.2432391345500946,0.6726651787757874,0.2009721845388412,6.253931045532227,0.0,0.367642343044281,,1.9111963510513303,37.0,25.0,30.0,0.0,
2025-12-17,10:09:02.135000,FinePointe Series WBP [SN 139781]  Site 1 Bias Flow is out of range.,,,,,,,,,,,,,,,,,,,,,,,,,
2025-12-17,10:09:04.135000,6a,Toxicity,Original,,57.10075378417969,1.82338285446167,104.03086853027344,0.5318382978439331,0.95699143409729,0.9492323994636536,11.153897285461426,10.281990051269531,5.821739196777344,0.2722642421722412,0.7804778814315796,0.1097487658262252,7.298845291137695,0.0,0.4208724498748779,,10.254449844360352,37.0,25.0,30.0,0.0,
2025-12-17,10:09:06.135000,6a,Toxicity,Original,,70.70526885986328,1.9891223907470703,140.23008728027344,0.7535252571105957,0.9969021081924438,0.9451013803482056,11.153897285461426,9.638132095336914,7.121808052062988,0.2948912978172302,0.5751502513885498,0.2494671642780304,6.510157585144043,0.0,0.2936407029628753,,3.735069513320923,37.0,25.0,30.0,0.0,
2025-12-17,10:09:08.135000,6a,Toxicity,Original,,59.00934600830078,1.900274395942688,112.13394927978516,0.4137447476387024,0.7498040199279785,0.9526852369308472,11.153897285461426,10.932916641235352,6.8245697021484375,0.2715262174606323,0.7452618479728699,0.0723370835185051,7.09407377243042,0.0,0.430894136428833,,,37.0,25.0,30.0,50.0,
2025-12-17,10:09:10.135000,6a,Toxicity,Original,,70.43972778320312,2.039841651916504,143.5595245361328,0.4645240306854248,0.702538251876831,0.945278525352478,11.153897285461426,10.347356796264648,6.815379142761231,0.2794515788555145,0.5954705476760864,0.1970985829830169,6.242448329925537,0.0,0.3552979230880737,,,37.0,25.0,30.0,0.0,
2025-12-17,10:09:10.135000,FinePointe Series WBP [SN 139781]  Site 2 Bias Flow is out of range.,,,,,,,,,,,,,,,,,,,,,,,,,
2025-12-17,10:09:10.135000,FinePointe Series WBP [SN 139781]  Site 4 Bias Flow is out of range.,,,,,,,,,,,,,,,,,,,,,,,,,
2025-12-17,10:09:12.135000,6a,Toxicity,Original,,69.37501525878906,1.5992074012756348,111.5815887451172,0.2208442687988281,0.6074478626251221,0.9538975954055786,11.153897285461426,14.534473419189451,6.942574501037598,0.1671792417764663,0.7449663877487183,0.1990745067596435,8.672775268554688,0.0,0.4568894505500793,,10.328210830688477,37.0,25.0,30.0,0.0,
2025-12-17,10:09:12.135000,FinePointe Series WBP [SN 139781]  Site 1 Bias Flow is out of range.,,,,,,,,,,,,,,,,,,,,,,,,,
2025-12-17,10:09:14.135000,6a,Toxicity,Original,,59.82046508789063,1.835319995880127,109.81234741210938,0.549636721611023,0.8118399381637573,0.9415562152862548,11.153897285461426,9.93913459777832,6.133978366851807,0.2798333168029785,0.7231862545013428,0.1625134944915771,5.767717361450195,0.0,0.4041786789894104,,,37.0,25.0,30.0,0.0,
2025-12-17,10:09:16.135000,6a,Toxicity,Original,,66.58968353271484,1.920438528060913,128.5092010498047,0.4806103110313415,0.8557568788528442,0.9499943256378174,11.153897285461426,10.184499740600586,6.226342678070068,0.2788799405097961,0.6445470452308655,0.1818888187408447,7.151490688323975,0.0,0.357791006565094,,0.9912113547325134,37.0,25.0,30.0,0.0,
2025-12-17,10:09:18.135000,6a,Toxicity,Original,,58.6425666809082,1.7476909160614014,102.31118774414062,0.5644294023513794,0.9129298329353333,0.9515228271484376,11.153897285461426,11.256218910217283,6.33176326751709,0.2396170198917389,0.7882781028747559,0.1259952187538147,7.60352897644043,0.0,0.4163476526737213,,,37.0,25.0,30.0,0.0,
2025-12-17,10:09:20.135000,6a,Toxicity,Original,,59.32475662231445,1.983515977859497,117.61251831054688,0.4817581176757812,0.7133299112319946,0.9402015805244446,11.153897285461426,9.253497123718262,7.11083984375,0.297807514667511,0.7143840193748474,0.150594025850296,6.476512908935547,0.0,0.421730488538742,,,37.0,25.0,30.0,0.0,
2025-12-17,10:09:20.135000,FinePointe Series WBP [SN 139781]  Site 2 Bias Flow is out of range.,,,,,,,,,,,,,,,,,,,,,,,,,
2025-12-17,10:09:20.135000,FinePointe Series WBP [SN 139781]  Site 4 Bias Flow is out of range.,,,,,,,,,,,,,,,,,,,,,,,,,
2025-12-17,10:09:22.135000,6a,Toxicity,Original,,71.29803466796875,1.852866530418396,132.80767822265625,0.463290125131607,0.7668777704238892,0.9249349236488342,11.153897285461426,10.832806587219238,7.1415181159973145,0.2461005598306656,0.6184765100479126,0.1741587519645691,6.9043378829956055,0.0,0.3591625690460205,,,37.0,25.0,30.0,0.0,
2025-12-17,10:09:22.135000,FinePointe Series WBP [SN 139781]  Site 1 Bias Flow is out of range.,,,,,,,,,,,,,,,,,,,,,,,,,
2025-12-17,10:09:24.135000,6a,Toxicity,Original,,54.99860382080078,1.945431351661682,106.99600982666016,0.8075801730155945,1.149334192276001,0.9542781710624696,11.153897285461426,10.083467483520508,5.025759220123291,0.2987149655818939,0.7922218441963196,0.0732033178210258,6.006044864654541,0.0,0.3724717199802398,,0.9537906646728516,37.0,25.0,30.0,50.0,
2025-12-17,10:09:26.135000,6a,Toxicity,Original,,56.51418685913086,1.908863306045532,107.80335235595705,0.4884361028671264,0.8236500024795532,0.9464578032493592,11.153897285461426,9.322739601135254,5.307733535766602,0.3051604926586151,0.7574335336685181,0.079531580209732,6.764967918395996,0.0,0.4212432503700256,,0.7449793219566345,37.0,25.0,30.0,0.0,
2025-12-17,10:09:28.135000,6a,Toxicity,Original,,74.05776977539062,1.9284887313842771,142.28683471679688,0.4970259666442871,0.7381016612052917,0.9382544755935668,11.153897285461426,10.002211570739746,7.133640289306641,0.2754400968551636,0.5618774890899658,0.2358413785696029,5.963449954986572,0.0,0.3317248821258545,,3.743952989578247,37.0,25.0,30.0,0.0,
2025-12-17,10:09:30.135000,6a,Toxicity,Original,,63.231353759765625,1.6102476119995115,102.50892639160156,0.6278780698776245,1.252672791481018,0.5087092518806458,11.153897285461426,11.398407936096191,5.026211261749268,0.2186806201934814,0.7341620922088623,0.1830085664987564,7.282052993774414,0.0,0.3412767946720123,,18.8566837310791,37.0,25.0,30.0,0.0,
2025-12-17,10:09:30.135000,FinePointe Series WBP [SN 139781]  Site 2 Bias Flow is out of range.,,,,,,,,,,,,,,,,,,,,,,,,,
2025-12-17,10:09:30.135000,FinePointe Series WBP [SN 139781]  Site 4 Bias Flow is out of range.,,,,,,,,,,,,,,,,,,,,,,,,,
2025-12-17,10:09:32.135000,6a,Toxicity,Original,,58.83601379394531,1.780574083328247,104.7249984741211,0.4583667516708374,0.7380545139312744,0.93299663066864,11.153897285461426,9.27828311920166,6.11447811126709,0.2878440022468567,0.7320307493209839,0.1829468607902526,7.02745246887207,0.0,0.4268837571144104,,,37.0,25.0,30.0,33.33333206176758,
2025-12-17,10:09:32.135000,FinePointe Series WBP [SN 139781]  Site 1 Bias Flow is out of range.,,,,,,,,,,,,,,,,,,,,,,,,,
2025-12-17,10:09:34.135000,6a,Toxicity,Original,,62.82746887207031,1.9434431791305544,121.98908996582033,0.3686193823814392,0.728219211101532,0.9551625847816468,11.153897285461426,11.08823013305664,7.752570152282715,0.2555647492408752,0.699944019317627,0.1678934693336486,7.135052680969238,0.0,0.414506584405899,,4.625462532043457,37.0,25.0,30.0,0.0,
2025-12-17,10:09:36.135000,6a,Toxicity,Original,,53.702430725097656,1.8984596729278564,101.8189697265625,0.5006280541419983,0.8619922399520874,0.9620872735977172,11.153897285461426,10.7448148727417,6.1794281005859375,0.2519699037075043,0.8657927513122559,0.1370709538459777,5.4673357009887695,0.0,0.4683938920497894,,2.2793831825256348,37.0,25.0,30.0,0.0,
2025-12-17,10:09:38.135000,6a,Toxicity,Original,,76.69187927246094,1.889596700668335,145.2389678955078,0.5514025688171387,0.7988626956939697,0.941840887069702,11.153897285461426,9.832701683044434,6.735979080200195,0.2762998938560486,0.5450932383537292,0.22419373691082,6.339835166931152,0.0,0.3040989637374878,,4.396324157714844,37.0,25.0,30.0,0.0,
2025-12-17,10:09:40.135000,6a,Toxicity,Original,,56.84381866455078,1.8241229057312007,103.69010925292967,0.7138976454734802,0.9411510825157166,0.9548328518867492,11.153897285461426,9.780425071716309,6.061257839202881,0.2784243524074554,0.7770993709564209,0.1503627598285675,6.334198951721191,0.0,0.4049947261810303,,,37.0,25.0,30.0,75.0,
2025-12-17,10:09:40.135000,FinePointe Series WBP [SN 139781]  Site 2 Bias Flow is out of range.,,,,,,,,,,,,,,,,,,,,,,,,,
2025-12-17,10:09:40.135000,FinePointe Series WBP [SN 139781]  Site 4 Bias Flow is out of range.,,,,,,,,,,,,,,,,,,,,,,,,,
2025-12-17,10:09:42.135000,6a,Toxicity,Original,,70.60317993164062,2.119770050048828,150.46630859375,0.4906326234340668,0.8958227634429932,0.9537739753723145,11.153897285461426,13.789199829101562,7.115074157714844,0.2494944036006927,0.6068113446235657,0.206630453467369,9.138924598693848,0.0,0.3328222334384918,,13.268960952758787,37.0,25.0,30.0,0.0,
2025-12-17,10:09:42.135000,FinePointe Series WBP [SN 139781]  Site 1 Bias Flow is out of range.,,,,,,,,,,,,,,,,,,,,,,,,,
2025-12-17,10:09:44.135000,6a,Toxicity,Original,,198.29360961914065,0.8360807299613953,99.1717300415039,0.6340768933296204,0.5558764934539795,0.8052871823310852,11.153897285461426,8.928914070129395,6.177769184112549,0.139214277267456,0.2450463473796844,0.3507400751113891,12.051795959472656,0.0,0.1584168076515197,12.557140350341797,10.271799087524414,37.0,25.0,30.0,71.42857360839844,
2025-12-17,10:09:46.135000,6a,Toxicity,Original,,61.07073974609375,1.957642197608948,119.55465698242188,0.1872867196798324,0.259073942899704,0.9535860419273376,11.153897285461426,9.604268074035645,7.950685024261475,0.2777589559555053,0.7047082781791687,0.1341108232736587,6.166959285736084,0.0,0.5640040040016174,,,37.0,25.0,30.0,66.66666412353516,
2025-12-17,10:09:50.135000,6a,Toxicity,Original,,67.12849426269531,1.7845559120178225,115.9056625366211,0.5271349549293518,1.2057015895843506,0.9608805179595948,11.153897285461426,15.290109634399414,7.204972267150879,0.1933053135871887,0.73879075050354,0.2063528597354889,9.663037300109863,0.0,0.3524316549301147,0.545279860496521,9.403751373291016,37.0,25.0,30.0,66.66666412353516,
2025-12-17,10:09:50.135000,FinePointe Series WBP [SN 139781]  Site 2 Bias Flow is out of range.,,,,,,,,,,,,,,,,,,,,,,,,,
2025-12-17,10:09:50.135000,FinePointe Series WBP [SN 139781]  Site 4 Bias Flow is out of range.,,,,,,,,,,,,,,,,,,,,,,,,,
2025-12-17,10:09:52.135000,6a,Toxicity,Original,,70.20310974121094,1.9615132808685305,135.150390625,0.266128271818161,0.5498356223106384,0.9525413513183594,11.153897285461426,12.361180305480955,7.304812431335449,0.2353651225566864,0.6353796124458313,0.1238433569669723,6.521785736083984,0.0,0.4227016568183899,,,37.0,25.0,30.0,0.0,
2025-12-17,10:09:52.135000,FinePointe Series WBP [SN 139781]  Site 1 Bias Flow is out of range.,,,,,,,,,,,,,,,,,,,,,,,,,
2025-12-17,10:09:54.135000,6a,Toxicity,Original,,93.98419189453124,1.4239585399627686,135.873046875,0.247905820608139,0.7421634197235107,0.9431812763214112,11.153897285461426,13.921100616455078,4.718562126159668,0.1686688810586929,0.5165488123893738,0.1921246647834777,16.837139129638672,0.0,0.299668401479721,1.896734356880188,11.62466526031494,37.0,25.0,30.0,0.0,
2025-12-17,10:09:56.135000,6a,Toxicity,Original,,51.68376159667969,1.775892734527588,91.87149047851562,1.0794342756271362,1.6134768724441528,0.9582568407058716,11.153897285461426,9.752216339111328,4.972864627838135,0.2741007804870605,0.8912818431854248,0.1730653345584869,5.3205108642578125,0.0,0.3551391065120697,,29.53738784790039,37.0,25.0,30.0,0.0,
2025-12-17,10:09:58.135000,6a,Toxicity,Original,,60.46302032470703,1.8971415758132932,114.71516418457033,0.5435299873352051,0.8520885109901428,0.9434600472450256,11.153897285461426,9.578323364257812,6.667633533477783,0.2939625382423401,0.6983926296234131,0.1945173144340515,6.13054084777832,0.0,0.3813278675079345,,,37.0,25.0,30.0,0.0,
2025-12-17,10:10:00.135000,6a,Toxicity,Original,,70.39571380615234,1.8606953620910645,130.51478576660156,0.3259273767471313,0.4189779162406921,0.931770086288452,11.153897285461426,10.66576099395752,8.758176803588867,0.247524619102478,0.6141369342803955,0.2354319840669632,6.264760971069336,0.0,0.4402760863304138,,,37.0,25.0,30.0,0.0,
2025-12-17,10:10:00.135000,FinePointe Series WBP [SN 139781]  Site 2 Bias Flow is out of range.,,,,,,,,,,,,,,,,,,,,,,,,,
2025-12-17,10:10:00.135000,FinePointe Series WBP [SN 139781]  Site 4 Bias Flow is out of range.,,,,,,,,,,,,,,,,,,,,,,,,,
2025-12-17,10:10:02.135000,6a,Toxicity,Original,,52.49420547485352,1.821316123008728,95.68441772460938,0.984628677368164,1.402935028076172,0.9582792520523072,11.153897285461426,10.01213836669922,6.1482133865356445,0.2583343088626861,0.8846813440322876,0.1404000669717788,6.237254142761231,0.0,0.3730408549308777,,15.887450218200684,37.0,25.0,30.0,0.0,
2025-12-17,10:10:02.135000,FinePointe Series WBP [SN 139781]  Site 1 Bias Flow is out of range.,,,,,,,,,,,,,,,,,,,,,,,,,
2025-12-17,10:10:04.135000,6a,Toxicity,Original,,57.2812385559082,2.092475652694702,119.78874206542967,0.520084023475647,0.8049699068069458,0.9502338767051696,11.153897285461426,10.118692398071287,7.060480117797852,0.2955144941806793,0.7579324245452881,0.1785303652286529,6.838894844055176,0.0,0.4234724342823028,,,37.0,25.0,30.0,0.0,
2025-12-17,10:10:06.135000,6a,Toxicity,Original,,60.68130493164063,1.9338319301605225,118.961669921875,0.4311300218105316,0.7936288118362427,0.9566813707351683,11.153897285461426,11.558757781982422,6.464600086212158,0.2465639561414718,0.7785035371780396,0.1724686622619629,6.369376659393311,0.0,0.4339112639427185,,0.0689738988876342,37.0,25.0,30.0,0.0,
2025-12-17,10:10:08.135000,6a,Toxicity,Original,,55.585411071777344,1.84131932258606,102.39339447021484,0.6117677688598633,0.926846206188202,0.5042335391044617,11.153897285461426,9.097368240356444,5.250915050506592,0.2964131534099579,0.7830395698547363,0.1845570802688598,6.262962818145752,0.0,0.4109689891338348,,,37.0,25.0,30.0,0.0,
2025-12-17,10:10:10.135000,6a,Toxicity,Original,,61.938133239746094,2.0395638942718506,124.90773010253906,0.3508004546165466,0.6434371471405029,0.9527828693389891,11.153897285461426,12.10581398010254,7.452216148376465,0.2566395998001098,0.7471618056297302,0.1901740133762359,6.449156761169434,0.0,0.4565780162811279,,,37.0,25.0,30.0,0.0,
2025-12-17,10:10:10.135000,FinePointe Series WBP [SN 139781]  Site 2 Bias Flow is out of range.,,,,,,,,,,,,,,,,,,,,,,,,,
2025-12-17,10:10:10.135000,FinePointe Series WBP [SN 139781]  Site 4 Bias Flow is out of range.,,,,,,,,,,,,,,,,,,,,,,,,,
2025-12-17,10:10:12.135000,6a,Toxicity,Original,,58.17411422729492,1.87839150428772,109.138427734375,0.730379581451416,1.029652714729309,0.951690137386322,11.153897285461426,9.235912322998049,6.3177571296691895,0.2913638353347778,0.740683913230896,0.1078813895583152,6.1431989669799805,0.0,0.3695054650306701,,,37.0,25.0,30.0,0.0,
2025-12-17,10:10:12.135000,FinePointe Series WBP [SN 139781]  Site 1 Bias Flow is out of range.,,,,,,,,,,,,,,,,,,,,,,,,,
2025-12-17,10:10:14.135000,6a,Toxicity,Original,,73.86358642578125,1.9000167846679688,137.7317657470703,0.4039570093154907,0.6826460361480713,0.9481682777404784,11.153897285461426,10.470681190490724,6.882888317108154,0.262252539396286,0.5984428524971008,0.2137276977300644,6.093048095703125,0.0,0.3528051376342773,,,37.0,25.0,30.0,0.0,
2025-12-17,10:10:16.135000,6a,Toxicity,Original,,53.454368591308594,1.673738956451416,89.33482360839844,0.5452064275741577,1.0768804550170898,0.9553052186965942,11.153897285461426,12.293708801269531,5.834378242492676,0.2200124263763427,0.9030017256736756,0.1783903837203979,8.382295608520508,0.0,0.4384253621101379,,15.475381851196287,37.0,25.0,30.0,0.0,
2025-12-17,10:10:18.135000,6a,Toxicity,Original,,75.76335144042969,1.9455125331878664,146.8325653076172,0.3492846190929413,0.5608640909194946,0.9417666792869568,11.153897285461426,10.973243713378906,7.469070434570312,0.2627455592155456,0.5703620910644531,0.1776002496480941,7.1175642013549805,0.0,0.3676158785820007,,,37.0,25.0,30.0,0.0,
2025-12-17,10:10:20.135000,6a,Toxicity,Original,,54.9233283996582,1.784285545349121,97.9989013671875,0.6085407137870789,1.043850064277649,0.93468576669693,11.153897285461426,9.86224365234375,4.832171440124512,0.2664858996868133,0.825946033000946,0.0888344347476959,5.63790225982666,0.0,0.4075600802898407,,,37.0,25.0,30.0,50.0,
2025-12-17,10:10:20.135000,FinePointe Series WBP [SN 139781]  Site 2 Bias Flow is out of range.,,,,,,,,,,,,,,,,,,,,,,,,,
2025-12-17,10:10:20.135000,FinePointe Series WBP [SN 139781]  Site 4 Bias Flow is out of range.,,,,,,,,,,,,,,,,,,,,,,,,,
2025-12-17,10:10:22.135000,6a,Toxicity,Original,,61.82460021972656,2.0110116004943848,124.38677978515624,0.3677685260772705,0.6063288450241089,0.9546388387680054,11.153897285461426,9.581432342529297,7.118420600891113,0.2945871353149414,0.6905033588409424,0.1470450460910797,6.534580707550049,0.0,0.4373768270015716,,,37.0,25.0,30.0,0.0,
2025-12-17,10:10:22.135000,FinePointe Series WBP [SN 139781]  Site 1 Bias Flow is out of range.,,,,,,,,,,,,,,,,,,,,,,,,,
2025-12-17,10:10:24.135000,6a,Toxicity,Original,,32.99428176879883,5.056476593017578,166.83480834960938,6.681154251098633,5.175965309143066,0.091729074716568,11.153897285461426,22.17509078979492,15.608110427856444,0.4666898846626282,1.3518069982528689,0.6694090962409973,5.425721168518066,516.5118408203125,0.2221270054578781,,9.662114143371582,37.0,25.0,30.0,0.0,
2025-12-17,10:10:26.135000,6a,Toxicity,Original,,59.78849792480469,1.6629078388214111,99.42276000976562,0.4291896820068359,0.8606231808662415,0.9258468151092528,11.153897285461426,11.116220474243164,4.195131301879883,0.2582738697528839,0.7452636361122131,0.1110582277178764,4.989614009857178,0.0,0.4028821587562561,,,37.0,25.0,30.0,66.66666412353516,
2025-12-17,10:10:28.135000,6a,Toxicity,Original,,79.44677734375,1.5610750913619995,124.02238464355467,0.4959924817085266,0.954351842403412,0.9572307467460632,11.153897285461426,10.47841739654541,5.856956958770752,0.2328824400901794,0.5223401188850403,0.2884331047534942,6.031813621520996,0.0,0.2701675295829773,,8.337482452392578,37.0,25.0,30.0,0.0,
2025-12-17,10:10:30.135000,6a,Toxicity,Original,,58.324127197265625,1.7420953512191772,101.5181884765625,0.3954908847808838,0.7271006107330322,0.9558054208755492,11.153897285461426,10.059754371643066,4.575954437255859,0.2672491073608398,0.761662483215332,0.1762549728155136,6.81669807434082,0.0,0.4451794028282165,,,37.0,25.0,30.0,33.33333206176758,
2025-12-17,10:10:30.135000,FinePointe Series WBP [SN 139781]  Site 2 Bias Flow is out of range.,,,,,,,,,,,,,,,,,,,,,,,,,
2025-12-17,10:10:30.135000,FinePointe Series WBP [SN 139781]  Site 4 Bias Flow is out of range.,,,,,,,,,,,,,,,,,,,,,,,,,
2025-12-17,10:10:32.135000,6a,Toxicity,Original,,61.77510452270508,1.747514247894287,108.0643310546875,0.2941507399082184,0.5151879191398621,0.945737600326538,11.153897285461426,8.891167640686035,5.972246646881104,0.2753911316394806,0.6966805458068848,0.1444896757602691,7.0206146240234375,0.0,0.4640641212463379,,,37.0,25.0,30.0,0.0,
2025-12-17,10:10:32.135000,FinePointe Series WBP [SN 139781]  Site 1 Bias Flow is out of range.,,,,,,,,,,,,,,,,,,,,,,,,,
2025-12-17,10:10:34.135000,6a,Toxicity,Original,,73.96005249023438,1.524427056312561,112.97901153564452,0.2608470022678375,0.6425995826721191,0.9416331052780152,11.153897285461426,12.466679573059082,6.033915519714356,0.1931467056274414,0.6655911803245544,0.2347684353590011,24.83375740051269,0.0,0.4073887169361114,5.927253723144531,18.535219192504883,37.0,25.0,30.0,0.0,
2025-12-17,10:10:36.135000,6a,Toxicity,Original,,68.29763793945312,1.7849419116973877,121.40306091308594,0.3271805644035339,0.6701597571372986,0.9499164819717408,11.153897285461426,10.52985954284668,6.689262390136719,0.2500203847885132,0.6417286992073059,0.2131057977676391,6.762321472167969,0.0,0.3943758010864258,,3.2456297874450684,37.0,25.0,30.0,0.0,
2025-12-17,10:10:38.135000,6a,Toxicity,Original,,94.1538543701172,1.7382820844650269,162.29501342773438,0.3548133671283722,0.7889695167541504,0.6117677688598633,11.153897285461426,14.085823059082031,6.906557083129883,0.1976973116397857,0.4738481938838959,0.3782304525375366,25.366403579711918,0.0,0.2993841767311096,6.854418754577637,3.116693019866944,37.0,25.0,30.0,33.33333206176758,
2025-12-17,10:10:40.135000,6a,Toxicity,Original,,57.55255508422852,1.7144451141357422,98.180419921875,0.8804550170898438,1.715043067932129,0.4957336485385895,11.153897285461426,11.305262565612791,4.905365943908691,0.2497057318687439,0.794681966304779,0.1369613707065582,6.1376495361328125,0.0,0.2954440414905548,,35.00566864013672,37.0,25.0,30.0,33.33333206176758,
2025-12-17,10:10:40.135000,FinePointe Series WBP [SN 139781]  Site 2 Bias Flow is out of range.,,,,,,,,,,,,,,,,,,,,,,,,,
2025-12-17,10:10:40.135000,FinePointe Series WBP [SN 139781]  Site 4 Bias Flow is out of range.,,,,,,,,,,,,,,,,,,,,,,,,,
2025-12-17,10:10:42.135000,6a,Toxicity,Original,,88.60796356201172,1.8751286268234253,167.3824462890625,0.2117956280708313,0.3851567208766937,0.9276368618011476,11.153897285461426,12.145771026611328,7.78550910949707,0.2405601441860199,0.4815320968627929,0.2018681466579437,10.310342788696287,0.0,0.3456900715827942,7.62226676940918,,37.0,25.0,30.0,0.0,
2025-12-17,10:10:42.135000,FinePointe Series WBP [SN 139781]  Site 1 Bias Flow is out of range.,,,,,,,,,,,,,,,,,,,,,,,,,
2025-12-17,10:10:44.135000,6a,Toxicity,Original,,51.73015594482422,1.8596172332763672,96.19829559326172,0.6070497035980225,0.9614004492759703,0.9536924362182616,11.153897285461426,10.775684356689451,4.533025741577148,0.2664952278137207,0.8933697938919067,0.1157080605626106,4.906744003295898,0.0,0.458819031715393,,8.730420112609863,37.0,25.0,30.0,50.0,
2025-12-17,10:10:46.135000,6a,Toxicity,Original,,53.88883972167969,1.8414628505706787,99.00413513183594,0.6858639717102051,1.079599380493164,0.94960618019104,11.153897285461426,10.487350463867188,5.934609413146973,0.2853486537933349,0.8286052942276001,0.1005990952253341,6.266069412231445,0.0,0.4025342166423797,,1.426967740058899,37.0,25.0,30.0,0.0,
2025-12-17,10:10:48.135000,6a,Toxicity,Original,,123.59010314941406,1.5649900436401367,177.0091552734375,0.1982508301734924,0.3304226994514465,0.9069209098815918,11.153897285461426,11.742976188659668,8.144089698791504,0.2024256885051727,0.3425677418708801,0.335844337940216,23.933818817138672,0.0,0.2556330561637878,22.9407958984375,5.836577415466309,37.0,25.0,30.0,0.0,
2025-12-17,10:10:50.135000,6a,Toxicity,Original,,75.79286193847656,1.7428728342056274,131.84213256835938,0.741981565952301,1.3092927932739258,0.0658131837844848,11.153897285461426,10.969392776489258,4.427258491516113,0.2471052408218383,0.5514252185821533,0.1722939610481262,5.10942268371582,0.0,0.2408434152603149,,29.02109146118164,37.0,25.0,30.0,50.0,
2025-12-17,10:10:50.135000,FinePointe Series WBP [SN 139781]  Site 2 Bias Flow is out of range.,,,,,,,,,,,,,,,,,,,,,,,,,
2025-12-17,10:10:52.135000,6a,Toxicity,Original,,57.59843826293945,2.0261154174804688,116.70108795166016,0.3988239467144012,0.8042927384376526,0.9462223649024964,11.153897285461426,10.57160472869873,5.371675968170166,0.2786607146263122,0.7630341649055481,0.127135694026947,6.73915958404541,0.0,0.4268810451030731,,,37.0,25.0,30.0,50.0,
2025-12-17,10:10:52.135000,FinePointe Series WBP [SN 139781]  Site 4 Bias Flow is out of range.,,,,,,,,,,,,,,,,,,,,,,,,,
2025-12-17,10:10:52.135000,FinePointe Series WBP [SN 139781]  Site 1 Bias Flow is out of range.,,,,,,,,,,,,,,,,,,,,,,,,,
2025-12-17,10:10:54.135000,6a,Toxicity,Original,,62.67645263671875,1.7531204223632812,110.2130889892578,0.6234114170074463,1.023819923400879,0.5063786506652832,11.153897285461426,11.640426635742188,5.760997772216797,0.2329890578985214,0.725109338760376,0.1688877642154693,6.108388900756836,0.0,0.3658511638641357,,6.761362075805664,37.0,25.0,30.0,0.0,
2025-12-17,10:10:56.135000,6a,Toxicity,Original,,56.81463623046875,1.9269523620605469,109.49201965332033,0.5311388969421387,0.8908258676528931,0.9596317410469056,11.153897285461426,10.280226707458496,5.765279293060303,0.2747338414192199,0.7823007106781006,0.119840607047081,6.252195358276367,0.0,0.4177453517913818,,,37.0,25.0,30.0,0.0,
2025-12-17,10:10:58.135000,6a,Toxicity,Original,,72.03765869140625,1.8511760234832764,134.22601318359375,0.4223805367946625,0.7128874659538269,0.9487525224685668,11.153897285461426,9.779218673706056,6.443106651306152,0.2694096565246582,0.5815644264221191,0.24079030752182,6.386469841003418,0.0,0.3494657576084137,,1.1730107069015503,37.0,25.0,30.0,0.0,
2025-12-17,10:11:00.135000,6a,Toxicity,Original,,54.29069519042969,1.7000789642333984,92.1764907836914,0.5053032636642456,1.1304153203964231,0.960882306098938,11.153897285461426,11.452072143554688,4.978127956390381,0.2250622659921646,0.882391095161438,0.1464520841836929,6.694246292114258,0.0,0.4173954725265503,,19.619304656982425,37.0,25.0,30.0,0.0,
2025-12-17,10:11:00.135000,FinePointe Series WBP [SN 139781]  Site 2 Bias Flow is out of range.,,,,,,,,,,,,,,,,,,,,,,,,,
2025-12-17,10:11:00.135000,FinePointe Series WBP [SN 139781]  Site 4 Bias Flow is out of range.,,,,,,,,,,,,,,,,,,,,,,,,,
2025-12-17,10:11:02.135000,6a,Toxicity,Original,,60.63170623779297,1.858156681060791,112.53966522216795,0.4733338356018066,0.7360712289810181,0.9395610690116882,11.153897285461426,9.580461502075195,6.941359519958496,0.2873659133911133,0.7024952173233032,0.1682962626218795,6.493696212768555,0.0,0.4111256003379822,,,37.0,25.0,30.0,0.0,
2025-12-17,10:11:02.135000,FinePointe Series WBP [SN 139781]  Site 1 Bias Flow is out of range.,,,,,,,,,,,,,,,,,,,,,,,,,
2025-12-17,10:11:04.135000,6a,Toxicity,Original,,58.67979431152344,1.8033982515335083,105.819580078125,0.3537441492080688,0.5675106048583984,0.948503851890564,11.153897285461426,8.70917797088623,5.826718330383301,0.2928738296031952,0.7296326160430908,0.1253192722797393,6.609801769256592,0.0,0.4733036160469055,,,37.0,25.0,30.0,0.0,
2025-12-17,10:11:06.135000,6a,Toxicity,Original,,76.6587905883789,1.8184853792190552,137.250732421875,0.2674813270568847,0.4146528542041778,0.9379615783691406,11.153897285461426,10.753113746643066,7.663418769836426,0.2561643719673157,0.5811131000518799,0.2160632163286209,7.408214092254639,0.0,0.4190150201320648,0.5347375273704529,,37.0,25.0,30.0,0.0,
2025-12-17,10:11:08.135000,6a,Toxicity,Original,,62.63313293457031,1.48658549785614,90.62458801269533,0.3895533084869385,0.7901473045349121,0.9548276662826538,11.153897285461426,12.059576034545898,5.242120742797852,0.1941799223423004,0.774046778678894,0.2019688785076141,10.113332748413086,0.0,0.4419601559638977,,1.770476222038269,37.0,25.0,30.0,0.0,
2025-12-17,10:11:10.135000,6a,Toxicity,Original,,82.51856231689453,1.713554620742798,140.26329040527344,0.3419303596019745,0.5980684757232666,0.9340697526931764,11.153897285461426,10.666111946105955,6.7886176109313965,0.2448156774044037,0.5513433814048767,0.1821146011352539,6.629934787750244,0.0,0.3348374366760254,5.129077434539795,,37.0,25.0,30.0,0.0,
2025-12-17,10:11:10.135000,FinePointe Series WBP [SN 139781]  Site 2 Bias Flow is out of range.,,,,,,,,,,,,,,,,,,,,,,,,,
2025-12-17,10:11:10.135000,FinePointe Series WBP [SN 139781]  Site 4 Bias Flow is out of range.,,,,,,,,,,,,,,,,,,,,,,,,,
2025-12-17,10:11:12.135000,6a,Toxicity,Original,,55.38001251220703,1.6907501220703125,93.6337661743164,0.6233181357383728,1.1063108444213867,0.951123833656311,11.153897285461426,10.158982276916504,4.970285892486572,0.2696492075920105,0.8137741684913635,0.0188226774334907,5.450640678405762,0.0,0.3893118798732757,,3.4508962631225586,37.0,25.0,30.0,50.0,
2025-12-17,10:11:12.135000,FinePointe Series WBP [SN 139781]  Site 1 Bias Flow is out of range.,,,,,,,,,,,,,,,,,,,,,,,,,
2025-12-17,10:11:14.135000,6a,Toxicity,Original,,68.95848846435547,1.8043389320373533,124.86829376220705,0.3965270519256592,0.7267292141914368,0.9422084093093872,11.153897285461426,10.138921737670898,6.188072204589844,0.2757598459720611,0.608341634273529,0.16457499563694,6.402826309204102,0.0,0.3604874908924103,,0.5885272026062012,37.0,25.0,30.0,0.0,
2025-12-17,10:11:16.135000,6a,Toxicity,Original,,54.02309799194336,1.919166088104248,103.6792984008789,0.3660204112529754,1.0029851198196411,0.9527800679206848,11.153897285461426,14.779218673706056,5.803956985473633,0.1996178776025772,0.9110181927680968,0.2136431336402893,8.14064884185791,0.0,0.458425909280777,,12.99034595489502,37.0,25.0,30.0,0.0,
2025-12-17,10:11:18.135000,6a,Toxicity,Original,,54.23713684082031,1.8008906841278076,97.69116973876952,0.6320011019706726,0.990172266960144,0.9545273780822754,11.153897285461426,9.647737503051758,5.598880290985107,0.2787040472030639,0.8275538682937622,0.096592903137207,5.263195037841797,0.0,0.4365763068199157,,9.604791641235352,37.0,25.0,30.0,0.0,
2025-12-17,10:11:20.135000,6a,Toxicity,Original,,79.56940460205078,1.8654406070709229,142.0076446533203,0.3065481781959533,0.4667989611625671,0.9348487854003906,11.153897285461426,10.349422454833984,7.022074222564697,0.2644020617008209,0.5863915681838989,0.1182251498103141,7.64749002456665,0.0,0.3986469507217407,3.636573314666748,,37.0,25.0,30.0,0.0,
2025-12-17,10:11:20.135000,FinePointe Series WBP [SN 139781]  Site 2 Bias Flow is out of range.,,,,,,,,,,,,,,,,,,,,,,,,,
2025-12-17,10:11:20.135000,FinePointe Series WBP [SN 139781]  Site 4 Bias Flow is out of range.,,,,,,,,,,,,,,,,,,,,,,,,,
2025-12-17,10:11:22.135000,6a,Toxicity,Original,,54.60707473754883,1.6922918558120728,92.4111099243164,0.9527689814567566,1.3483686447143557,0.0505540259182453,11.153897285461426,10.083313941955566,4.918637275695801,0.2679643630981445,0.8307943344116211,0.1055712029337883,4.928202629089356,243.66146850585935,0.3568085432052612,,14.27072525024414,37.0,25.0,30.0,50.0,
2025-12-17,10:11:22.135000,FinePointe Series WBP [SN 139781]  Site 1 Bias Flow is out of range.,,,,,,,,,,,,,,,,,,,,,,,,,
2025-12-17,10:11:24.135000,6a,Toxicity,Original,,53.42386245727539,1.7135279178619385,91.54327392578124,0.9304549098014832,1.3995530605316162,0.0384437032043933,11.153897285461426,8.884570121765137,3.8027493953704834,0.2907077074050903,0.8323859572410583,0.1515755355358123,5.335375308990479,428.3418273925781,0.3501863479614258,,14.171392440795898,37.0,25.0,30.0,0.0,
2025-12-17,10:11:26.135000,6a,Toxicity,Original,,100.48030853271484,1.5241310596466064,135.7177276611328,0.4234237372875213,0.726385235786438,0.9361661672592164,11.153897285461426,9.895123481750488,6.260081768035889,0.2284752428531646,0.4804990291595459,0.2100044935941696,7.754889965057373,0.0,0.2823271751403808,6.289924621582031,6.244884014129639,37.0,25.0,30.0,0.0,
2025-12-17,10:11:28.135000,6a,Toxicity,Original,,53.98769760131836,1.7676044702529907,95.42889404296876,0.6894648671150208,1.3493760824203491,0.9701157212257384,11.153897285461426,11.23840618133545,5.131545066833496,0.2372417896986007,0.8741225600242615,0.1093582287430763,4.901850700378418,0.0,0.3745693564414978,,13.535083770751951,37.0,25.0,30.0,50.0,
2025-12-17,10:11:30.135000,6a,Toxicity,Original,,90.22000122070312,1.6186087131500244,146.4252471923828,0.6727508306503296,1.114102840423584,0.5087485313415527,11.153897285461426,10.319096565246582,5.879709243774414,0.2216237783432006,0.443889707326889,0.2581158280372619,5.540653228759766,0.0,0.2140516638755798,,34.57988357543945,37.0,25.0,30.0,50.0,
2025-12-17,10:11:30.135000,FinePointe Series WBP [SN 139781]  Site 2 Bias Flow is out of range.,,,,,,,,,,,,,,,,,,,,,,,,,
2025-12-17,10:11:30.135000,FinePointe Series WBP [SN 139781]  Site 4 Bias Flow is out of range.,,,,,,,,,,,,,,,,,,,,,,,,,
2025-12-17,10:11:32.135000,6a,Toxicity,Original,,57.616302490234375,1.6678547859191897,96.09563446044922,0.2643010318279266,0.8778752684593201,0.9586402177810668,11.153897285461426,15.453287124633787,6.6930928230285645,0.1922524869441986,0.8491194248199463,0.2844231128692627,20.02725982666016,0.0,0.4581337571144104,,12.164997100830078,37.0,25.0,30.0,50.0,
2025-12-17,10:11:32.135000,FinePointe Series WBP [SN 139781]  Site 1 Bias Flow is out of range.,,,,,,,,,,,,,,,,,,,,,,,,,
2025-12-17,10:11:34.135000,6a,Toxicity,Original,,54.83388900756836,1.8223042488098145,99.964599609375,0.5815070867538452,1.2115556001663208,0.958606481552124,11.153897285461426,10.795133590698242,5.0930938720703125,0.2532201409339905,0.8428472280502319,0.1056467741727829,5.757539749145508,0.0,0.3977642059326172,,20.13813018798828,37.0,25.0,30.0,0.0,
2025-12-17,10:11:36.135000,6a,Toxicity,Original,,64.14054107666016,1.8426523208618164,117.6376495361328,0.3105044066905975,0.5814490914344788,0.9402745962142944,11.153897285461426,10.685410499572754,6.653623580932617,0.2501829862594604,0.6912223696708679,0.2435495853424072,6.943606376647949,0.0,0.4477186501026153,,3.685625076293945,37.0,25.0,30.0,0.0,
2025-12-17,10:11:38.135000,6a,Toxicity,Original,,56.01493835449219,1.7960827350616455,100.61607360839844,0.5110054612159729,0.8676549196243286,0.9496462345123292,11.153897285461426,10.153202056884766,6.146268367767334,0.2614960670471191,0.8096755743026733,0.1701059937477111,6.492897033691406,0.0,0.4374701380729675,,,37.0,25.0,30.0,0.0,
2025-12-17,10:11:40.135000,6a,Toxicity,Original,,65.40816497802734,1.8976221084594729,123.69197082519533,0.5699936151504517,0.8461432456970215,0.9497761130332948,11.153897285461426,9.923797607421877,6.718333721160889,0.2753574252128601,0.6620692014694214,0.1822682917118072,6.513186931610107,0.0,0.3592684268951416,,,37.0,25.0,30.0,0.0,
2025-12-17,10:11:40.135000,FinePointe Series WBP [SN 139781]  Site 2 Bias Flow is out of range.,,,,,,,,,,,,,,,,,,,,,,,,,
2025-12-17,10:11:40.135000,FinePointe Series WBP [SN 139781]  Site 4 Bias Flow is out of range.,,,,,,,,,,,,,,,,,,,,,,,,,
2025-12-17,10:11:42.135000,6a,Toxicity,Original,,55.821048736572266,1.759286880493164,98.09855651855467,0.4422931671142578,1.0690845251083374,0.9533041715621948,11.153897285461426,12.067852020263672,4.807129859924316,0.2269367426633834,0.8486055135726929,0.1078496947884559,6.086813926696777,0.0,0.4185657501220703,,7.328413963317871,37.0,25.0,30.0,0.0,
2025-12-17,10:11:42.135000,FinePointe Series WBP [SN 139781]  Site 1 Bias Flow is out of range.,,,,,,,,,,,,,,,,,,,,,,,,,
2025-12-17,10:11:44.135000,6a,Toxicity,Original,,56.84251403808594,1.8160574436187744,103.27689361572266,0.4638605713844299,0.8621671795845032,0.9440174102783204,11.153897285461426,9.699661254882812,5.819108963012695,0.2875597476959228,0.7688090801239014,0.1840730309486389,7.071329116821289,0.0,0.4252229928970337,,,37.0,25.0,30.0,0.0,
2025-12-17,10:11:46.135000,6a,Toxicity,Original,,81.50321960449219,1.8772684335708616,153.00341796875,0.3489859998226166,0.6419672966003418,0.940002977848053,11.153897285461426,10.65308952331543,6.65378999710083,0.2638283371925354,0.4723389148712158,0.183947205543518,9.399334907531738,0.0,0.2924852669239044,2.7434778213500977,4.305527687072754,37.0,25.0,30.0,0.0,
2025-12-17,10:11:48.135000,6a,Toxicity,Original,,63.30183410644531,1.804789900779724,114.8540496826172,0.7674185633659363,1.3436895608901978,0.5061272382736206,11.153897285461426,9.66688346862793,4.927394866943359,0.2768159508705139,0.6856693029403687,0.1779741048812866,5.947449684143066,0.0,0.3163468241691589,,29.22945022583008,37.0,25.0,30.0,33.33333206176758,
2025-12-17,10:11:50.135000,6a,Toxicity,Original,,59.88774871826172,1.825079321861267,109.5582504272461,0.4114576280117035,0.8568195104598999,0.9569077491760254,11.153897285461426,12.130495071411133,6.352399826049805,0.2437321841716766,0.7606568336486816,0.098724141716957,7.509377479553223,0.0,0.4115316271781921,,3.878173589706421,37.0,25.0,30.0,33.33333206176758,
2025-12-17,10:11:50.135000,FinePointe Series WBP [SN 139781]  Site 2 Bias Flow is out of range.,,,,,,,,,,,,,,,,,,,,,,,,,
2025-12-17,10:11:52.135000,6a,Toxicity,Original,,55.147457122802734,1.7542507648468018,96.80458068847656,0.6230913996696472,1.0451955795288086,0.5051687359809875,11.153897285461426,9.272153854370115,4.745602607727051,0.2766111493110657,0.8114887475967407,0.0917305499315261,5.515418529510498,0.0,0.4053012132644653,,10.31109619140625,37.0,25.0,30.0,0.0,
2025-12-17,10:11:52.135000,FinePointe Series WBP [SN 139781]  Site 4 Bias Flow is out of range.,,,,,,,,,,,,,,,,,,,,,,,,,
2025-12-17,10:11:52.135000,FinePointe Series WBP [SN 139781]  Site 1 Bias Flow is out of range.,,,,,,,,,,,,,,,,,,,,,,,,,
2025-12-17,10:11:54.135000,6a,Toxicity,Original,,75.40798950195312,1.878310203552246,141.1992950439453,0.3027224540710449,0.5791430473327637,0.945104479789734,11.153897285461426,12.38808822631836,7.655832290649414,0.2265712916851043,0.5781394243240356,0.2674052715301513,10.84954833984375,0.0,0.3703581690788269,1.0159780979156494,,37.0,25.0,30.0,0.0,
2025-12-17,10:11:56.135000,6a,Toxicity,Original,,57.12871551513672,1.8632937669754028,106.62312316894533,0.5692685842514038,0.8800069093704224,0.956771731376648,11.153897285461426,9.861589431762695,6.882608413696289,0.2688685059547424,0.7818281650543213,0.1799011081457138,5.90913200378418,0.0,0.4198457598686218,,,37.0,25.0,30.0,0.0,
2025-12-17,10:11:58.135000,6a,Toxicity,Original,,72.10242462158203,1.8919923305511477,136.417236328125,0.2539253532886505,0.6366720199584961,0.957803189754486,11.153897285461426,12.45305061340332,6.706254482269287,0.2265972048044204,0.6055523753166199,0.2951122522354126,9.685006141662598,0.0,0.3740396499633789,5.769770622253418,5.567869663238525,37.0,25.0,30.0,0.0,
2025-12-17,10:11:58.135000,FinePointe Series WBP [SN 139781]  Site 2 Bias Flow is out of range.,,,,,,,,,,,,,,,,,,,,,,,,,
2025-12-17,10:11:58.135000,FinePointe Series WBP [SN 139781]  Site 4 Bias Flow is out of range.,,,,,,,,,,,,,,,,,,,,,,,,,
2025-12-17,10:12:02.135000,6a,Toxicity,Original,,107.01315307617188,1.480027198791504,148.1177978515625,0.1910012662410736,0.357247918844223,0.8331063985824585,11.153897285461426,10.088711738586426,5.556048393249512,0.2240475714206695,0.4473973512649536,0.2405183166265487,8.646275520324707,0.0,0.3494224548339844,14.08555507659912,7.062489032745361,37.0,25.0,30.0,71.42857360839844,
2025-12-17,10:12:02.135000,FinePointe Series WBP [SN 139781]  Site 1 Bias Flow is out of range.,,,,,,,,,,,,,,,,,,,,,,,,,
2025-12-17,10:12:06.135000,6a,Toxicity,Original,,78.125,1.7684942483901978,138.78123474121094,0.3983644843101501,0.7392691373825073,0.9261302947998048,11.153897285461426,12.716733932495115,7.512385845184326,0.219512864947319,0.557971179485321,0.4032070338726043,12.768851280212402,0.0,0.3277695178985595,8.712568283081055,6.0874528884887695,37.0,25.0,30.0,40.0,
2025-12-17,10:12:08.135000,6a,Toxicity,Original,,58.8588752746582,1.7234578132629397,101.44078063964844,0.535832405090332,2.076817274093628,0.2862065434455871,11.153897285461426,16.262784957885742,2.5870954990386963,0.1808322519063949,0.8385552167892456,0.1572700887918472,29.01665687561035,0.0,0.2757385075092315,1.380280613899231,58.5361328125,37.0,25.0,30.0,0.0,
2025-12-17,10:12:10.135000,6a,Toxicity,Original,,52.75225830078125,1.935127019882202,102.0823211669922,0.2917717397212982,0.6927593946456909,0.9530521035194396,11.153897285461426,10.96591854095459,5.041751384735107,0.2874910235404968,0.8499010801315308,0.1219962686300277,7.35576868057251,0.0,0.5089942812919617,,,37.0,25.0,30.0,80.0,
2025-12-17,10:12:10.135000,FinePointe Series WBP [SN 139781]  Site 2 Bias Flow is out of range.,,,,,,,,,,,,,,,,,,,,,,,,,
2025-12-17,10:12:10.135000,FinePointe Series WBP [SN 139781]  Site 4 Bias Flow is out of range.,,,,,,,,,,,,,,,,,,,,,,,,,
2025-12-17,10:12:12.135000,6a,Toxicity,Original,,68.50426483154297,1.771368384361267,122.9738540649414,0.2511371374130249,0.5228139162063599,0.9401209354400636,11.153897285461426,13.108283996582031,7.588310718536377,0.2152801603078842,0.6701226830482483,0.1465230584144592,8.181099891662598,0.0,0.4437986016273498,,,37.0,25.0,30.0,0.0,
2025-12-17,10:12:12.135000,FinePointe Series WBP [SN 139781]  Site 1 Bias Flow is out of range.,,,,,,,,,,,,,,,,,,,,,,,,,
2025-12-17,10:12:14.135000,6a,Toxicity,Original,,51.456809997558594,1.7794005870819092,91.5622787475586,0.6094880700111389,0.8932209014892578,0.961506485939026,11.153897285461426,9.591787338256836,6.439357757568359,0.267436534166336,0.8985899090766907,0.1823484748601913,5.5836181640625,0.0,0.4785120487213135,,5.692980766296387,37.0,25.0,30.0,0.0,
2025-12-17,10:12:16.135000,6a,Toxicity,Original,,54.27362060546875,1.7694756984710691,96.30648803710938,0.7990937232971191,1.1129965782165527,0.9573862552642822,11.153897285461426,9.323257446289062,5.738181114196777,0.2820414900779724,0.825440526008606,0.0803626626729965,5.322761058807373,0.0,0.397221952676773,,16.536270141601562,37.0,25.0,30.0,0.0,
2025-12-17,10:12:16.135000,FinePointe Series WBP [SN 139781]  Site 3 Bias Flow is out of range.,,,,,,,,,,,,,,,,,,,,,,,,,
2025-12-17,10:12:18.135000,6a,Toxicity,Original,,58.746681213378906,2.1446657180786133,125.12629699707033,0.5402076244354248,1.1167004108428955,0.961807131767273,11.153897285461426,13.726049423217772,5.633679866790772,0.2362102568149566,0.8120282888412476,0.1470916718244552,6.486270427703857,0.0,0.3812946677207947,,12.108718872070312,37.0,25.0,30.0,0.0,
2025-12-17,10:12:20.135000,6a,Toxicity,Original,,63.72160339355469,1.811216950416565,114.6816864013672,0.6309652328491211,1.044499397277832,0.4954278469085693,11.153897285461426,9.92778778076172,5.109952926635742,0.288003146648407,0.6613633632659912,0.1578519344329834,6.014248847961426,0.0,0.3508845865726471,,12.730924606323242,37.0,25.0,30.0,33.33333206176758,
2025-12-17,10:12:20.135000,FinePointe Series WBP [SN 139781]  Site 2 Bias Flow is out of range.,,,,,,,,,,,,,,,,,,,,,,,,,
2025-12-17,10:12:20.135000,FinePointe Series WBP [SN 139781]  Site 4 Bias Flow is out of range.,,,,,,,,,,,,,,,,,,,,,,,,,
2025-12-17,10:12:22.135000,6a,Toxicity,Original,,64.72276306152344,1.867037534713745,120.87864685058594,0.4386798143386841,0.7925742864608765,0.948311448097229,11.153897285461426,9.48861598968506,5.745214462280273,0.2926818132400512,0.6501240134239197,0.1971498131752014,6.470001220703125,0.0,0.3642781376838684,,2.0421085357666016,37.0,25.0,30.0,0.0,
2025-12-17,10:12:22.135000,FinePointe Series WBP [SN 139781]  Site 1 Bias Flow is out of range.,,,,,,,,,,,,,,,,,,,,,,,,,
2025-12-17,10:12:24.135000,6a,Toxicity,Original,,30.68671226501465,5.445916175842285,167.1172637939453,5.8899006843566895,4.573249816894531,0.0697013437747955,11.153897285461426,23.819047927856445,16.854339599609375,0.4631633460521698,1.4920802116394043,0.5497039556503296,5.967233657836914,0.0,0.2722725868225097,0.0363705940544605,46.60318374633789,37.0,25.0,30.0,0.0,
2025-12-17,10:12:26.135000,6a,Toxicity,Original,,62.86922454833984,1.5126897096633911,95.10163116455078,0.3966608643531799,1.1498645544052124,0.9565781354904176,11.153897285461426,9.860207557678224,2.721284866333008,0.2393133044242859,0.7150487303733826,0.116967998445034,20.84124183654785,0.0,0.3364260494709015,,10.875273704528809,37.0,25.0,30.0,66.66666412353516,
2025-12-17,10:12:26.135000,FinePointe Series WBP [SN 139781]  Site 3 Bias Flow is out of range.,,,,,,,,,,,,,,,,,,,,,,,,,
2025-12-17,10:12:28.135000,6a,Toxicity,Original,,65.69107055664062,1.5663577318191528,102.85137939453124,0.3318658173084259,0.8527886867523193,0.9581968188285828,11.153897285461426,11.800128936767578,4.279304504394531,0.2219039499759674,0.6917864084243774,0.2032910287380218,11.597034454345703,0.0,0.379643976688385,0.2585916817188263,7.840493202209473,37.0,25.0,30.0,0.0,
2025-12-17,10:12:30.135000,6a,Toxicity,Original,,57.363800048828125,1.7396786212921145,99.79692840576172,0.4010699093341827,0.9281139373779296,0.9508392810821532,11.153897285461426,11.914363861083984,4.515825748443604,0.2327591478824615,0.8142067193984985,0.1315575242042541,6.376142501831055,0.0,0.4331375956535339,,8.446300506591797,37.0,25.0,30.0,0.0,
2025-12-17,10:12:30.135000,FinePointe Series WBP [SN 139781]  Site 2 Bias Flow is out of range.,,,,,,,,,,,,,,,,,,,,,,,,,
2025-12-17,10:12:30.135000,FinePointe Series WBP [SN 139781]  Site 4 Bias Flow is out of range.,,,,,,,,,,,,,,,,,,,,,,,,,
2025-12-17,10:12:32.135000,6a,Toxicity,Original,,57.32980346679688,1.7591168880462646,100.72767639160156,0.3896379172801971,0.8669430017471313,0.949999213218689,11.153897285461426,10.55241870880127,4.914927005767822,0.2763754725456238,0.7715764045715332,0.1738136857748031,7.157938480377197,0.0,0.4175972938537597,,2.396636486053467,37.0,25.0,30.0,0.0,
2025-12-17,10:12:32.135000,FinePointe Series WBP [SN 139781]  Site 1 Bias Flow is out of range.,,,,,,,,,,,,,,,,,,,,,,,,,
2025-12-17,10:12:34.135000,6a,Toxicity,Original,,63.30288696289063,1.7737529277801514,112.41262817382812,0.2750958800315857,0.7979013919830322,0.9606346487998962,11.153897285461426,12.38644027709961,5.019057750701904,0.2394253760576248,0.7116563320159912,0.1728663146495819,12.038142204284668,0.0,0.4000407457351684,,17.7331485748291,37.0,25.0,30.0,0.0,
2025-12-17,10:12:36.135000,6a,Toxicity,Original,,56.04193878173828,1.584092617034912,88.87904357910156,0.3488450050354004,0.8046323657035828,0.9406405687332152,11.153897285461426,10.24278450012207,4.055246353149414,0.2499644756317138,0.8211699724197388,0.143185555934906,6.289021015167236,0.0,0.4585537314414978,,6.367815971374512,37.0,25.0,30.0,0.0,
2025-12-17,10:12:36.135000,FinePointe Series WBP [SN 139781]  Site 3 Bias Flow is out of range.,,,,,,,,,,,,,,,,,,,,,,,,,
2025-12-17,10:12:38.135000,6a,Toxicity,Original,,72.79026794433594,1.7739990949630735,129.5900421142578,0.3332531452178955,0.6495538949966431,0.94892817735672,11.153897285461426,11.05708122253418,6.360238075256348,0.2502902746200561,0.5872642993927002,0.1394646763801574,8.010747909545898,0.0,0.3648438453674316,,3.592411518096924,37.0,25.0,30.0,0.0,
2025-12-17,10:12:40.135000,6a,Toxicity,Original,,56.21414566040039,1.6619783639907837,93.42668914794922,0.7696045637130737,1.4552271366119385,0.943715274333954,11.153897285461426,9.54995346069336,4.106921672821045,0.2577808201313019,0.8095661997795105,0.1556780189275741,9.12070655822754,0.0,0.3342229127883911,,22.994489669799805,37.0,25.0,30.0,50.0,
2025-12-17,10:12:40.135000,FinePointe Series WBP [SN 139781]  Site 2 Bias Flow is out of range.,,,,,,,,,,,,,,,,,,,,,,,,,
2025-12-17,10:12:40.135000,FinePointe Series WBP [SN 139781]  Site 4 Bias Flow is out of range.,,,,,,,,,,,,,,,,,,,,,,,,,
2025-12-17,10:12:42.135000,6a,Toxicity,Original,,67.08330535888672,1.804969787597656,121.0498275756836,0.3086306452751159,0.7292546629905701,0.9539003372192384,11.153897285461426,12.819686889648438,5.805048942565918,0.2250517010688781,0.688035249710083,0.1880261898040771,11.704479217529297,0.0,0.4261653423309326,,4.263200759887695,37.0,25.0,30.0,0.0,
2025-12-17,10:12:42.135000,FinePointe Series WBP [SN 139781]  Site 1 Bias Flow is out of range.,,,,,,,,,,,,,,,,,,,,,,,,,
2025-12-17,10:12:44.135000,6a,Toxicity,Original,,55.592506408691406,1.8418723344802856,102.39430236816406,0.648196816444397,1.2926948070526123,0.9591590762138368,11.153897285461426,11.562328338623049,5.285204887390137,0.2514736950397491,0.8278084397315979,0.1462245881557464,6.34606409072876,0.0,0.364164799451828,,2.93911361694336,37.0,25.0,30.0,0.0,
2025-12-17,10:12:46.135000,6a,Toxicity,Original,,53.94470977783203,1.7470200061798096,94.24249267578124,0.5229362845420837,0.985833704471588,0.9567988514900208,11.153897285461426,10.17599868774414,6.008494377136231,0.2552254796028137,0.8570244312286377,0.0786486640572547,5.906406879425049,0.0,0.4350543022155761,,0.7521896362304688,37.0,25.0,30.0,0.0,
2025-12-17,10:12:46.135000,FinePointe Series WBP [SN 139781]  Site 3 Bias Flow is out of range.,,,,,,,,,,,,,,,,,,,,,,,,,
2025-12-17,10:12:48.135000,6a,Toxicity,Original,,71.67044830322266,1.4595386981964111,102.45246887207033,0.1909098476171493,0.593216061592102,0.9584567546844482,11.153897285461426,13.583459854125977,5.549520492553711,0.1693859994411468,0.6827714443206787,0.1633478701114654,17.34189796447754,0.0,0.4368184208869934,0.8817582130432129,,37.0,25.0,30.0,60.0,
2025-12-17,10:12:50.135000,6a,Toxicity,Original,,53.97626876831055,1.7753385305404663,95.8335418701172,0.7651438117027283,1.3556064367294312,0.962485671043396,11.153897285461426,9.699459075927734,4.299567222595215,0.2706071138381958,0.8415158987045288,0.1575473546981811,5.462335109710693,0.0,0.3719060719013214,,8.333599090576172,37.0,25.0,30.0,0.0,
2025-12-17,10:12:50.135000,FinePointe Series WBP [SN 139781]  Site 2 Bias Flow is out of range.,,,,,,,,,,,,,,,,,,,,,,,,,
2025-12-17,10:12:50.135000,FinePointe Series WBP [SN 139781]  Site 4 Bias Flow is out of range.,,,,,,,,,,,,,,,,,,,,,,,,,
2025-12-17,10:12:52.135000,6a,Toxicity,Original,,69.0653076171875,1.7897610664367676,122.83496856689452,0.4756088852882385,1.0568026304244995,0.9094018936157228,11.153897285461426,10.143917083740234,4.601131439208984,0.2701724767684936,0.6255764961242676,0.2248672991991043,6.400424003601074,0.0,0.3251979649066925,1.188283920288086,10.242810249328612,37.0,25.0,30.0,0.0,
2025-12-17,10:12:52.135000,FinePointe Series WBP [SN 139781]  Site 1 Bias Flow is out of range.,,,,,,,,,,,,,,,,,,,,,,,,,
2025-12-17,10:12:54.135000,6a,Toxicity,Original,,61.04990768432617,1.8028090000152588,110.06131744384766,0.4340487420558929,0.8858104944229126,0.9537274241447448,11.153897285461426,10.175777435302734,6.577040672302246,0.2509371638298034,0.7318652868270874,0.0616158694028854,8.532891273498535,0.0,0.3917950987815857,,,37.0,25.0,30.0,50.0,
2025-12-17,10:12:56.135000,6a,Toxicity,Original,,58.455413818359375,1.9583683013916016,114.23114013671876,0.4719302952289581,0.91087543964386,0.9489502906799316,11.153897285461426,10.519451141357422,5.022457599639893,0.2783970236778259,0.7522528171539307,0.2007143497467041,6.766761779785156,0.0,0.3980436623096466,,11.918819427490234,37.0,25.0,30.0,0.0,
2025-12-17,10:12:56.135000,FinePointe Series WBP [SN 139781]  Site 3 Bias Flow is out of range.,,,,,,,,,,,,,,,,,,,,,,,,,
2025-12-17,10:12:58.135000,6a,Toxicity,Original,,76.98988342285156,1.6908690929412842,130.1262969970703,0.2328219413757324,0.566381573677063,0.9488023519515992,11.153897285461426,12.960162162780762,6.494297027587891,0.2102373838424682,0.5692348480224609,0.2513367831707001,41.34308624267578,0.0,0.3681297302246094,8.271567344665527,6.66453742980957,37.0,25.0,30.0,0.0,
2025-12-17,10:13:00.135000,6a,Toxicity,Original,,53.74873352050781,1.622260570526123,87.19293212890625,0.7263267040252686,1.2159991264343262,0.9550775289535522,11.153897285461426,9.79725742340088,4.754208564758301,0.2464057505130767,0.8699002861976624,0.1787951588630676,5.72757625579834,0.0,0.3968755006790161,,11.59117317199707,37.0,25.0,30.0,0.0,
2025-12-17,10:13:00.135000,FinePointe Series WBP [SN 139781]  Site 2 Bias Flow is out of range.,,,,,,,,,,,,,,,,,,,,,,,,,
2025-12-17,10:13:02.135000,6a,Toxicity,Original,,56.89697647094727,1.9063719511032104,108.56069946289062,0.4125229716300964,0.7889339923858643,0.94292950630188,11.153897285461426,10.761957168579102,5.810571670532227,0.2853289842605591,0.7707042098045349,0.1926651000976562,6.468853950500488,0.0,0.4353091716766357,,11.855459213256836,37.0,25.0,30.0,0.0,
2025-12-17,10:13:02.135000,FinePointe Series WBP [SN 139781]  Site 4 Bias Flow is out of range.,,,,,,,,,,,,,,,,,,,,,,,,,
2025-12-17,10:13:02.135000,FinePointe Series WBP [SN 139781]  Site 1 Bias Flow is out of range.,,,,,,,,,,,,,,,,,,,,,,,,,
2025-12-17,10:13:04.135000,6a,Toxicity,Original,,73.9202651977539,1.7151596546173096,126.21322631835938,0.2773853242397308,0.5013623833656311,0.949798583984375,11.153897285461426,10.631855010986328,7.536655426025391,0.245808333158493,0.5860778093338013,0.2130493074655532,10.497035026550291,0.0,0.3935045897960663,10.191988945007324,,37.0,25.0,30.0,0.0,
2025-12-17,10:13:06.135000,6a,Toxicity,Original,,67.22919464111328,1.6329525709152222,111.1247100830078,0.3384066820144653,0.8663367033004761,0.9583744406700134,11.153897285461426,12.500418663024902,5.574397087097168,0.2032568603754043,0.6959036588668823,0.1400375515222549,7.418317794799805,0.0,0.3744823336601257,,10.458412170410156,37.0,25.0,30.0,0.0,
2025-12-17,10:13:06.135000,FinePointe Series WBP [SN 139781]  Site 3 Bias Flow is out of range.,,,,,,,,,,,,,,,,,,,,,,,,,
2025-12-17,10:13:08.135000,6a,Toxicity,Original,,54.79165649414063,1.635637879371643,89.60452270507812,0.3762458562850952,0.9447102546691896,0.9588010311126708,11.153897285461426,11.680572509765623,5.013204574584961,0.2176289856433868,0.8780314922332764,0.1856002211570739,8.652959823608398,0.0,0.4548984169960022,,4.015836715698242,37.0,25.0,30.0,0.0,
2025-12-17,10:13:10.135000,6a,Toxicity,Original,,63.058380126953125,1.6727889776229858,105.63253021240234,0.494437038898468,0.8277301788330078,0.947455644607544,11.153897285461426,9.657722473144531,5.791245460510254,0.2742919921875,0.6858393549919128,0.1623681783676147,6.686863899230957,0.0,0.3854930698871612,,11.345830917358398,37.0,25.0,30.0,0.0,
2025-12-17,10:13:10.135000,FinePointe Series WBP [SN 139781]  Site 2 Bias Flow is out of range.,,,,,,,,,,,,,,,,,,,,,,,,,
2025-12-17,10:13:10.135000,FinePointe Series WBP [SN 139781]  Site 4 Bias Flow is out of range.,,,,,,,,,,,,,,,,,,,,,,,,,
2025-12-17,10:13:12.135000,6a,Toxicity,Original,,60.89117431640625,1.6535110473632812,100.67878723144533,0.3321695923805237,0.8099716901779175,0.9540938138961792,11.153897285461426,11.817537307739258,5.097175598144531,0.2207621484994888,0.7674152255058289,0.1729918122291565,11.137755393981934,0.0,0.428354263305664,,4.885737419128418,37.0,25.0,30.0,0.0,
2025-12-17,10:13:12.135000,FinePointe Series WBP [SN 139781]  Site 1 Bias Flow is out of range.,,,,,,,,,,,,,,,,,,,,,,,,,
2025-12-17,10:13:14.135000,6a,Toxicity,Original,,56.670875549316406,1.7162766456604004,97.2681121826172,0.4512746036052704,1.015408635139465,0.9425294399261476,11.153897285461426,9.699060440063477,4.533941268920898,0.2749117910861969,0.7839811444282532,0.1188159435987472,7.679808139801025,0.0,0.3949504494667053,,1.035577416419983,37.0,25.0,30.0,0.0,
2025-12-17,10:13:16.135000,6a,Toxicity,Original,,75.3840103149414,1.583388328552246,122.26596069335938,0.3343873918056488,0.7303862571716309,0.9480467438697816,11.153897285461426,12.276013374328612,6.51793909072876,0.2123808860778808,0.6134144067764282,0.2561160027980804,12.10935115814209,0.0,0.3532280027866363,4.10819673538208,17.010009765625,37.0,25.0,30.0,0.0,
2025-12-17,10:13:16.135000,FinePointe Series WBP [SN 139781]  Site 3 Bias Flow is out of range.,,,,,,,,,,,,,,,,,,,,,,,,,
2025-12-17,10:13:18.135000,6a,Toxicity,Original,,54.06632232666016,1.812016487121582,97.85096740722656,0.3779633641242981,0.730603814125061,0.9538949728012084,11.153897285461426,9.377843856811523,5.791399002075195,0.2784703075885772,0.8323723077774048,0.1440756916999817,8.666812896728516,0.0,0.4870205223560333,,2.241492986679077,37.0,25.0,30.0,0.0,
2025-12-17,10:13:20.135000,6a,Toxicity,Original,,58.38313293457031,1.824827790260315,106.5391616821289,0.4374586045742035,0.8192894458770752,0.9620782732963562,11.153897285461426,10.89785861968994,4.419289588928223,0.241895243525505,0.7857988476753235,0.111518993973732,5.617833614349365,0.0,0.4350830614566803,,,37.0,25.0,30.0,0.0,
2025-12-17,10:13:20.135000,FinePointe Series WBP [SN 139781]  Site 2 Bias Flow is out of range.,,,,,,,,,,,,,,,,,,,,,,,,,
2025-12-17,10:13:20.135000,FinePointe Series WBP [SN 139781]  Site 4 Bias Flow is out of range.,,,,,,,,,,,,,,,,,,,,,,,,,
2025-12-17,10:13:22.135000,6a,Toxicity,Original,,56.74205017089844,1.7132303714752195,97.11505126953124,0.4742181301116943,0.8495597243309021,0.9290255904197692,11.153897285461426,9.10561752319336,4.907845973968506,0.2745470106601715,0.7856687307357788,0.1368746012449264,6.11147403717041,0.0,0.4289836287498474,,3.63658618927002,37.0,25.0,30.0,0.0,
2025-12-17,10:13:22.135000,FinePointe Series WBP [SN 139781]  Site 1 Bias Flow is out of range.,,,,,,,,,,,,,,,,,,,,,,,,,
2025-12-17,10:13:24.135000,6a,Toxicity,Original,,63.17650985717773,1.81497323513031,114.79912567138672,0.3657253682613373,0.6334574818611145,0.95291405916214,11.153897285461426,11.16230297088623,6.322169780731201,0.2708104252815246,0.6887086033821106,0.1790885031223297,9.36353874206543,0.0,0.4264360070228576,,,37.0,25.0,30.0,0.0,
2025-12-17,10:13:26.135000,6a,Toxicity,Original,,70.92668151855469,1.674919366836548,119.67375183105467,0.408720314502716,0.9464905858039856,0.952041745185852,11.153897285461426,10.845495223999023,5.422288417816162,0.2353560924530029,0.6283825635910034,0.1123938411474227,7.7818427085876465,0.0,0.3222078680992126,,12.533435821533203,37.0,25.0,30.0,0.0,
2025-12-17,10:13:26.135000,FinePointe Series WBP [SN 139781]  Site 3 Bias Flow is out of range.,,,,,,,,,,,,,,,,,,,,,,,,,
2025-12-17,10:13:28.135000,6a,Toxicity,Original,,62.30213928222656,1.6299352645874023,101.9126205444336,0.5383783578872681,1.268433928489685,0.5118704438209534,11.153897285461426,12.830631256103516,3.846453905105591,0.2161831259727478,0.7522547245025635,0.1838915795087814,9.076093673706056,0.0,0.3340283632278442,,22.93454360961914,37.0,25.0,30.0,0.0,
2025-12-17,10:13:30.135000,6a,Toxicity,Original,,112.45570373535156,1.1298872232437134,120.90223693847656,0.9605664014816284,2.0112195014953613,0.5303962230682373,11.153897285461426,11.700593948364258,5.706500053405762,0.1482990235090255,0.3935199975967407,0.268625944852829,7.236262321472168,77.07775115966797,0.1689102500677108,3.302942514419556,21.48303604125977,37.0,25.0,30.0,0.0,
2025-12-17,10:13:30.135000,FinePointe Series WBP [SN 139781]  Site 2 Bias Flow is out of range.,,,,,,,,,,,,,,,,,,,,,,,,,
2025-12-17,10:13:30.135000,FinePointe Series WBP [SN 139781]  Site 4 Bias Flow is out of range.,,,,,,,,,,,,,,,,,,,,,,,,,
2025-12-17,10:13:32.135000,6a,Toxicity,Original,,54.35787582397461,1.171887755393982,63.70132827758789,2.9182398319244385,3.5441606044769287,0.9649195075035096,11.153897285461426,10.48391342163086,5.038731575012207,0.2187480032444,0.8850479125976562,0.0726853162050247,5.278769493103027,0.0,0.1969395726919174,,52.92477035522461,37.0,25.0,30.0,66.66666412353516,
2025-12-17,10:13:32.135000,FinePointe Series WBP [SN 139781]  Site 1 Bias Flow is out of range.,,,,,,,,,,,,,,,,,,,,,,,,,
2025-12-17,10:13:34.135000,6a,Toxicity,Original,,110.9248046875,0.9528083801269532,105.6900863647461,0.1534133851528167,0.2225930094718933,0.9194582104682922,11.153897285461426,13.00440788269043,10.157769203186035,0.1210944950580596,0.4198124706745147,0.2780715823173523,18.548254013061523,0.0,0.3461844623088836,19.479984283447266,,37.0,25.0,30.0,75.0,
2025-12-17,10:13:36.135000,6a,Toxicity,Original,,74.37904357910156,1.5836118459701538,118.60968017578124,0.2477732002735138,0.3941169381141662,0.9421780109405518,11.153897285461426,9.966805458068848,8.265382766723633,0.2300997376441955,0.6062247157096863,0.2302745878696441,10.201085090637209,0.0,0.4319630861282348,,,37.0,25.0,30.0,33.33333206176758,
2025-12-17,10:13:36.135000,FinePointe Series WBP [SN 139781]  Site 3 Bias Flow is out of range.,,,,,,,,,,,,,,,,,,,,,,,,,
2025-12-17,10:13:38.135000,6a,Toxicity,Original,,53.6309928894043,1.5603994131088257,83.6857681274414,0.4374449849128723,1.0690079927444458,0.95811128616333,11.153897285461426,12.072442054748535,5.367510795593262,0.2023698389530182,0.9163862466812134,0.045235488563776,7.336170196533203,0.0,0.4455823600292206,,,37.0,25.0,30.0,50.0,
2025-12-17,10:13:40.135000,6a,Toxicity,Original,,65.21542358398438,1.858602523803711,121.04641723632812,0.4015779197216034,0.7776387929916382,0.9544707536697388,11.153897285461426,10.025836944580078,6.160490036010742,0.2644321024417877,0.6782349348068237,0.1498880386352539,7.062747001647949,0.0,0.3807924389839172,,,37.0,25.0,30.0,0.0,
2025-12-17,10:13:40.135000,FinePointe Series WBP [SN 139781]  Site 2 Bias Flow is out of range.,,,,,,,,,,,,,,,,,,,,,,,,,
2025-12-17,10:13:40.135000,FinePointe Series WBP [SN 139781]  Site 4 Bias Flow is out of range.,,,,,,,,,,,,,,,,,,,,,,,,,
2025-12-17,10:13:42.135000,6a,Toxicity,Original,,65.79757690429688,1.564679503440857,102.10789489746094,0.2716907858848572,0.6418871879577637,0.9477307796478271,11.153897285461426,11.84196662902832,5.470271110534668,0.2038374841213226,0.7114101052284241,0.1650505363941192,10.339381217956545,0.0,0.4373314082622528,,6.3027191162109375,37.0,25.0,30.0,0.0,
2025-12-17,10:13:42.135000,FinePointe Series WBP [SN 139781]  Site 1 Bias Flow is out of range.,,,,,,,,,,,,,,,,,,,,,,,,,
2025-12-17,10:13:44.135000,6a,Toxicity,Original,,56.14762878417969,1.6411678791046145,92.05421447753906,0.498607873916626,0.8971645832061768,0.948627471923828,11.153897285461426,9.869813919067385,4.902990341186523,0.2654225826263428,0.8051727414131165,0.1290153115987777,6.480565071105957,0.0,0.4281325340270996,,5.243868827819824,37.0,25.0,30.0,0.0,
2025-12-17,10:13:46.135000,6a,Toxicity,Original,,92.52191162109376,1.7251598834991455,159.24984741210938,0.4552802741527557,0.7608036398887634,0.9434791803359984,11.153897285461426,12.265417098999023,8.391134262084961,0.220499187707901,0.4324338138103485,0.2864207625389099,10.645429611206056,0.0,0.2613804340362549,4.817191123962402,16.068706512451172,37.0,25.0,30.0,0.0,
2025-12-17,10:13:46.135000,FinePointe Series WBP [SN 139781]  Site 3 Bias Flow is out of range.,,,,,,,,,,,,,,,,,,,,,,,,,
2025-12-17,10:13:48.135000,6a,Toxicity,Original,,56.69448852539063,1.6403136253356934,91.7231903076172,0.2138504385948181,0.6095811128616333,0.961538553237915,11.153897285461426,11.91960906982422,5.252566337585449,0.2075332999229431,0.8657244443893433,0.1380434036254882,9.338640213012695,0.0,0.5405537486076355,,,37.0,25.0,30.0,33.33333206176758,
2025-12-17,10:13:50.135000,6a,Toxicity,Original,,80.06293487548828,1.8689886331558228,148.26658630371094,0.3342065811157226,0.6754836440086365,0.9464563727378844,11.153897285461426,12.273021697998049,7.09633207321167,0.2378304451704025,0.5751646161079407,0.1462711095809936,8.378509521484375,0.0,0.3388316631317138,,1.5719836950302124,37.0,25.0,30.0,0.0,
2025-12-17,10:13:50.135000,FinePointe Series WBP [SN 139781]  Site 2 Bias Flow is out of range.,,,,,,,,,,,,,,,,,,,,,,,,,
2025-12-17,10:13:50.135000,FinePointe Series WBP [SN 139781]  Site 4 Bias Flow is out of range.,,,,,,,,,,,,,,,,,,,,,,,,,
2025-12-17,10:13:50.135000,FinePointe Series WBP [SN 139781]  Site 1 Bias Flow is out of range.,,,,,,,,,,,,,,,,,,,,,,,,,
2025-12-17,10:13:54.135000,6a,Toxicity,Original,,62.78842926025391,1.8112391233444212,114.14680480957033,0.2560009360313415,0.4696716666221618,0.9622543454170228,11.153897285461426,9.761920928955078,5.974058151245117,0.2643372416496277,0.6921737194061279,0.2771505117416382,8.211265563964844,0.0,0.476083755493164,,,37.0,25.0,30.0,50.0,
2025-12-17,10:13:56.135000,6a,Toxicity,Original,,61.76163482666016,1.981532096862793,122.5321044921875,0.4185770750045776,1.1267554759979248,0.5057371258735657,11.153897285461426,12.541353225708008,4.952692031860352,0.2382300347089767,0.7360036373138428,0.206742525100708,8.160847663879395,166.94078063964844,0.3639692366123199,,3.8793911933898926,37.0,25.0,30.0,0.0,
2025-12-17,10:13:56.135000,FinePointe Series WBP [SN 139781]  Site 3 Bias Flow is out of range.,,,,,,,,,,,,,,,,,,,,,,,,,
2025-12-17,10:13:58.135000,6a,Toxicity,Original,,54.00665664672852,1.8021016120910645,97.29413604736328,0.6450574398040771,1.1628743410110474,0.9299654960632324,11.153897285461426,9.78228759765625,5.116799831390381,0.2982496619224548,0.8128378987312317,0.0948490351438522,6.976244926452637,0.0,0.3818193078041076,,8.461027145385742,37.0,25.0,30.0,33.33333206176758,
2025-12-17,10:13:58.135000,Record signals and tables.,,,,,,,,,,,,,,,,,,,,,,,,,
2025-12-17,10:13:58.135000,Experiment Complete.,,,,,,,,,,,,,,,,,,,,,,,,,
