Date,Time,Subject,Phase,Recording,Alarms,f,TVb,MVb,Penh,PAU,Rpef,Comp,PIFb,PEFb,Ti,Te,EF50,EIP,EEP,Tr,TB,TP,Tbody,Tc,RH,Rinx,BFCF
2025-12-17,10:46:55.093000,Measuring antidote.,,,,,,,,,,,,,,,,,,,,,,,,,
2025-12-17,10:46:55.093000,Create measurement 'antidote'. Duration: 00:01:00,,,,,,,,,,,,,,,,,,,,,,,,,
2025-12-17,10:46:55.093000,Site Acknowledgement Changed: False,,,,,,,,,,,,,,,,,,,,,,,,,
2025-12-17,10:46:55.093000,FinePointe Series WBP [SN 139781]  Site 1 Bias Flow is out of range.,,,,,,,,,,,,,,,,,,,,,,,,,
2025-12-17,10:46:55.093000,FinePointe Series WBP [SN 139781]  Site 1 Bias Flow is out of range.,,,,,,,,,,,,,,,,,,,,,,,,,
2025-12-17,10:46:55.093000,FinePointe Series WBP [SN 139781]  Site 1 Bias Flow is out of range.,,,,,,,,,,,,,,,,,,,,,,,,,
2025-12-17,10:46:55.093000,FinePointe Series WBP [SN 139781]  Site 1 Bias Flow is out of range.,,,,,,,,,,,,,,,,,,,,,,,,,
2025-12-17,10:47:33.615000,2b,Toxicity,Original,,311.89813232421875,0.1414064913988113,44.10441970825195,0.7757114171981812,1.186526894569397,0.1422445029020309,11.153897285461426,3.028993368148804,1.888477206230164,0.1080087125301361,0.0843617841601371,0.1180633828043937,6.044559478759766,0.0,0.0393887348473072,6.816421508789063,12.57798957824707,37.0,25.0,30.0,92.85713958740234,
2025-12-17,10:47:33.615000,FinePointe Series WBP [SN 139781]  Site 1 Bias Flow is out of range.,,,,,,,,,,,,,,,,,,,,,,,,,
2025-12-17,10:47:41.615000,2b,Toxicity,Original,,387.9357299804688,0.1084311679005622,42.06432723999024,11.658979415893556,3.89050555229187,0.1854853332042694,11.153897285461426,2.564982891082764,7.763055801391602,0.079187124967575,0.0754776671528816,0.684773862361908,2.325756072998047,52.94775772094727,0.0155150573700666,7.6808576583862305,32.09309005737305,37.0,25.0,30.0,96.66666412353516,
2025-12-17,10:47:45.615000,2b,Toxicity,Original,,304.3630065917969,0.3443148136138916,104.79669189453124,0.9388447403907776,0.9223870635032654,0.3899558186531067,11.153897285461426,5.468634128570557,5.298192024230957,0.1048148721456527,0.0923181474208831,0.4624605774879455,5.008274555206299,0.0,0.0488790273666381,10.991942405700684,12.607157707214355,37.0,25.0,30.0,95.0,
2025-12-17,10:47:45.615000,FinePointe Series WBP [SN 139781]  Site 1 Bias Flow is out of range.,,,,,,,,,,,,,,,,,,,,,,,,,
2025-12-17,10:47:45.615000,Measuring T30.,,,,,,,,,,,,,,,,,,,,,,,,,
2025-12-17,10:47:45.615000,Create measurement 'T30'. Duration: 00:29:00,,,,,,,,,,,,,,,,,,,,,,,,,
2025-12-17,10:47:57.615000,2b,Toxicity,Original,,231.35968017578125,0.3631788492202759,83.51927947998047,1.3058605194091797,0.6886265277862549,0.5036912560462952,11.153897285461426,5.517820358276367,9.522705078125,0.1223025321960449,0.1375030279159546,0.7069485187530518,20.11574935913086,32.10327911376953,0.0841708481311798,24.31348419189453,14.411835670471191,37.0,25.0,30.0,95.1219482421875,
2025-12-17,10:47:57.615000,FinePointe Series WBP [SN 139781]  Site 1 Bias Flow is out of range.,,,,,,,,,,,,,,,,,,,,,,,,,
2025-12-17,10:48:03.615000,2b,Toxicity,Original,,126.40726470947266,0.3373042345046997,42.6377067565918,0.4467692673206329,0.4200958013534546,0.5656190514564514,11.153897285461426,4.959589004516602,4.9502387046813965,0.1528849154710769,0.3217713534832001,0.2043188512325287,5.93105411529541,24.37550163269043,0.2282538712024688,16.550395965576172,,37.0,25.0,30.0,95.4545440673828,
2025-12-17,10:48:27.615000,2b,Toxicity,Original,,74.05258178710938,4.73009204864502,349.48834228515625,0.6707541942596436,0.9231244325637816,0.3572525382041931,11.153897285461426,23.88360977172852,13.92424488067627,0.4139010906219482,0.3977072238922119,1.213756799697876,18.44309425354004,0.0,0.2279490530490875,9.523993492126465,28.87324905395508,37.0,25.0,30.0,94.44444274902344,
2025-12-17,10:48:29.615000,2b,Toxicity,Original,,65.73773193359375,3.774259090423584,248.1112365722656,0.5633965134620667,0.9709542989730836,0.3945740163326263,11.153897285461426,24.24471092224121,12.099546432495115,0.2740543484687805,0.6386634707450867,1.0414552688598633,122.72737884521484,0.0,0.3319574892520904,14.802249908447266,27.595569610595703,37.0,25.0,30.0,0.0,
2025-12-17,10:48:31.615000,2b,Toxicity,Original,,69.77568054199219,3.6316652297973633,248.0479736328125,1.3014278411865234,1.8108055591583248,0.2757030725479126,11.153897285461426,17.94940948486328,9.820276260375977,0.3897040784358978,0.4857278168201446,0.8043704032897949,11.63056755065918,114.19322967529295,0.1809545904397964,3.9170169830322266,28.342992782592773,37.0,25.0,30.0,25.0,
2025-12-17,10:48:33.615000,2b,Toxicity,Original,,73.83207702636719,3.2646327018737797,241.04220581054688,1.2489967346191406,1.6013836860656738,0.2268759310245514,11.153897285461426,19.7067985534668,12.294538497924805,0.2802917063236236,0.533178985118866,0.9191960096359252,9.54568099975586,0.0,0.2090561985969543,3.902577638626098,31.95716094970703,37.0,25.0,30.0,0.0,
2025-12-17,10:48:35.615000,2b,Toxicity,Original,,74.27253723144531,3.2252063751220703,239.5167388916016,1.4783401489257812,1.6949288845062256,0.1789017915725708,11.153897285461426,19.48906517028809,13.218486785888672,0.2764703035354614,0.5313969850540161,0.8035879731178284,9.946130752563477,0.0,0.2011612355709076,4.046072959899902,35.01288604736328,37.0,25.0,30.0,0.0,
2025-12-17,10:48:37.615000,2b,Toxicity,Original,,72.3985366821289,3.2668678760528564,236.61184692382807,1.2504481077194214,1.729361057281494,0.2082611620426178,11.153897285461426,20.30482482910156,10.82953643798828,0.2722911536693573,0.5571221113204956,0.7642062902450562,8.534894943237305,0.0,0.2076182961463928,3.1872646808624268,33.63243103027344,37.0,25.0,30.0,0.0,
2025-12-17,10:48:39.615000,2b,Toxicity,Original,,74.82034301757812,3.9025702476501465,291.7933349609375,1.0194000005722046,1.3861188888549805,0.3857035636901855,11.153897285461426,22.450328826904297,12.41050148010254,0.2969249784946441,0.5052969455718994,1.078991174697876,9.063352584838867,0.0,0.21584053337574,3.921081066131592,28.32979965209961,37.0,25.0,30.0,0.0,
2025-12-17,10:48:41.615000,2b,Toxicity,Original,,72.74813079833984,3.417377233505249,248.2205810546875,1.1419901847839355,1.6716876029968262,0.3147171139717102,11.153897285461426,20.6042423248291,10.781627655029297,0.2940216660499573,0.5345363616943359,0.886698842048645,15.274757385253906,55.12572479248047,0.2169274538755417,7.684727668762207,34.28310775756836,37.0,25.0,30.0,0.0,
2025-12-17,10:48:43.615000,2b,Toxicity,Original,,75.09537506103516,3.0090484619140625,225.18267822265625,1.2611379623413086,1.7948479652404783,0.1850237250328064,11.153897285461426,19.624313354492188,9.883536338806152,0.2666327059268951,0.5366999506950378,0.756195604801178,8.213031768798828,37.92043685913086,0.1965191960334777,3.499868392944336,33.207489013671875,37.0,25.0,30.0,0.0,
2025-12-17,10:48:45.615000,2b,Toxicity,Original,,78.77201843261719,3.125255823135376,245.43798828125,1.174579620361328,1.5506064891815186,0.2320848107337951,11.153897285461426,18.81414222717285,11.44553279876709,0.2866071462631225,0.480932354927063,0.7542872428894043,8.512276649475098,0.0,0.1920035183429718,3.4872851371765137,33.76042938232422,37.0,25.0,30.0,0.0,
2025-12-17,10:48:47.615000,2b,Toxicity,Original,,82.12672424316406,3.292280673980713,269.4400939941406,0.9512495398521424,1.1722499132156372,0.2423222661018371,11.153897285461426,19.08748435974121,12.354724884033203,0.3094769120216369,0.4245772063732147,0.957293689250946,8.271239280700684,0.0,0.2025916427373886,4.196094989776611,23.44306755065918,37.0,25.0,30.0,0.0,
2025-12-17,10:48:49.615000,2b,Toxicity,Original,,77.89407348632812,3.1431565284729004,244.67532348632807,1.1187708377838137,1.5133297443389893,0.2695173025131225,11.153897285461426,19.328807830810547,11.127212524414062,0.2919397354125976,0.4792928695678711,0.8637551069259644,6.952741622924805,13.06027889251709,0.1939541548490524,3.491063117980957,31.552169799804688,37.0,25.0,30.0,0.0,
2025-12-17,10:48:51.615000,2b,Toxicity,Original,,79.45841979980469,3.218986749649048,255.76641845703125,1.0559382438659668,1.5389338731765747,0.2822776436805725,11.153897285461426,19.287641525268555,9.979801177978516,0.2944971024990082,0.4618491530418396,0.8772727251052856,7.477842807769775,24.19001197814941,0.185285747051239,3.484059333801269,30.87274932861328,37.0,25.0,30.0,0.0,
2025-12-17,10:48:53.615000,2b,Toxicity,Original,,78.53172302246094,3.432902574539185,269.74951171875,1.1019574403762815,1.5841268301010132,0.2800573408603668,11.153897285461426,20.188350677490234,11.86129379272461,0.2880600690841675,0.4762704372406006,0.94459867477417,8.054801940917969,28.430763244628903,0.1884873211383819,5.578951358795166,29.097389221191406,37.0,25.0,30.0,0.0,
2025-12-17,10:48:55.615000,2b,Toxicity,Original,,80.40309143066406,3.291480302810669,264.5922546386719,1.089053988456726,1.5459375381469729,0.2734071314334869,11.153897285461426,19.449626922607425,11.006906509399414,0.2810060977935791,0.4652720689773559,0.887736976146698,7.631956100463867,0.0,0.1860307455062866,4.063413143157959,34.225868225097656,37.0,25.0,30.0,0.0,
2025-12-17,10:48:57.615000,2b,Toxicity,Original,,77.74955749511719,3.2520551681518555,253.19265747070312,1.1023718118667605,1.5258839130401611,0.2902621626853943,11.153897285461426,19.97281265258789,11.714070320129396,0.3014819622039795,0.4720527231693268,0.9287397861480712,7.910306453704834,7.968172550201416,0.1904520243406295,4.513311386108398,31.064924240112305,37.0,25.0,30.0,0.0,
2025-12-17,10:48:59.615000,2b,Toxicity,Original,,75.49911499023438,3.3885045051574707,254.56375122070312,1.3424291610717771,1.549789547920227,0.2751408815383911,11.153897285461426,17.081371307373047,12.54117488861084,0.3218626379966736,0.4807165265083313,1.0551810264587402,7.880368709564209,6.451971054077148,0.1929956376552581,4.999161720275879,28.742202758789062,37.0,25.0,30.0,0.0,
2025-12-17,10:49:01.615000,2b,Toxicity,Original,,79.81748962402344,3.313673496246338,264.3944396972656,1.102738380432129,1.501710295677185,0.2768468558788299,11.153897285461426,19.858816146850582,12.02467918395996,0.2861891686916351,0.4662791192531585,0.8867151141166687,10.974228858947754,25.411043167114254,0.1910837739706039,6.107088088989258,29.93033218383789,37.0,25.0,30.0,0.0,
2025-12-17,10:49:03.615000,2b,Toxicity,Original,,84.20893859863281,3.234257459640503,272.0810241699219,0.9628390669822692,1.3100582361221311,0.4058375358581543,11.153897285461426,18.33647727966309,10.89823055267334,0.2945894002914428,0.4183637201786041,0.8968286514282227,7.9000725746154785,0.0,0.1852152049541473,4.39647388458252,29.433372497558597,37.0,25.0,30.0,0.0,
2025-12-17,10:49:05.615000,2b,Toxicity,Original,,80.83698272705078,2.985502004623413,241.78665161132807,1.0321059226989746,1.3414136171340942,0.2561747431755066,11.153897285461426,17.51613998413086,10.874388694763184,0.3221080601215362,0.4221961796283722,0.8668299913406372,7.319943428039551,21.563051223754883,0.1854082494974136,3.860675811767578,25.748023986816406,37.0,25.0,30.0,0.0,
2025-12-17,10:49:07.615000,2b,Toxicity,Original,,89.33757019042969,3.0782155990600586,275.0002746582031,0.9450904130935668,1.209652304649353,0.228869080543518,11.153897285461426,18.216100692749023,12.029793739318848,0.2696334421634674,0.4019765257835388,0.7914966940879822,8.872204780578613,0.0,0.1861060410737991,5.173523902893066,36.75713348388672,37.0,25.0,30.0,0.0,
2025-12-17,10:49:11.615000,2b,Toxicity,Original,,50.86042404174805,3.5388355255126958,179.98667907714844,0.6225277781486511,1.1058566570281982,0.560244619846344,11.153897285461426,15.566400527954102,5.309090614318848,0.6263694763183594,0.5533297061920166,0.4526140391826629,8.779677391052246,136.707275390625,0.2692945897579193,0.2714897990226745,17.47089958190918,37.0,25.0,30.0,66.66666412353516,
2025-12-17,10:49:15.615000,2b,Toxicity,Original,,76.04747009277344,2.630392074584961,200.08843994140625,1.0893914699554443,1.2190678119659424,0.2263514399528503,11.153897285461426,14.356904983520508,10.223209381103516,0.3163630366325378,0.4726496040821075,0.7678972482681274,13.065391540527344,0.0,0.2179362326860427,5.663480758666992,27.500747680664062,37.0,25.0,30.0,60.0,
2025-12-17,10:49:17.615000,2b,Toxicity,Original,,79.5813980102539,3.217545509338379,256.06024169921875,0.9672870635986328,1.285300612449646,0.2025419026613235,11.153897285461426,16.67327308654785,8.798632621765137,0.3660086691379547,0.387938380241394,0.6901036500930786,8.28129768371582,0.0,0.1758357882499694,3.607409954071045,28.58834457397461,37.0,25.0,30.0,0.0,
2025-12-17,10:49:19.615000,2b,Toxicity,Original,,81.77531433105469,3.0872998237609863,251.69186401367188,1.0326714515686035,1.2935080528259275,0.1560665369033813,11.153897285461426,16.486804962158203,9.186895370483398,0.324197381734848,0.4101409316062927,0.5982329249382019,6.530977249145508,0.0,0.1823134422302246,1.2107985019683838,25.35974884033203,37.0,25.0,30.0,0.0,
2025-12-17,10:49:21.615000,2b,Toxicity,Original,,79.14231872558594,2.8560726642608643,225.91748046875,1.1550390720367432,1.232991337776184,0.2593962550163269,11.153897285461426,15.511258125305176,10.330592155456545,0.3198916316032409,0.4389340579509735,0.7884953022003174,7.014570713043213,0.0,0.2005281895399093,2.5241401195526123,24.934345245361328,37.0,25.0,30.0,0.0,
2025-12-17,10:49:23.615000,2b,Toxicity,Original,,80.16600799560547,2.788397789001465,223.2669677734375,1.475434184074402,1.5453380346298218,0.198006123304367,11.153897285461426,14.861716270446776,11.88848114013672,0.288252055644989,0.4613356292247772,0.7648462653160095,7.330715656280518,0.0,0.1846012473106384,3.569114923477173,27.94639778137207,37.0,25.0,30.0,0.0,
2025-12-17,10:49:25.615000,2b,Toxicity,Original,,82.5013198852539,2.9480741024017334,243.13204956054688,1.0438792705535889,1.2192946672439575,0.2464480400085449,11.153897285461426,16.507402420043945,10.756457328796388,0.2992544174194336,0.4282293617725372,0.8099989891052246,7.018693447113037,0.0,0.1973363906145095,3.0176172256469727,25.49864387512207,37.0,25.0,30.0,0.0,
2025-12-17,10:49:27.615000,2b,Toxicity,Original,,80.22235107421875,3.145726442337036,252.3660888671875,1.2432087659835815,1.5202279090881348,0.2477687001228332,11.153897285461426,16.95568084716797,10.953956604003906,0.3087151348590851,0.4393959641456604,0.7670725584030151,7.991016387939453,0.0,0.1789248287677765,4.397326946258545,27.542999267578125,37.0,25.0,30.0,0.0,
2025-12-17,10:49:29.615000,2b,Toxicity,Original,,81.3897476196289,3.201255321502685,260.5031433105469,1.328073263168335,1.448467493057251,0.3124623894691467,11.153897285461426,16.123607635498047,12.05800437927246,0.3147507905960083,0.4224864840507507,0.8500171303749084,7.305908203125,0.0,0.1771386563777923,4.978603839874268,27.627933502197266,37.0,25.0,30.0,0.0,
2025-12-17,10:49:31.615000,2b,Toxicity,Original,,80.25104522705078,3.0996968746185303,248.5227508544922,1.1711385250091553,1.4615862369537354,0.2662162780761719,11.153897285461426,17.09947967529297,11.807398796081545,0.3132475018501282,0.4350342154502868,0.905886173248291,8.359274864196777,18.820711135864254,0.1808669567108154,5.565056800842285,28.854103088378903,37.0,25.0,30.0,0.0,
2025-12-17,10:49:33.615000,2b,Toxicity,Original,,88.17088317871094,2.9068033695220947,255.95376586914065,1.1398981809616089,1.309139370918274,0.2751881182193756,11.153897285461426,16.555496215820312,11.979138374328612,0.2904618382453918,0.3921239674091339,0.9669789671897888,7.745877265930176,19.23421287536621,0.1743929535150528,5.982608795166016,27.74739646911621,37.0,25.0,30.0,0.0,
2025-12-17,10:49:35.615000,2b,Toxicity,Original,,64.14155578613281,2.859588146209717,183.1665496826172,1.2106904983520508,1.7490156888961792,0.1418046951293945,11.153897285461426,16.04288673400879,8.312030792236328,0.3196768164634704,0.6201930046081543,0.5771116614341736,9.223974227905272,0.0,0.2317520827054977,3.571702480316162,33.387603759765625,37.0,25.0,30.0,0.0,
2025-12-17,10:49:37.615000,2b,Toxicity,Original,,71.20207214355469,2.6860663890838623,191.2534942626953,1.1014227867126465,1.6899956464767456,0.3007369935512543,11.153897285461426,15.896490097045898,8.093751907348633,0.3438974320888519,0.4987746775150299,0.5338172316551208,7.41493034362793,0.0,0.1894837915897369,3.228801250457764,24.74687957763672,37.0,25.0,30.0,0.0,
2025-12-17,10:49:41.615000,2b,Toxicity,Original,,83.06183624267578,3.209478616714477,266.585205078125,0.589819610118866,0.7099664211273193,0.7163389325141907,11.153897285461426,17.096805572509766,13.086915969848633,0.3147251009941101,0.4076282978057861,0.9719045758247375,23.322813034057617,0.0,0.241273283958435,5.224149227142334,11.635695457458496,37.0,25.0,30.0,75.0,
2025-12-17,10:49:43.615000,2b,Toxicity,Original,,75.77493286132812,3.3751795291900635,255.75401306152344,0.7094199061393738,1.0826256275177002,0.6394932866096497,11.153897285461426,14.503110885620115,8.212538719177246,0.3602268695831299,0.4315916895866394,0.595280647277832,9.559114456176758,0.0,0.2121455669403076,4.728315830230713,19.088281631469727,37.0,25.0,30.0,75.0,
2025-12-17,10:49:45.615000,2b,Toxicity,Original,,78.12825012207031,2.995633125305176,234.0831756591797,0.9369783401489258,1.0329244136810305,0.2596563994884491,11.153897285461426,15.186877250671388,10.667450904846191,0.3215160965919494,0.4465285837650299,0.9113484621047974,7.494715690612793,10.945735931396484,0.2249481081962585,5.05609655380249,17.455923080444336,37.0,25.0,30.0,0.0,
2025-12-17,10:49:49.615000,2b,Toxicity,Original,,81.92464447021484,2.855397224426269,233.8994140625,0.8696044087409973,0.94094979763031,0.4500192999839782,11.153897285461426,13.773931503295898,10.307551383972168,0.3296540081501007,0.4028460383415222,0.8994783163070679,7.194855690002441,0.0,0.2130248844623565,4.625244617462158,17.66571807861328,37.0,25.0,30.0,50.0,
2025-12-17,10:49:51.615000,2b,Toxicity,Original,,85.173583984375,3.57201886177063,304.22711181640625,0.687778115272522,0.98785799741745,0.4960299730300903,11.153897285461426,17.320762634277344,10.828535079956056,0.3474851846694946,0.3569601774215698,0.9158815145492554,9.90452480316162,0.0,0.1861999630928039,7.46039342880249,21.76668930053711,37.0,25.0,30.0,0.0,
2025-12-17,10:49:53.615000,2b,Toxicity,Original,,88.7456283569336,3.516487836837769,312.15557861328125,0.6978322267532349,0.9211888909339904,0.3700876533985138,11.153897285461426,18.32191467285156,12.189471244812012,0.343378484249115,0.3333909511566162,1.0052506923675537,10.219934463500977,0.0,0.1794023066759109,7.74261999130249,22.014741897583008,37.0,25.0,30.0,0.0,
2025-12-17,10:49:55.615000,2b,Toxicity,Original,,88.07120513916016,3.0109939575195312,264.8426208496094,0.9982329607009888,1.0938186645507812,0.2756930589675903,11.153897285461426,16.078128814697266,12.585282325744627,0.3186240792274475,0.3633205592632293,0.9785750508308412,8.29958438873291,0.0,0.1785921454429626,6.464494705200195,22.77699851989746,37.0,25.0,30.0,0.0,
2025-12-17,10:49:57.615000,2b,Toxicity,Original,,91.9478530883789,3.0324084758758545,278.9560852050781,0.7459650635719299,0.9360819458961488,0.3399441838264465,11.153897285461426,17.250125885009766,11.84967803955078,0.3098581433296203,0.3430047035217285,0.9627873301506042,7.742482662200928,0.0,0.1818225681781768,6.650132656097412,20.220443725585938,37.0,25.0,30.0,0.0,
2025-12-17,10:49:59.615000,2b,Toxicity,Original,,89.9175796508789,3.120201587677002,280.477294921875,0.9495738744735718,1.0442560911178589,0.3954625725746155,11.153897285461426,16.646347045898438,12.067439079284668,0.3058644831180572,0.3620386719703674,0.8862186670303345,7.884883880615234,13.732940673828123,0.1822695285081863,4.966211318969727,19.5604190826416,37.0,25.0,30.0,0.0,
2025-12-17,10:50:01.615000,2b,Toxicity,Original,,94.0769271850586,2.980607271194458,280.2726745605469,0.8329493999481201,0.9786221981048584,0.3571274280548095,11.153897285461426,16.876461029052734,13.211984634399414,0.2980173230171203,0.3399084210395813,1.0111932754516602,8.88640308380127,0.0,0.1765294969081878,7.647858619689941,19.273855209350582,37.0,25.0,30.0,0.0,
2025-12-17,10:50:03.615000,2b,Toxicity,Original,,92.84890747070312,3.036987066268921,281.91363525390625,0.8648383021354675,1.0079905986785889,0.2933396697044372,11.153897285461426,16.763547897338867,12.273062705993652,0.3086749315261841,0.3377849757671356,1.0072582960128784,9.114373207092283,0.0,0.1737866848707199,7.359333515167236,20.71141624450684,37.0,25.0,30.0,0.0,
2025-12-17,10:50:05.615000,2b,Toxicity,Original,,94.25509643554688,3.1959786415100098,301.42889404296875,0.85142582654953,0.9879323244094848,0.487640768289566,11.153897285461426,16.989566802978516,13.050414085388184,0.3079869151115417,0.3322691321372986,1.0126434564590454,8.184123992919922,8.954534530639648,0.1711185127496719,6.965629577636719,19.315778732299805,37.0,25.0,30.0,0.0,
2025-12-17,10:50:07.615000,2b,Toxicity,Original,,92.7720718383789,2.8944993019104004,268.35040283203125,0.8495703935623169,0.974494218826294,0.3712951242923736,11.153897285461426,14.965938568115234,11.735172271728516,0.3051690459251404,0.3427510261535644,1.0078046321868896,8.055366516113281,0.0,0.178439199924469,6.998745441436768,18.465394973754883,37.0,25.0,30.0,0.0,
2025-12-17,10:50:09.615000,2b,Toxicity,Original,,92.7353744506836,3.0575263500213623,283.2384033203125,0.890682578086853,1.000793218612671,0.4719486236572265,11.153897285461426,17.233266830444336,13.344654083251951,0.300553560256958,0.3469758033752441,1.074573993682861,9.670699119567873,5.163499355316162,0.1766169667243957,5.045061111450195,19.271503448486328,37.0,25.0,30.0,0.0,
2025-12-17,10:50:11.615000,2b,Toxicity,Original,,95.30455017089844,3.1053812503814697,295.8417358398437,0.9584335088729858,1.0266642570495603,0.3673022389411926,11.153897285461426,16.564870834350586,13.654827117919922,0.2980968356132507,0.3321848213672638,1.1510335206985474,7.87603759765625,0.0,0.1683937907218933,7.103917121887207,21.26328468322754,37.0,25.0,30.0,0.0,
2025-12-17,10:50:13.615000,2b,Toxicity,Original,,94.83840942382812,2.9793481826782227,282.4493713378906,0.9544971585273744,1.0132462978363037,0.4194206297397613,11.153897285461426,15.63681411743164,13.633085250854492,0.3021289110183716,0.3307946920394897,1.093563199043274,9.053199768066406,9.817248344421388,0.1690497994422912,8.068360328674316,20.44179344177246,37.0,25.0,30.0,0.0,
2025-12-17,10:50:15.615000,2b,Toxicity,Original,,95.4057846069336,3.197171688079834,304.82818603515625,0.960318922996521,0.9569461345672609,0.3424738347530365,11.153897285461426,16.715171813964844,14.664481163024902,0.3097224533557892,0.3196797668933868,1.1363216638565063,7.821134090423584,0.0,0.1693567633628845,7.578075408935547,20.41848373413086,37.0,25.0,30.0,0.0,
2025-12-17,10:50:17.615000,2b,Toxicity,Original,,91.45539093017578,3.1273891925811768,285.62994384765625,0.8556695580482483,0.9309483766555786,0.4891557991504669,11.153897285461426,16.304664611816406,13.684614181518556,0.3411327302455902,0.3152564465999603,1.093327879905701,8.433380126953125,0.0,0.1682373285293579,6.635014533996582,20.65049171447754,37.0,25.0,30.0,0.0,
2025-12-17,10:50:19.615000,2b,Toxicity,Original,,89.04203033447266,3.1599643230438232,280.7441101074219,1.0834826231002808,1.1470179557800293,0.3157763183116913,11.153897285461426,16.77927017211914,13.492690086364746,0.3206177651882171,0.3545882999897003,1.0271869897842407,7.094207763671875,0.0,0.1691524684429168,6.311831951141357,21.73245620727539,37.0,25.0,30.0,0.0,
2025-12-17,10:50:21.615000,2b,Toxicity,Original,,93.27397918701172,3.0022242069244385,279.8070068359375,1.0178003311157229,1.0340107679367063,0.4104979932308197,11.153897285461426,15.93297290802002,14.110577583312988,0.3182436823844909,0.3254242539405823,1.1685465574264526,9.144068717956545,0.0,0.1650781780481338,8.76037883758545,22.41555976867676,37.0,25.0,30.0,0.0,
2025-12-17,10:50:23.615000,2b,Toxicity,Original,,94.26067352294922,3.223740577697754,303.4437561035156,0.917190670967102,1.031794548034668,0.3133795857429504,11.153897285461426,16.041271209716797,12.694550514221191,0.3074966669082641,0.3294855058193207,1.055594563484192,7.091927528381348,5.375348567962647,0.1667684912681579,7.021174430847168,19.595346450805664,37.0,25.0,30.0,0.0,
2025-12-17,10:50:25.615000,2b,Toxicity,Original,,93.86904907226562,3.0465259552001958,285.9507751464844,0.8343547582626343,0.9762199521064758,0.467411607503891,11.153897285461426,15.876541137695312,12.674631118774414,0.3106209635734558,0.3285964429378509,1.041154861450195,9.093528747558594,0.0,0.1712831556797027,9.006925582885742,18.45884323120117,37.0,25.0,30.0,0.0,
2025-12-17,10:50:25.615000,FinePointe Series WBP [SN 139781]  Site 2 Bias Flow is out of range.,,,,,,,,,,,,,,,,,,,,,,,,,
2025-12-17,10:50:27.615000,2b,Toxicity,Original,,96.52351379394533,3.031219959259033,292.6039428710937,0.8794958591461182,0.9528264999389648,0.4079669117927551,11.153897285461426,15.563921928405762,12.672563552856444,0.2974729537963867,0.3243188560009002,1.0834530591964722,7.379008293151855,0.0,0.1709249168634414,7.203033447265625,19.603649139404297,37.0,25.0,30.0,0.0,
2025-12-17,10:50:29.615000,2b,Toxicity,Original,,92.89288330078124,3.113931179046631,288.7406005859375,0.8740594983100891,0.9371119737625122,0.4297720491886139,11.153897285461426,15.96789836883545,13.400782585144045,0.3113082349300384,0.336339920759201,1.1346962451934814,6.85899019241333,0.0,0.177871286869049,5.571503162384033,18.13119888305664,37.0,25.0,30.0,0.0,
2025-12-17,10:50:31.615000,2b,Toxicity,Original,,97.2314453125,3.081448554992676,299.3659973144531,0.8139436841011047,0.9607185125350952,0.3657997548580169,11.153897285461426,16.282032012939453,12.296566009521484,0.2978644073009491,0.3196963369846344,1.0335774421691897,8.627365112304688,0.0,0.1681965738534927,8.431525230407715,19.628780364990234,37.0,25.0,30.0,0.0,
2025-12-17,10:50:33.615000,2b,Toxicity,Original,,93.75751495361328,3.1285438537597656,293.1703186035156,0.793395459651947,0.9720055460929872,0.3010245561599731,11.153897285461426,17.26080894470215,12.432825088500977,0.3122893273830414,0.3282257318496704,1.0231072902679443,8.42872142791748,0.0,0.1714350581169128,9.390482902526855,19.7268180847168,37.0,25.0,30.0,0.0,
2025-12-17,10:50:35.615000,2b,Toxicity,Original,,94.6470184326172,3.1168906688690186,295.2069396972656,0.8898707032203674,0.9573622941970824,0.3334064185619354,11.153897285461426,16.06122589111328,13.796377182006836,0.3103024661540985,0.3243326544761657,1.1125444173812866,8.379437446594238,0.0,0.1709539145231247,8.858929634094238,20.115238189697266,37.0,25.0,30.0,0.0,
2025-12-17,10:50:35.615000,FinePointe Series WBP [SN 139781]  Site 2 Bias Flow is out of range.,,,,,,,,,,,,,,,,,,,,,,,,,
2025-12-17,10:50:37.615000,2b,Toxicity,Original,,95.86393737792967,2.9969639778137207,287.0183410644531,0.9131127595901488,0.9938501715660096,0.356238305568695,11.153897285461426,16.47824478149414,13.06185817718506,0.2967004776000976,0.3297699987888336,1.1190680265426636,7.119149684906006,0.0,0.1696685403585434,6.46367883682251,19.400299072265625,37.0,25.0,30.0,0.0,
2025-12-17,10:50:39.615000,2b,Toxicity,Original,,96.08036041259766,3.180464029312134,305.6409606933594,0.7112480998039246,0.841842770576477,0.4491423070430755,11.153897285461426,16.62883758544922,12.432228088378906,0.3114216029644012,0.3133185505867004,1.0495001077651978,7.1855974197387695,0.0,0.1747167408466339,7.275834083557129,18.21109390258789,37.0,25.0,30.0,0.0,
2025-12-17,10:50:41.615000,2b,Toxicity,Original,,95.44961547851562,3.1879680156707764,304.34429931640625,0.7984716296195984,0.901190221309662,0.3976950645446777,11.153897285461426,16.481353759765625,13.305780410766602,0.3122605085372925,0.3167883157730102,1.112151026725769,8.253175735473633,0.0,0.1718696355819702,8.12868881225586,17.11847686767578,37.0,25.0,30.0,0.0,
2025-12-17,10:50:43.615000,2b,Toxicity,Original,,96.05520629882812,3.119192361831665,299.3588562011719,0.9870484471321106,0.9880038499832152,0.4268158078193664,11.153897285461426,15.51821517944336,14.27406120300293,0.3023855984210968,0.3227684199810028,1.257578730583191,8.025117874145508,0.0,0.1668669134378433,8.188480377197266,19.289690017700195,37.0,25.0,30.0,0.0,
2025-12-17,10:50:45.615000,2b,Toxicity,Original,,95.52338409423828,3.1586592197418213,302.0361328125,0.848564863204956,0.8692626357078552,0.4778442680835724,11.153897285461426,16.08135986328125,13.717348098754885,0.3128350973129272,0.3159437179565429,1.1517176628112793,8.117341995239258,0.0,0.1740307807922363,7.6895432472229,18.971162796020508,37.0,25.0,30.0,0.0,
2025-12-17,10:50:45.615000,FinePointe Series WBP [SN 139781]  Site 2 Bias Flow is out of range.,,,,,,,,,,,,,,,,,,,,,,,,,
2025-12-17,10:50:47.615000,2b,Toxicity,Original,,96.05752563476562,3.195354461669922,306.8934631347656,0.8657804131507874,0.9470921754837036,0.3844072818756103,11.153897285461426,16.470096588134766,13.300995826721191,0.3093748390674591,0.3154236972332001,1.0963956117630005,8.526562690734863,0.0,0.1675580590963363,8.391353607177734,18.098560333251957,37.0,25.0,30.0,0.0,
2025-12-17,10:50:49.615000,2b,Toxicity,Original,,96.89752960205078,3.1841697692871094,308.48699951171875,0.8190047144889832,0.9165444374084472,0.3218979835510254,11.153897285461426,16.385231018066406,12.90898895263672,0.3034421503543854,0.31650310754776,1.0707366466522217,7.518719673156738,0.0,0.1699253320693969,7.384626865386963,17.546329498291016,37.0,25.0,30.0,0.0,
2025-12-17,10:50:51.615000,2b,Toxicity,Original,,99.23595428466795,3.0335822105407715,301.056640625,0.8608248829841614,0.9338409900665284,0.4505090117454529,11.153897285461426,16.400314331054688,14.26463794708252,0.2976823449134826,0.3070921897888183,1.2388533353805542,7.897866249084473,0.0,0.1634632796049118,8.296110153198242,19.913204193115234,37.0,25.0,30.0,0.0,
2025-12-17,10:50:53.615000,2b,Toxicity,Original,,99.96456146240234,2.902512550354004,289.9468078613281,0.9091002941131592,0.9392907023429872,0.3637714684009552,11.153897285461426,15.461275100708008,13.00696849822998,0.2908399999141693,0.3095819652080536,1.0712863206863403,6.540984153747559,0.0,0.1636572331190109,7.051511287689209,18.622182846069336,37.0,25.0,30.0,0.0,
2025-12-17,10:50:55.615000,2b,Toxicity,Original,,97.75440216064452,3.1718921661376958,310.067626953125,0.9083967804908752,0.984999418258667,0.3588033318519592,11.153897285461426,16.232202529907227,13.147818565368652,0.302159696817398,0.3116500377655029,1.1377041339874268,7.469480991363525,0.0,0.1615621894598007,7.463532447814941,19.53608512878418,37.0,25.0,30.0,0.0,
2025-12-17,10:50:55.615000,FinePointe Series WBP [SN 139781]  Site 2 Bias Flow is out of range.,,,,,,,,,,,,,,,,,,,,,,,,,
2025-12-17,10:50:57.615000,2b,Toxicity,Original,,97.82614135742188,3.059631824493408,299.22723388671875,0.7965574264526367,0.8773767948150635,0.5809430480003357,11.153897285461426,15.228704452514648,12.746437072753906,0.3016853928565979,0.3119511008262634,1.0620077848434448,7.012484550476074,0.0,0.1711608916521072,7.623558044433594,17.008604049682617,37.0,25.0,30.0,0.0,
2025-12-17,10:50:59.615000,2b,Toxicity,Original,,98.39063262939452,3.068437337875366,302.1640930175781,0.8306858539581299,0.908271849155426,0.4756603837013244,11.153897285461426,16.141624450683594,13.260787963867188,0.2957999110221863,0.3142061531543731,1.1122664213180542,6.914883613586426,0.0,0.1690203100442886,7.474767684936523,17.959489822387695,37.0,25.0,30.0,0.0,
2025-12-17,10:51:01.615000,2b,Toxicity,Original,,99.3964614868164,3.1055209636688232,308.5638122558594,0.7132010459899902,0.8078141808509827,0.5861237645149231,11.153897285461426,15.975153923034668,12.706565856933594,0.2992346882820129,0.3045922219753265,1.0878316164016724,7.519918918609619,0.0,0.1735747456550598,8.589353561401367,14.520995140075684,37.0,25.0,30.0,0.0,
2025-12-17,10:51:03.615000,2b,Toxicity,Original,,100.27377319335938,3.1492152214050293,315.4783630371094,0.8388959169387817,0.901274561882019,0.3249941766262054,11.153897285461426,15.79008674621582,13.180492401123049,0.295759916305542,0.3033075332641601,1.022430658340454,6.621109008789063,0.0,0.1639433652162552,6.788418292999268,17.47960090637207,37.0,25.0,30.0,0.0,
2025-12-17,10:51:05.615000,2b,Toxicity,Original,,95.42131805419922,3.127072811126709,298.3911437988281,0.8519752621650696,0.9537203311920166,0.3823533654212951,11.153897285461426,16.549015045166016,13.002045631408691,0.3068222105503082,0.3219743967056274,0.969537317752838,7.920626640319824,0.0,0.1692082285881042,7.3185529708862305,17.95128059387207,37.0,25.0,30.0,0.0,
2025-12-17,10:51:05.615000,FinePointe Series WBP [SN 139781]  Site 2 Bias Flow is out of range.,,,,,,,,,,,,,,,,,,,,,,,,,
2025-12-17,10:51:07.615000,2b,Toxicity,Original,,101.7853012084961,3.0097761154174805,306.2516174316406,0.7619913220405579,0.872075617313385,0.5199612379074097,11.153897285461426,16.59478759765625,13.500767707824709,0.2898488044738769,0.2997412383556366,1.1267374753952026,7.954792976379394,0.0,0.1652195453643798,8.866854667663574,17.391983032226562,37.0,25.0,30.0,0.0,
2025-12-17,10:51:09.615000,2b,Toxicity,Original,,99.61647033691406,3.0745880603790283,306.3245849609375,0.7921568155288696,0.8322447538375854,0.377311497926712,11.153897285461426,15.299540519714355,13.220688819885254,0.2963573038578033,0.3061516284942627,1.158983826637268,7.863487720489502,0.0,0.1719378978013992,8.685660362243652,15.319522857666016,37.0,25.0,30.0,0.0,
2025-12-17,10:51:11.615000,2b,Toxicity,Original,,100.98274230957033,3.102748155593872,313.64617919921875,0.7800424695014954,0.8539285659790039,0.5103843212127686,11.153897285461426,16.68764305114746,14.61759090423584,0.2954450249671936,0.2992995083332062,1.160954475402832,9.152328491210938,0.0,0.1668975055217743,9.062265396118164,15.07532024383545,37.0,25.0,30.0,0.0,
2025-12-17,10:51:13.615000,2b,Toxicity,Original,,101.50000762939452,3.148256540298462,319.65692138671875,0.8465588092803955,0.882928729057312,0.4100249111652374,11.153897285461426,16.545757293701172,13.859898567199709,0.2949521839618683,0.2967538833618164,1.155091404914856,7.046245098114014,0.0,0.1617185324430465,6.619019031524658,17.572484970092773,37.0,25.0,30.0,0.0,
2025-12-17,10:51:15.615000,2b,Toxicity,Original,,100.67042541503906,3.1005258560180664,312.13336181640625,0.7217097878456116,0.8133103251457214,0.5144338011741638,11.153897285461426,16.21751594543457,13.429323196411133,0.2938149869441986,0.3022066354751587,1.0863115787506104,7.213382720947266,0.0,0.1712667942047119,7.626166343688965,14.808379173278809,37.0,25.0,30.0,0.0,
2025-12-17,10:51:15.615000,FinePointe Series WBP [SN 139781]  Site 2 Bias Flow is out of range.,,,,,,,,,,,,,,,,,,,,,,,,,
2025-12-17,10:51:17.615000,2b,Toxicity,Original,,100.99224853515624,3.12829065322876,316.093994140625,0.7433377504348755,0.8513444066047668,0.4165041148662567,11.153897285461426,16.60713768005371,13.708640098571776,0.2892303168773651,0.3050318956375122,1.129966378211975,8.55961799621582,0.0,0.1695406585931778,9.382226943969728,16.346853256225586,37.0,25.0,30.0,0.0,
2025-12-17,10:51:19.615000,2b,Toxicity,Original,,102.31288146972656,2.987844944000244,305.7661437988281,0.8055058717727661,0.8491587042808533,0.4109987318515777,11.153897285461426,15.056633949279783,13.44582748413086,0.2915194034576416,0.2949328124523163,1.1241470575332642,7.003809452056885,0.0,0.163602665066719,8.244722366333008,14.775421142578123,37.0,25.0,30.0,0.0,
2025-12-17,10:51:21.615000,2b,Toxicity,Original,,96.2714614868164,2.845362424850464,273.9759826660156,0.94532310962677,1.0029691457748413,0.4689019620418548,11.153897285461426,15.850178718566896,13.580267906188965,0.2946664690971374,0.3287689983844757,1.0779173374176023,9.504676818847656,0.0,0.1690495610237121,9.608392715454102,20.03101348876953,37.0,25.0,30.0,0.0,
2025-12-17,10:51:23.615000,2b,Toxicity,Original,,96.69684600830078,3.041083812713623,294.2217102050781,0.7718928456306458,0.8215088248252869,0.4518553614616394,11.153897285461426,15.617517471313477,13.224900245666504,0.3120999932289123,0.3084664344787597,1.096877098083496,7.79057502746582,0.0,0.1742016375064849,6.669195652008057,17.63521385192871,37.0,25.0,30.0,0.0,
2025-12-17,10:51:25.615000,2b,Toxicity,Original,,99.62065887451172,2.9946651458740234,298.3568725585937,0.6676478385925293,0.7716256380081177,0.5662047266960144,11.153897285461426,14.93924331665039,12.731077194213867,0.3051914870738983,0.2970984876155853,1.0531946420669556,7.12266731262207,0.0,0.1724633872509002,8.760464668273926,14.665038108825684,37.0,25.0,30.0,0.0,
2025-12-17,10:51:25.615000,FinePointe Series WBP [SN 139781]  Site 2 Bias Flow is out of range.,,,,,,,,,,,,,,,,,,,,,,,,,
2025-12-17,10:51:27.615000,2b,Toxicity,Original,,91.0606689453125,3.0519089698791504,276.8576965332031,0.6858499646186829,0.761681079864502,0.5491805672645569,11.153897285461426,15.438488006591797,13.370806694030762,0.3056195080280304,0.3604218959808349,1.1932621002197266,7.868189334869385,0.0,0.2140172570943832,12.198363304138184,14.360417366027832,37.0,25.0,30.0,0.0,
2025-12-17,10:51:29.615000,2b,Toxicity,Original,,103.72521209716795,2.9564969539642334,303.9405822753906,0.5234789848327637,0.710715651512146,0.5859602093696594,11.153897285461426,17.654399871826172,13.889725685119627,0.2589699029922485,0.324704110622406,0.9111611843109132,11.377920150756836,0.0,0.1945310980081558,8.020862579345703,12.7027587890625,37.0,25.0,30.0,0.0,
2025-12-17,10:51:31.615000,2b,Toxicity,Original,,96.6216278076172,3.1281332969665527,300.8041076660156,0.8375265598297119,0.8551574945449829,0.3910896778106689,11.153897285461426,16.039329528808594,14.020319938659668,0.3222165405750274,0.2998840510845184,1.1640626192092896,9.402107238769531,0.0,0.1673329025506973,9.748882293701172,16.09121322631836,37.0,25.0,30.0,0.0,
2025-12-17,10:51:33.615000,2b,Toxicity,Original,,101.01351165771484,3.0104005336761475,304.0632019042969,0.8025170564651489,0.8413894772529602,0.4985743165016174,11.153897285461426,15.525838851928713,14.84392547607422,0.292361855506897,0.3016933798789978,1.298251032829285,8.134469985961914,0.0,0.168470025062561,9.953245162963867,15.855867385864258,37.0,25.0,30.0,0.0,
2025-12-17,10:51:35.615000,2b,Toxicity,Original,,103.40730285644533,3.175945997238159,328.3249206542969,0.7721275091171265,0.8556898236274719,0.4109733998775482,11.153897285461426,16.707666397094727,14.06017017364502,0.3006100952625274,0.2797571420669555,1.2094546556472778,8.228184700012207,0.0,0.1553329676389694,10.331629753112791,16.493946075439453,37.0,25.0,30.0,0.0,
2025-12-17,10:51:35.615000,FinePointe Series WBP [SN 139781]  Site 2 Bias Flow is out of range.,,,,,,,,,,,,,,,,,,,,,,,,,
2025-12-17,10:51:37.615000,2b,Toxicity,Original,,105.1070327758789,2.927504777908325,307.556396484375,0.723585307598114,0.76735520362854,0.5629158616065979,11.153897285461426,15.609186172485352,13.784517288208008,0.2940126061439514,0.2773097157478332,1.1580349206924438,7.388799667358398,0.0,0.1611991673707962,8.587165832519531,14.999414443969728,37.0,25.0,30.0,0.0,
2025-12-17,10:51:39.615000,2b,Toxicity,Original,,105.6391830444336,3.082139015197754,325.43475341796875,0.9007226824760436,0.9068048000335692,0.3610943555831909,11.153897285461426,16.18466567993164,14.63372039794922,0.2859469652175903,0.2823120653629303,1.244895577430725,6.994550704956055,0.0,0.1518500596284866,8.665603637695312,16.06842041015625,37.0,25.0,30.0,0.0,
2025-12-17,10:51:41.615000,2b,Toxicity,Original,,105.53587341308594,2.9143853187561035,307.6000061035156,0.7564975023269653,0.8225622177124023,0.5499801635742188,11.153897285461426,16.523595809936523,14.106355667114258,0.281961053609848,0.2866717576980591,1.1860544681549072,7.014759063720703,0.0,0.1617546379566192,10.430822372436523,13.438501358032228,37.0,25.0,30.0,0.0,
2025-12-17,10:51:43.615000,2b,Toxicity,Original,,89.78848266601562,4.082588195800781,334.2172546386719,0.9045201539993286,0.914713442325592,0.3867294192314148,11.153897285461426,18.708213806152344,13.439444541931152,0.3699499666690826,0.3634730875492096,1.155633568763733,6.230520248413086,0.0,0.1945927739143371,4.617753028869629,15.721003532409668,37.0,25.0,30.0,0.0,
2025-12-17,10:51:45.615000,2b,Toxicity,Original,,105.44841766357422,3.2852911949157715,346.1108703613281,0.7532813549041748,0.9934290051460266,0.3193762600421905,11.153897285461426,18.889894485473636,12.204566955566406,0.2681078314781189,0.3012481033802032,0.944006621837616,7.085721969604492,0.0,0.1546294093132019,5.576094627380371,17.98892593383789,37.0,25.0,30.0,0.0,
2025-12-17,10:51:45.615000,FinePointe Series WBP [SN 139781]  Site 2 Bias Flow is out of range.,,,,,,,,,,,,,,,,,,,,,,,,,
2025-12-17,10:51:47.615000,2b,Toxicity,Original,,109.43516540527344,3.0059142112731934,328.8807678222656,0.7223516702651978,0.8331794738769531,0.5025245547294617,11.153897285461426,17.33807945251465,13.603276252746582,0.2607262730598449,0.2881415486335754,1.112579584121704,6.185197830200195,0.0,0.1607203483581543,5.852737903594971,17.268234252929688,37.0,25.0,30.0,0.0,
2025-12-17,10:51:49.615000,2b,Toxicity,Original,,111.4739761352539,2.6352782249450684,294.04376220703125,0.7859591245651245,0.8709147572517395,0.4819637238979339,11.153897285461426,16.207557678222656,14.325597763061523,0.2536121606826782,0.2849674224853515,1.2698220014572144,6.599864959716797,0.0,0.1558084785938263,9.05869197845459,17.992374420166016,37.0,25.0,30.0,0.0,
2025-12-17,10:51:51.615000,2b,Toxicity,Original,,108.03710174560548,2.9075515270233154,313.83416748046875,0.7639617323875427,0.8895056247711182,0.4215638935565948,11.153897285461426,16.361249923706055,13.429850578308104,0.2658343315124511,0.28973388671875,1.164536714553833,6.801455020904541,0.0,0.1570972204208374,8.562440872192383,16.018741607666016,37.0,25.0,30.0,0.0,
2025-12-17,10:51:53.615000,2b,Toxicity,Original,,109.09496307373048,2.9597787857055664,322.939697265625,0.7522885799407959,0.829245924949646,0.3937940299510956,11.153897285461426,16.351024627685547,12.861875534057615,0.2730141878128052,0.2770328223705292,1.1181174516677856,6.030177593231201,0.0,0.1548212766647339,5.752834320068359,15.962444305419922,37.0,25.0,30.0,0.0,
2025-12-17,10:51:55.615000,2b,Toxicity,Original,,109.65594482421876,2.946584224700928,323.035400390625,0.7539687156677246,0.8608577847480774,0.3640585541725158,11.153897285461426,15.99574089050293,12.925262451171877,0.2641288638114929,0.283115029335022,1.0826760530471802,6.067625045776367,0.0,0.1555265933275222,6.675577163696289,14.622393608093262,37.0,25.0,30.0,0.0,
2025-12-17,10:51:55.615000,FinePointe Series WBP [SN 139781]  Site 2 Bias Flow is out of range.,,,,,,,,,,,,,,,,,,,,,,,,,
2025-12-17,10:51:57.615000,2b,Toxicity,Original,,105.75689697265624,2.940309524536133,311.049560546875,0.8700278401374817,0.8729292750358582,0.4268523752689361,11.153897285461426,15.48890495300293,14.023202896118164,0.279703676700592,0.287931352853775,1.2284021377563477,6.791073799133301,0.0,0.1573732495307922,6.692705631256104,17.011167526245117,37.0,25.0,30.0,0.0,
2025-12-17,10:51:59.615000,2b,Toxicity,Original,,103.5829849243164,3.0121634006500244,312.0094299316406,0.8231271505355835,0.8583991527557373,0.4787808954715729,11.153897285461426,16.105138778686523,12.867172241210938,0.2787857055664062,0.3005001246929168,1.071560978889465,6.429713726043701,0.0,0.1656020730733871,5.466261386871338,15.380936622619627,37.0,25.0,30.0,0.0,
2025-12-17,10:52:01.615000,2b,Toxicity,Original,,104.1768798828125,3.011178970336914,313.700927734375,0.7419416904449463,0.8675562143325806,0.4227407872676849,11.153897285461426,17.837800979614258,13.661216735839844,0.2728614807128906,0.3032616972923279,1.1452147960662842,6.887784957885742,3.2765462398529053,0.1662893146276474,7.23606538772583,16.82026481628418,37.0,25.0,30.0,0.0,
2025-12-17,10:52:03.615000,2b,Toxicity,Original,,103.93937683105467,2.978835105895996,309.6899719238281,0.8718842267990112,0.9962725043296814,0.3554448783397674,11.153897285461426,16.58338737487793,13.344721794128418,0.273835688829422,0.3034662008285522,1.1262788772583008,6.730108737945557,0.0,0.1557982563972473,7.376119613647461,18.89798355102539,37.0,25.0,30.0,0.0,
2025-12-17,10:52:05.615000,2b,Toxicity,Original,,104.24384307861328,3.164877414703369,329.8117370605469,0.7301236391067505,0.8732969760894775,0.3910451233386993,11.153897285461426,16.595558166503906,12.955421447753906,0.2756903171539306,0.3000732958316803,1.110001802444458,6.602965354919434,0.0,0.1641634404659271,7.030618190765381,15.021228790283203,37.0,25.0,30.0,0.0,
2025-12-17,10:52:05.615000,FinePointe Series WBP [SN 139781]  Site 2 Bias Flow is out of range.,,,,,,,,,,,,,,,,,,,,,,,,,
2025-12-17,10:52:07.615000,2b,Toxicity,Original,,106.30474853515624,2.864951133728028,304.4893493652344,0.7183170318603516,0.8997371792793274,0.4400261044502258,11.153897285461426,17.564943313598633,13.595457077026367,0.2678202390670776,0.2968190610408783,1.1802847385406494,7.920496463775635,0.0,0.1602577269077301,8.93327808380127,19.17727470397949,37.0,25.0,30.0,0.0,
2025-12-17,10:52:09.615000,2b,Toxicity,Original,,105.99483489990234,3.0484063625335693,323.0687866210937,0.9185590744018556,0.9088386297225952,0.2596553564071655,11.153897285461426,16.28607940673828,14.322022438049316,0.2742794454097748,0.2920936942100525,1.0758280754089355,6.194397926330566,0.0,0.1566163003444671,5.929769039154053,15.390280723571776,37.0,25.0,30.0,0.0,
2025-12-17,10:52:11.615000,2b,Toxicity,Original,,104.64756774902344,3.122401237487793,326.540771484375,0.7718507051467896,0.8634463548660278,0.4512146711349487,11.153897285461426,16.974445343017578,13.272977828979492,0.2723035812377929,0.3015241324901581,1.083282709121704,6.653880596160889,0.0,0.1660057604312896,6.5149641036987305,14.699621200561523,37.0,25.0,30.0,0.0,
2025-12-17,10:52:13.615000,2b,Toxicity,Original,,108.07176971435548,2.947441816329956,318.5615539550781,0.7878484725952148,0.842129111289978,0.3506108224391937,11.153897285461426,15.537946701049805,13.18509292602539,0.2743380665779114,0.2811474800109863,1.1099225282669067,6.216437339782715,0.0,0.1562243402004242,6.6817626953125,15.089028358459473,37.0,25.0,30.0,0.0,
2025-12-17,10:52:15.615000,2b,Toxicity,Original,,107.26873016357422,3.00564956665039,322.3443298339844,0.8202552199363708,0.8799967169761658,0.3185078799724579,11.153897285461426,15.571961402893066,13.167121887207031,0.2748858630657196,0.2844945192337036,1.1138286590576172,6.735928535461426,0.0,0.1550564765930175,7.602749824523926,15.283788681030272,37.0,25.0,30.0,0.0,
2025-12-17,10:52:15.615000,FinePointe Series WBP [SN 139781]  Site 2 Bias Flow is out of range.,,,,,,,,,,,,,,,,,,,,,,,,,
2025-12-17,10:52:17.615000,2b,Toxicity,Original,,103.43719482421876,2.953923225402832,305.5785522460937,0.8175210952758789,0.871826708316803,0.3498818576335907,11.153897285461426,15.527700424194336,13.192683219909668,0.2786990702152252,0.3016989231109619,1.1207637786865234,7.297095775604248,0.0,0.1653864979743957,7.444153785705566,14.810342788696287,37.0,25.0,30.0,0.0,
2025-12-17,10:52:19.615000,2b,Toxicity,Original,,106.44686889648438,2.985792398452759,317.6248779296875,0.7034571766853333,0.828679084777832,0.5120552182197571,11.153897285461426,16.34037971496582,12.436304092407228,0.2705130577087402,0.2933781147003174,1.073036789894104,6.421867847442627,0.0,0.1644363105297088,7.551437854766846,14.692103385925291,37.0,25.0,30.0,0.0,
2025-12-17,10:52:21.615000,2b,Toxicity,Original,,106.61522674560548,2.9539005756378174,314.8113098144531,0.8175827264785767,0.8456587791442871,0.5071199536323547,11.153897285461426,14.676299095153809,12.982160568237305,0.2764486074447632,0.286510169506073,1.1207709312438965,5.824031829833984,0.0,0.1588683724403381,7.186420440673828,13.24261474609375,37.0,25.0,30.0,0.0,
2025-12-17,10:52:23.615000,2b,Toxicity,Original,,107.21183776855467,2.986288547515869,320.13299560546875,0.7205786108970642,0.803501546382904,0.5778540372848511,11.153897285461426,15.875911712646484,13.468698501586914,0.2790078520774841,0.2809159755706787,1.161866545677185,7.126252174377441,0.0,0.159968227148056,7.926945209503174,15.235305786132812,37.0,25.0,30.0,0.0,
2025-12-17,10:52:25.615000,2b,Toxicity,Original,,106.23493194580078,2.87060284614563,304.7120361328125,0.8113805055618286,0.8256605267524719,0.4246696531772613,11.153897285461426,14.87081241607666,13.897884368896484,0.282717227935791,0.2825709879398346,1.1818859577178955,6.608581066131592,0.0,0.1586841344833374,7.6873955726623535,16.88106918334961,37.0,25.0,30.0,0.0,
2025-12-17,10:52:25.615000,FinePointe Series WBP [SN 139781]  Site 2 Bias Flow is out of range.,,,,,,,,,,,,,,,,,,,,,,,,,
2025-12-17,10:52:27.615000,2b,Toxicity,Original,,107.25759887695312,2.846012115478516,305.2574462890625,0.7662396430969238,0.8714181780815125,0.4206090569496155,11.153897285461426,15.927005767822266,13.196803092956545,0.2722126841545105,0.2873848378658294,1.1099889278411863,6.502991676330566,0.0,0.1573974192142486,7.4654951095581055,15.278794288635254,37.0,25.0,30.0,0.0,
2025-12-17,10:52:29.615000,2b,Toxicity,Original,,108.22667694091795,2.972135066986084,321.71160888671875,0.8208287954330444,0.8734045624732971,0.3658334016799927,11.153897285461426,14.676688194274902,12.882271766662598,0.2733461260795593,0.281099259853363,1.0704901218414309,5.614534378051758,0.0,0.1537252813577652,6.285007953643799,13.77428913116455,37.0,25.0,30.0,0.0,
2025-12-17,10:52:31.615000,2b,Toxicity,Original,,107.8898468017578,2.949092388153076,318.01092529296875,0.8421015739440918,0.8497521281242371,0.333985835313797,11.153897285461426,15.525562286376951,13.758639335632324,0.2758385241031647,0.280342161655426,1.0929079055786133,5.7918009757995605,0.0,0.1551600098609924,6.365977764129639,13.87948989868164,37.0,25.0,30.0,0.0,
2025-12-17,10:52:33.615000,2b,Toxicity,Original,,106.82650756835938,2.962909698486328,316.3495788574219,0.7211759090423584,0.8044068217277527,0.499127447605133,11.153897285461426,15.902727127075195,13.074052810668944,0.27643883228302,0.285459965467453,1.1072828769683838,6.850992202758789,0.0,0.1625723838806152,7.628920555114746,14.664755821228027,37.0,25.0,30.0,0.0,
2025-12-17,10:52:35.615000,2b,Toxicity,Original,,106.96783447265624,2.8903510570526123,309.1033935546875,0.7189807891845703,0.8252478837966919,0.4306829869747162,11.153897285461426,15.833931922912598,13.50928020477295,0.275341123342514,0.285650372505188,1.159031867980957,7.430180072784424,0.0,0.1610681861639022,9.894062995910645,15.104019165039062,37.0,25.0,30.0,0.0,
2025-12-17,10:52:35.615000,FinePointe Series WBP [SN 139781]  Site 2 Bias Flow is out of range.,,,,,,,,,,,,,,,,,,,,,,,,,
2025-12-17,10:52:37.615000,2b,Toxicity,Original,,106.31686401367188,2.937013626098633,312.10211181640625,0.7709003686904907,0.8508381843566895,0.4353024661540985,11.153897285461426,15.144184112548828,12.99052906036377,0.2791353464126587,0.2852637767791748,1.1297290325164795,6.50552225112915,0.0,0.1582348346710205,8.169288635253906,14.979930877685549,37.0,25.0,30.0,0.0,
2025-12-17,10:52:39.615000,2b,Toxicity,Original,,108.33580017089844,2.8149750232696533,304.7932434082031,0.7030560970306396,0.8065555691719055,0.5723499059677124,11.153897285461426,15.927412986755373,12.930906295776367,0.2740663886070251,0.2801718115806579,1.108844518661499,6.815985679626465,0.0,0.1589590311050415,7.686633586883545,15.86575984954834,37.0,25.0,30.0,0.0,
2025-12-17,10:52:41.615000,2b,Toxicity,Original,,108.4508819580078,2.831303119659424,306.8802185058594,0.7637782096862793,0.816685676574707,0.4970692098140716,11.153897285461426,15.760793685913086,13.498373985290527,0.2729515433311462,0.2806185483932495,1.1461145877838137,6.721707344055176,0.0,0.1584247797727584,7.584106922149658,14.52090072631836,37.0,25.0,30.0,0.0,
2025-12-17,10:52:43.615000,2b,Toxicity,Original,,107.75162506103516,2.89931869506836,312.4609375,0.7222945690155029,0.805504322052002,0.4256210625171661,11.153897285461426,15.783016204833984,12.701894760131836,0.2747059464454651,0.2823085784912109,1.062354564666748,6.946590423583984,0.0,0.1604969948530197,7.379745006561279,15.23573875427246,37.0,25.0,30.0,0.0,
2025-12-17,10:52:45.615000,2b,Toxicity,Original,,98.00092315673828,3.0617308616638184,300.6758117675781,0.605879008769989,0.6842153668403625,0.4323146045207977,11.153897285461426,15.617189407348633,12.941140174865724,0.2901310324668884,0.3295227885246277,1.0609142780303955,6.453808307647705,0.0,0.2052966952323913,6.084821701049805,11.031274795532228,37.0,25.0,30.0,0.0,
2025-12-17,10:52:45.615000,FinePointe Series WBP [SN 139781]  Site 2 Bias Flow is out of range.,,,,,,,,,,,,,,,,,,,,,,,,,
2025-12-17,10:52:47.615000,2b,Toxicity,Original,,107.8829116821289,2.900674819946289,312.9373779296875,0.7328097224235535,0.790683925151825,0.3749902546405792,11.153897285461426,15.289769172668455,13.076228141784668,0.2810332775115967,0.2751482129096985,1.1164696216583252,6.580671787261963,0.0,0.1576933562755584,7.94877290725708,13.057401657104492,37.0,25.0,30.0,0.0,
2025-12-17,10:52:49.615000,2b,Toxicity,Original,,107.45091247558594,2.7794299125671387,298.4609375,0.8041735887527466,0.8503262400627136,0.4330057501792907,11.153897285461426,15.342745780944824,13.916025161743164,0.2781453132629394,0.2804889678955078,1.1958651542663574,7.998256683349609,0.0,0.1563004702329635,10.655569076538086,15.874821662902832,37.0,25.0,30.0,0.0,
2025-12-17,10:52:51.615000,2b,Toxicity,Original,,105.14371490478516,3.030827760696411,318.7333068847656,0.7218475937843323,0.820625364780426,0.4989611506462097,11.153897285461426,16.208003997802734,13.621399879455566,0.2855511903762817,0.2852347791194916,1.1922229528427124,7.149567604064941,0.0,0.1607453674077987,9.33626651763916,14.043540000915527,37.0,25.0,30.0,0.0,
2025-12-17,10:52:53.615000,2b,Toxicity,Original,,105.7881317138672,2.971755027770996,314.33074951171875,0.7138583660125732,0.7575148344039917,0.4827249646186828,11.153897285461426,14.758466720581056,12.657590866088867,0.2855887413024902,0.2817201614379883,1.0616438388824463,6.828562736511231,0.0,0.1645504981279373,8.178352355957031,11.887441635131836,37.0,25.0,30.0,0.0,
2025-12-17,10:52:55.615000,2b,Toxicity,Original,,105.71114349365234,2.79642653465271,295.52587890625,0.865943431854248,0.844007134437561,0.4498478770256042,11.153897285461426,14.163000106811523,14.063587188720703,0.2866265177726745,0.2810429632663727,1.2123383283615112,7.052799224853516,0.0,0.1566232144832611,9.337529182434082,15.26699161529541,37.0,25.0,30.0,0.0,
2025-12-17,10:52:55.615000,FinePointe Series WBP [SN 139781]  Site 2 Bias Flow is out of range.,,,,,,,,,,,,,,,,,,,,,,,,,
2025-12-17,10:52:57.615000,2b,Toxicity,Original,,105.04953002929688,3.060861825942993,320.833251953125,0.7143285274505615,0.7685353755950928,0.5758772492408752,11.153897285461426,15.293124198913574,13.371026039123535,0.292484849691391,0.2792461216449737,1.171090841293335,6.754573822021484,0.0,0.1622961908578872,8.37968635559082,12.874932289123535,37.0,25.0,30.0,0.0,
2025-12-17,10:52:59.615000,2b,Toxicity,Original,,105.5470962524414,2.989917278289795,315.52667236328125,0.6968836188316345,0.7669104933738708,0.5053743124008179,11.153897285461426,15.258085250854492,12.88788604736328,0.2911437749862671,0.2774894833564758,1.0820773839950562,6.993066310882568,0.0,0.1615165024995803,8.221056938171387,13.48763942718506,37.0,25.0,30.0,0.0,
2025-12-17,10:53:01.615000,2b,Toxicity,Original,,106.33841705322266,2.920005321502685,310.2268981933594,0.6520400047302246,0.7346410751342773,0.5708051323890686,11.153897285461426,14.954198837280272,13.05606746673584,0.2809713780879974,0.2833647429943084,1.1147695779800415,6.785544872283936,0.0,0.168188139796257,9.33302116394043,11.9587984085083,37.0,25.0,30.0,0.0,
2025-12-17,10:53:03.615000,2b,Toxicity,Original,,105.76937866210938,2.7992897033691406,296.04833984375,0.7619785666465759,0.7589964866638184,0.5707378387451172,11.153897285461426,14.906816482543944,13.51739501953125,0.2859838008880615,0.2813337743282318,1.098778247833252,7.048738479614258,0.0,0.1645102798938751,8.334758758544922,13.47708797454834,37.0,25.0,30.0,0.0,
2025-12-17,10:53:05.615000,2b,Toxicity,Original,,104.04502868652344,3.1062865257263184,323.2160949707031,0.7168477773666382,0.8295057415962219,0.4582246243953705,11.153897285461426,15.779552459716797,13.56857681274414,0.2949086129665375,0.282009869813919,1.1524543762207031,7.670936107635498,0.0,0.1584595739841461,10.162116050720217,15.477846145629885,37.0,25.0,30.0,0.0,
2025-12-17,10:53:05.615000,FinePointe Series WBP [SN 139781]  Site 2 Bias Flow is out of range.,,,,,,,,,,,,,,,,,,,,,,,,,
2025-12-17,10:53:07.615000,2b,Toxicity,Original,,105.73133850097656,2.7966525554656982,295.526123046875,0.8311908841133118,0.8263868689537048,0.4257415235042572,11.153897285461426,14.00978660583496,13.501962661743164,0.2908517718315124,0.2769254148006439,1.1854970455169678,7.07996940612793,0.0,0.1561353802680969,9.373005867004396,14.614543914794922,37.0,25.0,30.0,0.0,
2025-12-17,10:53:09.615000,2b,Toxicity,Original,,107.14851379394533,2.742448091506958,293.8173522949219,0.7794532179832458,0.8323286771774292,0.3760907053947449,11.153897285461426,15.402392387390137,13.732451438903809,0.2819195985794067,0.278068333864212,1.182344675064087,7.878730297088623,0.0,0.1564666479825973,11.48472499847412,14.734006881713867,37.0,25.0,30.0,0.0,
2025-12-17,10:53:11.615000,2b,Toxicity,Original,,105.58174896240234,2.866854190826416,302.33062744140625,0.8573763966560364,0.8252170085906982,0.3278159201145172,11.153897285461426,13.701467514038086,13.195295333862305,0.2914985716342926,0.2770112156867981,1.1129151582717896,6.208390712738037,0.0,0.15574412047863,7.320540428161621,12.591894149780272,37.0,25.0,30.0,0.0,
2025-12-17,10:53:13.615000,2b,Toxicity,Original,,104.8839340209961,3.081347703933716,323.0672607421875,0.6873077154159546,0.7864028215408325,0.465171068906784,11.153897285461426,14.758326530456545,12.760151863098145,0.2992670238018036,0.2734065651893616,1.1117209196090698,6.828426837921143,0.0,0.15728859603405,9.078064918518066,13.89080810546875,37.0,25.0,30.0,0.0,
2025-12-17,10:53:15.615000,2b,Toxicity,Original,,105.258056640625,2.9730260372161865,313.12164306640625,0.707539439201355,0.7682430148124695,0.5140318870544434,11.153897285461426,15.289048194885254,13.042880058288574,0.2950629293918609,0.2750771939754486,1.1139808893203735,7.459115028381348,0.0,0.1605480909347534,9.644414901733398,12.621432304382324,37.0,25.0,30.0,0.0,
2025-12-17,10:53:15.615000,FinePointe Series WBP [SN 139781]  Site 2 Bias Flow is out of range.,,,,,,,,,,,,,,,,,,,,,,,,,
2025-12-17,10:53:17.615000,2b,Toxicity,Original,,106.16702270507812,2.628225088119507,278.9698181152344,0.7937583327293396,0.7724736928939819,0.5181192755699158,11.153897285461426,13.716947555541992,14.055018424987791,0.2837828397750854,0.2815050184726715,1.2151561975479126,8.166973114013672,0.0,0.163934126496315,11.803426742553713,14.981867790222168,37.0,25.0,30.0,0.0,
2025-12-17,10:53:19.615000,2b,Toxicity,Original,,104.16959381103516,2.7933273315429688,290.8818054199219,0.6976540684700012,0.7539819478988647,0.5076303482055664,11.153897285461426,14.996195793151855,13.390658378601074,0.2941835820674896,0.2818312346935272,1.1137882471084597,7.451477527618408,0.0,0.1653188616037368,10.064081192016602,11.971203804016112,37.0,25.0,30.0,0.0,
2025-12-17,10:53:21.615000,2b,Toxicity,Original,,106.29344940185548,2.9570436477661133,314.2750244140625,0.740359365940094,0.7650200128555298,0.4415578544139862,11.153897285461426,13.789488792419434,12.997309684753418,0.2993366718292236,0.265282928943634,1.1607184410095217,6.991847515106201,0.0,0.1550492048263549,9.457601547241213,12.43027400970459,37.0,25.0,30.0,0.0,
2025-12-17,10:53:23.615000,2b,Toxicity,Original,,105.85951232910156,2.9017279148101807,307.02789306640625,0.6797120571136475,0.7119882106781006,0.6092987060546875,11.153897285461426,14.144360542297363,13.78240203857422,0.2940416634082794,0.2728963494300842,1.1266745328903198,7.318805694580078,0.0,0.1640166044235229,9.504518508911133,10.899063110351562,37.0,25.0,30.0,0.0,
2025-12-17,10:53:25.615000,2b,Toxicity,Original,,107.73239135742188,2.682328939437866,288.7330322265625,0.7403329610824585,0.7477445006370544,0.5237544775009155,11.153897285461426,14.20705795288086,13.23583698272705,0.287930428981781,0.2695675194263458,1.1309815645217896,7.686424255371094,0.0,0.1586250215768814,10.664337158203123,12.819403648376465,37.0,25.0,30.0,0.0,
2025-12-17,10:53:25.615000,FinePointe Series WBP [SN 139781]  Site 2 Bias Flow is out of range.,,,,,,,,,,,,,,,,,,,,,,,,,
2025-12-17,10:53:27.615000,2b,Toxicity,Original,,106.43756103515624,2.807095766067505,298.69317626953125,0.7877818942070007,0.7659524083137512,0.4526956677436828,11.153897285461426,13.866467475891112,13.701667785644531,0.2954160273075104,0.2683534324169159,1.119986653327942,6.951076984405518,0.0,0.1566648483276367,8.516098022460938,11.85708999633789,37.0,25.0,30.0,0.0,
2025-12-17,10:53:29.615000,2b,Toxicity,Original,,107.86921691894533,2.8391144275665283,306.3089294433594,0.7145898938179016,0.7907583713531494,0.4662103950977325,11.153897285461426,14.327825546264648,12.811798095703123,0.2880956828594208,0.2684340476989746,1.1114616394042969,7.292163372039795,0.0,0.1540857553482055,10.511606216430664,13.712641716003418,37.0,25.0,30.0,0.0,
2025-12-17,10:53:31.615000,2b,Toxicity,Original,,105.3655776977539,2.811227321624756,296.0323791503906,0.7334922552108765,0.7380127310752869,0.5253759622573853,11.153897285461426,13.44137954711914,13.32146167755127,0.2954300343990326,0.2741043865680694,1.149320363998413,7.270747184753418,0.0,0.1627283245325088,10.093745231628418,9.972082138061523,37.0,25.0,30.0,0.0,
2025-12-17,10:53:33.615000,2b,Toxicity,Original,,99.82868957519533,3.612882614135742,328.6281433105469,0.8552832007408142,0.7878246307373047,0.3721470832824707,11.153897285461426,16.360490798950195,13.75515842437744,0.3567239046096802,0.3259279429912567,1.0686336755752563,8.06089973449707,0.0,0.188313290476799,7.733087539672852,12.411189079284668,37.0,25.0,30.0,0.0,
2025-12-17,10:53:35.615000,2b,Toxicity,Original,,162.3044891357422,2.493239164352417,395.3179321289063,0.4316209554672241,0.4902527034282684,0.7475368976593018,11.153897285461426,19.06036949157715,17.339466094970703,0.1934487074613571,0.1803944408893585,1.3873953819274902,12.281476974487305,0.0,0.1258382499217987,17.181671142578125,8.323748588562012,37.0,25.0,30.0,25.0,
2025-12-17,10:53:35.615000,FinePointe Series WBP [SN 139781]  Site 2 Bias Flow is out of range.,,,,,,,,,,,,,,,,,,,,,,,,,
2025-12-17,10:53:37.615000,2b,Toxicity,Original,,189.743896484375,2.216416835784912,420.757568359375,0.292675256729126,0.5882835388183594,0.5848335027694702,11.153897285461426,19.765071868896484,9.18400764465332,0.1626284718513488,0.1539894342422485,0.7784072756767273,7.424893856048584,0.0,0.099609337747097,11.405776977539062,8.962607383728027,37.0,25.0,30.0,57.14285659790039,
2025-12-17,10:53:39.615000,2b,Toxicity,Original,,133.00100708007812,2.50167179107666,335.9306945800781,0.4415468275547027,0.5743421316146851,0.7788562178611755,11.153897285461426,18.36241149902344,13.831358909606934,0.2191016376018524,0.2396470606327057,1.0354782342910769,8.90322494506836,0.0,0.1561744213104248,10.59657382965088,7.890849590301514,37.0,25.0,30.0,25.0,
2025-12-17,10:53:41.615000,2b,Toxicity,Original,,121.8422393798828,3.1532137393951416,384.1946105957031,0.3994852006435394,0.7084532380104065,0.4769661128520965,11.153897285461426,17.035493850708008,9.920624732971191,0.2702020704746246,0.2222380191087722,0.8854588866233826,8.847086906433105,0.0,0.1339416652917862,11.307130813598633,14.385464668273926,37.0,25.0,30.0,0.0,
2025-12-17,10:53:43.615000,2b,Toxicity,Original,,218.576171875,1.7328323125839231,373.3565979003906,0.4742237627506256,0.5674501061439514,0.6124290227890015,11.153897285461426,18.198904037475582,14.51093864440918,0.13658007979393,0.1400804817676544,1.2183523178100586,6.722830295562744,0.0,0.0915874242782592,12.791593551635742,10.099353790283203,37.0,25.0,30.0,45.45454406738281,
2025-12-17,10:53:45.615000,2b,Toxicity,Original,,195.1792907714844,1.7394015789031982,338.4393615722656,0.4894971251487732,0.6296539306640625,0.6336244344711304,11.153897285461426,18.79111862182617,14.006719589233398,0.1418416500091552,0.1659196019172668,1.1946022510528564,6.07640552520752,0.0,0.1038848087191581,10.831634521484377,11.530397415161133,37.0,25.0,30.0,71.42857360839844,
2025-12-17,10:53:45.615000,FinePointe Series WBP [SN 139781]  Site 2 Bias Flow is out of range.,,,,,,,,,,,,,,,,,,,,,,,,,
2025-12-17,10:53:47.615000,2b,Toxicity,Original,,164.6697540283203,2.1324462890625,350.5237731933594,0.4335019290447235,0.558190643787384,0.745247483253479,11.153897285461426,19.360912322998047,14.344776153564451,0.1731582880020141,0.1966399103403091,1.2058809995651243,12.355992317199709,0.0,0.1290733218193054,14.791909217834473,9.314301490783691,37.0,25.0,30.0,0.0,
2025-12-17,10:53:49.615000,2b,Toxicity,Original,,149.9356231689453,2.673633813858032,397.61138916015625,0.4152261316776275,0.6154162287712097,0.6577906012535095,11.153897285461426,19.996767044067383,14.032072067260742,0.2044346779584884,0.2017769813537597,1.1265079975128174,8.928074836730957,0.0,0.1285049170255661,12.212241172790527,9.494668006896973,37.0,25.0,30.0,37.5,
2025-12-17,10:53:51.615000,2b,Toxicity,Original,,112.31570434570312,2.846953868865967,319.549072265625,0.6321961879730225,0.6623915433883667,0.6381033658981323,11.153897285461426,13.459102630615234,13.46314811706543,0.2870442867279053,0.2473540306091308,1.1519935131072998,8.272136688232422,0.0,0.1535464227199554,11.095426559448242,10.104759216308594,37.0,25.0,30.0,0.0,
2025-12-17,10:53:53.615000,2b,Toxicity,Original,,158.2246856689453,2.016046524047852,314.84149169921875,0.7269557118415833,0.6218061447143555,0.5492340326309204,11.153897285461426,15.298744201660156,17.329980850219727,0.2042097598314285,0.192249059677124,1.53974711894989,7.512099266052246,0.0,0.1219887360930442,13.41189193725586,10.284984588623049,37.0,25.0,30.0,0.0,
2025-12-17,10:53:55.615000,2b,Toxicity,Original,,199.31170654296875,2.068531036376953,406.38330078125,0.5076797604560852,0.5635506510734558,0.7042150497436523,11.153897285461426,19.77490234375,17.580547332763672,0.1526715606451034,0.1506109684705734,1.500267505645752,6.3372979164123535,0.0,0.0986252352595329,12.0808687210083,9.27585792541504,37.0,25.0,30.0,28.571428298950195,
2025-12-17,10:53:55.615000,FinePointe Series WBP [SN 139781]  Site 2 Bias Flow is out of range.,,,,,,,,,,,,,,,,,,,,,,,,,
2025-12-17,10:53:57.615000,2b,Toxicity,Original,,206.21676635742188,1.894396424293518,391.0857238769531,0.5432544350624084,0.5710264444351196,0.6886234283447266,11.153897285461426,19.378692626953125,19.14366912841797,0.143092468380928,0.1479389518499374,1.5869460105895996,6.980771064758301,0.0,0.0965511426329612,13.456721305847168,10.1112699508667,37.0,25.0,30.0,0.0,
2025-12-17,10:53:59.615000,2b,Toxicity,Original,,194.0379943847656,2.1494956016540527,378.9656982421875,0.3761144280433655,0.579798698425293,0.6788205504417419,11.153897285461426,20.852508544921875,13.906436920166016,0.1521005630493164,0.1751641780138015,1.1800920963287354,8.173965454101562,0.0,0.1126315146684646,13.80868911743164,10.25896453857422,37.0,25.0,30.0,77.77777862548828,
2025-12-17,10:54:01.615000,2b,Toxicity,Original,,121.86473083496094,3.0137364864349365,366.774169921875,0.5352340340614319,0.6692726612091064,0.6071615219116211,11.153897285461426,17.918216705322266,14.147353172302246,0.2555988430976867,0.2412373125553131,1.2050094604492188,8.539007186889648,0.0,0.1488729119300842,12.399250984191896,12.321788787841797,37.0,25.0,30.0,0.0,
2025-12-17,10:54:03.615000,2b,Toxicity,Original,,141.83026123046875,2.430586814880371,331.9307556152344,0.6393275260925293,0.6247621178627014,0.5998736023902893,11.153897285461426,15.39394760131836,15.980737686157228,0.2286580353975296,0.2201146930456161,1.3707066774368286,7.586551189422607,0.0,0.1390900611877441,11.861820220947266,9.990680694580078,37.0,25.0,30.0,0.0,
2025-12-17,10:54:05.615000,2b,Toxicity,Original,,204.1039886474609,2.0180423259735107,403.4490051269531,0.5237891674041748,0.5753338932991028,0.6810423135757446,11.153897285461426,19.59975814819336,17.431482315063477,0.14738130569458,0.1498000770807266,1.4449056386947632,7.966596603393555,0.0,0.0977563709020614,13.171521186828612,11.273585319519045,37.0,25.0,30.0,0.0,
2025-12-17,10:54:05.615000,FinePointe Series WBP [SN 139781]  Site 2 Bias Flow is out of range.,,,,,,,,,,,,,,,,,,,,,,,,,
2025-12-17,10:54:07.615000,2b,Toxicity,Original,,190.17140197753903,2.3963778018951416,455.16650390625,0.4176918268203735,0.6360257267951965,0.663954496383667,11.153897285461426,22.82494354248047,15.392213821411133,0.1608895063400268,0.1585449427366256,1.2848176956176758,6.936961650848389,0.0,0.0999913960695266,11.774450302124023,11.638538360595703,37.0,25.0,30.0,60.0,
2025-12-17,10:54:09.615000,2b,Toxicity,Original,,173.26742553710938,2.551388025283813,439.358642578125,0.5646061301231384,0.6724538207054138,0.4972864985466003,11.153897285461426,20.105060577392575,16.96494483947754,0.1834644675254821,0.165082111954689,1.4483782052993774,6.04708194732666,0.0,0.1021443456411361,9.551647186279297,11.471525192260742,37.0,25.0,30.0,33.33333206176758,
2025-12-17,10:54:11.615000,2b,Toxicity,Original,,186.3700714111328,2.3234243392944336,425.3033752441406,0.459577202796936,0.6056978702545166,0.7087751626968384,11.153897285461426,20.603981018066406,15.354452133178713,0.1610124111175537,0.1654583662748336,1.3078733682632446,5.997075080871582,0.0,0.1051446571946144,10.594083786010742,9.648415565490724,37.0,25.0,30.0,22.22222137451172,
2025-12-17,10:54:13.615000,2b,Toxicity,Original,,158.73619079589844,2.324233055114746,368.9399108886719,0.799213171005249,0.6254767775535583,0.5853601098060608,11.153897285461426,18.80506134033203,24.43480491638184,0.1764003187417984,0.2015853077173233,2.152458906173706,8.482284545898438,0.0,0.1275239735841751,14.838872909545898,16.473976135253906,37.0,25.0,30.0,0.0,
2025-12-17,10:54:15.615000,2b,Toxicity,Original,,125.82440185546876,3.0866870880126958,386.9845581054688,0.4723298549652099,0.6967412829399109,0.5945045351982117,11.153897285461426,18.499977111816406,12.081401824951172,0.2470120042562484,0.2306260466575622,1.006743311882019,7.368929386138916,0.0,0.1395734697580337,8.52208137512207,13.23697280883789,37.0,25.0,30.0,33.33333206176758,
2025-12-17,10:54:15.615000,FinePointe Series WBP [SN 139781]  Site 2 Bias Flow is out of range.,,,,,,,,,,,,,,,,,,,,,,,,,
2025-12-17,10:54:17.615000,2b,Toxicity,Original,,121.52825164794922,3.0011446475982666,364.5945434570313,0.5681506991386414,0.6850124001502991,0.5938968062400818,11.153897285461426,17.376996994018555,14.293665885925291,0.2489629983901977,0.2450007051229477,1.2220631837844849,7.625920295715332,0.0,0.1494029760360717,9.978217124938965,12.323208808898926,37.0,25.0,30.0,0.0,
2025-12-17,10:54:19.615000,2b,Toxicity,Original,,175.9879913330078,2.1541998386383057,350.10614013671875,0.5440137982368469,0.6525119543075562,0.6059122681617737,11.153897285461426,16.021848678588867,13.349099159240724,0.1931990385055542,0.1856769323348999,1.1409666538238523,6.075192928314209,0.0,0.1153550818562507,10.787870407104492,10.588907241821287,37.0,25.0,30.0,0.0,
2025-12-17,10:54:21.615000,2b,Toxicity,Original,,211.94761657714844,1.7896469831466677,376.7803649902344,0.5302565097808838,0.5788744688034058,0.7905561327934265,11.153897285461426,20.120349884033203,18.37157249450684,0.1375311613082885,0.1464924961328506,1.5162477493286133,5.825254917144775,0.0,0.0943761393427848,11.650092124938965,11.80034065246582,37.0,25.0,30.0,66.66666412353516,
2025-12-17,10:54:23.615000,2b,Toxicity,Original,,185.5492706298828,2.183424234390259,403.0309753417969,0.5781071782112122,0.7105329036712646,0.5194457769393921,11.153897285461426,19.188867568969727,14.849481582641602,0.1702340841293335,0.1536040157079696,1.2897601127624512,4.655413627624512,0.0,0.0920610800385475,7.789520740509033,11.174419403076172,37.0,25.0,30.0,57.14285659790039,
2025-12-17,10:54:25.615000,2b,Toxicity,Original,,200.093994140625,2.267235279083252,443.3480224609375,0.4807648360729217,0.6514452695846558,0.6025099754333496,11.153897285461426,20.9965763092041,15.399900436401367,0.1550687402486801,0.1473042964935302,1.3104921579360962,5.1610188484191895,0.0,0.0912399813532829,10.034461975097656,11.618916511535645,37.0,25.0,30.0,16.66666603088379,
2025-12-17,10:54:25.615000,FinePointe Series WBP [SN 139781]  Site 2 Bias Flow is out of range.,,,,,,,,,,,,,,,,,,,,,,,,,
2025-12-17,10:54:27.615000,2b,Toxicity,Original,,187.9224395751953,2.130298614501953,397.8836364746094,0.4557731449604034,0.5250006318092346,0.8104948401451111,11.153897285461426,20.659076690673828,19.13581085205078,0.1507308930158615,0.1692357808351516,1.5071284770965576,7.255177021026611,0.0,0.1134469658136367,12.96994400024414,10.150157928466797,37.0,25.0,30.0,33.33333206176758,
2025-12-17,10:54:29.615000,2b,Toxicity,Original,,126.57523345947266,2.8699584007263184,360.4490661621094,0.6362859606742859,0.6954920887947083,0.5536521077156067,11.153897285461426,16.43697738647461,14.270008087158203,0.2423029839992523,0.2351485788822174,1.2477091550827026,6.348549842834473,0.0,0.1422754228115081,8.413382530212402,11.175151824951172,37.0,25.0,30.0,20.0,
2025-12-17,10:54:31.615000,2b,Toxicity,Original,,148.20164489746094,2.3242619037628174,341.63153076171875,0.6913676857948303,0.6662055850028992,0.580282986164093,11.153897285461426,15.76044464111328,15.696502685546877,0.2174161970615387,0.2054810374975204,1.3713815212249756,6.747329235076904,0.0,0.1260585337877273,10.460068702697754,11.68577766418457,37.0,25.0,30.0,0.0,
2025-12-17,10:54:33.615000,2b,Toxicity,Original,,206.98190307617188,1.8251994848251345,376.236328125,0.5442633032798767,0.5718584656715393,0.6972030401229858,11.153897285461426,18.054882049560547,16.659801483154297,0.1450013220310211,0.1450364589691162,1.3895678520202637,5.990767955780029,0.0,0.0942674949765205,12.751209259033203,9.498946189880373,37.0,25.0,30.0,42.85714340209961,
2025-12-17,10:54:35.615000,2b,Toxicity,Original,,208.14645385742188,1.8238470554351809,368.240478515625,0.6372236013412476,0.6569922566413879,0.5009899139404297,11.153897285461426,18.480133056640625,17.43459129333496,0.1463170647621154,0.1460469961166381,1.5036097764968872,5.690804481506348,0.0,0.0905669555068016,10.917373657226562,11.192004203796388,37.0,25.0,30.0,33.33333206176758,
2025-12-17,10:54:35.615000,FinePointe Series WBP [SN 139781]  Site 2 Bias Flow is out of range.,,,,,,,,,,,,,,,,,,,,,,,,,
2025-12-17,10:54:37.615000,2b,Toxicity,Original,,190.7901153564453,2.235316514968872,422.2786560058594,0.4418403804302215,0.5532494187355042,0.7187240719795227,11.153897285461426,21.855812072753903,16.839502334594727,0.1603957712650299,0.1558498591184616,1.4229495525360107,7.2487359046936035,0.0,0.102879412472248,12.050859451293944,11.201804161071776,37.0,25.0,30.0,33.33333206176758,
2025-12-17,10:54:39.615000,2b,Toxicity,Original,,188.0496368408203,2.198023796081543,395.7344665527344,0.4609670341014862,0.5692476034164429,0.7742288112640381,11.153897285461426,19.47526359558105,15.511521339416504,0.1623367071151733,0.1633481234312057,1.3035238981246948,6.263626575469971,0.0,0.1062255278229713,11.264269828796388,9.400121688842772,37.0,25.0,30.0,28.571428298950195,
2025-12-17,10:54:41.615000,2b,Toxicity,Original,,134.1714324951172,2.930761814117432,396.2599182128906,0.6982054710388184,0.6952453851699829,0.5570961236953735,11.153897285461426,19.474794387817383,19.08227157592773,0.2203527987003326,0.2305319309234619,1.643823742866516,8.89128303527832,0.0,0.1388886421918869,12.127243995666504,13.361320495605469,37.0,25.0,30.0,50.0,
2025-12-17,10:54:43.615000,2b,Toxicity,Original,,118.6104965209961,2.74751615524292,325.611083984375,0.6831302046775818,0.6556000113487244,0.6517572402954102,11.153897285461426,15.298587799072266,16.130586624145508,0.2560449540615082,0.2498499453067779,1.3407975435256958,7.119935989379883,0.0,0.1549990475177765,10.203692436218262,10.495495796203612,37.0,25.0,30.0,0.0,
2025-12-17,10:54:45.615000,2b,Toxicity,Original,,118.03182983398438,2.6769003868103027,315.98699951171875,0.7239935994148254,0.6684396266937256,0.5611245036125183,11.153897285461426,14.018758773803713,16.13426971435547,0.2586117684841156,0.2497836500406265,1.316415548324585,7.314929962158203,0.0,0.1541628539562225,9.86526584625244,9.457892417907717,37.0,25.0,30.0,0.0,
2025-12-17,10:54:45.615000,FinePointe Series WBP [SN 139781]  Site 2 Bias Flow is out of range.,,,,,,,,,,,,,,,,,,,,,,,,,
2025-12-17,10:54:47.615000,2b,Toxicity,Original,,184.12396240234372,2.2269504070281982,405.9740905761719,0.5158990621566772,0.5876553058624268,0.6184477210044861,11.153897285461426,17.777774810791016,15.818432807922363,0.1772436648607254,0.1535985171794891,1.3360099792480469,5.671534538269043,0.0,0.0989283397793769,13.321921348571776,9.728338241577148,37.0,25.0,30.0,40.0,
2025-12-17,10:54:49.615000,2b,Toxicity,Original,,192.4087829589844,2.4028983116149902,434.48480224609375,0.3650390207767486,0.6114850044250488,0.7449187636375427,11.153897285461426,20.270294189453125,12.614493370056152,0.1686833053827285,0.1533436179161071,1.019467830657959,6.759941577911377,0.0,0.0978021845221519,12.162230491638184,10.47437858581543,37.0,25.0,30.0,50.0,
2025-12-17,10:54:51.615000,2b,Toxicity,Original,,175.8952178955078,2.5485143661499023,444.54443359375,0.3797197341918945,0.5508341193199158,0.8162516355514526,11.153897285461426,21.972530364990234,16.49143409729004,0.176901638507843,0.1665492057800293,1.3139307498931885,7.769771099090576,0.0,0.1102728396654129,12.78757095336914,9.959567070007324,37.0,25.0,30.0,0.0,
2025-12-17,10:54:53.615000,2b,Toxicity,Original,,182.29586791992188,2.2295327186584477,400.8366088867188,0.498714804649353,0.642412006855011,0.5408306121826172,11.153897285461426,19.10078811645508,14.019673347473145,0.1709087342023849,0.1611438542604446,1.1873188018798828,6.168824195861816,0.0,0.1004491373896598,10.574849128723145,11.124476432800291,37.0,25.0,30.0,25.0,
2025-12-17,10:54:55.615000,2b,Toxicity,Original,,204.75372314453125,1.5675714015960691,308.3016967773437,0.5046100616455078,0.5332378149032593,0.6998869180679321,11.153897285461426,16.249568939208984,15.237547874450684,0.1501479148864746,0.1478319466114044,1.1273952722549438,10.91643524169922,0.0,0.0987249463796615,12.698657035827637,8.998780250549316,37.0,25.0,30.0,42.85714340209961,
2025-12-17,10:54:55.615000,FinePointe Series WBP [SN 139781]  Site 2 Bias Flow is out of range.,,,,,,,,,,,,,,,,,,,,,,,,,
2025-12-17,10:54:57.615000,2b,Toxicity,Original,,124.71475219726562,3.2564823627471924,405.8169860839844,0.4207412302494049,0.6635756492614746,0.5683519840240479,11.153897285461426,23.51502799987793,15.569446563720703,0.2390062808990478,0.2421147674322128,1.2571433782577517,20.44542694091797,0.0,0.1514662504196167,17.891376495361328,13.53103256225586,37.0,25.0,30.0,40.0,
2025-12-17,10:54:59.615000,2b,Toxicity,Original,,169.5723419189453,2.3095362186431885,368.3857727050781,0.6559140086174011,0.7030647993087769,0.4793652296066284,11.153897285461426,18.886632919311523,16.281414031982422,0.2067538648843765,0.1658893376588821,1.3505597114562988,7.917587280273437,0.0,0.0994248539209365,11.45623016357422,11.881769180297852,37.0,25.0,30.0,0.0,
2025-12-17,10:55:01.615000,2b,Toxicity,Original,,232.30381774902344,1.553282380104065,361.168701171875,0.548250675201416,0.6103553771972656,0.5020298957824707,11.153897285461426,17.557037353515625,15.112491607666016,0.1391144394874572,0.1193828806281089,0.9810752868652344,6.244065284729004,0.0,0.0752391144633293,11.146209716796877,11.529657363891602,37.0,25.0,30.0,50.0,
2025-12-17,10:55:03.615000,2b,Toxicity,Original,,231.0079803466797,1.5032172203063965,340.785400390625,0.6195009350776672,0.5993185043334961,0.7099596261978149,11.153897285461426,17.185575485229492,18.385866165161133,0.1355524361133575,0.1272783279418945,1.5525935888290403,6.618292331695557,2.305316209793091,0.0809534192085266,15.399208068847656,12.380428314208984,37.0,25.0,30.0,42.85714340209961,
2025-12-17,10:55:05.615000,2b,Toxicity,Original,,222.36871337890625,1.7073346376419067,361.3661804199219,0.5280653834342957,0.5780233144760132,0.7730668187141418,11.153897285461426,17.338796615600586,16.1381778717041,0.1451828330755233,0.1333723068237304,1.3479945659637451,6.271843433380127,0.0,0.0863633677363395,13.037946701049805,10.209539413452148,37.0,25.0,30.0,14.285714149475098,
2025-12-17,10:55:05.615000,FinePointe Series WBP [SN 139781]  Site 2 Bias Flow is out of range.,,,,,,,,,,,,,,,,,,,,,,,,,
2025-12-17,10:55:05.615000,FinePointe Series WBP [SN 139781]  Site 4 Bias Flow is out of range.,,,,,,,,,,,,,,,,,,,,,,,,,
2025-12-17,10:55:07.615000,2b,Toxicity,Original,,240.44290161132807,1.3553235530853271,320.358642578125,0.3850558996200561,0.5360052585601807,0.8033874034881592,11.153897285461426,16.528600692749023,12.489519119262695,0.1283961832523346,0.1244789585471153,1.021826148033142,7.567555427551269,0.0,0.0829575061798095,15.716876983642578,11.217187881469728,37.0,25.0,30.0,66.66666412353516,
2025-12-17,10:55:09.615000,2b,Toxicity,Original,,214.6414031982422,1.7559590339660645,362.5160217285156,0.5212332606315613,0.5989447236061096,0.6754350066184998,11.153897285461426,16.393863677978516,14.020255088806152,0.1480330377817154,0.1372564882040023,1.180268168449402,5.96255350112915,0.0,0.0878279656171798,12.67194366455078,11.082974433898926,37.0,25.0,30.0,50.0,
2025-12-17,10:55:11.615000,2b,Toxicity,Original,,196.1031494140625,1.848567008972168,362.5254211425781,0.4522508680820465,0.5386506915092468,0.8118502497673035,11.153897285461426,18.76084518432617,15.12678337097168,0.1495686620473861,0.1567677706480026,1.2056329250335691,6.509173393249512,0.0,0.1036778017878532,11.40965461730957,9.109288215637209,37.0,25.0,30.0,0.0,
2025-12-17,10:55:13.615000,2b,Toxicity,Original,,153.06692504882812,2.6256070137023926,376.36572265625,0.4839591979980469,0.5975145101547241,0.7693383693695068,11.153897285461426,18.508398056030277,15.826801300048828,0.207544595003128,0.2022795379161834,1.290304183959961,8.027190208435059,0.0,0.1303176432847976,9.561044692993164,10.59713363647461,37.0,25.0,30.0,75.0,
2025-12-17,10:55:15.615000,2b,Toxicity,Original,,122.16813659667967,3.1619973182678223,386.2306518554688,0.4858620464801788,0.6393599510192871,0.5767946243286133,11.153897285461426,16.128490447998047,11.633811950683594,0.2662346065044403,0.2251800894737243,0.8463315963745117,6.478131771087647,0.0,0.1412323564291,6.383227348327637,7.207472324371338,37.0,25.0,30.0,40.0,
2025-12-17,10:55:15.615000,FinePointe Series WBP [SN 139781]  Site 2 Bias Flow is out of range.,,,,,,,,,,,,,,,,,,,,,,,,,
2025-12-17,10:55:15.615000,FinePointe Series WBP [SN 139781]  Site 4 Bias Flow is out of range.,,,,,,,,,,,,,,,,,,,,,,,,,
2025-12-17,10:55:17.615000,2b,Toxicity,Original,,161.82281494140625,2.205812692642212,345.2123413085937,0.505204439163208,0.602497398853302,0.4831418395042419,11.153897285461426,15.914288520812988,12.308690071105955,0.2068866789340973,0.2023959755897522,0.9089430570602416,6.655506134033203,0.0,0.1302663385868072,12.685413360595703,9.512109756469728,37.0,25.0,30.0,0.0,
2025-12-17,10:55:19.615000,2b,Toxicity,Original,,221.51837158203125,1.2021349668502808,265.9152526855469,0.6742298603057861,0.5577192306518555,0.7344555854797363,11.153897285461426,13.449003219604492,16.967370986938477,0.1327938735485077,0.1393657922744751,1.3369020223617554,6.970376968383789,0.0,0.0914419516921043,13.745849609375,10.76431655883789,37.0,25.0,30.0,60.0,
2025-12-17,10:55:21.615000,2b,Toxicity,Original,,219.4043884277344,1.5623034238815308,338.60919189453125,0.4553021192550659,0.5336675643920898,0.7168579697608948,11.153897285461426,16.79983139038086,13.242297172546388,0.1481655091047287,0.1279883831739425,1.085039734840393,8.806245803833008,0.0,0.085915595293045,15.80904769897461,9.085850715637209,37.0,25.0,30.0,42.85714340209961,
2025-12-17,10:55:23.615000,2b,Toxicity,Original,,194.94464111328125,2.184253692626953,423.6005859375,0.3850806653499603,0.5563355684280396,0.7217429876327515,11.153897285461426,20.24018859863281,14.110034942626951,0.1671430915594101,0.1421764492988586,1.126630187034607,6.110957622528076,0.0,0.0936804041266441,11.041451454162598,9.654949188232422,37.0,25.0,30.0,37.5,
2025-12-17,10:55:25.615000,2b,Toxicity,Original,,191.7281646728516,1.9121086597442627,359.08404541015625,0.518081545829773,0.5569168925285339,0.7236989736557007,11.153897285461426,18.025596618652344,15.915667533874512,0.1646657288074493,0.1555698066949844,1.34096360206604,7.662406921386719,0.0,0.1026225760579109,13.782238006591797,10.309067726135254,37.0,25.0,30.0,14.285714149475098,
2025-12-17,10:55:25.615000,FinePointe Series WBP [SN 139781]  Site 2 Bias Flow is out of range.,,,,,,,,,,,,,,,,,,,,,,,,,
2025-12-17,10:55:25.615000,FinePointe Series WBP [SN 139781]  Site 4 Bias Flow is out of range.,,,,,,,,,,,,,,,,,,,,,,,,,
2025-12-17,10:55:27.615000,2b,Toxicity,Original,,162.99362182617188,2.5893478393554688,422.0471496582031,0.5384530425071716,0.5234089493751526,0.8015483617782593,11.153897285461426,17.20943260192871,18.45162010192871,0.1984409689903259,0.1696716099977493,1.519276738166809,8.201358795166016,0.0,0.1143386736512184,12.505221366882324,7.172087669372559,37.0,25.0,30.0,50.0,
2025-12-17,10:55:29.615000,2b,Toxicity,Original,,120.7609634399414,2.773812294006348,334.35601806640625,0.5589087009429932,0.659475564956665,0.661003828048706,11.153897285461426,14.497398376464844,12.371769905090332,0.2609361410140991,0.2361634373664856,1.0281777381896973,7.285308837890625,0.0,0.1464677453041076,9.655159950256348,10.007715225219728,37.0,25.0,30.0,42.85714340209961,
2025-12-17,10:55:31.615000,2b,Toxicity,Original,,181.47970581054688,2.295377254486084,407.71484375,0.4437865018844604,0.5427911281585693,0.7197288274765015,11.153897285461426,18.23971366882324,14.504593849182127,0.1884068846702575,0.1569262742996215,1.1761796474456787,6.902971267700195,0.0,0.1044404283165931,13.850335121154783,9.725472450256348,37.0,25.0,30.0,0.0,
2025-12-17,10:55:33.615000,2b,Toxicity,Original,,124.10374450683594,3.3417115211486816,331.6562805175781,1.2495908737182615,0.8204494714736938,0.4884120225906372,11.153897285461426,17.364147186279297,22.4533748626709,0.2910072207450866,0.2686934471130371,1.2999048233032229,10.691410064697266,0.0,0.1489229053258896,11.72679328918457,5.605186462402344,37.0,25.0,30.0,66.66666412353516,
2025-12-17,10:55:35.615000,2b,Toxicity,Original,,189.3706512451172,2.2750244140625,431.7831115722656,0.2823044061660766,0.5276197195053101,0.7305521965026855,11.153897285461426,21.26236915588379,12.083765029907228,0.1624474227428436,0.1565565764904022,0.9783937335014344,7.925518035888672,0.0,0.1050053685903549,13.180295944213867,10.557090759277344,37.0,25.0,30.0,71.42857360839844,
2025-12-17,10:55:35.615000,FinePointe Series WBP [SN 139781]  Site 2 Bias Flow is out of range.,,,,,,,,,,,,,,,,,,,,,,,,,
2025-12-17,10:55:35.615000,FinePointe Series WBP [SN 139781]  Site 4 Bias Flow is out of range.,,,,,,,,,,,,,,,,,,,,,,,,,
2025-12-17,10:55:37.615000,2b,Toxicity,Original,,165.5008544921875,2.125708103179932,357.36297607421875,0.5152602791786194,0.5754420757293701,0.633398175239563,11.153897285461426,17.388629913330078,13.42524242401123,0.1941849887371063,0.1845527291297912,1.000312089920044,9.379667282104492,0.0,0.11924958974123,13.445182800292969,10.931151390075684,37.0,25.0,30.0,66.66666412353516,
2025-12-17,10:55:39.615000,2b,Toxicity,Original,,122.03849792480467,2.13616681098938,260.4608154296875,0.6502910256385803,0.6107343435287476,0.6882111430168152,11.153897285461426,12.839315414428713,14.273526191711426,0.2438023537397384,0.2480087578296661,1.1449434757232666,7.748281478881836,0.0,0.1584617793560028,11.270111083984377,10.458361625671388,37.0,25.0,30.0,0.0,
2025-12-17,10:55:41.615000,2b,Toxicity,Original,,188.09637451171875,2.0772299766540527,385.3328247070313,0.5002047419548035,0.5274195671081543,0.7040125131607056,11.153897285461426,16.923748016357422,15.419595718383787,0.1925149708986282,0.1419572681188583,1.2673962116241455,9.758707046508787,0.0,0.0965599864721298,17.750259399414062,10.6580810546875,37.0,25.0,30.0,50.0,
2025-12-17,10:55:43.615000,2b,Toxicity,Original,,215.73159790039065,1.5830379724502563,341.5113220214844,0.4596089720726013,0.5597049593925476,0.7883575558662415,11.153897285461426,15.051033973693848,12.91652488708496,0.1639619767665863,0.1141613945364952,1.109545350074768,5.888922691345215,0.0,0.0747967213392257,12.877084732055664,9.418863296508787,37.0,25.0,30.0,87.5,
2025-12-17,10:55:45.615000,2b,Toxicity,Original,,177.08319091796875,2.0173068046569824,348.6857604980469,0.5974971055984497,0.6031449437141418,0.6075941920280457,11.153897285461426,17.4285945892334,17.268070220947266,0.175177976489067,0.1689085513353347,1.4739326238632202,7.431578636169434,0.0,0.1083297133445739,12.680315017700195,10.714756965637209,37.0,25.0,30.0,50.0,
2025-12-17,10:55:45.615000,FinePointe Series WBP [SN 139781]  Site 2 Bias Flow is out of range.,,,,,,,,,,,,,,,,,,,,,,,,,
2025-12-17,10:55:47.615000,2b,Toxicity,Original,,117.31926727294922,2.9542739391326904,346.560791015625,0.3932857513427734,0.5817296504974365,0.6909831762313843,11.153897285461426,16.605045318603516,11.64997673034668,0.2788060009479522,0.2326209396123886,0.9924113750457764,10.30394172668457,0.0,0.1523676812648773,14.02032470703125,11.488533020019531,37.0,25.0,30.0,60.0,
2025-12-17,10:55:47.615000,FinePointe Series WBP [SN 139781]  Site 4 Bias Flow is out of range.,,,,,,,,,,,,,,,,,,,,,,,,,
2025-12-17,10:55:49.615000,2b,Toxicity,Original,,145.8240966796875,2.3485496044158936,343.74462890625,0.5247973203659058,0.5854096412658691,0.6915542483329773,11.153897285461426,15.427468299865724,13.824800491333008,0.2325456738471985,0.1949338018894195,1.164456844329834,8.868180274963379,0.0,0.1275323927402496,14.528797149658203,9.512046813964844,37.0,25.0,30.0,20.0,
2025-12-17,10:55:53.615000,2b,Toxicity,Original,,178.80331420898438,1.8792046308517456,337.368408203125,0.5123292803764343,0.5677641034126282,0.7039031386375427,11.153897285461426,16.62798500061035,14.30627155303955,0.1753955781459808,0.1611730009317398,1.139243245124817,7.294487476348877,0.0,0.1055914163589477,13.971373558044434,9.51593017578125,37.0,25.0,30.0,58.33333206176758,
2025-12-17,10:55:55.615000,2b,Toxicity,Original,,177.92196655273438,2.0524392127990723,363.3502807617188,0.3824442923069,0.5128828287124634,0.7923304438591003,11.153897285461426,18.147624969482425,13.87469482421875,0.1685470193624496,0.1694412380456924,1.0398890972137451,8.626347541809082,0.0,0.1151012703776359,14.367919921875,9.39167308807373,37.0,25.0,30.0,42.85714340209961,
2025-12-17,10:55:55.615000,FinePointe Series WBP [SN 139781]  Site 2 Bias Flow is out of range.,,,,,,,,,,,,,,,,,,,,,,,,,
2025-12-17,10:55:57.615000,2b,Toxicity,Original,,170.13214111328125,1.934619426727295,320.535888671875,0.3975746035575866,0.4784148335456848,0.8044943809509277,11.153897285461426,13.784330368041992,12.091756820678713,0.188131034374237,0.1680315881967544,0.9404722452163696,9.976177215576172,0.0,0.1171273291110992,14.68669319152832,8.17117691040039,37.0,25.0,30.0,0.0,
2025-12-17,10:55:57.615000,FinePointe Series WBP [SN 139781]  Site 4 Bias Flow is out of range.,,,,,,,,,,,,,,,,,,,,,,,,,
2025-12-17,10:55:59.615000,2b,Toxicity,Original,,196.0563201904297,2.0646395683288574,403.8009643554688,0.4218934774398803,0.5610426068305969,0.5604417324066162,11.153897285461426,20.104740142822266,14.913293838500977,0.1614559143781662,0.1447063088417053,1.3327845335006714,12.875276565551758,0.0,0.0966753214597702,17.1461181640625,10.87110424041748,37.0,25.0,30.0,70.0,
2025-12-17,10:56:01.615000,2b,Toxicity,Original,,154.24826049804688,2.2665956020355225,322.00396728515625,0.3966824114322662,0.6113074421882629,0.7200149893760681,11.153897285461426,17.310230255126953,11.550192832946776,0.2006528228521347,0.2073822319507599,0.952261209487915,9.213154792785645,0.0,0.1324037015438079,12.39174461364746,12.239514350891112,37.0,25.0,30.0,16.66666603088379,
2025-12-17,10:56:03.615000,2b,Toxicity,Original,,118.21031951904295,2.4844233989715576,294.3466491699219,0.4949589073657989,0.5460203289985657,0.7141237258911133,11.153897285461426,13.932245254516602,13.22470760345459,0.260797381401062,0.2471758723258972,1.032257914543152,11.531676292419434,0.0,0.1655873954296112,14.209741592407228,9.499800682067873,37.0,25.0,30.0,0.0,
2025-12-17,10:56:05.615000,2b,Toxicity,Original,,205.6806640625,1.7065608501434326,336.57305908203125,0.4655357599258423,0.5207768678665161,0.7553014159202576,11.153897285461426,15.826465606689451,14.140300750732422,0.1668896526098251,0.1430913209915161,1.0876706838607788,7.961465835571289,0.0,0.0978001728653907,15.171236038208008,9.834585189819336,37.0,25.0,30.0,0.0,
2025-12-17,10:56:05.615000,FinePointe Series WBP [SN 139781]  Site 2 Bias Flow is out of range.,,,,,,,,,,,,,,,,,,,,,,,,,
2025-12-17,10:56:05.615000,FinePointe Series WBP [SN 139781]  Site 4 Bias Flow is out of range.,,,,,,,,,,,,,,,,,,,,,,,,,
2025-12-17,10:56:07.615000,2b,Toxicity,Original,,163.7046661376953,1.76336932182312,287.00439453125,0.5853064060211182,0.5016951560974121,0.7957139611244202,11.153897285461426,16.0539608001709,20.227806091308597,0.1695376932621002,0.1981454193592071,1.467260241508484,9.244277954101562,0.0,0.1355802118778228,14.05118179321289,8.885425567626953,37.0,25.0,30.0,71.42857360839844,
2025-12-17,10:56:09.615000,2b,Toxicity,Original,,182.89208984375,1.613281011581421,296.9554443359375,0.3133737444877624,0.532371997833252,0.8773791193962097,11.153897285461426,19.92479133605957,11.968622207641602,0.1338698714971542,0.1948843747377395,0.9070897102355956,7.209144592285156,0.0,0.129736065864563,8.565820693969727,8.365758895874023,37.0,25.0,30.0,50.0,
2025-12-17,10:56:11.615000,2b,Toxicity,Original,,140.68865966796875,3.012314558029175,321.6405029296875,0.5842323899269104,0.5272340178489685,0.5554617047309875,11.153897285461426,18.412616729736328,18.524066925048828,0.2474795877933502,0.3235236406326294,1.186928391456604,8.745609283447266,138.03367614746094,0.2187864631414413,12.95169448852539,10.79131317138672,37.0,25.0,30.0,50.0,
2025-12-17,10:56:13.615000,2b,Toxicity,Original,,152.02879333496094,2.5487630367279053,387.4853210449219,0.2670094072818756,0.4094235897064209,0.7691494226455688,11.153897285461426,20.937408447265625,14.379836082458496,0.1788392663002014,0.2158228307962417,1.13301420211792,12.437511444091797,0.0,0.1569539159536361,19.398557662963867,6.655898571014404,37.0,25.0,30.0,75.0,
2025-12-17,10:56:15.615000,2b,Toxicity,Original,,122.38792419433594,2.1695475578308105,265.496826171875,0.5565241575241089,0.6179898381233215,0.6585394144058228,11.153897285461426,12.67007541656494,12.245697021484377,0.2425817847251892,0.2477047741413116,0.8474141955375671,7.988944053649902,0.0,0.1583731770515442,9.34323787689209,9.229183197021484,37.0,25.0,30.0,40.0,
2025-12-17,10:56:15.615000,FinePointe Series WBP [SN 139781]  Site 2 Bias Flow is out of range.,,,,,,,,,,,,,,,,,,,,,,,,,
2025-12-17,10:56:15.615000,FinePointe Series WBP [SN 139781]  Site 4 Bias Flow is out of range.,,,,,,,,,,,,,,,,,,,,,,,,,
2025-12-17,10:56:17.615000,2b,Toxicity,Original,,124.62482452392578,2.0769190788269043,258.4556884765625,0.6057903170585632,0.588532567024231,0.6674432754516602,11.153897285461426,12.406949996948242,13.583112716674805,0.2478429675102234,0.2340699434280395,1.0672866106033323,9.725794792175291,0.0,0.1529503762722015,13.161531448364258,10.020098686218262,37.0,25.0,30.0,0.0,
2025-12-17,10:56:19.615000,2b,Toxicity,Original,,184.3544464111328,1.984869360923767,362.2281188964844,0.389817327260971,0.5153234601020813,0.794180154800415,11.153897285461426,17.095922470092773,13.486804962158203,0.1662118285894394,0.1639991849660873,1.0076100826263428,11.82756519317627,0.0,0.1110202148556709,15.12595558166504,9.053167343139648,37.0,25.0,30.0,0.0,
2025-12-17,10:56:21.615000,2b,Toxicity,Original,,200.0223693847656,1.237147569656372,247.2112274169922,0.59368497133255,0.4557056128978729,0.7693520784378052,11.153897285461426,12.266952514648438,15.461933135986328,0.1521538645029068,0.1483844816684723,1.1576794385910034,7.9436469078063965,0.0,0.1055368706583976,14.665803909301758,8.161941528320312,37.0,25.0,30.0,71.42857360839844,
2025-12-17,10:56:23.615000,2b,Toxicity,Original,,192.4301300048828,1.6829030513763428,320.6728210449219,0.4641258716583252,0.5611420273780823,0.7568097114562988,11.153897285461426,17.643871307373047,14.868194580078123,0.1571485102176666,0.1609573066234588,1.2404414415359497,8.378419876098633,0.0,0.1057428270578384,14.046187400817873,11.175661087036133,37.0,25.0,30.0,28.571428298950195,
2025-12-17,10:56:25.615000,2b,Toxicity,Original,,172.46209716796875,2.614866256713867,450.9653015136719,0.2913936078548431,0.4840394854545593,0.8104552030563354,11.153897285461426,19.52501106262207,12.188468933105469,0.1800955981016159,0.167806938290596,0.7390754818916321,8.6161470413208,0.0,0.1160628646612167,12.290054321289062,8.393815040588379,37.0,25.0,30.0,80.0,
2025-12-17,10:56:25.615000,FinePointe Series WBP [SN 139781]  Site 2 Bias Flow is out of range.,,,,,,,,,,,,,,,,,,,,,,,,,
2025-12-17,10:56:25.615000,FinePointe Series WBP [SN 139781]  Site 4 Bias Flow is out of range.,,,,,,,,,,,,,,,,,,,,,,,,,
2025-12-17,10:56:27.615000,2b,Toxicity,Original,,118.60797119140624,2.1128158569335938,250.2534942626953,0.7398184537887573,0.6421207785606384,0.6133103966712952,11.153897285461426,12.99660301208496,15.496692657470703,0.2630467712879181,0.2430234849452972,1.263035774230957,10.4071044921875,0.0,0.154321014881134,15.087841033935549,10.907655715942385,37.0,25.0,30.0,60.0,
2025-12-17,10:56:29.615000,2b,Toxicity,Original,,119.75743103027344,2.2289352416992188,266.6727905273437,0.6124899983406067,0.6127510070800781,0.7378103137016296,11.153897285461426,12.328174591064451,13.153135299682615,0.2570984065532684,0.2440658062696457,1.0835013389587402,8.922722816467285,0.0,0.1564946174621582,12.622184753417969,11.015886306762695,37.0,25.0,30.0,0.0,
2025-12-17,10:56:31.615000,2b,Toxicity,Original,,171.4984588623047,1.9016004800796509,313.3879699707031,0.5171400308609009,0.5579445362091064,0.6734079122543335,11.153897285461426,13.955638885498049,13.20180606842041,0.2040444314479828,0.1759741008281707,1.044408082962036,8.134553909301758,0.0,0.1164686977863311,13.684696197509766,9.67542552947998,37.0,25.0,30.0,16.66666603088379,
2025-12-17,10:56:33.615000,2b,Toxicity,Original,,142.18136596679688,1.9099481105804443,278.5898132324219,1.0679737329483032,1.059549331665039,0.6282432079315186,11.153897285461426,17.060333251953125,18.594600677490234,0.1597870737314224,0.2834645807743072,1.208851933479309,14.037994384765623,78.68641662597656,0.1340655088424682,13.555671691894531,8.566088676452637,37.0,25.0,30.0,60.0,
2025-12-17,10:56:35.615000,2b,Toxicity,Original,,182.60601806640625,1.822784423828125,333.2416381835937,0.4113790988922119,0.509288489818573,0.7517844438552856,11.153897285461426,16.122819900512695,13.43159008026123,0.1805629581212997,0.1542858481407165,1.1242154836654663,9.578609466552734,0.0,0.1062558218836784,15.75367546081543,9.738025665283203,37.0,25.0,30.0,25.0,
2025-12-17,10:56:35.615000,FinePointe Series WBP [SN 139781]  Site 2 Bias Flow is out of range.,,,,,,,,,,,,,,,,,,,,,,,,,
2025-12-17,10:56:35.615000,FinePointe Series WBP [SN 139781]  Site 4 Bias Flow is out of range.,,,,,,,,,,,,,,,,,,,,,,,,,
2025-12-17,10:56:37.615000,2b,Toxicity,Original,,213.4920654296875,1.4162992238998413,292.2913513183594,0.4677715897560119,0.5097054839134216,0.8240759968757629,11.153897285461426,15.75827407836914,15.691827774047852,0.144456535577774,0.1493163257837295,1.2072677612304688,6.5125837326049805,0.0,0.1010480225086212,13.145929336547852,8.622945785522461,37.0,25.0,30.0,71.42857360839844,
2025-12-17,10:56:39.615000,2b,Toxicity,Original,,219.84939575195312,1.4731366634368896,323.86822509765625,0.5915420651435852,0.5345537066459656,0.7293976545333862,11.153897285461426,13.729060173034668,16.267593383789062,0.1796864718198776,0.0932276099920272,1.3771296739578247,7.992894172668457,0.0,0.0629792660474777,14.488450050354004,7.674988269805908,37.0,25.0,30.0,90.90908813476562,
2025-12-17,10:56:41.615000,2b,Toxicity,Original,,207.81997680664065,1.6504740715026855,336.20037841796875,0.5445348024368286,0.5036985874176025,0.6672589182853699,11.153897285461426,14.924749374389648,14.26730728149414,0.1614366471767425,0.1303414553403854,1.185421347618103,9.557804107666016,0.0,0.0902544930577278,17.142473220825195,9.462246894836426,37.0,25.0,30.0,42.85714340209961,
2025-12-17,10:56:43.615000,2b,Toxicity,Original,,224.48385620117188,1.3108526468276978,281.1801147460937,0.6108309030532837,0.5614035129547119,0.716857373714447,11.153897285461426,14.327259063720703,14.654217720031738,0.154851496219635,0.1209001764655113,1.2635372877120972,7.783987998962402,0.0,0.0795686244964599,18.22250747680664,10.584476470947266,37.0,25.0,30.0,57.14285659790039,
2025-12-17,10:56:45.615000,2b,Toxicity,Original,,209.42620849609372,1.5398690700531006,319.9921875,0.4426291584968567,0.4459780752658844,0.7645359039306641,11.153897285461426,17.579872131347656,15.768795013427734,0.1422981321811676,0.1452055126428604,1.2024259567260742,10.188365936279297,0.0,0.1042657494544982,17.562278747558594,8.505912780761719,37.0,25.0,30.0,71.42857360839844,
2025-12-17,10:56:45.615000,FinePointe Series WBP [SN 139781]  Site 2 Bias Flow is out of range.,,,,,,,,,,,,,,,,,,,,,,,,,
2025-12-17,10:56:47.615000,2b,Toxicity,Original,,257.66717529296875,1.2995034456253052,326.37359619140625,0.4792817831039428,0.60334712266922,0.6051911115646362,11.153897285461426,17.02634620666504,14.073023796081545,0.1190853416919708,0.1191218048334121,1.2111560106277466,7.6122541427612305,0.0,0.0769023299217224,16.98955726623535,12.95302391052246,37.0,25.0,30.0,33.33333206176758,
2025-12-17,10:56:47.615000,FinePointe Series WBP [SN 139781]  Site 4 Bias Flow is out of range.,,,,,,,,,,,,,,,,,,,,,,,,,
2025-12-17,10:56:49.615000,2b,Toxicity,Original,,210.41897583007807,1.4793412685394287,311.2814636230469,0.3493895232677459,0.4621860086917877,0.8111838102340698,11.153897285461426,15.16049861907959,11.914361000061035,0.1470755785703659,0.1380698233842849,0.947419822216034,9.45608901977539,0.0,0.0971433818340301,17.636272430419922,9.394020080566406,37.0,25.0,30.0,85.71428680419922,
2025-12-17,10:56:51.615000,2b,Toxicity,Original,,225.13668823242188,1.271971344947815,266.9855651855469,0.4277171492576599,0.4965396225452423,0.7410159707069397,11.153897285461426,14.292259216308594,12.970723152160645,0.147256851196289,0.1352119147777557,0.9740105867385864,8.280890464782715,0.0,0.0928796306252479,14.747182846069336,9.964509963989258,37.0,25.0,30.0,44.44444274902344,
2025-12-17,10:56:53.615000,2b,Toxicity,Original,,155.22189331054688,2.1328303813934326,328.3538818359375,0.3627162873744964,0.4612463414669037,0.8171376585960388,11.153897285461426,15.384024620056152,13.217838287353516,0.2008798718452453,0.1901414841413498,0.8957050442695618,11.352712631225586,0.0,0.1344490498304367,14.90952968597412,6.592715263366699,37.0,25.0,30.0,0.0,
2025-12-17,10:56:55.615000,2b,Toxicity,Original,,161.72216796875,1.667105197906494,267.270751953125,0.5345233082771301,0.445156842470169,0.7858121395111084,11.153897285461426,13.458338737487791,16.722389221191406,0.1836436837911605,0.1911150366067886,1.200984239578247,8.587604522705078,0.0,0.1361648887395858,15.500258445739746,7.478217601776123,37.0,25.0,30.0,40.0,
2025-12-17,10:56:55.615000,FinePointe Series WBP [SN 139781]  Site 2 Bias Flow is out of range.,,,,,,,,,,,,,,,,,,,,,,,,,
2025-12-17,10:56:57.615000,2b,Toxicity,Original,,286.4436340332031,1.6949076652526855,242.537109375,0.7796322107315063,0.8332643508911133,0.541054368019104,11.153897285461426,15.476083755493164,11.873946189880373,0.1586162149906158,0.2049742639064788,0.8314051032066345,7.842646598815918,0.0,0.107292465865612,11.526327133178713,18.58284950256348,37.0,25.0,30.0,33.33333206176758,
2025-12-17,10:56:57.615000,FinePointe Series WBP [SN 139781]  Site 4 Bias Flow is out of range.,,,,,,,,,,,,,,,,,,,,,,,,,
2025-12-17,10:56:59.615000,2b,Toxicity,Original,,320.85504150390625,0.8826550245285034,281.91192626953125,0.4568374156951904,0.5691829919815063,0.7003884315490723,11.153897285461426,14.217738151550291,11.81313705444336,0.0988015010952949,0.088430643081665,0.9907416105270386,6.51075553894043,0.0,0.0575601160526275,18.12920379638672,13.369125366210938,37.0,25.0,30.0,77.77777862548828,
2025-12-17,10:57:01.615000,2b,Toxicity,Original,,189.32107543945312,1.5890285968780518,300.83660888671875,0.7068336606025696,0.5897315740585327,0.7053673267364502,11.153897285461426,12.82491683959961,16.86176872253418,0.1609748154878616,0.1559471189975738,1.387357473373413,6.950047016143799,0.0,0.1006143018603324,13.98964786529541,10.313758850097656,37.0,25.0,30.0,66.66666412353516,
2025-12-17,10:57:03.615000,2b,Toxicity,Original,,115.48080444335938,2.488328456878662,287.1166076660156,0.3317523002624511,0.5580111145973206,0.8424003720283508,11.153897285461426,13.94790744781494,9.357409477233888,0.2821029722690582,0.2375420182943344,0.6370980143547058,10.42189884185791,0.0,0.1577226221561432,11.674528121948242,8.09230899810791,37.0,25.0,30.0,62.5,
2025-12-17,10:57:05.615000,2b,Toxicity,Original,,171.08677673339844,1.8043186664581297,285.1625366210937,0.5131691098213196,0.5211772322654724,0.7385351657867432,11.153897285461426,13.11045742034912,13.163536071777344,0.1973520815372467,0.1740354746580124,0.9864492416381836,9.181031227111816,0.0,0.1187998279929161,14.226359367370604,8.911774635314941,37.0,25.0,30.0,33.33333206176758,
2025-12-17,10:57:05.615000,FinePointe Series WBP [SN 139781]  Site 2 Bias Flow is out of range.,,,,,,,,,,,,,,,,,,,,,,,,,
2025-12-17,10:57:05.615000,FinePointe Series WBP [SN 139781]  Site 4 Bias Flow is out of range.,,,,,,,,,,,,,,,,,,,,,,,,,
2025-12-17,10:57:09.615000,2b,Toxicity,Original,,152.55087280273438,1.697184443473816,258.46954345703125,0.4395855665206909,0.4699344933032989,0.7955135107040405,11.153897285461426,14.608161926269531,13.707844734191896,0.1822255402803421,0.2123691588640213,1.0599298477172852,9.407962799072266,0.0,0.1490280479192733,12.618656158447266,7.599316120147705,37.0,25.0,30.0,54.54545593261719,
2025-12-17,10:57:11.615000,2b,Toxicity,Original,,412.8974609375,0.579502284526825,235.47601318359372,0.4137865006923675,0.5508660674095154,0.7072478532791138,11.153897285461426,13.49696159362793,10.506711959838867,0.0711926892399787,0.0787968263030052,0.9048519730567932,5.56578540802002,0.0,0.0518328286707401,18.819543838500977,12.68772315979004,37.0,25.0,30.0,61.53845977783203,
2025-12-17,10:57:13.615000,2b,Toxicity,Original,,171.0926055908203,2.1260015964508057,363.6929016113281,0.4891307950019836,0.5592154860496521,0.7641436457633972,11.153897285461426,14.886951446533203,13.402820587158203,0.2017829120159149,0.150816261768341,1.1196428537368774,9.997983932495115,0.0,0.1004463881254196,14.82548999786377,9.654273986816406,37.0,25.0,30.0,25.0,
2025-12-17,10:57:15.615000,2b,Toxicity,Original,,149.05552673339844,1.541983723640442,228.02122497558597,0.599919855594635,0.5412818193435669,0.7635204195976257,11.153897285461426,11.752599716186523,12.95994758605957,0.2022409588098526,0.2202679365873336,0.9630782604217528,7.931272983551025,0.0,0.1455975472927093,11.114612579345703,8.591338157653809,37.0,25.0,30.0,50.0,
2025-12-17,10:57:15.615000,FinePointe Series WBP [SN 139781]  Site 2 Bias Flow is out of range.,,,,,,,,,,,,,,,,,,,,,,,,,
2025-12-17,10:57:15.615000,FinePointe Series WBP [SN 139781]  Site 4 Bias Flow is out of range.,,,,,,,,,,,,,,,,,,,,,,,,,
2025-12-17,10:57:17.615000,2b,Toxicity,Original,,111.49861907958984,2.4150595664978027,269.21728515625,0.3572268784046173,0.5683552622795105,0.8013342022895813,11.153897285461426,13.547203063964844,9.59904956817627,0.2841515839099884,0.2540566921234131,0.7618228793144226,12.856350898742676,0.0,0.1686430424451828,14.769033432006836,8.93776798248291,37.0,25.0,30.0,0.0,
2025-12-17,10:57:19.615000,2b,Toxicity,Original,,136.88623046875,2.3447327613830566,314.26690673828125,0.4803477823734283,0.5087180137634277,0.7716195583343506,11.153897285461426,13.87661838531494,13.878353118896484,0.2450268268585205,0.2073813527822494,0.9770740866661072,8.226489067077637,0.0,0.1421121954917907,11.0403470993042,6.96743106842041,37.0,25.0,30.0,33.33333206176758,
2025-12-17,10:57:21.615000,2b,Toxicity,Original,,169.64736938476562,1.688965916633606,285.63446044921875,0.7098100781440735,0.6233432292938232,0.5638042688369751,11.153897285461426,14.63316535949707,15.527177810668944,0.1797386705875396,0.1741291582584381,1.259635090827942,6.880428314208984,0.0,0.1107029244303703,11.939828872680664,11.554367065429688,37.0,25.0,30.0,60.0,
2025-12-17,10:57:23.615000,2b,Toxicity,Original,,152.3292999267578,1.7296969890594482,258.1532287597656,0.5179710388183594,0.5516865253448486,0.7145158648490906,11.153897285461426,13.121009826660156,13.378223419189451,0.1887943297624588,0.209703579545021,0.9002593755722046,8.55423641204834,0.0,0.1390809416770935,10.746597290039062,6.696282386779785,37.0,25.0,30.0,20.0,
2025-12-17,10:57:25.615000,2b,Toxicity,Original,,125.99127197265624,2.210198402404785,274.87109375,0.2681463360786438,0.3934826850891113,0.8732672929763794,11.153897285461426,16.129514694213867,12.717309951782228,0.2132018953561782,0.2736105322837829,0.8325425982475281,11.977357864379885,0.0,0.2066768109798431,12.332515716552734,6.105726718902588,37.0,25.0,30.0,0.0,
2025-12-17,10:57:25.615000,FinePointe Series WBP [SN 139781]  Site 2 Bias Flow is out of range.,,,,,,,,,,,,,,,,,,,,,,,,,
2025-12-17,10:57:25.615000,FinePointe Series WBP [SN 139781]  Site 4 Bias Flow is out of range.,,,,,,,,,,,,,,,,,,,,,,,,,
2025-12-17,10:57:27.615000,2b,Toxicity,Original,,106.9318389892578,2.848974704742432,304.45367431640625,0.3226540088653564,0.5147002935409546,0.7202509045600891,11.153897285461426,13.789491653442385,9.262845993041992,0.2946509122848511,0.2665042877197265,0.6796627044677734,9.041082382202148,0.0,0.1817808747291565,10.50212860107422,6.7764434814453125,37.0,25.0,30.0,33.33333206176758,
2025-12-17,10:57:29.615000,2b,Toxicity,Original,,110.92474365234376,2.093888759613037,231.7352294921875,0.5980698466300964,0.6304054260253906,0.7043002247810364,11.153897285461426,10.897672653198242,11.339908599853516,0.2744678556919098,0.2669300436973572,0.8417956233024597,8.686410903930664,0.0,0.1689686626195907,10.936084747314451,7.230159282684326,37.0,25.0,30.0,0.0,
2025-12-17,10:57:31.615000,2b,Toxicity,Original,,199.64993286132807,1.4198108911514282,283.46514892578125,0.359418123960495,0.4459143280982971,0.8254357576370239,11.153897285461426,14.858709335327148,12.578455924987791,0.1430334448814392,0.1574925780296325,0.750239372253418,6.953371524810791,0.0,0.1110386624932289,13.501933097839355,7.0943474769592285,37.0,25.0,30.0,80.0,
2025-12-17,10:57:33.615000,2b,Toxicity,Original,,244.74020385742188,1.0924922227859497,253.94004821777344,0.5191303491592407,0.5678523182868958,0.7015026807785034,11.153897285461426,13.496723175048828,12.96726417541504,0.1345098912715912,0.1193230301141738,1.0453906059265137,7.336576461791992,0.0,0.0780064240097999,16.083932876586914,10.47258472442627,37.0,25.0,30.0,76.92308044433594,
2025-12-17,10:57:35.615000,2b,Toxicity,Original,,303.3687438964844,0.8530862331390381,228.71353149414065,0.7798269987106323,0.6328002214431763,0.5395926237106323,11.153897285461426,12.33513355255127,14.583646774291992,0.1058117151260376,0.1099752634763717,1.2394757270812988,5.151437759399414,0.0,0.0682919919490814,13.363054275512695,12.60039520263672,37.0,25.0,30.0,71.42857360839844,
2025-12-17,10:57:35.615000,FinePointe Series WBP [SN 139781]  Site 2 Bias Flow is out of range.,,,,,,,,,,,,,,,,,,,,,,,,,
2025-12-17,10:57:35.615000,FinePointe Series WBP [SN 139781]  Site 4 Bias Flow is out of range.,,,,,,,,,,,,,,,,,,,,,,,,,
2025-12-17,10:57:37.615000,2b,Toxicity,Original,,218.477783203125,1.0630085468292236,227.6364288330078,0.2510734796524048,0.4437047243118286,0.8688063621520996,11.153897285461426,14.425407409667969,9.55659294128418,0.1178597062826156,0.1590439081192016,0.6313930749893188,7.033305644989014,0.0,0.1123583614826202,10.973922729492188,4.900521278381348,37.0,25.0,30.0,75.0,
2025-12-17,10:57:39.615000,2b,Toxicity,Original,,159.68783569335938,1.760491967201233,280.3111572265625,0.3666547536849975,0.4196867346763611,0.785325825214386,11.153897285461426,14.475467681884766,14.00420379638672,0.1908715665340423,0.1851353794336319,1.07914400100708,11.609697341918944,0.0,0.133899986743927,20.48137855529785,6.295509338378906,37.0,25.0,30.0,50.0,
2025-12-17,10:57:41.615000,2b,Toxicity,Original,,189.13966369628903,1.413888692855835,271.7378845214844,0.420688271522522,0.45761638879776,0.724651038646698,11.153897285461426,14.55573272705078,13.993485450744627,0.1519148796796798,0.1682282835245132,1.096773624420166,9.475998878479004,0.0,0.1214489340782165,20.10973358154297,8.387073516845703,37.0,25.0,30.0,40.0,
2025-12-17,10:57:43.615000,2b,Toxicity,Original,,165.08982849121094,1.896820068359375,305.3037414550781,0.4036329686641693,0.4982266426086426,0.6209906339645386,11.153897285461426,14.839829444885254,12.01559352874756,0.1815348267555236,0.1869504004716873,0.7255138754844666,7.739394187927246,0.0,0.127228170633316,11.2835693359375,7.711071014404297,37.0,25.0,30.0,25.0,
2025-12-17,10:57:45.615000,2b,Toxicity,Original,,119.79949951171876,2.15585994720459,258.2709350585937,0.3403019309043884,0.423865407705307,0.8806771636009216,11.153897285461426,16.57840347290039,15.119918823242188,0.1919835656881332,0.3088532388210296,0.826190173625946,8.59402847290039,0.0,0.2207830548286438,7.8806304931640625,3.229012966156006,37.0,25.0,30.0,83.33333587646484,
2025-12-17,10:57:45.615000,FinePointe Series WBP [SN 139781]  Site 2 Bias Flow is out of range.,,,,,,,,,,,,,,,,,,,,,,,,,
2025-12-17,10:57:45.615000,FinePointe Series WBP [SN 139781]  Site 4 Bias Flow is out of range.,,,,,,,,,,,,,,,,,,,,,,,,,
2025-12-17,10:57:49.615000,2b,Toxicity,Original,,115.06257629394533,2.312065362930298,266.0308837890625,0.2972441911697387,0.5554758906364441,0.7094581127166748,11.153897285461426,15.300421714782717,8.804794311523438,0.2424650192260742,0.2789918780326843,0.6434332132339478,9.034683227539062,0.0,0.1837357282638549,14.491226196289062,8.087416648864746,37.0,25.0,30.0,71.42857360839844,
2025-12-17,10:57:51.615000,2b,Toxicity,Original,,125.55897521972656,1.9941816329956052,248.24610900878903,0.5966122150421143,0.6551359295845032,0.4898727536201477,11.153897285461426,11.571914672851562,10.551990509033203,0.240722045302391,0.2435198426246643,0.7931662797927856,6.877540111541748,0.0,0.1507014036178589,9.147231101989746,8.823638916015625,37.0,25.0,30.0,0.0,
2025-12-17,10:57:53.615000,2b,Toxicity,Original,,184.1749267578125,1.4630976915359497,261.4351501464844,0.4146274924278259,0.4786956906318664,0.734712541103363,11.153897285461426,13.325420379638672,12.063539505004885,0.1510250568389892,0.1840797960758209,0.8670030236244202,8.179808616638184,0.0,0.1286192387342453,12.868789672851562,6.720268249511719,37.0,25.0,30.0,25.0,
2025-12-17,10:57:55.615000,2b,Toxicity,Original,,118.73043060302734,1.9159356355667116,227.4798583984375,0.2404308915138244,0.3343674540519714,0.9058185815811156,11.153897285461426,15.77664279937744,14.069337844848633,0.1851940304040908,0.3201524019241333,0.6219525337219238,9.111980438232422,0.0,0.2444985210895538,0.7443513870239258,,37.0,25.0,30.0,83.33333587646484,
2025-12-17,10:57:55.615000,FinePointe Series WBP [SN 139781]  Site 2 Bias Flow is out of range.,,,,,,,,,,,,,,,,,,,,,,,,,
2025-12-17,10:57:57.615000,2b,Toxicity,Original,,206.8513946533203,1.4412102699279783,222.83401489257807,0.3223133683204651,0.4620910584926605,0.8176624774932861,11.153897285461426,14.659584045410156,12.34477424621582,0.156478151679039,0.2023158073425293,0.9113733768463136,8.015961647033691,0.0,0.1425704956054687,15.69358730316162,7.938881397247314,37.0,25.0,30.0,33.33333206176758,
2025-12-17,10:57:57.615000,FinePointe Series WBP [SN 139781]  Site 4 Bias Flow is out of range.,,,,,,,,,,,,,,,,,,,,,,,,,
2025-12-17,10:57:59.615000,2b,Toxicity,Original,,181.1032867431641,1.3498400449752808,241.1859436035156,0.4147690832614898,0.4786209464073181,0.7941052913665771,11.153897285461426,13.342439651489258,11.690847396850586,0.1541827619075775,0.177637830376625,0.7631891369819641,7.001781940460205,0.0,0.1231870725750923,11.35372257232666,7.638229846954346,37.0,25.0,30.0,62.5,
2025-12-17,10:58:01.615000,2b,Toxicity,Original,,161.22865295410156,1.7810050249099731,284.6906433105469,0.4462164044380188,0.4629133343696594,0.7976572513580322,11.153897285461426,15.063048362731934,14.958576202392578,0.1835100352764129,0.1895041763782501,1.0265458822250366,18.476451873779297,0.0,0.1328940540552139,15.22592544555664,8.475738525390625,37.0,25.0,30.0,25.0,
2025-12-17,10:58:03.615000,2b,Toxicity,Original,,161.18490600585938,1.646470308303833,270.0386962890625,0.3244590759277344,0.5150878429412842,0.8540529012680054,11.153897285461426,16.85776710510254,11.661372184753418,0.1505460739135742,0.2242001295089721,0.8220856785774231,7.65485668182373,0.0,0.151569589972496,10.037728309631348,4.823954582214356,37.0,25.0,30.0,71.42857360839844,
2025-12-17,10:58:05.615000,2b,Toxicity,Original,,182.1791839599609,1.5165621042251587,270.0341491699219,0.4060442149639129,0.5096598267555237,0.7225616574287415,11.153897285461426,13.58653163909912,11.65847873687744,0.1620562821626663,0.1724458038806915,0.870912492275238,9.132780075073242,0.0,0.1179957240819931,14.918110847473145,9.408092498779297,37.0,25.0,30.0,50.0,
2025-12-17,10:58:05.615000,FinePointe Series WBP [SN 139781]  Site 2 Bias Flow is out of range.,,,,,,,,,,,,,,,,,,,,,,,,,
2025-12-17,10:58:07.615000,2b,Toxicity,Original,,130.5372314453125,1.9545303583145144,255.53646850585935,0.3086096048355102,0.5113882422447205,0.8861716389656067,11.153897285461426,16.189836502075195,11.919499397277832,0.1921855062246322,0.2698205709457397,0.7199162244796753,8.889233589172363,0.0,0.1831963211297989,9.124239921569824,5.73086404800415,37.0,25.0,30.0,25.0,
2025-12-17,10:58:07.615000,FinePointe Series WBP [SN 139781]  Site 4 Bias Flow is out of range.,,,,,,,,,,,,,,,,,,,,,,,,,
2025-12-17,10:58:09.615000,2b,Toxicity,Original,,138.62814331054688,2.102107048034668,292.4114990234375,0.3290194571018219,0.4345388412475586,0.8513079285621643,11.153897285461426,17.2470645904541,13.734296798706056,0.1832199841737747,0.2536986172199249,0.8736162185668945,9.048836708068848,0.0,0.1809558570384979,10.92857551574707,5.566945552825928,37.0,25.0,30.0,40.0,
2025-12-17,10:58:11.615000,2b,Toxicity,Original,,97.74781799316406,2.427488327026367,238.96536254882807,0.3560743331909179,0.5856987833976746,0.8298081755638123,11.153897285461426,12.210094451904297,7.9412841796875,0.2850655317306518,0.3312838673591614,0.5481842756271362,7.450589656829834,0.0,0.2132525146007537,13.182997703552246,6.432675361633301,37.0,25.0,30.0,33.33333206176758,
2025-12-17,10:58:13.615000,2b,Toxicity,Original,,113.4498519897461,2.1277804374694824,241.2027282714844,0.4590741991996765,0.5305920243263245,0.6782494187355042,11.153897285461426,12.844380378723145,10.469196319580078,0.257220447063446,0.2717041075229645,0.8028596043586731,11.168652534484863,0.0,0.1833585500717163,11.60350227355957,9.36502742767334,37.0,25.0,30.0,0.0,
2025-12-17,10:58:15.615000,2b,Toxicity,Original,,124.209228515625,1.7828227281570437,221.3926696777344,0.4732521474361419,0.5340336561203003,0.8329124450683594,11.153897285461426,12.0687255859375,12.538688659667969,0.2439325749874115,0.2429426610469818,0.8007781505584717,10.450618743896484,0.0,0.1634272634983062,13.959388732910156,6.316862106323242,37.0,25.0,30.0,33.33333206176758,
2025-12-17,10:58:15.615000,FinePointe Series WBP [SN 139781]  Site 2 Bias Flow is out of range.,,,,,,,,,,,,,,,,,,,,,,,,,
2025-12-17,10:58:17.615000,2b,Toxicity,Original,,157.969970703125,1.7063164710998535,264.2340087890625,0.3828625380992889,0.3819949030876159,0.8087053894996643,11.153897285461426,15.83639430999756,16.717687606811523,0.1647302508354187,0.2170930802822113,1.2523316144943235,13.332374572753906,0.0,0.1600186079740524,20.945987701416016,6.6450276374816895,37.0,25.0,30.0,55.55555725097656,
2025-12-17,10:58:17.615000,FinePointe Series WBP [SN 139781]  Site 4 Bias Flow is out of range.,,,,,,,,,,,,,,,,,,,,,,,,,
2025-12-17,10:58:21.615000,2b,Toxicity,Original,,115.30262756347656,2.6437056064605717,304.8262023925781,0.2793037593364715,0.4594841599464416,0.8389986753463745,11.153897285461426,12.759586334228516,8.979620933532715,0.2819903790950775,0.2383794039487838,0.5656713247299194,14.574396133422852,0.0,0.1692186743021011,14.581310272216797,7.27292013168335,37.0,25.0,30.0,88.88888549804688,
2025-12-17,10:58:23.615000,2b,Toxicity,Original,,136.3284912109375,1.9461007118225095,265.843994140625,0.3231498003005981,0.4045714735984802,0.8622226715087891,11.153897285461426,12.634917259216309,11.248010635375977,0.2115084677934646,0.2315295040607452,0.7071335315704346,20.823347091674805,0.0,0.1669831871986389,14.983731269836426,4.417973518371582,37.0,25.0,30.0,33.33333206176758,
2025-12-17,10:58:25.615000,2b,Toxicity,Original,,128.9598388671875,1.879662036895752,242.4009246826172,0.2738361954689026,0.4021361470222473,0.8669309020042419,11.153897285461426,16.909543991088867,12.168950080871582,0.172273501753807,0.292987585067749,0.6176924705505371,20.34700965881348,0.0,0.2136160433292389,13.376938819885254,3.920823097229004,37.0,25.0,30.0,83.33333587646484,
2025-12-17,10:58:25.615000,FinePointe Series WBP [SN 139781]  Site 2 Bias Flow is out of range.,,,,,,,,,,,,,,,,,,,,,,,,,
2025-12-17,10:58:25.615000,FinePointe Series WBP [SN 139781]  Site 4 Bias Flow is out of range.,,,,,,,,,,,,,,,,,,,,,,,,,
2025-12-17,10:58:27.615000,2b,Toxicity,Original,,148.0674591064453,1.5410277843475342,223.24371337890625,0.2218212187290191,0.3561587631702423,0.8931958675384521,11.153897285461426,17.307220458984375,12.766132354736328,0.1518665254116058,0.2795176804065704,0.675015926361084,8.37374496459961,0.0,0.2095565795898437,8.605035781860352,,37.0,25.0,30.0,66.66666412353516,
2025-12-17,10:58:31.615000,2b,Toxicity,Original,,216.8349456787109,1.4067845344543457,264.8266296386719,0.4589251279830932,0.487160176038742,0.7717556357383728,11.153897285461426,12.115846633911133,11.918736457824709,0.158202663064003,0.1530783325433731,0.8226364850997925,7.710126876831055,0.0,0.1064339205622673,16.071992874145508,7.556221008300781,37.0,25.0,30.0,75.0,
2025-12-17,10:58:33.615000,2b,Toxicity,Original,,162.6719207763672,1.7038068771362305,277.1416931152344,0.4541222751140594,0.4530597925186157,0.7141306400299072,11.153897285461426,14.299331665039062,15.45870304107666,0.1859152913093567,0.1844007223844528,1.160597562789917,13.723045349121094,0.0,0.1329996287822723,15.66188907623291,10.847902297973633,37.0,25.0,30.0,33.33333206176758,
2025-12-17,10:58:33.615000,FinePointe Series WBP [SN 139781]  Site 2 Bias Flow is out of range.,,,,,,,,,,,,,,,,,,,,,,,,,
2025-12-17,10:58:33.615000,FinePointe Series WBP [SN 139781]  Site 4 Bias Flow is out of range.,,,,,,,,,,,,,,,,,,,,,,,,,
2025-12-17,10:58:37.615000,2b,Toxicity,Original,,108.09160614013672,2.405622959136963,258.9327697753906,0.2889006733894348,0.4834204614162445,0.8634960651397705,11.153897285461426,14.088948249816896,9.331963539123535,0.2445413172245025,0.3115072846412658,0.4805814623832702,6.957670211791992,0.0,0.2145146429538726,3.756870746612549,3.264669895172119,37.0,25.0,30.0,66.66666412353516,
2025-12-17,10:58:39.615000,2b,Toxicity,Original,,128.8831329345703,1.564691424369812,201.2174072265625,0.8926792144775391,0.8803764581680298,0.4312602877616882,11.153897285461426,10.07956314086914,12.204380989074709,0.2377219349145889,0.2301274240016937,1.072769045829773,14.505523681640623,54.01570510864258,0.1259850263595581,12.430917739868164,6.224530220031738,37.0,25.0,30.0,0.0,
2025-12-17,10:58:41.615000,2b,Toxicity,Original,,197.18130493164065,1.4842368364334106,292.66375732421875,0.5394455194473267,0.4905015528202057,0.7490125298500061,11.153897285461426,14.108856201171877,16.600027084350586,0.168109193444252,0.1361792981624603,1.268373966217041,8.534483909606934,0.0,0.0943927615880966,20.62393569946289,8.500319480895996,37.0,25.0,30.0,87.5,
2025-12-17,10:58:43.615000,2b,Toxicity,Original,,173.03298950195312,1.3751707077026367,215.1990966796875,0.3634053468704223,0.3847340643405914,0.8230387568473816,11.153897285461426,13.637556076049805,11.88547706604004,0.1586642861366272,0.2222048640251159,0.8254092931747437,8.958293914794922,0.0,0.1695470213890075,17.61261749267578,6.824563980102539,37.0,25.0,30.0,33.33333206176758,
2025-12-17,10:58:45.615000,2b,Toxicity,Original,,296.4918518066406,0.8636666536331177,235.16867065429688,0.3992417454719543,0.4640747904777527,0.6838241815567017,11.153897285461426,13.56515407562256,11.456316947937012,0.1075577065348625,0.1144046112895011,0.8990325331687927,16.121265411376953,0.0,0.0838021710515022,25.127031326293945,9.560157775878906,37.0,25.0,30.0,66.66666412353516,
2025-12-17,10:58:45.615000,FinePointe Series WBP [SN 139781]  Site 2 Bias Flow is out of range.,,,,,,,,,,,,,,,,,,,,,,,,,
2025-12-17,10:58:45.615000,FinePointe Series WBP [SN 139781]  Site 4 Bias Flow is out of range.,,,,,,,,,,,,,,,,,,,,,,,,,
2025-12-17,10:58:47.615000,2b,Toxicity,Original,,321.07635498046875,0.5781850814819336,175.7334442138672,0.9120800495147704,0.986423134803772,0.5522720217704773,11.153897285461426,11.844613075256348,11.26897144317627,0.0804714560508728,0.1234206929802894,0.8708193898200989,6.9836907386779785,25.47612953186035,0.0620912052690982,16.50576400756836,24.28807258605957,37.0,25.0,30.0,62.5,
2025-12-17,10:58:49.615000,2b,Toxicity,Original,,148.3111572265625,3.0927188396453857,458.6847229003906,0.5100570917129517,0.9645912051200868,0.3820424675941467,11.153897285461426,27.181713104248047,13.615129470825195,0.1794490069150924,0.2251058667898178,1.2070069313049316,8.5922269821167,0.0,0.1171488240361213,14.032418251037598,17.509174346923828,37.0,25.0,30.0,75.0,
2025-12-17,10:58:51.615000,2b,Toxicity,Original,,148.12698364257812,1.6432284116744995,243.40647888183597,0.2456468343734741,0.2361105382442474,0.8744938373565674,11.153897285461426,19.447908401489254,22.21699905395508,0.1374744921922683,0.2675833702087402,0.6840508580207825,23.72090530395508,0.0,0.2189879566431045,8.756991386413574,,37.0,25.0,30.0,50.0,
2025-12-17,10:58:53.615000,2b,Toxicity,Original,,90.0779037475586,5.162459850311279,465.0235595703125,0.4236828088760376,0.3649853467941284,0.7891619801521301,11.153897285461426,32.86422348022461,37.901004791259766,0.2656653225421905,0.4004247784614563,2.84524917602539,22.46668243408203,0.0,0.3007037937641144,26.702810287475582,7.632588863372803,37.0,25.0,30.0,50.0,
2025-12-17,10:58:55.615000,2b,Toxicity,Original,,372.6105651855469,0.1041497588157653,38.80730056762695,0.4741111397743225,0.4448371827602386,0.8095347285270691,11.153897285461426,3.067087173461914,3.427528619766236,0.0770271643996238,0.083998866379261,0.3065345585346222,21.99578285217285,0.0,0.0593377277255058,23.390331268310547,16.06629753112793,37.0,25.0,30.0,87.5,
2025-12-17,10:58:55.615000,FinePointe Series WBP [SN 139781]  Site 2 Bias Flow is out of range.,,,,,,,,,,,,,,,,,,,,,,,,,
2025-12-17,10:58:57.615000,2b,Toxicity,Original,,106.90655517578124,2.177285671234131,232.76611328125,0.4242855012416839,0.4564580023288727,0.8280361294746399,11.153897285461426,11.186588287353516,11.343317985534668,0.2762260735034942,0.2850117087364197,0.7163057327270508,8.385069847106934,0.0,0.2009491622447967,12.559530258178713,4.413543224334717,37.0,25.0,30.0,66.66666412353516,
2025-12-17,10:58:57.615000,FinePointe Series WBP [SN 139781]  Site 4 Bias Flow is out of range.,,,,,,,,,,,,,,,,,,,,,,,,,
2025-12-17,10:58:59.615000,2b,Toxicity,Original,,141.36318969726562,1.7032520771026611,239.38038635253903,0.553153932094574,0.5020478963851929,0.7707027196884155,11.153897285461426,11.54458999633789,12.46372413635254,0.2196183204650879,0.2224611192941665,0.9017091989517212,6.759729385375977,0.0,0.1520601511001587,9.559374809265137,7.837814807891846,37.0,25.0,30.0,50.0,
2025-12-17,10:59:01.615000,2b,Toxicity,Original,,132.34535217285156,1.6389635801315308,216.90921020507807,0.3088493943214416,0.4480729103088379,0.8978917002677917,11.153897285461426,15.10247802734375,11.663422584533691,0.1727018654346466,0.2806574404239654,0.8277225494384766,7.943878650665283,0.0,0.1972452402114868,10.991646766662598,5.402729034423828,37.0,25.0,30.0,83.33333587646484,
2025-12-17,10:59:03.615000,2b,Toxicity,Original,,115.29619598388672,1.985313057899475,228.32313537597656,0.2612676918506622,0.327845960855484,0.9056212902069092,11.153897285461426,14.974554061889648,13.748298645019531,0.207408919930458,0.3143505454063415,0.6726979613304138,17.356901168823242,0.0,0.2444187253713607,6.22499942779541,1.5368754863739014,37.0,25.0,30.0,0.0,
2025-12-17,10:59:05.615000,2b,Toxicity,Original,,88.96493530273438,2.2364988327026367,197.6752014160156,0.3229940533638,0.5502886772155762,0.9102072715759276,11.153897285461426,14.53575325012207,11.168800354003906,0.249453991651535,0.428196907043457,0.4795725047588348,7.461934089660644,0.0,0.2812134027481079,2.755470037460327,3.494402408599853,37.0,25.0,30.0,60.0,
2025-12-17,10:59:05.615000,FinePointe Series WBP [SN 139781]  Site 2 Bias Flow is out of range.,,,,,,,,,,,,,,,,,,,,,,,,,
2025-12-17,10:59:07.615000,2b,Toxicity,Original,,115.11477661132812,2.137638092041016,245.49327087402344,0.4273479878902435,0.5067575573921204,0.833884060382843,11.153897285461426,12.696854591369627,11.73696231842041,0.2577497661113739,0.2645468711853027,0.738110363483429,9.074976921081545,0.0,0.1805527359247207,8.951933860778809,6.317080497741699,37.0,25.0,30.0,40.0,
2025-12-17,10:59:07.615000,FinePointe Series WBP [SN 139781]  Site 4 Bias Flow is out of range.,,,,,,,,,,,,,,,,,,,,,,,,,
2025-12-17,10:59:09.615000,2b,Toxicity,Original,,152.86488342285156,1.821653723716736,276.53173828125,0.3031893372535705,0.3581478595733642,0.8238675594329834,11.153897285461426,13.99549674987793,12.41467571258545,0.1927986890077591,0.2018704563379287,0.8513379096984863,34.89030838012695,0.0,0.1539022326469421,23.38657760620117,6.462813377380371,37.0,25.0,30.0,0.0,
2025-12-17,10:59:11.615000,2b,Toxicity,Original,,245.1767578125,0.7102736234664917,179.34378051757812,0.3828402757644653,0.3881219625473022,0.766748309135437,11.153897285461426,15.022579193115234,15.350872993469238,0.1042671650648117,0.1548265963792801,0.6976245641708374,69.398681640625,0.0,0.1122282594442367,6.870587348937988,1.606489896774292,37.0,25.0,30.0,75.0,
2025-12-17,10:59:13.615000,2b,Toxicity,Original,,169.62550354003906,1.3829848766326904,233.33282470703125,0.3731202185153961,0.4358139932155609,0.8364234566688538,11.153897285461426,15.240041732788086,14.863069534301758,0.1482063680887222,0.2090529948472976,0.8420331478118896,8.11357593536377,0.0,0.148968294262886,13.178828239440918,7.255098819732666,37.0,25.0,30.0,0.0,
2025-12-17,10:59:15.615000,2b,Toxicity,Original,,101.64713287353516,1.5744898319244385,160.04237365722656,0.1679284870624542,0.2103050202131271,0.9181253910064696,11.153897285461426,15.664729118347168,15.068747520446776,0.1742121875286102,0.4160651564598083,1.029228925704956,11.331186294555664,0.0,0.3496504724025726,,,37.0,25.0,30.0,50.0,
2025-12-17,10:59:15.615000,FinePointe Series WBP [SN 139781]  Site 2 Bias Flow is out of range.,,,,,,,,,,,,,,,,,,,,,,,,,
2025-12-17,10:59:17.615000,2b,Toxicity,Original,,99.0006103515625,2.506239414215088,245.7007598876953,0.3259565532207489,0.4325106739997864,0.8789427280426025,11.153897285461426,13.616480827331545,10.06126880645752,0.2776746749877929,0.3312418758869171,0.5408986806869507,9.688067436218262,0.0,0.2365501821041107,5.493287086486816,3.5992870330810547,37.0,25.0,30.0,57.14285659790039,
2025-12-17,10:59:17.615000,FinePointe Series WBP [SN 139781]  Site 4 Bias Flow is out of range.,,,,,,,,,,,,,,,,,,,,,,,,,
2025-12-17,10:59:17.615000,FinePointe Series WBP [SN 139781]  Site 3 Bias Flow is out of range.,,,,,,,,,,,,,,,,,,,,,,,,,
2025-12-17,10:59:21.615000,2b,Toxicity,Original,,162.47943115234375,1.1926004886627195,183.20884704589844,0.3337232768535614,0.3658826053142547,0.8582079410552979,11.153897285461426,13.157414436340332,12.082751274108888,0.1370491981506347,0.2556205987930298,0.5445910692214966,7.954213619232178,0.0,0.191548690199852,10.292957305908203,6.994823455810547,37.0,25.0,30.0,50.0,
2025-12-17,10:59:23.615000,2b,Toxicity,Original,,178.88870239257812,1.7409065961837769,308.1796875,0.3200892806053161,0.3805537521839142,0.8074472546577454,11.153897285461426,15.564611434936523,13.28730297088623,0.1789850741624832,0.1608793884515762,0.9411062002182008,16.39069366455078,0.0,0.1207596287131309,20.201753616333008,6.521066188812256,37.0,25.0,30.0,40.0,
2025-12-17,10:59:25.615000,2b,Toxicity,Original,,223.3981475830078,1.2432794570922852,227.12466430664065,0.3233771026134491,0.4772123098373413,0.8331121206283569,11.153897285461426,13.455875396728516,10.23044204711914,0.1460415720939636,0.1714677959680557,0.6646646857261658,9.724416732788086,0.0,0.1205625534057617,10.677526473999023,6.023293972015381,37.0,25.0,30.0,37.5,
2025-12-17,10:59:25.615000,FinePointe Series WBP [SN 139781]  Site 2 Bias Flow is out of range.,,,,,,,,,,,,,,,,,,,,,,,,,
2025-12-17,10:59:25.615000,FinePointe Series WBP [SN 139781]  Site 4 Bias Flow is out of range.,,,,,,,,,,,,,,,,,,,,,,,,,
2025-12-17,10:59:27.615000,2b,Toxicity,Original,,128.04367065429688,1.8084940910339355,231.56622314453125,0.2560828328132629,0.3954171240329742,0.8856367468833923,11.153897285461426,18.448144912719727,13.597922325134276,0.1569499373435974,0.311640202999115,0.4296053647994995,14.479177474975586,0.0,0.2279961705207824,5.753300189971924,2.667250394821167,37.0,25.0,30.0,75.0,
2025-12-17,10:59:27.615000,FinePointe Series WBP [SN 139781]  Site 3 Bias Flow is out of range.,,,,,,,,,,,,,,,,,,,,,,,,,
2025-12-17,10:59:29.615000,2b,Toxicity,Original,,142.388916015625,2.007058620452881,273.6676330566406,0.2426373660564422,0.471297025680542,0.8699404001235962,11.153897285461426,18.86387062072754,10.76636791229248,0.1746487319469452,0.2590231895446777,0.5486953258514404,9.239803314208984,0.0,0.1848925203084945,11.043001174926758,3.450767993927002,37.0,25.0,30.0,60.0,
2025-12-17,10:59:31.615000,2b,Toxicity,Original,,146.7461700439453,1.5085201263427734,221.3695526123047,0.3141606152057647,0.5096286535263062,0.8564633727073669,11.153897285461426,14.421417236328123,9.637181282043455,0.1800211817026138,0.2288480848073959,0.6020748019218445,24.57332992553711,0.0,0.1580787301063537,14.05828094482422,8.733345985412598,37.0,25.0,30.0,75.0,
2025-12-17,10:59:33.615000,2b,Toxicity,Original,,97.93324279785156,1.698377013206482,164.7960205078125,0.3818557858467102,0.527825117111206,0.9093778133392334,11.153897285461426,14.454627990722656,11.675851821899414,0.193732738494873,0.4388257265090942,0.5543476343154907,8.397830963134766,0.0,0.2875595688819885,2.699294090270996,0.104662224650383,37.0,25.0,30.0,33.33333206176758,
2025-12-17,10:59:35.615000,2b,Toxicity,Original,,113.5311050415039,2.455679416656494,279.0830993652344,0.3070421516895294,0.5143700838088989,0.8222388029098511,11.153897285461426,13.888952255249023,9.755046844482422,0.263458251953125,0.2651001214981079,0.6571694612503052,13.841316223144531,0.0,0.1808798462152481,12.5753173828125,7.157652854919434,37.0,25.0,30.0,60.0,
2025-12-17,10:59:35.615000,FinePointe Series WBP [SN 139781]  Site 2 Bias Flow is out of range.,,,,,,,,,,,,,,,,,,,,,,,,,
2025-12-17,10:59:35.615000,FinePointe Series WBP [SN 139781]  Site 4 Bias Flow is out of range.,,,,,,,,,,,,,,,,,,,,,,,,,
2025-12-17,10:59:35.615000,FinePointe Series WBP [SN 139781]  Site 3 Bias Flow is out of range.,,,,,,,,,,,,,,,,,,,,,,,,,
2025-12-17,10:59:37.615000,2b,Toxicity,Original,,113.95704650878906,2.006012201309204,228.3891143798828,0.4222074151039123,0.5077752470970154,0.8611652255058289,11.153897285461426,11.50543212890625,10.73960018157959,0.2489082813262939,0.2786125540733337,0.6266851425170898,8.379136085510254,0.0,0.1891815364360809,9.008281707763672,5.336270332336426,37.0,25.0,30.0,0.0,
2025-12-17,10:59:41.615000,2b,Toxicity,Original,,217.48956298828125,1.460302472114563,265.2724304199219,0.4233123660087585,0.501337468624115,0.780502200126648,11.153897285461426,15.140447616577148,12.14442253112793,0.1461331993341446,0.1845496743917465,0.765987753868103,6.914311408996582,0.0,0.1307676583528518,10.077681541442873,7.826427459716797,37.0,25.0,30.0,60.0,
2025-12-17,10:59:43.615000,2b,Toxicity,Original,,140.04769897460938,1.6570037603378296,232.0595550537109,0.185353547334671,0.2907711863517761,0.8915817141532898,11.153897285461426,18.776763916015625,13.520076751708984,0.1480249315500259,0.2804005444049835,0.7088335752487183,8.743647575378418,0.0,0.2202671468257904,5.911937236785889,,37.0,25.0,30.0,83.33333587646484,
2025-12-17,10:59:43.615000,FinePointe Series WBP [SN 139781]  Site 2 Bias Flow is out of range.,,,,,,,,,,,,,,,,,,,,,,,,,
2025-12-17,10:59:43.615000,FinePointe Series WBP [SN 139781]  Site 4 Bias Flow is out of range.,,,,,,,,,,,,,,,,,,,,,,,,,
2025-12-17,10:59:47.615000,2b,Toxicity,Original,,135.2515869140625,1.836480498313904,230.53265380859372,0.5354787707328796,0.5125305652618408,0.8403031229972839,11.153897285461426,15.073480606079102,12.959639549255373,0.2000003308057785,0.2558256685733795,0.5844869017601013,12.87771701812744,5.506326675415039,0.1780052036046981,13.397764205932615,3.7834222316741934,37.0,25.0,30.0,60.0,
2025-12-17,10:59:49.615000,2b,Toxicity,Original,,130.856689453125,1.851431131362915,241.64715576171875,0.1911532580852508,0.2928345203399658,0.8503824472427368,11.153897285461426,20.2781982421875,15.48642349243164,0.1770989894866943,0.2917604446411133,1.1470584869384766,19.244291305541992,0.0,0.2340117990970611,24.67203712463379,5.411713123321533,37.0,25.0,30.0,50.0,
2025-12-17,10:59:51.615000,2b,Toxicity,Original,,86.111572265625,2.5576205253601074,220.24073791503903,0.6593464612960815,0.7525731325149536,0.4490155875682831,11.153897285461426,18.25052261352539,14.67912769317627,0.2736225724220276,0.4231478869915008,1.1311386823654177,7.515488147735596,0.0,0.2637554109096527,16.23346710205078,10.873980522155762,37.0,25.0,30.0,80.0,
2025-12-17,10:59:53.615000,2b,Toxicity,Original,,88.46116638183594,2.2352280616760254,197.43405151367188,0.3236201703548431,0.4706433415412903,0.8749614357948303,11.153897285461426,13.01439380645752,11.147292137145996,0.2730827331542969,0.4052590429782867,0.4962575733661651,13.63014030456543,0.0,0.2810128331184387,4.747592449188232,3.779332637786865,37.0,25.0,30.0,0.0,
2025-12-17,10:59:55.615000,2b,Toxicity,Original,,115.54290771484376,2.253138542175293,261.31158447265625,0.3492075502872467,0.5096380710601807,0.8188246488571167,11.153897285461426,15.116177558898926,11.095486640930176,0.2519009709358215,0.273909717798233,0.5779626965522766,15.368341445922852,0.0,0.1849187761545181,9.207857131958008,5.721374988555908,37.0,25.0,30.0,0.0,
2025-12-17,10:59:57.615000,2b,Toxicity,Original,,280.1278076171875,1.287032961845398,232.73748779296875,0.3162354230880737,0.7907882928848267,0.4146170616149902,11.153897285461426,17.070865631103516,6.300447463989258,0.1175257489085197,0.1583305448293686,0.4559965133666992,4.616710662841797,0.0,0.0879565179347992,6.819285392761231,12.579586029052734,37.0,25.0,30.0,60.0,
2025-12-17,10:59:57.615000,FinePointe Series WBP [SN 139781]  Site 2 Bias Flow is out of range.,,,,,,,,,,,,,,,,,,,,,,,,,
2025-12-17,10:59:57.615000,FinePointe Series WBP [SN 139781]  Site 4 Bias Flow is out of range.,,,,,,,,,,,,,,,,,,,,,,,,,
2025-12-17,11:00:01.615000,2b,Toxicity,Original,,338.0803527832031,0.484025090932846,163.63937377929688,0.8350236415863037,0.5847233533859253,0.6457078456878662,11.153897285461426,7.573864936828613,10.70710277557373,0.1031355708837509,0.0743370279669761,0.9243428111076356,5.895761489868164,0.0,0.0479518175125122,16.28290557861328,17.336864471435547,37.0,25.0,30.0,92.30769348144533,
2025-12-17,11:00:03.615000,2b,Toxicity,Original,,105.4410171508789,2.4270718097686768,255.91293334960935,0.301708310842514,0.3955796062946319,0.8591198921203613,11.153897285461426,17.424373626708984,16.2670955657959,0.2105321139097213,0.3585064113140106,0.8586645722389221,28.34481239318848,0.0,0.263806402683258,17.286972045898438,6.129460334777832,37.0,25.0,30.0,0.0,
2025-12-17,11:00:05.615000,2b,Toxicity,Original,,107.89503479003906,2.017350673675537,212.88558959960935,0.2857318818569183,0.3084195852279663,0.8860224485397339,11.153897285461426,15.21146011352539,15.14458465576172,0.2019560933113098,0.3586727380752563,0.6477617025375366,43.75074005126953,0.0,0.2806452810764313,13.817955017089844,,37.0,25.0,30.0,71.42857360839844,
2025-12-17,11:00:05.615000,FinePointe Series WBP [SN 139781]  Site 2 Bias Flow is out of range.,,,,,,,,,,,,,,,,,,,,,,,,,
2025-12-17,11:00:07.615000,2b,Toxicity,Original,,101.05552673339844,2.075540065765381,210.75872802734372,0.2865148484706878,0.3666574656963348,0.8849434852600098,11.153897285461426,15.823795318603516,14.46749496459961,0.205735832452774,0.38898766040802,0.8360400199890137,9.271807670593262,0.0,0.2914693355560303,8.233993530273438,4.620631694793701,37.0,25.0,30.0,0.0,
2025-12-17,11:00:07.615000,FinePointe Series WBP [SN 139781]  Site 4 Bias Flow is out of range.,,,,,,,,,,,,,,,,,,,,,,,,,
2025-12-17,11:00:09.615000,2b,Toxicity,Original,,90.07608032226562,2.639583110809326,235.5362243652344,0.2267819344997406,0.3918710947036743,0.8942251205444336,11.153897285461426,14.122074127197266,9.699888229370115,0.2777818739414215,0.3931064009666443,0.3599135875701904,7.494548320770264,0.0,0.2907302975654602,4.91536808013916,5.08264684677124,37.0,25.0,30.0,71.42857360839844,
2025-12-17,11:00:11.615000,2b,Toxicity,Original,,119.1536102294922,1.7248339653015137,202.0748443603516,0.4335755705833435,0.4958148598670959,0.8240154981613159,11.153897285461426,11.83642864227295,11.609858512878418,0.2318625152111053,0.2784406542778015,0.6900551319122314,10.315221786499023,0.0,0.1919658482074737,11.697071075439451,6.94522762298584,37.0,25.0,30.0,0.0,
2025-12-17,11:00:13.615000,2b,Toxicity,Original,,118.97047424316406,2.5304882526397705,304.8968505859375,0.167831689119339,0.2794262170791626,0.8720972537994385,11.153897285461426,19.727806091308597,11.914924621582031,0.1985107064247131,0.3076792955398559,0.4492260813713074,26.202699661254883,0.0,0.2472616136074066,11.368816375732422,2.9228174686431885,37.0,25.0,30.0,33.33333206176758,
2025-12-17,11:00:15.615000,2b,Toxicity,Original,,130.9330596923828,1.5812877416610718,207.0428466796875,0.244457870721817,0.3198389708995819,0.8455691933631897,11.153897285461426,12.42215347290039,10.496931076049805,0.1909738332033157,0.2672755718231201,0.6601490378379822,5.591917514801025,0.0,0.2053543180227279,,,37.0,25.0,30.0,75.0,
2025-12-17,11:00:15.615000,FinePointe Series WBP [SN 139781]  Site 2 Bias Flow is out of range.,,,,,,,,,,,,,,,,,,,,,,,,,
2025-12-17,11:00:17.615000,2b,Toxicity,Original,,98.81520080566406,2.3228073120117188,227.867919921875,0.1441146731376648,0.2811716496944427,0.9182313680648804,11.153897285461426,17.34814453125,11.207727432250977,0.218815803527832,0.3949668407440185,0.6065085530281067,15.040477752685549,0.0,0.3142577111721039,,,37.0,25.0,30.0,0.0,
2025-12-17,11:00:17.615000,FinePointe Series WBP [SN 139781]  Site 4 Bias Flow is out of range.,,,,,,,,,,,,,,,,,,,,,,,,,
2025-12-17,11:00:19.615000,2b,Toxicity,Original,,140.40615844726562,1.6000381708145142,160.00840759277344,0.507576048374176,0.4299563765525818,0.8105433583259583,11.153897285461426,8.23074722290039,7.860920429229736,0.2479439377784729,0.2410174459218979,0.499394416809082,22.878278732299805,0.0,0.1711695194244384,35.592864990234375,13.155818939208984,37.0,25.0,30.0,66.66666412353516,
2025-12-17,11:00:21.615000,2b,Toxicity,Original,,119.96074676513672,1.9240726232528689,226.48211669921875,0.4076662063598633,0.4836263656616211,0.8118076324462891,11.153897285461426,11.937264442443848,10.740297317504885,0.2347137331962585,0.2720419764518738,0.6092831492424011,7.558289527893066,0.0,0.1877668052911758,8.416349411010742,6.258082389831543,37.0,25.0,30.0,0.0,
2025-12-17,11:00:25.615000,2b,Toxicity,Original,,111.81768798828124,2.661181688308716,297.56719970703125,0.1916200667619705,0.286798357963562,0.859442412853241,11.153897285461426,19.96223258972168,14.28050422668457,0.1945054829120636,0.3420822620391845,0.6104838252067566,7.477956295013428,0.0,0.268299400806427,18.879941940307617,5.914565563201904,37.0,25.0,30.0,88.88888549804688,
2025-12-17,11:00:25.615000,FinePointe Series WBP [SN 139781]  Site 2 Bias Flow is out of range.,,,,,,,,,,,,,,,,,,,,,,,,,
2025-12-17,11:00:27.615000,2b,Toxicity,Original,,100.14885711669922,3.1699509620666504,317.4669494628906,0.1995313614606857,0.2788122594356537,0.8830662369728088,11.153897285461426,20.603500366210938,16.973155975341797,0.2457938194274902,0.3533143699169159,1.013743281364441,133.56585693359375,0.0,0.28666952252388,23.014196395874023,1.887312650680542,37.0,25.0,30.0,75.0,
2025-12-17,11:00:27.615000,FinePointe Series WBP [SN 139781]  Site 4 Bias Flow is out of range.,,,,,,,,,,,,,,,,,,,,,,,,,
2025-12-17,11:00:29.615000,2b,Toxicity,Original,,87.05843353271484,2.161736011505127,189.76361083984372,0.2778207957744598,0.6301532983779907,0.9019005298614502,11.153897285461426,17.55754852294922,9.615347862243652,0.1961713433265686,0.495775818824768,0.3001932799816131,8.675803184509277,0.0,0.3098925054073334,0.0016288023907691,1.2457829713821411,37.0,25.0,30.0,50.0,
2025-12-17,11:00:31.615000,2b,Toxicity,Original,,99.36251831054688,2.143083333969116,211.72442626953125,0.3517191708087921,0.4316429197788238,0.8630660176277161,11.153897285461426,11.918333053588867,10.740867614746094,0.2636029422283172,0.3508133292198181,0.5165266394615173,8.011503219604492,0.0,0.2518854737281799,7.310658931732178,4.381016254425049,37.0,25.0,30.0,0.0,
2025-12-17,11:00:33.615000,2b,Toxicity,Original,,121.32119750976562,1.7100801467895508,207.6892852783203,0.5078262686729431,0.5194330811500549,0.7740004658699036,11.153897285461426,11.279348373413086,11.93973445892334,0.2330947816371917,0.2632966637611389,0.8284978270530701,8.488953590393066,0.0,0.1775219589471817,11.07395839691162,8.57438850402832,37.0,25.0,30.0,0.0,
2025-12-17,11:00:35.615000,2b,Toxicity,Original,,99.0908660888672,2.176319122314453,215.65335083007807,0.2714037597179413,0.3488852977752685,0.856613039970398,11.153897285461426,17.954120635986328,15.213058471679688,0.1782407611608505,0.4272640943527221,0.3429050743579864,10.066079139709473,0.0,0.3195791840553283,7.612364768981934,1.0579649209976196,37.0,25.0,30.0,50.0,
2025-12-17,11:00:35.615000,FinePointe Series WBP [SN 139781]  Site 2 Bias Flow is out of range.,,,,,,,,,,,,,,,,,,,,,,,,,
2025-12-17,11:00:35.615000,FinePointe Series WBP [SN 139781]  Site 4 Bias Flow is out of range.,,,,,,,,,,,,,,,,,,,,,,,,,
2025-12-17,11:00:37.615000,2b,Toxicity,Original,,134.7338104248047,1.5749059915542605,201.2674560546875,0.1634890139102935,0.2875244617462158,0.8886111378669739,11.153897285461426,15.576776504516602,11.036815643310549,0.17134490609169,0.3001990914344787,0.6659880876541138,16.512435913085938,0.0,0.2397713512182235,14.700033187866213,1.9120144844055176,37.0,25.0,30.0,71.42857360839844,
2025-12-17,11:00:41.615000,2b,Toxicity,Original,,104.81945037841795,1.74265718460083,181.19371032714844,0.3297036588191986,0.3602828979492187,0.8823004961013794,11.153897285461426,12.021007537841797,13.006318092346191,0.2086418271064758,0.3660051524639129,0.5421798229217529,18.93525505065918,0.0,0.2736596167087555,8.040752410888672,2.0550217628479004,37.0,25.0,30.0,77.77777862548828,
2025-12-17,11:00:43.615000,2b,Toxicity,Original,,117.3110122680664,1.9587260484695437,229.902099609375,0.2056208699941635,0.2582747936248779,0.8668429255485535,11.153897285461426,13.89067554473877,11.799588203430176,0.2106058299541473,0.301191121339798,0.6899240612983704,65.91938018798828,0.0,0.2442264556884765,19.694311141967773,2.6942152976989746,37.0,25.0,30.0,50.0,
2025-12-17,11:00:45.615000,2b,Toxicity,Original,,111.04296875,1.6791058778762815,186.86053466796875,0.283820241689682,0.2865150868892669,0.870895266532898,11.153897285461426,13.72762680053711,14.720251083374023,0.1876825094223022,0.3612129092216491,0.7500998973846436,20.98843765258789,0.0,0.2877815067768097,17.524219512939453,4.127498149871826,37.0,25.0,30.0,0.0,
2025-12-17,11:00:45.615000,FinePointe Series WBP [SN 139781]  Site 2 Bias Flow is out of range.,,,,,,,,,,,,,,,,,,,,,,,,,
2025-12-17,11:00:45.615000,FinePointe Series WBP [SN 139781]  Site 4 Bias Flow is out of range.,,,,,,,,,,,,,,,,,,,,,,,,,
2025-12-17,11:00:47.615000,2b,Toxicity,Original,,104.50067138671876,1.932974338531494,201.91798400878903,0.2489642947912216,0.2984281778335571,0.8832522630691528,11.153897285461426,15.778005599975586,15.030755996704102,0.1879852712154388,0.3868657648563385,0.7306700944900513,7.942092895507812,0.0,0.3015657663345337,12.375112533569336,2.937904357910156,37.0,25.0,30.0,0.0,
2025-12-17,11:00:49.615000,2b,Toxicity,Original,,84.43476867675781,1.8970930576324463,160.1806182861328,0.5452845692634583,0.7967281937599182,0.902962863445282,11.153897285461426,12.113587379455566,10.430167198181152,0.2543320655822754,0.4562757015228271,0.3532220423221588,6.858791351318359,0.0,0.2580536305904388,,,37.0,25.0,30.0,50.0,
2025-12-17,11:00:51.615000,2b,Toxicity,Original,,108.3734130859375,2.045317411422729,220.40206909179688,0.4200418591499328,0.4988409876823425,0.8389670848846436,11.153897285461426,12.19404411315918,10.589241981506348,0.2506275475025177,0.3053078055381775,0.5475323796272278,8.387170791625977,0.0,0.2085412740707397,6.3644232749938965,4.27098560333252,37.0,25.0,30.0,33.33333206176758,
2025-12-17,11:00:53.615000,2b,Toxicity,Original,,122.307373046875,1.8746808767318728,229.01809692382807,0.4773217439651489,0.472426027059555,0.795600175857544,11.153897285461426,11.015430450439451,11.49889850616455,0.2333370596170425,0.2595266103744507,0.7022108435630798,8.036781311035156,0.0,0.1807829588651657,6.947096824645996,3.984900951385498,37.0,25.0,30.0,0.0,
2025-12-17,11:00:55.615000,2b,Toxicity,Original,,119.00872039794922,2.012209892272949,239.47052001953125,0.2685275375843048,0.2819555699825287,0.8219873905181885,11.153897285461426,13.300135612487791,13.807296752929688,0.2681514024734497,0.2360133528709411,0.5443704128265381,77.70343780517578,0.0,0.2028441727161407,25.742412567138672,2.60059666633606,37.0,25.0,30.0,66.66666412353516,
2025-12-17,11:00:55.615000,FinePointe Series WBP [SN 139781]  Site 2 Bias Flow is out of range.,,,,,,,,,,,,,,,,,,,,,,,,,
2025-12-17,11:00:55.615000,FinePointe Series WBP [SN 139781]  Site 4 Bias Flow is out of range.,,,,,,,,,,,,,,,,,,,,,,,,,
2025-12-17,11:00:57.615000,2b,Toxicity,Original,,138.19053649902344,1.5420317649841309,211.28021240234372,0.2958177626132965,0.3874957263469696,0.8781064748764038,11.153897285461426,15.636314392089844,11.829809188842772,0.1618640571832656,0.2763855159282684,0.7226773500442505,9.708773612976074,0.0,0.2075721174478531,16.60388946533203,7.204983711242676,37.0,25.0,30.0,57.14285659790039,
2025-12-17,11:00:59.615000,2b,Toxicity,Original,,100.42692565917967,1.68361234664917,169.00302124023438,0.2490138411521911,0.3037700057029724,0.9093970060348512,11.153897285461426,13.026737213134766,12.4961519241333,0.2039297521114349,0.3960571885108948,0.5913410782814026,8.557414054870605,0.0,0.3090928792953491,2.955074548721313,,37.0,25.0,30.0,66.66666412353516,
2025-12-17,11:01:01.615000,2b,Toxicity,Original,,101.8165054321289,2.5006332397460938,254.60574340820312,0.3423521220684051,0.3694182634353637,0.8618684411048889,11.153897285461426,12.173606872558594,11.664230346679688,0.2853047251701355,0.3039907217025757,0.5971586108207703,8.80953598022461,0.0,0.2271276414394378,5.47904109954834,1.0463043451309204,37.0,25.0,30.0,75.0,
2025-12-17,11:01:03.615000,2b,Toxicity,Original,,101.0176773071289,1.9489448070526123,197.00265502929688,0.4190483689308166,0.4754829108715057,0.7818026542663574,11.153897285461426,11.387458801269531,10.199819564819336,0.2462793588638305,0.3476859927177429,0.6120205521583557,7.24195384979248,0.0,0.2399104982614517,6.169161796569824,5.17581844329834,37.0,25.0,30.0,0.0,
2025-12-17,11:01:05.615000,2b,Toxicity,Original,,114.90966796875,1.596498966217041,182.75473022460935,0.5163169503211975,0.5207586288452148,0.8614952564239502,11.153897285461426,10.63742446899414,12.326263427734377,0.2281696796417236,0.2949232459068298,0.7325679063796997,8.575998306274414,0.0,0.1987954974174499,10.655397415161133,6.424666404724121,37.0,25.0,30.0,50.0,
2025-12-17,11:01:05.615000,FinePointe Series WBP [SN 139781]  Site 2 Bias Flow is out of range.,,,,,,,,,,,,,,,,,,,,,,,,,
2025-12-17,11:01:05.615000,FinePointe Series WBP [SN 139781]  Site 4 Bias Flow is out of range.,,,,,,,,,,,,,,,,,,,,,,,,,
2025-12-17,11:01:09.615000,2b,Toxicity,Original,,200.4484405517578,1.0182095766067505,200.46514892578125,0.34596648812294,0.4584308862686157,0.7870428562164307,11.153897285461426,12.729740142822266,10.069660186767578,0.1409817337989807,0.1645517647266388,0.7134316563606262,6.304148674011231,0.0,0.1153403148055076,9.020116806030272,10.687200546264648,37.0,25.0,30.0,80.0,
2025-12-17,11:01:11.615000,2b,Toxicity,Original,,122.47675323486328,1.908071756362915,230.17877197265625,0.1907251924276352,0.3120681047439575,0.8827614188194275,11.153897285461426,18.146114349365234,12.062280654907228,0.1731389760971069,0.3230765461921692,0.4423747658729553,15.906063079833984,0.0,0.251468688249588,11.153942108154297,4.349357604980469,37.0,25.0,30.0,33.33333206176758,
2025-12-17,11:01:13.615000,2b,Toxicity,Original,,50.62907791137695,7.076943397521973,358.2991027832031,1.6373182535171509,1.4864709377288818,0.0369548164308071,11.153897285461426,30.666378021240234,22.74740982055664,0.4274077117443084,0.7576820254325867,1.0589572191238403,4.930694580078125,0.0,0.3118123710155487,,20.84297561645508,37.0,25.0,30.0,75.0,
2025-12-17,11:01:15.615000,2b,Toxicity,Original,,121.14094543457033,1.5554916858673096,180.39437866210935,0.1695517599582672,0.3288497924804687,0.9097977876663208,11.153897285461426,14.219870567321776,7.834153175354004,0.1620037406682968,0.3418132364749908,0.2748808562755584,8.214771270751953,0.0,0.2622268199920654,,,37.0,25.0,30.0,60.0,
2025-12-17,11:01:15.615000,FinePointe Series WBP [SN 139781]  Site 2 Bias Flow is out of range.,,,,,,,,,,,,,,,,,,,,,,,,,
2025-12-17,11:01:17.615000,2b,Toxicity,Original,,96.6785125732422,1.8051044940948489,167.4244384765625,0.2920449376106262,0.4202101230621338,0.8793162107467651,11.153897285461426,13.166346549987791,10.658269882202148,0.2235378623008728,0.4299300909042358,0.7068206667900085,9.779019355773926,0.0,0.3015316724777221,29.22495460510254,7.013718605041504,37.0,25.0,30.0,50.0,
2025-12-17,11:01:17.615000,FinePointe Series WBP [SN 139781]  Site 4 Bias Flow is out of range.,,,,,,,,,,,,,,,,,,,,,,,,,
2025-12-17,11:01:19.615000,2b,Toxicity,Original,,101.36827087402344,2.113046407699585,213.76165771484372,0.3338723182678222,0.4330871999263763,0.8509534597396851,11.153897285461426,12.630204200744627,10.91884422302246,0.2535521686077118,0.3418048024177551,0.4211397767066955,8.464457511901855,0.0,0.2439695000648498,6.301569938659668,3.820305824279785,37.0,25.0,30.0,0.0,
2025-12-17,11:01:21.615000,2b,Toxicity,Original,,113.22058868408205,1.9914319515228271,225.3200225830078,0.4180477857589721,0.5010713338851929,0.807650625705719,11.153897285461426,12.400938034057615,10.437000274658203,0.2435677349567413,0.2866696417331695,0.5820238590240479,6.90094518661499,0.0,0.1952946186065673,2.650128126144409,4.5868120193481445,37.0,25.0,30.0,0.0,
2025-12-17,11:01:23.615000,2b,Toxicity,Original,,111.7438507080078,2.0734763145446777,230.2324676513672,0.2527129352092743,0.3618563413619995,0.8766651749610901,11.153897285461426,14.64236831665039,10.945253372192385,0.206953763961792,0.3350999355316162,0.3928346633911133,8.497516632080078,0.0,0.2521951794624328,10.47404670715332,0.968735933303833,37.0,25.0,30.0,50.0,
2025-12-17,11:01:25.615000,2b,Toxicity,Original,,138.72499084472656,1.627539873123169,207.20013427734372,0.2510223984718323,0.3336819410324096,0.8887521028518677,11.153897285461426,12.947092056274414,9.71550178527832,0.1827542185783386,0.2596805989742279,0.3667367100715637,18.729320526123047,0.0,0.2039584964513778,8.224090576171875,0.6798184514045715,37.0,25.0,30.0,60.0,
2025-12-17,11:01:25.615000,FinePointe Series WBP [SN 139781]  Site 2 Bias Flow is out of range.,,,,,,,,,,,,,,,,,,,,,,,,,
2025-12-17,11:01:25.615000,FinePointe Series WBP [SN 139781]  Site 4 Bias Flow is out of range.,,,,,,,,,,,,,,,,,,,,,,,,,
2025-12-17,11:01:31.615000,2b,Toxicity,Original,,102.79164123535156,2.16606879234314,221.99832153320312,0.2983589768409729,0.405615746974945,0.8253628015518188,11.153897285461426,12.097299575805664,9.898112297058104,0.2600566148757934,0.3245428800582886,0.5271440148353577,9.059319496154783,0.0,0.2361795306205749,10.709039688110352,4.074901580810547,37.0,25.0,30.0,83.33333587646484,
2025-12-17,11:01:33.615000,2b,Toxicity,Original,,124.86082458496094,1.6017394065856934,197.38092041015625,0.3900469839572906,0.402488112449646,0.8457497358322144,11.153897285461426,11.131220817565918,12.026657104492188,0.2139641791582107,0.2726921141147613,0.605393648147583,9.711082458496094,0.0,0.1984561383724212,12.11370849609375,3.749833106994629,37.0,25.0,30.0,0.0,
2025-12-17,11:01:35.615000,2b,Toxicity,Original,,140.98770141601562,1.2844221591949463,163.3907470703125,0.4202873110771179,0.5127171277999878,0.552358090877533,11.153897285461426,11.639759063720703,11.234516143798828,0.1659669280052185,0.3044224679470062,0.5520957708358765,6.493642807006836,0.0,0.222688153386116,13.311079978942873,6.197325229644775,37.0,25.0,30.0,71.42857360839844,
2025-12-17,11:01:35.615000,FinePointe Series WBP [SN 139781]  Site 2 Bias Flow is out of range.,,,,,,,,,,,,,,,,,,,,,,,,,
2025-12-17,11:01:35.615000,FinePointe Series WBP [SN 139781]  Site 4 Bias Flow is out of range.,,,,,,,,,,,,,,,,,,,,,,,,,
2025-12-17,11:01:39.615000,2b,Toxicity,Original,,90.56171417236328,2.4643197059631348,223.17303466796875,0.3694524765014648,0.9111348986625672,0.9418231248855592,11.153897285461426,17.285465240478516,7.931673526763916,0.2250821739435196,0.4374494254589081,0.2248900532722473,6.340738773345947,0.0,0.2320301532745361,,,37.0,25.0,30.0,83.33333587646484,
2025-12-17,11:01:41.615000,2b,Toxicity,Original,,127.58250427246094,2.122810125350952,260.7593994140625,0.3541837930679321,0.5168589353561401,0.7641924619674683,11.153897285461426,15.325488090515137,10.574527740478516,0.2032136619091034,0.3104004263877868,0.6349533796310425,14.07798957824707,0.0,0.2169893085956573,6.586724281311035,33.42373275756836,37.0,25.0,30.0,66.66666412353516,
2025-12-17,11:01:43.615000,2b,Toxicity,Original,,154.770751953125,1.7022656202316284,263.4609375,0.2481153160333633,0.4761413037776947,0.8804504871368408,11.153897285461426,16.351293563842773,9.762760162353516,0.160513699054718,0.2271564304828643,0.5813347697257996,10.076684951782228,0.0,0.156822383403778,13.342606544494627,3.2849225997924805,37.0,25.0,30.0,50.0,
2025-12-17,11:01:45.615000,2b,Toxicity,Original,,91.31471252441406,2.2399792671203613,201.92221069335935,0.2859594523906708,0.4745216965675354,0.8545830249786377,11.153897285461426,13.025163650512695,9.037060737609863,0.2559475898742676,0.4103504717350006,0.4578060805797577,7.189938545227051,3.638223886489868,0.2853821516036987,3.592517614364624,4.697535037994385,37.0,25.0,30.0,33.33333206176758,
2025-12-17,11:01:45.615000,FinePointe Series WBP [SN 139781]  Site 2 Bias Flow is out of range.,,,,,,,,,,,,,,,,,,,,,,,,,
2025-12-17,11:01:45.615000,FinePointe Series WBP [SN 139781]  Site 4 Bias Flow is out of range.,,,,,,,,,,,,,,,,,,,,,,,,,
2025-12-17,11:01:47.615000,2b,Toxicity,Original,,108.98802947998048,1.8514134883880613,200.9855194091797,0.412132203578949,0.4522245526313782,0.8207014203071594,11.153897285461426,11.489359855651855,11.643524169921877,0.2366810292005539,0.3151361346244812,0.7080845236778259,8.521735191345215,0.0,0.2222814559936523,9.66048526763916,4.850036144256592,37.0,25.0,30.0,0.0,
2025-12-17,11:01:49.615000,2b,Toxicity,Original,,186.1195526123047,1.3111987113952637,197.3909912109375,0.3014547228813171,0.4153704047203064,0.8659200668334961,11.153897285461426,11.862747192382812,9.58970546722412,0.1584291905164718,0.212279811501503,0.5108335018157959,9.836662292480469,0.0,0.1532235443592071,11.897994041442873,2.943676471710205,37.0,25.0,30.0,0.0,
2025-12-17,11:01:51.615000,2b,Toxicity,Original,,173.0889892578125,1.2838674783706665,208.1336975097656,0.373234748840332,0.5318312048912048,0.8407422304153442,11.153897285461426,12.70173454284668,9.362678527832031,0.1528121829032898,0.2179435491561889,0.6075034141540527,6.311705589294434,0.0,0.1469453424215316,10.094867706298828,18.08602905273437,37.0,25.0,30.0,71.42857360839844,
2025-12-17,11:01:53.615000,2b,Toxicity,Original,,143.90280151367188,1.286986231803894,185.200927734375,0.2454134821891784,0.3805945217609405,0.9039270281791688,11.153897285461426,10.4497652053833,8.07785415649414,0.1890535801649093,0.2278944998979568,0.2277015894651413,6.8743157386779785,0.0,0.1682120114564895,1.7071478366851809,1.093720316886902,37.0,25.0,30.0,66.66666412353516,
2025-12-17,11:01:55.615000,2b,Toxicity,Original,,88.95732879638672,2.1925272941589355,195.12939453125,0.1711678802967071,0.2408637702465057,0.921262502670288,11.153897285461426,13.885656356811523,12.101540565490724,0.2351980209350586,0.4395590126514435,0.4614561796188354,15.517187118530272,0.0,0.362329363822937,,,37.0,25.0,30.0,60.0,
2025-12-17,11:01:55.615000,FinePointe Series WBP [SN 139781]  Site 2 Bias Flow is out of range.,,,,,,,,,,,,,,,,,,,,,,,,,
2025-12-17,11:01:55.615000,FinePointe Series WBP [SN 139781]  Site 4 Bias Flow is out of range.,,,,,,,,,,,,,,,,,,,,,,,,,
2025-12-17,11:01:57.615000,2b,Toxicity,Original,,80.59304809570312,2.445087432861328,195.15155029296875,0.2229065597057342,0.3009003400802612,0.9110349416732788,11.153897285461426,13.222549438476562,12.085105895996094,0.2619008719921112,0.4938701391220093,0.2724578380584717,9.702292442321776,0.0,0.3868060111999511,4.546239376068115,,37.0,25.0,30.0,50.0,
2025-12-17,11:01:59.615000,2b,Toxicity,Original,,92.40792846679688,2.095808744430542,191.98179626464844,0.4198300540447235,0.4504611492156982,0.7722206711769104,11.153897285461426,11.31468391418457,11.194059371948242,0.2674189805984497,0.3872456550598144,0.4726250171661377,6.416234970092773,0.0,0.2771043479442596,5.64634895324707,10.733595848083496,37.0,25.0,30.0,0.0,
2025-12-17,11:02:01.615000,2b,Toxicity,Original,,112.94920349121094,1.695928931236267,191.6143798828125,0.4153963625431061,0.479795902967453,0.8524811863899231,11.153897285461426,11.335444450378418,11.078442573547363,0.2307531535625457,0.3013580739498138,0.5611274242401123,7.412908554077148,0.0,0.2083136439323425,5.795534610748291,5.7456135749816895,37.0,25.0,30.0,40.0,
2025-12-17,11:02:03.615000,2b,Toxicity,Original,,89.94365692138672,2.3525867462158203,211.60025024414065,0.2527389824390411,0.3638626337051391,0.907628893852234,11.153897285461426,14.509601593017578,12.668606758117676,0.2285790741443634,0.4385052323341369,0.9050490856170654,37.664306640625,0.0,0.3354724645614624,25.26272201538086,4.021090507507324,37.0,25.0,30.0,66.66666412353516,
2025-12-17,11:02:05.615000,2b,Toxicity,Original,,161.77476501464844,1.3899495601654053,224.8587646484375,0.3768625259399414,0.5862739086151123,0.8356981873512268,11.153897285461426,13.251139640808104,8.919113159179688,0.1674633026123047,0.203422725200653,0.5635706186294556,8.093184471130371,0.0,0.1310061514377594,8.121447563171387,7.378122329711914,37.0,25.0,30.0,87.5,
2025-12-17,11:02:05.615000,FinePointe Series WBP [SN 139781]  Site 2 Bias Flow is out of range.,,,,,,,,,,,,,,,,,,,,,,,,,
2025-12-17,11:02:05.615000,FinePointe Series WBP [SN 139781]  Site 4 Bias Flow is out of range.,,,,,,,,,,,,,,,,,,,,,,,,,
2025-12-17,11:02:09.615000,2b,Toxicity,Original,,124.86843872070312,1.8940637111663816,212.7998046875,0.2844316959381103,0.3703458309173584,0.8823351263999939,11.153897285461426,13.5630521774292,12.58690357208252,0.2077181935310363,0.3125312626361847,0.6292580366134644,10.644071578979492,0.0,0.2289114743471145,11.452542304992676,4.506324768066406,37.0,25.0,30.0,75.0,
2025-12-17,11:02:11.615000,2b,Toxicity,Original,,148.0395965576172,1.6522631645202637,244.60037231445312,0.378136396408081,0.5297181010246277,0.8218553066253662,11.153897285461426,12.327457427978516,9.612178802490234,0.2008814215660095,0.2044155448675155,0.4249685108661651,6.840119361877441,0.0,0.1367706358432769,7.792765140533447,7.969296455383301,37.0,25.0,30.0,83.33333587646484,
2025-12-17,11:02:13.615000,2b,Toxicity,Original,,126.59188079833984,1.740937113761902,220.38851928710935,0.3912214338779449,0.4408492743968963,0.8555381894111633,11.153897285461426,13.95441722869873,13.49113941192627,0.2027897089719772,0.2711743414402008,0.7225826382637024,6.540318012237549,0.0,0.1916390210390091,8.607563972473145,2.9761922359466557,37.0,25.0,30.0,66.66666412353516,
2025-12-17,11:02:15.615000,2b,Toxicity,Original,,89.71151733398438,2.407989740371704,216.0244140625,0.1476947963237762,0.2687292695045471,0.9264512658119202,11.153897285461426,14.957771301269531,10.18222427368164,0.2694370746612549,0.3993734121322632,0.529232919216156,7.38714075088501,0.0,0.3197876214981079,,,37.0,25.0,30.0,75.0,
2025-12-17,11:02:15.615000,FinePointe Series WBP [SN 139781]  Site 2 Bias Flow is out of range.,,,,,,,,,,,,,,,,,,,,,,,,,
2025-12-17,11:02:17.615000,2b,Toxicity,Original,,127.19418334960938,1.81793212890625,226.47296142578125,0.2233242392539978,0.3138920068740845,0.8842488527297974,11.153897285461426,14.549355506896973,11.203834533691406,0.1877371668815612,0.2953835725784302,0.4514889419078827,7.180496692657471,0.0,0.2295065820217132,6.679728031158447,0.5874102115631104,37.0,25.0,30.0,71.42857360839844,
2025-12-17,11:02:17.615000,FinePointe Series WBP [SN 139781]  Site 4 Bias Flow is out of range.,,,,,,,,,,,,,,,,,,,,,,,,,
2025-12-17,11:02:19.615000,2b,Toxicity,Original,,68.68949127197266,1.9061298370361328,130.93109130859375,1.056738257408142,1.389256715774536,0.6451467871665955,11.153897285461426,13.43455982208252,12.358769416809082,0.1883807182312011,0.685115396976471,0.341023176908493,130.7183380126953,186.01934814453125,0.2880237698554992,18.25959587097168,8.446823120117188,37.0,25.0,30.0,50.0,
2025-12-17,11:02:21.615000,2b,Toxicity,Original,,77.29925537109375,1.3010573387145996,100.57076263427734,0.6440207958221436,1.240381121635437,0.9540541768074036,11.153897285461426,11.48428726196289,8.079482078552246,0.2437395453453064,0.5324645042419434,0.1311433613300323,10.150588035583496,0.0,0.2405173629522323,,,37.0,25.0,30.0,66.66666412353516,
2025-12-17,11:02:23.615000,2b,Toxicity,Original,,103.6047821044922,2.1924569606781006,225.28277587890625,0.3011055588722229,0.3343662023544311,0.8573397397994995,11.153897285461426,12.195556640625,11.291412353515623,0.2494199573993683,0.3324486017227173,0.4936324059963226,8.239371299743652,0.0,0.2530806958675384,3.715451717376709,1.3206056356430054,37.0,25.0,30.0,66.66666412353516,
2025-12-17,11:02:25.615000,2b,Toxicity,Original,,114.83478546142578,1.5920507907867432,181.95501708984372,0.4801431000232696,0.5089955925941467,0.8215174078941345,11.153897285461426,10.588122367858888,10.775168418884276,0.2215470820665359,0.3025044202804565,0.5755385756492615,6.976661205291748,0.0,0.2046755999326706,4.68129825592041,6.0076518058776855,37.0,25.0,30.0,0.0,
2025-12-17,11:02:25.615000,FinePointe Series WBP [SN 139781]  Site 2 Bias Flow is out of range.,,,,,,,,,,,,,,,,,,,,,,,,,
2025-12-17,11:02:27.615000,2b,Toxicity,Original,,111.77218627929688,1.706287503242493,190.51104736328125,0.3612276911735534,0.4906601309776306,0.8406599164009094,11.153897285461426,10.956465721130373,9.36781406402588,0.2306042462587356,0.3079133033752441,0.5818639993667603,7.549150466918945,0.0,0.211331158876419,6.555171012878418,5.586416721343994,37.0,25.0,30.0,20.0,
2025-12-17,11:02:27.615000,FinePointe Series WBP [SN 139781]  Site 4 Bias Flow is out of range.,,,,,,,,,,,,,,,,,,,,,,,,,
2025-12-17,11:02:29.615000,2b,Toxicity,Original,,288.9371643066406,0.7550109028816223,218.15069580078125,0.3334559798240661,0.4333173036575317,0.7743610739707947,11.153897285461426,10.092212677001951,7.938375473022461,0.1146777272224426,0.0929798781871795,0.5992762446403503,7.0469889640808105,0.0,0.0664345026016235,19.346677780151367,9.246297836303713,37.0,25.0,30.0,87.5,
2025-12-17,11:02:31.615000,2b,Toxicity,Original,,226.12608337402344,0.8956310153007507,190.74549865722656,0.5079914927482605,0.5992981791496277,0.6677747964859009,11.153897285461426,11.212413787841797,10.710748672485352,0.1210537403821945,0.1507507413625717,0.5869632959365845,10.392091751098633,0.0,0.0983456298708915,13.524370193481444,9.676748275756836,37.0,25.0,30.0,66.66666412353516,
2025-12-17,11:02:33.615000,2b,Toxicity,Original,,403.8514099121094,0.4050473868846893,163.57896423339844,0.4922087788581848,0.4923800826072693,0.7510201930999756,11.153897285461426,8.456517219543457,8.854762077331543,0.0766672939062118,0.0719021931290626,0.686872661113739,5.965466499328613,0.0,0.0488888919353485,18.9985466003418,10.4075345993042,37.0,25.0,30.0,85.71428680419922,
2025-12-17,11:02:33.615000,FinePointe Series WBP [SN 139781]  Site 2 Bias Flow is out of range.,,,,,,,,,,,,,,,,,,,,,,,,,
2025-12-17,11:02:37.615000,2b,Toxicity,Original,,121.96503448486328,3.459190845489502,401.9505310058594,0.7043619751930237,0.8948675394058228,0.5058282613754272,11.153897285461426,22.862525939941406,17.108304977416992,0.241555243730545,0.2888160347938537,1.2115250825881958,12.794598579406738,0.0,0.1469384431838989,11.147135734558104,14.426570892333984,37.0,25.0,30.0,83.33333587646484,
2025-12-17,11:02:37.615000,FinePointe Series WBP [SN 139781]  Site 4 Bias Flow is out of range.,,,,,,,,,,,,,,,,,,,,,,,,,
2025-12-17,11:02:39.615000,2b,Toxicity,Original,,109.06428527832033,2.698338270187378,293.23736572265625,0.5632025003433228,0.9033347368240356,0.4935318827629089,11.153897285461426,15.990320205688477,8.62751579284668,0.273509681224823,0.2783032655715942,0.7331331372261047,5.505599021911621,0.0,0.1485790908336639,6.999695777893066,11.207612037658691,37.0,25.0,30.0,50.0,
2025-12-17,11:02:41.615000,2b,Toxicity,Original,,102.45697784423828,1.2668826580047607,129.80096435546875,0.3717056214809418,0.2580617070198059,0.8572719097137451,11.153897285461426,9.90523910522461,15.080801010131836,0.2123345136642456,0.3732771277427673,0.909548044204712,20.07685089111328,0.0,0.2997914552688598,,,37.0,25.0,30.0,0.0,
2025-12-17,11:02:43.615000,2b,Toxicity,Original,,138.90455627441406,2.658901691436768,370.1832885742188,0.4052505493164062,0.6258959174156189,0.6708263158798218,11.153897285461426,19.56028175354004,12.743074417114258,0.2316436320543289,0.2003743052482605,0.904042422771454,26.642133712768555,0.0,0.1246903538703918,18.069900512695312,9.585649490356444,37.0,25.0,30.0,66.66666412353516,
2025-12-17,11:02:45.615000,2b,Toxicity,Original,,76.17162322998047,1.5355453491210938,116.96498107910156,1.0049169063568115,1.1600605249404907,0.4665910005569458,11.153897285461426,13.203868865966797,9.38072395324707,0.1961704343557357,0.5915244817733765,0.6172693967819214,8.905844688415527,109.423583984375,0.2774945497512817,,31.02313804626465,37.0,25.0,30.0,50.0,
2025-12-17,11:02:45.615000,FinePointe Series WBP [SN 139781]  Site 2 Bias Flow is out of range.,,,,,,,,,,,,,,,,,,,,,,,,,
2025-12-17,11:02:47.615000,2b,Toxicity,Original,,130.9559783935547,1.5816844701766968,207.13104248046875,0.4615125060081482,1.0891071557998655,0.4942246377468109,11.153897285461426,18.071332931518555,7.626294136047363,0.174897238612175,0.2832719981670379,0.5955972075462341,10.196796417236328,100.63488006591795,0.1414814293384552,11.678011894226074,35.29618453979492,37.0,25.0,30.0,85.71428680419922,
2025-12-17,11:02:47.615000,FinePointe Series WBP [SN 139781]  Site 4 Bias Flow is out of range.,,,,,,,,,,,,,,,,,,,,,,,,,
2025-12-17,11:02:49.615000,2b,Toxicity,Original,,101.00313568115234,2.944758892059326,297.42987060546875,0.8094300031661987,1.0904486179351809,0.1543178111314773,11.153897285461426,18.402847290039062,11.865891456604004,0.2311535030603408,0.3628874719142914,0.877134382724762,7.255104064941406,0.0,0.1766186505556106,5.614162921905518,13.919605255126951,37.0,25.0,30.0,87.5,
2025-12-17,11:02:53.615000,2b,Toxicity,Original,,160.43150329589844,1.5268274545669556,219.23635864257807,0.2614937722682953,0.315990149974823,0.8326308131217957,11.153897285461426,13.18267822265625,11.300616264343262,0.1837184876203537,0.2304103523492813,0.6893185973167419,68.66923522949219,0.0,0.1858025640249252,26.6679801940918,6.307474136352539,37.0,25.0,30.0,55.55555725097656,
2025-12-17,11:02:55.615000,2b,Toxicity,Original,,184.71812438964844,1.3967186212539673,249.54534912109372,0.6771816611289978,0.7080866098403931,0.7263823747634888,11.153897285461426,15.107685089111328,11.02336883544922,0.1383118480443954,0.1886782646179199,0.6978986263275146,9.314014434814451,13.273730278015137,0.11455849558115,10.40877628326416,12.471501350402832,37.0,25.0,30.0,60.0,
2025-12-17,11:02:55.615000,FinePointe Series WBP [SN 139781]  Site 2 Bias Flow is out of range.,,,,,,,,,,,,,,,,,,,,,,,,,
2025-12-17,11:02:55.615000,FinePointe Series WBP [SN 139781]  Site 4 Bias Flow is out of range.,,,,,,,,,,,,,,,,,,,,,,,,,
2025-12-17,11:02:57.615000,2b,Toxicity,Original,,228.6037139892578,0.96110200881958,219.71148681640625,0.3933848440647125,0.7351561188697815,0.483005166053772,11.153897285461426,15.900327682495115,8.631794929504395,0.1133962050080299,0.1490667313337326,0.7446330785751343,15.611648559570312,0.0,0.0890816003084182,20.248851776123047,34.7307014465332,37.0,25.0,30.0,83.33333587646484,
2025-12-17,11:02:59.615000,2b,Toxicity,Original,,150.2304229736328,1.8873569965362549,289.2406921386719,1.0530452728271484,1.231800556182861,0.284226655960083,11.153897285461426,16.722265243530273,12.407819747924805,0.1905492544174194,0.2117655575275421,1.0657356977462769,16.301523208618164,45.67879104614258,0.1006489023566246,16.253253936767578,24.10335922241211,37.0,25.0,30.0,75.0,
2025-12-17,11:02:59.615000,FinePointe Series WBP [SN 10499C]  Site 2 Bias Flow is out of range.,,,,,,,,,,,,,,,,,,,,,,,,,
2025-12-17,11:03:05.615000,2b,Toxicity,Original,,96.30813598632812,1.7989033460617063,174.70748901367188,0.345366358757019,0.514217734336853,0.8166844248771667,11.153897285461426,12.558698654174805,9.147976875305176,0.2228033244609832,0.4034582078456878,0.6692295074462891,6.376306533813477,0.0,0.2815145850181579,5.351580619812012,8.151092529296875,37.0,25.0,30.0,88.88888549804688,
2025-12-17,11:03:05.615000,FinePointe Series WBP [SN 139781]  Site 2 Bias Flow is out of range.,,,,,,,,,,,,,,,,,,,,,,,,,
2025-12-17,11:03:05.615000,FinePointe Series WBP [SN 139781]  Site 4 Bias Flow is out of range.,,,,,,,,,,,,,,,,,,,,,,,,,
2025-12-17,11:03:07.615000,2b,Toxicity,Original,,98.17356872558594,2.260680913925171,221.9391021728516,1.0566297769546509,1.5291104316711426,0.2095178961753845,11.153897285461426,16.73711585998535,9.795146942138672,0.2293335199356079,0.3818289637565613,0.7585729956626892,8.396441459655762,0.0,0.1542914658784866,5.84304141998291,21.13518714904785,37.0,25.0,30.0,66.66666412353516,
2025-12-17,11:03:09.615000,2b,Toxicity,Original,,126.3417739868164,2.666959285736084,312.4071655273437,0.8224142789840698,0.9237287044525146,0.2967202663421631,11.153897285461426,17.149641036987305,15.04249382019043,0.2819498777389526,0.2197572588920593,0.8862900733947754,8.953426361083984,5.315227508544922,0.1161832362413406,17.44200897216797,10.619696617126465,37.0,25.0,30.0,50.0,
2025-12-17,11:03:11.615000,2b,Toxicity,Original,,104.16483306884766,2.2614235877990723,235.5608062744141,0.2408824115991592,0.2685970067977905,0.8100626468658447,11.153897285461426,19.844745635986328,20.13866233825684,0.2254199832677841,0.350590169429779,1.4453160762786863,105.743408203125,0.0,0.2821486592292785,32.874759674072266,,37.0,25.0,30.0,75.0,
2025-12-17,11:03:13.615000,2b,Toxicity,Original,,62.4011344909668,1.7811771631240845,111.14747619628906,1.219472050666809,1.0652800798416138,0.9554443955421448,11.153897285461426,13.171990394592283,11.651840209960938,0.2477170377969741,0.7138039469718933,0.3808924257755279,5.635426044464111,0.0,0.3504491746425628,,2.5958404541015625,37.0,25.0,30.0,75.0,
2025-12-17,11:03:15.615000,2b,Toxicity,Original,,81.05267333984375,2.7182488441467285,220.3213348388672,0.1658099740743637,0.38304004073143,0.7225924134254456,11.153897285461426,14.82992172241211,6.455725193023682,0.286338210105896,0.4539211690425873,0.5020947456359863,8.99406623840332,0.0,0.3326797187328338,11.573488235473633,7.336735725402832,37.0,25.0,30.0,80.0,
2025-12-17,11:03:17.615000,2b,Toxicity,Original,,103.78687286376952,2.057380437850952,212.6842803955078,0.3916859030723572,0.4442105591297149,0.8584826588630676,11.153897285461426,12.633485794067385,11.94467544555664,0.2481646835803985,0.3360522389411926,0.6540269255638123,7.360129356384277,0.0,0.2364968061447143,8.160310745239258,2.9540839195251465,37.0,25.0,30.0,0.0,
2025-12-17,11:03:17.615000,FinePointe Series WBP [SN 139781]  Site 2 Bias Flow is out of range.,,,,,,,,,,,,,,,,,,,,,,,,,
2025-12-17,11:03:17.615000,FinePointe Series WBP [SN 139781]  Site 4 Bias Flow is out of range.,,,,,,,,,,,,,,,,,,,,,,,,,
2025-12-17,11:03:19.615000,2b,Toxicity,Original,,229.1794891357422,0.8072044849395752,184.9947052001953,0.3196651041507721,0.5142683386802673,0.8419150114059448,11.153897285461426,11.31185817718506,7.07652759552002,0.105018101632595,0.1567854285240173,0.4762962758541107,4.480746269226074,0.0,0.1043846830725669,10.062246322631836,3.840059995651245,37.0,25.0,30.0,80.0,
2025-12-17,11:03:23.615000,2b,Toxicity,Original,,180.25970458984372,0.569686233997345,100.5332489013672,0.2685012817382812,0.3563417494297027,0.7514729499816895,11.153897285461426,10.702022552490234,8.614535331726074,0.147926464676857,0.1886195540428161,0.7294377684593201,21.76785659790039,0.0,0.1447986364364624,20.4872989654541,7.569180011749268,37.0,25.0,30.0,90.0,
2025-12-17,11:03:25.615000,2b,Toxicity,Original,,164.38919067382812,1.5430192947387695,210.502685546875,0.3482856154441833,0.4269305169582367,0.8270915746688843,11.153897285461426,12.111331939697266,10.58452606201172,0.1769036650657653,0.2266871631145477,0.6256303787231445,12.25937843322754,0.0,0.161440908908844,15.11369514465332,12.29167652130127,37.0,25.0,30.0,71.42857360839844,
2025-12-17,11:03:25.615000,FinePointe Series WBP [SN 139781]  Site 2 Bias Flow is out of range.,,,,,,,,,,,,,,,,,,,,,,,,,
2025-12-17,11:03:27.615000,2b,Toxicity,Original,,96.9534149169922,1.7096861600875854,165.75990295410156,0.569840133190155,0.5883034467697144,0.8256505131721497,11.153897285461426,9.924126625061035,8.48875617980957,0.248237058520317,0.3706168532371521,0.5267015695571899,5.187497138977051,0.0,0.2368536591529846,0.0329589955508708,24.84585952758789,37.0,25.0,30.0,75.0,
2025-12-17,11:03:27.615000,FinePointe Series WBP [SN 139781]  Site 4 Bias Flow is out of range.,,,,,,,,,,,,,,,,,,,,,,,,,
2025-12-17,11:03:29.615000,2b,Toxicity,Original,,79.76045227050781,2.6602373123168945,211.30128479003903,0.2299575805664062,0.3709704875946045,0.8784750699996948,11.153897285461426,14.127531051635742,11.496597290039062,0.2702699899673462,0.4841627478599548,0.6445106267929077,13.137128829956056,0.0,0.3588384389877319,1.832416296005249,0.105020597577095,37.0,25.0,30.0,50.0,
2025-12-17,11:03:31.615000,2b,Toxicity,Original,,199.11009216308597,1.1843295097351074,166.55506896972656,0.2879042625427246,0.4757417738437652,0.654554545879364,11.153897285461426,11.647974014282228,7.620193004608154,0.1527189016342163,0.2259910553693771,0.5374588966369629,8.483541488647461,0.0,0.1638781279325485,16.022014617919922,9.036561965942385,37.0,25.0,30.0,0.0,
2025-12-17,11:03:33.615000,2b,Toxicity,Original,,152.35678100585938,1.414930820465088,193.8677215576172,0.2496541440486908,0.323779821395874,0.8635938763618469,11.153897285461426,13.416618347167969,12.198214530944824,0.1695114970207214,0.2546655535697937,0.7541648149490356,12.845999717712402,0.0,0.198100596666336,17.328765869140625,6.6385908126831055,37.0,25.0,30.0,40.0,
2025-12-17,11:03:35.615000,2b,Toxicity,Original,,179.00914001464844,1.1573086977005005,189.0812530517578,0.4325136244297027,0.7424463033676147,0.668584406375885,11.153897285461426,11.515377044677734,7.311155319213867,0.1609926223754882,0.1994157433509826,0.4879820942878723,9.799595832824709,0.0,0.1143679618835449,13.496143341064451,9.466784477233888,37.0,25.0,30.0,0.0,
2025-12-17,11:03:35.615000,FinePointe Series WBP [SN 139781]  Site 2 Bias Flow is out of range.,,,,,,,,,,,,,,,,,,,,,,,,,
2025-12-17,11:03:37.615000,2b,Toxicity,Original,,97.3861083984375,2.894249200820923,281.8596496582031,0.1585222482681274,0.3419995009899139,0.8340705633163452,11.153897285461426,18.71843147277832,8.49665355682373,0.2036691755056381,0.4124351441860199,0.3229968547821045,18.928760528564453,5.976170063018799,0.3107306361198425,13.37514305114746,,37.0,25.0,30.0,66.66666412353516,
2025-12-17,11:03:37.615000,FinePointe Series WBP [SN 139781]  Site 4 Bias Flow is out of range.,,,,,,,,,,,,,,,,,,,,,,,,,
2025-12-17,11:03:39.615000,2b,Toxicity,Original,,165.06593322753906,0.4925432503223419,81.30210876464844,0.3461536169052124,0.5650195479393005,0.744063138961792,11.153897285461426,7.019981384277344,5.111376762390137,0.1430797129869461,0.220411404967308,0.4134927690029144,10.391159057617188,0.0,0.1459385603666305,10.218247413635254,32.73405838012695,37.0,25.0,30.0,75.0,
2025-12-17,11:03:41.615000,2b,Toxicity,Original,,295.5765380859375,0.8151506781578064,179.78323364257812,0.7079564332962036,0.7344058156013489,0.7107729911804199,11.153897285461426,11.305912971496582,11.837767601013184,0.1163589358329773,0.1256704479455948,0.6062617301940918,24.59195327758789,16.231182098388672,0.0761685222387313,11.379432678222656,11.441439628601074,37.0,25.0,30.0,76.92308044433594,
2025-12-17,11:03:43.615000,2b,Toxicity,Original,,106.29337310791016,1.7581334114074707,186.8779296875,0.2335316836833953,0.2950752675533294,0.904394268989563,11.153897285461426,18.335773468017575,16.681516647338867,0.1973789185285568,0.3670965135097503,0.2564725577831268,8.779306411743164,0.0,0.2928693890571594,5.740477561950684,,37.0,25.0,30.0,75.0,
2025-12-17,11:03:45.615000,2b,Toxicity,Original,,119.28042602539062,0.8991351127624512,107.24921417236328,0.3699560463428497,0.8152242302894592,0.950549304485321,11.153897285461426,11.090280532836914,5.011861324310303,0.1474324464797973,0.3555838763713836,0.2974940240383148,4.1000823974609375,0.0,0.1977587044239044,10.578869819641112,15.650654792785645,37.0,25.0,30.0,50.0,
2025-12-17,11:03:45.615000,FinePointe Series WBP [SN 139781]  Site 2 Bias Flow is out of range.,,,,,,,,,,,,,,,,,,,,,,,,,
2025-12-17,11:03:47.615000,2b,Toxicity,Original,,125.81617736816406,2.2693042755126958,285.51519775390625,0.3695951700210571,0.475243866443634,0.6607595682144165,11.153897285461426,16.719682693481445,13.084389686584473,0.2256601750850677,0.2512260377407074,0.8179763555526733,21.719463348388672,78.19356536865234,0.1751814037561416,14.244022369384766,,37.0,25.0,30.0,87.5,
2025-12-17,11:03:49.615000,2b,Toxicity,Original,,127.89258575439452,2.313532829284668,297.0858459472656,0.3288340866565704,0.4184514284133911,0.8190587162971497,11.153897285461426,19.124122619628903,16.07870101928711,0.1911170333623886,0.2783195972442627,1.0086787939071655,15.302115440368652,0.0,0.2033666968345642,12.097734451293944,3.890223979949951,37.0,25.0,30.0,40.0,
2025-12-17,11:03:51.615000,2b,Toxicity,Original,,148.6934051513672,2.0128397941589355,299.2960205078125,0.3846352696418762,0.4155512452125549,0.750808596611023,11.153897285461426,19.37143325805664,17.676780700683594,0.2037302702665329,0.1997846066951751,1.088692307472229,25.70252990722656,0.0,0.1439125537872314,16.734073638916016,31.36631965637207,37.0,25.0,30.0,66.66666412353516,
2025-12-17,11:03:53.615000,2b,Toxicity,Original,,130.6370849609375,1.3318089246749878,174.63198852539062,0.2324327826499939,0.4087241291999817,0.8818172216415405,11.153897285461426,17.355764389038086,10.582517623901367,0.1405569612979889,0.3299440741539001,0.2695665657520294,6.606926918029785,0.0,0.2354893833398819,,,37.0,25.0,30.0,60.0,
2025-12-17,11:03:55.615000,2b,Toxicity,Original,,186.26646423339844,1.2290223836898804,149.7044677734375,0.2537993490695953,0.5052138566970825,0.6883266568183899,11.153897285461426,14.94144058227539,8.79202938079834,0.1351051032543182,0.3330271542072296,0.433334469795227,7.845884323120117,0.0,0.2444652915000915,14.457304000854492,14.392441749572754,37.0,25.0,30.0,66.66666412353516,
2025-12-17,11:03:55.615000,FinePointe Series WBP [SN 139781]  Site 4 Bias Flow is out of range.,,,,,,,,,,,,,,,,,,,,,,,,,
2025-12-17,11:03:55.615000,FinePointe Series WBP [SN 139781]  Site 2 Bias Flow is out of range.,,,,,,,,,,,,,,,,,,,,,,,,,
2025-12-17,11:03:57.615000,2b,Toxicity,Original,,196.01947021484372,1.1484638452529907,202.1149139404297,0.3407495319843292,0.3997210264205932,0.8191545605659485,11.153897285461426,13.115511894226074,12.031579971313477,0.1308866739273071,0.2025909125804901,0.7739434242248535,13.494696617126465,0.0,0.148069828748703,16.776649475097656,7.127657413482666,37.0,25.0,30.0,25.0,
2025-12-17,11:03:59.615000,2b,Toxicity,Original,,103.25485229492188,1.7993791103363037,185.79461669921875,0.8520035147666931,1.4970476627349854,0.1254857331514358,11.153897285461426,13.214303016662598,6.288105487823486,0.2304490059614181,0.3506374955177307,0.429257869720459,5.968896865844727,152.5464324951172,0.1427054107189178,,,37.0,25.0,30.0,50.0,
2025-12-17,11:04:01.615000,2b,Toxicity,Original,,90.12885284423828,2.545750856399536,227.68246459960935,0.224288523197174,0.3829176425933838,0.8806168437004089,11.153897285461426,14.018917083740234,9.731338500976562,0.2650685906410217,0.4048481583595276,0.4303953945636749,7.879916191101074,0.0,0.2987690567970276,4.568887710571289,2.758534669876098,37.0,25.0,30.0,50.0,
2025-12-17,11:04:03.615000,2b,Toxicity,Original,,103.75301361083984,2.115638732910156,217.25897216796875,0.2707899510860443,0.3848798871040344,0.904243230819702,11.153897285461426,12.797298431396484,10.34284782409668,0.2376165390014648,0.3462176620960235,0.3849764466285705,9.392961502075195,0.0,0.2546353340148926,3.9338572025299072,0.7962448000907898,37.0,25.0,30.0,0.0,
2025-12-17,11:04:03.615000,FinePointe Series WBP [SN 139781]  Site 4 Bias Flow is out of range.,,,,,,,,,,,,,,,,,,,,,,,,,
2025-12-17,11:04:03.615000,FinePointe Series WBP [SN 139781]  Site 2 Bias Flow is out of range.,,,,,,,,,,,,,,,,,,,,,,,,,
2025-12-17,11:04:07.615000,2b,Toxicity,Original,,127.72765350341795,0.9441884756088256,120.5989761352539,0.6623204350471497,1.957782506942749,0.9513021111488342,11.153897285461426,12.883975982666016,3.867830038070679,0.116549402475357,0.3532000780105591,0.1447086632251739,6.244790554046631,0.0,0.1205622255802154,,,37.0,25.0,30.0,90.0,
2025-12-17,11:04:09.615000,2b,Toxicity,Original,,132.68475341796875,1.594479203224182,211.5630798339844,0.3184050023555755,0.4310348927974701,0.891106903553009,11.153897285461426,13.61241054534912,10.664684295654297,0.1940936893224716,0.2581059634685516,0.4205847680568695,6.056748867034912,0.0,0.1831396073102951,1.228515386581421,,37.0,25.0,30.0,66.66666412353516,
2025-12-17,11:04:11.615000,2b,Toxicity,Original,,389.9947204589844,0.5896538496017456,210.04348754882807,0.6192967891693115,0.5487267374992371,0.6928138732910156,11.153897285461426,10.54314422607422,12.126736640930176,0.0911101549863815,0.0766135677695274,0.9843469858169556,6.390240669250488,0.0,0.0512035451829433,19.718381881713867,9.961071968078612,37.0,25.0,30.0,73.33333587646484,
2025-12-17,11:04:13.615000,2b,Toxicity,Original,,150.37722778320312,1.4309353828430176,212.22418212890625,0.2766709327697754,0.3922469615936279,0.8430347442626953,11.153897285461426,14.939002990722656,10.931461334228516,0.1497066169977188,0.2540911734104156,0.6995718479156494,10.13930320739746,0.0,0.1875861287117004,10.12729263305664,4.459432125091553,37.0,25.0,30.0,60.0,
2025-12-17,11:04:13.615000,FinePointe Series WBP [SN 139781]  Site 4 Bias Flow is out of range.,,,,,,,,,,,,,,,,,,,,,,,,,
2025-12-17,11:04:17.615000,2b,Toxicity,Original,,73.47883605957031,2.2926692962646484,168.42047119140625,0.1679219156503677,0.2957545816898346,0.9174748659133912,11.153897285461426,13.178434371948242,7.85405683517456,0.2683388590812683,0.5482574701309204,0.5013724565505981,6.100549221038818,0.0,0.4281525611877441,0.4101693332195282,,37.0,25.0,30.0,75.0,
2025-12-17,11:04:17.615000,FinePointe Series WBP [SN 139781]  Site 2 Bias Flow is out of range.,,,,,,,,,,,,,,,,,,,,,,,,,
2025-12-17,11:04:19.615000,2b,Toxicity,Original,,81.4790267944336,2.069581985473633,169.5299530029297,0.3111888766288757,0.3720591366291046,0.8973422050476074,11.153897285461426,12.834431648254396,11.745370864868164,0.2643296122550964,0.474094957113266,0.2998846769332886,8.695037841796875,0.0,0.3505512475967407,2.2435896396636963,,37.0,25.0,30.0,0.0,
2025-12-17,11:04:21.615000,2b,Toxicity,Original,,225.72604370117188,0.9969449043273926,213.2014312744141,0.3946257829666137,0.4154036343097687,0.8226616382598877,11.153897285461426,11.74188995361328,13.451881408691406,0.1341184973716735,0.1496444642543792,0.7632158994674683,7.394382953643799,0.0,0.1112265139818191,15.381522178649902,10.614336013793944,37.0,25.0,30.0,0.0,
2025-12-17,11:04:21.615000,FinePointe Series WBP [SN 139781]  Site 2 Bias Flow is out of range.,,,,,,,,,,,,,,,,,,,,,,,,,
2025-12-17,11:04:29.615000,2b,Toxicity,Original,,86.89595031738281,2.0407257080078125,176.95892333984375,0.194893479347229,0.4157697558403015,0.795994222164154,11.153897285461426,13.587162971496582,6.487037658691406,0.257055789232254,0.4348866939544678,0.1486945450305938,6.091168403625488,3.76261568069458,0.3136988878250122,9.190973281860352,,37.0,25.0,30.0,88.23529052734375,
2025-12-17,11:04:33.615000,2b,Toxicity,Original,,93.65194702148438,1.891063570976257,177.18594360351562,0.2795111536979675,0.347843199968338,0.873802661895752,11.153897285461426,12.325546264648438,11.228086471557615,0.2526775002479553,0.3880354166030884,0.5108570456504822,7.164486885070801,0.0,0.2923188507556915,3.29263973236084,2.441847324371338,37.0,25.0,30.0,71.42857360839844,
2025-12-17,11:04:33.615000,FinePointe Series WBP [SN 139781]  Site 4 Bias Flow is out of range.,,,,,,,,,,,,,,,,,,,,,,,,,
2025-12-17,11:04:35.615000,2b,Toxicity,Original,,178.55648803710938,1.401940107345581,140.8592987060547,0.5457333922386169,0.3932980895042419,0.786719799041748,11.153897285461426,10.48553466796875,10.02541160583496,0.1701253354549408,0.3272484540939331,0.5855199098587036,56.13849258422852,0.0,0.2606666386127472,23.235862731933597,9.673566818237305,37.0,25.0,30.0,33.33333206176758,
2025-12-17,11:04:35.615000,FinePointe Series WBP [SN 139781]  Site 2 Bias Flow is out of range.,,,,,,,,,,,,,,,,,,,,,,,,,
2025-12-17,11:04:37.615000,2b,Toxicity,Original,,86.60160064697266,1.7439677715301514,155.9415283203125,1.9864407777786253,2.4877095222473145,0.7431606650352478,11.153897285461426,14.329134941101074,9.196439743041992,0.2061976939439773,0.5016646385192871,0.4588028192520141,6.9918389320373535,91.94029998779295,0.1585498452186584,1.3362363576889038,26.5937442779541,37.0,25.0,30.0,50.0,
2025-12-17,11:04:39.615000,2b,Toxicity,Original,,76.54512786865234,2.180128335952759,166.87820434570312,0.1962425857782364,0.3138419985771179,0.9338919520378112,11.153897285461426,16.793819427490234,13.401217460632324,0.2163338214159011,0.5675174593925476,0.3876743614673614,12.29712200164795,0.0,0.4375826418399811,,,37.0,25.0,30.0,50.0,
2025-12-17,11:04:41.615000,2b,Toxicity,Original,,74.25247192382812,2.2556934356689453,167.20635986328125,0.2512855529785156,0.3653574585914612,0.903674840927124,11.153897285461426,12.926753044128418,9.700759887695312,0.2708137631416321,0.5376695394515991,0.3602746725082397,12.396713256835938,0.0,0.4021256268024444,1.7516379356384275,,37.0,25.0,30.0,66.66666412353516,
2025-12-17,11:04:43.615000,2b,Toxicity,Original,,93.10427856445312,1.776753067970276,165.04234313964844,0.3447793126106262,0.3635344207286834,0.8774576187133789,11.153897285461426,11.040777206420898,11.90202522277832,0.2367587983608245,0.4093133211135864,0.5045932531356812,8.106125831604004,0.0,0.3049792051315307,6.677075386047363,2.0605828762054443,37.0,25.0,30.0,33.33333206176758,
2025-12-17,11:04:43.615000,FinePointe Series WBP [SN 139781]  Site 4 Bias Flow is out of range.,,,,,,,,,,,,,,,,,,,,,,,,,
2025-12-17,11:04:45.615000,2b,Toxicity,Original,,100.23734283447266,1.799047827720642,180.8782501220703,0.3624501228332519,0.6720449328422546,0.7286306619644165,11.153897285461426,14.592378616333008,9.834001541137695,0.2074669599533081,0.392749935388565,0.5433995723724365,14.694740295410156,29.11844062805176,0.2549647986888885,9.024027824401855,25.12302017211914,37.0,25.0,30.0,40.0,
2025-12-17,11:04:45.615000,FinePointe Series WBP [SN 139781]  Site 2 Bias Flow is out of range.,,,,,,,,,,,,,,,,,,,,,,,,,
2025-12-17,11:04:47.615000,2b,Toxicity,Original,,121.4750518798828,1.594637155532837,192.3668212890625,0.3067997395992279,0.552188515663147,0.9049670696258544,11.153897285461426,15.757078170776367,10.050642013549805,0.1561491787433624,0.3381194472312927,0.5840058922767639,6.467724800109863,0.0,0.2264417111873626,4.146144866943359,8.054121971130371,37.0,25.0,30.0,50.0,
2025-12-17,11:04:49.615000,2b,Toxicity,Original,,176.04644775390625,1.643825650215149,240.3075256347656,0.2079028934240341,0.3820075392723083,0.8532688021659851,11.153897285461426,16.912948608398438,9.538419723510742,0.1761722266674041,0.2539783120155334,0.5673261284828186,76.08999633789062,0.0,0.2020184993743896,22.99241828918457,4.604241371154785,37.0,25.0,30.0,50.0,
2025-12-17,11:04:51.615000,2b,Toxicity,Original,,136.63247680664062,1.4776955842971802,183.23516845703125,0.1998594999313354,0.5576702952384949,0.6888836622238159,11.153897285461426,14.674028396606444,6.934445858001709,0.152012750506401,0.3166548907756805,0.4747751355171203,9.303386688232422,0.0,0.2037300765514373,5.710979461669922,,37.0,25.0,30.0,33.33333206176758,
2025-12-17,11:04:53.615000,2b,Toxicity,Original,,169.3497772216797,0.5498894453048706,93.1236572265625,1.2725043296813965,0.5270735025405884,0.671573281288147,11.153897285461426,4.172483921051025,10.272847175598145,0.2292168736457824,0.1250794231891632,0.9138057231903076,22.26894760131836,0.0,0.0840729773044586,22.51242446899414,13.897623062133787,37.0,25.0,30.0,66.66666412353516,
2025-12-17,11:04:53.615000,FinePointe Series WBP [SN 139781]  Site 4 Bias Flow is out of range.,,,,,,,,,,,,,,,,,,,,,,,,,
2025-12-17,11:04:55.615000,2b,Toxicity,Original,,69.6947250366211,2.2410600185394287,156.1900634765625,0.2358486056327819,0.3310848176479339,0.8866424560546875,11.153897285461426,11.242703437805176,9.368162155151367,0.25862517952919,0.602272093296051,0.3744508922100067,6.200684070587158,0.0,0.455924391746521,,,37.0,25.0,30.0,80.0,
2025-12-17,11:04:55.615000,FinePointe Series WBP [SN 139781]  Site 2 Bias Flow is out of range.,,,,,,,,,,,,,,,,,,,,,,,,,
2025-12-17,11:04:59.615000,2b,Toxicity,Original,,101.71086120605467,1.730335354804993,174.8250274658203,0.2108574509620666,0.3361291289329529,0.8811383843421936,11.153897285461426,13.392313957214355,9.39941120147705,0.2090353667736053,0.4365710616111755,0.4868562221527099,9.28139305114746,0.0,0.3438632786273956,6.35731315612793,5.5229172706604,37.0,25.0,30.0,62.5,
2025-12-17,11:05:01.615000,2b,Toxicity,Original,,72.55597686767578,1.713178634643555,124.30134582519533,0.1732438504695892,0.2650716304779053,0.9165606498718262,11.153897285461426,13.7777681350708,11.379734992980955,0.2137859016656875,0.6131618618965149,0.5553544759750366,9.475534439086914,0.0,0.4917649328708648,,,37.0,25.0,30.0,50.0,
2025-12-17,11:05:03.615000,2b,Toxicity,Original,,81.35491180419922,2.62585997581482,213.6266021728516,0.1020675897598266,0.2172295004129409,0.888917088508606,11.153897285461426,17.14499855041504,8.931782722473145,0.2650242745876312,0.4724850058555603,0.2952104806900024,10.57479763031006,0.0,0.3927205801010132,8.595107078552246,,37.0,25.0,30.0,83.33333587646484,
2025-12-17,11:05:03.615000,FinePointe Series WBP [SN 139781]  Site 4 Bias Flow is out of range.,,,,,,,,,,,,,,,,,,,,,,,,,
2025-12-17,11:05:05.615000,2b,Toxicity,Original,,97.40762329101562,2.098149299621582,206.95008850097656,0.2926928400993347,0.4340519309043884,0.8649437427520752,11.153897285461426,12.357084274291992,9.83006763458252,0.2440493553876876,0.3775086402893066,0.4290443062782287,8.782404899597168,0.0,0.2694056630134582,4.493844032287598,4.434652328491211,37.0,25.0,30.0,0.0,
2025-12-17,11:05:05.615000,FinePointe Series WBP [SN 139781]  Site 2 Bias Flow is out of range.,,,,,,,,,,,,,,,,,,,,,,,,,
2025-12-17,11:05:07.615000,2b,Toxicity,Original,,88.47403717041016,1.8249006271362305,161.03274536132812,0.3715124428272247,0.4576680660247803,0.8601014018058777,11.153897285461426,10.563088417053224,9.584043502807615,0.2567938268184662,0.4251518845558166,0.4395903050899505,7.037565231323242,0.0,0.2959627211093902,2.413447856903076,2.347689390182495,37.0,25.0,30.0,25.0,
2025-12-17,11:05:09.615000,2b,Toxicity,Original,,97.57501220703124,1.921078085899353,184.8208465576172,0.2466021180152893,0.4032745659351349,0.9111797213554382,11.153897285461426,12.261377334594728,8.63717269897461,0.2323183715343475,0.394121766090393,0.2876877784729004,6.167313575744629,0.0,0.2836781740188598,,,37.0,25.0,30.0,0.0,
2025-12-17,11:05:11.615000,2b,Toxicity,Original,,117.99444580078124,1.1039234399795532,130.2568359375,0.4960757791996002,1.025946855545044,0.2164896726608276,11.153897285461426,9.761286735534668,4.212984085083008,0.1759191304445266,0.3325793743133545,0.3011661767959595,5.069795608520508,0.0,0.1660653948783874,2.9327385425567627,35.9239501953125,37.0,25.0,30.0,66.66666412353516,
2025-12-17,11:05:11.615000,FinePointe Series WBP [SN 139781]  Site 4 Bias Flow is out of range.,,,,,,,,,,,,,,,,,,,,,,,,,
2025-12-17,11:05:13.615000,2b,Toxicity,Original,,72.17396545410156,2.2374439239501958,162.2632598876953,0.2687474489212036,0.4899993538856506,0.9326174259185792,11.153897285461426,17.19538116455078,11.476412773132324,0.2012527287006378,0.6353451013565063,0.3141362965106964,11.056787490844728,0.0,0.4323433935642242,,,37.0,25.0,30.0,60.0,
2025-12-17,11:05:15.615000,2b,Toxicity,Original,,114.18684387207033,1.6794977188110352,175.22952270507812,0.2695459127426147,0.279173731803894,0.8830109238624573,11.153897285461426,13.282218933105469,12.75238037109375,0.1839570999145507,0.3854976594448089,0.5612515807151794,10.81920051574707,0.0,0.3130027651786804,15.398298263549805,0.2673120200634002,37.0,25.0,30.0,50.0,
2025-12-17,11:05:15.615000,FinePointe Series WBP [SN 139781]  Site 2 Bias Flow is out of range.,,,,,,,,,,,,,,,,,,,,,,,,,
2025-12-17,11:05:19.615000,2b,Toxicity,Original,,67.30326080322266,1.8575612306594849,125.0199203491211,0.3037364482879638,0.5492997169494629,0.915406048297882,11.153897285461426,13.23429012298584,9.345539093017578,0.2316707819700241,0.6598165035247803,0.2802112698554992,11.8007230758667,0.0,0.4321309030056,,,37.0,25.0,30.0,80.0,
2025-12-17,11:05:21.615000,2b,Toxicity,Original,,74.96492004394531,2.305440902709961,172.74485778808594,0.2151113450527191,0.4184576272964477,0.8765171766281128,11.153897285461426,13.03771686553955,8.145186424255371,0.287355899810791,0.5133533477783203,0.394512265920639,7.5580596923828125,0.0,0.3665953278541565,0.6235005259513855,0.9014922380447388,37.0,25.0,30.0,71.42857360839844,
2025-12-17,11:05:23.615000,2b,Toxicity,Original,,79.99893188476562,2.2102646827697754,176.6923828125,0.2752285599708557,0.3979805111885071,0.8773723840713501,11.153897285461426,11.448894500732422,9.369037628173828,0.2669521272182464,0.4854591786861419,0.3266326189041137,7.863395690917969,0.0,0.35148686170578,,,37.0,25.0,30.0,0.0,
2025-12-17,11:05:23.615000,FinePointe Series WBP [SN 139781]  Site 4 Bias Flow is out of range.,,,,,,,,,,,,,,,,,,,,,,,,,
2025-12-17,11:05:25.615000,2b,Toxicity,Original,,108.9310302734375,1.579107403755188,167.54542541503906,0.4030103981494903,0.6054102778434753,0.6765605211257935,11.153897285461426,12.54408073425293,8.430973052978516,0.1881888955831527,0.3738957047462463,0.3358437418937683,6.493298053741455,0.0,0.2694573104381561,8.399605751037598,22.26794815063477,37.0,25.0,30.0,25.0,
2025-12-17,11:05:27.615000,2b,Toxicity,Original,,67.1946029663086,2.7305009365081787,183.4749298095703,0.1448883265256881,0.2401305884122848,0.9139739274978638,11.153897285461426,21.312013626098636,15.493907928466797,0.2036312669515609,0.6892975568771362,0.6647353768348694,15.829879760742188,0.0,0.5599908828735352,9.780454635620115,,37.0,25.0,30.0,50.0,
2025-12-17,11:05:27.615000,FinePointe Series WBP [SN 139781]  Site 2 Bias Flow is out of range.,,,,,,,,,,,,,,,,,,,,,,,,,
2025-12-17,11:05:29.615000,2b,Toxicity,Original,,282.856689453125,0.8891401290893555,139.6286163330078,0.7816319465637207,0.9349388480186462,0.456937313079834,11.153897285461426,7.997457027435303,5.683260440826416,0.1381372213363647,0.151933342218399,0.390912115573883,5.72653865814209,0.0,0.0735712051391601,11.87166690826416,35.24110412597656,37.0,25.0,30.0,33.33333206176758,
2025-12-17,11:05:31.615000,2b,Toxicity,Original,,36.58367538452149,5.511361598968506,201.62586975097656,3.2716639041900635,3.2251291275024414,0.0268767215311527,11.153897285461426,29.87007522583008,17.79034423828125,0.4494543075561523,1.1906213760375977,0.7455376386642456,5.218875408172607,898.0454711914062,0.2881253957748413,,27.37550544738769,37.0,25.0,30.0,75.0,
2025-12-17,11:05:33.615000,2b,Toxicity,Original,,73.73856353759766,2.1834523677825928,161.004638671875,0.2351073771715164,0.289219319820404,0.8950434327125549,11.153897285461426,12.164291381835938,10.482150077819824,0.2394117265939712,0.5742738246917725,0.3731963336467743,6.847286224365234,0.0,0.4486614465713501,,,37.0,25.0,30.0,75.0,
2025-12-17,11:05:33.615000,FinePointe Series WBP [SN 139781]  Site 4 Bias Flow is out of range.,,,,,,,,,,,,,,,,,,,,,,,,,
2025-12-17,11:05:33.615000,FinePointe Series WBP [SN 139781]  Site 2 Bias Flow is out of range.,,,,,,,,,,,,,,,,,,,,,,,,,
2025-12-17,11:05:37.615000,2b,Toxicity,Original,,104.67133331298828,1.5488203763961792,162.11709594726562,0.3988369405269623,0.4595578014850616,0.875709593296051,11.153897285461426,9.717878341674805,9.654911994934082,0.2306435257196426,0.3425793051719665,0.7471765875816345,6.42879581451416,0.0,0.2382877618074417,14.181440353393556,8.353074073791504,37.0,25.0,30.0,75.0,
2025-12-17,11:05:39.615000,2b,Toxicity,Original,,485.622314453125,0.3939551711082458,191.2633056640625,0.4175780415534973,0.5100178718566895,0.7343520522117615,11.153897285461426,10.426438331604004,8.3433837890625,0.0648741573095321,0.05870071798563,0.7081149816513062,6.764545440673828,0.0,0.0397004559636116,22.045429229736328,10.46108627319336,37.0,25.0,30.0,90.0,
2025-12-17,11:05:41.615000,2b,Toxicity,Original,,301.9656677246094,0.9818515181541444,231.5718688964844,0.2755777239799499,0.4031257927417755,0.7626080513000488,11.153897285461426,14.769777297973633,8.93123722076416,0.0964894369244575,0.1391069591045379,0.6730333566665649,7.360089302062988,0.0,0.1074807345867157,26.551572799682617,9.247040748596191,37.0,25.0,30.0,60.0,
2025-12-17,11:05:41.615000,FinePointe Series WBP [SN 139781]  Site 4 Bias Flow is out of range.,,,,,,,,,,,,,,,,,,,,,,,,,
2025-12-17,11:05:45.615000,2b,Toxicity,Original,,187.7144012451172,1.3892062902450562,260.7740478515625,0.2504016458988189,0.3600181639194488,0.8649830222129822,11.153897285461426,12.965576171875,9.38711929321289,0.1693425327539444,0.1502919644117355,0.4489793181419372,9.064349174499512,0.0,0.1132368668913841,14.116280555725098,1.5228928327560425,37.0,25.0,30.0,90.90908813476562,
2025-12-17,11:05:45.615000,FinePointe Series WBP [SN 139781]  Site 2 Bias Flow is out of range.,,,,,,,,,,,,,,,,,,,,,,,,,
2025-12-17,11:05:47.615000,2b,Toxicity,Original,,123.9516143798828,1.5183415412902832,148.97756958007812,0.2833729386329651,0.3581933975219726,0.8124377727508545,11.153897285461426,11.863588333129885,9.945684432983398,0.2153904438018798,0.4143227040767669,0.3988184928894043,18.159408569335938,0.0,0.3232365250587463,23.65817070007324,13.012511253356934,37.0,25.0,30.0,71.42857360839844,
2025-12-17,11:05:51.615000,2b,Toxicity,Original,,68.42786407470703,2.139504909515381,146.3385772705078,0.2075531184673309,0.3665380179882049,0.8971526622772217,11.153897285461426,12.850980758666992,8.817209243774414,0.2646803855895996,0.6121707558631897,0.3398894667625427,8.624801635742188,0.0,0.4535756409168243,,,37.0,25.0,30.0,50.0,
2025-12-17,11:05:53.615000,2b,Toxicity,Original,,73.97602844238281,2.296051025390625,168.9723358154297,0.22283935546875,0.3326546549797058,0.887988269329071,11.153897285461426,12.511198043823242,9.346303939819336,0.2684116065502167,0.545271635055542,0.3576320707798004,6.619333267211914,0.0,0.4143989980220794,5.202953338623047,,37.0,25.0,30.0,0.0,
2025-12-17,11:05:53.615000,FinePointe Series WBP [SN 139781]  Site 4 Bias Flow is out of range.,,,,,,,,,,,,,,,,,,,,,,,,,
2025-12-17,11:05:55.615000,2b,Toxicity,Original,,88.11322021484375,2.02245569229126,178.7378387451172,0.2172888964414596,0.3418824374675751,0.8929034471511841,11.153897285461426,13.774253845214844,10.058751106262209,0.2386800348758697,0.4505786597728729,0.4303896129131317,9.523334503173828,0.0,0.3409066498279571,3.793398380279541,5.636935710906982,37.0,25.0,30.0,0.0,
2025-12-17,11:05:55.615000,FinePointe Series WBP [SN 139781]  Site 2 Bias Flow is out of range.,,,,,,,,,,,,,,,,,,,,,,,,,
2025-12-17,11:05:57.615000,2b,Toxicity,Original,,78.067138671875,2.186063528060913,170.61337280273438,0.1745065152645111,0.3228710889816284,0.8538371324539185,11.153897285461426,12.691049575805664,8.434789657592773,0.2788807153701782,0.491789162158966,0.4428063035011291,10.44745635986328,0.0,0.3764500021934509,4.417871952056885,,37.0,25.0,30.0,0.0,
2025-12-17,11:05:59.615000,2b,Toxicity,Original,,80.8564224243164,1.9704138040542605,159.73463439941406,0.2195922434329986,0.3315861821174621,0.8868879675865173,11.153897285461426,12.044052124023438,9.288565635681152,0.2490912824869156,0.495414674282074,0.2777710855007171,8.49002456665039,0.0,0.3758443593978882,2.2078514099121094,,37.0,25.0,30.0,0.0,
2025-12-17,11:06:01.615000,2b,Toxicity,Original,,156.0252685546875,1.2376142740249634,169.20361328125,0.2219381630420684,0.2833200097084045,0.8802563548088074,11.153897285461426,12.812970161437988,9.758983612060549,0.1519274711608886,0.2857280373573303,0.3166342973709106,9.771201133728027,0.0,0.2338129878044128,16.556499481201172,3.923985958099365,37.0,25.0,30.0,50.0,
2025-12-17,11:06:03.615000,2b,Toxicity,Original,,163.78208923339844,1.0522129535675049,164.3778533935547,0.5857522487640381,0.8531988263130188,0.8185831904411316,11.153897285461426,12.402861595153809,8.516923904418945,0.1352278739213943,0.2573216557502746,0.4714202880859375,10.618552207946776,32.11071014404297,0.1489642560482025,13.526813507080078,2.2153046131134038,37.0,25.0,30.0,33.33333206176758,
2025-12-17,11:06:03.615000,FinePointe Series WBP [SN 139781]  Site 4 Bias Flow is out of range.,,,,,,,,,,,,,,,,,,,,,,,,,
2025-12-17,11:06:05.615000,2b,Toxicity,Original,,147.62850952148438,1.3185166120529177,174.5279541015625,0.132790982723236,0.2799065113067627,0.8162122964859009,11.153897285461426,14.963667869567873,7.532712936401367,0.1786348223686218,0.2790828347206116,0.4317106604576111,87.98085021972656,0.0,0.2381623685359954,29.3159294128418,8.854262351989746,37.0,25.0,30.0,0.0,
2025-12-17,11:06:05.615000,FinePointe Series WBP [SN 139781]  Site 2 Bias Flow is out of range.,,,,,,,,,,,,,,,,,,,,,,,,,
2025-12-17,11:06:07.615000,2b,Toxicity,Original,,78.22168731689453,1.681654930114746,131.54188537597656,0.2585741877555847,0.2777028381824493,0.9242532849311828,11.153897285461426,12.125304222106934,12.991466522216797,0.2217456549406051,0.545305073261261,0.2238941341638565,8.551362991333008,0.0,0.4325429201126098,,,37.0,25.0,30.0,85.71428680419922,
2025-12-17,11:06:09.615000,2b,Toxicity,Original,,75.19792938232422,1.9673449993133545,147.94027709960938,0.0956929624080658,0.3637818098068237,0.953652799129486,11.153897285461426,17.598918914794922,7.286618232727051,0.1855121254920959,0.612382173538208,0.444071888923645,10.49905014038086,0.0,0.4543353617191314,7.11801290512085,0.3098098039627075,37.0,25.0,30.0,0.0,
2025-12-17,11:06:11.615000,2b,Toxicity,Original,,71.41419982910156,2.207934856414795,157.65911865234375,0.2085848301649093,0.3813543617725372,0.9053425788879396,11.153897285461426,12.27478313446045,7.758232593536377,0.2702474594116211,0.569961667060852,0.3478437066078186,8.617118835449219,0.0,0.4179844856262207,,1.341421604156494,37.0,25.0,30.0,40.0,
2025-12-17,11:06:11.615000,FinePointe Series WBP [SN 139781]  Site 4 Bias Flow is out of range.,,,,,,,,,,,,,,,,,,,,,,,,,
2025-12-17,11:06:13.615000,2b,Toxicity,Original,,73.86417388916016,1.7951393127441406,132.5964813232422,0.3011568188667297,0.3142037689685821,0.9023249745368958,11.153897285461426,10.918046951293944,11.772279739379885,0.2426622062921524,0.5696395635604858,0.3082416355609894,6.9174394607543945,0.0,0.4379647374153137,,,37.0,25.0,30.0,50.0,
2025-12-17,11:06:15.615000,2b,Toxicity,Original,,76.62745666503906,2.025348901748657,155.06483459472656,0.2909097075462341,0.4576835036277771,0.9186691045761108,11.153897285461426,11.621624946594238,9.45525074005127,0.2578368782997131,0.528610110282898,0.2953490018844604,6.437107086181641,0.0,0.3664553165435791,,,37.0,25.0,30.0,0.0,
2025-12-17,11:06:15.615000,FinePointe Series WBP [SN 139781]  Site 2 Bias Flow is out of range.,,,,,,,,,,,,,,,,,,,,,,,,,
2025-12-17,11:06:17.615000,2b,Toxicity,Original,,83.6328353881836,2.169159412384033,181.58517456054688,0.1727966219186782,0.3011367321014404,0.903818428516388,11.153897285461426,13.69097900390625,9.40693473815918,0.2471975088119506,0.4749231040477752,0.3181146383285522,10.226924896240234,0.0,0.371776819229126,4.210269927978516,0.950063169002533,37.0,25.0,30.0,0.0,
2025-12-17,11:06:19.615000,2b,Toxicity,Original,,408.322998046875,0.4343354701995849,175.14303588867188,0.4268952906131744,0.6646861433982849,0.5610474944114685,11.153897285461426,9.952725410461426,6.27498197555542,0.0719631686806678,0.0760354027152061,0.5557966828346252,3.9166369438171382,0.0,0.0465535037219524,14.404532432556152,11.761999130249023,37.0,25.0,30.0,72.7272720336914,
2025-12-17,11:06:21.615000,2b,Toxicity,Original,,344.334228515625,0.7087035179138184,244.03086853027344,0.4006556570529938,0.5283663272857666,0.7231233716011047,11.153897285461426,11.69044589996338,8.987763404846191,0.0995732545852661,0.0746760517358779,0.7157628536224365,6.491943359375,0.0,0.0500110238790512,19.0323486328125,11.013571739196776,37.0,25.0,30.0,87.5,
2025-12-17,11:06:23.615000,2b,Toxicity,Original,,380.7600708007813,0.5370794534683228,189.06336975097656,0.4892279207706451,0.5146856904029846,0.6974924206733704,11.153897285461426,9.478142738342283,9.162053108215332,0.0889271274209022,0.0772897899150848,0.7639172673225403,7.620675086975098,0.0,0.0527972616255283,21.722414016723636,11.647998809814451,37.0,25.0,30.0,30.0,
2025-12-17,11:06:23.615000,FinePointe Series WBP [SN 139781]  Site 4 Bias Flow is out of range.,,,,,,,,,,,,,,,,,,,,,,,,,
2025-12-17,11:06:27.615000,2b,Toxicity,Original,,260.96270751953125,1.0771942138671875,179.55511474609375,0.2730458080768585,0.5494592189788818,0.5970392823219299,11.153897285461426,11.378732681274414,5.483443260192871,0.1312766075134277,0.1800083220005035,0.4303677678108215,11.4693603515625,0.0,0.1250934600830078,17.061023712158203,10.93268871307373,37.0,25.0,30.0,85.71428680419922,
2025-12-17,11:06:27.615000,FinePointe Series WBP [SN 139781]  Site 2 Bias Flow is out of range.,,,,,,,,,,,,,,,,,,,,,,,,,
2025-12-17,11:06:29.615000,2b,Toxicity,Original,,124.28494262695312,1.5750768184661863,195.75833129882807,0.2913925349712372,0.5168209671974182,0.630729079246521,11.153897285461426,11.195557594299316,6.131784915924072,0.2164031863212585,0.2663584351539612,0.4802456200122833,7.683636665344238,0.0,0.1786712259054184,18.58074188232422,35.93333435058594,37.0,25.0,30.0,85.71428680419922,
2025-12-17,11:06:31.615000,2b,Toxicity,Original,,107.74469757080078,1.5141730308532717,163.1441192626953,0.3077051639556885,0.3024502396583557,0.8344019055366516,11.153897285461426,9.68446445465088,10.730085372924805,0.223699152469635,0.3331727981567383,0.5945180654525757,16.93065643310547,0.0,0.2606898844242096,8.02945613861084,3.198246479034424,37.0,25.0,30.0,75.0,
2025-12-17,11:06:33.615000,2b,Toxicity,Original,,107.11975860595705,1.670229196548462,179.23086547851562,0.2218457609415054,0.3692356050014496,0.8420136570930481,11.153897285461426,12.946395874023438,8.7578125,0.2275868058204651,0.3539239168167114,0.4390250146389007,57.5510139465332,0.0,0.2720532715320587,10.479567527770996,3.1650795936584477,37.0,25.0,30.0,60.0,
2025-12-17,11:06:33.615000,FinePointe Series WBP [SN 139781]  Site 4 Bias Flow is out of range.,,,,,,,,,,,,,,,,,,,,,,,,,
2025-12-17,11:06:35.615000,2b,Toxicity,Original,,89.25092315673828,1.9676835536956787,175.61756896972656,0.1791204810142517,0.2644094824790954,0.8874017596244812,11.153897285461426,14.293949127197266,11.187871932983398,0.2395380139350891,0.4327239394187927,0.2149936556816101,42.36410140991211,0.0,0.3545630574226379,9.70262622833252,,37.0,25.0,30.0,0.0,
2025-12-17,11:06:37.615000,2b,Toxicity,Original,,89.06035614013672,2.0499563217163086,182.56985473632807,0.1893524378538131,0.3217491507530212,0.9043458700180054,11.153897285461426,12.203398704528809,8.27049732208252,0.251295655965805,0.4224047660827636,0.2357264161109924,12.2758207321167,0.0,0.3265196979045868,,,37.0,25.0,30.0,66.66666412353516,
2025-12-17,11:06:37.615000,FinePointe Series WBP [SN 139781]  Site 2 Bias Flow is out of range.,,,,,,,,,,,,,,,,,,,,,,,,,
2025-12-17,11:06:39.615000,2b,Toxicity,Original,,306.5335388183594,1.0454668998718262,197.8076019287109,0.354763001203537,0.4574812054634094,0.7413516640663147,11.153897285461426,10.78770637512207,8.934253692626953,0.1514163166284561,0.1422224938869476,0.5625879168510437,22.19156265258789,0.0,0.1115494295954704,19.210384368896484,12.998161315917969,37.0,25.0,30.0,72.7272720336914,
2025-12-17,11:06:41.615000,2b,Toxicity,Original,,267.18212890625,1.4354979991912842,291.4471130371094,0.2798845767974853,0.4638265967369079,0.6968451142311096,11.153897285461426,15.298026084899902,9.355674743652344,0.134546548128128,0.140543445944786,0.6927155256271362,12.291899681091309,0.0,0.1022086068987846,18.666717529296875,8.085065841674805,37.0,25.0,30.0,83.33333587646484,
2025-12-17,11:06:43.615000,2b,Toxicity,Original,,91.34268951416016,1.7143356800079346,156.592041015625,0.3613314628601074,0.3472544252872467,0.901679277420044,11.153897285461426,11.886390686035156,15.528643608093262,0.2176864445209503,0.4391805529594421,0.3401312530040741,13.126141548156738,0.0,0.3316950500011444,4.079068660736084,,37.0,25.0,30.0,75.0,
2025-12-17,11:06:43.615000,FinePointe Series WBP [SN 139781]  Site 4 Bias Flow is out of range.,,,,,,,,,,,,,,,,,,,,,,,,,
2025-12-17,11:06:45.615000,2b,Toxicity,Original,,78.13449096679688,2.059581756591797,160.9243621826172,0.120796613395214,0.219643086194992,0.9493476152420044,11.153897285461426,14.786208152770996,10.607914924621582,0.2201621681451797,0.5477445721626282,0.4414299726486206,19.52594947814941,0.0,0.4558172821998596,,,37.0,25.0,30.0,0.0,
2025-12-17,11:06:45.615000,FinePointe Series WBP [SN 139781]  Site 2 Bias Flow is out of range.,,,,,,,,,,,,,,,,,,,,,,,,,
2025-12-17,11:06:47.615000,2b,Toxicity,Original,,111.78424072265624,1.8466601371765137,206.3514709472656,0.5332794785499573,0.9341937303543092,0.5392507314682007,11.153897285461426,11.920727729797363,9.047327041625977,0.2341813445091247,0.3025820851325989,0.5694156289100647,12.414907455444336,79.61966705322266,0.1830659210681915,11.281956672668455,,37.0,25.0,30.0,71.42857360839844,
2025-12-17,11:06:49.615000,2b,Toxicity,Original,,79.57565307617188,2.290535688400269,182.0320281982422,0.2475918531417846,0.3357986211776733,0.9084585905075072,11.153897285461426,12.25600528717041,10.412692070007324,0.2575493156909942,0.496748685836792,0.3469944596290588,8.073989868164062,0.0,0.3785535097122192,7.337734699249268,1.481204390525818,37.0,25.0,30.0,40.0,
2025-12-17,11:06:53.615000,2b,Toxicity,Original,,77.42462921142578,2.0208373069763184,157.36981201171875,0.1927215456962585,0.3377962708473205,0.9251149892807008,11.153897285461426,12.957151412963867,9.107644081115724,0.2484600245952606,0.5298070907592773,0.5101025104522705,9.488439559936523,0.0,0.4016566872596741,8.174246788024902,,37.0,25.0,30.0,60.0,
2025-12-17,11:06:53.615000,FinePointe Series WBP [SN 139781]  Site 4 Bias Flow is out of range.,,,,,,,,,,,,,,,,,,,,,,,,,
2025-12-17,11:06:55.615000,2b,Toxicity,Original,,63.15900421142578,4.345667839050293,223.8642578125,1.3520019054412842,1.368112564086914,0.4760857224464416,11.153897285461426,21.40159797668457,15.45663070678711,0.3405609130859375,0.7426851987838745,0.41542449593544,7.750145435333252,0.0,0.3337947130203247,3.8152976036071777,15.987502098083496,37.0,25.0,30.0,0.0,
2025-12-17,11:06:55.615000,FinePointe Series WBP [SN 139781]  Site 2 Bias Flow is out of range.,,,,,,,,,,,,,,,,,,,,,,,,,
2025-12-17,11:06:57.615000,2b,Toxicity,Original,,112.9754867553711,1.3160322904586792,148.67938232421875,0.2124960869550705,0.2752404808998108,0.8177142143249512,11.153897285461426,14.8316650390625,12.603041648864746,0.2400334179401397,0.2910552322864532,0.7773885130882263,125.75037384033205,0.0,0.2389000654220581,44.865352630615234,4.695489883422852,37.0,25.0,30.0,85.71428680419922,
2025-12-17,11:06:59.615000,2b,Toxicity,Original,,544.8094482421875,0.439251571893692,239.3084259033203,0.3859626054763794,0.5478596687316895,0.7034465074539185,11.153897285461426,10.867671966552734,7.656520366668701,0.0646399334073066,0.0454903095960617,0.6357875466346741,4.115293025970459,0.0,0.0299179386347532,19.150156021118164,10.594087600708008,37.0,25.0,30.0,80.0,
2025-12-17,11:07:01.615000,2b,Toxicity,Original,,425.225830078125,0.5682877898216248,240.9715576171875,0.3156211674213409,0.531197190284729,0.6960192918777466,11.153897285461426,12.743379592895508,7.6649932861328125,0.0740824192762374,0.0679081752896308,0.653137743473053,8.271661758422852,0.0,0.045699406415224,22.079439163208008,11.807826042175291,37.0,25.0,30.0,84.21052551269531,
2025-12-17,11:07:03.615000,2b,Toxicity,Original,,341.3100891113281,0.9271962642669678,316.46142578125,0.3935076594352722,0.5306206941604614,0.7097076773643494,11.153897285461426,14.345550537109377,10.802215576171877,0.1053416803479194,0.0704515427350997,0.8966243863105774,8.109209060668945,0.0,0.0476639494299888,22.479019165039062,10.229313850402832,37.0,25.0,30.0,0.0,
2025-12-17,11:07:03.615000,FinePointe Series WBP [SN 139781]  Site 4 Bias Flow is out of range.,,,,,,,,,,,,,,,,,,,,,,,,,
2025-12-17,11:07:05.615000,2b,Toxicity,Original,,248.6009521484375,0.8819776177406311,181.4403076171875,0.3898353278636932,0.55442875623703,0.7675826549530029,11.153897285461426,11.72248363494873,8.853438377380371,0.1161130964756012,0.1808269619941711,0.6154206991195679,6.947015762329102,0.0,0.1176418885588646,12.047340393066406,15.178979873657228,37.0,25.0,30.0,70.0,
2025-12-17,11:07:05.615000,FinePointe Series WBP [SN 139781]  Site 2 Bias Flow is out of range.,,,,,,,,,,,,,,,,,,,,,,,,,
2025-12-17,11:07:09.615000,2b,Toxicity,Original,,127.97930145263672,1.723910570144653,220.62486267089844,0.2336627393960952,0.2521144449710846,0.8602414131164551,11.153897285461426,14.633622169494627,15.198681831359863,0.185184508562088,0.2836413085460663,1.1939337253570557,40.15095901489258,0.0,0.233298048377037,31.4809684753418,2.1822257041931152,37.0,25.0,30.0,87.5,
2025-12-17,11:07:11.615000,2b,Toxicity,Original,,143.63491821289062,0.3861995637416839,55.47174453735352,0.1716915816068649,0.3322982490062713,0.8862558603286743,11.153897285461426,8.064689636230469,5.253363132476807,0.1762604564428329,0.2414652556180954,0.3717544078826904,93.53107452392578,0.0,0.1874849498271942,38.90745544433594,9.537248611450195,37.0,25.0,30.0,83.33333587646484,
2025-12-17,11:07:13.615000,2b,Toxicity,Original,,72.17041015625,2.5325889587402344,184.6783142089844,0.2157692164182663,0.4190748929977417,0.9028395414352416,11.153897285461426,13.647258758544922,8.437738418579102,0.2548086643218994,0.583989679813385,0.3664628267288208,8.005569458007812,0.0,0.414669007062912,,,37.0,25.0,30.0,50.0,
2025-12-17,11:07:13.615000,FinePointe Series WBP [SN 139781]  Site 4 Bias Flow is out of range.,,,,,,,,,,,,,,,,,,,,,,,,,
2025-12-17,11:07:15.615000,2b,Toxicity,Original,,88.53179931640625,2.0682504177093506,182.9603576660156,0.2481979727745056,0.3417437076568603,0.893143892288208,11.153897285461426,12.277552604675291,10.111212730407717,0.2489770799875259,0.4415534436702728,0.4532311856746673,8.205314636230469,0.0,0.3369492888450622,4.354379653930664,2.1909587383270264,37.0,25.0,30.0,0.0,
2025-12-17,11:07:15.615000,FinePointe Series WBP [SN 139781]  Site 2 Bias Flow is out of range.,,,,,,,,,,,,,,,,,,,,,,,,,
2025-12-17,11:07:17.615000,2b,Toxicity,Original,,93.61226654052734,1.8540458679199217,174.0447540283203,0.2802425026893616,0.3785024881362915,0.8568449020385742,11.153897285461426,12.655247688293455,10.419748306274414,0.2406273335218429,0.4031397104263305,0.5319360494613647,7.583524703979492,0.0,0.2970316708087921,4.661159515380859,2.739987850189209,37.0,25.0,30.0,0.0,
2025-12-17,11:07:19.615000,2b,Toxicity,Original,,84.63988494873047,1.922774314880371,163.3551025390625,0.2637362778186798,0.3952552378177643,0.911335587501526,11.153897285461426,11.084029197692873,9.124554634094238,0.247511625289917,0.4663531184196472,0.4089924991130829,9.062978744506836,0.0,0.3385001420974731,0.670134961605072,,37.0,25.0,30.0,0.0,
2025-12-17,11:07:21.615000,2b,Toxicity,Original,,348.218505859375,0.7711071968078613,197.7999267578125,0.3616877794265747,0.4885001480579376,0.7339189052581787,11.153897285461426,9.96360969543457,7.672492504119873,0.1088462322950363,0.1229518055915832,0.5273758172988892,6.486631870269775,0.0,0.0890204608440399,15.717255592346191,8.989297866821289,37.0,25.0,30.0,14.285714149475098,
2025-12-17,11:07:21.615000,FinePointe Series WBP [SN 139781]  Site 4 Bias Flow is out of range.,,,,,,,,,,,,,,,,,,,,,,,,,
2025-12-17,11:07:23.615000,2b,Toxicity,Original,,141.92648315429688,1.9926016330718996,282.8029479980469,0.1328786164522171,0.2554789781570434,0.888923168182373,11.153897285461426,16.736312866210938,9.171486854553224,0.1752636134624481,0.2474904507398605,0.4766154289245605,50.65644454956055,0.0,0.2026205956935882,23.08618927001953,0.2313133031129837,37.0,25.0,30.0,66.66666412353516,
2025-12-17,11:07:25.615000,2b,Toxicity,Original,,266.95184326171875,1.0271785259246826,201.97189331054688,0.400797963142395,0.434478223323822,0.784022867679596,11.153897285461426,11.356457710266112,11.638277053833008,0.1303896754980087,0.17131407558918,0.732916533946991,14.49693202972412,0.0,0.1327808499336242,17.120738983154297,13.312837600708008,37.0,25.0,30.0,71.42857360839844,
2025-12-17,11:07:27.615000,2b,Toxicity,Original,,351.4234619140625,0.6942210793495178,209.3619079589844,0.2654647827148437,0.5639092326164246,0.6933705806732178,11.153897285461426,12.25538158416748,6.026373863220215,0.0935307890176773,0.1001459956169128,0.4196143746376037,5.253226280212402,0.0,0.0663062185049057,14.0263671875,16.24545669555664,37.0,25.0,30.0,75.0,
2025-12-17,11:07:27.615000,FinePointe Series WBP [SN 139781]  Site 2 Bias Flow is out of range.,,,,,,,,,,,,,,,,,,,,,,,,,
2025-12-17,11:07:29.615000,2b,Toxicity,Original,,476.4624328613281,0.415669173002243,196.92169189453125,0.5205560326576233,0.5806114673614502,0.663810133934021,11.153897285461426,10.184449195861816,9.270145416259766,0.0655074194073677,0.0614099539816379,0.7915915250778198,4.965837478637695,0.0,0.0395541340112686,20.39301300048828,11.653310775756836,37.0,25.0,30.0,57.14285659790039,
2025-12-17,11:07:31.615000,2b,Toxicity,Original,,242.8586578369141,1.1636627912521362,231.028076171875,0.5056010484695435,0.4248551726341247,0.742159366607666,11.153897285461426,11.821945190429688,13.916154861450195,0.1480687856674194,0.1319749802350998,1.101174235343933,29.82809257507324,0.0,0.1036164015531539,24.068511962890625,8.776893615722656,37.0,25.0,30.0,77.77777862548828,
2025-12-17,11:07:33.615000,2b,Toxicity,Original,,296.72222900390625,0.5421962141990662,140.91949462890625,0.2325549274682998,0.3935678601264953,0.7817164659500122,11.153897285461426,10.799610137939451,7.353116035461426,0.0919506698846817,0.14150170981884,0.6497804522514343,65.57992553710938,0.0,0.1166039258241653,37.10210418701172,12.94350814819336,37.0,25.0,30.0,83.33333587646484,
2025-12-17,11:07:33.615000,FinePointe Series WBP [SN 139781]  Site 4 Bias Flow is out of range.,,,,,,,,,,,,,,,,,,,,,,,,,
2025-12-17,11:07:33.615000,FinePointe Series WBP [SN 139781]  Site 2 Bias Flow is out of range.,,,,,,,,,,,,,,,,,,,,,,,,,
2025-12-17,11:07:41.615000,2b,Toxicity,Original,,301.1630249023437,0.7397776246070862,222.42588806152344,0.3454904556274414,0.4446256458759308,0.7461069226264954,11.153897285461426,12.471250534057615,10.111785888671877,0.1018985137343406,0.1070684567093849,0.853157639503479,15.414965629577637,0.0,0.0794465243816375,28.842086791992188,10.40711498260498,37.0,25.0,30.0,87.09677124023438,
2025-12-17,11:07:43.615000,2b,Toxicity,Original,,195.5175323486328,1.394479513168335,270.819091796875,0.4153724610805511,0.3969758749008178,0.790960431098938,11.153897285461426,13.346580505371094,14.477508544921877,0.1508044302463531,0.1594793200492859,0.9871232509613036,11.483348846435549,0.0,0.1176243424415588,20.91869735717773,17.13202476501465,37.0,25.0,30.0,60.0,
2025-12-17,11:07:43.615000,FinePointe Series WBP [SN 139781]  Site 4 Bias Flow is out of range.,,,,,,,,,,,,,,,,,,,,,,,,,
2025-12-17,11:07:45.615000,2b,Toxicity,Original,,104.20155334472656,1.4319761991500854,147.38027954101562,0.2160665243864059,0.2573540210723877,0.9058860540390016,11.153897285461426,12.321062088012695,11.605225563049316,0.1700748205184936,0.4167235493659973,0.6060352325439453,9.86288833618164,0.0,0.337978333234787,25.718618392944336,7.665548801422119,37.0,25.0,30.0,71.42857360839844,
2025-12-17,11:07:47.615000,2b,Toxicity,Original,,381.3015747070313,0.4730193018913269,177.1198272705078,0.3746027052402496,0.5964662432670593,0.6835212111473083,11.153897285461426,11.905790328979492,7.906220436096191,0.0716746598482132,0.0906559005379676,0.6674618124961853,8.052884101867676,0.0,0.0572639442980289,19.82126808166504,14.018919944763184,37.0,25.0,30.0,50.0,
2025-12-17,11:07:47.615000,FinePointe Series WBP [SN 139781]  Site 2 Bias Flow is out of range.,,,,,,,,,,,,,,,,,,,,,,,,,
2025-12-17,11:07:51.615000,2b,Toxicity,Original,,114.73745727539062,1.6979544162750244,186.29263305664065,0.5740951299667358,0.9463664293289183,0.3495754599571228,11.153897285461426,17.501201629638672,10.21845531463623,0.1617889404296875,0.3813533186912536,0.7692841291427612,9.155029296875,0.0,0.2012097984552383,6.298707008361816,19.973468780517575,37.0,25.0,30.0,85.71428680419922,
2025-12-17,11:07:53.615000,2b,Toxicity,Original,,92.92488861083984,2.132221221923828,198.1364288330078,0.3166044950485229,0.472970187664032,0.8751018643379211,11.153897285461426,17.077255249023438,13.241782188415527,0.2434438914060592,0.4022389054298401,0.5686759352684021,7.262127876281738,0.0,0.2759135365486145,3.5524585247039795,2.15340518951416,37.0,25.0,30.0,75.0,
2025-12-17,11:07:53.615000,FinePointe Series WBP [SN 139781]  Site 4 Bias Flow is out of range.,,,,,,,,,,,,,,,,,,,,,,,,,
2025-12-17,11:07:55.615000,2b,Toxicity,Original,,83.6394271850586,2.105801820755005,176.57545471191406,0.193033680319786,0.3967327773571014,0.8934643864631653,11.153897285461426,13.154349327087402,7.968337059020996,0.2481223344802856,0.4710557758808136,0.4353997707366943,10.656368255615234,0.0,0.3419093787670135,10.184639930725098,3.126922845840454,37.0,25.0,30.0,0.0,
2025-12-17,11:07:55.615000,FinePointe Series WBP [SN 139781]  Site 2 Bias Flow is out of range.,,,,,,,,,,,,,,,,,,,,,,,,,
2025-12-17,11:07:57.615000,2b,Toxicity,Original,,85.49341583251953,2.0075552463531494,171.6758270263672,0.2248373180627823,0.4091013669967651,0.8785114288330078,11.153897285461426,12.37137222290039,8.267949104309082,0.2551012635231018,0.4480074942111969,0.3009814023971557,7.729293346405029,0.0,0.3219228684902191,2.139495372772217,1.9384984970092771,37.0,25.0,30.0,0.0,
2025-12-17,11:07:57.615000,FinePointe Series WBP [SN 10499C]  Site 1 Bias Flow is out of range.,,,,,,,,,,,,,,,,,,,,,,,,,
2025-12-17,11:07:59.615000,2b,Toxicity,Original,,453.9708251953125,0.3576798439025879,162.2644500732422,0.5070663094520569,0.5542293190956116,0.6894637942314148,11.153897285461426,8.59404468536377,7.939748287200928,0.0655376315116882,0.0667115449905395,0.6722613573074341,4.710493087768555,0.0,0.0435425341129303,18.73394775390625,10.578668594360352,37.0,25.0,30.0,66.66666412353516,
2025-12-17,11:08:01.615000,2b,Toxicity,Original,,373.4884033203125,0.4215085506439209,153.1552276611328,0.5073814988136292,0.6270138621330261,0.550649106502533,11.153897285461426,10.996163368225098,8.86074447631836,0.0667753294110298,0.0993589684367179,0.7700130939483643,4.951482772827148,0.0,0.0615696012973785,15.091346740722656,13.054967880249023,37.0,25.0,30.0,86.66666412353516,
2025-12-17,11:08:03.615000,2b,Toxicity,Original,,348.701171875,0.7415200471878052,235.41607666015625,0.5322098731994629,0.5692428946495056,0.6716766953468323,11.153897285461426,10.924493789672852,10.19040298461914,0.1037501171231269,0.0776863917708396,0.8568012714385986,6.602950572967529,0.0,0.0512032285332679,18.63778305053711,12.769649505615234,37.0,25.0,30.0,57.14285659790039,
2025-12-17,11:08:03.615000,FinePointe Series WBP [SN 139781]  Site 4 Bias Flow is out of range.,,,,,,,,,,,,,,,,,,,,,,,,,
2025-12-17,11:08:05.615000,2b,Toxicity,Original,,360.9669799804688,0.5919099450111389,193.1261138916016,0.3298620879650116,0.4343216121196747,0.7541569471359253,11.153897285461426,10.70509147644043,8.450006484985352,0.0914438739418983,0.0977703258395195,0.6628148555755615,13.977880477905272,0.0,0.0736058726906776,25.83458709716797,8.778966903686523,37.0,25.0,30.0,40.0,
2025-12-17,11:08:05.615000,FinePointe Series WBP [SN 139781]  Site 2 Bias Flow is out of range.,,,,,,,,,,,,,,,,,,,,,,,,,
2025-12-17,11:08:07.615000,2b,Toxicity,Original,,398.8027648925781,0.6673797965049744,256.5397033691406,0.5920928716659546,0.5991719365119934,0.6447643041610718,11.153897285461426,12.22839069366455,11.531370162963867,0.0846431925892829,0.0673271715641021,0.9815366864204408,5.2408447265625,0.0,0.0430349670350551,18.449535369873047,11.958331108093262,37.0,25.0,30.0,75.0,
2025-12-17,11:08:07.615000,FinePointe Series WBP [SN 10499C]  Site 1 Bias Flow is out of range.,,,,,,,,,,,,,,,,,,,,,,,,,
2025-12-17,11:08:09.615000,2b,Toxicity,Original,,438.7985534667969,0.4442079067230224,194.91778564453125,0.4501950740814209,0.5637431144714355,0.6765865087509155,11.153897285461426,9.602158546447754,7.878703117370605,0.0746606886386871,0.0620763190090656,0.6830345392227173,4.766633033752441,0.0,0.040292665362358,18.46820831298828,12.675949096679688,37.0,25.0,30.0,50.0,
2025-12-17,11:08:11.615000,2b,Toxicity,Original,,96.3493881225586,1.6423027515411377,158.23486328125,0.3557285070419311,0.4705154597759247,0.9252796173095704,11.153897285461426,15.301031112670898,13.628314018249512,0.1817858219146728,0.4409477710723877,0.3667787313461303,11.31891632080078,0.0,0.3049772381782532,,,37.0,25.0,30.0,85.71428680419922,
2025-12-17,11:08:13.615000,2b,Toxicity,Original,,173.0454559326172,0.2394237965345382,41.43120193481445,0.7401152849197388,0.3924061357975006,0.8029192090034485,11.153897285461426,2.369309425354004,4.704968929290772,0.2047477811574936,0.1419819146394729,0.3856843411922455,25.91466522216797,0.0,0.1027386561036109,20.533662796020508,14.618769645690918,37.0,25.0,30.0,80.0,
2025-12-17,11:08:13.615000,FinePointe Series WBP [SN 139781]  Site 4 Bias Flow is out of range.,,,,,,,,,,,,,,,,,,,,,,,,,
2025-12-17,11:08:15.615000,2b,Toxicity,Original,,166.40597534179688,1.2480512857437134,207.6831817626953,0.5652613043785095,0.6107345819473267,0.8589430451393127,11.153897285461426,12.203227043151855,12.13478946685791,0.157989427447319,0.2025745511054992,0.8278748989105225,6.2617506980896,0.0,0.1280612796545028,8.275211334228516,26.61895751953125,37.0,25.0,30.0,80.0,
2025-12-17,11:08:15.615000,FinePointe Series WBP [SN 139781]  Site 2 Bias Flow is out of range.,,,,,,,,,,,,,,,,,,,,,,,,,
2025-12-17,11:08:17.615000,2b,Toxicity,Original,,41.48860931396485,6.196389198303223,257.0795593261719,3.4415743350982666,2.870887279510498,0.0220904108136892,11.153897285461426,30.37450790405273,18.997875213623047,0.4502728581428528,0.9959072470664978,0.5859038829803467,4.666062355041504,0.0,0.262580394744873,,38.39498901367188,37.0,25.0,30.0,75.0,
2025-12-17,11:08:17.615000,FinePointe Series WBP [SN 10499C]  Site 1 Bias Flow is out of range.,,,,,,,,,,,,,,,,,,,,,,,,,
2025-12-17,11:08:21.615000,2b,Toxicity,Original,,85.9635009765625,1.9520756006240845,167.42843627929688,0.1688273847103119,0.3939499258995056,0.8513586521148682,11.153897285461426,13.410054206848145,6.442936897277832,0.2403375059366226,0.4587159752845764,0.3141490817070007,10.050247192382812,0.0,0.3330830335617065,5.813945770263672,4.655910491943359,37.0,25.0,30.0,71.42857360839844,
2025-12-17,11:08:23.615000,2b,Toxicity,Original,,90.17597198486328,1.5388717651367188,138.7479248046875,0.2802815437316894,0.4125031530857086,0.8523486256599426,11.153897285461426,10.949752807617188,8.330777168273926,0.2291695922613144,0.436297059059143,0.4149128496646881,6.114582538604736,0.0,0.3126831948757171,7.263631820678711,3.341665506362915,37.0,25.0,30.0,0.0,
2025-12-17,11:08:23.615000,FinePointe Series WBP [SN 139781]  Site 4 Bias Flow is out of range.,,,,,,,,,,,,,,,,,,,,,,,,,
2025-12-17,11:08:25.615000,2b,Toxicity,Original,,87.39112854003906,1.8089988231658936,157.97804260253906,0.3107500672340393,0.4135627150535583,0.8203133344650269,11.153897285461426,12.055757522583008,9.544439315795898,0.2425732314586639,0.4444351196289062,0.4275094270706177,7.803995132446289,0.0,0.3193816542625427,4.010004043579102,4.543519496917725,37.0,25.0,30.0,33.33333206176758,
2025-12-17,11:08:25.615000,FinePointe Series WBP [SN 139781]  Site 2 Bias Flow is out of range.,,,,,,,,,,,,,,,,,,,,,,,,,
2025-12-17,11:08:27.615000,2b,Toxicity,Original,,95.53748321533205,1.4188915491104126,135.5573272705078,0.1940366476774215,0.2261926829814911,0.88602215051651,11.153897285461426,10.981840133666992,10.45761489868164,0.2262299358844757,0.4017958343029022,0.5000209212303162,6.278299808502197,0.0,0.3312514722347259,,,37.0,25.0,30.0,0.0,
2025-12-17,11:08:29.615000,2b,Toxicity,Original,,139.13723754882812,2.5712685585021973,357.7592163085937,1.3703230619430542,1.653019905090332,0.2342468649148941,11.153897285461426,25.24529266357422,18.714414596557617,0.1750888675451278,0.2561400532722473,1.5545339584350586,5.62101936340332,0.0,0.0979696735739708,6.477160930633545,36.47294235229492,37.0,25.0,30.0,88.88888549804688,
2025-12-17,11:08:33.615000,2b,Toxicity,Original,,104.52954864501952,1.3789186477661133,144.1377410888672,1.889394164085388,1.4083478450775146,0.3040300011634826,11.153897285461426,8.572845458984375,12.051843643188477,0.2319288700819015,0.3420715034008026,0.9528186917304992,4.421248435974121,29.221885681152344,0.1436856389045715,2.8848836421966557,48.546348571777344,37.0,25.0,30.0,85.71428680419922,
2025-12-17,11:08:33.615000,FinePointe Series WBP [SN 139781]  Site 4 Bias Flow is out of range.,,,,,,,,,,,,,,,,,,,,,,,,,
2025-12-17,11:08:35.615000,2b,Toxicity,Original,,123.58202362060548,2.4263603687286377,299.8545227050781,0.63605135679245,0.9366861581802368,0.3763127624988556,11.153897285461426,15.514533996582031,9.428301811218262,0.225085824728012,0.2604216635227203,0.7798697352409363,5.098248958587647,0.0,0.1366012394428253,10.808218002319336,14.21278953552246,37.0,25.0,30.0,87.5,
2025-12-17,11:08:37.615000,2b,Toxicity,Original,,89.37710571289062,1.9594407081604004,172.9598846435547,0.2628265619277954,0.3677018582820892,0.8627877235412598,11.153897285461426,12.050889015197754,9.74991226196289,0.2422017902135849,0.4420934319496155,0.4432806372642517,7.088831901550293,0.0,0.3287700414657593,1.5100115537643433,1.5872822999954224,37.0,25.0,30.0,25.0,
2025-12-17,11:08:37.615000,FinePointe Series WBP [SN 139781]  Site 2 Bias Flow is out of range.,,,,,,,,,,,,,,,,,,,,,,,,,
2025-12-17,11:08:39.615000,2b,Toxicity,Original,,363.3372192382813,0.6738872528076172,178.0566864013672,0.3953342735767364,0.5277937054634094,0.7178178429603577,11.153897285461426,9.434956550598145,7.104551315307617,0.1018835306167602,0.1332632452249527,0.5308100581169128,6.620866298675537,0.0,0.0954113155603408,17.516931533813477,12.36340618133545,37.0,25.0,30.0,16.66666603088379,
2025-12-17,11:08:41.615000,2b,Toxicity,Original,,124.34881591796876,1.530913233757019,190.3672332763672,0.1265856772661209,0.2185083180665969,0.9119567275047302,11.153897285461426,15.68940258026123,9.983112335205078,0.1469714194536209,0.335542231798172,0.3315271735191345,13.108844757080078,0.0,0.277917742729187,17.566139221191406,,37.0,25.0,30.0,66.66666412353516,
2025-12-17,11:08:43.615000,2b,Toxicity,Original,,417.2913208007813,0.6292504668235779,262.58074951171875,0.3314715921878814,0.5561357736587524,0.6658697724342346,11.153897285461426,14.438063621520996,8.616925239562988,0.0747018679976463,0.0690825805068016,0.7314074039459229,7.6581292152404785,0.0,0.0453903451561927,21.71559333801269,11.045254707336426,37.0,25.0,30.0,88.88888549804688,
2025-12-17,11:08:43.615000,FinePointe Series WBP [SN 139781]  Site 4 Bias Flow is out of range.,,,,,,,,,,,,,,,,,,,,,,,,,
2025-12-17,11:08:45.615000,2b,Toxicity,Original,,153.44174194335938,1.0307226181030271,156.77488708496094,0.2226350605487823,0.6456253528594971,0.9144641160964966,11.153897285461426,13.67644500732422,6.392502784729004,0.1251752078533172,0.2666039764881134,0.4690086841583252,19.400861740112305,0.0,0.1757595241069793,12.425163269042969,24.983814239501957,37.0,25.0,30.0,90.0,
2025-12-17,11:08:47.615000,2b,Toxicity,Original,,273.1193542480469,1.2270376682281494,244.34056091308597,0.3705116510391235,0.3986533880233764,0.7951565980911255,11.153897285461426,13.693299293518066,11.617084503173828,0.1256911158561706,0.1443345546722412,0.6432337164878845,10.586913108825684,0.0,0.1095474287867546,18.787792205810547,19.64325714111328,37.0,25.0,30.0,66.66666412353516,
2025-12-17,11:08:47.615000,FinePointe Series WBP [SN 139781]  Site 2 Bias Flow is out of range.,,,,,,,,,,,,,,,,,,,,,,,,,
2025-12-17,11:08:49.615000,2b,Toxicity,Original,,439.8886413574219,0.4903664886951446,206.1574249267578,0.3995270729064941,0.4996632039546966,0.7131080031394958,11.153897285461426,10.979327201843262,9.152876853942873,0.073038637638092,0.0706599876284599,0.7500999569892883,6.648195266723633,0.0,0.0487682446837425,22.625362396240234,9.23448657989502,37.0,25.0,30.0,40.0,
2025-12-17,11:08:51.615000,2b,Toxicity,Original,,135.50755310058594,1.2191476821899414,165.20372009277344,0.5378219485282898,0.3947035372257232,0.8324964046478271,11.153897285461426,9.503063201904297,13.04792308807373,0.2169529348611831,0.2258267998695373,0.7852754592895508,10.97256565093994,0.0,0.1674607843160629,11.435089111328123,3.5380005836486816,37.0,25.0,30.0,87.5,
2025-12-17,11:08:53.615000,2b,Toxicity,Original,,94.43739318847656,1.59422767162323,150.55471801757812,0.3698999583721161,0.5737418532371521,0.936821222305298,11.153897285461426,15.277809143066406,11.76467227935791,0.1891518235206604,0.4461897015571594,0.6907760500907898,19.367759704589844,0.0,0.2898318469524383,6.166570663452148,,37.0,25.0,30.0,75.0,
2025-12-17,11:08:53.615000,FinePointe Series WBP [SN 139781]  Site 4 Bias Flow is out of range.,,,,,,,,,,,,,,,,,,,,,,,,,
2025-12-17,11:08:55.615000,2b,Toxicity,Original,,66.51458740234375,2.550645351409912,169.65512084960938,0.1218976080417633,0.282212346792221,0.9120819568634032,11.153897285461426,15.740131378173828,7.186066150665283,0.2595716714859009,0.6424860954284668,0.1623443812131881,7.31521463394165,0.0,0.5053762793540955,,,37.0,25.0,30.0,85.71428680419922,
2025-12-17,11:08:55.615000,FinePointe Series WBP [SN 139781]  Site 2 Bias Flow is out of range.,,,,,,,,,,,,,,,,,,,,,,,,,
2025-12-17,11:08:57.615000,2b,Toxicity,Original,,72.66606140136719,1.9717988967895508,143.28286743164062,0.267665147781372,0.3193170428276062,0.8050538897514343,11.153897285461426,12.222334861755373,11.184103965759276,0.2344301789999008,0.5912647843360901,0.4222164750099182,7.991665840148926,0.0,0.4522238671779632,4.007582187652588,1.444225788116455,37.0,25.0,30.0,0.0,
2025-12-17,11:08:59.615000,2b,Toxicity,Original,,76.93047332763672,1.7529640197753906,134.85635375976562,0.2772929966449737,0.3072997331619262,0.8630512952804565,11.153897285461426,10.06259059906006,10.664668083190918,0.2422976493835449,0.5376273393630981,0.2663833796977997,7.84245491027832,0.0,0.4158038198947906,,,37.0,25.0,30.0,75.0,
2025-12-17,11:09:01.615000,2b,Toxicity,Original,,86.70428466796875,1.8967998027801516,164.50247192382812,0.2288834750652313,0.2868820428848266,0.8707796335220337,11.153897285461426,11.013630867004396,9.876250267028809,0.251134991645813,0.4409552812576294,0.4305805265903473,9.26854419708252,0.0,0.3471506834030151,6.97136926651001,,37.0,25.0,30.0,0.0,
2025-12-17,11:09:03.615000,2b,Toxicity,Original,,78.06027221679688,2.2470057010650635,175.39581298828125,0.1720166355371475,0.2918595671653747,0.8933890461921692,11.153897285461426,12.41579246520996,8.815973281860352,0.2719831764698028,0.497964859008789,0.4147115051746368,37.06059265136719,0.0,0.3912496268749237,3.584645271301269,,37.0,25.0,30.0,0.0,
2025-12-17,11:09:03.615000,FinePointe Series WBP [SN 139781]  Site 4 Bias Flow is out of range.,,,,,,,,,,,,,,,,,,,,,,,,,
2025-12-17,11:09:05.615000,2b,Toxicity,Original,,77.9410629272461,1.9958901405334477,155.51873779296875,0.1670454889535904,0.3200212717056274,0.8463770747184753,11.153897285461426,12.500600814819336,6.5637640953063965,0.2514733970165252,0.5184093713760376,0.3361179530620575,7.731418132781982,0.0,0.3978555798530578,4.880021572113037,0.7062957882881165,37.0,25.0,30.0,0.0,
2025-12-17,11:09:05.615000,FinePointe Series WBP [SN 139781]  Site 2 Bias Flow is out of range.,,,,,,,,,,,,,,,,,,,,,,,,,
2025-12-17,11:09:07.615000,2b,Toxicity,Original,,77.110107421875,1.9133697748184204,147.47329711914062,0.2420112788677215,0.3509798645973205,0.8829162120819092,11.153897285461426,12.265762329101562,9.330936431884766,0.2629666626453399,0.51951664686203,0.2176074385643005,8.620170593261719,0.0,0.3887758255004883,,,37.0,25.0,30.0,0.0,
2025-12-17,11:09:09.615000,2b,Toxicity,Original,,78.17061614990234,1.786010503768921,139.65631103515625,0.2593317329883575,0.4082711040973663,0.8837196826934814,11.153897285461426,10.778520584106444,8.282440185546875,0.2566340267658233,0.5144277811050415,0.328287810087204,12.958089828491213,0.0,0.369019478559494,2.3721187114715576,2.8047237396240234,37.0,25.0,30.0,0.0,
2025-12-17,11:09:11.615000,2b,Toxicity,Original,,74.71473693847656,1.7634996175765991,131.86376953125,0.1932109594345092,0.3350540995597839,0.913555145263672,11.153897285461426,12.60014533996582,8.415867805480957,0.2426675111055374,0.5604376792907715,0.3618781566619873,7.19094181060791,0.0,0.4236674308776855,0.3117493987083435,,37.0,25.0,30.0,0.0,
2025-12-17,11:09:13.615000,2b,Toxicity,Original,,85.04937744140625,1.930767059326172,164.28123474121094,0.2136054337024688,0.3068755865097046,0.9084521532058716,11.153897285461426,12.121403694152832,9.808570861816406,0.2433678060770034,0.4667962193489074,0.2575386166572571,9.709604263305664,0.0,0.3620802760124206,3.1883790493011475,,37.0,25.0,30.0,0.0,
2025-12-17,11:09:13.615000,FinePointe Series WBP [SN 139781]  Site 4 Bias Flow is out of range.,,,,,,,,,,,,,,,,,,,,,,,,,
2025-12-17,11:09:15.615000,2b,Toxicity,Original,,84.6036148071289,1.8061153888702397,152.4720458984375,0.2119950503110885,0.3326316475868225,0.8725147843360901,11.153897285461426,11.5533447265625,8.572381973266602,0.2477165311574936,0.4642987251281738,0.3784080445766449,9.47523021697998,0.0,0.3526452779769897,1.6163280010223389,,37.0,25.0,30.0,0.0,
2025-12-17,11:09:15.615000,FinePointe Series WBP [SN 139781]  Site 2 Bias Flow is out of range.,,,,,,,,,,,,,,,,,,,,,,,,,
2025-12-17,11:09:17.615000,2b,Toxicity,Original,,84.37063598632812,1.835248112678528,154.78738403320312,0.2225714176893234,0.38580322265625,0.8772180676460266,11.153897285461426,11.65633773803711,7.944169044494629,0.2380368411540985,0.4839086532592773,0.4589480459690094,6.250332832336426,0.0,0.3514746129512787,,0.7019674181938171,37.0,25.0,30.0,0.0,
2025-12-17,11:09:19.615000,2b,Toxicity,Original,,94.04344940185548,1.664787530899048,155.80044555664062,0.5949124097824097,0.8048762679100037,0.5797286033630371,11.153897285461426,10.699905395507812,7.506528377532959,0.2534761130809784,0.3999848365783691,0.5512120127677917,7.404815673828125,0.0,0.2557276487350464,6.268607139587402,11.048938751220703,37.0,25.0,30.0,0.0,
2025-12-17,11:09:21.615000,2b,Toxicity,Original,,70.07323455810547,1.5058695077896118,105.52114868164062,0.128833994269371,0.2620880007743835,0.9265859723091124,11.153897285461426,14.777112007141112,8.87126636505127,0.1633809357881546,0.6928660869598389,0.2628279030323028,10.28936004638672,0.0,0.5527283549308777,,,37.0,25.0,30.0,75.0,
2025-12-17,11:09:23.615000,2b,Toxicity,Original,,99.73722839355467,1.389339804649353,138.5688934326172,0.5505319833755493,0.7873289585113525,0.8513456583023071,11.153897285461426,8.469049453735352,5.351016998291016,0.2327529340982437,0.3688278794288635,0.2478139698505401,5.047879219055176,0.0,0.2086827605962753,,25.709962844848636,37.0,25.0,30.0,0.0,
2025-12-17,11:09:23.615000,FinePointe Series WBP [SN 139781]  Site 4 Bias Flow is out of range.,,,,,,,,,,,,,,,,,,,,,,,,,
2025-12-17,11:09:25.615000,2b,Toxicity,Original,,70.22362518310547,1.811457872390747,127.11824798583984,0.233359545469284,0.4636779427528381,0.9057500958442688,11.153897285461426,11.507996559143066,6.832632064819336,0.2545697689056396,0.6000549793243408,0.2349913716316223,8.012091636657715,0.0,0.4138714075088501,3.599346876144409,2.2870466709136963,37.0,25.0,30.0,71.42857360839844,
2025-12-17,11:09:25.615000,FinePointe Series WBP [SN 139781]  Site 2 Bias Flow is out of range.,,,,,,,,,,,,,,,,,,,,,,,,,
2025-12-17,11:09:27.615000,2b,Toxicity,Original,,69.77566528320312,2.00376558303833,139.8983154296875,0.2570350468158722,0.4004643559455871,0.9229707717895508,11.153897285461426,10.65422248840332,8.079418182373047,0.2667033672332763,0.5936203002929688,0.165464848279953,8.5205717086792,0.0,0.4323233962059021,,,37.0,25.0,30.0,0.0,
2025-12-17,11:09:29.615000,2b,Toxicity,Original,,82.76901245117188,1.9703598022460935,163.1058807373047,0.2497693598270416,0.4098385572433471,0.8929389715194702,11.153897285461426,12.041610717773438,8.301273345947266,0.2582614719867706,0.4687851071357727,0.4043625295162201,8.006568908691406,0.0,0.3369238674640655,1.7143802642822266,0.3252817392349243,37.0,25.0,30.0,0.0,
2025-12-17,11:09:31.615000,2b,Toxicity,Original,,83.16143035888672,1.531798005104065,120.46881103515624,0.2421906143426895,0.4252051413059234,0.8907099962234497,11.153897285461426,11.565879821777344,7.241805076599121,0.2167756110429763,0.5424414873123169,0.237033873796463,12.299243927001951,0.0,0.3803684711456299,3.765684127807617,2.4132795333862305,37.0,25.0,30.0,0.0,
2025-12-17,11:09:33.615000,2b,Toxicity,Original,,230.39358520507807,1.2298617362976074,188.53538513183597,0.2488651275634765,0.4285644590854645,0.8341192007064819,11.153897285461426,11.95127773284912,7.137703895568848,0.1633179783821106,0.2413631379604339,0.4353040158748626,11.607244491577148,0.0,0.1786729544401168,17.3890380859375,8.954261779785156,37.0,25.0,30.0,0.0,
2025-12-17,11:09:33.615000,FinePointe Series WBP [SN 139781]  Site 4 Bias Flow is out of range.,,,,,,,,,,,,,,,,,,,,,,,,,
2025-12-17,11:09:35.615000,2b,Toxicity,Original,,212.90777587890625,0.7872687578201294,146.78024291992188,0.3291841745376587,0.3393937945365906,0.8585389256477356,11.153897285461426,9.700668334960938,9.866772651672363,0.1268781721591949,0.1950686424970626,0.5376049280166626,12.30501651763916,0.0,0.1551380902528762,14.764900207519531,7.754740238189697,37.0,25.0,30.0,57.14285659790039,
2025-12-17,11:09:37.615000,2b,Toxicity,Original,,84.8372573852539,1.546694040298462,131.21728515625,0.3574933111667633,1.296135187149048,0.6226044297218323,11.153897285461426,13.630284309387209,3.532756328582764,0.1868417710065841,0.5203946232795715,0.3054685592651367,8.381385803222656,0.0,0.2295206636190414,,,37.0,25.0,30.0,50.0,
2025-12-17,11:09:37.615000,FinePointe Series WBP [SN 139781]  Site 2 Bias Flow is out of range.,,,,,,,,,,,,,,,,,,,,,,,,,
2025-12-17,11:09:39.615000,2b,Toxicity,Original,,62.219329833984375,2.170182943344116,135.02732849121094,0.2105216383934021,0.296628326177597,0.9429273009300232,11.153897285461426,12.06554126739502,10.174161911010742,0.2516563236713409,0.7126742601394653,0.4132613241672516,7.131165027618408,0.0,0.5534310340881348,,,37.0,25.0,30.0,87.5,
2025-12-17,11:09:41.615000,2b,Toxicity,Original,,70.20721435546875,1.8598846197128296,130.5773162841797,0.2561999559402466,0.4071606695652008,0.9041473865509032,11.153897285461426,10.680325508117676,8.250332832336426,0.2617893517017364,0.5928237438201904,0.1589511483907699,8.795038223266602,0.0,0.4259502291679382,,,37.0,25.0,30.0,66.66666412353516,
2025-12-17,11:09:43.615000,2b,Toxicity,Original,,71.43109130859375,1.6266902685165403,116.18757629394533,0.2534935474395752,0.2832559049129486,0.9073998928070068,11.153897285461426,10.182170867919922,10.223381042480469,0.2668047249317169,0.573175311088562,0.1648479700088501,7.384111881256103,0.0,0.4511341452598572,1.5101675987243652,,37.0,25.0,30.0,0.0,
2025-12-17,11:09:43.615000,FinePointe Series WBP [SN 139781]  Site 4 Bias Flow is out of range.,,,,,,,,,,,,,,,,,,,,,,,,,
2025-12-17,11:09:45.615000,2b,Toxicity,Original,,81.59413146972656,1.6331661939620972,133.35870361328125,0.2343795001506805,0.3540701568126678,0.841371476650238,11.153897285461426,9.84432888031006,7.076456069946289,0.2433676570653915,0.4929560124874115,0.4002869129180908,6.48591947555542,0.0,0.3679458498954773,2.362790107727051,3.287616491317749,37.0,25.0,30.0,0.0,
2025-12-17,11:09:47.615000,2b,Toxicity,Original,,82.54451751708984,1.7145916223526,141.0726776123047,0.2003430426120758,0.3497872054576874,0.8643370866775513,11.153897285461426,10.051918983459473,7.083917617797852,0.2661007940769195,0.4680308401584625,0.4174135625362396,11.370454788208008,0.0,0.3521164059638977,9.86210823059082,1.3317694664001465,37.0,25.0,30.0,0.0,
2025-12-17,11:09:47.615000,FinePointe Series WBP [SN 139781]  Site 2 Bias Flow is out of range.,,,,,,,,,,,,,,,,,,,,,,,,,
2025-12-17,11:09:49.615000,2b,Toxicity,Original,,81.7624282836914,1.646018385887146,134.55458068847656,0.2216627299785614,0.2961329817771911,0.8773261308670044,11.153897285461426,10.011393547058104,8.69987678527832,0.2392058670520782,0.5024890899658203,0.4602004289627075,13.700679779052734,0.0,0.3941313326358795,7.631619453430176,5.710225582122803,37.0,25.0,30.0,0.0,
2025-12-17,11:09:51.615000,2b,Toxicity,Original,,75.7918701171875,1.754753828048706,132.31344604492188,0.1831075251102447,0.3408616781234741,0.8417564630508423,11.153897285461426,11.660270690917969,7.261810302734375,0.2511813640594482,0.5443832874298096,0.1745904386043548,9.524078369140623,0.0,0.4110707640647888,3.956935167312622,,37.0,25.0,30.0,0.0,
2025-12-17,11:09:53.615000,2b,Toxicity,Original,,93.15026092529295,1.712918758392334,158.13595581054688,0.2730617225170135,0.368983507156372,0.8591562509536743,11.153897285461426,11.41641330718994,9.855962753295898,0.2618540823459625,0.3887063860893249,0.4755558967590332,9.749317169189451,0.0,0.2908457517623901,9.66473388671875,3.2672228813171387,37.0,25.0,30.0,0.0,
2025-12-17,11:09:53.615000,FinePointe Series WBP [SN 139781]  Site 4 Bias Flow is out of range.,,,,,,,,,,,,,,,,,,,,,,,,,
2025-12-17,11:09:55.615000,2b,Toxicity,Original,,74.101806640625,1.8989722728729248,140.85940551757812,0.2160546630620956,0.3516162037849426,0.8808492422103882,11.153897285461426,10.343603134155272,7.579366683959961,0.2695803046226501,0.5404070615768433,0.3173239231109619,7.856137275695801,0.0,0.4045220613479614,4.041270732879639,,37.0,25.0,30.0,50.0,
2025-12-17,11:09:57.615000,2b,Toxicity,Original,,87.42454528808594,1.747355580329895,152.640380859375,0.2881533503532409,0.4291549623012543,0.8197989463806152,11.153897285461426,10.434677124023438,7.56203031539917,0.2823120951652527,0.4162358343601227,0.4359217286109924,7.239363193511963,0.0,0.3007904887199402,6.2770304679870605,5.052523612976074,37.0,25.0,30.0,0.0,
2025-12-17,11:09:57.615000,FinePointe Series WBP [SN 139781]  Site 2 Bias Flow is out of range.,,,,,,,,,,,,,,,,,,,,,,,,,
2025-12-17,11:09:59.615000,2b,Toxicity,Original,,80.737548828125,1.6553280353546145,133.23643493652344,0.2450621128082275,0.3375781178474426,0.8218787908554077,11.153897285461426,10.333415985107422,7.953099727630615,0.2440485060214996,0.4997929632663727,0.4211442470550537,10.105533599853516,0.0,0.3806443810462951,1.3189642429351809,0.7528460621833801,37.0,25.0,30.0,0.0,
2025-12-17,11:10:01.615000,2b,Toxicity,Original,,81.96138000488281,1.586809515953064,130.53587341308594,0.3006614148616791,0.3979205191135406,0.9088576436042786,11.153897285461426,9.156344413757324,8.378305435180664,0.2510913908481598,0.4878182411193847,0.4049891829490661,13.12834644317627,0.0,0.3545451760292053,5.193180084228516,,37.0,25.0,30.0,0.0,
2025-12-17,11:10:03.615000,2b,Toxicity,Original,,80.9515151977539,1.802695870399475,145.46636962890625,0.2665849924087524,0.3594391047954559,0.8455231189727783,11.153897285461426,9.83559799194336,8.386709213256836,0.2628156840801239,0.4807921350002289,0.3535390198230743,6.901558876037598,0.0,0.3575530648231506,,,37.0,25.0,30.0,0.0,
2025-12-17,11:10:03.615000,FinePointe Series WBP [SN 139781]  Site 4 Bias Flow is out of range.,,,,,,,,,,,,,,,,,,,,,,,,,
2025-12-17,11:10:05.615000,2b,Toxicity,Original,,74.1817626953125,1.8113365173339844,134.6183319091797,0.2069603949785232,0.3591881990432739,0.8995537757873535,11.153897285461426,10.297074317932127,7.260031223297119,0.254960685968399,0.5547756552696228,0.2115163505077362,8.186943054199219,0.0,0.4164788722991943,,,37.0,25.0,30.0,0.0,
2025-12-17,11:10:05.615000,FinePointe Series WBP [SN 139781]  Site 2 Bias Flow is out of range.,,,,,,,,,,,,,,,,,,,,,,,,,
2025-12-17,11:10:07.615000,2b,Toxicity,Original,,85.3602066040039,1.721742868423462,145.44638061523438,0.2345232367515564,0.3558278679847717,0.8414662480354309,11.153897285461426,10.421341896057127,8.200923919677734,0.2584916055202484,0.4536816775798797,0.5269078016281128,7.512795925140381,0.0,0.34013631939888,4.620599746704102,0.9581134915351868,37.0,25.0,30.0,0.0,
2025-12-17,11:10:09.615000,2b,Toxicity,Original,,74.32185363769531,1.8216139078140257,135.35794067382812,0.1459148377180099,0.2749485969543457,0.9211618900299072,11.153897285461426,11.641939163208008,7.423977851867676,0.2462559938430786,0.5612459182739258,0.2363713979721069,8.856223106384277,0.0,0.44472336769104,4.90916919708252,,37.0,25.0,30.0,0.0,
2025-12-17,11:10:11.615000,2b,Toxicity,Original,,79.8460693359375,1.689052939414978,134.7187042236328,0.31941819190979,0.4443078935146332,0.8764691948890686,11.153897285461426,8.859769821166992,7.369991779327393,0.2796596586704254,0.4726871252059936,0.2688374817371368,7.57454252243042,0.0,0.3321140706539154,2.039047241210937,4.429493427276611,37.0,25.0,30.0,0.0,
2025-12-17,11:10:13.615000,2b,Toxicity,Original,,87.45294952392578,1.5200942754745483,130.39517211914062,0.5101097822189331,0.5852771997451782,0.4209870398044586,11.153897285461426,8.22033977508545,6.744204521179199,0.2991078794002533,0.4103410243988037,0.3877426385879516,12.127479553222656,122.7921371459961,0.2686499953269958,10.945913314819336,6.796149253845215,37.0,25.0,30.0,0.0,
2025-12-17,11:10:13.615000,FinePointe Series WBP [SN 139781]  Site 4 Bias Flow is out of range.,,,,,,,,,,,,,,,,,,,,,,,,,
2025-12-17,11:10:15.615000,2b,Toxicity,Original,,88.17041015625,1.6396127939224243,142.81341552734375,0.2918302714824676,0.3097426295280456,0.8262469172477722,11.153897285461426,9.56771469116211,9.818559646606444,0.25729700922966,0.4305399656295776,0.6301143169403076,8.848723411560059,0.0,0.3345028460025787,3.3458142280578613,0.9975451231002808,37.0,25.0,30.0,0.0,
2025-12-17,11:10:15.615000,FinePointe Series WBP [SN 139781]  Site 2 Bias Flow is out of range.,,,,,,,,,,,,,,,,,,,,,,,,,
2025-12-17,11:10:17.615000,2b,Toxicity,Original,,82.00650787353516,1.8118177652359009,148.5419158935547,0.225321352481842,0.3716420531272888,0.9048507809638976,11.153897285461426,10.39656925201416,7.37017297744751,0.2755082249641418,0.4566154778003692,0.4314009547233581,9.447362899780272,0.0,0.3384495377540588,3.5417962074279785,0.8541310429573059,37.0,25.0,30.0,0.0,
2025-12-17,11:10:19.615000,2b,Toxicity,Original,,91.97127532958984,1.7044167518615725,156.6605987548828,0.2657441198825836,0.3274517059326172,0.845049262046814,11.153897285461426,9.6472749710083,8.76838207244873,0.2762148678302765,0.3762234449386596,0.5814734101295471,11.228874206542969,0.0,0.2892505824565887,13.370009422302246,5.46061372756958,37.0,25.0,30.0,0.0,
2025-12-17,11:10:21.615000,2b,Toxicity,Original,,86.03119659423828,1.4658563137054443,125.7666473388672,0.2771421074867248,0.3494505286216736,0.8751407861709595,11.153897285461426,9.231921195983888,7.99226713180542,0.2512341439723968,0.4473866820335388,0.3855431079864502,8.578041076660156,0.0,0.3376223444938659,0.7343670725822449,3.713445901870728,37.0,25.0,30.0,0.0,
2025-12-17,11:10:23.615000,2b,Toxicity,Original,,66.02682495117188,1.940734624862671,128.12425231933594,0.3241673111915588,0.4627114534378052,0.9121204018592834,11.153897285461426,9.684386253356934,7.620082855224609,0.2842299938201904,0.6249129772186279,0.1983226686716079,6.464492321014404,0.0,0.4320427179336548,,,37.0,25.0,30.0,0.0,
2025-12-17,11:10:23.615000,FinePointe Series WBP [SN 139781]  Site 4 Bias Flow is out of range.,,,,,,,,,,,,,,,,,,,,,,,,,
2025-12-17,11:10:25.615000,2b,Toxicity,Original,,90.44004821777344,1.770907282829285,160.21585083007812,0.2880004942417145,0.3572706282138824,0.8484471440315247,11.153897285461426,9.36093044281006,8.74350357055664,0.2814873456954956,0.3857299983501434,0.4708412587642669,13.706317901611328,0.0,0.2901188433170318,10.341137886047363,4.203556537628174,37.0,25.0,30.0,0.0,
2025-12-17,11:10:25.615000,FinePointe Series WBP [SN 139781]  Site 2 Bias Flow is out of range.,,,,,,,,,,,,,,,,,,,,,,,,,
2025-12-17,11:10:27.615000,2b,Toxicity,Original,,81.11088562011719,1.5335164070129397,124.25189208984376,0.2398523688316345,0.3652253150939941,0.8807255625724792,11.153897285461426,10.683673858642578,7.99486780166626,0.2306106388568878,0.511892557144165,0.4649739265441894,12.712681770324709,0.0,0.3855178952217102,0.0845474451780319,2.1859240531921387,37.0,25.0,30.0,0.0,
2025-12-17,11:10:29.615000,2b,Toxicity,Original,,72.06581115722656,1.7034602165222168,122.64370727539062,0.2166959047317505,0.403847336769104,0.9210973978042604,11.153897285461426,10.8250732421875,7.317222118377685,0.2587283551692962,0.5744689702987671,0.2054976224899292,10.200013160705566,0.0,0.4157196879386902,0.1044846251606941,,37.0,25.0,30.0,0.0,
2025-12-17,11:10:33.615000,2b,Toxicity,Original,,220.75177001953125,1.080365538597107,138.45872497558594,0.2078478336334228,0.4392297863960266,0.8637287616729736,11.153897285461426,14.075403213500977,8.633879661560059,0.1235770285129547,0.3256290256977081,0.4133791327476501,44.059715270996094,0.0,0.2573518455028534,16.009830474853516,12.509894371032717,37.0,25.0,30.0,83.33333587646484,
2025-12-17,11:10:33.615000,FinePointe Series WBP [SN 139781]  Site 4 Bias Flow is out of range.,,,,,,,,,,,,,,,,,,,,,,,,,
2025-12-17,11:10:35.615000,2b,Toxicity,Original,,223.2808532714844,0.4891596436500549,109.21998596191406,0.0975325107574462,0.2156628966331482,0.8990371823310852,11.153897285461426,11.053181648254396,5.740670680999756,0.0840778872370719,0.1846419721841812,0.3148253262042999,13.128985404968262,0.0,0.1549126654863357,9.805789947509766,,37.0,25.0,30.0,0.0,
2025-12-17,11:10:37.615000,2b,Toxicity,Original,,390.2168884277344,0.4452365636825561,167.3721923828125,0.3145163655281067,0.5278328657150269,0.7861062288284302,11.153897285461426,11.55487060546875,6.9572296142578125,0.0660795271396637,0.1029572561383247,0.543735682964325,7.117498397827148,0.0,0.0681793913245201,17.8443660736084,8.27928638458252,37.0,25.0,30.0,76.47058868408203,
2025-12-17,11:10:37.615000,FinePointe Series WBP [SN 139781]  Site 2 Bias Flow is out of range.,,,,,,,,,,,,,,,,,,,,,,,,,
2025-12-17,11:10:39.615000,2b,Toxicity,Original,,377.8426513671875,0.5693689584732056,178.56588745117188,0.4141337871551513,0.4893952310085296,0.7160170674324036,11.153897285461426,10.871143341064451,8.775225639343262,0.0818373933434486,0.1106133610010147,0.6317745447158813,10.265639305114746,2.306427240371704,0.077905960381031,20.44744300842285,9.221135139465332,37.0,25.0,30.0,62.5,
2025-12-17,11:10:41.615000,2b,Toxicity,Original,,145.82186889648438,0.903126895427704,131.69564819335938,0.2256630957126617,0.4881665706634521,0.8915835618972778,11.153897285461426,14.191668510437012,8.102797508239746,0.1108721494674682,0.3005887567996979,0.3034874498844147,16.115259170532227,0.0,0.2064281702041626,3.3149518966674805,1.248023509979248,37.0,25.0,30.0,80.0,
2025-12-17,11:10:43.615000,2b,Toxicity,Original,,156.97518920898438,3.169883966445923,229.99957275390625,1.3273271322250366,1.3163985013961792,0.4729731678962707,11.153897285461426,14.35674285888672,11.72634506225586,0.2692469954490661,0.3023868203163147,0.5575698614120483,6.769644260406494,0.0,0.1193511635065078,9.235418319702148,30.943819046020508,37.0,25.0,30.0,50.0,
2025-12-17,11:10:43.615000,FinePointe Series WBP [SN 139781]  Site 4 Bias Flow is out of range.,,,,,,,,,,,,,,,,,,,,,,,,,
2025-12-17,11:10:43.615000,FinePointe Series WBP [SN 139781]  Site 2 Bias Flow is out of range.,,,,,,,,,,,,,,,,,,,,,,,,,
2025-12-17,11:10:51.615000,2b,Toxicity,Original,,71.85607147216797,1.9258379936218264,138.58074951171875,0.1786461174488067,0.3458777666091919,0.9056735038757324,11.153897285461426,13.22224235534668,7.900655746459961,0.247398167848587,0.5901125073432922,0.431452214717865,10.774053573608398,0.0,0.4426003992557525,0.7392940521240234,,37.0,25.0,30.0,81.81818389892578,
2025-12-17,11:10:53.615000,2b,Toxicity,Original,,65.05790710449219,2.314717054367065,150.5906524658203,0.1045206487178802,0.2090920507907867,0.9064581394195556,11.153897285461426,13.349340438842772,8.048157691955566,0.2779894769191742,0.6442658305168152,0.4669539332389831,14.8167085647583,0.0,0.5409650206565857,0.4848311245441437,,37.0,25.0,30.0,66.66666412353516,
2025-12-17,11:10:53.615000,FinePointe Series WBP [SN 139781]  Site 4 Bias Flow is out of range.,,,,,,,,,,,,,,,,,,,,,,,,,
2025-12-17,11:10:55.615000,2b,Toxicity,Original,,70.7808837890625,2.26838755607605,159.78494262695312,0.1373339742422104,0.2546265125274658,0.9080973863601683,11.153897285461426,13.540461540222168,8.323243141174316,0.2584404647350311,0.5965893864631653,0.2456074655055999,10.365274429321287,0.0,0.4827081263065338,4.268784999847412,,37.0,25.0,30.0,0.0,
2025-12-17,11:10:57.615000,2b,Toxicity,Original,,70.02234649658203,1.8620803356170652,130.388671875,0.1984006613492965,0.3177636861801147,0.9042539596557616,11.153897285461426,10.935920715332031,7.921313285827637,0.2606980800628662,0.596174955368042,0.2053202837705612,7.630988121032715,0.0,0.4569552540779114,,,37.0,25.0,30.0,0.0,
2025-12-17,11:10:57.615000,FinePointe Series WBP [SN 139781]  Site 2 Bias Flow is out of range.,,,,,,,,,,,,,,,,,,,,,,,,,
2025-12-17,11:10:59.615000,2b,Toxicity,Original,,114.93821716308594,1.3856451511383057,140.07315063476562,0.2141912281513214,0.3017538785934448,0.8888806700706482,11.153897285461426,12.71501350402832,10.000892639160156,0.1703508645296096,0.4198880195617676,0.3834351599216461,14.537757873535156,0.0,0.3254187703132629,14.422038078308104,0.0393085218966007,37.0,25.0,30.0,50.0,
2025-12-17,11:11:01.615000,2b,Toxicity,Original,,211.36607360839844,0.7738012671470642,140.98809814453125,0.3029646277427673,0.3894161581993103,0.8201372623443604,11.153897285461426,10.003177642822266,7.677372932434082,0.1172442585229873,0.2376596927642822,0.4738025367259979,7.509533882141113,0.0,0.1829135417938232,19.06396484375,13.0612154006958,37.0,25.0,30.0,75.0,
2025-12-17,11:11:03.615000,2b,Toxicity,Original,,245.44993591308597,0.7422463297843933,182.18431091308597,0.4562640488147735,0.5354245901107788,0.8649771809577942,11.153897285461426,9.21731948852539,8.409501075744629,0.1219024434685707,0.1225465908646583,0.635835587978363,6.087204933166504,0.0,0.081541009247303,13.907876014709473,4.750494480133057,37.0,25.0,30.0,0.0,
2025-12-17,11:11:03.615000,FinePointe Series WBP [SN 139781]  Site 4 Bias Flow is out of range.,,,,,,,,,,,,,,,,,,,,,,,,,
2025-12-17,11:11:05.615000,2b,Toxicity,Original,,354.426513671875,0.5832352638244629,206.8557281494141,0.2022619992494583,0.4753184914588928,0.8145672678947449,11.153897285461426,13.653546333312988,6.690868377685547,0.0852124020457267,0.0883022248744964,0.4931005239486694,15.137903213500977,0.0,0.0623053312301635,19.33547019958496,10.165536880493164,37.0,25.0,30.0,85.0,
2025-12-17,11:11:07.615000,2b,Toxicity,Original,,205.7766876220703,1.0254580974578855,211.01536560058597,0.1622619330883026,0.2803299129009247,0.8448594808578491,11.153897285461426,12.766727447509766,7.985457897186279,0.1448082476854324,0.1467699706554412,0.5112571120262146,35.38966369628906,0.0,0.1285067051649093,27.947423934936523,4.64461612701416,37.0,25.0,30.0,80.0,
2025-12-17,11:11:07.615000,FinePointe Series WBP [SN 139781]  Site 2 Bias Flow is out of range.,,,,,,,,,,,,,,,,,,,,,,,,,
2025-12-17,11:11:09.615000,2b,Toxicity,Original,,290.0341796875,0.6091799736022949,171.7915802001953,0.2657445073127746,0.3470008671283722,0.8040037751197815,11.153897285461426,11.608203887939451,9.186686515808104,0.0897218510508537,0.119506612420082,0.7008525133132935,14.794988632202148,0.0,0.0912107974290847,27.76743698120117,7.571332931518555,37.0,25.0,30.0,78.57142639160156,
2025-12-17,11:11:11.615000,2b,Toxicity,Original,,286.752685546875,0.528433620929718,124.64788818359376,0.2044452875852584,0.3479044139385223,0.8456547856330872,11.153897285461426,9.007490158081056,5.239823341369629,0.0973519161343574,0.1554371267557144,0.3090419471263885,10.199014663696287,0.0,0.11979491263628,14.119508743286133,6.1432390213012695,37.0,25.0,30.0,81.81818389892578,
2025-12-17,11:11:13.615000,2b,Toxicity,Original,,158.23143005371094,0.9707455039024352,153.60243225097656,0.2050672769546508,0.2614629566669464,0.8474112153053284,11.153897285461426,11.384954452514648,9.440045356750488,0.1242974698543548,0.254893958568573,0.1751078367233276,13.873332023620604,7.610033988952637,0.2017107903957367,16.846717834472656,,37.0,25.0,30.0,75.0,
2025-12-17,11:11:13.615000,FinePointe Series WBP [SN 139781]  Site 4 Bias Flow is out of range.,,,,,,,,,,,,,,,,,,,,,,,,,
2025-12-17,11:11:15.615000,2b,Toxicity,Original,,126.27112579345705,0.624829113483429,78.89787292480469,0.0871412754058837,0.1426421105861663,0.921062469482422,11.153897285461426,13.15613079071045,9.953073501586914,0.1016862988471984,0.3734817206859588,0.8221997022628784,188.91143798828125,0.0,0.3359231650829315,42.92327499389648,3.796288251876831,37.0,25.0,30.0,80.0,
2025-12-17,11:11:15.615000,FinePointe Series WBP [SN 139781]  Site 2 Bias Flow is out of range.,,,,,,,,,,,,,,,,,,,,,,,,,
2025-12-17,11:11:19.615000,2b,Toxicity,Original,,86.50918579101562,2.047626256942749,177.13848876953125,0.0680279433727264,0.1702664494514465,0.8989245891571045,11.153897285461426,16.606609344482422,7.153847217559815,0.2196684032678604,0.4738996028900146,0.5103015303611755,162.16629028320312,0.0,0.4161363542079925,43.70099258422852,5.903243541717529,37.0,25.0,30.0,88.88888549804688,
2025-12-17,11:11:23.615000,2b,Toxicity,Original,,70.84402465820312,2.0111303329467773,142.48065185546875,0.3090543150901794,0.5245118141174316,0.9157134294509888,11.153897285461426,13.071853637695312,8.85914134979248,0.244109958410263,0.6028275489807129,0.3324311375617981,6.856162071228027,0.0,0.3997198343276977,,,37.0,25.0,30.0,66.66666412353516,
2025-12-17,11:11:23.615000,FinePointe Series WBP [SN 139781]  Site 4 Bias Flow is out of range.,,,,,,,,,,,,,,,,,,,,,,,,,
2025-12-17,11:11:25.615000,2b,Toxicity,Original,,76.0247573852539,2.230569839477539,169.5785369873047,0.0943634882569313,0.2004190236330032,0.9212350249290466,11.153897285461426,13.847167015075684,8.003063201904297,0.2551509141921997,0.5340656638145447,0.4860906898975372,10.139411926269531,0.0,0.4496152102947235,5.215648174285889,,37.0,25.0,30.0,0.0,
2025-12-17,11:11:25.615000,FinePointe Series WBP [SN 139781]  Site 2 Bias Flow is out of range.,,,,,,,,,,,,,,,,,,,,,,,,,
2025-12-17,11:11:27.615000,2b,Toxicity,Original,,78.49768829345703,2.307873010635376,181.1998291015625,0.1401183307170868,0.247593954205513,0.8808366060256958,11.153897285461426,12.689325332641602,7.879659175872803,0.2693839073181152,0.494994580745697,0.3614130616188049,10.381410598754885,0.0,0.4033369421958923,0.745886504650116,,37.0,25.0,30.0,66.66666412353516,
2025-12-17,11:11:29.615000,2b,Toxicity,Original,,71.01070404052734,2.068406820297241,147.0076904296875,0.1650934666395187,0.3115054965019226,0.9170129299163818,11.153897285461426,14.125052452087402,8.863264083862305,0.2323620021343231,0.612678587436676,0.3230339884757995,10.610758781433104,0.0,0.4745548665523529,,,37.0,25.0,30.0,0.0,
2025-12-17,11:11:31.615000,2b,Toxicity,Original,,213.52366638183597,1.3494541645050049,173.91107177734375,0.3938538730144501,0.5748423337936401,0.7710357308387756,11.153897285461426,10.833620071411133,7.755970478057861,0.1851058602333068,0.2638771831989288,0.4409950077533722,6.461875915527344,6.183356761932373,0.1751169264316558,14.038042068481444,6.260029315948486,37.0,25.0,30.0,62.5,
2025-12-17,11:11:33.615000,2b,Toxicity,Original,,457.8388366699219,0.3492566347122192,159.9032440185547,0.3375725448131561,0.5897936224937439,0.5714825987815857,11.153897285461426,9.211052894592283,5.289493560791016,0.0610570982098579,0.0699933841824531,0.4717176854610443,4.0856781005859375,0.0,0.0445480234920978,17.445039749145508,11.838675498962402,37.0,25.0,30.0,90.0,
2025-12-17,11:11:33.615000,FinePointe Series WBP [SN 139781]  Site 4 Bias Flow is out of range.,,,,,,,,,,,,,,,,,,,,,,,,,
2025-12-17,11:11:33.615000,FinePointe Series WBP [SN 10499C]  Site 2 Bias Flow is out of range.,,,,,,,,,,,,,,,,,,,,,,,,,
2025-12-17,11:11:35.615000,2b,Toxicity,Original,,246.68307495117188,1.156747341156006,135.44705200195312,0.6719602942466736,0.5619553327560425,0.7846680879592896,11.153897285461426,9.074423789978027,6.882439613342285,0.1769621074199676,0.2113088518381118,0.4458331167697906,12.215664863586426,0.0,0.140616625547409,10.41403579711914,9.280313491821287,37.0,25.0,30.0,77.77777862548828,
2025-12-17,11:11:35.615000,FinePointe Series WBP [SN 139781]  Site 2 Bias Flow is out of range.,,,,,,,,,,,,,,,,,,,,,,,,,
2025-12-17,11:11:37.615000,2b,Toxicity,Original,,376.21044921875,0.3863438963890075,142.08155822753906,0.4397548139095306,0.4739692211151123,0.7351138591766357,11.153897285461426,8.165821075439453,7.235438823699951,0.0737078338861465,0.107501707971096,0.5824767351150513,6.121224403381348,0.0,0.0799091681838035,18.61976623535156,12.27914047241211,37.0,25.0,30.0,66.66666412353516,
2025-12-17,11:11:39.615000,2b,Toxicity,Original,,251.7018280029297,0.6900942325592041,129.3232879638672,0.3099775910377502,0.5814844965934753,0.8533797860145569,11.153897285461426,12.001155853271484,6.434560298919678,0.094565749168396,0.2674287557601928,0.3101727962493896,7.36601448059082,0.0,0.1711315810680389,20.416282653808597,14.443297386169434,37.0,25.0,30.0,66.66666412353516,
2025-12-17,11:11:41.615000,2b,Toxicity,Original,,462.4508056640625,0.398647129535675,182.97750854492188,0.3972199261188507,0.60158371925354,0.6975688934326172,11.153897285461426,10.04731559753418,6.623726844787598,0.0652481243014335,0.0654637143015861,0.5712683200836182,4.403606414794922,0.0,0.0415028259158134,16.949207305908203,10.82395362854004,37.0,25.0,30.0,77.77777862548828,
2025-12-17,11:11:43.615000,2b,Toxicity,Original,,203.3786163330078,1.0762553215026855,216.50804138183597,0.3724236488342285,0.4223032295703888,0.8105678558349609,11.153897285461426,12.621780395507812,11.870272636413574,0.1279813647270202,0.1741297841072082,0.7809391021728516,9.185264587402344,0.0,0.1261586397886276,14.933488845825195,4.123879432678223,37.0,25.0,30.0,86.66666412353516,
2025-12-17,11:11:43.615000,FinePointe Series WBP [SN 139781]  Site 4 Bias Flow is out of range.,,,,,,,,,,,,,,,,,,,,,,,,,
2025-12-17,11:11:45.615000,2b,Toxicity,Original,,212.457275390625,0.9232341647148132,196.84600830078125,0.2857929766178131,0.5327730774879456,0.6535677909851074,11.153897285461426,12.185501098632812,7.798073291778564,0.1254743337631225,0.157941922545433,0.5750253200531006,9.88949966430664,0.0,0.1080877855420112,17.03139877319336,24.182735443115234,37.0,25.0,30.0,57.14285659790039,
2025-12-17,11:11:45.615000,FinePointe Series WBP [SN 10499C]  Site 2 Bias Flow is out of range.,,,,,,,,,,,,,,,,,,,,,,,,,
2025-12-17,11:11:47.615000,2b,Toxicity,Original,,148.8395233154297,0.9805027842521667,150.76022338867188,0.2497543543577194,0.2704334557056427,0.8942510485649109,11.153897285461426,12.508495330810549,11.786757469177246,0.1309755593538284,0.2907119393348694,0.6158676147460938,16.25421905517578,0.0,0.2412098944187164,19.218914031982425,0.1543406993150711,37.0,25.0,30.0,66.66666412353516,
2025-12-17,11:11:47.615000,FinePointe Series WBP [SN 139781]  Site 2 Bias Flow is out of range.,,,,,,,,,,,,,,,,,,,,,,,,,
2025-12-17,11:11:49.615000,2b,Toxicity,Original,,145.91635131835938,1.2812538146972656,160.96112060546875,0.3444617092609405,0.6436723470687866,0.8869913220405579,11.153897285461426,12.84214210510254,8.174834251403809,0.1655961573123932,0.2941378355026245,0.5288321375846863,35.7921142578125,0.0,0.1773474216461181,17.296863555908203,9.0516357421875,37.0,25.0,30.0,0.0,
2025-12-17,11:11:51.615000,2b,Toxicity,Original,,65.53524780273438,2.4819161891937256,162.65298461914062,0.1534565240144729,0.2256305068731308,0.889571487903595,11.153897285461426,13.297531127929688,9.231173515319824,0.263538509607315,0.6519993543624878,0.1254480481147766,7.042691230773926,0.0,0.5357222557067871,,,37.0,25.0,30.0,83.33333587646484,
2025-12-17,11:11:51.615000,FinePointe Series WBP [SN 139781]  Site 4 Bias Flow is out of range.,,,,,,,,,,,,,,,,,,,,,,,,,
2025-12-17,11:11:55.615000,2b,Toxicity,Original,,76.43258666992188,1.661655306816101,127.0046157836914,0.2945347130298614,0.412405788898468,0.9077172875404358,11.153897285461426,9.84696102142334,9.185009002685549,0.2495964914560318,0.5354089736938477,0.2360149919986724,8.553241729736328,0.0,0.3842636942863464,,,37.0,25.0,30.0,80.0,
2025-12-17,11:11:55.615000,FinePointe Series WBP [SN 10499C]  Site 2 Bias Flow is out of range.,,,,,,,,,,,,,,,,,,,,,,,,,
2025-12-17,11:11:57.615000,2b,Toxicity,Original,,77.92118072509766,1.9951848983764648,155.7440643310547,0.2159812301397323,0.4563749730587005,0.9053640961647034,11.153897285461426,12.673483848571776,7.092652320861816,0.2520498931407928,0.5188760757446289,0.3057939410209656,9.270933151245115,0.0,0.3628382980823517,,4.886185169219971,37.0,25.0,30.0,0.0,
2025-12-17,11:11:57.615000,FinePointe Series WBP [SN 139781]  Site 2 Bias Flow is out of range.,,,,,,,,,,,,,,,,,,,,,,,,,
2025-12-17,11:11:59.615000,2b,Toxicity,Original,,82.49739837646484,2.000794649124145,164.9927978515625,0.1735448688268661,0.2820883393287658,0.9044358730316162,11.153897285461426,11.259947776794434,7.88734245300293,0.2637586891651153,0.4637105762958526,0.2502242028713226,10.805584907531738,0.0,0.3663733005523681,3.256808280944824,,37.0,25.0,30.0,0.0,
2025-12-17,11:12:01.615000,2b,Toxicity,Original,,78.81414031982422,2.0230515003204346,159.1253662109375,0.2141065001487732,0.3310437500476837,0.8203469514846802,11.153897285461426,11.915313720703123,8.289033889770508,0.2535260021686554,0.5092841386795044,0.4526239037513733,7.256105422973633,0.0,0.3872005045413971,5.586569786071777,1.6108150482177734,37.0,25.0,30.0,0.0,
2025-12-17,11:12:03.615000,2b,Toxicity,Original,,80.4161148071289,1.9311773777008057,156.2071075439453,0.3288558721542358,0.4919449388980865,0.7004994750022888,11.153897285461426,14.667218208312988,9.911053657531738,0.2372240573167801,0.5230293273925781,0.4930127561092376,9.877561569213867,0.0,0.3777388632297516,4.7834014892578125,8.962164878845215,37.0,25.0,30.0,0.0,
2025-12-17,11:12:03.615000,FinePointe Series WBP [SN 139781]  Site 4 Bias Flow is out of range.,,,,,,,,,,,,,,,,,,,,,,,,,
2025-12-17,11:12:05.615000,2b,Toxicity,Original,,83.83540344238281,1.7814315557479858,149.2532196044922,0.4175034463405609,0.4757826030254364,0.6715571284294128,11.153897285461426,10.856071472167969,10.398948669433594,0.245006188750267,0.4711749255657196,0.4566783308982849,11.478891372680664,0.0,0.3329715132713318,19.63919258117676,15.33607006072998,37.0,25.0,30.0,33.33333206176758,
2025-12-17,11:12:07.615000,2b,Toxicity,Original,,86.87371826171875,2.4713621139526367,214.6964111328125,0.4557638168334961,0.5852827429771423,0.8184713125228882,11.153897285461426,11.32363986968994,10.465570449829102,0.3632179498672485,0.3274396955966949,0.627366840839386,15.97026824951172,0.0,0.2124230116605758,14.430950164794922,5.885342121124268,37.0,25.0,30.0,83.33333587646484,
2025-12-17,11:12:07.615000,FinePointe Series WBP [SN 139781]  Site 2 Bias Flow is out of range.,,,,,,,,,,,,,,,,,,,,,,,,,
2025-12-17,11:12:09.615000,2b,Toxicity,Original,,322.296875,0.6442285776138306,162.91676330566406,0.5377439260482788,0.6978990435600281,0.4763258397579193,11.153897285461426,9.63747787475586,6.935976028442383,0.1068668812513351,0.1018911227583885,0.4673159122467041,3.449115037918091,0.0,0.0660978332161903,11.99659252166748,16.947851181030273,37.0,25.0,30.0,40.0,
2025-12-17,11:12:11.615000,2b,Toxicity,Original,,141.00540161132812,1.2373902797698977,170.77059936523438,0.566161036491394,0.9333171844482422,0.4276220798492431,11.153897285461426,13.24703598022461,6.796944618225098,0.1634019464254379,0.2771462500095367,0.4052885770797729,13.22120475769043,0.0,0.1572554856538772,15.623616218566896,15.732458114624023,37.0,25.0,30.0,66.66666412353516,
2025-12-17,11:12:11.615000,FinePointe Series WBP [SN 139781]  Site 4 Bias Flow is out of range.,,,,,,,,,,,,,,,,,,,,,,,,,
2025-12-17,11:12:15.615000,2b,Toxicity,Original,,32.280208587646484,6.618224143981934,213.6376495361328,4.698287487030029,4.630328178405762,0.0239213164895772,11.153897285461426,29.987531661987305,17.405447006225586,0.4373976588249206,1.4213265180587769,0.4335170090198517,4.1097731590271,111.64196014404295,0.2546260356903076,,40.53163146972656,37.0,25.0,30.0,50.0,
2025-12-17,11:12:17.615000,2b,Toxicity,Original,,74.64877319335938,1.6460660696029663,122.74685668945312,0.2073627859354019,0.3453119099140167,0.9154186248779296,11.153897285461426,11.080120086669922,7.276212692260742,0.2247564196586609,0.5812017917633057,0.3579479157924652,7.607925891876221,0.0,0.4372180104255676,4.131450653076172,3.052738666534424,37.0,25.0,30.0,60.0,
2025-12-17,11:12:17.615000,FinePointe Series WBP [SN 139781]  Site 2 Bias Flow is out of range.,,,,,,,,,,,,,,,,,,,,,,,,,
2025-12-17,11:12:19.615000,2b,Toxicity,Original,,75.75904846191406,1.6238218545913696,122.90936279296876,0.2541873753070831,0.4106811881065368,0.8835115432739258,11.153897285461426,11.03860855102539,7.799242973327637,0.2492919117212295,0.5443745255470276,0.2706545889377594,7.916004180908203,0.0,0.3924155235290527,1.1188946962356567,3.4043126106262207,37.0,25.0,30.0,0.0,
2025-12-17,11:12:21.615000,2b,Toxicity,Original,,75.30465698242188,1.946171283721924,146.50439453125,0.245164155960083,0.456958532333374,0.8993774652481079,11.153897285461426,11.010299682617188,7.070460319519043,0.2710713148117065,0.5262284278869629,0.3070706129074096,7.731921672821045,0.0,0.3667333126068115,0.0061469450592994,4.363086223602295,37.0,25.0,30.0,0.0,
2025-12-17,11:12:23.615000,2b,Toxicity,Original,,79.06490325927734,1.529017686843872,120.89163208007812,0.1245868355035781,0.3093850016593933,0.8237079381942749,11.153897285461426,11.72646141052246,5.398328304290772,0.2052759528160095,0.5535942316055298,0.2098241001367569,14.953768730163574,0.0,0.428293764591217,,,37.0,25.0,30.0,80.0,
2025-12-17,11:12:23.615000,FinePointe Series WBP [SN 139781]  Site 4 Bias Flow is out of range.,,,,,,,,,,,,,,,,,,,,,,,,,
2025-12-17,11:12:25.615000,2b,Toxicity,Original,,67.94729614257812,1.7869222164154053,120.95436096191406,0.1700759977102279,0.3681055903434753,0.9156397581100464,11.153897285461426,11.861923217773438,7.069853782653809,0.2558947801589966,0.632825493812561,0.132804274559021,7.749124526977539,0.0,0.4665330052375793,,0.8064174056053162,37.0,25.0,30.0,0.0,
2025-12-17,11:12:25.615000,FinePointe Series WBP [SN 139781]  Site 2 Bias Flow is out of range.,,,,,,,,,,,,,,,,,,,,,,,,,
2025-12-17,11:12:27.615000,2b,Toxicity,Original,,65.3019027709961,1.8602713346481323,121.74472045898438,0.3160057067871094,0.5667961239814758,0.9057034850120544,11.153897285461426,10.835307121276855,7.042326927185059,0.2780696749687195,0.6427049040794373,0.2439737915992736,8.532445907592773,0.0,0.4154400527477264,,,37.0,25.0,30.0,0.0,
2025-12-17,11:12:29.615000,2b,Toxicity,Original,,85.62320709228516,1.7656629085540771,151.20745849609375,0.355135828256607,0.4977097511291504,0.8803457021713257,11.153897285461426,10.200591087341309,7.434201717376709,0.2661868333816528,0.4346091747283935,0.4775581955909729,8.595206260681152,0.0,0.296865165233612,4.874417304992676,5.785354137420654,37.0,25.0,30.0,0.0,
2025-12-17,11:12:31.615000,2b,Toxicity,Original,,73.54297637939453,1.6782031059265137,123.25379943847656,0.197208359837532,0.3811264634132385,0.8776042461395264,11.153897285461426,11.807425498962402,7.047958850860596,0.2294360101222992,0.5894424319267273,0.2789150476455688,8.710044860839844,0.0,0.4307291805744171,,,37.0,25.0,30.0,0.0,
2025-12-17,11:12:33.615000,2b,Toxicity,Original,,82.46363830566406,1.6227097511291504,134.040771484375,0.2304566204547882,0.4114836454391479,0.8951137065887451,11.153897285461426,10.110859870910645,6.537724494934082,0.2544830441474914,0.4758941233158111,0.3034652471542358,13.074355125427246,0.0,0.3452652394771576,0.5963367819786072,0.4437202215194702,37.0,25.0,30.0,0.0,
2025-12-17,11:12:33.615000,FinePointe Series WBP [SN 139781]  Site 4 Bias Flow is out of range.,,,,,,,,,,,,,,,,,,,,,,,,,
2025-12-17,11:12:35.615000,2b,Toxicity,Original,,75.55850219726562,1.6211276054382324,122.81584167480467,0.1904144287109375,0.345584362745285,0.8741658329963684,11.153897285461426,11.216328620910645,7.01674222946167,0.2402327507734298,0.557049036026001,0.3577388226985931,15.04283332824707,0.0,0.4203231632709503,4.173412322998047,0.7823530435562134,37.0,25.0,30.0,0.0,
2025-12-17,11:12:35.615000,FinePointe Series WBP [SN 139781]  Site 2 Bias Flow is out of range.,,,,,,,,,,,,,,,,,,,,,,,,,
2025-12-17,11:12:37.615000,2b,Toxicity,Original,,69.57862854003906,1.7176717519760132,119.23616027832033,0.1732930839061737,0.3379943966865539,0.8960183262825012,11.153897285461426,10.539857864379885,6.694365501403809,0.2523066699504852,0.6107544898986816,0.1329660564661026,11.426183700561523,0.0,0.4622498154640198,,,37.0,25.0,30.0,0.0,
2025-12-17,11:12:39.615000,2b,Toxicity,Original,,74.45386505126953,1.8819429874420168,139.93850708007812,0.2893223762512207,0.3960364162921905,0.9146846532821656,11.153897285461426,10.45609188079834,7.047415733337402,0.2782310843467712,0.5280673503875732,0.2173680663108825,11.366235733032228,0.0,0.3857088088989258,,1.145566463470459,37.0,25.0,30.0,0.0,
2025-12-17,11:12:41.615000,2b,Toxicity,Original,,75.13545227050781,2.425714492797852,177.9322967529297,0.2033601701259613,0.4595826268196106,0.9050700664520264,11.153897285461426,14.54397964477539,7.312878608703613,0.2874846458435058,0.5137088298797607,0.4069791138172149,9.54937744140625,0.0,0.3570520281791687,12.096124649047852,4.161098480224609,37.0,25.0,30.0,33.33333206176758,
2025-12-17,11:12:43.615000,2b,Toxicity,Original,,104.49745178222656,2.2846333980560303,256.1926574707031,0.4687767326831817,1.0755881071090698,0.4880915880203247,11.153897285461426,19.8018741607666,8.339635848999023,0.1964808851480484,0.425452709197998,0.5174420475959778,9.437341690063477,0.0,0.2413484752178192,6.275952339172363,16.58809471130371,37.0,25.0,30.0,50.0,
2025-12-17,11:12:43.615000,FinePointe Series WBP [SN 139781]  Site 4 Bias Flow is out of range.,,,,,,,,,,,,,,,,,,,,,,,,,
2025-12-17,11:12:45.615000,2b,Toxicity,Original,,98.6199951171875,2.3005878925323486,239.9670867919922,0.8226510286331177,0.4839748740196228,0.7427035570144653,11.153897285461426,12.133983612060549,16.70862579345703,0.2950887084007263,0.4044568240642547,1.221360445022583,15.219788551330566,0.0,0.3050982356071472,13.010258674621582,42.51407241821289,37.0,25.0,30.0,33.33333206176758,
2025-12-17,11:12:47.615000,2b,Toxicity,Original,,159.76539611816406,2.067531108856201,360.1347351074219,0.7509315609931946,0.6313397288322449,0.680938184261322,11.153897285461426,20.047607421875,14.794351577758787,0.2397021353244781,0.3116130232810974,1.2054898738861084,12.291772842407228,6.983927249908447,0.2155881077051162,14.62425422668457,11.564661979675291,37.0,25.0,30.0,40.0,
2025-12-17,11:12:47.615000,FinePointe Series WBP [SN 139781]  Site 2 Bias Flow is out of range.,,,,,,,,,,,,,,,,,,,,,,,,,
2025-12-17,11:12:49.615000,2b,Toxicity,Original,,69.5942153930664,1.6527414321899414,115.021240234375,0.1298417150974273,0.2548849880695343,0.9321487545967102,11.153897285461426,13.209278106689451,8.138727188110352,0.2077386528253555,0.6544020175933838,0.1748144477605819,12.224117279052734,0.0,0.528627336025238,,,37.0,25.0,30.0,66.66666412353516,
2025-12-17,11:12:51.615000,2b,Toxicity,Original,,68.47021484375,1.881547451019287,128.16519165039062,0.2367042899131775,0.4465712308883667,0.8143239617347717,11.153897285461426,11.198713302612305,7.029257774353027,0.2790630459785461,0.6147462129592896,0.1200436875224113,10.694679260253906,0.0,0.444772869348526,,,37.0,25.0,30.0,25.0,
2025-12-17,11:12:53.615000,2b,Toxicity,Original,,64.6097412109375,2.0624849796295166,133.02777099609375,0.2324518263339996,0.4276871085166931,0.911945939064026,11.153897285461426,11.777177810668944,7.0406999588012695,0.2891783714294433,0.6399001479148865,0.2012904733419418,7.413264274597168,0.0,0.4610970020294189,,,37.0,25.0,30.0,0.0,
2025-12-17,11:12:53.615000,FinePointe Series WBP [SN 139781]  Site 4 Bias Flow is out of range.,,,,,,,,,,,,,,,,,,,,,,,,,
2025-12-17,11:12:55.615000,2b,Toxicity,Original,,91.712158203125,1.6927824020385742,156.3900604248047,0.3729965686798095,0.5901826024055481,0.5213343501091003,11.153897285461426,10.535971641540527,6.544830322265625,0.2467993199825287,0.4414912462234497,0.2332503795623779,5.650447368621826,0.0,0.2821477055549621,1.076269507408142,30.52813720703125,37.0,25.0,30.0,33.33333206176758,
2025-12-17,11:12:57.615000,2b,Toxicity,Original,,76.93042755126953,1.700367093086243,131.4646759033203,0.2534227073192596,0.3995040357112884,0.9117864370346068,11.153897285461426,10.425482749938965,7.976408958435059,0.2480769604444503,0.5362381935119629,0.2584616839885711,9.479583740234377,0.0,0.3858273923397064,3.235321283340454,,37.0,25.0,30.0,0.0,
2025-12-17,11:12:57.615000,FinePointe Series WBP [SN 139781]  Site 2 Bias Flow is out of range.,,,,,,,,,,,,,,,,,,,,,,,,,
2025-12-17,11:12:59.615000,2b,Toxicity,Original,,66.83352661132812,1.827460765838623,122.13915252685548,0.305738627910614,0.5567513704299927,0.9251425266265868,11.153897285461426,10.539249420166016,6.021229267120361,0.2720996141433716,0.6258496046066284,0.1838709712028503,8.137557029724121,0.0,0.4084947109222412,,,37.0,25.0,30.0,0.0,
2025-12-17,11:13:01.615000,2b,Toxicity,Original,,65.38098907470703,1.8390448093414309,120.31400299072266,0.2126998603343963,0.4095882773399353,0.8726072311401367,11.153897285461426,9.535816192626951,5.708768367767334,0.2876213192939758,0.6303501129150391,0.1185344606637954,7.407011032104492,0.0,0.4540143609046936,,1.0368925333023071,37.0,25.0,30.0,0.0,
2025-12-17,11:13:03.615000,2b,Toxicity,Original,,87.11096954345703,1.3809281587600708,115.6627960205078,0.2908205986022949,0.352723479270935,0.8570292592048645,11.153897285461426,7.602311134338379,7.088202476501465,0.2679820954799652,0.4267114102840423,0.3472469747066498,33.88374710083008,0.0,0.3230757415294647,6.776131629943848,1.6528164148330688,37.0,25.0,30.0,25.0,
2025-12-17,11:13:03.615000,FinePointe Series WBP [SN 139781]  Site 4 Bias Flow is out of range.,,,,,,,,,,,,,,,,,,,,,,,,,
2025-12-17,11:13:05.615000,2b,Toxicity,Original,,72.42448425292969,1.572082281112671,113.63941955566406,0.2605642676353454,0.4485697150230407,0.9335620403289796,11.153897285461426,11.727432250976562,6.5565185546875,0.2247597277164459,0.6037940979003906,0.2492661327123642,19.980690002441406,0.0,0.4329943656921386,8.606168746948242,4.5665669441223145,37.0,25.0,30.0,0.0,
2025-12-17,11:13:07.615000,2b,Toxicity,Original,,295.9092102050781,2.3458707332611084,694.1647338867188,0.5926893353462219,0.8663862943649292,0.5108098387718201,11.153897285461426,36.27087020874024,25.27489852905273,0.1009657680988311,0.1017991304397583,2.245491504669189,5.634957790374756,0.0,0.0555392727255821,16.103534698486328,16.972803115844727,37.0,25.0,30.0,80.0,
2025-12-17,11:13:07.615000,FinePointe Series WBP [SN 139781]  Site 2 Bias Flow is out of range.,,,,,,,,,,,,,,,,,,,,,,,,,
2025-12-17,11:13:13.615000,2b,Toxicity,Original,,151.2954864501953,0.8806858062744141,144.70602416992188,3.267705202102661,4.218608856201172,0.38103848695755,11.153897285461426,11.670793533325195,11.972420692443848,0.1479598581790924,0.2765928208827972,1.0474568605422974,5.272370338439941,180.158935546875,0.0657852813601493,8.664335250854492,26.66734504699707,37.0,25.0,30.0,86.66666412353516,
2025-12-17,11:13:13.615000,FinePointe Series WBP [SN 139781]  Site 4 Bias Flow is out of range.,,,,,,,,,,,,,,,,,,,,,,,,,
2025-12-17,11:13:15.615000,2b,Toxicity,Original,,358.09246826171875,0.3982647359371185,130.03001403808594,0.6007003784179688,0.966028928756714,0.2864919304847717,11.153897285461426,8.720105171203613,4.44156551361084,0.0737472474575042,0.1016331166028976,0.3527316153049469,5.072685718536377,0.0,0.0534162372350692,12.429893493652344,16.290130615234375,37.0,25.0,30.0,80.0,
2025-12-17,11:13:17.615000,2b,Toxicity,Original,,204.55157470703125,0.953088104724884,194.95567321777344,0.2571532130241394,0.5699634552001953,0.9030511379241944,11.153897285461426,13.280428886413574,6.442831993103027,0.1205768585205078,0.1727476865053177,0.5542368292808533,8.474674224853516,0.0,0.1122470572590828,13.297537803649902,6.382923603057861,37.0,25.0,30.0,50.0,
2025-12-17,11:13:17.615000,FinePointe Series WBP [SN 139781]  Site 2 Bias Flow is out of range.,,,,,,,,,,,,,,,,,,,,,,,,,
2025-12-17,11:13:23.615000,2b,Toxicity,Original,,110.8219985961914,1.7135522365570068,186.1356658935547,0.4901141822338104,0.6708687543869019,0.715985119342804,11.153897285461426,10.611428260803224,7.446821212768555,0.2420967519283294,0.4397377371788025,0.6157870888710022,5.546505451202393,2.9037649631500244,0.2903662919998169,11.624279022216797,7.417122840881348,37.0,25.0,30.0,84.61538696289062,
2025-12-17,11:13:23.615000,FinePointe Series WBP [SN 139781]  Site 4 Bias Flow is out of range.,,,,,,,,,,,,,,,,,,,,,,,,,
2025-12-17,11:13:25.615000,2b,Toxicity,Original,,71.29527282714844,1.714192032814026,122.32868957519533,0.2492263317108154,0.4592969119548797,0.8844612836837769,11.153897285461426,11.444391250610352,7.480311393737793,0.2240636795759201,0.6180895566940308,0.2640397846698761,8.31515121459961,0.0,0.4318420588970184,,,37.0,25.0,30.0,33.33333206176758,
2025-12-17,11:13:25.615000,FinePointe Series WBP [SN 139781]  Site 2 Bias Flow is out of range.,,,,,,,,,,,,,,,,,,,,,,,,,
2025-12-17,11:13:27.615000,2b,Toxicity,Original,,67.8904800415039,1.925983548164368,130.42031860351562,0.1912314891815185,0.3029871881008148,0.9226601719856262,11.153897285461426,11.930585861206056,9.116803169250488,0.2687296271324157,0.627876877784729,0.2976821064949035,9.351114273071287,0.0,0.4839667379856109,1.6786789894104004,,37.0,25.0,30.0,0.0,
2025-12-17,11:13:29.615000,2b,Toxicity,Original,,106.06673431396484,1.786365270614624,188.2212371826172,0.2996363639831543,0.5019737482070923,0.7473734617233276,11.153897285461426,11.963726997375488,7.354588508605957,0.2481100559234619,0.3577467799186706,0.3878980576992035,11.136932373046877,0.0,0.2520076632499695,10.92583465576172,4.850038528442383,37.0,25.0,30.0,50.0,
2025-12-17,11:13:33.615000,2b,Toxicity,Original,,87.20429992675781,1.6933636665344238,145.4969482421875,0.2316845059394836,0.3242903649806976,0.8778433799743652,11.153897285461426,11.614110946655272,9.15834903717041,0.2375279814004898,0.4632954895496368,0.4309825301170349,9.142817497253418,0.0,0.3547990322113037,5.112135887145996,,37.0,25.0,30.0,62.5,
2025-12-17,11:13:33.615000,FinePointe Series WBP [SN 139781]  Site 4 Bias Flow is out of range.,,,,,,,,,,,,,,,,,,,,,,,,,
2025-12-17,11:13:35.615000,2b,Toxicity,Original,,197.0598907470703,2.17898178100586,444.7796325683594,0.3004412353038788,0.5314630270004272,0.6779085397720337,11.153897285461426,25.72298812866211,14.523970603942873,0.1665992140769958,0.2228713035583496,0.9993274211883544,16.171133041381836,3.735805749893189,0.1737510412931442,17.192167282104492,21.402746200561523,37.0,25.0,30.0,66.66666412353516,
2025-12-17,11:13:35.615000,FinePointe Series WBP [SN 139781]  Site 2 Bias Flow is out of range.,,,,,,,,,,,,,,,,,,,,,,,,,
2025-12-17,11:13:43.615000,2b,Toxicity,Original,,63.47823715209961,1.836680889129639,116.56755065917967,0.2340747565031051,0.3186852633953094,0.9267685413360596,11.153897285461426,12.268531799316406,11.343426704406738,0.2365036308765411,0.708713173866272,0.2260534316301345,10.541459083557127,0.0,0.5470618009567261,,,37.0,25.0,30.0,88.23529052734375,
2025-12-17,11:13:43.615000,FinePointe Series WBP [SN 139781]  Site 4 Bias Flow is out of range.,,,,,,,,,,,,,,,,,,,,,,,,,
2025-12-17,11:13:45.615000,2b,Toxicity,Original,,65.73258209228516,2.00905179977417,130.57028198242188,0.2350988388061523,0.3367128670215606,0.9158400893211364,11.153897285461426,12.191397666931152,11.155333518981934,0.2472912371158599,0.6760615706443787,0.525627613067627,11.744589805603027,0.0,0.5078735947608948,,,37.0,25.0,30.0,0.0,
2025-12-17,11:13:47.615000,2b,Toxicity,Original,,62.60143280029297,2.048752546310425,128.24929809570312,0.2242770493030548,0.3559038639068603,0.930442214012146,11.153897285461426,12.13612461090088,8.669200897216797,0.2663671970367431,0.6921557188034058,0.3908865749835968,7.768557071685791,0.0,0.5156107544898987,,,37.0,25.0,30.0,0.0,
2025-12-17,11:13:47.615000,FinePointe Series WBP [SN 139781]  Site 2 Bias Flow is out of range.,,,,,,,,,,,,,,,,,,,,,,,,,
2025-12-17,11:13:49.615000,2b,Toxicity,Original,,67.84278869628906,2.0305466651916504,137.75794982910156,0.1492960900068283,0.3080643713474273,0.9411610960960388,11.153897285461426,11.740619659423828,7.402453422546387,0.268137514591217,0.6162601113319397,0.3037333488464355,6.393154621124268,0.0,0.4752683341503143,,,37.0,25.0,30.0,66.66666412353516,
2025-12-17,11:13:51.615000,2b,Toxicity,Original,,74.1978759765625,1.5794442892074585,117.19140625,0.0883546099066734,0.182752713561058,0.9259148836135864,11.153897285461426,12.890501976013184,7.625555038452148,0.1844010651111602,0.6242474317550659,0.312000423669815,30.731521606445312,0.0,0.5349507927894592,,,37.0,25.0,30.0,80.0,
2025-12-17,11:13:53.615000,2b,Toxicity,Original,,67.56462097167969,1.8525243997573853,125.10216522216795,0.1835657209157943,0.3178898692131042,0.9200574159622192,11.153897285461426,11.313714981079102,7.848778247833252,0.2526686787605285,0.636296808719635,0.2043151259422302,10.069520950317385,0.0,0.4883429408073425,1.0553045272827148,,37.0,25.0,30.0,0.0,
2025-12-17,11:13:53.615000,FinePointe Series WBP [SN 139781]  Site 4 Bias Flow is out of range.,,,,,,,,,,,,,,,,,,,,,,,,,
2025-12-17,11:13:55.615000,2b,Toxicity,Original,,72.89814758300781,1.8207652568817136,132.86654663085938,0.2223879694938659,0.3476268649101257,0.9261287450790404,11.153897285461426,12.455087661743164,8.703449249267578,0.2416886389255523,0.5840285420417786,0.2454524636268615,10.271757125854492,0.0,0.4379991888999939,,,37.0,25.0,30.0,0.0,
2025-12-17,11:13:57.615000,2b,Toxicity,Original,,67.40885925292969,1.7673239707946775,119.12389373779295,0.2688230574131012,0.4349337220191955,0.9217665195465088,11.153897285461426,10.618179321289062,8.187956809997559,0.2600071132183075,0.6303055286407471,0.2310005724430084,7.417517185211182,0.0,0.4486704766750335,,,37.0,25.0,30.0,0.0,
2025-12-17,11:13:57.615000,FinePointe Series WBP [SN 139781]  Site 2 Bias Flow is out of range.,,,,,,,,,,,,,,,,,,,,,,,,,
2025-12-17,11:13:59.615000,2b,Toxicity,Original,,69.47991180419922,1.959423303604126,136.17669677734375,0.2214055061340332,0.3841238617897033,0.9236232042312622,11.153897285461426,10.855796813964844,7.218779563903809,0.279354453086853,0.5853121876716614,0.2687559425830841,8.084890365600586,0.0,0.4283856153488159,,,37.0,25.0,30.0,0.0,
2025-12-17,11:14:01.615000,2b,Toxicity,Original,,72.11474609375,1.8533618450164795,133.69520568847656,0.2901936769485473,0.4953070282936096,0.8432504534721375,11.153897285461426,10.411087036132812,6.869758605957031,0.2642889022827148,0.5699299573898315,0.1844525635242462,6.2751288414001465,6.111897468566895,0.3862946331501007,,1.2505522966384888,37.0,25.0,30.0,0.0,
2025-12-17,11:14:03.615000,2b,Toxicity,Original,,76.8546142578125,1.7742185592651367,136.3329315185547,0.2261007577180862,0.3970994055271148,0.9000787734985352,11.153897285461426,11.618475914001465,8.04861831665039,0.2525138854980469,0.52901291847229,0.267471581697464,8.165220260620117,0.0,0.3852185010910034,2.00574254989624,,37.0,25.0,30.0,0.0,
2025-12-17,11:14:03.615000,FinePointe Series WBP [SN 139781]  Site 4 Bias Flow is out of range.,,,,,,,,,,,,,,,,,,,,,,,,,
2025-12-17,11:14:05.615000,2b,Toxicity,Original,,72.0610580444336,1.7288943529129028,124.73446655273438,0.2251302003860473,0.3705748319625854,0.857329785823822,11.153897285461426,10.988975524902344,7.154919147491455,0.2536028325557709,0.579551637172699,0.2436477839946746,7.796064376831055,0.0,0.4286366403102875,,0.8607202172279358,37.0,25.0,30.0,0.0,
2025-12-17,11:14:07.615000,2b,Toxicity,Original,,70.04203796386719,1.9218056201934812,134.6041259765625,0.2483519464731216,0.3808782696723938,0.9141631722450256,11.153897285461426,10.715652465820312,7.884940147399902,0.2763406634330749,0.5806311368942261,0.2632493376731872,6.195390701293945,0.0,0.4241658449172973,1.298725962638855,,37.0,25.0,30.0,0.0,
2025-12-17,11:14:07.615000,FinePointe Series WBP [SN 139781]  Site 2 Bias Flow is out of range.,,,,,,,,,,,,,,,,,,,,,,,,,
2025-12-17,11:14:09.615000,2b,Toxicity,Original,,76.89745330810547,1.7351906299591064,133.61370849609375,0.2206937074661255,0.3487843573093414,0.9043830633163452,11.153897285461426,10.143228530883787,7.752562999725342,0.2759643793106079,0.5057183504104614,0.3307088613510132,10.016560554504396,0.0,0.3798431158065796,7.6462907791137695,,37.0,25.0,30.0,0.0,
2025-12-17,11:14:11.615000,2b,Toxicity,Original,,73.97160339355469,1.658273220062256,122.72750091552734,0.2431194484233856,0.3318055868148803,0.9239442944526672,11.153897285461426,10.516040802001951,8.780475616455078,0.2582194805145263,0.5530643463134766,0.2088917195796966,7.358541965484619,0.0,0.4201253652572632,1.0990923643112185,,37.0,25.0,30.0,0.0,
2025-12-17,11:14:13.615000,2b,Toxicity,Original,,69.01982879638672,1.8296321630477903,126.25106811523438,0.2361253499984741,0.3753769099712372,0.9273263216018676,11.153897285461426,10.55934715270996,7.432474613189697,0.2893663942813873,0.5828040838241577,0.2590040266513824,7.981001853942871,0.0,0.432887315750122,3.196249961853028,,37.0,25.0,30.0,0.0,
2025-12-17,11:14:13.615000,FinePointe Series WBP [SN 139781]  Site 4 Bias Flow is out of range.,,,,,,,,,,,,,,,,,,,,,,,,,
2025-12-17,11:14:15.615000,2b,Toxicity,Original,,75.87181091308594,1.8334667682647705,138.9349365234375,0.2854843735694885,0.4088784754276275,0.8657752275466919,11.153897285461426,9.708614349365234,7.663313865661621,0.2955857813358307,0.4982998073101043,0.3769151568412781,8.032209396362305,0.0,0.360962450504303,3.707286834716797,5.959589958190918,37.0,25.0,30.0,0.0,
2025-12-17,11:14:17.615000,2b,Toxicity,Original,,75.53321838378906,1.7482178211212158,132.636962890625,0.2502390742301941,0.358029305934906,0.9089975357055664,11.153897285461426,10.094725608825684,8.264102935791016,0.2662824392318725,0.5465782880783081,0.3587272763252258,13.463388442993164,0.0,0.4076082110404968,2.1279871463775635,,37.0,25.0,30.0,0.0,
2025-12-17,11:14:17.615000,FinePointe Series WBP [SN 139781]  Site 2 Bias Flow is out of range.,,,,,,,,,,,,,,,,,,,,,,,,,
2025-12-17,11:14:19.615000,2b,Toxicity,Original,,67.02276611328125,1.7840431928634644,119.61587524414062,0.2254178375005722,0.3904892802238464,0.9164405465126038,11.153897285461426,10.020723342895508,7.064412593841553,0.2715559303760528,0.6239432692527771,0.260861337184906,9.543831825256348,0.0,0.4541688859462738,,0.5345190763473511,37.0,25.0,30.0,0.0,
2025-12-17,11:14:21.615000,2b,Toxicity,Original,,72.48310089111328,1.7915165424346924,129.4853515625,0.3351318836212158,0.5727233290672302,0.8771018981933594,11.153897285461426,9.03359031677246,6.455159187316895,0.2990130186080932,0.531541109085083,0.3669743239879608,7.196761131286621,0.0,0.3409980833530426,1.2973898649215698,2.187727451324463,37.0,25.0,30.0,0.0,
2025-12-17,11:14:23.615000,2b,Toxicity,Original,,72.74262237548828,1.6154518127441406,118.23343658447266,0.2234062850475311,0.4516720175743103,0.9344890713691713,11.153897285461426,13.014949798583984,8.265039443969727,0.1986364126205444,0.6403480768203735,0.1768836826086044,10.968957901000977,0.0,0.4411883056163788,1.4978036880493164,,37.0,25.0,30.0,0.0,
2025-12-17,11:14:23.615000,FinePointe Series WBP [SN 139781]  Site 4 Bias Flow is out of range.,,,,,,,,,,,,,,,,,,,,,,,,,
2025-12-17,11:14:25.615000,2b,Toxicity,Original,,63.72802734375,1.7076127529144287,108.80429077148438,0.2344425320625305,0.4417060613632202,0.9233064651489258,11.153897285461426,10.32182502746582,6.89210319519043,0.2560493350028991,0.6854918003082275,0.1999589502811432,7.0017194747924805,0.0,0.4800716340541839,,,37.0,25.0,30.0,0.0,
2025-12-17,11:14:27.615000,2b,Toxicity,Original,,255.5301055908203,0.16968834400177,43.36048126220703,0.3745399117469787,0.3989540934562683,0.6641349792480469,11.153897285461426,2.2042946815490723,1.912549376487732,0.1294057369232177,0.105400264263153,0.0977782979607582,6.75706148147583,0.0,0.0778284668922424,29.0252685546875,13.29526710510254,37.0,25.0,30.0,80.0,
2025-12-17,11:14:27.615000,FinePointe Series WBP [SN 139781]  Site 2 Bias Flow is out of range.,,,,,,,,,,,,,,,,,,,,,,,,,
2025-12-17,11:14:29.615000,2b,Toxicity,Original,,117.83946228027344,1.238343358039856,145.92572021484375,0.3388690948486328,0.5025193691253662,0.9244285225868224,11.153897285461426,14.347518920898438,10.886942863464355,0.1608439832925796,0.3483233153820038,0.617933988571167,8.611130714416504,0.0,0.2346464991569519,4.597003936767578,,37.0,25.0,30.0,66.66666412353516,
2025-12-17,11:14:33.615000,2b,Toxicity,Original,,374.0611572265625,0.3210932314395904,123.29395294189452,0.6062591671943665,0.4797706007957458,0.7073919177055359,11.153897285461426,7.449501991271973,8.157171249389648,0.0813165977597236,0.0872052237391471,0.655539870262146,7.34904146194458,0.0,0.0631005689501762,22.878087997436523,10.4932222366333,37.0,25.0,30.0,85.0,
2025-12-17,11:14:33.615000,FinePointe Series WBP [SN 139781]  Site 4 Bias Flow is out of range.,,,,,,,,,,,,,,,,,,,,,,,,,
2025-12-17,11:14:35.615000,2b,Toxicity,Original,,207.20199584960935,0.9178253412246704,102.94886779785156,0.6897004246711731,0.4576650261878967,0.839558482170105,11.153897285461426,8.068292617797852,8.63847541809082,0.1569209545850753,0.2541220784187317,0.4119531512260437,7.548055648803711,0.0,0.1809107065200805,18.90508079528809,11.491661071777344,37.0,25.0,30.0,60.0,
2025-12-17,11:14:35.615000,FinePointe Series WBP [SN 139781]  Site 2 Bias Flow is out of range.,,,,,,,,,,,,,,,,,,,,,,,,,
2025-12-17,11:14:37.615000,2b,Toxicity,Original,,268.27392578125,0.5485789775848389,147.16943359375,0.2031289637088775,0.352557510137558,0.8431811332702637,11.153897285461426,12.599021911621094,7.686694145202637,0.0789618641138076,0.14469014108181,0.5808322429656982,30.32361221313477,0.0,0.1089087799191474,29.8902645111084,6.4380950927734375,37.0,25.0,30.0,85.71428680419922,
2025-12-17,11:14:41.615000,2b,Toxicity,Original,,252.4558258056641,0.8976024389266968,136.52902221679688,0.2611910104751587,0.5220587849617004,0.705236554145813,11.153897285461426,11.060736656188965,5.763418674468994,0.1220228672027587,0.2869912087917328,0.2548127472400665,8.858004570007324,0.0,0.1881938576698303,16.203903198242188,8.360267639160156,37.0,25.0,30.0,69.23076629638672,
2025-12-17,11:14:43.615000,2b,Toxicity,Original,,359.1038818359375,0.7188495397567749,258.14166259765625,0.3905583620071411,0.635536789894104,0.6047890782356262,11.153897285461426,12.746706008911133,7.761459827423096,0.0943299308419227,0.0727526322007179,0.660193145275116,6.878488063812256,0.0,0.0456592962145805,19.123571395874023,13.607873916625977,37.0,25.0,30.0,83.33333587646484,
2025-12-17,11:14:43.615000,FinePointe Series WBP [SN 139781]  Site 4 Bias Flow is out of range.,,,,,,,,,,,,,,,,,,,,,,,,,
2025-12-17,11:14:45.615000,2b,Toxicity,Original,,367.63623046875,0.4933286905288696,176.3233184814453,0.3953256905078888,0.6316576600074768,0.6080169081687927,11.153897285461426,9.742477416992188,6.560621738433838,0.0800320953130722,0.0840898901224136,0.5629695653915405,6.4846954345703125,0.0,0.0526411011815071,18.43473625183105,13.037145614624023,37.0,25.0,30.0,66.66666412353516,
2025-12-17,11:14:45.615000,FinePointe Series WBP [SN 139781]  Site 2 Bias Flow is out of range.,,,,,,,,,,,,,,,,,,,,,,,,,
2025-12-17,11:14:47.615000,2b,Toxicity,Original,,238.5704345703125,0.3456403017044067,82.45955657958984,0.3263660669326782,0.449067085981369,0.7899571061134338,11.153897285461426,4.550136566162109,3.59905743598938,0.1451631635427475,0.1063348874449729,0.2772848606109619,8.37517261505127,0.0,0.0750840231776237,18.49300575256348,13.991641998291016,37.0,25.0,30.0,80.0,
2025-12-17,11:14:49.615000,2b,Toxicity,Original,,69.10267639160156,1.97624933719635,136.35675048828125,0.1579008996486663,0.2867330014705658,0.9331899285316468,11.153897285461426,11.553821563720703,7.807750225067139,0.2613629996776581,0.6114771366119385,0.2627967596054077,11.071706771850586,0.0,0.4815394282341003,5.002933025360107,,37.0,25.0,30.0,50.0,
2025-12-17,11:14:51.615000,2b,Toxicity,Original,,220.20816040039065,1.1710164546966553,182.10202026367188,0.2798035740852356,0.3897528946399688,0.8343170881271362,11.153897285461426,10.64340877532959,7.950499534606934,0.1602134555578231,0.2501583099365234,0.4424653351306915,9.775152206420898,0.0,0.1851347088813781,19.345325469970703,5.243001937866211,37.0,25.0,30.0,40.0,
2025-12-17,11:14:51.615000,FinePointe Series WBP [SN 139781]  Site 4 Bias Flow is out of range.,,,,,,,,,,,,,,,,,,,,,,,,,
2025-12-17,11:14:55.615000,2b,Toxicity,Original,,197.26641845703125,0.9749654531478882,200.9774475097656,0.2004199177026748,0.3483558893203735,0.8177443146705627,11.153897285461426,15.150263786315918,9.54888916015625,0.1097882241010665,0.20494344830513,0.6213073134422302,15.845619201660156,0.0,0.1592560410499572,17.513553619384766,8.960536003112793,37.0,25.0,30.0,87.5,
2025-12-17,11:14:55.615000,FinePointe Series WBP [SN 139781]  Site 2 Bias Flow is out of range.,,,,,,,,,,,,,,,,,,,,,,,,,
2025-12-17,11:14:59.615000,2b,Toxicity,Original,,142.42459106445312,1.0658502578735352,147.96286010742188,0.3337850868701935,0.5621114373207092,0.883927047252655,11.153897285461426,11.145404815673828,9.041346549987791,0.1604351997375488,0.2671120464801788,0.516795814037323,14.7113037109375,0.0,0.185472771525383,16.67036247253418,4.1730122566223145,37.0,25.0,30.0,66.66666412353516,
2025-12-17,11:15:01.615000,2b,Toxicity,Original,,238.80316162109372,0.837304949760437,199.95106506347656,0.4002563059329986,0.3943449854850769,0.8441222906112671,11.153897285461426,8.720407485961914,9.76852321624756,0.1375253647565841,0.1137275919318199,0.5973870158195496,6.759998798370361,0.0,0.0831533893942833,15.041913986206056,3.87370228767395,37.0,25.0,30.0,50.0,
2025-12-17,11:15:03.615000,2b,Toxicity,Original,,89.5679931640625,1.1835129261016846,106.00487518310548,0.2066787630319595,0.671680212020874,0.9406021237373352,11.153897285461426,14.393592834472656,5.130823612213135,0.1319288909435272,0.53795325756073,0.0631679818034172,12.484631538391112,0.0,0.3245691359043121,,,37.0,25.0,30.0,80.0,
2025-12-17,11:15:03.615000,FinePointe Series WBP [SN 139781]  Site 4 Bias Flow is out of range.,,,,,,,,,,,,,,,,,,,,,,,,,
2025-12-17,11:15:05.615000,2b,Toxicity,Original,,61.87163925170898,5.786991119384766,358.0506286621094,0.7751057744026184,0.8913770914077759,0.1095953062176704,11.153897285461426,29.742719650268555,20.41283798217773,0.3857830166816711,0.5839666128158569,1.0569802522659302,8.056705474853516,0.0,0.3176982402801513,,29.26254272460937,37.0,25.0,30.0,50.0,
2025-12-17,11:15:07.615000,2b,Toxicity,Original,,75.36406707763672,1.679776668548584,126.59479522705078,0.261489987373352,0.4657513201236725,0.92070472240448,11.153897285461426,10.759584426879885,7.919871807098389,0.2248338758945465,0.5713015198707581,0.265480101108551,7.870645999908447,0.0,0.393700510263443,,,37.0,25.0,30.0,83.33333587646484,
2025-12-17,11:15:07.615000,FinePointe Series WBP [SN 139781]  Site 2 Bias Flow is out of range.,,,,,,,,,,,,,,,,,,,,,,,,,
2025-12-17,11:15:09.615000,2b,Toxicity,Original,,71.95060729980469,1.969367265701294,141.67877197265625,0.1865394562482834,0.3821424841880798,0.8913518190383911,11.153897285461426,13.603598594665527,7.80336856842041,0.2392707169055938,0.5962353944778442,0.2621800601482391,8.021808624267578,0.0,0.4365710020065307,,,37.0,25.0,30.0,0.0,
2025-12-17,11:15:11.615000,2b,Toxicity,Original,,76.43118286132812,1.906140685081482,145.67349243164062,0.1061870232224464,0.1917052865028381,0.9208771586418152,11.153897285461426,13.916463851928713,9.047365188598633,0.2270108312368393,0.558012068271637,0.3710765838623047,10.803094863891602,0.0,0.4728077054023742,20.58181953430176,,37.0,25.0,30.0,0.0,
2025-12-17,11:15:13.615000,2b,Toxicity,Original,,63.38019180297852,2.0749285221099854,131.215576171875,0.1761087924242019,0.3343424201011657,0.928898811340332,11.153897285461426,11.193495750427246,7.34574031829834,0.26768559217453,0.6792989373207092,0.2100178897380828,10.770023345947266,0.0,0.5158700942993164,,,37.0,25.0,30.0,50.0,
2025-12-17,11:15:13.615000,FinePointe Series WBP [SN 139781]  Site 4 Bias Flow is out of range.,,,,,,,,,,,,,,,,,,,,,,,,,
2025-12-17,11:15:15.615000,2b,Toxicity,Original,,84.29584503173828,1.785638689994812,150.27365112304688,0.2585117816925049,0.4140819907188415,0.8539743423461914,11.153897285461426,10.93376922607422,8.130873680114746,0.2546834945678711,0.4604659676551819,0.4997642934322357,9.650043487548828,0.0,0.329065203666687,1.5456929206848145,1.893272876739502,37.0,25.0,30.0,0.0,
2025-12-17,11:15:17.615000,2b,Toxicity,Original,,79.71803283691406,1.6298258304595947,129.57174682617188,0.2728310823440552,0.5093464255332947,0.8677867650985718,11.153897285461426,9.895328521728516,6.298686981201172,0.2489391714334488,0.510861337184906,0.3686918616294861,7.6645965576171875,0.0,0.3573839664459228,2.825087308883667,15.836402893066406,37.0,25.0,30.0,0.0,
2025-12-17,11:15:17.615000,FinePointe Series WBP [SN 139781]  Site 2 Bias Flow is out of range.,,,,,,,,,,,,,,,,,,,,,,,,,
2025-12-17,11:15:19.615000,2b,Toxicity,Original,,156.60902404785156,1.735610008239746,274.23260498046875,0.3142125308513641,0.5658714175224304,0.6804174184799194,11.153897285461426,15.286687850952148,8.889130592346191,0.2023085355758667,0.3344391584396362,0.6814218759536743,7.380969524383545,0.0,0.2404248416423797,8.612161636352539,13.751517295837402,37.0,25.0,30.0,50.0,
2025-12-17,11:15:21.615000,2b,Toxicity,Original,,78.7661361694336,1.8051475286483765,142.273193359375,0.2913578450679779,0.3458596765995025,0.8471009135246277,11.153897285461426,10.930943489074709,8.988445281982422,0.2744496464729309,0.5066942572593689,0.50551837682724,9.88521957397461,0.0,0.3820836246013641,10.091139793395996,3.1954751014709477,37.0,25.0,30.0,0.0,
2025-12-17,11:15:23.615000,2b,Toxicity,Original,,178.4918975830078,2.1891794204711914,436.7550659179688,0.3715957999229431,0.5959259271621704,0.7662460207939148,11.153897285461426,23.95326805114746,16.698545455932617,0.1821143925189972,0.3387591242790222,1.2367372512817385,6.659531593322754,0.0,0.2285205423831939,21.667388916015625,17.24353790283203,37.0,25.0,30.0,50.0,
2025-12-17,11:15:23.615000,FinePointe Series WBP [SN 139781]  Site 4 Bias Flow is out of range.,,,,,,,,,,,,,,,,,,,,,,,,,
2025-12-17,11:15:25.615000,2b,Toxicity,Original,,74.5557861328125,1.6140506267547607,119.50816345214844,0.2393058240413665,0.5101668834686279,0.9176250696182252,11.153897285461426,11.04860496520996,5.93162727355957,0.2445666491985321,0.5642390251159668,0.3371297121047973,9.596513748168944,0.0,0.3782161772251129,3.002655506134033,7.240603446960449,37.0,25.0,30.0,0.0,
2025-12-17,11:15:27.615000,2b,Toxicity,Original,,65.09922790527344,1.8210134506225584,118.57058715820312,0.1977377235889434,0.4461039304733276,0.9341136813163756,11.153897285461426,12.261775970458984,6.677976608276367,0.2510395050048828,0.6730389595031738,0.1893475651741027,10.65774154663086,0.0,0.4721185564994812,,,37.0,25.0,30.0,0.0,
2025-12-17,11:15:27.615000,FinePointe Series WBP [SN 139781]  Site 2 Bias Flow is out of range.,,,,,,,,,,,,,,,,,,,,,,,,,
2025-12-17,11:15:29.615000,2b,Toxicity,Original,,72.65254211425781,1.801128387451172,130.58351135253906,0.2194147706031799,0.3507553040981293,0.884594738483429,11.153897285461426,10.757489204406738,7.598362445831299,0.2702069580554962,0.5591034889221191,0.3257580697536468,9.365286827087402,0.0,0.4187221229076385,5.533854007720947,,37.0,25.0,30.0,0.0,
2025-12-17,11:15:31.615000,2b,Toxicity,Original,,68.05020904541016,1.794849872589111,122.14584350585938,0.2299944758415222,0.3979034423828125,0.9244518280029296,11.153897285461426,11.28264045715332,6.922224044799805,0.2704899907112121,0.6112174987792969,0.1412508487701416,8.75125503540039,0.0,0.4458676278591156,,4.013012886047363,37.0,25.0,30.0,0.0,
2025-12-17,11:15:33.615000,2b,Toxicity,Original,,91.8056640625,1.6283737421035769,148.8335418701172,0.1885840594768524,0.4388478994369507,0.8504081964492798,11.153897285461426,10.977697372436523,5.581724166870117,0.2286091595888137,0.446962833404541,0.2155175805091858,10.192378997802734,0.0,0.3244721293449402,4.605703353881836,21.299219131469727,37.0,25.0,30.0,33.33333206176758,
2025-12-17,11:15:33.615000,FinePointe Series WBP [SN 139781]  Site 4 Bias Flow is out of range.,,,,,,,,,,,,,,,,,,,,,,,,,
2025-12-17,11:15:35.615000,2b,Toxicity,Original,,71.1919174194336,1.8126510381698608,128.87686157226562,0.2874072194099426,0.4629843235015869,0.921879231929779,11.153897285461426,10.449061393737791,6.511545658111572,0.2683043777942657,0.5748074054718018,0.2277700155973434,7.194489002227783,0.0,0.3991967141628265,,3.059570789337158,37.0,25.0,30.0,0.0,
2025-12-17,11:15:37.615000,2b,Toxicity,Original,,73.8905029296875,1.6944924592971802,125.16890716552734,0.1932780593633651,0.3137780725955963,0.8760766983032227,11.153897285461426,10.03338623046875,7.027708530426025,0.2641095221042633,0.5495290756225586,0.3523538112640381,9.850908279418944,0.0,0.4247387647628784,,,37.0,25.0,30.0,0.0,
2025-12-17,11:15:37.615000,FinePointe Series WBP [SN 139781]  Site 2 Bias Flow is out of range.,,,,,,,,,,,,,,,,,,,,,,,,,
2025-12-17,11:15:39.615000,2b,Toxicity,Original,,69.65789794921875,1.60254967212677,111.4953155517578,0.2005885243415832,0.3620989918708801,0.8495966196060181,11.153897285461426,9.6527738571167,6.052614688873291,0.2678920924663543,0.5952110886573792,0.2680787146091461,14.296875953674316,0.0,0.4428787529468536,1.8695155382156368,1.1251682043075562,37.0,25.0,30.0,0.0,
2025-12-17,11:15:41.615000,2b,Toxicity,Original,,74.67205810546875,1.8123445510864256,135.2162628173828,0.2337138354778289,0.4232020974159241,0.8687741756439209,11.153897285461426,10.58238697052002,6.430560111999512,0.2699025869369507,0.5422836542129517,0.2292020618915558,9.052250862121582,0.0,0.386391133069992,0.3182530403137207,0.8060511946678162,37.0,25.0,30.0,0.0,
2025-12-17,11:15:43.615000,2b,Toxicity,Original,,71.4246826171875,1.6901473999023438,120.9836196899414,0.2807721793651581,0.4943383932113647,0.8755881190299988,11.153897285461426,10.141472816467283,6.989557266235352,0.2599515914916992,0.5815015435218811,0.3515087366104126,16.753366470336914,0.0,0.3958386182785034,1.6401331424713137,,37.0,25.0,30.0,0.0,
2025-12-17,11:15:43.615000,FinePointe Series WBP [SN 139781]  Site 4 Bias Flow is out of range.,,,,,,,,,,,,,,,,,,,,,,,,,
2025-12-17,11:15:45.615000,2b,Toxicity,Original,,64.6026840209961,1.8027491569519043,116.40545654296876,0.2007665336132049,0.4111421704292297,0.9098551869392396,11.153897285461426,11.593273162841797,7.100742340087891,0.2351765483617782,0.6937042474746704,0.2466503381729126,15.732044219970703,0.0,0.5003879070281982,,,37.0,25.0,30.0,0.0,
2025-12-17,11:15:45.615000,FinePointe Series WBP [SN 139781]  Site 2 Bias Flow is out of range.,,,,,,,,,,,,,,,,,,,,,,,,,
2025-12-17,11:15:47.615000,2b,Toxicity,Original,,64.17217254638672,1.7819818258285522,114.25814056396484,0.2694506645202636,0.4692412316799164,0.8822513222694397,11.153897285461426,10.377778053283691,6.589967250823975,0.2879382669925689,0.6484324336051941,0.218482419848442,10.580700874328612,0.0,0.4525164365768432,,1.143109917640686,37.0,25.0,30.0,0.0,
2025-12-17,11:15:49.615000,2b,Toxicity,Original,,72.54771423339844,1.7361726760864258,125.87001037597656,0.2267693877220153,0.3861712515354156,0.7813315987586975,11.153897285461426,9.38355827331543,6.396397113800049,0.2733784914016723,0.5548840165138245,0.3322887718677521,8.916570663452148,0.0,0.4052626192569732,3.9928908348083496,2.843944549560547,37.0,25.0,30.0,0.0,
2025-12-17,11:15:51.615000,2b,Toxicity,Original,,95.43942260742188,1.6450588703155518,156.49136352539062,0.3507222533226013,0.45736163854599,0.6878365874290466,11.153897285461426,9.32216453552246,7.097808837890625,0.2626317739486694,0.4143744111061096,0.5770548582077026,15.194446563720703,0.0,0.299349308013916,8.767766952514648,7.020353317260742,37.0,25.0,30.0,33.33333206176758,
2025-12-17,11:15:53.615000,2b,Toxicity,Original,,71.20463562011719,1.647099494934082,117.28112030029295,0.1568389683961868,0.3686347305774688,0.8895474076271057,11.153897285461426,11.2977933883667,5.903287410736084,0.2715648412704468,0.5710769295692444,0.2780207693576813,7.978491306304932,0.0,0.4220157265663147,6.9143805503845215,0.7598482966423035,37.0,25.0,30.0,75.0,
2025-12-17,11:15:53.615000,FinePointe Series WBP [SN 139781]  Site 4 Bias Flow is out of range.,,,,,,,,,,,,,,,,,,,,,,,,,
2025-12-17,11:15:55.615000,2b,Toxicity,Original,,70.96400451660156,1.6060963869094849,114.0991668701172,0.1492398381233215,0.3443995118141174,0.868843674659729,11.153897285461426,11.742477416992188,6.381535530090332,0.2225304394960403,0.6234093904495239,0.2922036647796631,12.32282543182373,0.0,0.4699704051017761,,,37.0,25.0,30.0,0.0,
2025-12-17,11:15:57.615000,2b,Toxicity,Original,,67.21446990966797,1.8040190935134888,121.25617980957033,0.2653059065341949,0.4789285063743591,0.894498884677887,11.153897285461426,9.69410228729248,5.410979270935059,0.2912108898162842,0.6014540791511536,0.1279018819332122,10.161057472229004,0.0,0.417037159204483,,,37.0,25.0,30.0,66.66666412353516,
2025-12-17,11:15:57.615000,FinePointe Series WBP [SN 139781]  Site 2 Bias Flow is out of range.,,,,,,,,,,,,,,,,,,,,,,,,,
2025-12-17,11:15:59.615000,2b,Toxicity,Original,,68.81039428710938,1.763129711151123,121.1503448486328,0.2323507964611053,0.3967453837394714,0.9077135920524596,11.153897285461426,10.128034591674805,6.223584175109863,0.2810660600662231,0.5933625102043152,0.2115539014339447,8.863748550415039,0.0,0.430221676826477,4.416627407073975,2.266472101211548,37.0,25.0,30.0,0.0,
2025-12-17,11:16:01.615000,2b,Toxicity,Original,,71.79107666015625,1.819735050201416,130.58583068847656,0.3904982507228851,0.6025667786598206,0.8592222929000854,11.153897285461426,9.921528816223145,6.881041049957275,0.2893663644790649,0.5489837527275085,0.2739415764808655,7.008338451385498,0.0,0.3523387610912323,,0.7475383281707764,37.0,25.0,30.0,0.0,
2025-12-17,11:16:03.615000,2b,Toxicity,Original,,71.39788818359375,1.5672836303710938,111.77999114990234,0.2497321665287017,0.4958195090293884,0.869421660900116,11.153897285461426,11.007827758789062,6.3241472244262695,0.2629206776618957,0.5785267949104309,0.23000168800354,7.554742813110352,10.066802978515623,0.3974972665309906,0.7898456454277039,2.811850547790528,37.0,25.0,30.0,0.0,
2025-12-17,11:16:03.615000,FinePointe Series WBP [SN 139781]  Site 4 Bias Flow is out of range.,,,,,,,,,,,,,,,,,,,,,,,,,
2025-12-17,11:16:05.615000,2b,Toxicity,Original,,66.98865509033203,1.6445523500442505,110.4010772705078,0.2057721018791198,0.3892796039581299,0.9253054857254028,11.153897285461426,9.910520553588867,6.601505756378174,0.2600968182086944,0.6362528204917908,0.228957787156105,34.91395568847656,0.0,0.4657216370105743,,,37.0,25.0,30.0,0.0,
2025-12-17,11:16:07.615000,2b,Toxicity,Original,,68.03135681152344,1.7618638277053833,119.58721160888672,0.3090104758739471,0.5533254742622375,0.9033545851707458,11.153897285461426,9.567548751831056,6.383866310119629,0.2734016478061676,0.6127561926841736,0.1976536810398101,7.183626651763916,0.0,0.3999782502651214,,,37.0,25.0,30.0,0.0,
2025-12-17,11:16:07.615000,FinePointe Series WBP [SN 139781]  Site 2 Bias Flow is out of range.,,,,,,,,,,,,,,,,,,,,,,,,,
2025-12-17,11:16:09.615000,2b,Toxicity,Original,,254.5522003173828,0.736648678779602,131.97288513183594,0.4428330361843109,0.476986825466156,0.7856559753417969,11.153897285461426,8.90433406829834,6.070727348327637,0.1288654208183288,0.224209114909172,0.3528007864952087,10.68117904663086,0.0,0.1554970443248748,19.052921295166016,10.753841400146484,37.0,25.0,30.0,33.33333206176758,
2025-12-17,11:16:11.615000,2b,Toxicity,Original,,392.4136962890625,0.3528346121311188,139.34437561035156,0.3467088341712951,0.6482011079788208,0.6463865041732788,11.153897285461426,9.476639747619627,5.293826103210449,0.0636923164129257,0.1048676744103431,0.4530537724494934,4.826291084289551,0.0,0.0631170570850372,15.803340911865234,12.943544387817385,37.0,25.0,30.0,77.77777862548828,
2025-12-17,11:16:13.615000,2b,Toxicity,Original,,246.01077270507807,0.9751687049865724,134.89048767089844,0.2956789135932922,0.346502810716629,0.8145723938941956,11.153897285461426,10.279534339904783,6.898368835449219,0.1454560756683349,0.2103183716535568,0.5326690077781677,31.31598854064941,0.0,0.1752726882696151,27.220264434814453,9.16561508178711,37.0,25.0,30.0,60.0,
2025-12-17,11:16:13.615000,FinePointe Series WBP [SN 139781]  Site 4 Bias Flow is out of range.,,,,,,,,,,,,,,,,,,,,,,,,,
2025-12-17,11:16:15.615000,2b,Toxicity,Original,,174.84042358398438,0.7038410902023315,123.52140045166016,0.2101587057113647,0.3155398368835449,0.8788014650344849,11.153897285461426,10.38504123687744,7.892788887023926,0.1131645441055297,0.2301780879497528,0.3236734867095947,23.847145080566406,0.0,0.1817077100276947,17.715993881225586,8.604547500610352,37.0,25.0,30.0,83.33333587646484,
2025-12-17,11:16:15.615000,FinePointe Series WBP [SN 139781]  Site 2 Bias Flow is out of range.,,,,,,,,,,,,,,,,,,,,,,,,,
2025-12-17,11:16:23.615000,2b,Toxicity,Original,,67.65815734863281,1.937618851661682,131.28713989257812,0.2031335532665252,0.2902592420578003,0.91367769241333,11.153897285461426,11.609155654907228,9.291082382202148,0.2604868710041046,0.6267516613006592,0.2925108671188354,10.901445388793944,0.0,0.4915850758552551,,,37.0,25.0,30.0,86.66666412353516,
2025-12-17,11:16:23.615000,FinePointe Series WBP [SN 139781]  Site 4 Bias Flow is out of range.,,,,,,,,,,,,,,,,,,,,,,,,,
2025-12-17,11:16:25.615000,2b,Toxicity,Original,,65.52175903320312,1.842951774597168,120.57290649414062,0.2235274761915207,0.3241574764251709,0.9238818287849426,11.153897285461426,11.277734756469728,8.06920337677002,0.252285897731781,0.6652244329452515,0.2669393420219421,6.773001670837402,0.0,0.5060727596282959,0.7868654727935791,,37.0,25.0,30.0,0.0,
2025-12-17,11:16:27.615000,2b,Toxicity,Original,,63.09331893920898,1.8090403079986568,113.98080444335938,0.2752944827079773,0.5495739579200745,0.92907053232193,11.153897285461426,10.48509407043457,6.665192604064941,0.2589879333972931,0.6934402585029602,0.2016035467386245,10.875106811523438,0.0,0.4562287926673889,,,37.0,25.0,30.0,0.0,
2025-12-17,11:16:27.615000,FinePointe Series WBP [SN 139781]  Site 2 Bias Flow is out of range.,,,,,,,,,,,,,,,,,,,,,,,,,
2025-12-17,11:16:29.615000,2b,Toxicity,Original,,75.86277770996094,1.7116127014160156,129.70327758789062,0.2026552259922027,0.3725682497024536,0.9031885862350464,11.153897285461426,9.962085723876951,6.416293621063232,0.2627724111080169,0.5283997058868408,0.2900561094284057,10.298932075500488,0.0,0.3902898728847503,0.1292980164289474,1.634649634361267,37.0,25.0,30.0,0.0,
2025-12-17,11:16:31.615000,2b,Toxicity,Original,,73.63555145263672,1.7638014554977417,129.4913787841797,0.1777872443199157,0.335999995470047,0.9122139811515808,11.153897285461426,11.670336723327637,7.084833145141602,0.2504543364048004,0.5669437646865845,0.2712332606315613,8.12220573425293,0.0,0.431938886642456,5.255568504333496,6.226314067840576,37.0,25.0,30.0,0.0,
2025-12-17,11:16:33.615000,2b,Toxicity,Original,,72.46293640136719,1.7243494987487793,124.97035217285156,0.1936495304107666,0.3614889979362488,0.8864923715591431,11.153897285461426,11.505782127380373,5.764781951904297,0.2647251784801483,0.5636606216430664,0.1141213923692703,5.58842658996582,0.0,0.418992280960083,,,37.0,25.0,30.0,0.0,
2025-12-17,11:16:33.615000,FinePointe Series WBP [SN 139781]  Site 4 Bias Flow is out of range.,,,,,,,,,,,,,,,,,,,,,,,,,
2025-12-17,11:16:35.615000,2b,Toxicity,Original,,67.76951599121094,1.6315181255340576,110.60989379882812,0.2183906733989715,0.3759137392044067,0.91404390335083,11.153897285461426,10.205984115600586,7.294869422912598,0.2645945847034454,0.6219404935836792,0.3451701998710632,8.125155448913574,0.0,0.4582840204238891,,,37.0,25.0,30.0,0.0,
2025-12-17,11:16:37.615000,2b,Toxicity,Original,,73.7246322631836,1.7160083055496216,126.3837890625,0.2804189324378967,0.4231066107749939,0.9051994681358336,11.153897285461426,9.498091697692873,6.659962177276611,0.2862650752067566,0.5303698778152466,0.2261284440755844,8.289749145507812,0.0,0.3801428079605102,,4.1233110427856445,37.0,25.0,30.0,0.0,
2025-12-17,11:16:37.615000,FinePointe Series WBP [SN 139781]  Site 2 Bias Flow is out of range.,,,,,,,,,,,,,,,,,,,,,,,,,
2025-12-17,11:16:39.615000,2b,Toxicity,Original,,81.30389404296875,1.575095295906067,127.96356201171876,0.1993642449378967,0.3393655121326446,0.8917284607887268,11.153897285461426,9.844745635986328,6.837446212768555,0.2486889064311981,0.4895631372928619,0.4428105354309082,23.14559936523437,0.0,0.3750593960285187,2.981625556945801,0.9008217453956604,37.0,25.0,30.0,0.0,
2025-12-17,11:16:41.615000,2b,Toxicity,Original,,74.43280792236328,1.653062105178833,122.78001403808594,0.2512557506561279,0.3734858334064483,0.8983011245727539,11.153897285461426,9.244982719421388,7.054840087890625,0.2720372676849365,0.540251612663269,0.3707611560821533,7.277834892272949,0.0,0.3991453647613525,1.4760180711746216,,37.0,25.0,30.0,0.0,
2025-12-17,11:16:43.615000,2b,Toxicity,Original,,73.33665466308594,1.7910250425338743,131.32089233398438,0.2871769964694977,0.39368736743927,0.9175153970718384,11.153897285461426,9.397430419921877,7.672351837158203,0.2732662558555603,0.5449303984642029,0.3145666122436523,6.90500545501709,0.0,0.3958451449871063,,,37.0,25.0,30.0,0.0,
2025-12-17,11:16:43.615000,FinePointe Series WBP [SN 139781]  Site 4 Bias Flow is out of range.,,,,,,,,,,,,,,,,,,,,,,,,,
2025-12-17,11:16:45.615000,2b,Toxicity,Original,,80.70356750488281,1.6982367038726809,137.27854919433594,0.3093062043190002,0.5035392642021179,0.920512855052948,11.153897285461426,9.427499771118164,6.017655372619629,0.2782779335975647,0.468795895576477,0.3228066563606262,7.790093421936035,0.0,0.316435694694519,1.143819808959961,5.094645977020264,37.0,25.0,30.0,0.0,
2025-12-17,11:16:45.615000,FinePointe Series WBP [SN 139781]  Site 2 Bias Flow is out of range.,,,,,,,,,,,,,,,,,,,,,,,,,
2025-12-17,11:16:47.615000,2b,Toxicity,Original,,200.877685546875,0.8508468270301819,133.5574951171875,0.2172841131687164,0.3468300402164459,0.8119961023330688,11.153897285461426,9.629161834716797,6.634097099304199,0.1526491791009903,0.2793968021869659,0.3640573024749756,18.72972869873047,0.0,0.2236061841249466,18.088287353515625,13.215299606323242,37.0,25.0,30.0,57.14285659790039,
2025-12-17,11:16:49.615000,2b,Toxicity,Original,,229.46153259277344,0.9604308009147644,149.36660766601562,0.4679034054279327,0.6085498332977295,0.7723366022109985,11.153897285461426,10.200897216796877,6.684672355651856,0.1246943175792694,0.2178525328636169,0.4254106283187866,6.431436538696289,0.0,0.1339205801486969,9.927734375,10.488840103149414,37.0,25.0,30.0,66.66666412353516,
2025-12-17,11:16:51.615000,2b,Toxicity,Original,,82.6750717163086,1.3603460788726809,112.46671295166016,0.1820901036262512,0.4230775833129883,0.9306415915489196,11.153897285461426,14.820870399475098,9.176023483276367,0.1884688884019851,0.5372637510299683,0.4034996926784515,22.968420028686523,0.0,0.4084775149822235,0.9073687195777892,,37.0,25.0,30.0,50.0,
2025-12-17,11:16:53.615000,2b,Toxicity,Original,,209.831787109375,0.8344296813011169,175.08987426757812,0.1823852807283401,0.4378026723861694,0.9091678261756896,11.153897285461426,11.637507438659668,5.360180377960205,0.1209572926163673,0.1649860292673111,0.2891694903373718,15.754380226135254,0.0,0.11841931194067,18.17538452148437,2.812861204147339,37.0,25.0,30.0,88.88888549804688,
2025-12-17,11:16:53.615000,FinePointe Series WBP [SN 139781]  Site 4 Bias Flow is out of range.,,,,,,,,,,,,,,,,,,,,,,,,,
2025-12-17,11:16:55.615000,2b,Toxicity,Original,,292.66607666015625,0.5993175506591797,175.51144409179688,0.3427503108978271,0.3632497787475586,0.8139193654060364,11.153897285461426,9.892111778259276,9.639460563659668,0.0937191098928451,0.111296959221363,0.5808203220367432,7.7152886390686035,0.0,0.0835071802139282,19.216388702392575,3.403634786605835,37.0,25.0,30.0,80.0,
