Date,Time,Subject,Phase,Recording,Alarms,f,TVb,MVb,Penh,PAU,Rpef,Comp,PIFb,PEFb,Ti,Te,EF50,EIP,EEP,Tr,TB,TP,Tbody,Tc,RH,Rinx,BFCF
2025-12-30,09:49:26.010000,Measuring antidote.,,,,,,,,,,,,,,,,,,,,,,,,,
2025-12-30,09:49:26.010000,Create measurement 'antidote'. Duration: 00:01:00,,,,,,,,,,,,,,,,,,,,,,,,,
2025-12-30,09:49:26.538000,2d,Toxicity,Original,,303.3011779785156,0.2193011343479156,66.51428985595703,2.7274930477142334,2.178736448287964,0.3217313587665558,11.153897285461426,3.9601597785949703,4.865358352661133,0.0797122046351432,0.1181109547615051,0.4253131151199341,3.925641059875488,43.59375762939453,0.0375118777155876,11.403019905090332,10.508138656616213,37.0,25.0,30.0,87.5,
2025-12-30,09:49:26.538000,Site Acknowledgement Changed: False,,,,,,,,,,,,,,,,,,,,,,,,,
2025-12-30,09:49:28.538000,2d,Toxicity,Original,,113.72603607177734,0.638434886932373,72.6066665649414,4.743288516998291,2.7310094833374023,0.0641503408551216,11.153897285461426,3.912217378616333,6.68984317779541,0.278169572353363,0.2494141012430191,0.3558557331562042,137.86685180664062,174.1461639404297,0.0673220083117485,,2.5794992446899414,37.0,25.0,30.0,80.0,
2025-12-30,09:49:28.538000,FinePointe Series WBP [SN 139781]  Site 4 Bias Flow is out of range.,,,,,,,,,,,,,,,,,,,,,,,,,
2025-12-30,09:49:28.538000,FinePointe Series WBP [SN 139781]  Site 1 Bias Flow is out of range.,,,,,,,,,,,,,,,,,,,,,,,,,
2025-12-30,09:49:34.538000,2d,Toxicity,Original,,244.94790649414065,6.08923864364624,1491.546142578125,0.9164620637893676,0.7434374690055847,0.5844525098800659,11.153897285461426,57.8538818359375,86.21560668945312,0.1628219038248062,0.082128144800663,7.621613502502441,5.319156169891357,0.0,0.0460374355316162,9.834009170532228,17.520526885986328,37.0,25.0,30.0,83.33333587646484,
2025-12-30,09:49:34.538000,FinePointe Series WBP [SN 139781]  Site 4 Bias Flow is out of range.,,,,,,,,,,,,,,,,,,,,,,,,,
2025-12-30,09:49:34.538000,FinePointe Series WBP [SN 139781]  Site 4 Bias Flow is out of range.,,,,,,,,,,,,,,,,,,,,,,,,,
2025-12-30,09:49:34.538000,FinePointe Series WBP [SN 139781]  Site 4 Bias Flow is out of range.,,,,,,,,,,,,,,,,,,,,,,,,,
2025-12-30,09:50:10.538000,2d,Toxicity,Original,,148.1949920654297,0.4460125863552093,46.36263275146485,1.1968718767166138,1.0504140853881836,0.4716972112655639,11.153897285461426,2.6816744804382324,2.740995168685913,0.2172183692455291,0.274598479270935,0.1659646034240722,6.259298324584961,74.77926635742188,0.1326392143964767,12.02687644958496,15.678771018981934,37.0,25.0,30.0,83.33333587646484,
2025-12-30,09:50:10.538000,FinePointe Series WBP [SN 139781]  Site 4 Bias Flow is out of range.,,,,,,,,,,,,,,,,,,,,,,,,,
2025-12-30,09:50:18.538000,2d,Toxicity,Original,,28.06365394592285,6.267069816589356,175.8768768310547,1.878591537475586,2.0391383171081543,0.0671783685684204,11.153897285461426,20.315038681030277,13.165631294250488,0.798279881477356,1.339716911315918,0.2905547022819519,12.978798866271973,1145.955810546875,0.4617839753627777,9.285383224487305,29.22622299194336,37.0,25.0,30.0,87.5,
2025-12-30,09:50:18.538000,FinePointe Series WBP [SN 139781]  Site 4 Bias Flow is out of range.,,,,,,,,,,,,,,,,,,,,,,,,,
2025-12-30,09:50:22.538000,2d,Toxicity,Original,,192.2206115722656,0.2765862047672272,53.16556930541992,0.3641250431537628,0.5982235074043274,0.2308064401149749,11.153897285461426,3.482106685638428,2.124162197113037,0.1215054169297218,0.190635934472084,0.0988977923989296,5.478578090667725,8.548419952392578,0.1205150261521339,6.717779159545898,7.089537143707275,37.0,25.0,30.0,83.33333587646484,
2025-12-30,09:50:22.538000,Measuring T30.,,,,,,,,,,,,,,,,,,,,,,,,,
2025-12-30,09:50:22.538000,Create measurement 'T30'. Duration: 00:29:00,,,,,,,,,,,,,,,,,,,,,,,,,
2025-12-30,09:50:30.538000,2d,Toxicity,Original,,183.42901611328125,0.20795339345932,38.14468765258789,0.3748351633548736,0.6890019774436951,0.1935622990131378,11.153897285461426,2.677288055419922,1.4235368967056274,0.1204501837491989,0.206651821732521,0.0589487440884113,4.655340194702148,0.0,0.1231426447629928,3.451486110687256,7.0046706199646,37.0,25.0,30.0,83.33333587646484,
2025-12-30,09:50:30.538000,FinePointe Series WBP [SN 139781]  Site 4 Bias Flow is out of range.,,,,,,,,,,,,,,,,,,,,,,,,,
2025-12-30,09:50:30.538000,FinePointe Series WBP [SN 139781]  Site 4 Bias Flow is out of range.,,,,,,,,,,,,,,,,,,,,,,,,,
2025-12-30,09:50:42.538000,2d,Toxicity,Original,,186.880126953125,0.254660815000534,47.591041564941406,0.4922934472560882,0.5936000943183899,0.6928146481513977,11.153897285461426,2.4622576236724854,2.1857798099517822,0.2027036547660827,0.11835777759552,0.1655106246471405,11.105627059936523,0.0,0.0775026455521583,25.783531188964844,11.041465759277344,37.0,25.0,30.0,94.11764526367188,
2025-12-30,09:50:48.538000,2d,Toxicity,Original,,32.74070358276367,3.7877542972564697,124.01374053955078,0.5741286277770996,1.0296796560287476,0.6230835914611816,11.153897285461426,14.67767333984375,8.685820579528809,0.4427196085453033,1.3898617029190063,0.7710651159286499,22.537322998046875,0.0,0.6964970231056213,1.8887583017349243,16.10218048095703,37.0,25.0,30.0,80.0,
2025-12-30,09:50:48.538000,FinePointe Series WBP [SN 139781]  Site 4 Bias Flow is out of range.,,,,,,,,,,,,,,,,,,,,,,,,,
2025-12-30,09:50:54.538000,2d,Toxicity,Original,,24.104999542236328,4.520747661590576,108.9726104736328,1.0746139287948608,1.881976127624512,0.8038917779922485,11.153897285461426,15.265604972839355,6.006641387939453,0.6804091334342957,1.8087011575698853,0.1556596308946609,91.99727630615234,0.0,0.6483401656150818,0.5542553067207336,46.64078140258789,37.0,25.0,30.0,80.0,
2025-12-30,09:50:56.538000,2d,Toxicity,Original,,44.99642181396485,3.2466697692871094,146.08853149414062,0.3920733630657196,0.6154685020446777,0.7868562340736389,11.153897285461426,12.655996322631836,7.2615065574646,0.4844913482666015,0.8489479422569275,0.6243812441825867,14.468921661376951,0.0,0.5375526547431946,11.767943382263184,39.21485137939453,37.0,25.0,30.0,50.0,
2025-12-30,09:50:58.538000,2d,Toxicity,Original,,46.29902648925781,2.9992709159851074,138.8633270263672,0.4997664988040924,0.7535209059715271,0.6039711833000183,11.153897285461426,11.797724723815918,6.721864700317383,0.4713808596134186,0.8245427012443542,0.4524297416210174,214.3271026611328,0.0,0.4814859628677368,12.618415832519531,45.487083435058594,37.0,25.0,30.0,75.0,
2025-12-30,09:50:58.538000,FinePointe Series WBP [SN 139781]  Site 4 Bias Flow is out of range.,,,,,,,,,,,,,,,,,,,,,,,,,
2025-12-30,09:51:02.538000,2d,Toxicity,Original,,18.82022476196289,4.055301666259766,76.32169342041016,4.138104438781738,5.416750907897949,0.1476176977157592,11.153897285461426,15.3864107131958,5.35824728012085,0.6409395933151245,2.5471198558807373,0.1651382744312286,143.14834594726562,1839.475341796875,0.4030841886997223,3.276503562927246,27.200063705444336,37.0,25.0,30.0,80.0,
2025-12-30,09:51:08.538000,2d,Toxicity,Original,,43.66883850097656,3.5613937377929688,155.5219268798828,0.4800274074077606,0.7854592800140381,0.439833402633667,11.153897285461426,13.529105186462402,7.186539173126221,0.4918252229690552,0.8821521997451782,0.4125649929046631,23.42448616027832,0.0,0.5104963183403015,7.827723026275635,11.91159439086914,37.0,25.0,30.0,87.5,
2025-12-30,09:51:10.538000,2d,Toxicity,Original,,37.356407165527344,2.157113075256348,80.58199310302734,1.383965015411377,1.545000076293945,0.1938136667013168,11.153897285461426,8.170907020568848,4.988544940948486,0.687742292881012,0.9184079170227052,0.3157942295074463,103.9712371826172,680.2525024414062,0.3687838315963745,,15.88005542755127,37.0,25.0,30.0,66.66666412353516,
2025-12-30,09:51:10.538000,FinePointe Series WBP [SN 139781]  Site 4 Bias Flow is out of range.,,,,,,,,,,,,,,,,,,,,,,,,,
2025-12-30,09:51:12.538000,2d,Toxicity,Original,,39.23769760131836,2.979440212249756,116.9063720703125,0.921865165233612,1.0715181827545166,0.5198656916618347,11.153897285461426,10.576078414916992,7.550465106964111,0.4981062412261963,1.031035542488098,0.6749178767204285,48.059906005859375,0.0,0.5110587477684021,10.487313270568848,45.22260284423828,37.0,25.0,30.0,0.0,
2025-12-30,09:51:16.538000,2d,Toxicity,Original,,126.28173828125,1.8451138734817505,85.76017761230469,0.9386743307113647,1.1318111419677734,0.3465421795845032,11.153897285461426,7.861220359802246,4.837947845458984,0.3277421593666076,0.7257029414176941,0.1942467093467712,13.297036170959473,0.0,0.315466821193695,9.87570095062256,24.004234313964844,37.0,25.0,30.0,66.66666412353516,
2025-12-30,09:51:18.538000,2d,Toxicity,Original,,36.897090911865234,3.9000978469848633,143.9022674560547,0.6429699659347534,1.1118799448013306,0.6474612951278687,11.153897285461426,13.895045280456545,7.097140312194824,0.5851556658744812,1.040988802909851,0.482938289642334,28.667312622070312,0.0,0.507110595703125,4.345792293548584,42.82490921020508,37.0,25.0,30.0,50.0,
2025-12-30,09:51:20.538000,2d,Toxicity,Original,,113.97300720214844,1.7625058889389038,88.10479736328125,1.607065200805664,1.998239517211914,0.234754130244255,11.153897285461426,9.130078315734863,4.499073028564453,0.3547458350658417,0.5678112506866455,0.2444671392440796,12.35241985321045,368.7434387207031,0.2288103401660919,9.943297386169434,28.321945190429688,37.0,25.0,30.0,60.0,
2025-12-30,09:51:20.538000,FinePointe Series WBP [SN 139781]  Site 4 Bias Flow is out of range.,,,,,,,,,,,,,,,,,,,,,,,,,
2025-12-30,09:51:22.538000,2d,Toxicity,Original,,41.12410354614258,3.5411388874053955,145.62615966796875,0.7402608394622803,1.0336980819702148,0.4550143480300903,11.153897285461426,11.57789421081543,6.787601947784424,0.5535324215888977,0.9054659605026244,0.4712389409542084,19.02293586730957,0.0,0.4563438296318054,1.664193630218506,35.78524398803711,37.0,25.0,30.0,0.0,
2025-12-30,09:51:24.538000,2d,Toxicity,Original,,48.97779083251953,2.9003703594207764,142.05374145507812,0.4590540528297424,0.9302669167518616,0.7395181059837341,11.153897285461426,14.46617603302002,6.092202663421631,0.4867263436317444,0.738318681716919,0.4947448074817657,23.052907943725582,0.0,0.3925658464431762,3.1483466625213623,6.174421787261963,37.0,25.0,30.0,50.0,
2025-12-30,09:51:26.538000,2d,Toxicity,Original,,44.24750518798828,3.477353811264038,153.86422729492188,0.6544584035873413,0.8664059042930603,0.922335684299469,11.153897285461426,11.99872589111328,6.083264827728272,0.5146663784980774,0.8413422703742981,0.4676771461963653,14.59784698486328,0.0,0.4637748599052429,,34.633323669433594,37.0,25.0,30.0,66.66666412353516,
2025-12-30,09:51:28.538000,2d,Toxicity,Original,,46.08281326293945,3.247861623764038,149.67059326171875,0.5480533838272095,1.11318838596344,0.9201064109802246,11.153897285461426,12.994028091430664,5.4337897300720215,0.5412222743034363,0.7607815861701965,0.4313000738620758,29.021507263183597,0.0,0.3779670298099518,2.538699150085449,18.52402877807617,37.0,25.0,30.0,50.0,
2025-12-30,09:51:28.538000,FinePointe Series WBP [SN 139781]  Site 4 Bias Flow is out of range.,,,,,,,,,,,,,,,,,,,,,,,,,
2025-12-30,09:51:32.538000,2d,Toxicity,Original,,84.76170349121094,1.7341864109039309,62.19245147705078,2.57767391204834,3.0568246841430664,0.1851063370704651,11.153897285461426,8.112239837646484,4.354106426239014,0.3154927790164947,0.9784539341926576,0.2455766946077346,81.50707244873047,379.9441833496094,0.2119632214307785,7.711273193359375,30.68206787109375,37.0,25.0,30.0,66.66666412353516,
2025-12-30,09:51:34.538000,2d,Toxicity,Original,,250.2782287597656,0.1572865098714828,39.36539077758789,0.6577238440513611,0.8614358901977539,0.4909668564796448,11.153897285461426,2.205298900604248,1.7437126636505127,0.121598944067955,0.1181342527270317,0.1527475416660308,9.824182510375977,0.0,0.0652306526899337,20.28921127319336,25.566835403442383,37.0,25.0,30.0,80.0,
2025-12-30,09:51:36.538000,2d,Toxicity,Original,,38.46512985229492,3.266385793685913,125.64196014404295,0.5714271664619446,1.0570008754730225,0.5232713222503662,11.153897285461426,14.467780113220217,6.957754135131836,0.5355291366577148,1.0243251323699951,0.5946477651596069,15.33760929107666,0.0,0.5125227570533752,4.844440937042236,18.892898559570312,37.0,25.0,30.0,0.0,
2025-12-30,09:51:40.538000,2d,Toxicity,Original,,125.98810577392578,2.2538211345672607,113.92588806152344,0.6209557056427002,0.8007896542549133,0.5360940098762512,11.153897285461426,9.116190910339355,6.012903213500977,0.3705004155635834,0.5561812520027161,0.5140992999076843,9.981529235839844,0.0,0.309869647026062,9.98464012145996,27.987749099731445,37.0,25.0,30.0,57.14285659790039,
2025-12-30,09:51:40.538000,FinePointe Series WBP [SN 139781]  Site 4 Bias Flow is out of range.,,,,,,,,,,,,,,,,,,,,,,,,,
2025-12-30,09:51:44.538000,2d,Toxicity,Original,,79.96607208251953,0.6269050240516663,50.13113021850586,0.366535484790802,0.4755497574806213,0.6441735625267029,11.153897285461426,4.927508354187012,4.264208793640137,0.2815004289150238,0.4688177704811096,0.237817957997322,145.9255828857422,158.6852569580078,0.321921557188034,25.961036682128903,8.429726600646973,37.0,25.0,30.0,75.0,
2025-12-30,09:51:46.538000,2d,Toxicity,Original,,45.77098083496094,4.099466323852539,187.63658142089844,0.5693252086639404,0.8358396291732788,0.9684686660766602,11.153897285461426,17.247289657592773,10.50155258178711,0.5364558100700378,0.7744184732437134,0.7275171875953674,10.027268409729004,0.0,0.4437853097915649,0.6677414774894714,37.40578079223633,37.0,25.0,30.0,66.66666412353516,
2025-12-30,09:51:48.538000,2d,Toxicity,Original,,45.223819732666016,3.10518217086792,140.42820739746094,0.8986572027206421,1.5117512941360474,0.6302067041397095,11.153897285461426,14.513192176818848,7.813887119293213,0.4222692847251892,0.9044651389122008,0.2540944814682007,9.227622985839844,0.0,0.3657023310661316,3.2020962238311768,44.83061218261719,37.0,25.0,30.0,90.0,
2025-12-30,09:51:50.538000,2d,Toxicity,Original,,325.63385009765625,0.106399767100811,34.64736557006836,0.575304388999939,0.617857813835144,0.6314951181411743,11.153897285461426,1.751495361328125,1.6951239109039309,0.1019117683172226,0.0823442637920379,0.1470871418714523,4.187835693359375,0.0,0.0515951998531818,13.925487518310549,10.941643714904783,37.0,25.0,30.0,66.66666412353516,
2025-12-30,09:51:50.538000,FinePointe Series WBP [SN 139781]  Site 3 Bias Flow is out of range.,,,,,,,,,,,,,,,,,,,,,,,,,
2025-12-30,09:51:50.538000,FinePointe Series WBP [SN 139781]  Site 4 Bias Flow is out of range.,,,,,,,,,,,,,,,,,,,,,,,,,
2025-12-30,09:51:52.538000,2d,Toxicity,Original,,44.3392448425293,2.9744515419006348,130.069091796875,1.0814696550369265,1.354973554611206,0.2685837745666504,11.153897285461426,12.109793663024902,7.379082202911377,0.5633363723754883,0.7945524454116821,0.4206549227237701,20.51644515991211,0.0,0.3496204018592834,2.597346782684326,29.39773941040039,37.0,25.0,30.0,50.0,
2025-12-30,09:51:54.538000,2d,Toxicity,Original,,57.37467956542969,2.990212917327881,171.56251525878906,0.6346156001091003,1.0325710773468018,0.4504908919334411,11.153897285461426,14.414974212646484,6.409904003143311,0.4641696810722351,0.5815877914428711,0.5671297311782837,13.810912132263184,0.0,0.294175922870636,1.0667774677276611,,37.0,25.0,30.0,0.0,
2025-12-30,09:51:56.538000,2d,Toxicity,Original,,50.41633987426758,2.743095636367798,138.29684448242188,0.9309555888175964,1.266178846359253,0.3706854283809662,11.153897285461426,11.109661102294922,6.970459938049316,0.4671053886413574,0.7229849696159363,0.5144650936126709,12.67722225189209,0.0,0.3297184407711029,3.733312606811523,48.12199020385742,37.0,25.0,30.0,83.33333587646484,
2025-12-30,09:52:00.538000,2d,Toxicity,Original,,54.29393005371094,3.1013433933258057,169.6151580810547,0.7797666788101196,1.2228951454162598,0.4933211207389831,11.153897285461426,13.588940620422363,7.431892395019531,0.4336405396461487,0.6948603391647339,0.5728596448898315,15.000826835632324,0.0,0.3229696750640869,4.860916614532471,43.87217712402344,37.0,25.0,30.0,75.0,
2025-12-30,09:52:00.538000,FinePointe Series WBP [SN 139781]  Site 3 Bias Flow is out of range.,,,,,,,,,,,,,,,,,,,,,,,,,
2025-12-30,09:52:00.538000,FinePointe Series WBP [SN 139781]  Site 4 Bias Flow is out of range.,,,,,,,,,,,,,,,,,,,,,,,,,
2025-12-30,09:52:02.538000,2d,Toxicity,Original,,42.42631912231445,2.795428276062012,118.59972381591795,2.523754119873047,3.0374889373779297,0.1988744288682937,11.153897285461426,15.281183242797852,8.735466003417969,0.3482171893119812,1.0659992694854736,0.5726529359817505,15.445609092712402,59.63425064086914,0.2681105434894562,3.8409464359283447,45.95222091674805,37.0,25.0,30.0,75.0,
2025-12-30,09:52:04.538000,2d,Toxicity,Original,,190.2461700439453,1.1426331996917725,101.18740844726562,0.5730257034301758,0.7584945559501648,0.6132214665412903,11.153897285461426,6.560320854187012,4.1651458740234375,0.2264368236064911,0.3230512142181396,0.3111211061477661,20.49377822875977,0.0,0.1792628914117813,9.982199668884276,25.87933921813965,37.0,25.0,30.0,0.0,
2025-12-30,09:52:06.538000,2d,Toxicity,Original,,202.12527465820312,1.5930660963058472,172.2984619140625,0.7010345458984375,0.5255981683731079,0.7367230653762817,11.153897285461426,8.678635597229004,16.339282989501953,0.2531168162822723,0.1664628386497497,0.421901136636734,14.512775421142578,8.812311172485352,0.1147882714867591,12.565332412719728,17.890060424804688,37.0,25.0,30.0,60.0,
2025-12-30,09:52:08.538000,2d,Toxicity,Original,,67.58417510986328,1.5791839361190796,106.72784423828124,0.982581913471222,1.603978991508484,0.624484658241272,11.153897285461426,10.600479125976562,6.360688209533691,0.2888879477977752,0.5988938212394714,0.121539331972599,14.531088829040527,0.0,0.2332940995693206,,21.724536895751957,37.0,25.0,30.0,50.0,
2025-12-30,09:52:10.538000,2d,Toxicity,Original,,39.887672424316406,3.395350217819214,135.4326171875,1.5350494384765625,1.4963635206222534,0.1730691045522689,11.153897285461426,15.406315803527832,10.63383960723877,0.6028501391410828,0.9013740420341492,0.3928578197956085,15.021636962890623,0.0,0.3661777377128601,,20.82243156433105,37.0,25.0,30.0,75.0,
2025-12-30,09:52:10.538000,FinePointe Series WBP [SN 139781]  Site 3 Bias Flow is out of range.,,,,,,,,,,,,,,,,,,,,,,,,,
2025-12-30,09:52:10.538000,FinePointe Series WBP [SN 139781]  Site 4 Bias Flow is out of range.,,,,,,,,,,,,,,,,,,,,,,,,,
2025-12-30,09:52:12.538000,2d,Toxicity,Original,,287.1465148925781,0.2088500708341598,59.9705696105957,0.4876284599304199,0.5015578269958496,0.6775400042533875,11.153897285461426,3.452349901199341,3.431464672088623,0.117445059120655,0.0915075168013572,0.3011955618858337,7.189523220062256,0.0,0.0619647614657878,21.00288963317871,14.22023582458496,37.0,25.0,30.0,50.0,
2025-12-30,09:52:14.538000,2d,Toxicity,Original,,124.14273834228516,1.729426383972168,214.6957244873047,0.8256146907806396,1.0277193784713743,0.2788889408111572,11.153897285461426,14.910594940185549,10.701128959655762,0.2610039114952087,0.222310721874237,0.8366143703460693,25.44573402404785,0.0,0.1111173406243324,9.381213188171388,20.43840217590332,37.0,25.0,30.0,75.0,
2025-12-30,09:52:16.538000,2d,Toxicity,Original,,145.1485595703125,0.9194035530090332,134.4574432373047,0.9244756698608398,0.7644839286804199,0.5540050268173218,11.153897285461426,8.595744132995605,9.122635841369627,0.2138156741857528,0.2005305290222168,0.5825210809707642,27.42346572875977,7.846107482910156,0.12285116314888,14.055209159851074,11.66600513458252,37.0,25.0,30.0,33.33333206176758,
2025-12-30,09:52:18.538000,2d,Toxicity,Original,,135.7676544189453,1.2366498708724976,167.89706420898438,0.5426062941551208,0.5466896891593933,0.701324999332428,11.153897285461426,10.136918067932127,10.209209442138672,0.2793819904327392,0.1625494658946991,0.777150571346283,12.403023719787598,0.0,0.108849212527275,24.70417594909668,2.113708972930908,37.0,25.0,30.0,66.66666412353516,
2025-12-30,09:52:20.538000,2d,Toxicity,Original,,74.94924926757812,1.9215574264526367,144.019287109375,0.8966798186302185,1.1468225717544556,0.1387269496917724,11.153897285461426,11.486945152282717,7.487305641174316,0.2527029812335968,0.5478387475013733,0.4859402179718017,7.809138774871826,0.0,0.2596239745616913,1.2097289562225342,17.53932762145996,37.0,25.0,30.0,50.0,
2025-12-30,09:52:20.538000,FinePointe Series WBP [SN 139781]  Site 4 Bias Flow is out of range.,,,,,,,,,,,,,,,,,,,,,,,,,
2025-12-30,09:52:22.538000,2d,Toxicity,Original,,60.29279327392578,2.5511584281921387,155.4969024658203,0.8011587858200073,1.003634691238403,0.674842357635498,11.153897285461426,10.88922882080078,8.352302551269531,0.4419183731079101,0.5696235299110413,0.6031875610351562,18.229846954345703,0.0,0.2901496887207031,5.486438751220703,23.25992584228516,37.0,25.0,30.0,50.0,
2025-12-30,09:52:24.538000,2d,Toxicity,Original,,76.12738037109375,1.1400549411773682,86.78939056396484,0.3471919894218445,0.5701450705528259,0.6407781839370728,11.153897285461426,4.953336715698242,3.3963685035705566,0.3418204188346863,0.4463323056697845,0.2599279582500458,10.899663925170898,0.0,0.2885372340679168,6.577383041381836,7.544819355010986,37.0,25.0,30.0,75.0,
2025-12-30,09:52:28.538000,2d,Toxicity,Original,,52.51074600219727,2.9968044757843018,157.36444091796875,1.5874881744384766,1.7957597970962524,0.3413173854351043,11.153897285461426,13.451586723327637,8.080300331115723,0.3984478712081909,0.744175374507904,0.7240534424781799,12.832237243652344,373.3224487304688,0.2749192416667938,1.1732730865478516,22.48430061340332,37.0,25.0,30.0,75.0,
2025-12-30,09:52:30.538000,2d,Toxicity,Original,,74.75883483886719,1.8432152271270752,131.95814514160156,1.118504285812378,1.2867170572280884,0.2909347712993622,11.153897285461426,10.321273803710938,6.699145793914795,0.3151497840881347,0.5180529952049255,0.404360294342041,6.226150989532471,48.385536193847656,0.2365353852510452,,44.41380310058594,37.0,25.0,30.0,60.0,
2025-12-30,09:52:30.538000,FinePointe Series WBP [SN 139781]  Site 4 Bias Flow is out of range.,,,,,,,,,,,,,,,,,,,,,,,,,
2025-12-30,09:52:32.538000,2d,Toxicity,Original,,61.43704605102539,3.148651599884033,193.44386291503903,0.5637198090553284,0.7561153173446655,0.2476174086332321,11.153897285461426,13.196842193603516,6.505378246307373,0.5969915390014648,0.3796178996562958,0.4798140227794647,9.919384002685549,0.0,0.2273839563131332,0.7307546734809875,31.74761962890625,37.0,25.0,30.0,50.0,
2025-12-30,09:52:34.538000,2d,Toxicity,Original,,68.5507583618164,2.8708972930908203,196.80218505859372,1.8001993894577026,2.138253688812256,0.1019264981150627,11.153897285461426,18.908248901367188,12.491549491882324,0.2866043746471405,0.5886595249176025,0.6328785419464111,5.598412036895752,329.1401062011719,0.1909628063440323,,50.426753997802734,37.0,25.0,30.0,66.66666412353516,
2025-12-30,09:52:36.538000,2d,Toxicity,Original,,138.96426391601562,1.9853193759918213,206.6612243652344,0.5840168595314026,0.6623627543449402,0.6012145280838013,11.153897285461426,10.325111389160156,8.722509384155273,0.2470790445804596,0.3209161758422851,0.6923199892044067,7.812658309936523,0.0,0.207148939371109,6.412075042724609,25.0255126953125,37.0,25.0,30.0,71.42857360839844,
2025-12-30,09:52:38.538000,2d,Toxicity,Original,,287.3729553222656,1.4265484809875488,144.3250274658203,1.2364704608917236,1.1016241312026978,0.4245285093784332,11.153897285461426,10.117321968078612,8.898149490356445,0.1785746961832046,0.2200012356042862,0.5212099552154541,11.857037544250488,5.768470764160156,0.1014638468623161,10.023674011230469,24.725635528564453,37.0,25.0,30.0,40.0,
2025-12-30,09:52:40.538000,2d,Toxicity,Original,,86.78998565673828,2.063696384429932,176.935791015625,1.7975611686706543,1.327833652496338,0.2583630681037903,11.153897285461426,12.508647918701172,12.877934455871582,0.3097473680973053,0.398739218711853,0.900632917881012,9.651209831237791,0.0,0.1707739681005478,8.215685844421387,18.23936462402344,37.0,25.0,30.0,33.33333206176758,
2025-12-30,09:52:40.538000,FinePointe Series WBP [SN 139781]  Site 4 Bias Flow is out of range.,,,,,,,,,,,,,,,,,,,,,,,,,
2025-12-30,09:52:42.538000,2d,Toxicity,Original,,83.0013198852539,2.396199941635132,191.08987426757807,1.106292486190796,1.185359239578247,0.6093253493309021,11.153897285461426,14.22181797027588,12.64184284210205,0.3521794080734253,0.3989672660827636,0.912311315536499,16.817310333251953,76.54676818847656,0.201262891292572,25.596460342407227,15.622075080871582,37.0,25.0,30.0,60.0,
2025-12-30,09:52:42.538000,FinePointe Series WBP [SN 10499C]  Site 1 Bias Flow is out of range.,,,,,,,,,,,,,,,,,,,,,,,,,
2025-12-30,09:52:44.538000,2d,Toxicity,Original,,113.50767517089844,2.2639429569244385,207.73980712890625,1.2139337062835691,1.0503818988800049,0.4203503727912903,11.153897285461426,13.969103813171388,11.87634563446045,0.3313689529895782,0.2452812492847442,1.0597941875457764,12.486482620239258,31.206716537475582,0.1335384845733642,13.09536361694336,30.29351806640625,37.0,25.0,30.0,0.0,
2025-12-30,09:52:46.538000,2d,Toxicity,Original,,64.63123321533203,2.711029052734375,175.81036376953125,0.8228878974914551,1.0346481800079346,0.372516006231308,11.153897285461426,13.832761764526367,8.393146514892578,0.3924936056137085,0.5548040270805359,0.5413748621940613,11.669740676879885,0.0,0.2805564999580383,4.073880195617676,35.449485778808594,37.0,25.0,30.0,66.66666412353516,
2025-12-30,09:52:48.538000,2d,Toxicity,Original,,58.749610900878906,2.7914164066314697,163.99464416503906,1.6607385873794556,1.4592524766921997,0.1247703060507774,11.153897285461426,11.352286338806152,7.871612548828125,0.4442229568958282,0.5770604014396667,0.4913501143455505,11.794888496398926,10.68266773223877,0.2399422079324722,1.4551661014556885,24.131175994873047,37.0,25.0,30.0,50.0,
2025-12-30,09:52:50.538000,2d,Toxicity,Original,,70.36105346679688,1.875483512878418,131.7831573486328,1.081526756286621,1.3437511920928955,0.2261416167020797,11.153897285461426,10.597113609313965,6.753376007080078,0.3376122117042541,0.5151551365852356,0.4464857578277588,6.852402687072754,140.44638061523438,0.2259087264537811,0.9522984027862548,25.247148513793945,37.0,25.0,30.0,33.33333206176758,
2025-12-30,09:52:50.538000,FinePointe Series WBP [SN 139781]  Site 4 Bias Flow is out of range.,,,,,,,,,,,,,,,,,,,,,,,,,
2025-12-30,09:52:50.538000,FinePointe Series WBP [SN 10499C]  Site 1 Bias Flow is out of range.,,,,,,,,,,,,,,,,,,,,,,,,,
2025-12-30,09:52:52.538000,2d,Toxicity,Original,,76.92748260498047,2.3309037685394287,179.31056213378906,0.3155050277709961,0.5193243622779846,0.7695908546447754,11.153897285461426,9.019030570983888,7.014416217803955,0.3537548184394836,0.4262005090713501,0.3572173118591308,13.11363124847412,0.0,0.2876017391681671,10.68466854095459,32.00783920288086,37.0,25.0,30.0,50.0,
2025-12-30,09:52:54.538000,2d,Toxicity,Original,,55.966739654541016,2.03808331489563,113.79965209960938,1.5547603368759155,2.018487930297852,0.3613195717334747,11.153897285461426,11.308893203735352,7.101986885070801,0.4330554008483886,0.6411439776420593,0.4512838125228882,15.070608139038086,198.3013610839844,0.2397733479738235,5.460353374481201,49.32104110717773,37.0,25.0,30.0,50.0,
2025-12-30,09:52:56.538000,2d,Toxicity,Original,,146.6634521484375,1.3794831037521362,93.79949951171876,1.2345831394195557,1.2488982677459717,0.3559499680995941,11.153897285461426,7.391977310180664,4.992035865783691,0.3150149881839752,0.4048144817352295,0.2282803654670715,9.27508544921875,0.0,0.1584900617599487,16.679874420166016,34.614837646484375,37.0,25.0,30.0,0.0,
2025-12-30,09:52:58.538000,2d,Toxicity,Original,,46.06858444213867,2.5453829765319824,117.26219177246094,2.515433549880981,2.366455316543579,0.0807606056332588,11.153897285461426,13.273418426513672,8.038002014160156,0.4108821749687195,0.8915237784385681,0.3419959247112274,8.008545875549316,0.0,0.2687339782714844,,38.08631134033203,37.0,25.0,30.0,0.0,
2025-12-30,09:53:00.538000,2d,Toxicity,Original,,57.22674179077149,2.2268965244293213,127.4380340576172,1.5296037197113037,1.2279372215270996,0.1373462826013565,11.153897285461426,11.397130966186523,8.929621696472168,0.4368680715560913,0.6115928292274475,0.4700571596622467,7.825953483581543,0.0,0.2791037857532501,,,37.0,25.0,30.0,66.66666412353516,
2025-12-30,09:53:00.538000,FinePointe Series WBP [SN 139781]  Site 4 Bias Flow is out of range.,,,,,,,,,,,,,,,,,,,,,,,,,
2025-12-30,09:53:02.538000,2d,Toxicity,Original,,43.4746208190918,2.1274232864379883,92.71861267089844,5.348937034606934,6.1800079345703125,0.2028440088033676,11.153897285461426,12.198715209960938,6.898430824279785,0.3716074228286743,1.0128233432769775,0.4924896657466888,10.849839210510254,474.6533203125,0.1791867315769195,2.0933637619018555,44.80883026123047,37.0,25.0,30.0,33.33333206176758,
2025-12-30,09:53:02.538000,FinePointe Series WBP [SN 10499C]  Site 1 Bias Flow is out of range.,,,,,,,,,,,,,,,,,,,,,,,,,
2025-12-30,09:53:04.538000,2d,Toxicity,Original,,171.73257446289062,1.120237112045288,88.21424865722656,1.0350706577301023,1.1899049282073977,0.3275800347328186,11.153897285461426,5.754978179931641,4.867598533630371,0.2368518412113189,0.348163366317749,0.3557365536689758,7.128964424133301,0.0,0.143227532505989,9.388248443603516,13.96945095062256,37.0,25.0,30.0,33.33333206176758,
2025-12-30,09:53:06.538000,2d,Toxicity,Original,,51.37152099609375,2.6132454872131348,134.4267120361328,2.245107650756836,2.2259371280670166,0.141589343547821,11.153897285461426,11.451988220214844,7.625328063964844,0.4458626210689544,0.724144458770752,0.4310274124145508,8.28085708618164,70.45240020751953,0.2380679845809936,1.304284930229187,44.40427017211914,37.0,25.0,30.0,33.33333206176758,
2025-12-30,09:53:08.538000,2d,Toxicity,Original,,53.44806289672852,1.9644262790679927,104.9947738647461,1.4969279766082764,2.032144069671631,0.305510550737381,11.153897285461426,10.489300727844238,6.769402503967285,0.395932674407959,0.7266525030136108,0.4420948326587677,9.702125549316406,0.0,0.2441974580287933,5.516610622406006,43.12472534179688,37.0,25.0,30.0,0.0,
2025-12-30,09:53:10.538000,2d,Toxicity,Original,,50.380638122558594,2.2298262119293213,112.33543395996094,2.4126765727996826,2.556594133377075,0.2984575927257538,11.153897285461426,10.282203674316406,6.533951759338379,0.4320325255393982,0.759547233581543,0.4282469451427459,10.63559913635254,198.36285400390625,0.2247557342052459,3.2961947917938232,38.08818435668945,37.0,25.0,30.0,33.33333206176758,
2025-12-30,09:53:10.538000,FinePointe Series WBP [SN 139781]  Site 4 Bias Flow is out of range.,,,,,,,,,,,,,,,,,,,,,,,,,
2025-12-30,09:53:12.538000,2d,Toxicity,Original,,143.0089874267578,1.3131977319717407,89.10806274414062,0.9335060119628906,1.1367604732513428,0.4273779392242431,11.153897285461426,6.437775135040283,4.614269733428955,0.2770827412605285,0.3940290808677673,0.2656896710395813,8.19798469543457,0.0,0.1662838011980056,9.677657127380373,27.732250213623047,37.0,25.0,30.0,50.0,
2025-12-30,09:53:12.538000,FinePointe Series WBP [SN 10499C]  Site 1 Bias Flow is out of range.,,,,,,,,,,,,,,,,,,,,,,,,,
2025-12-30,09:53:14.538000,2d,Toxicity,Original,,54.574440002441406,2.8055419921875,153.1108856201172,1.11543869972229,1.1582680940628052,0.4100018143653869,11.153897285461426,10.987982749938965,6.543399810791016,0.4603942036628723,0.6390215754508972,0.5848506689071655,8.926870346069336,0.0,0.3028341233730316,1.764526605606079,40.31340026855469,37.0,25.0,30.0,0.0,
2025-12-30,09:53:16.538000,2d,Toxicity,Original,,52.54621887207031,2.263563632965088,118.78292846679688,2.836811780929565,2.6317529678344727,0.1417435407638549,11.153897285461426,10.860118865966797,7.559147834777832,0.4379422962665558,0.7282801866531372,0.3828752040863037,10.417797088623049,185.13682556152344,0.2097664028406143,1.2926177978515625,40.97364807128906,37.0,25.0,30.0,33.33333206176758,
2025-12-30,09:53:18.538000,2d,Toxicity,Original,,70.32081604003906,1.936552047729492,135.60145568847656,0.9084395170211792,1.078533172607422,0.315489113330841,11.153897285461426,9.889737129211426,6.622241973876953,0.3897620141506195,0.4676679968833923,0.4262926578521728,17.02330207824707,0.0,0.2322509884834289,4.05845308303833,28.225341796875,37.0,25.0,30.0,50.0,
2025-12-30,09:53:20.538000,2d,Toxicity,Original,,54.23474884033203,2.400203227996826,130.1343994140625,1.5937589406967163,1.6018407344818115,0.0946469604969024,11.153897285461426,10.020846366882324,6.640183448791504,0.4418582916259765,0.6649556159973145,0.4248188734054565,7.426251411437988,0.0,0.2611564993858337,1.7531949281692505,44.25698852539063,37.0,25.0,30.0,60.0,
2025-12-30,09:53:20.538000,FinePointe Series WBP [SN 139781]  Site 4 Bias Flow is out of range.,,,,,,,,,,,,,,,,,,,,,,,,,
2025-12-30,09:53:22.538000,2d,Toxicity,Original,,52.26812362670898,2.548752784729004,133.21852111816406,2.4707319736480717,2.4140000343322754,0.244857907295227,11.153897285461426,10.01968002319336,6.91982889175415,0.4536469876766205,0.694280207157135,0.4888240396976471,9.657974243164062,0.0,0.2077058553695678,3.2769663333892822,54.44041061401367,37.0,25.0,30.0,50.0,
2025-12-30,09:53:22.538000,FinePointe Series WBP [SN 10499C]  Site 1 Bias Flow is out of range.,,,,,,,,,,,,,,,,,,,,,,,,,
2025-12-30,09:53:24.538000,2d,Toxicity,Original,,46.677188873291016,2.685194969177246,124.94473266601562,3.011681079864502,3.0825672149658203,0.1320686638355255,11.153897285461426,11.81246566772461,7.34126615524292,0.4704048931598663,0.8179543018341064,0.4105552434921264,9.447593688964844,100.01551055908205,0.2052406072616577,0.3841074109077453,36.30965042114258,37.0,25.0,30.0,33.33333206176758,
2025-12-30,09:53:26.538000,2d,Toxicity,Original,,46.56941604614258,2.2896840572357178,106.62924194335938,2.3984711170196533,1.9993482828140257,0.0865420401096344,11.153897285461426,8.844738960266113,7.276978969573975,0.4102133512496948,0.8781858682632446,0.5496224761009216,9.327773094177246,138.8326416015625,0.2991028130054474,,26.39004898071289,37.0,25.0,30.0,0.0,
2025-12-30,09:53:28.538000,2d,Toxicity,Original,,136.8441619873047,1.6589540243148804,103.05075073242188,1.481241226196289,1.4798885583877563,0.2570118606090545,11.153897285461426,8.047464370727539,5.5109076499938965,0.2893424928188324,0.5287373065948486,0.3720671236515045,8.143036842346191,0.0,0.1962974816560745,8.44823932647705,36.37266159057617,37.0,25.0,30.0,0.0,
2025-12-30,09:53:30.538000,2d,Toxicity,Original,,57.88463592529297,2.589926481246948,147.45021057128906,1.9323947429656985,2.046436548233032,0.1919541954994201,11.153897285461426,11.723821640014648,7.546875476837158,0.4068373739719391,0.6734310984611511,0.4520848095417022,10.51144790649414,112.28868865966795,0.240657091140747,2.352301597595215,34.374969482421875,37.0,25.0,30.0,0.0,
2025-12-30,09:53:30.538000,FinePointe Series WBP [SN 139781]  Site 4 Bias Flow is out of range.,,,,,,,,,,,,,,,,,,,,,,,,,
2025-12-30,09:53:32.538000,2d,Toxicity,Original,,70.52516174316406,2.092668056488037,147.3701934814453,0.958766222000122,1.0052430629730225,0.1872244179248809,11.153897285461426,9.87636947631836,6.148170471191406,0.4608406126499176,0.3899813592433929,0.5049273371696472,9.560941696166992,0.0,0.2012344300746917,1.5100177526474,39.17757415771485,37.0,25.0,30.0,50.0,
2025-12-30,09:53:32.538000,FinePointe Series WBP [SN 10499C]  Site 1 Bias Flow is out of range.,,,,,,,,,,,,,,,,,,,,,,,,,
2025-12-30,09:53:34.538000,2d,Toxicity,Original,,203.3111572265625,1.2617106437683103,131.62510681152344,0.6486762762069702,0.727935791015625,0.6017253994941711,11.153897285461426,7.592280387878418,6.714476585388184,0.2935855686664581,0.1975751370191574,0.3007724583148956,5.822679996490479,0.0,0.1257288753986358,8.097536087036133,18.467674255371094,37.0,25.0,30.0,50.0,
2025-12-30,09:53:36.538000,2d,Toxicity,Original,,55.692195892333984,2.732120513916016,153.86085510253906,1.940543293952942,1.742154598236084,0.2422834932804107,11.153897285461426,12.071720123291016,9.436120986938477,0.4335924386978149,0.6495394110679626,0.6295883655548096,9.254648208618164,39.68797302246094,0.2414411604404449,1.3783888816833496,28.67853546142578,37.0,25.0,30.0,50.0,
2025-12-30,09:53:40.538000,2d,Toxicity,Original,,51.27667999267578,2.449548721313477,125.38206481933594,2.33865737915039,2.841032028198242,0.3422065377235412,11.153897285461426,12.14987564086914,5.906021118164063,0.3904797434806824,0.779881477355957,0.4353214502334595,7.877963066101074,184.2669677734375,0.2088898718357086,1.1262648105621338,36.3788948059082,37.0,25.0,30.0,0.0,
2025-12-30,09:53:40.538000,FinePointe Series WBP [SN 139781]  Site 4 Bias Flow is out of range.,,,,,,,,,,,,,,,,,,,,,,,,,
2025-12-30,09:53:42.538000,2d,Toxicity,Original,,59.08685302734375,2.3384652137756348,137.03721618652344,2.0743937492370605,2.331815481185913,0.2200612723827362,11.153897285461426,10.456117630004885,7.194807529449463,0.390949547290802,0.6770932674407959,0.4491521120071411,7.324175834655762,181.41482543945312,0.2072561532258987,2.9512290954589844,49.15034103393555,37.0,25.0,30.0,0.0,
2025-12-30,09:53:42.538000,FinePointe Series WBP [SN 10499C]  Site 1 Bias Flow is out of range.,,,,,,,,,,,,,,,,,,,,,,,,,
2025-12-30,09:53:44.538000,2d,Toxicity,Original,,63.43693923950195,2.654036045074463,167.7198028564453,0.814393937587738,1.1576491594314575,0.343949407339096,11.153897285461426,13.147638320922852,6.851750373840332,0.4452476501464844,0.5143864750862122,0.5573947429656982,12.828660011291504,0.0,0.2430186867713928,2.1870508193969727,42.70347595214844,37.0,25.0,30.0,50.0,
2025-12-30,09:53:46.538000,2d,Toxicity,Original,,144.2995147705078,1.227481722831726,84.19762420654297,0.9139472246170044,1.477088212966919,0.1766111850738525,11.153897285461426,7.033999443054199,3.9486067295074463,0.2889671921730041,0.3542303740978241,0.2379361689090728,8.145767211914062,6.025369167327881,0.1584793776273727,6.166604995727539,43.07258605957031,37.0,25.0,30.0,33.33333206176758,
2025-12-30,09:53:48.538000,2d,Toxicity,Original,,62.182395935058594,2.288621664047241,144.9267120361328,1.61565899848938,1.7310171127319336,0.1693177819252014,11.153897285461426,10.03200340270996,8.418456077575684,0.3767606914043426,0.6054888963699341,0.3917358517646789,9.863388061523438,41.10861587524414,0.2274060398340225,3.543126106262207,35.90007781982422,37.0,25.0,30.0,33.33333206176758,
2025-12-30,09:53:50.538000,2d,Toxicity,Original,,71.60101318359375,2.3736650943756104,169.9381103515625,0.9842146635055542,1.0497965812683103,0.1767208874225616,11.153897285461426,11.123287200927734,7.71324348449707,0.4133256077766418,0.4246570467948913,0.4341300427913666,8.496167182922363,0.0,0.2127720415592193,3.0952916145324707,22.08481979370117,37.0,25.0,30.0,33.33333206176758,
2025-12-30,09:53:50.538000,FinePointe Series WBP [SN 139781]  Site 4 Bias Flow is out of range.,,,,,,,,,,,,,,,,,,,,,,,,,
2025-12-30,09:53:52.538000,2d,Toxicity,Original,,62.52836990356445,2.152646541595459,134.6014862060547,1.1056008338928225,1.072426676750183,0.5792143940925598,11.153897285461426,9.776433944702148,6.969756603240967,0.4209038019180298,0.5386606454849243,0.455728530883789,7.422574996948242,0.0,0.2656871080398559,,32.55792999267578,37.0,25.0,30.0,50.0,
2025-12-30,09:53:52.538000,FinePointe Series WBP [SN 10499C]  Site 1 Bias Flow is out of range.,,,,,,,,,,,,,,,,,,,,,,,,,
2025-12-30,09:53:54.538000,2d,Toxicity,Original,,55.9710807800293,2.406653881072998,134.040771484375,1.5846269130706787,1.8994064331054688,0.2445953488349914,11.153897285461426,11.239076614379885,7.553199768066406,0.463302880525589,0.6333772540092468,0.5984498262405396,10.581327438354492,61.18110275268555,0.226161241531372,4.47830867767334,38.743919372558594,37.0,25.0,30.0,0.0,
2025-12-30,09:53:56.538000,2d,Toxicity,Original,,55.94376373291016,2.5653505325317383,143.81253051757812,1.321890115737915,1.5109984874725342,0.2526540160179138,11.153897285461426,11.789215087890623,7.338373184204102,0.47731813788414,0.5965471267700195,0.4793885946273803,9.253950119018556,0.0,0.2444681227207183,2.140788316726685,30.41250991821289,37.0,25.0,30.0,33.33333206176758,
2025-12-30,09:53:58.538000,2d,Toxicity,Original,,59.264923095703125,2.5284953117370605,150.03353881835938,1.524321436882019,1.776761174201965,0.2530935406684875,11.153897285461426,11.747234344482422,7.217708587646484,0.4170869588851928,0.5954602956771851,0.5486641526222229,7.18360710144043,55.00110626220703,0.2221125960350036,2.1798624992370605,31.184812545776367,37.0,25.0,30.0,0.0,
2025-12-30,09:54:00.538000,2d,Toxicity,Original,,54.53062057495117,2.3522984981536865,126.67440795898438,2.220422744750977,2.3538784980773926,0.294823944568634,11.153897285461426,10.37594985961914,6.919513702392578,0.4030300974845886,0.702224612236023,0.5290447473526001,9.433094024658203,80.2173843383789,0.2165668159723281,2.9485225677490234,34.81165313720703,37.0,25.0,30.0,0.0,
2025-12-30,09:54:00.538000,FinePointe Series WBP [SN 139781]  Site 4 Bias Flow is out of range.,,,,,,,,,,,,,,,,,,,,,,,,,
2025-12-30,09:54:00.538000,FinePointe Series WBP [SN 10499C]  Site 1 Bias Flow is out of range.,,,,,,,,,,,,,,,,,,,,,,,,,
2025-12-30,09:54:02.538000,2d,Toxicity,Original,,165.43702697753906,1.6051592826843262,115.63526153564452,1.2858498096466064,1.2366435527801514,0.3339818120002746,11.153897285461426,7.502893447875977,6.138256072998047,0.3093878924846649,0.3565360605716705,0.4504212439060211,6.759608268737793,0.0,0.1536649763584137,7.13510274887085,34.12508773803711,37.0,25.0,30.0,0.0,
2025-12-30,09:54:04.538000,2d,Toxicity,Original,,58.47964859008789,2.302221298217773,134.5904541015625,1.5903396606445312,1.8181817531585691,0.2408075481653213,11.153897285461426,10.95846176147461,7.215209484100342,0.4203658998012543,0.6061049699783325,0.4688166379928589,10.046714782714844,36.74024200439453,0.2263559997081756,3.294149398803711,30.91057014465332,37.0,25.0,30.0,33.33333206176758,
2025-12-30,09:54:06.538000,2d,Toxicity,Original,,64.51781463623047,2.402533054351806,155.0061798095703,1.5493009090423584,1.4343150854110718,0.2362753003835678,11.153897285461426,11.051021575927734,8.532639503479004,0.4474877417087555,0.4824880063533783,0.4489079415798187,9.830516815185549,0.0,0.2051129043102264,5.055549621582031,33.08584976196289,37.0,25.0,30.0,0.0,
2025-12-30,09:54:08.538000,2d,Toxicity,Original,,52.14474868774414,2.7302699089050293,140.57640075683594,2.10024094581604,2.559259414672852,0.245922178030014,11.153897285461426,12.142539024353027,7.584436416625977,0.4726858735084533,0.6884411573410034,0.4673182964324951,10.527799606323242,117.51864624023438,0.2008096426725387,4.696756839752197,32.482852935791016,37.0,25.0,30.0,0.0,
2025-12-30,09:54:10.538000,2d,Toxicity,Original,,56.97800827026367,2.637249708175659,149.61456298828125,2.189583301544189,2.357130289077759,0.153929054737091,11.153897285461426,13.13966941833496,8.509212493896484,0.395745038986206,0.6926473379135132,0.47676482796669,12.158310890197754,157.5894775390625,0.2314513325691223,6.235219478607178,40.5061149597168,37.0,25.0,30.0,33.33333206176758,
2025-12-30,09:54:10.538000,FinePointe Series WBP [SN 139781]  Site 4 Bias Flow is out of range.,,,,,,,,,,,,,,,,,,,,,,,,,
2025-12-30,09:54:12.538000,2d,Toxicity,Original,,59.26416397094727,2.514359474182129,148.99502563476562,1.5174165964126587,1.614710569381714,0.2008617520332336,11.153897285461426,11.345269203186035,7.555105209350586,0.4346123933792114,0.5778830647468567,0.5952272415161133,8.631840705871582,0.0,0.2269902527332306,3.281752347946167,37.45600128173828,37.0,25.0,30.0,0.0,
2025-12-30,09:54:12.538000,FinePointe Series WBP [SN 10499C]  Site 1 Bias Flow is out of range.,,,,,,,,,,,,,,,,,,,,,,,,,
2025-12-30,09:54:14.538000,2d,Toxicity,Original,,55.518436431884766,2.4253082275390625,134.66232299804688,1.3827500343322754,1.4455595016479492,0.1763664782047271,11.153897285461426,10.710052490234377,7.542252540588379,0.5136762261390686,0.5683941841125488,0.5244347453117371,14.467403411865234,0.0,0.241277813911438,5.86771821975708,34.10836410522461,37.0,25.0,30.0,0.0,
2025-12-30,09:54:16.538000,2d,Toxicity,Original,,57.58779525756836,2.546499252319336,146.6472625732422,2.417449474334717,2.0568747520446777,0.1824450939893722,11.153897285461426,10.00784969329834,9.611547470092772,0.4060797393321991,0.6358076930046082,0.2735835611820221,11.483963012695312,0.0,0.2130252718925476,4.394340991973877,33.32014465332031,37.0,25.0,30.0,50.0,
2025-12-30,09:54:18.538000,2d,Toxicity,Original,,63.94280242919922,2.4333958625793457,155.21954345703125,1.7034029960632324,1.6709833145141602,0.2446270883083343,11.153897285461426,11.837947845458984,7.626152038574219,0.3994030952453613,0.554743766784668,0.600965678691864,8.676560401916504,86.01422882080078,0.2146147936582565,1.769851565361023,33.335472106933594,37.0,25.0,30.0,0.0,
2025-12-30,09:54:20.538000,2d,Toxicity,Original,,60.483177185058594,2.2532799243927,136.2855224609375,1.0981924533843994,1.4691859483718872,0.3937876522541046,11.153897285461426,11.975032806396484,7.383471965789795,0.43841353058815,0.5535978674888611,0.6485838890075684,10.957685470581056,0.0,0.2306132167577743,6.887160778045654,35.70689010620117,37.0,25.0,30.0,50.0,
2025-12-30,09:54:20.538000,FinePointe Series WBP [SN 139781]  Site 4 Bias Flow is out of range.,,,,,,,,,,,,,,,,,,,,,,,,,
2025-12-30,09:54:22.538000,2d,Toxicity,Original,,55.68703079223633,2.397123336791992,132.8685302734375,2.0027074813842773,2.2739834785461426,0.2239410579204559,11.153897285461426,11.570518493652344,7.805653572082519,0.4102557301521301,0.6726908683776855,0.4943296611309051,10.582731246948242,118.74293518066406,0.2121863365173339,5.204987525939941,32.03296661376953,37.0,25.0,30.0,0.0,
2025-12-30,09:54:22.538000,FinePointe Series WBP [SN 10499C]  Site 1 Bias Flow is out of range.,,,,,,,,,,,,,,,,,,,,,,,,,
2025-12-30,09:54:24.538000,2d,Toxicity,Original,,63.2115478515625,2.5014126300811768,158.58999633789062,1.6995770931243896,1.9090133905410769,0.2014623880386352,11.153897285461426,10.706439971923828,7.999230861663818,0.385245144367218,0.5665165185928345,0.5962634682655334,9.734715461730955,74.47452545166016,0.2017340362071991,6.461248397827148,40.42415618896485,37.0,25.0,30.0,33.33333206176758,
2025-12-30,09:54:26.538000,2d,Toxicity,Original,,64.42713165283203,2.4672276973724365,159.32864379882812,1.6524906158447266,1.9438908100128172,0.1888826638460159,11.153897285461426,12.572601318359377,8.943778991699219,0.3709002733230591,0.5689809322357178,0.5739365816116333,10.658761024475098,38.033084869384766,0.1989475786685943,6.97288990020752,41.31459045410156,37.0,25.0,30.0,0.0,
2025-12-30,09:54:28.538000,2d,Toxicity,Original,,58.86759948730469,2.356560707092285,138.97409057617188,1.8503426313400269,2.148547410964966,0.2313151955604553,11.153897285461426,11.104257583618164,7.942968368530273,0.3970970511436462,0.6224802732467651,0.637216329574585,9.087249755859377,67.85040283203125,0.2045916318893432,7.536084175109863,35.02019500732422,37.0,25.0,30.0,33.33333206176758,
2025-12-30,09:54:30.538000,2d,Toxicity,Original,,65.58206176757812,2.512534141540528,164.7012939453125,1.2501004934310913,1.4867454767227173,0.3518958687782287,11.153897285461426,11.088300704956056,8.662374496459961,0.4096167683601379,0.5060207843780518,0.7148503065109253,9.259756088256836,0.0,0.2100377678871154,6.651867866516113,33.94573211669922,37.0,25.0,30.0,0.0,
2025-12-30,09:54:30.538000,FinePointe Series WBP [SN 139781]  Site 4 Bias Flow is out of range.,,,,,,,,,,,,,,,,,,,,,,,,,
2025-12-30,09:54:32.538000,2d,Toxicity,Original,,60.63077545166016,2.56740951538086,155.65200805664062,1.4067091941833496,1.5296123027801514,0.3828486800193786,11.153897285461426,12.36595344543457,8.473328590393066,0.4257839918136596,0.5639487504959106,0.7409334182739258,9.39750862121582,0.0,0.2285788506269455,2.0718674659729004,29.618711471557617,37.0,25.0,30.0,0.0,
2025-12-30,09:54:32.538000,FinePointe Series WBP [SN 10499C]  Site 1 Bias Flow is out of range.,,,,,,,,,,,,,,,,,,,,,,,,,
2025-12-30,09:54:34.538000,2d,Toxicity,Original,,56.39512634277344,2.647424697875977,149.40969848632812,1.447570562362671,1.7270092964172363,0.2193580567836761,11.153897285461426,11.325176239013672,6.756759643554688,0.4511474072933197,0.6230888366699219,0.4759072661399841,11.955942153930664,140.83738708496094,0.2351368963718414,3.1992032527923584,30.562015533447266,37.0,25.0,30.0,0.0,
2025-12-30,09:54:36.538000,2d,Toxicity,Original,,64.72863006591797,2.5093514919281006,162.39596557617188,1.3734652996063232,1.375763177871704,0.2898395955562591,11.153897285461426,10.857810020446776,7.426424026489258,0.4062451422214508,0.5394969582557678,0.6123150587081909,7.401675224304199,0.0,0.2301376909017563,1.6675314903259275,38.74925231933594,37.0,25.0,30.0,33.33333206176758,
2025-12-30,09:54:38.538000,2d,Toxicity,Original,,60.58016204833984,2.528902530670166,153.36962890625,1.5798184871673584,1.7279716730117798,0.2667774558067322,11.153897285461426,11.374167442321776,7.138837814331055,0.4050261676311493,0.5865699052810669,0.6080605983734131,9.734539031982422,38.15443801879883,0.2210333943367004,4.801589012145996,32.936275482177734,37.0,25.0,30.0,0.0,
2025-12-30,09:54:40.538000,2d,Toxicity,Original,,55.815372467041016,2.5971083641052246,143.95068359375,1.851871490478516,2.0812833309173584,0.1938926875591278,11.153897285461426,11.844974517822266,8.068768501281738,0.4297497272491455,0.6500227451324463,0.6391337513923645,7.544890403747559,18.001745223999023,0.2157693356275558,3.791236400604248,35.51102066040039,37.0,25.0,30.0,0.0,
2025-12-30,09:54:40.538000,FinePointe Series WBP [SN 139781]  Site 4 Bias Flow is out of range.,,,,,,,,,,,,,,,,,,,,,,,,,
2025-12-30,09:54:42.538000,2d,Toxicity,Original,,68.53045654296875,2.5302414894104004,172.75184631347656,1.6695585250854492,1.4537029266357422,0.1345563381910324,11.153897285461426,10.913928985595703,9.115650177001951,0.3755615949630737,0.5169022083282471,0.6642373204231262,6.997433662414551,0.0,0.2140693664550781,2.55505919456482,32.525169372558594,37.0,25.0,30.0,0.0,
2025-12-30,09:54:42.538000,FinePointe Series WBP [SN 10499C]  Site 1 Bias Flow is out of range.,,,,,,,,,,,,,,,,,,,,,,,,,
2025-12-30,09:54:44.538000,2d,Toxicity,Original,,62.763145446777344,2.804652690887451,175.37289428710938,1.587114334106445,1.7270333766937256,0.1430739611387252,11.153897285461426,11.866631507873535,8.052756309509277,0.4402220845222473,0.5203477144241333,0.5213569402694702,9.615886688232422,56.08238983154297,0.1964589357376098,4.628272533416748,32.18489074707031,37.0,25.0,30.0,33.33333206176758,
2025-12-30,09:54:46.538000,2d,Toxicity,Original,,59.06710815429688,2.5862350463867188,152.43276977539062,1.5424237251281738,1.3899452686309814,0.3030268549919128,11.153897285461426,11.142547607421877,8.310859680175781,0.4185777604579925,0.5978937149047852,0.623058557510376,9.055331230163574,0.0,0.2614577412605285,3.1345677375793457,24.275453567504883,37.0,25.0,30.0,0.0,
2025-12-30,09:54:48.538000,2d,Toxicity,Original,,69.48764038085938,2.472133159637451,169.89450073242188,1.204432249069214,1.1568340063095093,0.1614131033420562,11.153897285461426,11.937492370605469,9.14850616455078,0.3901060223579407,0.4916703701019287,0.6274888515472412,11.83155345916748,0.0,0.2313250601291656,2.2353878021240234,27.658098220825195,37.0,25.0,30.0,33.33333206176758,
2025-12-30,09:54:50.538000,2d,Toxicity,Original,,122.49674224853516,1.917744517326355,124.9383544921875,1.3691736459732056,1.327409744262695,0.4705740809440613,11.153897285461426,10.342840194702148,8.824591636657715,0.2949545383453369,0.4606386125087738,0.4954801201820373,12.951311111450195,67.44515991210938,0.2205582857131958,11.453869819641112,21.63743019104004,37.0,25.0,30.0,0.0,
2025-12-30,09:54:50.538000,FinePointe Series WBP [SN 139781]  Site 4 Bias Flow is out of range.,,,,,,,,,,,,,,,,,,,,,,,,,
2025-12-30,09:54:52.538000,2d,Toxicity,Original,,56.76928329467773,3.561774253845215,202.19937133789065,1.670710206031799,1.498449444770813,0.1433557718992233,11.153897285461426,15.923239707946776,11.466350555419922,0.429100900888443,0.627808690071106,0.8218538165092468,10.06694507598877,0.0,0.2556069493293762,,10.350852966308594,37.0,25.0,30.0,0.0,
2025-12-30,09:54:52.538000,FinePointe Series WBP [SN 10499C]  Site 1 Bias Flow is out of range.,,,,,,,,,,,,,,,,,,,,,,,,,
2025-12-30,09:54:56.538000,2d,Toxicity,Original,,67.47443389892578,2.407186269760132,162.4235382080078,1.1193983554840088,1.1792309284210205,0.4661830961704254,11.153897285461426,10.274508476257324,7.29256534576416,0.485950618982315,0.4032750427722931,0.5157603621482849,9.050580024719238,111.67170715332033,0.1895071268081665,1.98175060749054,38.705116271972656,37.0,25.0,30.0,87.5,
2025-12-30,09:54:58.538000,2d,Toxicity,Original,,66.43157958984375,2.456801652908325,163.77786254882812,0.8311161994934082,0.9085111618041992,0.4447668194770813,11.153897285461426,9.968175888061523,7.5003252029418945,0.4874387681484222,0.4386717081069946,0.3515557050704956,8.585920333862305,0.0,0.2339972108602523,1.645280361175537,25.874561309814453,37.0,25.0,30.0,50.0,
2025-12-30,09:55:00.538000,2d,Toxicity,Original,,55.50312423706055,2.5270771980285645,140.26068115234375,1.2349752187728882,1.095520257949829,0.2194364219903946,11.153897285461426,8.238757133483887,6.849068641662598,0.6253073811531067,0.4557128548622131,0.5015628337860107,10.314988136291504,0.0,0.228182777762413,6.253914833068848,33.4848747253418,37.0,25.0,30.0,50.0,
2025-12-30,09:55:00.538000,FinePointe Series WBP [SN 139781]  Site 4 Bias Flow is out of range.,,,,,,,,,,,,,,,,,,,,,,,,,
2025-12-30,09:55:00.538000,FinePointe Series WBP [SN 139781]  Site 2 Bias Flow is out of range.,,,,,,,,,,,,,,,,,,,,,,,,,
2025-12-30,09:55:02.538000,2d,Toxicity,Original,,131.64572143554688,1.5460799932479858,96.5347671508789,1.2763102054595947,1.1394761800765991,0.3422450423240661,11.153897285461426,7.144472122192383,5.7037763595581055,0.3517070710659027,0.4210840463638305,0.4033787846565246,11.829293251037598,24.89602470397949,0.1915135830640792,11.619213104248049,28.887887954711918,37.0,25.0,30.0,25.0,
2025-12-30,09:55:02.538000,FinePointe Series WBP [SN 10499C]  Site 1 Bias Flow is out of range.,,,,,,,,,,,,,,,,,,,,,,,,,
2025-12-30,09:55:04.538000,2d,Toxicity,Original,,57.23556518554688,2.0854976177215576,118.58091735839844,1.5631537437438965,1.5863165855407717,0.2127041816711425,11.153897285461426,8.734033584594727,7.0173540115356445,0.5038973689079285,0.5585644841194153,0.3894771337509155,9.08565616607666,76.3228759765625,0.2248627096414566,6.637263298034668,26.614177703857425,37.0,25.0,30.0,0.0,
2025-12-30,09:55:06.538000,2d,Toxicity,Original,,56.47505187988281,2.384963035583496,135.28521728515625,2.3562326431274414,1.870809316635132,0.1559009253978729,11.153897285461426,8.684316635131836,8.438610076904297,0.5207850933074951,0.5611967444419861,0.4441819190979004,7.628394603729248,70.50145721435547,0.2021585404872894,2.588364362716675,34.28119659423828,37.0,25.0,30.0,0.0,
2025-12-30,09:55:08.538000,2d,Toxicity,Original,,60.73863983154297,2.326305389404297,141.29661560058594,1.730715036392212,1.52992045879364,0.3542204797267914,11.153897285461426,9.310772895812988,7.253993988037109,0.4232189655303955,0.5646201372146606,0.5489964485168457,7.427396297454834,0.0,0.2285674661397934,1.993760347366333,26.75048446655273,37.0,25.0,30.0,50.0,
2025-12-30,09:55:10.538000,2d,Toxicity,Original,,146.10311889648438,1.62274169921875,104.30929565429688,1.818881273269653,1.4798592329025269,0.3790870606899261,11.153897285461426,6.917728900909424,8.291191101074219,0.3464523553848266,0.3996935486793518,0.5101655125617981,10.148422241210938,48.22468948364258,0.1529371887445449,10.148062705993652,32.06438446044922,37.0,25.0,30.0,0.0,
2025-12-30,09:55:10.538000,FinePointe Series WBP [SN 139781]  Site 4 Bias Flow is out of range.,,,,,,,,,,,,,,,,,,,,,,,,,
2025-12-30,09:55:10.538000,FinePointe Series WBP [SN 139781]  Site 2 Bias Flow is out of range.,,,,,,,,,,,,,,,,,,,,,,,,,
2025-12-30,09:55:12.538000,2d,Toxicity,Original,,58.17362976074219,2.3182339668273926,135.20018005371094,1.6618664264678955,2.176133632659912,0.3121922016143799,11.153897285461426,16.750362396240234,10.795137405395508,0.3549570143222809,0.6794726252555847,0.6168610453605652,8.780452728271484,192.7752227783203,0.237223133444786,4.804198741912842,31.25494766235352,37.0,25.0,30.0,0.0,
2025-12-30,09:55:12.538000,FinePointe Series WBP [SN 10499C]  Site 1 Bias Flow is out of range.,,,,,,,,,,,,,,,,,,,,,,,,,
2025-12-30,09:55:14.538000,2d,Toxicity,Original,,54.47922134399414,2.8761260509490967,156.20648193359375,2.3422276973724365,1.7172824144363403,0.408674955368042,11.153897285461426,10.446694374084473,10.752052307128906,0.6003805994987488,0.5069235563278198,0.6192901134490967,18.443138122558597,149.2550506591797,0.2391387820243835,9.130008697509766,20.341562271118164,37.0,25.0,30.0,0.0,
2025-12-30,09:55:16.538000,2d,Toxicity,Original,,75.39522552490234,2.2980198860168457,172.47874450683594,0.7615256309509277,0.9950176477432252,0.3993365168571472,11.153897285461426,12.949907302856444,10.609245300292969,0.3679548501968384,0.4296237826347351,0.7514252662658691,5.279245376586914,0.0,0.2267065942287445,11.947115898132324,16.20671272277832,37.0,25.0,30.0,33.33333206176758,
2025-12-30,09:55:18.538000,2d,Toxicity,Original,,59.00609588623047,2.47651481628418,145.7784423828125,0.7752898335456848,1.1437681913375854,0.4344990253448486,11.153897285461426,13.215776443481444,9.298840522766112,0.4094571769237518,0.6099807024002075,0.5848422050476074,4.735184192657471,156.65719604492188,0.2897318005561828,3.375909805297852,15.230592727661133,37.0,25.0,30.0,33.33333206176758,
2025-12-30,09:55:18.538000,FinePointe Series WBP [SN 139781]  Site 4 Bias Flow is out of range.,,,,,,,,,,,,,,,,,,,,,,,,,
2025-12-30,09:55:22.538000,2d,Toxicity,Original,,68.08793640136719,2.445859432220459,167.22647094726562,0.7453604340553284,0.8817660212516785,0.4789276719093323,11.153897285461426,15.814373016357422,11.875822067260742,0.3007383942604065,0.589778482913971,0.7287068963050842,4.056629180908203,37.711822509765625,0.3166242837905884,10.72493839263916,26.166793823242188,37.0,25.0,30.0,66.66666412353516,
2025-12-30,09:55:22.538000,FinePointe Series WBP [SN 10499C]  Site 1 Bias Flow is out of range.,,,,,,,,,,,,,,,,,,,,,,,,,
2025-12-30,09:55:24.538000,2d,Toxicity,Original,,72.20512390136719,2.398714542388916,173.19949340820312,1.4698965549468994,1.4314571619033811,0.2509649991989136,11.153897285461426,10.621384620666504,10.637776374816896,0.3528116345405578,0.4781543314456939,0.6456573605537415,14.26347541809082,0.0,0.2021820992231369,7.997832775115967,38.36176681518555,37.0,25.0,30.0,75.0,
2025-12-30,09:55:26.538000,2d,Toxicity,Original,,86.20233917236328,2.460665464401245,212.1151123046875,1.0626821517944336,0.8970177173614502,0.3601984977722168,11.153897285461426,11.774746894836426,11.990538597106934,0.3628871440887451,0.333149641752243,0.7034552693367004,23.19150161743164,0.0,0.1835663914680481,11.9169921875,36.719146728515625,37.0,25.0,30.0,50.0,
2025-12-30,09:55:28.538000,2d,Toxicity,Original,,92.86800384521484,3.5129740238189697,326.2428894042969,1.0458601713180542,1.005069136619568,0.3056636452674866,11.153897285461426,13.826696395874023,14.64346408843994,0.4105252027511596,0.235553041100502,0.8805132508277893,5.05280065536499,0.0,0.1205419823527336,10.983165740966797,34.83314895629883,37.0,25.0,30.0,50.0,
2025-12-30,09:55:30.538000,2d,Toxicity,Original,,28.99742126464844,3.584190368652344,103.9322738647461,6.096195220947266,7.009690761566162,0.1194828823208808,11.153897285461426,14.740067481994627,9.891300201416016,0.3952695429325104,1.6738799810409546,0.4946881532669067,6.019678592681885,1001.7971801757812,0.2111430317163467,,,37.0,25.0,30.0,50.0,
2025-12-30,09:55:30.538000,FinePointe Series WBP [SN 139781]  Site 4 Bias Flow is out of range.,,,,,,,,,,,,,,,,,,,,,,,,,
2025-12-30,09:55:32.538000,2d,Toxicity,Original,,63.42010498046875,2.212488889694214,140.31626892089844,0.7646273374557495,1.084095120429993,0.5508731603622437,11.153897285461426,10.791810035705566,6.399388313293457,0.4196352958679199,0.526436984539032,0.5131140947341919,11.712053298950195,0.0,0.2633314132690429,7.04986572265625,25.47542762756348,37.0,25.0,30.0,80.0,
2025-12-30,09:55:32.538000,FinePointe Series WBP [SN 10499C]  Site 1 Bias Flow is out of range.,,,,,,,,,,,,,,,,,,,,,,,,,
2025-12-30,09:55:34.538000,2d,Toxicity,Original,,63.29745101928711,2.267824172973633,142.70834350585938,0.9883166551589966,0.9497544765472412,0.6151565909385681,11.153897285461426,9.654420852661133,8.136412620544434,0.4616149067878723,0.490011602640152,0.6712348461151123,15.41111946105957,0.0,0.2632803916931152,4.074627876281738,16.432462692260742,37.0,25.0,30.0,0.0,
2025-12-30,09:55:36.538000,2d,Toxicity,Original,,154.15045166015625,1.6480666399002075,127.99210357666016,0.8561404943466187,0.8668016195297241,0.2981869578361511,11.153897285461426,7.656890869140625,5.957101345062256,0.3463644087314605,0.3338423073291778,0.4365394413471222,7.706947803497314,0.0,0.176454022526741,6.870750427246094,23.96150779724121,37.0,25.0,30.0,0.0,
2025-12-30,09:55:38.538000,2d,Toxicity,Original,,61.20600509643555,2.511094093322754,153.62045288085938,0.9739212989807128,1.2842735052108765,0.4155733287334442,11.153897285461426,10.424272537231444,6.766790390014648,0.4207659363746643,0.5607322454452515,0.542290210723877,12.025482177734377,95.39803314208984,0.2554206848144531,3.2009308338165283,24.430503845214844,37.0,25.0,30.0,0.0,
2025-12-30,09:55:40.538000,2d,Toxicity,Original,,62.72465515136719,2.3154115676879883,144.25180053710938,1.6939290761947632,1.4568276405334473,0.3579595685005188,11.153897285461426,9.563883781433104,8.90829086303711,0.4408218264579773,0.5197084546089172,0.748381495475769,5.151894569396973,75.62612915039062,0.2153077721595764,4.225302219390869,25.1522216796875,37.0,25.0,30.0,0.0,
2025-12-30,09:55:40.538000,FinePointe Series WBP [SN 139781]  Site 4 Bias Flow is out of range.,,,,,,,,,,,,,,,,,,,,,,,,,
2025-12-30,09:55:42.538000,2d,Toxicity,Original,,68.67871856689453,2.2964072227478027,157.55148315429688,1.133373737335205,0.9333726167678832,0.2667146027088165,11.153897285461426,10.083559036254885,9.873117446899414,0.4110752940177917,0.4643199145793915,0.7205262184143066,10.861974716186523,0.0,0.2482840716838836,14.014209747314451,14.62789535522461,37.0,25.0,30.0,0.0,
2025-12-30,09:55:42.538000,FinePointe Series WBP [SN 10499C]  Site 1 Bias Flow is out of range.,,,,,,,,,,,,,,,,,,,,,,,,,
2025-12-30,09:55:44.538000,2d,Toxicity,Original,,70.12019348144531,2.166778326034546,147.49903869628906,1.252217411994934,0.9466086626052856,0.4106096625328064,11.153897285461426,11.188322067260742,14.329989433288574,0.3831348121166229,0.4846287071704864,1.0289993286132812,10.53079891204834,0.0,0.2660509645938873,7.463094234466553,22.58515167236328,37.0,25.0,30.0,50.0,
2025-12-30,09:55:46.538000,2d,Toxicity,Original,,157.82852172851562,2.122933864593506,175.88160705566406,1.0482587814331057,0.9432634711265564,0.4336269795894623,11.153897285461426,10.53248691558838,10.615625381469728,0.3135004043579101,0.3008354306221008,0.9211674332618712,64.8602066040039,0.0,0.1578388065099716,10.631595611572266,31.415380477905277,37.0,25.0,30.0,25.0,
2025-12-30,09:55:48.538000,2d,Toxicity,Original,,68.83915710449219,2.832804918289185,195.0078887939453,0.6553952693939209,0.5808501839637756,0.6349748373031616,11.153897285461426,13.222413063049316,17.650487899780273,0.3676400482654571,0.5039569735527039,1.5817452669143677,8.641898155212402,0.0,0.3213033080101013,2.435033082962036,3.3670005798339844,37.0,25.0,30.0,75.0,
2025-12-30,09:55:50.538000,2d,Toxicity,Original,,71.66497802734375,2.8304429054260254,194.61546325683597,0.9458370804786682,1.2175076007843018,0.5860402584075928,11.153897285461426,12.242635726928713,9.967507362365724,0.4066864252090454,0.4665545225143432,0.6224402785301208,156.582275390625,90.84114837646484,0.2159095406532287,6.072299003601074,27.1450309753418,37.0,25.0,30.0,0.0,
2025-12-30,09:55:50.538000,FinePointe Series WBP [SN 139781]  Site 4 Bias Flow is out of range.,,,,,,,,,,,,,,,,,,,,,,,,,
2025-12-30,09:55:52.538000,2d,Toxicity,Original,,68.0906982421875,2.39711856842041,164.72390747070312,0.9674223065376282,0.9978942275047302,0.5354001522064209,11.153897285461426,11.175283432006836,8.423450469970703,0.4233244061470032,0.4605127573013305,0.6363927125930786,15.377008438110352,0.0,0.2419394254684448,5.122345924377441,28.06111717224121,37.0,25.0,30.0,50.0,
2025-12-30,09:55:52.538000,FinePointe Series WBP [SN 10499C]  Site 1 Bias Flow is out of range.,,,,,,,,,,,,,,,,,,,,,,,,,
2025-12-30,09:55:54.538000,2d,Toxicity,Original,,65.06248474121094,2.83727765083313,184.7213134765625,1.1143319606781006,1.0946853160858154,0.2648593187332153,11.153897285461426,11.596567153930664,8.689764022827148,0.435474693775177,0.4868238866329193,0.6541687250137329,10.77121353149414,0.0,0.2397692501544952,2.9503774642944336,21.42520904541016,37.0,25.0,30.0,0.0,
2025-12-30,09:55:56.538000,2d,Toxicity,Original,,62.37808609008789,2.6754446029663086,166.77053833007812,0.9932905435562134,1.0675673484802246,0.3477934300899505,11.153897285461426,11.293920516967772,7.7519097328186035,0.4733600616455078,0.4893388152122497,0.5304285883903503,13.198812484741213,0.0,0.2477622628211975,5.2691497802734375,20.26991081237793,37.0,25.0,30.0,0.0,
2025-12-30,09:55:58.538000,2d,Toxicity,Original,,66.74954223632812,2.290531635284424,153.2255096435547,1.7986952066421509,1.6388928890228271,0.3185843825340271,11.153897285461426,9.65894603729248,7.623354434967041,0.4038491249084472,0.5002614855766296,0.5449448227882385,8.91227912902832,48.06814956665039,0.1956302374601364,3.2765872478485107,29.970144271850582,37.0,25.0,30.0,0.0,
2025-12-30,09:56:00.538000,2d,Toxicity,Original,,65.71859741210938,2.2722973823547363,149.1040496826172,1.2662523984909058,1.220179319381714,0.4118503630161285,11.153897285461426,9.53712558746338,7.263552188873291,0.4360276758670807,0.4772579669952392,0.5109514594078064,7.624805450439453,0.0,0.2196477949619293,1.9639991521835327,25.14702606201172,37.0,25.0,30.0,33.33333206176758,
2025-12-30,09:56:00.538000,FinePointe Series WBP [SN 139781]  Site 4 Bias Flow is out of range.,,,,,,,,,,,,,,,,,,,,,,,,,
2025-12-30,09:56:02.538000,2d,Toxicity,Original,,59.056427001953125,2.3595471382141118,139.34536743164062,1.7105978727340698,1.6316494941711426,0.2710554003715515,11.153897285461426,9.53484344482422,8.007877349853516,0.4876629710197449,0.528314471244812,0.5343536734580994,7.010222434997559,59.161865234375,0.2088852822780609,5.05059814453125,26.57417678833008,37.0,25.0,30.0,0.0,
2025-12-30,09:56:02.538000,FinePointe Series WBP [SN 10499C]  Site 1 Bias Flow is out of range.,,,,,,,,,,,,,,,,,,,,,,,,,
2025-12-30,09:56:04.538000,2d,Toxicity,Original,,60.576637268066406,2.7997608184814453,169.60479736328125,1.3588415384292605,1.354527235031128,0.2836069464683532,11.153897285461426,12.455860137939451,9.537912368774414,0.4724123477935791,0.5180779099464417,0.7196552157402039,9.99213981628418,0.0,0.2279036939144134,4.246448993682861,25.00935173034668,37.0,25.0,30.0,0.0,
2025-12-30,09:56:06.538000,2d,Toxicity,Original,,59.87507629394531,2.366615295410156,142.26611328125,2.4617717266082764,2.1549994945526123,0.1768454313278198,11.153897285461426,9.53539752960205,7.760737419128418,0.4464834928512573,0.557108461856842,0.4943319261074066,8.834304809570312,84.15441131591797,0.1998524665832519,5.511800289154053,25.096677780151367,37.0,25.0,30.0,0.0,
2025-12-30,09:56:08.538000,2d,Toxicity,Original,,61.37873840332031,2.154380321502685,132.19305419921875,1.818637132644653,1.9932832717895508,0.1908256858587265,11.153897285461426,10.887351989746094,8.383550643920898,0.3580309152603149,0.6196574568748474,0.5559536814689636,10.961715698242188,64.5372085571289,0.2180550098419189,9.173358917236328,31.388164520263672,37.0,25.0,30.0,0.0,
2025-12-30,09:56:10.538000,2d,Toxicity,Original,,65.01808166503906,2.491150379180908,161.86758422851562,1.4673113822937012,1.2911092042922974,0.1770195066928863,11.153897285461426,10.445408821105955,8.207006454467773,0.4345660805702209,0.4899304211139679,0.4916247725486755,6.7260918617248535,0.0,0.2189978957176208,1.53823983669281,25.55170440673828,37.0,25.0,30.0,0.0,
2025-12-30,09:56:10.538000,FinePointe Series WBP [SN 139781]  Site 4 Bias Flow is out of range.,,,,,,,,,,,,,,,,,,,,,,,,,
2025-12-30,09:56:12.538000,2d,Toxicity,Original,,62.31905746459961,2.526087760925293,157.284423828125,1.4054055213928225,1.531065821647644,0.1430206000804901,11.153897285461426,11.473258018493652,8.086143493652344,0.4194754958152771,0.5445088148117065,0.454408586025238,9.521751403808594,58.01405715942383,0.2239407300949096,4.577214241027832,25.81048583984375,37.0,25.0,30.0,0.0,
2025-12-30,09:56:12.538000,FinePointe Series WBP [SN 10499C]  Site 1 Bias Flow is out of range.,,,,,,,,,,,,,,,,,,,,,,,,,
2025-12-30,09:56:14.538000,2d,Toxicity,Original,,61.463897705078125,2.5979061126708984,159.79779052734375,1.426337718963623,1.3031518459320068,0.1474052518606186,11.153897285461426,10.166465759277344,8.245002746582031,0.4488371014595032,0.5279817581176758,0.3767269253730774,9.030336380004885,0.0,0.2361689209938049,1.7639191150665283,23.267942428588867,37.0,25.0,30.0,0.0,
2025-12-30,09:56:16.538000,2d,Toxicity,Original,,57.97528076171875,2.748443126678467,157.38412475585938,1.5995533466339111,1.3633716106414795,0.1591783165931701,11.153897285461426,10.180800437927246,8.274446487426758,0.5012200474739075,0.5419800281524658,0.6925232410430908,10.720062255859377,33.04380798339844,0.2373231798410415,4.63675594329834,24.333200454711918,37.0,25.0,30.0,0.0,
2025-12-30,09:56:18.538000,2d,Toxicity,Original,,68.34584045410156,2.534164905548096,173.43093872070312,1.4631913900375366,1.5164246559143066,0.3253647685050964,11.153897285461426,10.476740837097168,9.271589279174805,0.3911680877208709,0.4940109848976135,0.6712073683738708,9.374227523803713,0.0,0.2025372684001922,6.18626594543457,32.538570404052734,37.0,25.0,30.0,33.33333206176758,
2025-12-30,09:56:20.538000,2d,Toxicity,Original,,68.02294921875,2.379448413848877,161.41085815429688,1.135324001312256,1.100071668624878,0.4934245645999908,11.153897285461426,9.671409606933594,7.85084056854248,0.4067628383636474,0.4860915243625641,0.5785226225852966,8.717573165893555,0.0,0.2371261417865753,3.2748570442199707,25.6358699798584,37.0,25.0,30.0,33.33333206176758,
2025-12-30,09:56:20.538000,FinePointe Series WBP [SN 139781]  Site 4 Bias Flow is out of range.,,,,,,,,,,,,,,,,,,,,,,,,,
2025-12-30,09:56:22.538000,2d,Toxicity,Original,,68.10255432128906,2.62224555015564,179.0655517578125,1.3503470420837402,1.3048558235168457,0.1466225385665893,11.153897285461426,10.266605377197266,8.605355262756348,0.4033401608467102,0.4806113839149475,0.5680084824562073,6.902582168579102,0.0,0.2135977447032928,2.8775129318237305,24.415084838867188,37.0,25.0,30.0,0.0,
2025-12-30,09:56:22.538000,FinePointe Series WBP [SN 10499C]  Site 1 Bias Flow is out of range.,,,,,,,,,,,,,,,,,,,,,,,,,
2025-12-30,09:56:24.538000,2d,Toxicity,Original,,59.568302154541016,2.658888339996338,158.1917724609375,1.2436254024505615,1.1694520711898804,0.2078258097171783,11.153897285461426,10.239229202270508,7.918371200561523,0.4936632513999939,0.5142760276794434,0.3643936514854431,7.970485210418701,0.0,0.2472447752952575,3.401163101196289,21.38202476501465,37.0,25.0,30.0,0.0,
2025-12-30,09:56:26.538000,2d,Toxicity,Original,,60.76429748535156,2.729660987854004,165.65673828125,1.0952309370040894,1.0225557088851929,0.5803737044334412,11.153897285461426,10.833620071411133,8.350517272949219,0.4446656703948974,0.5432255268096924,0.5942280292510986,8.093957901000977,0.0,0.2850547432899475,12.17125129699707,15.59536361694336,37.0,25.0,30.0,0.0,
2025-12-30,09:56:28.538000,2d,Toxicity,Original,,65.1597671508789,2.716351270675659,175.58486938476562,0.9419638514518738,0.947667360305786,0.386247456073761,11.153897285461426,10.686172485351562,7.243959426879883,0.4450282156467438,0.4794557392597198,0.5638406276702881,9.344125747680664,0.0,0.2549912631511688,2.9908535480499268,19.456165313720703,37.0,25.0,30.0,0.0,
2025-12-30,09:56:30.538000,2d,Toxicity,Original,,64.8330078125,2.523263692855835,163.0095672607422,1.5804722309112549,1.5090618133544922,0.3115787208080292,11.153897285461426,9.615839958190918,8.234086990356445,0.419160395860672,0.5078019499778748,0.6522147059440613,8.418128967285156,49.186279296875,0.2088760137557983,3.5397560596466064,25.665470123291016,37.0,25.0,30.0,0.0,
2025-12-30,09:56:30.538000,FinePointe Series WBP [SN 139781]  Site 4 Bias Flow is out of range.,,,,,,,,,,,,,,,,,,,,,,,,,
2025-12-30,09:56:32.538000,2d,Toxicity,Original,,69.01959991455078,2.3675670623779297,163.36631774902344,1.5506439208984375,1.5382065773010254,0.2493011951446533,11.153897285461426,10.55214786529541,8.975930213928223,0.376106321811676,0.4996851682662964,0.6384771466255188,7.717009544372559,48.52015686035156,0.2034240663051605,5.925463676452637,23.027809143066406,37.0,25.0,30.0,0.0,
2025-12-30,09:56:32.538000,FinePointe Series WBP [SN 10499C]  Site 1 Bias Flow is out of range.,,,,,,,,,,,,,,,,,,,,,,,,,
2025-12-30,09:56:34.538000,2d,Toxicity,Original,,61.25675964355469,2.84244441986084,174.10426330566406,1.0426759719848633,1.1287572383880615,0.4376271367073059,11.153897285461426,10.932443618774414,9.074554443359377,0.5243734121322632,0.4618396759033203,0.7818939685821533,9.735715866088867,0.0,0.2240712493658065,6.372488498687744,21.955102920532227,37.0,25.0,30.0,0.0,
2025-12-30,09:56:36.538000,2d,Toxicity,Original,,69.30828094482422,2.402362823486328,166.3704376220703,1.136624097824097,1.189748764038086,0.3829111754894256,11.153897285461426,9.47096347808838,7.459640502929687,0.4227266311645508,0.447784811258316,0.6359475255012512,8.305700302124023,0.0,0.2134475111961364,5.751644134521484,23.717056274414062,37.0,25.0,30.0,0.0,
2025-12-30,09:56:38.538000,2d,Toxicity,Original,,65.07317352294922,2.392852544784546,155.70211791992188,1.2091879844665527,1.0845916271209717,0.5181359648704529,11.153897285461426,10.079341888427734,8.403002738952637,0.4457664787769317,0.4762800335884094,0.5799520015716553,11.45626449584961,0.0,0.2387736439704895,4.300293445587158,17.34185218811035,37.0,25.0,30.0,0.0,
2025-12-30,09:56:40.538000,2d,Toxicity,Original,,68.9476089477539,2.4181861877441406,166.38873291015625,1.0384589433670044,1.1653037071228027,0.2394800633192062,11.153897285461426,10.626458168029783,7.786075115203857,0.4068813920021057,0.4651783108711242,0.4411040842533111,9.359619140625,0.0,0.2219292670488357,5.862122058868408,22.97879219055176,37.0,25.0,30.0,0.0,
2025-12-30,09:56:40.538000,FinePointe Series WBP [SN 139781]  Site 4 Bias Flow is out of range.,,,,,,,,,,,,,,,,,,,,,,,,,
2025-12-30,09:56:42.538000,2d,Toxicity,Original,,65.92137145996094,2.4805150032043457,163.7313690185547,1.1544721126556396,1.314199924468994,0.1836851239204406,11.153897285461426,11.190317153930664,7.41103458404541,0.4601704478263855,0.4519170224666595,0.5422565340995789,9.645182609558104,0.0,0.2022704482078552,5.7591753005981445,24.34156608581543,37.0,25.0,30.0,0.0,
2025-12-30,09:56:42.538000,FinePointe Series WBP [SN 10499C]  Site 1 Bias Flow is out of range.,,,,,,,,,,,,,,,,,,,,,,,,,
2025-12-30,09:56:44.538000,2d,Toxicity,Original,,63.655391693115234,2.346889972686768,149.37574768066406,1.1608655452728271,1.194950819015503,0.2740760147571563,11.153897285461426,9.443368911743164,7.214997291564941,0.418851375579834,0.5237486362457275,0.6017042994499207,7.683375358581543,0.0,0.245017796754837,2.3471274375915527,20.538524627685547,37.0,25.0,30.0,0.0,
2025-12-30,09:56:46.538000,2d,Toxicity,Original,,72.13565063476562,2.282057762145996,165.29718017578125,1.460585594177246,1.345919132232666,0.2864567935466766,11.153897285461426,10.522661209106444,9.041156768798828,0.3699104785919189,0.4700786173343658,0.6941384077072144,7.893035888671875,46.21525955200195,0.2046688199043274,2.266849994659424,25.978870391845703,37.0,25.0,30.0,0.0,
2025-12-30,09:56:48.538000,2d,Toxicity,Original,,62.53228759765625,2.7042605876922607,168.94691467285156,1.035813331604004,1.201517105102539,0.2725751399993896,11.153897285461426,11.396169662475586,8.153741836547852,0.4752737283706665,0.4844382405281067,0.5794086456298828,12.577009201049805,0.0,0.2280254364013672,7.265328407287598,26.20458030700684,37.0,25.0,30.0,0.0,
2025-12-30,09:56:50.538000,2d,Toxicity,Original,,64.19953155517578,2.5286450386047363,162.347412109375,1.3645621538162231,1.4545793533325195,0.2456158846616745,11.153897285461426,10.429746627807615,8.210399627685547,0.4367689788341522,0.499993234872818,0.5674197673797607,7.812857151031494,25.36778259277344,0.2103453576564788,6.423346519470215,23.70413398742676,37.0,25.0,30.0,0.0,
2025-12-30,09:56:50.538000,FinePointe Series WBP [SN 139781]  Site 4 Bias Flow is out of range.,,,,,,,,,,,,,,,,,,,,,,,,,
2025-12-30,09:56:52.538000,2d,Toxicity,Original,,73.51893615722656,2.3246140480041504,170.78244018554688,1.159316062927246,1.129242181777954,0.2480682134628296,11.153897285461426,10.504430770874023,8.434109687805176,0.3963717222213745,0.4198303520679474,0.647960901260376,8.792818069458008,10.7334623336792,0.2060558795928955,6.606145858764648,22.83974266052246,37.0,25.0,30.0,0.0,
2025-12-30,09:56:52.538000,FinePointe Series WBP [SN 10499C]  Site 1 Bias Flow is out of range.,,,,,,,,,,,,,,,,,,,,,,,,,
2025-12-30,09:56:54.538000,2d,Toxicity,Original,,70.26744079589844,2.405256748199463,169.01788330078125,1.0306005477905271,1.079545497894287,0.4534559845924377,11.153897285461426,10.4680814743042,9.585505485534668,0.4319470524787903,0.4221828877925873,0.8582451343536377,10.986507415771484,0.0,0.2117133438587188,9.453289031982422,25.35421371459961,37.0,25.0,30.0,0.0,
2025-12-30,09:56:56.538000,2d,Toxicity,Original,,65.17591094970703,2.540677070617676,165.56893920898438,1.388795256614685,1.2599904537200928,0.2967814207077026,11.153897285461426,9.542463302612305,8.260740280151367,0.450415164232254,0.4701805412769317,0.5588356852531433,8.669217109680176,0.0,0.2158673554658889,3.578054904937744,23.40711212158203,37.0,25.0,30.0,0.0,
2025-12-30,09:56:58.538000,2d,Toxicity,Original,,68.7690658569336,2.456700563430786,169.08218383789062,1.17432963848114,1.1260777711868286,0.4343201220035553,11.153897285461426,9.90490436553955,8.697096824645996,0.4212172627449035,0.4526826441287994,0.6354454755783081,9.711566925048828,9.820828437805176,0.2204364687204361,5.494376659393311,20.680784225463867,37.0,25.0,30.0,0.0,
2025-12-30,09:57:00.538000,2d,Toxicity,Original,,59.37347030639648,2.420161008834839,143.09231567382812,1.7002484798431396,1.930201530456543,0.2261694073677063,11.153897285461426,12.101399421691896,8.515003204345703,0.4638394117355346,0.5494650602340698,0.6499701738357544,9.603759765625,111.02813720703124,0.195158451795578,7.282110214233398,24.45648193359375,37.0,25.0,30.0,0.0,
2025-12-30,09:57:00.538000,FinePointe Series WBP [SN 139781]  Site 4 Bias Flow is out of range.,,,,,,,,,,,,,,,,,,,,,,,,,
2025-12-30,09:57:02.538000,2d,Toxicity,Original,,73.76849365234375,2.3262486457824707,171.80862426757812,0.8275471925735474,1.0475112199783323,0.3353981673717499,11.153897285461426,11.406543731689451,8.346534729003906,0.3702797293663025,0.4464126229286194,0.6902110576629639,9.656646728515623,0.0,0.225362092256546,5.790069103240967,21.432981491088867,37.0,25.0,30.0,0.0,
2025-12-30,09:57:02.538000,FinePointe Series WBP [SN 10499C]  Site 1 Bias Flow is out of range.,,,,,,,,,,,,,,,,,,,,,,,,,
2025-12-30,09:57:04.538000,2d,Toxicity,Original,,70.67715454101562,2.3504137992858887,166.32608032226562,1.198266863822937,1.1590118408203125,0.3673941493034363,11.153897285461426,9.821558952331545,8.474852561950684,0.4049424529075622,0.4451982676982879,0.6185187101364136,9.50222110748291,0.0,0.2124980092048645,7.147053241729736,23.02366065979004,37.0,25.0,30.0,0.0,
2025-12-30,09:57:06.538000,2d,Toxicity,Original,,67.08882904052734,2.6389260292053223,177.3599395751953,1.1404417753219604,1.1138007640838623,0.4525341093540191,11.153897285461426,9.519780158996582,8.488848686218262,0.4453557729721069,0.4505667686462402,0.730621337890625,7.657798767089844,3.988640546798706,0.2202062308788299,3.669167995452881,18.042530059814453,37.0,25.0,30.0,0.0,
2025-12-30,09:57:08.538000,2d,Toxicity,Original,,65.69111633300781,2.8385581970214844,186.47308349609372,0.9641395807266236,1.2004714012145996,0.4703978300094604,11.153897285461426,11.757844924926758,8.200952529907227,0.3977179527282715,0.5156476497650146,0.7259634733200073,11.29183578491211,44.69811248779297,0.2467243373394012,6.381938934326172,21.393348693847656,37.0,25.0,30.0,0.0,
2025-12-30,09:57:10.538000,2d,Toxicity,Original,,68.56177520751953,2.478379249572754,169.06300354003906,1.021918535232544,1.1325433254241943,0.1755522936582565,11.153897285461426,9.728364944458008,7.244942665100098,0.4288266897201538,0.4562484622001648,0.581283688545227,7.721697807312012,14.454614639282228,0.2210889458656311,4.130824089050293,24.54711532592773,37.0,25.0,30.0,0.0,
2025-12-30,09:57:10.538000,FinePointe Series WBP [SN 139781]  Site 4 Bias Flow is out of range.,,,,,,,,,,,,,,,,,,,,,,,,,
2025-12-30,09:57:12.538000,2d,Toxicity,Original,,65.10145568847656,2.7925167083740234,181.4364471435547,1.3143757581710815,1.2801823616027832,0.4155172705650329,11.153897285461426,10.81135368347168,8.569759368896484,0.4359946846961975,0.4874133467674255,0.5284920334815979,9.490365982055664,39.9023551940918,0.2244301587343216,4.83635950088501,19.80879211425781,37.0,25.0,30.0,0.0,
2025-12-30,09:57:12.538000,FinePointe Series WBP [SN 10499C]  Site 1 Bias Flow is out of range.,,,,,,,,,,,,,,,,,,,,,,,,,
2025-12-30,09:57:14.538000,2d,Toxicity,Original,,69.00497436523438,2.4083707332611084,165.75521850585938,0.8793019652366638,1.0515748262405396,0.47239750623703,11.153897285461426,10.468790054321287,8.286763191223145,0.4086410403251648,0.4639467895030975,0.6655536890029907,12.26613426208496,30.815263748168945,0.240895614027977,9.235065460205078,19.516496658325195,37.0,25.0,30.0,0.0,
2025-12-30,09:57:16.538000,2d,Toxicity,Original,,70.80032348632812,2.5491576194763184,180.61947631835935,1.0706146955490112,1.0423520803451538,0.3189554214477539,11.153897285461426,10.736055374145508,8.316524505615234,0.4061819911003113,0.4459077417850494,0.5918790698051453,13.714999198913574,0.0,0.2277545183897018,6.037981033325195,18.879188537597656,37.0,25.0,30.0,0.0,
2025-12-30,09:57:18.538000,2d,Toxicity,Original,,66.4235610961914,2.744150161743164,182.39682006835935,0.9649901390075684,0.9725025296211244,0.3717580139636993,11.153897285461426,11.331304550170898,8.423986434936523,0.4792343378067016,0.424826979637146,0.6640579700469971,11.10525894165039,0.0,0.224461019039154,6.026748180389404,19.670631408691406,37.0,25.0,30.0,0.0,
2025-12-30,09:57:20.538000,2d,Toxicity,Original,,72.26078796386719,2.5468249320983887,183.79595947265625,1.1122634410858154,1.2223948240280151,0.3826287090778351,11.153897285461426,11.347257614135742,9.297974586486816,0.4137083292007446,0.4197507202625274,0.7781820297241211,9.597224235534668,0.0,0.1952301412820816,8.257994651794434,22.62987518310547,37.0,25.0,30.0,0.0,
2025-12-30,09:57:20.538000,FinePointe Series WBP [SN 139781]  Site 4 Bias Flow is out of range.,,,,,,,,,,,,,,,,,,,,,,,,,
2025-12-30,09:57:22.538000,2d,Toxicity,Original,,73.02058410644531,2.272123336791992,165.48886108398438,1.229739785194397,1.3297157287597656,0.2240008860826492,11.153897285461426,10.635684967041016,7.9226813316345215,0.3735642433166504,0.4546167254447937,0.5554773807525635,8.544723510742188,11.920583724975586,0.2007572054862976,7.67738676071167,22.165363311767575,37.0,25.0,30.0,0.0,
2025-12-30,09:57:22.538000,FinePointe Series WBP [SN 10499C]  Site 1 Bias Flow is out of range.,,,,,,,,,,,,,,,,,,,,,,,,,
2025-12-30,09:57:24.538000,2d,Toxicity,Original,,71.22761535644531,2.362464904785156,168.429443359375,1.0849895477294922,1.1985490322113037,0.3537308573722839,11.153897285461426,10.116569519042969,8.301395416259766,0.4011484384536743,0.4426552057266235,0.6862626075744629,10.346565246582031,30.86497688293457,0.2081863433122635,8.738274574279785,22.69266700744629,37.0,25.0,30.0,0.0,
2025-12-30,09:57:26.538000,2d,Toxicity,Original,,72.63967895507812,2.3963942527771,173.86619567871094,1.031424045562744,1.0186480283737185,0.269874632358551,11.153897285461426,9.537725448608398,8.585687637329102,0.4169908463954925,0.4123443365097046,0.659605085849762,8.290305137634277,0.0,0.2107963562011718,5.782512664794922,21.768144607543945,37.0,25.0,30.0,0.0,
2025-12-30,09:57:28.538000,2d,Toxicity,Original,,69.28237915039062,2.526188850402832,175.031005859375,1.1652343273162842,1.1653313636779783,0.2741480469703674,11.153897285461426,10.726757049560549,8.152856826782227,0.4242151379585266,0.4418185353279114,0.6982338428497314,7.282960891723633,8.16342830657959,0.211266428232193,4.397540092468262,22.82492446899414,37.0,25.0,30.0,0.0,
2025-12-30,09:57:30.538000,2d,Toxicity,Original,,74.06787109375,2.4048075675964355,178.1790771484375,0.9347609281539916,0.9993730187416076,0.2643682360649109,11.153897285461426,10.526638984680176,8.217257499694824,0.4123382866382599,0.3981643617153168,0.6393256187438965,8.475870132446289,0.0,0.2060358971357345,7.445891857147217,19.45378303527832,37.0,25.0,30.0,0.0,
2025-12-30,09:57:30.538000,FinePointe Series WBP [SN 139781]  Site 4 Bias Flow is out of range.,,,,,,,,,,,,,,,,,,,,,,,,,
2025-12-30,09:57:32.538000,2d,Toxicity,Original,,68.42276763916016,2.923304557800293,199.0470733642578,0.8798047304153442,1.0427312850952148,0.412773072719574,11.153897285461426,11.758346557617188,8.910564422607422,0.4033433794975281,0.4777663350105285,0.6661943793296814,10.252718925476074,0.0,0.2452432513236999,6.904748916625977,16.729541778564453,37.0,25.0,30.0,0.0,
2025-12-30,09:57:32.538000,FinePointe Series WBP [SN 10499C]  Site 1 Bias Flow is out of range.,,,,,,,,,,,,,,,,,,,,,,,,,
2025-12-30,09:57:34.538000,2d,Toxicity,Original,,73.16476440429688,2.462818145751953,179.7275390625,1.0233687162399292,1.00908362865448,0.372551828622818,11.153897285461426,9.596672058105469,8.383403778076172,0.4201800525188446,0.4008809328079223,0.6345844268798828,8.437407493591309,0.0,0.2058343440294265,5.842185020446777,21.95340919494629,37.0,25.0,30.0,0.0,
2025-12-30,09:57:36.538000,2d,Toxicity,Original,,67.11748504638672,2.8002490997314453,185.2259979248047,0.9122835397720336,1.1880346536636353,0.3077857792377472,11.153897285461426,12.299945831298828,7.741837978363037,0.4175512492656708,0.4941416382789612,0.5988388061523438,12.739511489868164,17.64501953125,0.2342519313097,7.513760566711426,19.11725616455078,37.0,25.0,30.0,0.0,
2025-12-30,09:57:38.538000,2d,Toxicity,Original,,69.5221939086914,2.506113290786743,174.16493225097656,1.0370882749557495,1.1148512363433838,0.3828064799308777,11.153897285461426,11.004254341125488,9.498939514160156,0.4209855496883392,0.4440115988254547,0.6984866261482239,11.459174156188965,9.707573890686035,0.2197944074869156,6.8671159744262695,17.553510665893555,37.0,25.0,30.0,0.0,
2025-12-30,09:57:40.538000,2d,Toxicity,Original,,70.9974365234375,2.512533187866211,178.39239501953125,1.1363003253936768,1.2436025142669678,0.4434354305267334,11.153897285461426,10.75055694580078,8.302321434020996,0.384587824344635,0.4605145454406738,0.4996260404586792,8.796600341796875,0.0,0.2153845131397247,6.028944969177246,21.95608139038086,37.0,25.0,30.0,0.0,
2025-12-30,09:57:40.538000,FinePointe Series WBP [SN 139781]  Site 4 Bias Flow is out of range.,,,,,,,,,,,,,,,,,,,,,,,,,
2025-12-30,09:57:42.538000,2d,Toxicity,Original,,74.92234802246094,2.458742618560791,184.0273284912109,0.9764658808708192,1.006585955619812,0.4859500825405121,11.153897285461426,10.8903226852417,9.054412841796877,0.3939303159713745,0.4079936146736145,0.7610931396484375,9.318559646606444,0.0,0.2106459438800811,5.737855434417725,20.5889949798584,37.0,25.0,30.0,0.0,
2025-12-30,09:57:42.538000,FinePointe Series WBP [SN 10499C]  Site 1 Bias Flow is out of range.,,,,,,,,,,,,,,,,,,,,,,,,,
2025-12-30,09:57:44.538000,2d,Toxicity,Original,,70.78909301757812,2.379103422164917,168.61004638671875,0.8667046427726746,1.0469177961349487,0.4865154027938843,11.153897285461426,10.963143348693848,7.987271308898926,0.4235556125640869,0.4252909123897552,0.6861469745635986,10.258234024047852,0.0,0.2187356948852539,9.189557075500488,20.266338348388672,37.0,25.0,30.0,0.0,
2025-12-30,09:57:46.538000,2d,Toxicity,Original,,76.7521743774414,2.3934571743011475,183.55709838867188,0.9159798622131348,0.961475431919098,0.5063785314559937,11.153897285461426,10.613763809204102,8.74465274810791,0.3886255919933319,0.3939595818519592,0.6628918051719666,8.831219673156738,0.0,0.207577109336853,5.986138820648193,20.368040084838867,37.0,25.0,30.0,0.0,
2025-12-30,09:57:48.538000,2d,Toxicity,Original,,70.04730987548828,2.449827194213867,171.58203125,0.8484558463096619,0.9790882468223572,0.5069246292114258,11.153897285461426,11.13237762451172,9.551162719726562,0.4176570773124695,0.4392350316047668,0.5991044044494629,10.867380142211914,16.396263122558594,0.2335748821496963,7.384185791015625,17.29926872253418,37.0,25.0,30.0,0.0,
2025-12-30,09:57:50.538000,2d,Toxicity,Original,,78.94964599609375,2.011509656906128,156.6225128173828,1.3341811895370483,1.429709792137146,0.2923167943954468,11.153897285461426,11.090532302856444,8.729547500610352,0.3378074467182159,0.4244348108768463,0.6476129293441772,18.47003555297852,31.08400154113769,0.1815231740474701,11.445914268493652,27.991350173950195,37.0,25.0,30.0,0.0,
2025-12-30,09:57:50.538000,FinePointe Series WBP [SN 139781]  Site 4 Bias Flow is out of range.,,,,,,,,,,,,,,,,,,,,,,,,,
2025-12-30,09:57:52.538000,2d,Toxicity,Original,,70.99186706542969,2.533008098602295,179.38009643554688,1.0393447875976562,1.1058919429779053,0.3121614456176758,11.153897285461426,10.206417083740234,8.200509071350098,0.3929455280303955,0.4550324082374573,0.6176751255989075,10.42351531982422,0.0,0.2226535975933075,5.693514347076416,24.73011779785156,37.0,25.0,30.0,0.0,
2025-12-30,09:57:52.538000,FinePointe Series WBP [SN 10499C]  Site 1 Bias Flow is out of range.,,,,,,,,,,,,,,,,,,,,,,,,,
2025-12-30,09:57:54.538000,2d,Toxicity,Original,,53.850547790527344,2.524797916412353,135.96176147460938,2.4068267345428467,2.531789541244507,0.2059019953012466,11.153897285461426,12.731744766235352,9.421483993530272,0.473113089799881,0.641081690788269,0.6479684710502625,36.194580078125,204.1417236328125,0.186009332537651,7.560292720794678,31.22197914123535,37.0,25.0,30.0,0.0,
2025-12-30,09:57:58.538000,2d,Toxicity,Original,,67.2728500366211,3.0653345584869385,206.2137756347656,0.9681699872016908,0.6045937538146973,0.5509607791900635,11.153897285461426,11.882568359375,17.999061584472656,0.4744377136230469,0.4174525737762451,1.1826237440109253,33.941646575927734,177.44224548339844,0.2665045857429504,14.158795356750488,10.66437530517578,37.0,25.0,30.0,66.66666412353516,
2025-12-30,09:58:02.538000,2d,Toxicity,Original,,68.43748474121094,3.178948163986206,217.1757659912109,0.7327880859375,0.7904908657073975,0.6394882202148438,11.153897285461426,11.204828262329102,9.080418586730955,0.4648894667625427,0.4121488928794861,0.7459673881530762,12.016546249389648,0.0,0.2464548647403717,10.83191204071045,13.984090805053713,37.0,25.0,30.0,60.0,
2025-12-30,09:58:02.538000,FinePointe Series WBP [SN 10499C]  Site 1 Bias Flow is out of range.,,,,,,,,,,,,,,,,,,,,,,,,,
2025-12-30,09:58:04.538000,2d,Toxicity,Original,,66.75880432128906,2.2440574169158936,149.60154724121094,1.5165671110153198,1.243985652923584,0.4571287631988525,11.153897285461426,9.390912055969238,10.8563871383667,0.4512734413146972,0.4557745456695556,0.8263539671897888,10.186339378356934,36.39260482788086,0.2181311845779419,10.48174285888672,17.885305404663086,37.0,25.0,30.0,0.0,
2025-12-30,09:58:04.538000,FinePointe Series WBP [SN 139781]  Site 4 Bias Flow is out of range.,,,,,,,,,,,,,,,,,,,,,,,,,
2025-12-30,09:58:06.538000,2d,Toxicity,Original,,75.50602722167969,2.1381611824035645,158.74334716796875,0.7903679013252258,0.8651340007781982,0.5771064758300781,11.153897285461426,9.445768356323242,8.403482437133789,0.3638049364089966,0.436156302690506,0.7201622724533081,10.318495750427246,0.0,0.2413919419050216,7.515597820281982,16.776390075683594,37.0,25.0,30.0,0.0,
2025-12-30,09:58:08.538000,2d,Toxicity,Original,,64.89390563964844,2.8797595500946045,186.8503570556641,0.9542954564094543,1.0979247093200684,0.614727258682251,11.153897285461426,10.206136703491213,8.660242080688477,0.4626437723636627,0.461943507194519,0.6479614973068237,8.584344863891602,0.0,0.229655459523201,7.693232536315918,18.820953369140625,37.0,25.0,30.0,0.0,
2025-12-30,09:58:10.538000,2d,Toxicity,Original,,69.91605377197266,2.89540433883667,203.2748107910156,0.9199299216270448,0.9180234670639038,0.3165223002433777,11.153897285461426,10.546436309814451,8.80741024017334,0.4552385807037353,0.4056901037693023,0.6339656710624695,10.101883888244627,0.0,0.2199250608682632,9.027912139892578,15.609457015991213,37.0,25.0,30.0,0.0,
2025-12-30,09:58:12.538000,2d,Toxicity,Original,,68.92025756835938,2.716015338897705,187.44818115234372,0.9363741278648376,0.9181417226791382,0.4797432124614715,11.153897285461426,10.284082412719728,8.657218933105469,0.4307596683502197,0.4423623085021972,0.6827983856201172,11.798795700073242,0.0,0.2394711673259735,7.175583839416504,16.263355255126953,37.0,25.0,30.0,0.0,
2025-12-30,09:58:12.538000,FinePointe Series WBP [SN 10499C]  Site 1 Bias Flow is out of range.,,,,,,,,,,,,,,,,,,,,,,,,,
2025-12-30,09:58:14.538000,2d,Toxicity,Original,,71.11576843261719,2.456248044967652,174.9908447265625,0.9628963470458984,0.973521888256073,0.5542662143707275,11.153897285461426,9.643930435180664,7.889817237854004,0.4029418230056762,0.4444809257984161,0.6168386340141296,7.193341255187988,0.0,0.2313357591629028,4.0402655601501465,18.141345977783203,37.0,25.0,30.0,0.0,
2025-12-30,09:58:14.538000,FinePointe Series WBP [SN 139781]  Site 4 Bias Flow is out of range.,,,,,,,,,,,,,,,,,,,,,,,,,
2025-12-30,09:58:16.538000,2d,Toxicity,Original,,70.11201477050781,2.530076026916504,177.44757080078125,0.8891381621360779,0.8170692324638367,0.442036896944046,11.153897285461426,9.8866548538208,9.189099311828612,0.4359322786331177,0.4203217923641205,0.5945649743080139,16.10198211669922,0.0,0.2428234368562698,7.870659351348877,11.69444751739502,37.0,25.0,30.0,0.0,
2025-12-30,09:58:18.538000,2d,Toxicity,Original,,65.54179382324219,2.7332992553710938,178.8834991455078,0.7485380172729492,0.7809773683547974,0.4432315230369568,11.153897285461426,9.801403045654297,9.024164199829102,0.4921365976333618,0.4235895276069641,0.6846057176589966,20.210712432861328,0.0,0.2549672424793243,14.82261848449707,15.023635864257812,37.0,25.0,30.0,0.0,
2025-12-30,09:58:20.538000,2d,Toxicity,Original,,64.93026733398438,2.6846604347229004,174.38214111328125,1.0932819843292236,1.0406086444854736,0.3861141800880432,11.153897285461426,10.502235412597656,8.440328598022461,0.4768804311752319,0.4473270773887634,0.6374025344848633,12.164241790771484,0.0,0.2307758331298828,11.594648361206056,18.939157485961918,37.0,25.0,30.0,0.0,
2025-12-30,09:58:22.538000,2d,Toxicity,Original,,73.18545532226562,2.1632580757141118,157.01370239257812,1.045398235321045,0.9241275787353516,0.4428973793983459,11.153897285461426,10.62653350830078,10.277851104736328,0.4201785922050476,0.4025920629501343,0.6122696399688721,11.278575897216797,0.0,0.2181491404771804,7.723356246948242,13.248494148254396,37.0,25.0,30.0,0.0,
2025-12-30,09:58:22.538000,FinePointe Series WBP [SN 10499C]  Site 1 Bias Flow is out of range.,,,,,,,,,,,,,,,,,,,,,,,,,
2025-12-30,09:58:24.538000,2d,Toxicity,Original,,66.2869873046875,2.9265289306640625,193.8367919921875,1.269815444946289,1.1661145687103271,0.282501220703125,11.153897285461426,11.831302642822266,9.96248722076416,0.4225146770477295,0.4830565750598907,0.7545903921127319,9.436659812927246,14.875170707702637,0.2311127781867981,2.317812919616699,18.825284957885746,37.0,25.0,30.0,33.33333206176758,
2025-12-30,09:58:24.538000,FinePointe Series WBP [SN 139781]  Site 4 Bias Flow is out of range.,,,,,,,,,,,,,,,,,,,,,,,,,
2025-12-30,09:58:26.538000,2d,Toxicity,Original,,76.87177276611328,2.548125505447388,196.41287231445312,0.94703209400177,0.9463648796081544,0.6315285563468933,11.153897285461426,11.677789688110352,10.954963684082031,0.364793062210083,0.4214597046375274,0.7048179507255554,8.839434623718262,26.965763092041016,0.2277662456035614,8.459683418273926,15.593219757080078,37.0,25.0,30.0,0.0,
2025-12-30,09:58:28.538000,2d,Toxicity,Original,,73.49528503417969,2.5019726753234863,183.6573486328125,0.9319297671318054,0.9908449649810792,0.2688938975334167,11.153897285461426,12.224160194396973,9.585390090942385,0.4139808416366577,0.4027162790298462,0.7608929872512817,9.519132614135742,0.0,0.2110044658184051,10.213562965393066,16.307388305664062,37.0,25.0,30.0,0.0,
2025-12-30,09:58:30.538000,2d,Toxicity,Original,,65.8415298461914,2.9929356575012207,197.05946350097656,1.5243951082229614,1.062578797340393,0.4912529587745666,11.153897285461426,11.924322128295898,18.76215171813965,0.373877614736557,0.5374013185501099,1.6014974117279053,2.362527847290039,225.74652099609372,0.2616845667362213,9.184685707092283,20.37149429321289,37.0,25.0,30.0,0.0,
2025-12-30,09:58:32.538000,2d,Toxicity,Original,,69.64539337158203,2.985196352005005,207.9194793701172,0.5506897568702698,0.6209000945091248,0.6885089874267578,11.153897285461426,13.462101936340332,12.940589904785156,0.421111911535263,0.4433070421218872,0.8460537195205688,17.02002716064453,0.0,0.2794879972934723,10.281267166137695,11.082379341125488,37.0,25.0,30.0,0.0,
2025-12-30,09:58:32.538000,FinePointe Series WBP [SN 10499C]  Site 1 Bias Flow is out of range.,,,,,,,,,,,,,,,,,,,,,,,,,
2025-12-30,09:58:36.538000,2d,Toxicity,Original,,71.62614440917969,2.8259010314941406,202.90206909179688,0.9953622817993164,0.8865658044815063,0.5692681074142456,11.153897285461426,12.214662551879885,12.764793395996094,0.4166069030761719,0.4228592216968536,0.5986816883087158,7.977705955505371,40.32502365112305,0.2322129309177398,7.603977680206299,17.064777374267578,37.0,25.0,30.0,50.0,
2025-12-30,09:58:38.538000,2d,Toxicity,Original,,75.94029998779297,2.675752639770508,203.2716064453125,0.8771585822105408,0.9409888982772828,0.3957706987857818,11.153897285461426,12.580899238586426,11.224034309387209,0.3852479755878448,0.4054803550243377,0.7756837010383606,6.178619861602783,0.0,0.2182342559099197,6.004305839538574,20.28800392150879,37.0,25.0,30.0,25.0,
2025-12-30,09:58:40.538000,2d,Toxicity,Original,,75.64398956298828,2.5407819747924805,192.2735748291016,0.8262930512428284,0.7681868076324463,0.5398391485214233,11.153897285461426,10.564201354980469,11.791176795959473,0.3986273109912872,0.3945987224578857,0.5715283155441284,19.09928131103516,0.0,0.2380688041448593,9.58139991760254,12.357745170593262,37.0,25.0,30.0,0.0,
2025-12-30,09:58:42.538000,2d,Toxicity,Original,,71.53563690185547,2.373031616210937,169.29959106445312,1.216262698173523,0.9065799713134766,0.4386948943138122,11.153897285461426,9.431374549865724,12.409066200256348,0.4327090680599212,0.4104945659637451,0.6883805394172668,16.81093978881836,15.988895416259766,0.2240961492061615,12.086901664733888,13.453660011291504,37.0,25.0,30.0,0.0,
2025-12-30,09:58:42.538000,FinePointe Series WBP [SN 10499C]  Site 1 Bias Flow is out of range.,,,,,,,,,,,,,,,,,,,,,,,,,
2025-12-30,09:58:44.538000,2d,Toxicity,Original,,76.49301147460938,2.684865951538086,205.17669677734372,0.6963131427764893,0.6194491386413574,0.6882317662239075,11.153897285461426,10.50146198272705,13.026330947875977,0.4306577444076538,0.355383038520813,0.6914806962013245,16.165916442871094,22.70465850830078,0.2323987036943435,13.557305335998535,13.280068397521973,37.0,25.0,30.0,0.0,
2025-12-30,09:58:46.538000,2d,Toxicity,Original,,73.54222106933594,2.356895446777344,174.22900390625,0.4155295491218567,0.5098386406898499,0.7710722088813782,11.153897285461426,13.85942840576172,11.379985809326172,0.3475040197372436,0.4735752046108246,0.4717980027198791,34.47337341308594,0.0,0.3228725492954254,13.226566314697266,16.419116973876953,37.0,25.0,30.0,0.0,
2025-12-30,09:58:48.538000,2d,Toxicity,Original,,70.27476501464844,2.7174723148345947,190.69590759277344,0.9757084846496582,0.8506858348846436,0.4772269129753113,11.153897285461426,11.693185806274414,11.309682846069336,0.4457674920558929,0.4218223392963409,0.8650595545768738,55.68745422363281,0.0,0.2380048781633377,11.491594314575195,13.912787437438965,37.0,25.0,30.0,0.0,
2025-12-30,09:58:50.538000,2d,Toxicity,Original,,73.79527282714844,2.548464059829712,188.41830444335935,0.766165554523468,0.8743861317634583,0.5270050764083862,11.153897285461426,12.139678955078123,10.947043418884276,0.4002323746681213,0.4138930141925812,0.978991150856018,10.76047420501709,0.0,0.227844551205635,16.671846389770508,15.358293533325195,37.0,25.0,30.0,0.0,
2025-12-30,09:58:52.538000,2d,Toxicity,Original,,76.50233459472656,2.468106508255005,188.9549102783203,1.208784103393555,1.1180176734924316,0.68398517370224,11.153897285461426,11.856059074401855,10.84945011138916,0.3803670108318329,0.4042349755764007,0.8041659593582153,9.02529525756836,30.06424140930176,0.1979122161865234,6.122098445892334,19.345609664916992,37.0,25.0,30.0,0.0,
2025-12-30,09:58:52.538000,FinePointe Series WBP [SN 10499C]  Site 1 Bias Flow is out of range.,,,,,,,,,,,,,,,,,,,,,,,,,
2025-12-30,09:58:54.538000,2d,Toxicity,Original,,69.496337890625,2.673907995223999,185.80972290039065,0.9013040661811828,1.0157217979431152,0.2505855858325958,11.153897285461426,10.57213020324707,8.205492973327637,0.4341364502906799,0.429226815700531,0.5801054239273071,8.831860542297363,0.0,0.2234757095575332,7.193398475646973,15.006153106689451,37.0,25.0,30.0,0.0,
2025-12-30,09:58:56.538000,2d,Toxicity,Original,,75.80138397216797,2.568843364715576,195.3303375244141,0.7314524054527283,0.8903151154518127,0.6215269565582275,11.153897285461426,11.693653106689451,9.248258590698242,0.364914208650589,0.4285555183887481,0.6080598831176758,10.729087829589844,0.0,0.2354421019554138,7.0876007080078125,10.810657501220703,37.0,25.0,30.0,0.0,
2025-12-30,09:58:58.538000,2d,Toxicity,Original,,75.6393814086914,2.578157424926758,195.00347900390625,0.7291892170906067,0.6755660772323608,0.6377997994422913,11.153897285461426,12.280279159545898,13.089994430541992,0.4054925441741943,0.3877538740634918,0.8147692084312439,8.261035919189453,23.08707046508789,0.2407827973365783,14.744335174560549,9.920866012573242,37.0,25.0,30.0,0.0,
2025-12-30,09:59:00.538000,2d,Toxicity,Original,,72.96526336669922,2.4950966835021973,182.34873962402344,0.9066954851150512,0.774129331111908,0.4563089609146118,11.153897285461426,9.519193649291992,9.61058521270752,0.4330945014953613,0.3904959559440613,0.7779735922813416,9.449254989624023,0.0,0.2274309247732162,9.502943992614746,12.119314193725586,37.0,25.0,30.0,0.0,
2025-12-30,09:59:00.538000,FinePointe Series WBP [SN 139781]  Site 4 Bias Flow is out of range.,,,,,,,,,,,,,,,,,,,,,,,,,
2025-12-30,09:59:02.538000,2d,Toxicity,Original,,76.71358489990234,2.540977001190185,195.0186462402344,0.8329076766967773,0.8685441017150879,0.4189333915710449,11.153897285461426,9.913185119628906,8.20743179321289,0.4253558814525604,0.3568512797355652,0.7041717767715454,10.037391662597656,0.0,0.1992019116878509,9.23844051361084,15.385302543640137,37.0,25.0,30.0,0.0,
2025-12-30,09:59:02.538000,FinePointe Series WBP [SN 10499C]  Site 1 Bias Flow is out of range.,,,,,,,,,,,,,,,,,,,,,,,,,
2025-12-30,09:59:04.538000,2d,Toxicity,Original,,67.48017883300781,2.628589153289795,176.88516235351562,0.9948412775993348,0.8880985975265503,0.5365229845046997,11.153897285461426,9.760772705078123,9.74687385559082,0.449809730052948,0.4417678117752075,0.7777864933013916,8.526300430297852,0.0,0.2413059622049331,7.019081592559815,16.76712417602539,37.0,25.0,30.0,0.0,
2025-12-30,09:59:06.538000,2d,Toxicity,Original,,77.04290008544922,2.3509793281555176,181.5198974609375,0.8658977746963501,0.8067061305046082,0.5845537781715393,11.153897285461426,10.867904663085938,11.31016445159912,0.4056813716888428,0.3739919364452362,0.7825297713279724,6.515103340148926,30.4387264251709,0.2192381024360656,10.4359712600708,11.12443733215332,37.0,25.0,30.0,0.0,
2025-12-30,09:59:08.538000,2d,Toxicity,Original,,75.31211853027344,2.4315524101257324,182.8929443359375,1.1008567810058594,1.0302168130874634,0.4166738986968994,11.153897285461426,11.415700912475586,9.941271781921388,0.400016188621521,0.3972780406475067,0.6703079342842102,8.611710548400879,0.0,0.2075517326593399,7.705411911010742,18.790721893310547,37.0,25.0,30.0,0.0,
2025-12-30,09:59:10.538000,2d,Toxicity,Original,,71.20759582519531,2.332853317260742,166.25634765625,0.8732825517654419,1.1297597885131836,0.6028009057044983,11.153897285461426,10.265573501586914,7.897281646728516,0.4159171283245086,0.4273146092891693,0.5781785845756531,9.435884475708008,0.0,0.208440363407135,10.014896392822266,17.510303497314453,37.0,25.0,30.0,0.0,
2025-12-30,09:59:10.538000,FinePointe Series WBP [SN 139781]  Site 4 Bias Flow is out of range.,,,,,,,,,,,,,,,,,,,,,,,,,
2025-12-30,09:59:12.538000,2d,Toxicity,Original,,75.81208801269531,2.538451671600342,192.443603515625,0.7029043436050415,0.8281360864639282,0.3504273295402527,11.153897285461426,10.511150360107422,8.197625160217285,0.3963854312896728,0.3950455784797668,0.7023663520812988,8.820765495300293,0.0,0.2245724648237228,8.018550872802734,15.481359481811523,37.0,25.0,30.0,0.0,
2025-12-30,09:59:12.538000,FinePointe Series WBP [SN 10499C]  Site 1 Bias Flow is out of range.,,,,,,,,,,,,,,,,,,,,,,,,,
2025-12-30,09:59:14.538000,2d,Toxicity,Original,,72.41888427734375,2.5933237075805664,187.9283599853516,0.7899345755577087,0.8796406388282776,0.5379189252853394,11.153897285461426,10.982977867126465,8.227396965026855,0.442501813173294,0.3864422142505646,0.65389084815979,8.31552505493164,0.0,0.2128015756607055,9.043217658996582,16.407535552978516,37.0,25.0,30.0,0.0,
2025-12-30,09:59:16.538000,2d,Toxicity,Original,,73.92771911621094,2.304079294204712,170.3583984375,0.9796642065048218,1.042106866836548,0.4758984446525574,11.153897285461426,10.183369636535645,8.13375186920166,0.4046898484230041,0.4069488942623138,0.6144741773605347,8.358932495117188,0.0,0.2054153531789779,5.559722423553467,17.345752716064453,37.0,25.0,30.0,0.0,
2025-12-30,09:59:18.538000,2d,Toxicity,Original,,76.8512191772461,2.3020360469818115,176.66091918945312,1.0720442533493042,0.9043224453926086,0.5461331009864807,11.153897285461426,10.768996238708496,11.95834255218506,0.3918981552124023,0.3904125392436981,0.8575055599212646,12.056488037109377,30.019508361816406,0.2143093198537826,8.683484077453613,15.134138107299805,37.0,25.0,30.0,0.0,
2025-12-30,09:59:18.538000,FinePointe Series WBP [SN 10499C]  Site 3 Bias Flow is out of range.,,,,,,,,,,,,,,,,,,,,,,,,,
2025-12-30,09:59:18.538000,FinePointe Series WBP [SN 139781]  Site 4 Bias Flow is out of range.,,,,,,,,,,,,,,,,,,,,,,,,,
2025-12-30,09:59:18.538000,FinePointe Series WBP [SN 10499C]  Site 1 Bias Flow is out of range.,,,,,,,,,,,,,,,,,,,,,,,,,
2025-12-30,09:59:24.538000,2d,Toxicity,Original,,63.14366149902344,3.0279412269592285,192.0406646728516,2.1125192642211914,1.7828859090805054,0.3279141187667846,11.153897285461426,12.120390892028809,13.57571029663086,0.5007519721984863,0.4521905779838562,1.0450403690338137,9.487335205078123,123.98353576660156,0.1739278137683868,9.538392066955566,23.36345672607422,37.0,25.0,30.0,75.0,
2025-12-30,09:59:26.538000,2d,Toxicity,Original,,76.8948974609375,2.404940605163574,184.8812561035156,1.8045721054077148,1.7005128860473633,0.2380122393369674,11.153897285461426,12.930719375610352,11.59348487854004,0.3507992625236511,0.4315764904022217,0.865044116973877,10.932600021362305,47.28839874267578,0.1652320921421051,8.24205493927002,30.68731117248535,37.0,25.0,30.0,0.0,
2025-12-30,09:59:28.538000,2d,Toxicity,Original,,78.64691162109375,2.431558847427368,190.2659912109375,1.9544174671173096,1.1164888143539429,0.3650648295879364,11.153897285461426,11.08316135406494,16.196033477783203,0.3902311027050018,0.377172589302063,0.9895386695861816,20.375120162963867,47.201416015625,0.1941553354263305,12.164521217346191,12.042407035827637,37.0,25.0,30.0,0.0,
2025-12-30,09:59:30.538000,2d,Toxicity,Original,,138.30799865722656,1.8274656534194944,192.6378326416016,1.8205064535140991,1.4000760316848757,0.3104753196239471,11.153897285461426,9.976194381713867,13.505382537841797,0.2731655836105346,0.2193955928087234,0.9939512610435486,44.41491317749024,18.879093170166016,0.1061082631349563,11.0361328125,19.072004318237305,37.0,25.0,30.0,25.0,
2025-12-30,09:59:32.538000,2d,Toxicity,Original,,76.46231842041016,2.685885429382324,204.72547912597656,0.8237995505332947,0.8959238529205322,0.3810278177261352,11.153897285461426,14.08974552154541,11.420802116394045,0.3435048460960388,0.4429617822170257,0.5053985714912415,33.96745300292969,0.0,0.2470624297857284,9.310279846191406,14.876532554626465,37.0,25.0,30.0,0.0,
2025-12-30,09:59:32.538000,FinePointe Series WBP [SN 139781]  Site 4 Bias Flow is out of range.,,,,,,,,,,,,,,,,,,,,,,,,,
2025-12-30,09:59:32.538000,FinePointe Series WBP [SN 10499C]  Site 1 Bias Flow is out of range.,,,,,,,,,,,,,,,,,,,,,,,,,
2025-12-30,09:59:34.538000,2d,Toxicity,Original,,73.09644317626953,2.5084896087646484,183.38226318359372,0.9491164684295654,0.8388428688049316,0.2538890838623047,11.153897285461426,10.60922145843506,9.671100616455078,0.4390864968299866,0.3818681240081787,0.6642723083496094,17.168800354003906,0.0,0.2218272238969802,11.050474166870115,13.608530044555664,37.0,25.0,30.0,0.0,
2025-12-30,09:59:36.538000,2d,Toxicity,Original,,72.361572265625,2.7721610069274902,200.59793090820312,0.6300052404403687,0.6128541827201843,0.8820688724517822,11.153897285461426,10.06838035583496,9.744937896728516,0.4278401434421539,0.4013292193412781,0.4140410721302032,11.17883014678955,0.0,0.2569160759449005,5.082005500793457,7.707278251647949,37.0,25.0,30.0,0.0,
2025-12-30,09:59:38.538000,2d,Toxicity,Original,,74.19271850585938,2.6153383255004883,194.04112243652344,1.0164291858673096,0.9571542739868164,0.2039244472980499,11.153897285461426,9.23438835144043,8.498249053955078,0.4393938779830932,0.3693161010742187,0.6783998012542725,8.380084037780762,0.0,0.1961202174425125,9.526742935180664,18.872468948364254,37.0,25.0,30.0,50.0,
2025-12-30,09:59:38.538000,FinePointe Series WBP [SN 10499C]  Site 3 Bias Flow is out of range.,,,,,,,,,,,,,,,,,,,,,,,,,
2025-12-30,09:59:40.538000,2d,Toxicity,Original,,75.70736694335938,2.3679261207580566,178.7288818359375,0.7713387608528137,0.9170557260513306,0.5291095972061157,11.153897285461426,10.582425117492676,8.45705509185791,0.3997676968574524,0.3949518501758575,0.680220365524292,10.95273780822754,0.0,0.2142062336206436,10.987028121948242,14.741071701049805,37.0,25.0,30.0,0.0,
2025-12-30,09:59:42.538000,2d,Toxicity,Original,,75.59934997558594,2.475536346435547,186.74343872070312,0.7575443983078003,0.7815170288085938,0.4988706707954407,11.153897285461426,9.755290031433104,8.885538101196289,0.42233607172966,0.3737000226974487,0.6661839485168457,9.672287940979004,0.0,0.2209767699241638,8.809321403503418,15.420010566711426,37.0,25.0,30.0,0.0,
2025-12-30,09:59:42.538000,FinePointe Series WBP [SN 139781]  Site 4 Bias Flow is out of range.,,,,,,,,,,,,,,,,,,,,,,,,,
2025-12-30,09:59:42.538000,FinePointe Series WBP [SN 10499C]  Site 1 Bias Flow is out of range.,,,,,,,,,,,,,,,,,,,,,,,,,
2025-12-30,09:59:44.538000,2d,Toxicity,Original,,73.2011489868164,2.392148017883301,175.1629180908203,0.7789949178695679,0.7868471741676331,0.5223414897918701,11.153897285461426,9.35520076751709,8.983388900756836,0.4424485862255096,0.3775247633457184,0.6788427829742432,11.85494613647461,0.0,0.2217951416969299,9.138009071350098,15.044761657714844,37.0,25.0,30.0,0.0,
2025-12-30,09:59:46.538000,2d,Toxicity,Original,,75.56254577636719,2.460148811340332,185.9654693603516,0.6834297776222229,0.7699601054191589,0.4549533426761627,11.153897285461426,11.624176025390623,9.327774047851562,0.3954493999481201,0.3993338346481323,0.7061073184013367,14.504657745361328,0.0,0.2350053787231445,10.295442581176758,11.201622009277344,37.0,25.0,30.0,0.0,
2025-12-30,09:59:48.538000,2d,Toxicity,Original,,74.39289093017578,2.5026040077209477,186.96206665039065,0.8817455172538757,0.8584621548652649,0.4235022366046905,11.153897285461426,10.349685668945312,9.43920612335205,0.4217258989810943,0.3860662877559662,0.7969058156013489,14.06560516357422,0.0,0.2178041338920593,11.51276969909668,18.30042266845703,37.0,25.0,30.0,0.0,
2025-12-30,09:59:48.538000,FinePointe Series WBP [SN 10499C]  Site 3 Bias Flow is out of range.,,,,,,,,,,,,,,,,,,,,,,,,,
2025-12-30,09:59:50.538000,2d,Toxicity,Original,,79.45313262939453,2.2742419242858887,180.4173583984375,0.8783756494522095,0.9213262796401978,0.5173215866088867,11.153897285461426,9.885343551635742,9.105806350708008,0.3775864839553833,0.3790500164031982,0.8001595139503479,10.67025661468506,0.0,0.2035112082958221,7.931136131286621,17.443309783935547,37.0,25.0,30.0,0.0,
2025-12-30,09:59:52.538000,2d,Toxicity,Original,,73.3504867553711,2.46143126487732,180.51629638671875,0.7570725083351135,0.8112624287605286,0.4031947255134582,11.153897285461426,10.669180870056152,8.326207160949707,0.426073670387268,0.391924113035202,0.6460834741592407,9.874457359313965,0.0,0.2255449444055557,8.707128524780273,14.855107307434082,37.0,25.0,30.0,0.0,
2025-12-30,09:59:52.538000,FinePointe Series WBP [SN 139781]  Site 4 Bias Flow is out of range.,,,,,,,,,,,,,,,,,,,,,,,,,
2025-12-30,09:59:52.538000,FinePointe Series WBP [SN 10499C]  Site 1 Bias Flow is out of range.,,,,,,,,,,,,,,,,,,,,,,,,,
2025-12-30,09:59:54.538000,2d,Toxicity,Original,,78.42320251464844,2.3859424591064453,187.11712646484372,0.6555825471878052,0.7369880676269531,0.7391223907470703,11.153897285461426,10.446389198303224,8.697248458862305,0.3952807486057281,0.3698154091835022,0.6427082419395447,8.87478256225586,0.0,0.221742033958435,8.051117897033691,12.912515640258787,37.0,25.0,30.0,0.0,
2025-12-30,09:59:56.538000,2d,Toxicity,Original,,72.54020690917969,2.632398128509521,190.73272705078125,0.710314154624939,0.791819155216217,0.5645149946212769,11.153897285461426,10.913837432861328,8.73423957824707,0.4249032437801361,0.4038662016391754,0.6568595767021179,10.293429374694824,0.0,0.235134556889534,9.24358081817627,14.52485466003418,37.0,25.0,30.0,0.0,
2025-12-30,09:59:58.538000,2d,Toxicity,Original,,75.08880615234375,2.4526171684265137,184.31820678710935,0.7399312257766724,0.7306780815124512,0.6965649127960205,11.153897285461426,9.156822204589844,9.158865928649902,0.4139301776885986,0.3855001926422119,0.6347779035568237,9.650772094726562,0.0,0.2328333556652069,7.533891677856445,11.41177463531494,37.0,25.0,30.0,0.0,
2025-12-30,09:59:58.538000,FinePointe Series WBP [SN 10499C]  Site 3 Bias Flow is out of range.,,,,,,,,,,,,,,,,,,,,,,,,,
2025-12-30,10:00:00.538000,2d,Toxicity,Original,,72.9552230834961,2.5301613807678223,184.1977996826172,0.6724177002906799,0.703097939491272,0.596507728099823,11.153897285461426,9.40340518951416,8.93879508972168,0.4116990864276886,0.413457453250885,0.7072354555130005,7.628821849822998,0.0,0.2527171671390533,6.845328330993652,8.70164680480957,37.0,25.0,30.0,0.0,
2025-12-30,10:00:02.538000,2d,Toxicity,Original,,76.8726806640625,2.3800806999206543,182.81253051757807,0.7977009415626526,0.8812815546989441,0.4541996121406555,11.153897285461426,9.597412109375,8.551446914672852,0.3960132598876953,0.3847061991691589,0.6993752717971802,11.99810791015625,0.0,0.2160052508115768,11.7933349609375,17.55349349975586,37.0,25.0,30.0,0.0,
2025-12-30,10:00:02.538000,FinePointe Series WBP [SN 139781]  Site 4 Bias Flow is out of range.,,,,,,,,,,,,,,,,,,,,,,,,,
2025-12-30,10:00:02.538000,FinePointe Series WBP [SN 10499C]  Site 1 Bias Flow is out of range.,,,,,,,,,,,,,,,,,,,,,,,,,
2025-12-30,10:00:04.538000,2d,Toxicity,Original,,73.98871612548828,2.440134048461914,180.49603271484372,0.8518194556236267,0.8579822778701782,0.2938370406627655,11.153897285461426,9.792497634887695,8.341672897338867,0.4312491714954376,0.3801598846912384,0.6133764982223511,9.309476852416992,0.0,0.2157689929008484,10.306476593017578,12.843345642089844,37.0,25.0,30.0,0.0,
2025-12-30,10:00:06.538000,2d,Toxicity,Original,,76.40299987792969,2.4235262870788574,184.28973388671875,0.7406282424926758,0.7633519768714905,0.5715726613998413,11.153897285461426,11.017553329467772,8.925934791564941,0.4182497262954712,0.3708090782165527,0.6693506240844727,9.484317779541016,0.0,0.2166195809841156,7.716203689575195,15.612035751342772,37.0,25.0,30.0,0.0,
2025-12-30,10:00:08.538000,2d,Toxicity,Original,,74.14087677001953,2.37108850479126,175.30484008789062,0.8128415942192078,0.9103136658668518,0.4566953778266907,11.153897285461426,9.877103805541992,7.788974761962891,0.4131420850753784,0.397923469543457,0.6221920847892761,7.903649806976318,0.0,0.2166785895824432,6.351515293121338,13.77480125427246,37.0,25.0,30.0,0.0,
2025-12-30,10:00:08.538000,FinePointe Series WBP [SN 10499C]  Site 3 Bias Flow is out of range.,,,,,,,,,,,,,,,,,,,,,,,,,
2025-12-30,10:00:10.538000,2d,Toxicity,Original,,71.47862243652344,2.576343059539795,183.97576904296875,0.7715307474136353,0.7675617337226868,0.4280107617378235,11.153897285461426,8.757826805114746,8.260416030883789,0.438032865524292,0.4061174690723419,0.6236642599105835,11.935736656188965,0.0,0.2390915155410766,7.772745132446289,12.529687881469728,37.0,25.0,30.0,0.0,
2025-12-30,10:00:12.538000,2d,Toxicity,Original,,77.00948333740234,2.455350637435913,189.15512084960935,0.658993661403656,0.7492651343345642,0.5673311352729797,11.153897285461426,10.087827682495115,8.52397346496582,0.3979648649692535,0.3813579082489013,0.698255181312561,9.903212547302246,0.0,0.2261981219053268,9.72616195678711,12.647378921508787,37.0,25.0,30.0,0.0,
2025-12-30,10:00:12.538000,FinePointe Series WBP [SN 139781]  Site 4 Bias Flow is out of range.,,,,,,,,,,,,,,,,,,,,,,,,,
2025-12-30,10:00:12.538000,FinePointe Series WBP [SN 10499C]  Site 1 Bias Flow is out of range.,,,,,,,,,,,,,,,,,,,,,,,,,
2025-12-30,10:00:14.538000,2d,Toxicity,Original,,75.29167175292969,2.407633781433105,181.25885009765625,0.7484649419784546,0.7637444138526917,0.60679030418396,11.153897285461426,9.86419677734375,9.202459335327148,0.4167189598083496,0.3801957964897156,0.7037918567657471,10.588428497314451,0.0,0.2262771427631378,11.581157684326172,15.422094345092772,37.0,25.0,30.0,0.0,
2025-12-30,10:00:16.538000,2d,Toxicity,Original,,69.8340835571289,2.792616367340088,194.98031616210935,0.5978278517723083,0.7067935466766357,0.8557037115097046,11.153897285461426,9.566261291503906,8.175872802734375,0.4565582275390625,0.4031502604484558,0.6953184604644775,12.150054931640623,0.0,0.2459030747413635,9.445520401000977,8.694042205810547,37.0,25.0,30.0,0.0,
2025-12-30,10:00:16.538000,FinePointe Series WBP [SN 10499C]  Site 3 Bias Flow is out of range.,,,,,,,,,,,,,,,,,,,,,,,,,
2025-12-30,10:00:18.538000,2d,Toxicity,Original,,72.7844467163086,2.7207040786743164,197.6924743652344,0.7915182113647461,0.814986526966095,0.6178106069564819,11.153897285461426,10.491463661193848,9.84446907043457,0.4203018546104431,0.4050212502479553,0.7798556089401245,13.193761825561523,0.0,0.2348906844854354,13.23213005065918,14.606310844421388,37.0,25.0,30.0,0.0,
2025-12-30,10:00:20.538000,2d,Toxicity,Original,,75.80305480957031,2.7738795280456543,210.2430419921875,0.7917944192886353,0.7578929662704468,0.4309476613998413,11.153897285461426,10.31317138671875,9.407970428466797,0.3982056379318237,0.3933320045471191,0.4852119386196136,8.22803020477295,0.0,0.2308378517627716,3.873913764953613,11.363473892211914,37.0,25.0,30.0,0.0,
2025-12-30,10:00:22.538000,2d,Toxicity,Original,,74.82432556152344,2.471043348312378,184.8994598388672,0.7864297032356262,0.7837222814559937,0.6785388588905334,11.153897285461426,9.269834518432615,8.97707748413086,0.4003776609897613,0.4024471938610077,0.6133391857147217,8.278335571289062,0.0,0.233231708407402,7.246461868286133,12.30367660522461,37.0,25.0,30.0,0.0,
2025-12-30,10:00:22.538000,FinePointe Series WBP [SN 139781]  Site 4 Bias Flow is out of range.,,,,,,,,,,,,,,,,,,,,,,,,,
2025-12-30,10:00:22.538000,FinePointe Series WBP [SN 10499C]  Site 1 Bias Flow is out of range.,,,,,,,,,,,,,,,,,,,,,,,,,
2025-12-30,10:00:24.538000,2d,Toxicity,Original,,70.86872863769531,2.6526925563812256,187.85455322265625,0.6811103820800781,0.8550503849983215,0.554733395576477,11.153897285461426,11.016056060791016,7.647485733032227,0.4463728666305542,0.4007363319396972,0.6658228635787964,11.460169792175291,0.0,0.224416583776474,10.186931610107422,12.83594036102295,37.0,25.0,30.0,0.0,
2025-12-30,10:00:26.538000,2d,Toxicity,Original,,76.38964080810547,2.317500114440918,177.51693725585938,0.7934772372245789,0.8322616219520569,0.5281327366828918,11.153897285461426,9.685729026794434,9.194904327392578,0.4103909730911255,0.3768106698989868,0.7619181275367737,10.480571746826172,0.0,0.2158131003379821,9.13764762878418,15.213234901428224,37.0,25.0,30.0,0.0,
2025-12-30,10:00:26.538000,FinePointe Series WBP [SN 10499C]  Site 3 Bias Flow is out of range.,,,,,,,,,,,,,,,,,,,,,,,,,
2025-12-30,10:00:28.538000,2d,Toxicity,Original,,77.17524719238281,2.4772160053253174,191.08909606933597,0.8224554061889648,0.8955390453338623,0.4493176937103271,11.153897285461426,9.78632354736328,8.353303909301758,0.394134521484375,0.3833833336830139,0.6040222644805908,8.189148902893066,0.0,0.2089942991733551,8.016352653503418,13.439664840698242,37.0,25.0,30.0,0.0,
2025-12-30,10:00:30.538000,2d,Toxicity,Original,,75.62046813964844,2.4848861694335938,187.6979217529297,0.5692324042320251,0.7506974339485168,0.6808639168739319,11.153897285461426,9.986444473266602,8.01339054107666,0.4131736159324646,0.380702942609787,0.661017119884491,9.041117668151855,0.0,0.2267504334449768,9.92325210571289,14.162919998168944,37.0,25.0,30.0,0.0,
2025-12-30,10:00:32.538000,2d,Toxicity,Original,,75.93608856201172,2.2250006198883057,168.98898315429688,0.8706649541854858,0.9171518683433532,0.511337161064148,11.153897285461426,9.058837890625,9.209776878356934,0.3933326601982116,0.397443950176239,0.7543994188308716,11.300437927246094,0.0,0.2169714570045471,11.391077041625977,17.078350067138672,37.0,25.0,30.0,0.0,
2025-12-30,10:00:32.538000,FinePointe Series WBP [SN 139781]  Site 4 Bias Flow is out of range.,,,,,,,,,,,,,,,,,,,,,,,,,
2025-12-30,10:00:32.538000,FinePointe Series WBP [SN 10499C]  Site 1 Bias Flow is out of range.,,,,,,,,,,,,,,,,,,,,,,,,,
2025-12-30,10:00:34.538000,2d,Toxicity,Original,,76.18069458007812,2.438720941543579,186.0308380126953,0.9438357353210448,0.9340299963951112,0.5983733534812927,11.153897285461426,10.41472053527832,9.266324043273926,0.4037053883075714,0.3843583166599273,0.7730077505111694,9.942337036132812,0.0,0.2069852501153946,8.497894287109375,15.229681968688965,37.0,25.0,30.0,0.0,
2025-12-30,10:00:36.538000,2d,Toxicity,Original,,74.56007385253906,2.4186108112335205,180.34954833984372,0.9113348722457886,0.901650607585907,0.3431749939918518,11.153897285461426,9.417369842529297,9.072637557983398,0.4187471270561218,0.3859746754169464,0.697342038154602,7.898410320281982,0.0,0.2105835378170013,7.002276420593262,14.16828727722168,37.0,25.0,30.0,0.0,
2025-12-30,10:00:38.538000,2d,Toxicity,Original,,73.57921600341797,2.5412344932556152,187.39193725585935,0.7459478378295898,0.8209772706031799,0.4956125319004059,11.153897285461426,9.336983680725098,8.597704887390137,0.4148801267147064,0.4026202261447906,0.6985748410224915,10.741230964660645,0.0,0.2312154620885849,9.73272705078125,13.927204132080078,37.0,25.0,30.0,0.0,
2025-12-30,10:00:38.538000,FinePointe Series WBP [SN 10499C]  Site 3 Bias Flow is out of range.,,,,,,,,,,,,,,,,,,,,,,,,,
2025-12-30,10:00:40.538000,2d,Toxicity,Original,,76.32696533203125,2.363014936447144,180.5607452392578,0.9599794149398804,0.8697738647460938,0.2273835837841034,11.153897285461426,8.625946998596191,8.997442245483398,0.3985361456871032,0.3889973759651184,0.5643234252929688,6.901415824890137,0.0,0.2142310589551925,5.179135799407959,11.314006805419922,37.0,25.0,30.0,0.0,
2025-12-30,10:00:42.538000,2d,Toxicity,Original,,75.8438720703125,2.5144476890563965,190.51870727539065,0.6428486108779907,0.7898155450820923,0.518213152885437,11.153897285461426,10.528472900390623,8.021221160888672,0.4018687903881073,0.3908155858516693,0.5873870253562927,9.606741905212402,0.0,0.2283329367637634,10.958620071411133,12.243441581726074,37.0,25.0,30.0,0.0,
2025-12-30,10:00:42.538000,FinePointe Series WBP [SN 139781]  Site 4 Bias Flow is out of range.,,,,,,,,,,,,,,,,,,,,,,,,,
2025-12-30,10:00:42.538000,FinePointe Series WBP [SN 10499C]  Site 1 Bias Flow is out of range.,,,,,,,,,,,,,,,,,,,,,,,,,
2025-12-30,10:00:44.538000,2d,Toxicity,Original,,74.4490966796875,2.5346806049346924,188.652587890625,0.8454746603965759,0.8452497720718384,0.3730485141277313,11.153897285461426,9.77776050567627,9.496331214904783,0.4144906401634216,0.3914843201637268,0.6317901611328125,9.35190200805664,0.0,0.2207829654216766,8.740069389343262,13.456300735473633,37.0,25.0,30.0,0.0,
2025-12-30,10:00:46.538000,2d,Toxicity,Original,,73.80729675292969,2.6988089084625244,197.8666839599609,0.6805399060249329,0.7582706212997437,0.6707097887992859,11.153897285461426,10.27087688446045,8.546746253967285,0.407178521156311,0.4094489514827728,0.6900729537010193,10.786608695983888,0.0,0.2414932996034622,7.716331958770752,13.027871131896973,37.0,25.0,30.0,0.0,
2025-12-30,10:00:48.538000,2d,Toxicity,Original,,74.4571533203125,2.631088256835937,196.33294677734372,0.5890582799911499,0.7648286819458008,0.573407769203186,11.153897285461426,11.692145347595217,9.330263137817385,0.3980240225791931,0.4107088148593902,0.7579438090324402,16.247127532958984,0.0,0.2464412450790405,14.356036186218262,13.31301498413086,37.0,25.0,30.0,0.0,
2025-12-30,10:00:48.538000,FinePointe Series WBP [SN 10499C]  Site 3 Bias Flow is out of range.,,,,,,,,,,,,,,,,,,,,,,,,,
2025-12-30,10:00:50.538000,2d,Toxicity,Original,,76.72578430175781,2.797083854675293,214.31993103027344,0.532698392868042,0.7499715089797974,0.5969977974891663,11.153897285461426,12.571619987487791,9.239684104919434,0.3781812489032745,0.4045880138874054,0.7827529311180115,15.01997184753418,0.0,0.2434417903423309,13.243022918701172,12.56054401397705,37.0,25.0,30.0,0.0,
2025-12-30,10:00:52.538000,2d,Toxicity,Original,,76.53767395019531,2.7408270835876465,209.94244384765625,0.6432090997695923,0.774587869644165,0.6376402974128723,11.153897285461426,10.910781860351562,9.090269088745115,0.4224007427692413,0.3620310425758362,0.6324460506439209,10.301008224487305,0.0,0.2184661328792572,12.219255447387695,13.880850791931152,37.0,25.0,30.0,0.0,
2025-12-30,10:00:52.538000,FinePointe Series WBP [SN 139781]  Site 4 Bias Flow is out of range.,,,,,,,,,,,,,,,,,,,,,,,,,
2025-12-30,10:00:52.538000,FinePointe Series WBP [SN 10499C]  Site 1 Bias Flow is out of range.,,,,,,,,,,,,,,,,,,,,,,,,,
2025-12-30,10:00:54.538000,2d,Toxicity,Original,,74.72207641601562,2.513624906539917,187.6426696777344,0.6454008221626282,0.7920924425125122,0.718786895275116,11.153897285461426,11.081049919128418,8.562263488769531,0.4115574061870575,0.3920314013957977,0.6094756126403809,10.287867546081545,0.0,0.2282904833555221,10.358549118041992,12.709412574768066,37.0,25.0,30.0,0.0,
2025-12-30,10:00:56.538000,2d,Toxicity,Original,,77.72429656982422,2.577125072479248,200.68206787109372,0.7770065665245056,0.7621454000473022,0.3561289608478546,11.153897285461426,9.786361694335938,8.815559387207031,0.4018372297286987,0.3708715438842773,0.6831802725791931,8.276800155639648,0.0,0.2194182872772216,8.608439445495605,11.838994026184082,37.0,25.0,30.0,0.0,
2025-12-30,10:00:58.538000,2d,Toxicity,Original,,75.43732452392578,2.557042360305786,192.78961181640625,0.7997826337814331,0.8321770429611206,0.3969634771347046,11.153897285461426,9.798439025878906,8.79957389831543,0.4061253368854522,0.3899953663349151,0.6567589044570923,8.66358470916748,0.0,0.2234892845153808,7.185632228851318,12.361510276794434,37.0,25.0,30.0,0.0,
2025-12-30,10:00:58.538000,FinePointe Series WBP [SN 10499C]  Site 3 Bias Flow is out of range.,,,,,,,,,,,,,,,,,,,,,,,,,
2025-12-30,10:01:00.538000,2d,Toxicity,Original,,74.10809326171875,2.426122665405273,179.55364990234375,0.7119471430778503,0.779600977897644,0.551587700843811,11.153897285461426,10.10063362121582,8.785011291503906,0.413027286529541,0.3970185816287994,0.772293210029602,9.098119735717772,0.0,0.2335850298404693,10.195981979370115,13.466772079467772,37.0,25.0,30.0,0.0,
2025-12-30,10:01:02.538000,2d,Toxicity,Original,,73.69645690917969,2.562263011932373,188.486083984375,0.5488066673278809,0.7253772020339966,0.5506464242935181,11.153897285461426,11.167010307312012,9.11974048614502,0.4158400297164917,0.4003584384918213,0.7364960312843323,16.073911666870117,0.0,0.2420157343149185,14.94659423828125,13.313087463378906,37.0,25.0,30.0,0.0,
2025-12-30,10:01:02.538000,FinePointe Series WBP [SN 139781]  Site 4 Bias Flow is out of range.,,,,,,,,,,,,,,,,,,,,,,,,,
2025-12-30,10:01:02.538000,FinePointe Series WBP [SN 10499C]  Site 1 Bias Flow is out of range.,,,,,,,,,,,,,,,,,,,,,,,,,
2025-12-30,10:01:04.538000,2d,Toxicity,Original,,74.40827178955078,2.651745557785034,196.9030303955078,0.6066918969154358,0.7637921571731567,0.4755637049674988,11.153897285461426,11.52849578857422,8.905294418334961,0.4086394011974334,0.3996829986572265,0.6138914227485657,11.405959129333496,0.0,0.2398088872432708,11.143478393554688,11.942729949951172,37.0,25.0,30.0,0.0,
2025-12-30,10:01:06.538000,2d,Toxicity,Original,,78.35419464111328,2.5007922649383545,195.82354736328125,0.8635402917861938,0.8143759965896606,0.2585216760635376,11.153897285461426,10.077204704284668,9.191289901733398,0.4098255038261413,0.3562231063842773,0.6530227065086365,10.737300872802734,0.0,0.2068523615598678,11.6552734375,11.653369903564451,37.0,25.0,30.0,0.0,
2025-12-30,10:01:08.538000,2d,Toxicity,Original,,77.5244140625,2.367753744125366,183.53082275390625,0.6759209036827087,0.7747031450271606,0.7298575639724731,11.153897285461426,9.732802391052246,7.8608479499816895,0.3992686569690704,0.3750194907188415,0.6201184988021851,8.878780364990234,0.0,0.2203253656625747,9.966318130493164,12.350496292114258,37.0,25.0,30.0,0.0,
2025-12-30,10:01:08.538000,FinePointe Series WBP [SN 10499C]  Site 3 Bias Flow is out of range.,,,,,,,,,,,,,,,,,,,,,,,,,
2025-12-30,10:01:10.538000,2d,Toxicity,Original,,76.00013732910156,2.674527406692505,203.1610870361328,0.4935019910335541,0.675320029258728,0.5941524505615234,11.153897285461426,12.03172779083252,9.738554000854492,0.4016962349414825,0.387981116771698,0.8259185552597046,18.23704719543457,0.0,0.2466527670621872,16.364599227905273,8.59189224243164,37.0,25.0,30.0,0.0,
2025-12-30,10:01:12.538000,2d,Toxicity,Original,,82.65621948242188,2.7415714263916016,226.7738800048828,0.5521115064620972,0.6937820315361023,0.544202983379364,11.153897285461426,11.635499000549316,10.439497947692873,0.3575578033924103,0.3685171604156494,0.9000147581100464,11.961204528808594,0.0,0.2269063293933868,13.211578369140623,9.967036247253418,37.0,25.0,30.0,0.0,
2025-12-30,10:01:12.538000,FinePointe Series WBP [SN 139781]  Site 4 Bias Flow is out of range.,,,,,,,,,,,,,,,,,,,,,,,,,
2025-12-30,10:01:12.538000,FinePointe Series WBP [SN 10499C]  Site 1 Bias Flow is out of range.,,,,,,,,,,,,,,,,,,,,,,,,,
2025-12-30,10:01:14.538000,2d,Toxicity,Original,,81.0541000366211,2.5753819942474365,208.8487243652344,0.581347644329071,0.7279250025749207,0.563458263874054,11.153897285461426,11.39986801147461,9.613792419433594,0.3822656869888305,0.3584500849246979,0.7325863838195801,12.908885955810549,0.0,0.2175444364547729,11.965703010559082,11.158928871154783,37.0,25.0,30.0,0.0,
2025-12-30,10:01:16.538000,2d,Toxicity,Original,,76.48191833496094,2.53735876083374,193.9732818603516,0.7086610794067383,0.7115229368209839,0.5380911827087402,11.153897285461426,10.725004196166992,10.122669219970703,0.4288409352302551,0.356226772069931,0.7293857336044312,13.665507316589355,0.0,0.2238650619983673,15.819116592407228,11.518768310546877,37.0,25.0,30.0,0.0,
2025-12-30,10:01:18.538000,2d,Toxicity,Original,,80.33855438232422,2.538038730621338,203.5657958984375,0.7064424157142639,0.789675772190094,0.6133120059967041,11.153897285461426,10.622815132141112,9.629047393798828,0.3721874952316284,0.3753969073295593,0.8104235529899597,9.36707592010498,3.2255821228027344,0.2171974778175354,9.86948585510254,12.726049423217772,37.0,25.0,30.0,0.0,
2025-12-30,10:01:18.538000,FinePointe Series WBP [SN 10499C]  Site 3 Bias Flow is out of range.,,,,,,,,,,,,,,,,,,,,,,,,,
2025-12-30,10:01:20.538000,2d,Toxicity,Original,,77.93721771240234,2.512045383453369,195.4212188720703,0.7596988677978516,0.8561185598373413,0.441838651895523,11.153897285461426,9.6362943649292,8.573643684387207,0.3997411131858825,0.3708001375198364,0.7177148461341858,8.862317085266113,0.0,0.2128931730985641,10.597604751586914,12.413803100585938,37.0,25.0,30.0,0.0,
2025-12-30,10:01:22.538000,2d,Toxicity,Original,,78.02031707763672,2.497270345687866,194.86412048339844,0.7732698321342468,0.8418807983398438,0.4006205797195434,11.153897285461426,9.868931770324709,8.535073280334473,0.3986854255199432,0.3707657754421234,0.7049344182014465,9.15526294708252,0.0,0.2100129425525665,8.408844947814941,13.111411094665527,37.0,25.0,30.0,0.0,
2025-12-30,10:01:22.538000,FinePointe Series WBP [SN 139781]  Site 4 Bias Flow is out of range.,,,,,,,,,,,,,,,,,,,,,,,,,
2025-12-30,10:01:22.538000,FinePointe Series WBP [SN 10499C]  Site 1 Bias Flow is out of range.,,,,,,,,,,,,,,,,,,,,,,,,,
2025-12-30,10:01:24.538000,2d,Toxicity,Original,,78.03182220458984,2.4524097442626958,191.6146697998047,0.7706148624420166,0.8062543869018555,0.5583000779151917,11.153897285461426,9.485603332519531,8.543807029724121,0.403381198644638,0.3664422631263733,0.6995359063148499,8.041095733642578,0.0,0.2109922766685485,9.782821655273438,11.6743745803833,37.0,25.0,30.0,0.0,
2025-12-30,10:01:26.538000,2d,Toxicity,Original,,78.6656494140625,2.3425118923187256,184.2711181640625,0.7540289163589478,0.8161770701408386,0.6713047623634338,11.153897285461426,10.44670867919922,8.288522720336914,0.3939205408096313,0.368819922208786,0.685141921043396,9.477649688720703,0.0,0.2105273008346557,9.530401229858398,11.48447608947754,37.0,25.0,30.0,0.0,
2025-12-30,10:01:26.538000,FinePointe Series WBP [SN 10499C]  Site 3 Bias Flow is out of range.,,,,,,,,,,,,,,,,,,,,,,,,,
2025-12-30,10:01:28.538000,2d,Toxicity,Original,,80.4494400024414,2.3351283073425293,187.83485412597656,0.8338623046875,0.828883707523346,0.4293819069862366,11.153897285461426,9.9146146774292,9.034234046936035,0.3808320760726928,0.3651059567928314,0.7665805816650391,8.982895851135254,0.0,0.2090591788291931,9.439406394958496,14.518036842346191,37.0,25.0,30.0,0.0,
2025-12-30,10:01:30.538000,2d,Toxicity,Original,,77.01554870605469,2.536839723587036,195.5106506347656,0.6717637181282043,0.7737274765968323,0.4780983328819275,11.153897285461426,10.429512977600098,8.589903831481934,0.3974117338657379,0.382324755191803,0.6916152238845825,10.802014350891112,0.0,0.2252510637044906,9.723758697509766,11.354491233825684,37.0,25.0,30.0,0.0,
2025-12-30,10:01:32.538000,2d,Toxicity,Original,,80.09717559814453,2.5150270462036133,201.1765899658203,0.6760720014572144,0.7650656700134277,0.4998518228530884,11.153897285461426,10.62887191772461,8.075096130371094,0.386320561170578,0.3635174036026001,0.6056070327758789,12.220514297485352,0.0,0.2146646529436111,11.892898559570312,13.503896713256836,37.0,25.0,30.0,0.0,
2025-12-30,10:01:32.538000,FinePointe Series WBP [SN 139781]  Site 4 Bias Flow is out of range.,,,,,,,,,,,,,,,,,,,,,,,,,
2025-12-30,10:01:32.538000,FinePointe Series WBP [SN 10499C]  Site 1 Bias Flow is out of range.,,,,,,,,,,,,,,,,,,,,,,,,,
2025-12-30,10:01:34.538000,2d,Toxicity,Original,,77.51013946533203,2.469235181808472,190.99685668945312,0.7591030597686768,0.7841985821723938,0.4355490505695343,11.153897285461426,10.400768280029297,9.078580856323242,0.3970257937908172,0.3779802918434143,0.6310121417045593,10.90436553955078,0.0,0.2203293442726135,9.100414276123049,13.520551681518556,37.0,25.0,30.0,0.0,
2025-12-30,10:01:36.538000,2d,Toxicity,Original,,80.5201416015625,2.496095895767212,201.01507568359372,0.7835642099380493,0.8001337647438049,0.4264600872993469,11.153897285461426,10.125548362731934,9.599767684936523,0.396744966506958,0.3484200835227966,0.7543668746948242,7.759062767028809,0.0,0.2009820342063903,9.9027681350708,14.866978645324709,37.0,25.0,30.0,0.0,
2025-12-30,10:01:38.538000,2d,Toxicity,Original,,71.23402404785156,2.655507802963257,188.36680603027344,0.8602638840675354,0.8749755620956421,0.4141041338443756,11.153897285461426,11.26041316986084,9.381933212280272,0.4173443913459778,0.4303781688213348,0.7061319351196289,78.77848815917969,0.0,0.245156317949295,7.61959981918335,12.605148315429688,37.0,25.0,30.0,0.0,
2025-12-30,10:01:38.538000,FinePointe Series WBP [SN 10499C]  Site 3 Bias Flow is out of range.,,,,,,,,,,,,,,,,,,,,,,,,,
2025-12-30,10:01:42.538000,2d,Toxicity,Original,,87.16184997558594,3.402620553970337,296.57867431640625,0.3346847295761108,0.7982353568077087,0.5897150635719299,11.153897285461426,20.09468078613281,9.275225639343262,0.3492277264595032,0.3391468524932861,0.8098773956298828,14.189416885375977,0.0,0.1939181983470916,16.744251251220703,14.461113929748535,37.0,25.0,30.0,85.71428680419922,
2025-12-30,10:01:42.538000,FinePointe Series WBP [SN 139781]  Site 4 Bias Flow is out of range.,,,,,,,,,,,,,,,,,,,,,,,,,
2025-12-30,10:01:44.538000,2d,Toxicity,Original,,85.88394165039062,3.033372640609741,260.36932373046875,0.4570891559123993,0.7571040987968445,0.7340065240859985,11.153897285461426,13.868861198425291,9.1497220993042,0.3822524547576904,0.3183535039424896,0.7277213335037231,12.829689979553224,0.0,0.1957920342683792,13.596927642822266,12.189325332641602,37.0,25.0,30.0,0.0,
2025-12-30,10:01:46.538000,2d,Toxicity,Original,,128.09271240234375,2.659639358520508,325.1456298828125,0.4255029559135437,0.6216303110122681,0.5792244076728821,11.153897285461426,16.197935104370117,11.005680084228516,0.2742043435573578,0.2181460261344909,0.9316864013671876,10.269261360168455,0.0,0.138401910662651,18.3660945892334,7.524378299713135,37.0,25.0,30.0,0.0,
2025-12-30,10:01:48.538000,2d,Toxicity,Original,,156.57115173339844,2.1268532276153564,333.0038757324219,0.4004949629306793,0.7641921043395996,0.3695052564144134,11.153897285461426,23.46440696716309,10.936070442199709,0.134230762720108,0.2489815801382064,0.9686197638511658,5.881685256958008,0.0,0.1431249976158142,6.126481533050537,14.46234893798828,37.0,25.0,30.0,75.0,
2025-12-30,10:01:48.538000,FinePointe Series WBP [SN 10499C]  Site 3 Bias Flow is out of range.,,,,,,,,,,,,,,,,,,,,,,,,,
2025-12-30,10:01:48.538000,FinePointe Series WBP [SN 10499C]  Site 1 Bias Flow is out of range.,,,,,,,,,,,,,,,,,,,,,,,,,
2025-12-30,10:01:50.538000,2d,Toxicity,Original,,104.79571533203124,2.472064971923828,262.0560913085937,0.516410768032074,0.702532947063446,0.6741416454315186,11.153897285461426,15.96117877960205,11.139756202697754,0.2539505958557129,0.3248972296714782,0.9161940217018129,10.381296157836914,0.0,0.1967314034700393,11.47600269317627,11.469958305358888,37.0,25.0,30.0,0.0,
2025-12-30,10:01:52.538000,2d,Toxicity,Original,,93.22710418701172,2.655832290649414,247.7165679931641,0.5251930952072144,0.7342742681503296,0.6997730731964111,11.153897285461426,13.060190200805664,10.150213241577148,0.3212910592556,0.3226796388626098,0.7425479292869568,9.303262710571287,0.0,0.1923356056213379,9.498916625976562,13.301146507263184,37.0,25.0,30.0,33.33333206176758,
2025-12-30,10:01:52.538000,FinePointe Series WBP [SN 139781]  Site 4 Bias Flow is out of range.,,,,,,,,,,,,,,,,,,,,,,,,,
2025-12-30,10:01:54.538000,2d,Toxicity,Original,,124.5989761352539,2.6578927040100098,318.22821044921875,0.4274556636810303,0.6155253648757935,0.6536915302276611,11.153897285461426,16.707904815673828,11.754218101501465,0.2681570053100586,0.2458526194095611,0.9821891784667968,13.417274475097656,0.0,0.1597245782613754,16.50141143798828,8.808574676513672,37.0,25.0,30.0,0.0,
2025-12-30,10:01:56.538000,2d,Toxicity,Original,,97.52531433105467,1.788790225982666,174.45233154296875,0.6861751675605774,0.6805428862571716,0.7050711512565613,11.153897285461426,9.714757919311523,10.928773880004885,0.2946898341178894,0.3205350339412689,0.901806890964508,9.196372985839844,0.0,0.1974374651908874,9.460443496704102,11.472335815429688,37.0,25.0,30.0,75.0,
2025-12-30,10:01:58.538000,2d,Toxicity,Original,,92.3332977294922,2.9705185890197754,271.62646484375,0.600997269153595,0.6826907396316528,0.6982325911521912,11.153897285461426,13.887198448181152,12.117439270019531,0.3650556206703186,0.2885207533836365,0.90472149848938,11.710762977600098,0.0,0.1794998794794082,13.99234676361084,13.002861976623535,37.0,25.0,30.0,0.0,
2025-12-30,10:01:58.538000,FinePointe Series WBP [SN 10499C]  Site 3 Bias Flow is out of range.,,,,,,,,,,,,,,,,,,,,,,,,,
2025-12-30,10:01:58.538000,FinePointe Series WBP [SN 10499C]  Site 1 Bias Flow is out of range.,,,,,,,,,,,,,,,,,,,,,,,,,
2025-12-30,10:02:00.538000,2d,Toxicity,Original,,107.24852752685548,2.6567816734313965,280.7942810058594,0.5357453227043152,0.6085964441299438,0.5585724711418152,11.153897285461426,13.47278881072998,12.656810760498049,0.3258128762245178,0.2561354637145996,0.9242032766342164,11.497916221618652,0.0,0.1679598540067672,15.954185485839844,6.379961490631104,37.0,25.0,30.0,0.0,
2025-12-30,10:02:02.538000,2d,Toxicity,Original,,132.298828125,2.1917178630828857,285.6686706542969,0.6099303960800171,0.6892311573028564,0.4569510817527771,11.153897285461426,13.480491638183594,11.76002311706543,0.2393692582845688,0.2211426943540573,0.9886168837547302,9.851058959960938,0.0,0.1387101262807846,13.344703674316406,10.106224060058594,37.0,25.0,30.0,25.0,
2025-12-30,10:02:02.538000,FinePointe Series WBP [SN 139781]  Site 4 Bias Flow is out of range.,,,,,,,,,,,,,,,,,,,,,,,,,
2025-12-30,10:02:04.538000,2d,Toxicity,Original,,128.52932739257812,2.120574712753296,266.8339233398437,0.8953679203987122,0.7587887644767761,0.3985121250152588,11.153897285461426,14.426937103271484,16.236637115478516,0.2449121922254562,0.2386635243892669,1.3217942714691162,8.798310279846191,0.0,0.1386194378137588,14.207087516784668,12.35008430480957,37.0,25.0,30.0,0.0,
2025-12-30,10:02:06.538000,2d,Toxicity,Original,,91.54849243164062,2.631403684616089,239.1039276123047,0.5099074244499207,0.6531373858451843,0.719621479511261,11.153897285461426,14.68682861328125,11.008214950561523,0.3263551592826843,0.3332836627960205,0.7667902708053589,8.61452865600586,0.0,0.2112647294998169,11.260737419128418,8.84255599975586,37.0,25.0,30.0,0.0,
2025-12-30,10:02:08.538000,2d,Toxicity,Original,,141.5269012451172,2.6360630989074707,348.8563537597656,0.4094355404376983,0.5631989240646362,0.5096778869628906,11.153897285461426,18.19194602966309,13.554828643798828,0.2367978990077972,0.2240900844335556,0.9624533653259276,11.428359031677246,0.0,0.1507876515388488,12.032340049743652,6.972877502441406,37.0,25.0,30.0,0.0,
2025-12-30,10:02:08.538000,FinePointe Series WBP [SN 10499C]  Site 3 Bias Flow is out of range.,,,,,,,,,,,,,,,,,,,,,,,,,
2025-12-30,10:02:10.538000,2d,Toxicity,Original,,122.37081909179688,2.2419536113739014,280.28594970703125,0.6625601649284363,0.630490779876709,0.6086368560791016,11.153897285461426,15.289304733276367,13.910386085510254,0.2617751061916351,0.2569037079811096,1.1347956657409668,11.454543113708496,0.0,0.16316519677639,12.218639373779297,10.651132583618164,37.0,25.0,30.0,25.0,
2025-12-30,10:02:10.538000,FinePointe Series WBP [SN 10499C]  Site 1 Bias Flow is out of range.,,,,,,,,,,,,,,,,,,,,,,,,,
2025-12-30,10:02:12.538000,2d,Toxicity,Original,,75.32347106933594,2.7299461364746094,193.8872985839844,2.621384859085083,3.5227439403533936,0.2711327373981476,11.153897285461426,16.595932006835938,15.249832153320312,0.2688281834125519,0.6315747499465942,1.213196873664856,11.931939125061035,333.5605773925781,0.1506430208683014,8.002593994140625,18.38411903381348,37.0,25.0,30.0,0.0,
2025-12-30,10:02:12.538000,FinePointe Series WBP [SN 139781]  Site 4 Bias Flow is out of range.,,,,,,,,,,,,,,,,,,,,,,,,,
2025-12-30,10:02:14.538000,2d,Toxicity,Original,,93.35420989990234,2.3199572563171387,217.9320526123047,1.010016918182373,0.9023945927619934,0.4669772982597351,11.153897285461426,14.3887357711792,16.566694259643555,0.2943252027034759,0.3502973616123199,1.2478026151657104,13.382209777832031,0.0,0.2046200931072235,14.948866844177246,16.7709903717041,37.0,25.0,30.0,0.0,
2025-12-30,10:02:16.538000,2d,Toxicity,Original,,91.02877807617188,2.766954183578491,252.4805450439453,0.6084265112876892,0.7892745733261108,0.4532426297664642,11.153897285461426,13.553207397460938,10.871747970581056,0.3398462831974029,0.3199860453605652,0.8784662485122681,8.419635772705078,0.0,0.1869823783636093,9.436738967895508,11.155685424804688,37.0,25.0,30.0,0.0,
2025-12-30,10:02:18.538000,2d,Toxicity,Original,,95.00029754638672,3.2273976802825928,306.41217041015625,0.6875563263893127,0.6336018443107605,0.4962475299835205,11.153897285461426,15.63807201385498,16.975566864013672,0.3255759179592132,0.3062388300895691,1.2637218236923218,29.321304321289062,0.0,0.1947214007377624,17.041494369506836,11.20593547821045,37.0,25.0,30.0,0.0,
2025-12-30,10:02:18.538000,FinePointe Series WBP [SN 10499C]  Site 3 Bias Flow is out of range.,,,,,,,,,,,,,,,,,,,,,,,,,
2025-12-30,10:02:20.538000,2d,Toxicity,Original,,114.22039794921876,2.248046398162842,255.39122009277344,1.3195385932922363,1.1569979190826416,0.3781839609146118,11.153897285461426,14.177802085876465,15.033671379089355,0.2760498821735382,0.2548046708106994,1.2133584022521973,9.634203910827637,0.0,0.1212671846151351,14.803800582885742,20.695913314819336,37.0,25.0,30.0,0.0,
2025-12-30,10:02:22.538000,2d,Toxicity,Original,,152.8080291748047,1.854174852371216,268.3023376464844,0.6638177037239075,0.8535780310630798,0.436477929353714,11.153897285461426,19.23799514770508,13.20612621307373,0.1643718779087066,0.2361823916435241,1.039279222488403,6.351488590240479,0.0,0.1329613775014877,10.462592124938965,14.167911529541016,37.0,25.0,30.0,40.0,
2025-12-30,10:02:22.538000,FinePointe Series WBP [SN 139781]  Site 4 Bias Flow is out of range.,,,,,,,,,,,,,,,,,,,,,,,,,
2025-12-30,10:02:24.538000,2d,Toxicity,Original,,89.38685607910156,2.59192419052124,230.70428466796875,0.4930027723312378,0.5841866731643677,0.784305214881897,11.153897285461426,12.189796447753906,13.04926300048828,0.3731284737586975,0.2985971570014953,0.8190709352493286,7.418766021728516,0.0,0.1974755823612213,11.717329978942873,7.189932823181152,37.0,25.0,30.0,60.0,
2025-12-30,10:02:26.538000,2d,Toxicity,Original,,91.9340591430664,2.994536876678467,274.9042663574219,0.8992291688919067,0.9902710914611816,0.3824608325958252,11.153897285461426,14.317726135253906,12.243020057678224,0.3678022921085357,0.2852289378643036,0.9139683246612548,9.049345016479492,0.0,0.153178408741951,13.559440612792969,16.313291549682617,37.0,25.0,30.0,0.0,
2025-12-30,10:02:28.538000,2d,Toxicity,Original,,87.82041931152344,2.6540048122406006,232.3683013916016,0.7084808945655823,0.700506865978241,0.5694841146469116,11.153897285461426,12.161765098571776,12.238890647888184,0.3538557291030884,0.3296177387237549,0.9477800130844116,15.329639434814451,0.0,0.2069008201360702,13.425413131713867,10.661072731018066,37.0,25.0,30.0,0.0,
2025-12-30,10:02:28.538000,FinePointe Series WBP [SN 10499C]  Site 3 Bias Flow is out of range.,,,,,,,,,,,,,,,,,,,,,,,,,
2025-12-30,10:02:30.538000,2d,Toxicity,Original,,84.86286926269531,2.367315530776977,200.77944946289065,0.7358890771865845,0.7917467951774597,0.3709654510021209,11.153897285461426,12.8955078125,12.641857147216797,0.3917823433876037,0.3154569268226623,1.0453752279281616,12.00312042236328,0.0,0.204454019665718,13.63612461090088,7.401350975036621,37.0,25.0,30.0,0.0,
2025-12-30,10:02:32.538000,2d,Toxicity,Original,,113.30119323730467,2.501953601837158,267.95684814453125,0.5564059615135193,0.7172908782958984,0.5625619292259216,11.153897285461426,14.39521312713623,12.068642616271973,0.2763676643371582,0.295823872089386,1.051565170288086,8.320929527282715,0.0,0.1757568120956421,12.226174354553224,11.148405075073242,37.0,25.0,30.0,25.0,
2025-12-30,10:02:32.538000,FinePointe Series WBP [SN 139781]  Site 4 Bias Flow is out of range.,,,,,,,,,,,,,,,,,,,,,,,,,
2025-12-30,10:02:34.538000,2d,Toxicity,Original,,99.93333435058594,2.5076112747192383,252.6669006347656,0.6817377805709839,0.7591584920883179,0.5707427859306335,11.153897285461426,14.017226219177246,13.43748378753662,0.3136234581470489,0.2953602373600006,1.101215362548828,11.97950553894043,0.0,0.1808945834636688,15.488670349121094,11.129094123840332,37.0,25.0,30.0,0.0,
2025-12-30,10:02:36.538000,2d,Toxicity,Original,,153.25143432617188,2.2231273651123047,336.8201599121094,0.7765199542045593,0.9265857338905334,0.3975507616996765,11.153897285461426,16.90634536743164,13.769887924194336,0.1995139867067337,0.1951912492513656,1.1787729263305664,6.896124362945557,13.0053071975708,0.1057556569576263,8.499177932739258,16.828792572021484,37.0,25.0,30.0,25.0,
2025-12-30,10:02:38.538000,2d,Toxicity,Original,,150.93533325195312,2.0177929401397705,282.1085205078125,0.5617555379867554,0.5751573443412781,0.4721380472183227,11.153897285461426,14.918313026428224,14.509708404541016,0.2181300222873687,0.2101549953222274,1.2178385257720947,15.420354843139648,0.0,0.1419506520032882,14.742789268493652,7.877439975738525,37.0,25.0,30.0,25.0,
2025-12-30,10:02:38.538000,FinePointe Series WBP [SN 10499C]  Site 3 Bias Flow is out of range.,,,,,,,,,,,,,,,,,,,,,,,,,
2025-12-30,10:02:40.538000,2d,Toxicity,Original,,97.72068786621094,2.953099250793457,288.70758056640625,0.6769798994064331,0.7173163890838623,0.5425946116447449,11.153897285461426,14.588176727294922,14.002330780029297,0.3142375946044922,0.2998073101043701,0.810457706451416,6.646690845489502,0.0,0.1790657639503479,8.202301025390625,7.92874813079834,37.0,25.0,30.0,60.0,
2025-12-30,10:02:42.538000,2d,Toxicity,Original,,94.95982360839844,2.4786975383758545,235.73971557617188,0.7323075532913208,0.683482825756073,0.5661866068840027,11.153897285461426,11.63989543914795,11.722530364990234,0.3479364812374115,0.284622460603714,0.8497626185417175,10.03616714477539,0.0,0.1775193661451339,15.265734672546388,10.00685977935791,37.0,25.0,30.0,0.0,
2025-12-30,10:02:42.538000,FinePointe Series WBP [SN 139781]  Site 4 Bias Flow is out of range.,,,,,,,,,,,,,,,,,,,,,,,,,
2025-12-30,10:02:44.538000,2d,Toxicity,Original,,95.2642059326172,1.9216688871383667,181.7028350830078,0.7634338736534119,0.7284694910049438,0.6059972643852234,11.153897285461426,10.036330223083496,10.607684135437012,0.314041256904602,0.318237155675888,0.827213704586029,10.48289680480957,0.0,0.1915674656629562,12.478760719299316,12.365039825439451,37.0,25.0,30.0,0.0,
2025-12-30,10:02:46.538000,2d,Toxicity,Original,,93.3620147705078,2.364264965057373,220.24783325195312,0.7524857521057129,0.8108048439025879,0.415969043970108,11.153897285461426,12.075738906860352,10.74530029296875,0.3457390666007995,0.2975772023200989,0.8593742847442627,9.575624465942385,0.0,0.172182410955429,15.072872161865234,12.155153274536133,37.0,25.0,30.0,0.0,
2025-12-30,10:02:48.538000,2d,Toxicity,Original,,95.18413543701172,2.5061962604522705,238.65521240234372,0.6459869742393494,0.824609100818634,0.4531215131282806,11.153897285461426,12.729052543640137,10.157963752746582,0.3295792639255523,0.3009706437587738,0.8644409775733948,11.373842239379885,0.0,0.1717476546764373,13.02489185333252,15.01958465576172,37.0,25.0,30.0,0.0,
2025-12-30,10:02:48.538000,FinePointe Series WBP [SN 10499C]  Site 3 Bias Flow is out of range.,,,,,,,,,,,,,,,,,,,,,,,,,
2025-12-30,10:02:50.538000,2d,Toxicity,Original,,92.98600769042967,2.4932701587677,231.83920288085935,0.69602370262146,0.6934847831726074,0.6307201981544495,11.153897285461426,11.70810890197754,12.083285331726074,0.3470875322818756,0.2987563908100128,1.0187309980392456,12.463993072509766,0.0,0.186258003115654,15.473776817321776,10.46257781982422,37.0,25.0,30.0,0.0,
2025-12-30,10:02:52.538000,2d,Toxicity,Original,,100.92607879638672,2.608962297439575,263.2645263671875,0.5211257338523865,0.6579657196998596,0.698175847530365,11.153897285461426,13.677449226379396,11.850790023803713,0.3118331432342529,0.2830908298492431,0.9645763635635376,10.480356216430664,0.0,0.1776240319013595,15.81020164489746,7.511474132537842,37.0,25.0,30.0,0.0,
2025-12-30,10:02:52.538000,FinePointe Series WBP [SN 139781]  Site 4 Bias Flow is out of range.,,,,,,,,,,,,,,,,,,,,,,,,,
2025-12-30,10:02:54.538000,2d,Toxicity,Original,,99.99896240234376,2.259411573410034,225.84390258789065,0.5836268067359924,0.639659583568573,0.6112967729568481,11.153897285461426,11.871371269226074,11.45297908782959,0.3082481324672699,0.2918583750724792,0.9273175597190856,11.28125,0.0,0.1867152005434036,15.26743221282959,10.8462553024292,37.0,25.0,30.0,0.0,
2025-12-30,10:02:56.538000,2d,Toxicity,Original,,93.52243041992188,2.480896234512329,231.9958038330078,0.6880534887313843,0.7730120420455933,0.4088479578495025,11.153897285461426,11.97939109802246,10.470598220825195,0.3406376540660858,0.3009332120418548,0.8469302654266357,11.270947456359863,0.0,0.1773186922073364,15.875374794006348,11.721137046813965,37.0,25.0,30.0,0.0,
2025-12-30,10:02:58.538000,2d,Toxicity,Original,,96.97447204589844,2.4106345176696777,233.6568603515625,0.5876829028129578,0.6619653105735779,0.6478596925735474,11.153897285461426,11.61404800415039,11.234277725219728,0.3269098103046417,0.2921821177005768,0.91487318277359,9.215222358703612,0.0,0.1830291002988815,13.313899993896484,10.90317726135254,37.0,25.0,30.0,0.0,
2025-12-30,10:02:58.538000,FinePointe Series WBP [SN 10499C]  Site 3 Bias Flow is out of range.,,,,,,,,,,,,,,,,,,,,,,,,,
2025-12-30,10:03:00.538000,2d,Toxicity,Original,,95.5713348388672,2.30600643157959,220.3925628662109,0.7546594738960266,0.7523006200790405,0.4482274353504181,11.153897285461426,10.775012969970703,10.502874374389648,0.3385641872882843,0.2896575629711151,0.801791787147522,8.395323753356934,0.0,0.1714197993278503,13.038467407226562,13.127833366394045,37.0,25.0,30.0,0.0,
2025-12-30,10:03:02.538000,2d,Toxicity,Original,,97.30049896240234,2.266520977020264,220.3882598876953,0.6331487894058228,0.688021183013916,0.5030193328857422,11.153897285461426,12.145198822021484,11.195882797241213,0.3256158530712127,0.291180282831192,0.9228994250297546,11.695366859436035,0.0,0.1820456534624099,16.375288009643555,9.541179656982422,37.0,25.0,30.0,0.0,
2025-12-30,10:03:02.538000,FinePointe Series WBP [SN 139781]  Site 4 Bias Flow is out of range.,,,,,,,,,,,,,,,,,,,,,,,,,
2025-12-30,10:03:04.538000,2d,Toxicity,Original,,98.35749816894533,2.4964921474456787,245.00440979003903,0.5764100551605225,0.7049355506896973,0.5970261096954346,11.153897285461426,12.651609420776367,10.677780151367188,0.3170201778411865,0.2939526438713074,0.9128627777099608,10.507333755493164,0.0,0.1800131499767303,15.8994722366333,10.214683532714844,37.0,25.0,30.0,0.0,
2025-12-30,10:03:06.538000,2d,Toxicity,Original,,84.90377044677734,2.379823684692383,203.14724731445312,0.52964186668396,0.6564309597015381,0.5169181823730469,11.153897285461426,12.214014053344728,10.765127182006836,0.3264739513397217,0.3848497569561004,0.8152241706848145,10.600080490112305,0.0,0.2493888139724731,16.5784912109375,9.456975936889648,37.0,25.0,30.0,0.0,
2025-12-30,10:03:08.538000,2d,Toxicity,Original,,94.34968566894533,2.571317195892334,242.2116851806641,0.5990935564041138,0.6947718858718872,0.59140944480896,11.153897285461426,11.87092399597168,10.884519577026367,0.3416577577590942,0.2959970831871032,0.9170516133308412,10.495118141174316,0.0,0.1827209442853927,13.233448028564451,10.298596382141112,37.0,25.0,30.0,0.0,
2025-12-30,10:03:08.538000,FinePointe Series WBP [SN 10499C]  Site 3 Bias Flow is out of range.,,,,,,,,,,,,,,,,,,,,,,,,,
2025-12-30,10:03:10.538000,2d,Toxicity,Original,,120.78141784667967,2.30239486694336,275.6654357910156,0.5117096304893494,0.6488658785820007,0.6346496939659119,11.153897285461426,13.89012336730957,11.740148544311523,0.2698795795440674,0.2330975234508514,0.9935733675956726,9.526412963867188,0.0,0.1470929682254791,17.946945190429688,8.991341590881348,37.0,25.0,30.0,0.0,
2025-12-30,10:03:12.538000,2d,Toxicity,Original,,168.18109130859375,1.9856741428375244,330.4095153808594,0.7136139869689941,0.7351289391517639,0.3678292632102966,11.153897285461426,14.826905250549316,13.03057098388672,0.1889535188674926,0.1704301238059997,1.08927583694458,6.213700294494629,0.0,0.1006069481372833,9.645740509033203,11.004326820373535,37.0,25.0,30.0,25.0,
2025-12-30,10:03:12.538000,FinePointe Series WBP [SN 139781]  Site 4 Bias Flow is out of range.,,,,,,,,,,,,,,,,,,,,,,,,,
2025-12-30,10:03:14.538000,2d,Toxicity,Original,,172.3189697265625,1.9696239233016968,336.5865783691406,0.6700873970985413,0.6912051439285278,0.4240798056125641,11.153897285461426,15.440077781677246,14.041563987731934,0.1923723369836807,0.1664745658636093,1.1569644212722778,7.060304164886475,0.0,0.1010549068450927,12.904746055603027,10.919404983520508,37.0,25.0,30.0,28.571428298950195,
2025-12-30,10:03:16.538000,2d,Toxicity,Original,,203.91197204589844,1.6651041507720947,337.56072998046875,0.6909984946250916,0.6654906272888184,0.6287190914154053,11.153897285461426,15.649284362792969,15.355351448059082,0.1696230173110962,0.131328135728836,1.1483702659606934,5.869222640991211,0.0,0.0802854523062706,10.267855644226074,11.068803787231444,37.0,25.0,30.0,50.0,
2025-12-30,10:03:18.538000,2d,Toxicity,Original,,130.94561767578125,2.3798067569732666,313.1505432128906,0.4630124866962433,0.6988309025764465,0.6607881784439087,11.153897285461426,14.871452331542969,9.74844741821289,0.244854986667633,0.2337880581617355,0.6323837637901306,8.139531135559082,0.0,0.1454706639051437,10.494112014770508,10.340287208557127,37.0,25.0,30.0,0.0,
2025-12-30,10:03:18.538000,FinePointe Series WBP [SN 10499C]  Site 3 Bias Flow is out of range.,,,,,,,,,,,,,,,,,,,,,,,,,
2025-12-30,10:03:20.538000,2d,Toxicity,Original,,130.48849487304688,1.900635361671448,231.0958251953125,0.6816529631614685,0.5618293881416321,0.6889573335647583,11.153897285461426,12.318377494812012,13.945935249328612,0.2441468685865402,0.2471390962600708,1.0898016691207886,12.719338417053224,0.0,0.1656944155693054,11.399595260620115,7.836909770965576,37.0,25.0,30.0,0.0,
2025-12-30,10:03:22.538000,2d,Toxicity,Original,,128.25250244140625,2.22613263130188,295.7345886230469,1.2252140045166016,1.53549325466156,0.5659063458442688,11.153897285461426,19.114294052124023,14.727983474731444,0.1929188072681427,0.3339869379997253,1.0541160106658936,25.38314247131348,0.0,0.1418540328741073,10.522194862365724,11.063613891601562,37.0,25.0,30.0,0.0,
2025-12-30,10:03:22.538000,FinePointe Series WBP [SN 139781]  Site 4 Bias Flow is out of range.,,,,,,,,,,,,,,,,,,,,,,,,,
2025-12-30,10:03:24.538000,2d,Toxicity,Original,,99.73704528808594,2.4954581260681152,249.10162353515625,0.6012282371520996,0.6781344413757324,0.5343676805496216,11.153897285461426,12.734671592712402,12.392398834228516,0.3222514390945434,0.279552698135376,0.9780725836753844,10.943856239318848,0.0,0.1747871190309524,15.269789695739746,11.315510749816896,37.0,25.0,30.0,0.0,
2025-12-30,10:03:26.538000,2d,Toxicity,Original,,94.8478775024414,2.7329776287078857,259.1315612792969,0.6600109934806824,0.7289847731590271,0.4469302594661712,11.153897285461426,13.38686180114746,12.119935989379885,0.3463936448097229,0.2868655920028686,0.9278730154037476,11.14862060546875,0.0,0.17444609105587,15.028048515319824,10.307788848876951,37.0,25.0,30.0,0.0,
2025-12-30,10:03:28.538000,2d,Toxicity,Original,,191.220947265625,1.690568447113037,323.1867370605469,0.5572832226753235,0.6164364218711853,0.6467528343200684,11.153897285461426,14.097415924072266,11.791444778442385,0.1645573079586029,0.1492251902818679,0.9797123670578004,5.487491607666016,0.0,0.0944935455918312,10.024739265441896,9.18566608428955,37.0,25.0,30.0,33.33333206176758,
2025-12-30,10:03:28.538000,FinePointe Series WBP [SN 10499C]  Site 3 Bias Flow is out of range.,,,,,,,,,,,,,,,,,,,,,,,,,
2025-12-30,10:03:30.538000,2d,Toxicity,Original,,247.07421875,1.5484517812728882,373.5982971191406,0.6704344153404236,0.6358192563056946,0.6211941838264465,11.153897285461426,16.292369842529297,17.073650360107422,0.1295161843299865,0.1174905225634574,1.4937657117843628,6.500648498535156,1.7845431566238403,0.0737942308187484,14.590391159057615,12.083081245422363,37.0,25.0,30.0,75.0,
2025-12-30,10:03:32.538000,2d,Toxicity,Original,,148.14773559570312,2.7716236114501958,404.7265319824219,0.3451848030090332,0.7012092471122742,0.6900226473808289,11.153897285461426,19.370437622070312,9.91715145111084,0.2141641676425933,0.1978588253259658,0.8582208156585693,8.82844066619873,0.0,0.1200771108269691,11.570363998413086,11.641578674316406,37.0,25.0,30.0,60.0,
2025-12-30,10:03:32.538000,FinePointe Series WBP [SN 139781]  Site 4 Bias Flow is out of range.,,,,,,,,,,,,,,,,,,,,,,,,,
2025-12-30,10:03:34.538000,2d,Toxicity,Original,,102.80007934570312,3.732285022735596,385.0249328613281,0.4662832021713257,0.7414920330047607,0.5333805084228516,11.153897285461426,18.536609649658203,11.01432991027832,0.3193257749080658,0.2657775580883026,0.8389824628829956,10.586660385131836,0.0,0.1587036848068237,13.414173126220703,7.952256202697754,37.0,25.0,30.0,50.0,
2025-12-30,10:03:34.538000,FinePointe Series WBP [SN 10499C]  Site 4 Bias Flow is out of range.,,,,,,,,,,,,,,,,,,,,,,,,,
2025-12-30,10:03:36.538000,2d,Toxicity,Original,,172.40420532226562,1.9961508512496948,298.6243591308594,0.6594880819320679,0.5999325513839722,0.5764408111572266,11.153897285461426,13.497354507446287,15.496075630187988,0.2266968786716461,0.1776558756828308,1.2122063636779783,10.851696968078612,0.0,0.1164505779743194,13.396282196044922,9.58440113067627,37.0,25.0,30.0,33.33333206176758,
2025-12-30,10:03:38.538000,2d,Toxicity,Original,,250.8712158203125,1.4623363018035889,371.3013305664063,0.666637659072876,0.5932632684707642,0.7402454614639282,11.153897285461426,15.741191864013672,17.260509490966797,0.1450157314538955,0.1035649329423904,1.4964747428894043,6.188845634460449,0.0,0.0675176084041595,14.51120948791504,8.992720603942871,37.0,25.0,30.0,71.42857360839844,
2025-12-30,10:03:38.538000,FinePointe Series WBP [SN 10499C]  Site 3 Bias Flow is out of range.,,,,,,,,,,,,,,,,,,,,,,,,,
2025-12-30,10:03:40.538000,2d,Toxicity,Original,,185.70965576171875,2.8249025344848637,419.624755859375,0.7466509342193604,0.7723903059959412,0.2778845429420471,11.153897285461426,21.33408737182617,16.922260284423828,0.2285253703594207,0.1821927726268768,1.298624873161316,6.9597578048706055,0.0,0.1053196787834167,9.887036323547363,10.58247184753418,37.0,25.0,30.0,20.0,
2025-12-30,10:03:42.538000,2d,Toxicity,Original,,208.8546600341797,1.760623812675476,356.7947998046875,0.4002278447151184,0.5696746706962585,0.7375967502593994,11.153897285461426,19.802637100219727,13.885564804077148,0.1385962963104248,0.1612788140773773,1.064557433128357,6.298141956329346,0.0,0.1040926426649093,12.183791160583496,9.42265796661377,37.0,25.0,30.0,12.5,
2025-12-30,10:03:42.538000,FinePointe Series WBP [SN 139781]  Site 4 Bias Flow is out of range.,,,,,,,,,,,,,,,,,,,,,,,,,
2025-12-30,10:03:44.538000,2d,Toxicity,Original,,113.94896697998048,2.8275225162506104,322.31939697265625,0.5660722851753235,0.6930095553398132,0.4273834526538849,11.153897285461426,14.672752380371094,11.892826080322266,0.3010702133178711,0.2256989181041717,0.964946448802948,8.945326805114746,0.0,0.1380219459533691,12.298376083374023,10.74862575531006,37.0,25.0,30.0,0.0,
2025-12-30,10:03:44.538000,FinePointe Series WBP [SN 10499C]  Site 4 Bias Flow is out of range.,,,,,,,,,,,,,,,,,,,,,,,,,
2025-12-30,10:03:46.538000,2d,Toxicity,Original,,106.6122055053711,2.202775716781616,231.0494384765625,0.5867486000061035,0.6245100498199463,0.629566490650177,11.153897285461426,12.170936584472656,12.080641746520996,0.3122132122516632,0.2651199996471405,1.0207300186157229,14.301346778869627,0.0,0.1698081195354461,17.170801162719727,10.890028953552246,37.0,25.0,30.0,0.0,
2025-12-30,10:03:48.538000,2d,Toxicity,Original,,261.5419616699219,1.529591679573059,392.4115905761719,0.5185825228691101,0.6131165623664856,0.6757805943489075,11.153897285461426,18.962230682373047,15.378585815429688,0.1205605939030647,0.1111316010355949,1.2601025104522705,6.641979694366455,0.0,0.0711619704961776,13.330084800720217,11.372879981994627,37.0,25.0,30.0,28.571428298950195,
2025-12-30,10:03:50.538000,2d,Toxicity,Original,,230.0630340576172,1.753702163696289,387.27545166015625,0.6179513931274414,0.6112934350967407,0.5873889923095703,11.153897285461426,18.650392532348636,19.012924194335938,0.1375621110200882,0.1319428533315658,1.674420714378357,5.302482604980469,0.0,0.0838526934385299,13.020011901855469,9.88474464416504,37.0,25.0,30.0,44.44444274902344,
2025-12-30,10:03:52.538000,2d,Toxicity,Original,,170.04241943359375,2.1853926181793213,344.2777404785156,0.7811654806137085,0.7800960540771484,0.3630522489547729,11.153897285461426,16.887714385986328,16.4444522857666,0.2141333520412445,0.181152269244194,1.412717580795288,6.143406867980957,0.0,0.1011345237493515,11.186296463012695,12.72650146484375,37.0,25.0,30.0,50.0,
2025-12-30,10:03:52.538000,FinePointe Series WBP [SN 139781]  Site 4 Bias Flow is out of range.,,,,,,,,,,,,,,,,,,,,,,,,,
2025-12-30,10:03:52.538000,FinePointe Series WBP [SN 10499C]  Site 3 Bias Flow is out of range.,,,,,,,,,,,,,,,,,,,,,,,,,
2025-12-30,10:03:54.538000,2d,Toxicity,Original,,117.75029754638672,3.5612599849700928,419.3394165039063,0.4114403426647186,0.7230676412582397,0.5622278451919556,11.153897285461426,18.10797500610352,11.311359405517578,0.2890017330646515,0.2205511480569839,0.9319035410881042,10.22756290435791,0.0,0.1332056820392608,14.661237716674805,13.29836368560791,37.0,25.0,30.0,75.0,
2025-12-30,10:03:54.538000,FinePointe Series WBP [SN 10499C]  Site 4 Bias Flow is out of range.,,,,,,,,,,,,,,,,,,,,,,,,,
2025-12-30,10:03:56.538000,2d,Toxicity,Original,,219.98423767089844,1.986155986785889,351.9130249023437,0.5520294308662415,0.5921443104743958,0.6216609477996826,11.153897285461426,17.09747314453125,15.946219444274902,0.1871755421161651,0.1485931128263473,1.2747448682785034,8.372407913208008,2.4461781978607178,0.096650056540966,13.156548500061035,9.677983283996582,37.0,25.0,30.0,14.285714149475098,
2025-12-30,10:03:58.538000,2d,Toxicity,Original,,272.4895324707031,1.4504344463348389,376.9313354492188,0.6659382581710815,0.6673533916473389,0.4583356976509094,11.153897285461426,16.56597137451172,15.901830673217772,0.1304048597812652,0.1003048568964004,1.417197823524475,4.885767459869385,0.0,0.0615980476140975,12.393220901489258,10.900245666503906,37.0,25.0,30.0,77.77777862548828,
2025-12-30,10:04:00.538000,2d,Toxicity,Original,,284.2323913574219,1.457985520362854,400.6814270019531,0.616705060005188,0.6821480989456177,0.5481391549110413,11.153897285461426,19.620927810668945,17.471572875976562,0.116305761039257,0.1040090024471283,1.4010974168777466,5.418182373046875,4.969330787658691,0.0640354380011558,13.203057289123535,11.34935474395752,37.0,25.0,30.0,37.5,
2025-12-30,10:04:00.538000,FinePointe Series WBP [SN 139781]  Site 4 Bias Flow is out of range.,,,,,,,,,,,,,,,,,,,,,,,,,
2025-12-30,10:04:00.538000,FinePointe Series WBP [SN 10499C]  Site 3 Bias Flow is out of range.,,,,,,,,,,,,,,,,,,,,,,,,,
2025-12-30,10:04:04.538000,2d,Toxicity,Original,,111.78628540039062,2.6847145557403564,297.7408142089844,0.5781468152999878,0.5669084191322327,0.7826278209686279,11.153897285461426,14.650327682495115,15.379087448120115,0.2870989739894867,0.2507906854152679,0.9568380117416382,12.112713813781738,0.0,0.1703105121850967,12.164795875549316,6.7162394523620605,37.0,25.0,30.0,50.0,
2025-12-30,10:04:06.538000,2d,Toxicity,Original,,252.69601440429688,1.3192191123962402,314.9453125,0.5837531089782715,0.568295955657959,0.6885538697242737,11.153897285461426,16.053022384643555,16.66861343383789,0.1220393329858779,0.1252614557743072,1.3746486902236938,5.891739845275879,0.0,0.0818313062191009,14.061074256896973,9.726024627685549,37.0,25.0,30.0,12.5,
2025-12-30,10:04:08.538000,2d,Toxicity,Original,,263.27752685546875,1.1408917903900146,286.8927917480469,0.5403285622596741,0.5913695693016052,0.6497746706008911,11.153897285461426,15.62269401550293,14.381988525390623,0.1159944683313369,0.1272584199905395,1.1374529600143433,10.95605754852295,0.0,0.0816846266388893,16.8526611328125,10.45071029663086,37.0,25.0,30.0,33.33333206176758,
2025-12-30,10:04:10.538000,2d,Toxicity,Original,,121.55958557128906,2.856630086898804,337.3644104003906,0.5777276754379272,0.7005830407142639,0.5065931677818298,11.153897285461426,16.66724395751953,14.020923614501951,0.2688611447811126,0.2389540523290634,1.1017693281173706,10.693758964538574,0.0,0.1476356089115142,13.353708267211914,11.542850494384766,37.0,25.0,30.0,0.0,
2025-12-30,10:04:12.538000,2d,Toxicity,Original,,164.67630004882812,2.2673227787017822,347.7248840332031,0.4867357611656189,0.5381110906600952,0.7637165188789368,11.153897285461426,15.243043899536133,14.706183433532717,0.2291865050792694,0.1816940754652023,1.1157584190368652,8.266008377075195,0.0,0.1229176372289657,13.017797470092772,6.751354694366455,37.0,25.0,30.0,0.0,
2025-12-30,10:04:12.538000,FinePointe Series WBP [SN 139781]  Site 4 Bias Flow is out of range.,,,,,,,,,,,,,,,,,,,,,,,,,
2025-12-30,10:04:12.538000,FinePointe Series WBP [SN 10499C]  Site 3 Bias Flow is out of range.,,,,,,,,,,,,,,,,,,,,,,,,,
2025-12-30,10:04:14.538000,2d,Toxicity,Original,,202.70587158203125,2.015045166015625,404.6199340820313,0.6237541437149048,0.6171429753303528,0.6071011424064636,11.153897285461426,19.607101440429688,19.83400535583496,0.1541448235511779,0.1481886953115463,1.7033449411392212,8.22179126739502,0.0,0.0941835343837738,15.496444702148438,10.659993171691896,37.0,25.0,30.0,40.0,
2025-12-30,10:04:16.538000,2d,Toxicity,Original,,117.78604888916016,2.9460723400115967,351.2513732910156,0.9215068817138672,0.9257469177246094,0.3440561592578888,11.153897285461426,20.59559440612793,19.59947395324707,0.2636472582817077,0.2557018995285034,1.3867809772491455,8.161079406738281,0.0,0.1386987864971161,8.95322036743164,14.86962890625,37.0,25.0,30.0,50.0,
2025-12-30,10:04:18.538000,2d,Toxicity,Original,,215.6478729248047,1.8902287483215328,407.8800048828125,0.4260271489620209,0.5943891406059265,0.4603944420814514,11.153897285461426,20.78158569335937,14.878292083740234,0.1437584906816482,0.1353179663419723,0.885826587677002,3.7790818214416495,0.0,0.0868095904588699,3.80325984954834,6.011997222900391,37.0,25.0,30.0,40.0,
2025-12-30,10:04:20.538000,2d,Toxicity,Original,,246.6889190673828,1.5107325315475464,368.7957458496094,0.5900949239730835,0.6305810213088989,0.5173410177230835,11.153897285461426,19.0363826751709,16.908275604248047,0.1198298633098602,0.1259867399930954,1.325935959815979,6.908123970031738,0.0,0.078416109085083,10.849373817443848,10.425575256347656,37.0,25.0,30.0,12.5,
2025-12-30,10:04:22.538000,2d,Toxicity,Original,,144.5381622314453,2.4821810722351074,344.1866149902344,0.7508412599563599,0.7011287212371826,0.5401539206504822,11.153897285461426,15.987922668457031,17.201011657714844,0.2611419558525085,0.2018998116254806,1.374518871307373,8.980152130126953,0.0,0.1254168003797531,10.576626777648926,13.086257934570312,37.0,25.0,30.0,40.0,
2025-12-30,10:04:22.538000,FinePointe Series WBP [SN 139781]  Site 4 Bias Flow is out of range.,,,,,,,,,,,,,,,,,,,,,,,,,
2025-12-30,10:04:24.538000,2d,Toxicity,Original,,103.42649841308594,2.568821907043457,266.159912109375,0.8247337937355042,0.7991849780082703,0.3142334818840027,11.153897285461426,13.521647453308104,12.654590606689451,0.3163944780826568,0.2643171548843384,0.930285096168518,9.261669158935549,0.0,0.1543785184621811,11.281294822692873,10.979584693908691,37.0,25.0,30.0,0.0,
2025-12-30,10:04:24.538000,FinePointe Series WBP [SN 10499C]  Site 3 Bias Flow is out of range.,,,,,,,,,,,,,,,,,,,,,,,,,
2025-12-30,10:04:26.538000,2d,Toxicity,Original,,193.21913146972656,1.9678614139556885,333.463134765625,0.5400979518890381,0.6064905524253845,0.5233708620071411,11.153897285461426,16.632564544677734,15.052692413330078,0.1937460601329803,0.1754029095172882,1.260816216468811,10.80181884765625,0.0,0.1161544099450111,14.877403259277344,9.486616134643556,37.0,25.0,30.0,28.571428298950195,
2025-12-30,10:04:28.538000,2d,Toxicity,Original,,164.41705322265625,2.602916717529297,429.876220703125,0.6577544212341309,0.7791192531585693,0.4843458533287048,11.153897285461426,20.28520774841309,15.38148307800293,0.212568998336792,0.1919985860586166,1.29583477973938,8.201537132263184,0.0,0.1087421476840972,13.605735778808594,14.031207084655762,37.0,25.0,30.0,60.0,
2025-12-30,10:04:30.538000,2d,Toxicity,Original,,106.4298324584961,3.092832088470459,330.335205078125,0.6226028800010681,0.7094254493713379,0.534644603729248,11.153897285461426,15.301369667053224,14.023520469665527,0.3152332007884979,0.2509778141975403,1.1742995977401731,11.631184577941896,0.0,0.1553301066160202,15.54099464416504,11.50515079498291,37.0,25.0,30.0,0.0,
2025-12-30,10:04:32.538000,2d,Toxicity,Original,,112.00697326660156,2.487691164016724,277.8021850585937,0.640724778175354,0.62680983543396,0.6077685356140137,11.153897285461426,13.579015731811523,14.537327766418455,0.3128360211849212,0.2238553911447525,1.2249422073364258,12.412925720214844,0.0,0.1515889167785644,17.952714920043945,9.427969932556152,37.0,25.0,30.0,0.0,
2025-12-30,10:04:32.538000,FinePointe Series WBP [SN 139781]  Site 4 Bias Flow is out of range.,,,,,,,,,,,,,,,,,,,,,,,,,
2025-12-30,10:04:34.538000,2d,Toxicity,Original,,250.80113220214844,1.4874274730682373,363.7882995605469,0.6611543893814087,0.6478819847106934,0.6138579845428467,11.153897285461426,17.870206832885742,18.443546295166016,0.1214705035090446,0.1270888298749923,1.5127034187316897,5.137206077575684,1.3415477275848389,0.0794231295585632,12.644968032836914,12.105864524841309,37.0,25.0,30.0,28.571428298950195,
2025-12-30,10:04:34.538000,FinePointe Series WBP [SN 10499C]  Site 3 Bias Flow is out of range.,,,,,,,,,,,,,,,,,,,,,,,,,
2025-12-30,10:04:36.538000,2d,Toxicity,Original,,109.77163696289062,2.6670784950256348,292.98291015625,0.6463813781738281,0.621758222579956,0.6018655896186829,11.153897285461426,14.982696533203123,16.5863037109375,0.3099595308303833,0.2376861125230789,1.4203263521194458,18.10542106628418,0.0,0.1527881473302841,19.9823055267334,10.052781105041504,37.0,25.0,30.0,20.0,
2025-12-30,10:04:38.538000,2d,Toxicity,Original,,216.991455078125,1.642396330833435,333.0108337402344,0.5477502942085266,0.6542662382125854,0.5768831372261047,11.153897285461426,18.302440643310547,15.474702835083008,0.1517028212547302,0.1384315639734268,1.2539502382278442,5.626009464263916,0.0,0.0852240547537803,12.214343070983888,12.222058296203612,37.0,25.0,30.0,20.0,
2025-12-30,10:04:40.538000,2d,Toxicity,Original,,205.62417602539065,1.8770097494125368,386.8179931640625,0.6836760640144348,0.621501624584198,0.7012487053871155,11.153897285461426,20.725082397460938,22.49886512756348,0.1465167999267578,0.1461783498525619,1.55068838596344,8.063905715942383,7.579206466674805,0.0929280817508697,10.320730209350586,8.62031078338623,37.0,25.0,30.0,57.14285659790039,
2025-12-30,10:04:42.538000,2d,Toxicity,Original,,114.21797943115234,2.80244517326355,321.5967102050781,0.5459671020507812,0.6829007267951965,0.6861152648925781,11.153897285461426,16.003280639648438,14.474187850952148,0.2760965526103973,0.2510064542293548,0.9611663818359376,11.669612884521484,0.0,0.1552283316850662,10.575499534606934,7.776071548461914,37.0,25.0,30.0,50.0,
2025-12-30,10:04:42.538000,FinePointe Series WBP [SN 139781]  Site 4 Bias Flow is out of range.,,,,,,,,,,,,,,,,,,,,,,,,,
2025-12-30,10:04:44.538000,2d,Toxicity,Original,,245.4205017089844,1.7928470373153689,434.0315246582031,0.5243963599205017,0.6414963603019714,0.3824643194675445,11.153897285461426,19.61666679382324,15.528013229370115,0.1334719508886337,0.113875076174736,1.2771344184875488,6.773094654083252,0.0,0.0710878148674964,12.070508003234863,9.60802936553955,37.0,25.0,30.0,42.85714340209961,
2025-12-30,10:04:44.538000,FinePointe Series WBP [SN 10499C]  Site 3 Bias Flow is out of range.,,,,,,,,,,,,,,,,,,,,,,,,,
2025-12-30,10:04:46.538000,2d,Toxicity,Original,,146.6641387939453,2.075484037399292,296.3701171875,0.5399236679077148,0.625572681427002,0.6622764468193054,11.153897285461426,15.097363471984863,13.265328407287598,0.2155645191669464,0.2143967598676681,1.1190531253814695,8.7203369140625,0.0,0.1366072595119476,11.794366836547852,10.4724702835083,37.0,25.0,30.0,20.0,
2025-12-30,10:04:48.538000,2d,Toxicity,Original,,110.71687316894533,2.509202003479004,277.760986328125,0.5911886692047119,0.5999226570129395,0.7718163728713989,11.153897285461426,12.443962097167969,13.406872749328612,0.2911779880523681,0.25086510181427,1.0666725635528564,9.732531547546388,0.0,0.1643367111682891,12.848109245300291,6.178555488586426,37.0,25.0,30.0,0.0,
2025-12-30,10:04:48.538000,FinePointe Series WBP [SN 10499C]  Site 4 Bias Flow is out of range.,,,,,,,,,,,,,,,,,,,,,,,,,
2025-12-30,10:04:50.538000,2d,Toxicity,Original,,161.13710021972656,1.886574864387512,294.4315795898437,0.601746141910553,0.5289252996444702,0.8006175756454468,11.153897285461426,13.828828811645508,15.760032653808594,0.2186777889728546,0.1926485449075698,1.2465864419937134,12.574748992919922,0.0,0.1331339329481125,14.963969230651855,7.715144157409668,37.0,25.0,30.0,0.0,
2025-12-30,10:04:52.538000,2d,Toxicity,Original,,243.564697265625,1.3597121238708496,316.330810546875,0.5442960858345032,0.5452320575714111,0.6352803707122803,11.153897285461426,15.775227546691896,16.31756591796875,0.1303959190845489,0.134797066450119,1.296860933303833,9.503923416137695,0.0,0.0914689823985099,14.4119234085083,8.6874418258667,37.0,25.0,30.0,57.14285659790039,
2025-12-30,10:04:52.538000,FinePointe Series WBP [SN 139781]  Site 4 Bias Flow is out of range.,,,,,,,,,,,,,,,,,,,,,,,,,
2025-12-30,10:04:54.538000,2d,Toxicity,Original,,160.1922607421875,2.519845962524414,380.974609375,0.6185052394866943,0.6467554569244385,0.6824862957000732,11.153897285461426,17.560766220092773,17.78829002380371,0.2256177365779876,0.1792800277471542,1.4517465829849243,6.73378324508667,0.0,0.111462578177452,15.735167503356934,13.272418022155762,37.0,25.0,30.0,71.42857360839844,
2025-12-30,10:04:54.538000,FinePointe Series WBP [SN 10499C]  Site 3 Bias Flow is out of range.,,,,,,,,,,,,,,,,,,,,,,,,,
2025-12-30,10:04:56.538000,2d,Toxicity,Original,,111.5758285522461,2.498051166534424,280.28094482421875,0.5005707740783691,0.4911126494407654,0.6559510827064514,11.153897285461426,13.789324760437012,15.203442573547363,0.2928229570388794,0.2504396438598633,0.9430087208747864,10.963679313659668,0.0,0.1729167699813842,14.861778259277344,5.293863773345947,37.0,25.0,30.0,0.0,
2025-12-30,10:04:58.538000,2d,Toxicity,Original,,220.3512725830078,1.992356538772583,438.8421020507813,0.6048393845558167,0.6358491778373718,0.4905046224594116,11.153897285461426,19.495508193969727,17.1815242767334,0.1486422717571258,0.1262103915214538,1.533769965171814,8.185949325561523,0.0,0.0793054178357124,12.570977210998535,11.294699668884276,37.0,25.0,30.0,28.571428298950195,
2025-12-30,10:05:00.538000,2d,Toxicity,Original,,165.51803588867188,2.0203089714050293,321.042724609375,0.7119108438491821,0.6555012464523315,0.6034728288650513,11.153897285461426,16.91295623779297,17.998876571655273,0.1912619322538375,0.1857045888900756,1.5052202939987185,7.176952362060547,0.0,0.1155087947845459,13.638175964355469,10.195516586303713,37.0,25.0,30.0,33.33333206176758,
2025-12-30,10:05:02.538000,2d,Toxicity,Original,,126.23938751220705,2.6341042518615723,326.2577209472656,0.3950105607509613,0.6260205507278442,0.6588689684867859,11.153897285461426,16.26658821105957,10.697898864746094,0.2529830932617187,0.238037884235382,0.8614650964736938,9.546672821044922,0.0,0.1521535366773605,11.397150039672852,10.673823356628418,37.0,25.0,30.0,0.0,
2025-12-30,10:05:02.538000,FinePointe Series WBP [SN 139781]  Site 4 Bias Flow is out of range.,,,,,,,,,,,,,,,,,,,,,,,,,
2025-12-30,10:05:04.538000,2d,Toxicity,Original,,113.3672866821289,2.8433737754821777,320.6380310058594,0.6359509229660034,0.6380847692489624,0.5651990175247192,11.153897285461426,14.680724143981934,14.477118492126465,0.2920305132865906,0.2396691143512725,1.069790959358215,8.892512321472168,0.0,0.1526717692613601,12.171265602111816,9.113767623901367,37.0,25.0,30.0,0.0,
2025-12-30,10:05:06.538000,2d,Toxicity,Original,,256.2006225585937,1.3995482921600342,359.096923828125,0.586237370967865,0.6400883197784424,0.5266653299331665,11.153897285461426,18.44584083557129,16.943679809570312,0.1240954771637916,0.1106827482581138,1.4891241788864136,4.884119987487793,0.0,0.068855807185173,11.743975639343262,11.604703903198242,37.0,25.0,30.0,62.5,
2025-12-30,10:05:08.538000,2d,Toxicity,Original,,157.84942626953125,2.035361766815185,319.5564270019531,0.6572065949440002,0.6946409940719604,0.5280174612998962,11.153897285461426,15.391897201538086,14.748380661010742,0.1923242509365081,0.1950379461050033,1.2603349685668943,9.12445068359375,0.0,0.1181567460298538,12.495265007019045,10.824549674987791,37.0,25.0,30.0,33.33333206176758,
2025-12-30,10:05:08.538000,FinePointe Series WBP [SN 10499C]  Site 3 Bias Flow is out of range.,,,,,,,,,,,,,,,,,,,,,,,,,
2025-12-30,10:05:10.538000,2d,Toxicity,Original,,104.17288208007812,2.945159912109375,306.57720947265625,0.4290989935398102,0.670427680015564,0.6518605947494507,11.153897285461426,14.259591102600098,9.56874942779541,0.3114213347434997,0.2646042704582214,0.7408187389373779,9.38661766052246,0.0,0.1638211458921432,11.446520805358888,7.943179607391357,37.0,25.0,30.0,0.0,
2025-12-30,10:05:12.538000,2d,Toxicity,Original,,142.92015075683594,2.469265937805176,332.4535522460937,0.5680396556854248,0.6655367016792297,0.5509918332099915,11.153897285461426,16.510757446289062,13.375097274780272,0.233909323811531,0.2128761857748031,1.093557834625244,8.897941589355469,0.0,0.1314254403114318,10.772934913635254,8.411888122558594,37.0,25.0,30.0,33.33333206176758,
2025-12-30,10:05:12.538000,FinePointe Series WBP [SN 10499C]  Site 2 Bias Flow is out of range.,,,,,,,,,,,,,,,,,,,,,,,,,
2025-12-30,10:05:12.538000,FinePointe Series WBP [SN 139781]  Site 4 Bias Flow is out of range.,,,,,,,,,,,,,,,,,,,,,,,,,
2025-12-30,10:05:14.538000,2d,Toxicity,Original,,167.54171752929688,2.5414881706237797,401.81195068359375,0.7526013255119324,0.6145094633102417,0.4601184129714966,11.153897285461426,16.8914794921875,19.15493392944336,0.2210537791252136,0.1563138365745544,1.4295883178710938,6.5865478515625,0.0,0.0986789464950561,15.590755462646484,7.016518592834473,37.0,25.0,30.0,40.0,
2025-12-30,10:05:16.538000,2d,Toxicity,Original,,110.72705078125,2.201488494873047,243.72509765625,0.5747205018997192,0.7019546031951904,0.5566978454589844,11.153897285461426,14.375286102294922,12.157953262329102,0.2631357908248901,0.2787432670593261,0.9975163340568542,10.96288776397705,0.0,0.1703588366508484,14.145374298095703,11.224464416503906,37.0,25.0,30.0,50.0,
2025-12-30,10:05:18.538000,2d,Toxicity,Original,,155.67808532714844,2.7045295238494877,398.7160949707031,0.4311213493347168,0.590487539768219,0.6155774593353271,11.153897285461426,17.51538848876953,13.383087158203123,0.2351780235767364,0.1885072439908981,1.1206721067428589,8.577211380004883,0.0,0.1227794662117958,13.209174156188965,9.313956260681152,37.0,25.0,30.0,0.0,
2025-12-30,10:05:18.538000,FinePointe Series WBP [SN 10499C]  Site 3 Bias Flow is out of range.,,,,,,,,,,,,,,,,,,,,,,,,,
2025-12-30,10:05:20.538000,2d,Toxicity,Original,,203.6546936035156,2.246603012084961,369.13031005859375,0.4749878048896789,0.5637133121490479,0.6544975638389587,11.153897285461426,19.357152938842773,15.6615629196167,0.1949626058340072,0.1701900511980056,1.237641453742981,6.934589862823486,0.0,0.1157922074198722,13.216696739196776,8.991103172302246,37.0,25.0,30.0,12.5,
2025-12-30,10:05:20.538000,FinePointe Series WBP [SN 10499C]  Site 2 Bias Flow is out of range.,,,,,,,,,,,,,,,,,,,,,,,,,
2025-12-30,10:05:22.538000,2d,Toxicity,Original,,129.8516082763672,2.1385929584503174,276.8099670410156,0.5348585844039917,0.5797203779220581,0.8001929521560669,11.153897285461426,13.770692825317385,12.644294738769531,0.236206978559494,0.2267595529556274,0.8489478230476379,10.231901168823242,0.0,0.1486081480979919,12.451000213623049,6.388193130493164,37.0,25.0,30.0,25.0,
2025-12-30,10:05:22.538000,FinePointe Series WBP [SN 139781]  Site 4 Bias Flow is out of range.,,,,,,,,,,,,,,,,,,,,,,,,,
2025-12-30,10:05:24.538000,2d,Toxicity,Original,,114.132568359375,2.0763044357299805,237.5357818603516,0.602631688117981,0.618695080280304,0.7337927222251892,11.153897285461426,11.782550811767578,12.53348159790039,0.2795435190200805,0.2468707859516143,0.9369983673095704,11.32177734375,0.0,0.1614305227994918,14.49355697631836,9.19683837890625,37.0,25.0,30.0,0.0,
2025-12-30,10:05:26.538000,2d,Toxicity,Original,,148.86297607421875,1.9175854921340945,270.8288269042969,0.5930295586585999,0.5910950899124146,0.6677871942520142,11.153897285461426,12.434284210205078,13.443241119384766,0.2401938587427139,0.195316806435585,1.113576889038086,8.714705467224121,0.0,0.1262852102518081,14.473891258239746,9.005693435668945,37.0,25.0,30.0,0.0,
2025-12-30,10:05:28.538000,2d,Toxicity,Original,,202.98309326171875,1.6162307262420654,321.6105041503906,0.6586647033691406,0.5952712893486023,0.60142982006073,11.153897285461426,14.248655319213867,15.458399772644045,0.1593904048204422,0.1407984793186187,1.356009006500244,7.113730430603027,0.0,0.0905694887042045,13.26070499420166,9.360451698303224,37.0,25.0,30.0,28.571428298950195,
2025-12-30,10:05:28.538000,FinePointe Series WBP [SN 10499C]  Site 3 Bias Flow is out of range.,,,,,,,,,,,,,,,,,,,,,,,,,
2025-12-30,10:05:30.538000,2d,Toxicity,Original,,196.9439697265625,1.8578791618347168,362.1156921386719,0.513356626033783,0.5720010995864868,0.6830955743789673,11.153897285461426,17.001625061035156,15.072153091430664,0.1564089357852935,0.1534549742937088,1.2680872678756714,6.726561546325684,0.0,0.0999909341335296,11.958542823791504,9.074624061584473,37.0,25.0,30.0,0.0,
2025-12-30,10:05:30.538000,FinePointe Series WBP [SN 10499C]  Site 2 Bias Flow is out of range.,,,,,,,,,,,,,,,,,,,,,,,,,
2025-12-30,10:05:32.538000,2d,Toxicity,Original,,208.85736083984372,1.6521378755569458,342.3695068359375,0.5415791273117065,0.5355963110923767,0.7329318523406982,11.153897285461426,15.574728965759276,16.530275344848633,0.1555330455303192,0.1350355744361877,1.3707499504089355,7.9512457847595215,0.0,0.0907880142331123,14.796201705932615,9.163704872131348,37.0,25.0,30.0,14.285714149475098,
2025-12-30,10:05:32.538000,FinePointe Series WBP [SN 139781]  Site 4 Bias Flow is out of range.,,,,,,,,,,,,,,,,,,,,,,,,,
2025-12-30,10:05:34.538000,2d,Toxicity,Original,,153.71432495117188,2.051529884338379,309.9979248046875,0.4648880660533905,0.5836473703384399,0.6871496438980103,11.153897285461426,15.46292781829834,11.754638671875,0.210348904132843,0.2127019166946411,0.8863573670387268,8.68657398223877,0.0,0.1381674408912658,11.955612182617188,9.12523365020752,37.0,25.0,30.0,0.0,
2025-12-30,10:05:36.538000,2d,Toxicity,Original,,105.46875762939452,2.1749935150146484,229.72262573242188,0.621567964553833,0.6613353490829468,0.6025622487068176,11.153897285461426,11.27069854736328,10.996820449829102,0.302044004201889,0.2671361863613128,0.8207327127456665,8.720356941223145,0.0,0.1664300411939621,10.361335754394531,9.036924362182615,37.0,25.0,30.0,0.0,
2025-12-30,10:05:38.538000,2d,Toxicity,Original,,110.12549591064452,1.8985066413879397,209.2800445556641,0.7055143117904663,0.5594425201416016,0.729188084602356,11.153897285461426,9.84587574005127,13.689008712768556,0.3027019500732422,0.243266612291336,1.14857816696167,9.270051956176758,0.0,0.1639159321784973,15.22902011871338,7.831356525421143,37.0,25.0,30.0,0.0,
2025-12-30,10:05:38.538000,FinePointe Series WBP [SN 10499C]  Site 3 Bias Flow is out of range.,,,,,,,,,,,,,,,,,,,,,,,,,
2025-12-30,10:05:40.538000,2d,Toxicity,Original,,181.6750030517578,2.7034831047058105,481.8153076171875,0.5926797389984131,0.6729052662849426,0.50727778673172,11.153897285461426,20.041147232055664,16.703214645385742,0.1880749762058258,0.1446522772312164,1.4777060747146606,6.295525074005127,0.0,0.0889436081051826,11.732095718383787,10.195828437805176,37.0,25.0,30.0,50.0,
2025-12-30,10:05:40.538000,FinePointe Series WBP [SN 10499C]  Site 2 Bias Flow is out of range.,,,,,,,,,,,,,,,,,,,,,,,,,
2025-12-30,10:05:42.538000,2d,Toxicity,Original,,118.62165832519533,1.834779143333435,222.3275146484375,4.997492790222168,3.5097169876098637,0.4164040088653564,11.153897285461426,15.824708938598633,17.07709503173828,0.1975911259651184,0.3128012120723724,1.3035800457000732,8.992538452148438,98.87010192871094,0.0968090295791626,11.171844482421877,11.080495834350586,37.0,25.0,30.0,60.0,
2025-12-30,10:05:42.538000,FinePointe Series WBP [SN 139781]  Site 4 Bias Flow is out of range.,,,,,,,,,,,,,,,,,,,,,,,,,
2025-12-30,10:05:44.538000,2d,Toxicity,Original,,114.5593719482422,2.9407763481140137,335.13140869140625,0.4805225729942322,0.6453312635421753,0.5076799392700195,11.153897285461426,15.554601669311523,11.512325286865234,0.2901752591133117,0.236285001039505,0.9263694286346436,10.020233154296877,0.0,0.1472720801830291,11.8949556350708,13.470690727233888,37.0,25.0,30.0,0.0,
2025-12-30,10:05:46.538000,2d,Toxicity,Original,,108.79342651367188,2.625704765319824,285.4933166503906,0.6572587490081787,0.6729827523231506,0.5391751527786255,11.153897285461426,15.853411674499512,15.667821884155272,0.2978723347187042,0.2547161877155304,1.1323665380477903,8.749749183654785,0.0,0.159911423921585,12.990111351013184,9.89378261566162,37.0,25.0,30.0,33.33333206176758,
2025-12-30,10:05:48.538000,2d,Toxicity,Original,,230.46507263183597,1.3670958280563354,313.9783935546875,0.6288327574729919,0.5963979363441467,0.5855869650840759,11.153897285461426,14.703454971313477,15.240171432495115,0.1370987594127655,0.1237353757023811,1.2920138835906982,5.914994716644287,0.0,0.0794437378644943,11.729265213012695,11.157153129577637,37.0,25.0,30.0,42.85714340209961,
2025-12-30,10:05:50.538000,2d,Toxicity,Original,,215.67637634277344,1.6577305793762207,338.9261474609375,0.6446990370750427,0.6318265795707703,0.6219436526298523,11.153897285461426,14.19715690612793,14.891557693481444,0.1787739843130111,0.1451770365238189,1.27206552028656,6.428233623504639,0.0,0.0929430350661277,13.824737548828123,9.57676887512207,37.0,25.0,30.0,40.0,
2025-12-30,10:05:50.538000,FinePointe Series WBP [SN 10499C]  Site 3 Bias Flow is out of range.,,,,,,,,,,,,,,,,,,,,,,,,,
2025-12-30,10:05:52.538000,2d,Toxicity,Original,,125.8928451538086,2.263932943344116,281.1552124023437,0.6016727685928345,0.5567705035209656,0.6242809891700745,11.153897285461426,11.853937149047852,13.415802001953123,0.2865342199802398,0.203259527683258,1.1629570722579956,13.23802089691162,0.0,0.1373695135116577,17.73457145690918,8.737907409667969,37.0,25.0,30.0,0.0,
2025-12-30,10:05:52.538000,FinePointe Series WBP [SN 139781]  Site 4 Bias Flow is out of range.,,,,,,,,,,,,,,,,,,,,,,,,,
2025-12-30,10:05:54.538000,2d,Toxicity,Original,,167.7088623046875,1.8740198612213133,304.0248718261719,0.5851886868476868,0.5845001339912415,0.7007584571838379,11.153897285461426,15.645649909973145,16.030141830444336,0.1800681054592132,0.1930728107690811,1.3361583948135376,8.976584434509277,0.0,0.125902846455574,13.569050788879396,9.449700355529783,37.0,25.0,30.0,20.0,
2025-12-30,10:05:56.538000,2d,Toxicity,Original,,101.9557876586914,2.5912225246429443,264.4354553222656,0.548230767250061,0.6426992416381836,0.6047333478927612,11.153897285461426,12.203092575073242,11.464644432067873,0.3124939501285553,0.2761600613594055,0.8236688375473022,8.806885719299316,0.0,0.1762691885232925,10.827896118164062,8.221148490905762,37.0,25.0,30.0,0.0,
2025-12-30,10:05:58.538000,2d,Toxicity,Original,,107.767333984375,2.462397575378418,265.216552734375,0.6716046929359436,0.650617241859436,0.5852240324020386,11.153897285461426,11.810291290283203,12.885968208312988,0.3066612184047699,0.2504153251647949,1.126459717750549,10.996095657348633,0.0,0.1594906151294708,14.143585205078123,9.67790985107422,37.0,25.0,30.0,0.0,
2025-12-30,10:06:00.538000,2d,Toxicity,Original,,107.74937438964844,2.197291374206543,237.1405334472656,0.6013757586479187,0.5760608315467834,0.690655529499054,11.153897285461426,10.605704307556152,12.675414085388184,0.3122154474258423,0.2468971312046051,1.0202395915985107,11.48840618133545,0.0,0.1658731698989868,15.599641799926758,7.770963668823242,37.0,25.0,30.0,0.0,
2025-12-30,10:06:00.538000,FinePointe Series WBP [SN 10499C]  Site 3 Bias Flow is out of range.,,,,,,,,,,,,,,,,,,,,,,,,,
2025-12-30,10:06:02.538000,2d,Toxicity,Original,,193.08987426757807,1.7874975204467771,336.08154296875,0.6569236516952515,0.5992085337638855,0.5764656662940979,11.153897285461426,14.876521110534668,15.98644733428955,0.1708281338214874,0.1476692855358123,1.3999770879745483,6.6758646965026855,0.0,0.094671793282032,13.08333969116211,9.679713249206545,37.0,25.0,30.0,0.0,
2025-12-30,10:06:02.538000,FinePointe Series WBP [SN 139781]  Site 4 Bias Flow is out of range.,,,,,,,,,,,,,,,,,,,,,,,,,
2025-12-30,10:06:04.538000,2d,Toxicity,Original,,176.73590087890625,1.894965410232544,336.7660827636719,0.5491499900817871,0.5304478406906128,0.7026556730270386,11.153897285461426,14.13316822052002,14.18080997467041,0.1948805898427963,0.145867109298706,1.2620809078216553,10.216557502746582,0.0,0.0992369502782821,16.062274932861328,9.54503059387207,37.0,25.0,30.0,40.0,
2025-12-30,10:06:06.538000,2d,Toxicity,Original,,174.9582061767578,2.148710966110229,369.26800537109375,0.5146341323852539,0.55275559425354,0.7122589349746704,11.153897285461426,15.928275108337402,15.20879077911377,0.1814986169338226,0.1641199737787246,1.2428946495056152,7.508674621582031,0.0,0.1087363362312316,12.519292831420898,8.378173828125,37.0,25.0,30.0,28.571428298950195,
2025-12-30,10:06:08.538000,2d,Toxicity,Original,,160.14915466308594,2.240606546401977,351.38140869140625,0.7367784976959229,0.7515617609024048,0.420058935880661,11.153897285461426,16.438716888427734,15.16921043395996,0.2228532433509826,0.2053106725215912,1.148426175117493,7.557077407836914,0.0,0.1172865778207779,11.025431632995604,9.83115577697754,37.0,25.0,30.0,60.0,
2025-12-30,10:06:08.538000,FinePointe Series WBP [SN 10499C]  Site 3 Bias Flow is out of range.,,,,,,,,,,,,,,,,,,,,,,,,,
2025-12-30,10:06:12.538000,2d,Toxicity,Original,,184.17160034179688,2.0910511016845703,360.3252258300781,0.5747480988502502,0.5840673446655273,0.6533995866775513,11.153897285461426,15.724638938903809,15.493213653564451,0.1962593793869018,0.1637573838233947,1.3218553066253662,7.518502235412598,0.0,0.107599176466465,12.873172760009766,8.284785270690918,37.0,25.0,30.0,50.0,
2025-12-30,10:06:12.538000,FinePointe Series WBP [SN 139781]  Site 4 Bias Flow is out of range.,,,,,,,,,,,,,,,,,,,,,,,,,
2025-12-30,10:06:14.538000,2d,Toxicity,Original,,111.42805480957033,1.995075225830078,222.319580078125,0.7271620035171509,0.7009653449058533,0.2816566824913025,11.153897285461426,12.021706581115724,11.944557189941406,0.2870559096336365,0.2514083385467529,0.9207884073257446,10.16584587097168,0.0,0.1554329991340637,16.22248649597168,9.255023956298828,37.0,25.0,30.0,66.66666412353516,
2025-12-30,10:06:16.538000,2d,Toxicity,Original,,112.14935302734376,2.386602640151977,267.0283203125,0.5323547720909119,0.5869897603988647,0.8242824077606201,11.153897285461426,11.407068252563477,11.58696460723877,0.2970238626003265,0.2385619729757309,0.8685529828071594,9.45026969909668,0.0,0.1574477851390838,11.390870094299316,6.694549083709717,37.0,25.0,30.0,0.0,
2025-12-30,10:06:18.538000,2d,Toxicity,Original,,141.38555908203125,2.351503372192383,318.09649658203125,0.5175602436065674,0.555568516254425,0.6271028518676758,11.153897285461426,13.676008224487305,12.915016174316406,0.2654817700386047,0.190095454454422,1.1103204488754272,11.145359992980955,0.0,0.1285918205976486,15.703221321105955,9.426204681396484,37.0,25.0,30.0,20.0,
2025-12-30,10:06:20.538000,2d,Toxicity,Original,,175.55682373046875,1.781428337097168,312.276611328125,0.5654403567314148,0.5698565244674683,0.832266628742218,11.153897285461426,16.49657440185547,16.979644775390625,0.161628246307373,0.1814563423395156,1.382976770401001,7.435419082641602,0.0,0.1183168441057205,10.982573509216309,8.907690048217773,37.0,25.0,30.0,66.66666412353516,
2025-12-30,10:06:20.538000,FinePointe Series WBP [SN 10499C]  Site 3 Bias Flow is out of range.,,,,,,,,,,,,,,,,,,,,,,,,,
2025-12-30,10:06:22.538000,2d,Toxicity,Original,,187.54556274414065,1.9239901304244995,352.8054504394531,0.5393197536468506,0.5783148407936096,0.6340388655662537,11.153897285461426,16.004735946655273,14.193839073181152,0.1766352206468582,0.1530928909778595,1.224381685256958,8.240667343139648,0.0,0.1000934019684791,13.28205394744873,8.85168743133545,37.0,25.0,30.0,0.0,
2025-12-30,10:06:22.538000,FinePointe Series WBP [SN 139781]  Site 4 Bias Flow is out of range.,,,,,,,,,,,,,,,,,,,,,,,,,
2025-12-30,10:06:24.538000,2d,Toxicity,Original,,120.62179565429688,2.2877285480499268,268.336181640625,0.5058846473693848,0.5343269109725952,0.7292503714561462,11.153897285461426,12.432415008544922,12.969612121582031,0.2858143448829651,0.2285948395729065,1.0702896118164062,10.528841018676758,0.0,0.1550511121749878,16.238386154174805,6.946493148803711,37.0,25.0,30.0,0.0,
2025-12-30,10:06:26.538000,2d,Toxicity,Original,,107.51173400878906,2.2060234546661377,237.15533447265625,0.5972220301628113,0.5524398684501648,0.7537459135055542,11.153897285461426,10.81279468536377,13.608407974243164,0.3246291577816009,0.2338819205760955,1.0049114227294922,10.387452125549316,0.0,0.1577165275812149,18.0103702545166,6.638235569000244,37.0,25.0,30.0,0.0,
2025-12-30,10:06:28.538000,2d,Toxicity,Original,,162.00450134277344,1.857715129852295,298.7203369140625,0.6607660055160522,0.5989540219306946,0.5857787728309631,11.153897285461426,13.703520774841309,15.530017852783203,0.2154038250446319,0.1647222340106964,1.3391501903533936,8.06421947479248,0.0,0.1065879762172699,17.315818786621094,9.21164894104004,37.0,25.0,30.0,16.66666603088379,
2025-12-30,10:06:30.538000,2d,Toxicity,Original,,104.22592163085938,2.5312693119049072,264.3482666015625,0.5421782732009888,0.5888710618019104,0.7736640572547913,11.153897285461426,13.677122116088867,13.69543170928955,0.3104748427867889,0.2660349011421203,0.9601362943649292,10.821383476257324,0.0,0.1753900796175003,15.31297206878662,7.27230167388916,37.0,25.0,30.0,0.0,
2025-12-30,10:06:30.538000,FinePointe Series WBP [SN 10499C]  Site 3 Bias Flow is out of range.,,,,,,,,,,,,,,,,,,,,,,,,,
2025-12-30,10:06:32.538000,2d,Toxicity,Original,,103.3328857421875,2.7165493965148926,280.7107849121094,0.480180412530899,0.5912754535675049,0.6860884428024292,11.153897285461426,12.427303314208984,11.79170036315918,0.3330380320549011,0.2476853430271148,0.9662238955497742,10.767574310302734,0.0,0.1635748744010925,14.71753215789795,6.5687761306762695,37.0,25.0,30.0,0.0,
2025-12-30,10:06:32.538000,FinePointe Series WBP [SN 139781]  Site 4 Bias Flow is out of range.,,,,,,,,,,,,,,,,,,,,,,,,,
2025-12-30,10:06:34.538000,2d,Toxicity,Original,,193.4937744140625,1.839779019355774,354.5862731933594,0.5166734457015991,0.5338232517242432,0.6437891125679016,11.153897285461426,15.37236785888672,14.81361198425293,0.1706613600254058,0.1408256143331527,1.272810935974121,9.24731731414795,0.0,0.0951890721917152,15.57883644104004,8.908540725708008,37.0,25.0,30.0,0.0,
2025-12-30,10:06:36.538000,2d,Toxicity,Original,,200.4453125,1.6123602390289309,321.8885498046875,0.468425989151001,0.5193586945533752,0.7307562232017517,11.153897285461426,15.208065032958984,14.07016372680664,0.1568987369537353,0.14410500228405,1.1862068176269531,7.900264263153076,0.0,0.0972129255533218,14.695425987243652,8.621614456176758,37.0,25.0,30.0,33.33333206176758,
2025-12-30,10:06:38.538000,2d,Toxicity,Original,,129.97154235839844,2.382943153381348,307.5278015136719,0.5100439190864563,0.5733082294464111,0.7541654109954834,11.153897285461426,12.457290649414062,12.519769668579102,0.2830295860767364,0.2135971486568451,1.0221378803253174,11.078282356262209,0.0,0.1408385038375854,14.449211120605469,8.440205574035645,37.0,25.0,30.0,25.0,
2025-12-30,10:06:40.538000,2d,Toxicity,Original,,104.85952758789062,2.444663524627685,256.1515808105469,0.4964071214199066,0.564284086227417,0.7209845781326294,11.153897285461426,12.133594512939451,11.87599754333496,0.317336231470108,0.2552238404750824,0.9120830297470092,13.894217491149902,0.0,0.1721823215484619,16.155641555786133,9.015419960021973,37.0,25.0,30.0,0.0,
2025-12-30,10:06:40.538000,FinePointe Series WBP [SN 10499C]  Site 3 Bias Flow is out of range.,,,,,,,,,,,,,,,,,,,,,,,,,
2025-12-30,10:06:42.538000,2d,Toxicity,Original,,121.22477722167967,2.200275421142578,263.2616271972656,0.632172703742981,0.5634665489196777,0.6661560535430908,11.153897285461426,11.231734275817873,13.73221492767334,0.2958952188491821,0.2192861586809158,1.1298123598098757,12.460302352905272,0.0,0.1480662822723388,15.72291374206543,8.173916816711426,37.0,25.0,30.0,0.0,
2025-12-30,10:06:42.538000,FinePointe Series WBP [SN 139781]  Site 4 Bias Flow is out of range.,,,,,,,,,,,,,,,,,,,,,,,,,
2025-12-30,10:06:44.538000,2d,Toxicity,Original,,170.08770751953125,1.9002587795257568,315.1935119628906,0.5476132035255432,0.5515221953392029,0.6930697560310364,11.153897285461426,14.37912368774414,14.668412208557127,0.1921213567256927,0.1741359680891037,1.2358006238937378,7.803802967071533,0.0,0.1154178157448768,13.114338874816896,9.030715942382812,37.0,25.0,30.0,16.66666603088379,
2025-12-30,10:06:46.538000,2d,Toxicity,Original,,141.36648559570312,2.229166984558105,320.6845703125,0.7006195783615112,0.6286438703536987,0.3857077062129974,11.153897285461426,15.676782608032228,16.849220275878906,0.2463276982307434,0.2104517817497253,1.1792387962341309,9.76170825958252,0.0,0.1335116773843765,16.03249740600586,6.630679130554199,37.0,25.0,30.0,60.0,
2025-12-30,10:06:48.538000,2d,Toxicity,Original,,104.6572036743164,2.8289477825164795,296.7381591796875,0.4246070981025696,0.6023756265640259,0.7798700332641602,11.153897285461426,13.280248641967772,10.365228652954102,0.3103927373886108,0.2630684971809387,0.7026897668838501,8.963296890258789,0.0,0.1696741282939911,8.43474006652832,8.578624725341797,37.0,25.0,30.0,33.33333206176758,
2025-12-30,10:06:50.538000,2d,Toxicity,Original,,194.08172607421875,2.0845131874084477,331.7823791503906,0.4846323728561401,0.5403697490692139,0.7000478506088257,11.153897285461426,14.010128021240234,12.681483268737791,0.2117061764001846,0.1505930870771408,1.0462489128112793,8.496569633483887,0.0,0.1015513092279434,14.473496437072754,8.151607513427734,37.0,25.0,30.0,42.85714340209961,
2025-12-30,10:06:50.538000,FinePointe Series WBP [SN 10499C]  Site 3 Bias Flow is out of range.,,,,,,,,,,,,,,,,,,,,,,,,,
2025-12-30,10:06:52.538000,2d,Toxicity,Original,,248.2863922119141,1.4303243160247805,313.7467041015625,0.5334750413894653,0.5647902488708496,0.6606128811836243,11.153897285461426,14.72577667236328,13.902891159057615,0.1412990391254425,0.1267428696155548,1.2084020376205444,8.253952026367188,0.0,0.0840826258063316,15.90346622467041,10.26194667816162,37.0,25.0,30.0,16.66666603088379,
2025-12-30,10:06:52.538000,FinePointe Series WBP [SN 139781]  Site 4 Bias Flow is out of range.,,,,,,,,,,,,,,,,,,,,,,,,,
2025-12-30,10:06:54.538000,2d,Toxicity,Original,,100.27262878417967,2.368452310562134,237.45071411132807,0.5520467758178711,0.6188027858734131,0.7817952632904053,11.153897285461426,11.316540718078612,11.391180038452148,0.3196923434734344,0.2789616584777832,0.8580127954483032,10.041611671447754,0.0,0.1800203025341034,14.18571662902832,7.86755895614624,37.0,25.0,30.0,25.0,
2025-12-30,10:06:56.538000,2d,Toxicity,Original,,104.15576171875,2.245171546936035,233.823486328125,0.6021578907966614,0.5742883086204529,0.7573405504226685,11.153897285461426,10.23298168182373,12.465222358703612,0.3083730041980743,0.2676896750926971,0.9021682739257812,11.51855182647705,0.0,0.1776551008224487,14.079445838928224,6.805517673492432,37.0,25.0,30.0,0.0,
2025-12-30,10:06:58.538000,2d,Toxicity,Original,,123.17739868164062,2.296433925628662,279.54132080078125,0.5959887504577637,0.5811320543289185,0.6190547347068787,11.153897285461426,12.370402336120604,13.359102249145508,0.2840491235256195,0.2194688618183136,1.1112169027328491,11.32941722869873,0.0,0.1473124623298645,14.480354309082031,8.535112380981445,37.0,25.0,30.0,0.0,
2025-12-30,10:07:00.538000,2d,Toxicity,Original,,126.59445190429688,2.2073187828063965,277.3584899902344,0.6076606512069702,0.6814976334571838,0.5496978759765625,11.153897285461426,14.644458770751951,12.629671096801758,0.2455518543720245,0.2396830916404724,1.083516001701355,9.329381942749023,0.0,0.1473841816186905,14.07805633544922,10.213635444641112,37.0,25.0,30.0,0.0,
2025-12-30,10:07:00.538000,FinePointe Series WBP [SN 10499C]  Site 3 Bias Flow is out of range.,,,,,,,,,,,,,,,,,,,,,,,,,
2025-12-30,10:07:02.538000,2d,Toxicity,Original,,104.76374053955078,2.5574676990509038,267.8756408691406,0.4697574377059936,0.5755115151405334,0.7075190544128418,11.153897285461426,12.886313438415527,12.312170028686523,0.3215298056602478,0.2511991858482361,0.9680605530738832,12.227827072143556,0.0,0.1683018803596496,16.126554489135742,8.50596809387207,37.0,25.0,30.0,0.0,
2025-12-30,10:07:02.538000,FinePointe Series WBP [SN 139781]  Site 4 Bias Flow is out of range.,,,,,,,,,,,,,,,,,,,,,,,,,
2025-12-30,10:07:04.538000,2d,Toxicity,Original,,151.76113891601562,2.405160665512085,355.4727478027344,0.581925630569458,0.6265056133270264,0.5717813968658447,11.153897285461426,14.686395645141602,12.941908836364746,0.2483998537063598,0.168368712067604,1.1373019218444824,8.629150390625,0.0,0.1074833273887634,15.557084083557127,9.258136749267578,37.0,25.0,30.0,0.0,
2025-12-30,10:07:06.538000,2d,Toxicity,Original,,172.2069854736328,2.1631765365600586,372.5140686035156,0.1642297357320785,0.5617143511772156,0.6650306582450867,11.153897285461426,24.30914306640625,7.714707374572754,0.1348939538002014,0.2135239839553833,0.6709566116333008,8.953469276428223,0.0,0.1395152509212494,12.918198585510254,9.599912643432615,37.0,25.0,30.0,75.0,
2025-12-30,10:07:08.538000,2d,Toxicity,Original,,101.38997650146484,3.163404703140259,320.7375183105469,0.4241175651550293,0.7514234185218811,0.4067424535751343,11.153897285461426,14.894198417663574,7.458181381225586,0.3164159655570984,0.2753585278987884,0.6264548301696777,10.780220985412598,0.0,0.1654990017414093,11.875744819641112,11.249100685119627,37.0,25.0,30.0,66.66666412353516,
2025-12-30,10:07:10.538000,2d,Toxicity,Original,,104.06175231933594,2.383352756500244,247.79855346679688,0.5323507785797119,0.6248074173927307,0.7329446077346802,11.153897285461426,11.668038368225098,11.190499305725098,0.300702691078186,0.2761604785919189,0.7592042684555054,9.141071319580078,0.0,0.1769333779811859,9.445405960083008,7.959867477416992,37.0,25.0,30.0,0.0,
2025-12-30,10:07:10.538000,FinePointe Series WBP [SN 10499C]  Site 3 Bias Flow is out of range.,,,,,,,,,,,,,,,,,,,,,,,,,
2025-12-30,10:07:12.538000,2d,Toxicity,Original,,173.93829345703125,1.831003308296204,312.4026794433594,0.5466254353523254,0.5483273267745972,0.7262879610061646,11.153897285461426,14.517147064208984,14.555365562438965,0.1912241578102111,0.1729167103767395,1.1979787349700928,8.067896842956543,0.0,0.1159470528364181,13.906702995300291,8.365155220031738,37.0,25.0,30.0,0.0,
2025-12-30,10:07:12.538000,FinePointe Series WBP [SN 139781]  Site 4 Bias Flow is out of range.,,,,,,,,,,,,,,,,,,,,,,,,,
2025-12-30,10:07:14.538000,2d,Toxicity,Original,,185.11306762695312,1.8632795810699463,339.2725524902344,0.5381443500518799,0.5338690876960754,0.6862756609916687,11.153897285461426,15.777413368225098,16.050914764404297,0.1731723546981811,0.1596841514110565,1.343444585800171,8.47344970703125,0.0,0.1070296540856361,14.777769088745115,8.277732849121094,37.0,25.0,30.0,40.0,
2025-12-30,10:07:16.538000,2d,Toxicity,Original,,128.86619567871094,2.243699789047241,288.8297119140625,0.4828921556472778,0.5846958160400391,0.7301627397537231,11.153897285461426,13.323933601379396,11.555427551269531,0.2496208101511001,0.2318449020385742,0.8835626244544983,9.794764518737791,0.0,0.1511928737163543,12.379638671875,6.782138347625732,37.0,25.0,30.0,20.0,
2025-12-30,10:07:18.538000,2d,Toxicity,Original,,132.3111572265625,2.2378716468811035,295.6026611328125,0.5351211428642273,0.5815796256065369,0.6685459613800049,11.153897285461426,12.928354263305664,12.683591842651367,0.2669290602207184,0.1992459297180175,1.0594624280929563,9.882145881652832,0.0,0.1312068849802017,15.303022384643556,8.096708297729492,37.0,25.0,30.0,0.0,
2025-12-30,10:07:20.538000,2d,Toxicity,Original,,163.71353149414062,2.1981618404388428,355.0018310546875,0.5693010091781616,0.5352060794830322,0.612034022808075,11.153897285461426,16.327810287475586,16.846784591674805,0.1968147158622741,0.1713166832923889,1.4567928314208984,9.05599594116211,0.0,0.1154680624604225,14.160940170288086,8.670501708984375,37.0,25.0,30.0,33.33333206176758,
2025-12-30,10:07:20.538000,FinePointe Series WBP [SN 10499C]  Site 3 Bias Flow is out of range.,,,,,,,,,,,,,,,,,,,,,,,,,
2025-12-30,10:07:22.538000,2d,Toxicity,Original,,101.87785339355467,2.3094482421875,235.3051300048828,0.5873329639434814,0.7171396017074585,0.5541012287139893,11.153897285461426,12.49059772491455,10.697670936584473,0.2981243431568146,0.2908177375793457,0.8115559816360474,14.184163093566896,0.0,0.1765872985124588,14.853559494018556,10.238401412963867,37.0,25.0,30.0,66.66666412353516,
2025-12-30,10:07:22.538000,FinePointe Series WBP [SN 139781]  Site 4 Bias Flow is out of range.,,,,,,,,,,,,,,,,,,,,,,,,,
2025-12-30,10:07:24.538000,2d,Toxicity,Original,,114.58322143554688,2.4779932498931885,280.18865966796875,0.4370578229427337,0.5743938684463501,0.6695385575294495,11.153897285461426,12.965628623962402,10.770215034484863,0.3025915324687958,0.2368953227996826,0.8873019218444824,11.357085227966309,0.0,0.1566683053970337,16.314977645874023,7.389451026916504,37.0,25.0,30.0,0.0,
2025-12-30,10:07:26.538000,2d,Toxicity,Original,,207.8705291748047,1.641437530517578,331.0895080566406,0.5334161520004272,0.5519952178001404,0.6684133410453796,11.153897285461426,15.202838897705078,14.447101593017578,0.1534520536661148,0.1433196812868118,1.2465366125106812,7.734471797943115,0.0,0.0949630066752433,15.416033744812012,9.943859100341797,37.0,25.0,30.0,16.66666603088379,
2025-12-30,10:07:28.538000,2d,Toxicity,Original,,160.93792724609375,2.116356611251831,333.73590087890625,0.5985325574874878,0.5814982652664185,0.6266120672225952,11.153897285461426,14.223251342773438,14.772814750671388,0.2137482166290283,0.1754170060157776,1.2311007976531982,7.882106781005859,0.0,0.1140804588794708,12.623072624206545,8.164098739624023,37.0,25.0,30.0,33.33333206176758,
2025-12-30,10:07:30.538000,2d,Toxicity,Original,,109.61106872558594,2.2613742351531982,247.47201538085935,0.5078296661376953,0.598829448223114,0.7461066246032715,11.153897285461426,13.400120735168455,12.639470100402832,0.2664310336112976,0.2816283106803894,0.974430501461029,11.339835166931152,0.0,0.1834799498319625,11.942632675170898,8.39349365234375,37.0,25.0,30.0,0.0,
2025-12-30,10:07:30.538000,FinePointe Series WBP [SN 10499C]  Site 3 Bias Flow is out of range.,,,,,,,,,,,,,,,,,,,,,,,,,
2025-12-30,10:07:32.538000,2d,Toxicity,Original,,103.29566955566406,2.6142795085906982,270.0827331542969,0.4408318698406219,0.5896478891372681,0.7230902314186096,11.153897285461426,12.236154556274414,10.335416793823242,0.3120812475681305,0.2688703536987304,0.7932133078575134,10.113066673278809,0.0,0.1763318032026291,11.493266105651855,7.202465057373047,37.0,25.0,30.0,0.0,
2025-12-30,10:07:32.538000,FinePointe Series WBP [SN 139781]  Site 4 Bias Flow is out of range.,,,,,,,,,,,,,,,,,,,,,,,,,
2025-12-30,10:07:34.538000,2d,Toxicity,Original,,154.01927185058594,2.026926040649414,297.02984619140625,0.56596440076828,0.5782305598258972,0.6893831491470337,11.153897285461426,14.12803840637207,14.3837308883667,0.2241896092891693,0.1994067281484604,1.189613938331604,9.009817123413086,0.0,0.1308090835809707,13.855131149291992,9.256610870361328,37.0,25.0,30.0,0.0,
2025-12-30,10:07:36.538000,2d,Toxicity,Original,,220.2020568847656,1.4418281316757202,306.6346740722656,0.6464739441871643,0.5823469758033752,0.6441026329994202,11.153897285461426,13.467310905456545,15.139437675476074,0.1506507098674774,0.133834883570671,1.3024663925170898,6.545600891113281,0.0,0.0861130282282829,13.00517463684082,8.95456600189209,37.0,25.0,30.0,0.0,
2025-12-30,10:07:38.538000,2d,Toxicity,Original,,196.64431762695312,1.9999170303344729,363.9962158203125,0.483802318572998,0.5952552556991577,0.589056670665741,11.153897285461426,16.9056339263916,13.044376373291016,0.1725455969572067,0.1491160839796066,1.1251267194747925,7.361456394195557,0.0,0.0968849658966064,13.065082550048828,9.848711013793944,37.0,25.0,30.0,66.66666412353516,
2025-12-30,10:07:40.538000,2d,Toxicity,Original,,101.5663070678711,2.3151192665100098,234.4223175048828,0.5233529806137085,0.696405291557312,0.4967570602893829,11.153897285461426,13.315510749816896,10.191555976867676,0.3086982369422912,0.2823987007141113,0.7620148658752441,12.869848251342772,0.0,0.1740118861198425,16.014923095703125,10.35556411743164,37.0,25.0,30.0,50.0,
2025-12-30,10:07:40.538000,FinePointe Series WBP [SN 10499C]  Site 3 Bias Flow is out of range.,,,,,,,,,,,,,,,,,,,,,,,,,
2025-12-30,10:07:42.538000,2d,Toxicity,Original,,108.31293487548828,2.773977279663086,301.0775146484375,0.4687871634960174,0.6181215047836304,0.6886596083641052,11.153897285461426,14.212298393249512,11.534241676330566,0.3022991716861725,0.2533010244369507,0.779316782951355,10.902365684509276,0.0,0.1625448018312454,13.141199111938477,7.193795204162598,37.0,25.0,30.0,0.0,
2025-12-30,10:07:42.538000,FinePointe Series WBP [SN 139781]  Site 4 Bias Flow is out of range.,,,,,,,,,,,,,,,,,,,,,,,,,
2025-12-30,10:07:44.538000,2d,Toxicity,Original,,143.63710021972656,2.1202173233032227,303.4531555175781,0.5369440317153931,0.6035445928573608,0.6155118346214294,11.153897285461426,15.755889892578123,14.032883644104004,0.2108972370624542,0.2126921415328979,1.1469827890396118,8.929370880126953,0.0,0.1366227567195892,13.21868133544922,9.921968460083008,37.0,25.0,30.0,0.0,
2025-12-30,10:07:46.538000,2d,Toxicity,Original,,101.42733001708984,2.299992561340332,233.6011505126953,0.573752760887146,0.619320273399353,0.8146529793739319,11.153897285461426,11.230779647827148,11.286981582641602,0.3049906194210052,0.2870853543281555,0.8803839087486267,10.9205904006958,0.0,0.1841955035924911,13.10650634765625,8.096087455749512,37.0,25.0,30.0,0.0,
2025-12-30,10:07:48.538000,2d,Toxicity,Original,,153.03408813476562,2.040043592453003,302.3323669433594,0.4736039042472839,0.4937213659286499,0.8175109624862671,11.153897285461426,13.41008186340332,14.264630317687988,0.2451657354831695,0.1869524121284485,1.0677837133407593,11.895172119140623,0.0,0.1305059790611267,16.798599243164062,6.418155670166016,37.0,25.0,30.0,0.0,
2025-12-30,10:07:50.538000,2d,Toxicity,Original,,156.89077758789062,2.325650691986084,361.24114990234375,0.5273116827011108,0.5433021187782288,0.7402201890945435,11.153897285461426,16.560495376586914,15.948240280151367,0.203734889626503,0.1816626042127609,1.3421108722686768,9.438112258911133,0.0,0.121749423444271,14.729137420654297,9.073508262634276,37.0,25.0,30.0,20.0,
2025-12-30,10:07:50.538000,FinePointe Series WBP [SN 10499C]  Site 3 Bias Flow is out of range.,,,,,,,,,,,,,,,,,,,,,,,,,
2025-12-30,10:07:52.538000,2d,Toxicity,Original,,103.47329711914062,2.627449750900269,271.8102722167969,0.4153993129730224,0.6348081827163696,0.6749565005302429,11.153897285461426,13.519906044006348,9.858044624328612,0.3020109832286834,0.2779280543327331,0.7486875653266907,13.2037353515625,0.0,0.1781821846961975,13.101299285888672,10.150829315185549,37.0,25.0,30.0,40.0,
2025-12-30,10:07:52.538000,FinePointe Series WBP [SN 139781]  Site 4 Bias Flow is out of range.,,,,,,,,,,,,,,,,,,,,,,,,,
2025-12-30,10:07:54.538000,2d,Toxicity,Original,,130.964111328125,2.6588354110717773,336.0707397460937,0.4086987674236297,0.5769199728965759,0.7324798703193665,11.153897285461426,14.438358306884766,10.954808235168455,0.2712613642215729,0.2145494818687439,0.9027283787727356,9.478741645812988,0.0,0.1419436782598495,14.331260681152344,6.754636764526367,37.0,25.0,30.0,0.0,
2025-12-30,10:07:56.538000,2d,Toxicity,Original,,228.4839324951172,1.6989774703979492,384.3050842285156,0.3666735291481018,0.543144166469574,0.7650309205055237,11.153897285461426,16.672380447387695,11.428390502929688,0.1448080241680145,0.1251397579908371,0.9365527629852296,7.760252952575684,0.0,0.0842333436012268,14.633502960205078,10.948728561401367,37.0,25.0,30.0,50.0,
2025-12-30,10:07:58.538000,2d,Toxicity,Original,,159.96002197265625,2.0136940479278564,320.23834228515625,0.539791464805603,0.5853852033615112,0.6874678134918213,11.153897285461426,15.050268173217772,13.932659149169922,0.1941688656806945,0.1831769347190857,1.1854103803634644,7.809912204742432,0.0,0.1186479181051254,12.528376579284668,7.336906433105469,37.0,25.0,30.0,25.0,
2025-12-30,10:08:00.538000,2d,Toxicity,Original,,268.6474914550781,1.410370945930481,291.45880126953125,0.4391798675060272,0.5521478652954102,0.68064284324646,11.153897285461426,13.507988929748535,11.032145500183104,0.1463815867900848,0.1371073424816131,0.8516989946365356,8.327857971191406,0.0,0.0922830998897552,15.715758323669434,8.205183029174805,37.0,25.0,30.0,57.14285659790039,
2025-12-30,10:08:00.538000,FinePointe Series WBP [SN 10499C]  Site 3 Bias Flow is out of range.,,,,,,,,,,,,,,,,,,,,,,,,,
2025-12-30,10:08:02.538000,2d,Toxicity,Original,,107.30094909667967,2.333028793334961,250.51744079589844,0.4914408028125763,0.648637592792511,0.6713970303535461,11.153897285461426,12.568906784057615,10.156396865844728,0.3067277371883392,0.2526454925537109,0.7613825798034668,9.587215423583984,0.0,0.159274473786354,16.737092971801758,9.291780471801758,37.0,25.0,30.0,0.0,
2025-12-30,10:08:02.538000,FinePointe Series WBP [SN 139781]  Site 4 Bias Flow is out of range.,,,,,,,,,,,,,,,,,,,,,,,,,
2025-12-30,10:08:04.538000,2d,Toxicity,Original,,128.30560302734375,2.091635465621948,261.49005126953125,0.507003128528595,0.5067166686058044,0.7543318271636963,11.153897285461426,11.690162658691406,13.206555366516112,0.2861172556877136,0.2023656368255615,0.9920628666877748,10.757229804992676,0.0,0.1409804672002792,17.15873908996582,5.478259086608887,37.0,25.0,30.0,0.0,
2025-12-30,10:08:06.538000,2d,Toxicity,Original,,163.70094299316406,2.080219984054565,322.0257263183594,0.4582650363445282,0.5710614919662476,0.6914048194885254,11.153897285461426,14.790447235107422,12.453765869140623,0.2201262712478637,0.1971083432435989,1.03974711894989,8.9237060546875,0.0,0.1292988061904907,14.932380676269531,8.396679878234863,37.0,25.0,30.0,66.66666412353516,
2025-12-30,10:08:08.538000,2d,Toxicity,Original,,104.22724151611328,2.4644908905029297,256.7816772460937,0.4539650976657867,0.6105616092681885,0.6313192844390869,11.153897285461426,13.360103607177734,10.830220222473145,0.3049533069133758,0.270763486623764,0.8675291538238525,12.891140937805176,0.0,0.1759276837110519,15.605507850646973,9.88589572906494,37.0,25.0,30.0,0.0,
2025-12-30,10:08:10.538000,2d,Toxicity,Original,,123.49339294433594,2.4832470417022705,304.9242553710937,0.5840578079223633,0.5627026557922363,0.6714606285095215,11.153897285461426,12.74680519104004,14.020416259765623,0.2963144481182098,0.2046433836221695,1.2010661363601685,12.456400871276855,0.0,0.1381689757108688,18.71300506591797,7.985616207122803,37.0,25.0,30.0,0.0,
2025-12-30,10:08:10.538000,FinePointe Series WBP [SN 10499C]  Site 3 Bias Flow is out of range.,,,,,,,,,,,,,,,,,,,,,,,,,
2025-12-30,10:08:12.538000,2d,Toxicity,Original,,191.47120666503903,1.6821773052215576,309.3043518066406,0.4697160124778747,0.5209387540817261,0.7534322738647461,11.153897285461426,15.140692710876465,14.254690170288086,0.1610654890537262,0.1608031690120697,1.142734408378601,8.595183372497559,0.0,0.108586348593235,14.56850528717041,8.183182716369629,37.0,25.0,30.0,12.5,
2025-12-30,10:08:12.538000,FinePointe Series WBP [SN 139781]  Site 4 Bias Flow is out of range.,,,,,,,,,,,,,,,,,,,,,,,,,
2025-12-30,10:08:14.538000,2d,Toxicity,Original,,109.01237487792967,2.741683959960937,298.8774719238281,0.2469154894351959,0.3661777377128601,0.9059820771217346,11.153897285461426,20.88692283630371,16.90566062927246,0.2038109898567199,0.346585214138031,1.1499602794647217,16.03672218322754,0.0,0.2619188129901886,19.228137969970703,2.739387273788452,37.0,25.0,30.0,0.0,
2025-12-30,10:08:16.538000,2d,Toxicity,Original,,100.96927642822266,2.8298327922821045,285.4286499023437,0.4202663600444793,0.6205344796180725,0.7334864735603333,11.153897285461426,12.903564453125,9.048396110534668,0.3229786455631256,0.2716425061225891,0.6310986280441284,8.896079063415527,0.0,0.1735121011734008,9.36037540435791,8.415221214294434,37.0,25.0,30.0,33.33333206176758,
2025-12-30,10:08:18.538000,2d,Toxicity,Original,,106.79000091552734,2.2289326190948486,237.8901824951172,0.6008502840995789,0.6031603217124939,0.6497569680213928,11.153897285461426,11.381389617919922,11.821181297302246,0.3124367296695709,0.2495461702346801,0.9791789054870604,12.079627990722656,0.0,0.1635644733905792,16.381946563720703,9.868791580200195,37.0,25.0,30.0,0.0,
2025-12-30,10:08:20.538000,2d,Toxicity,Original,,102.7836456298828,2.020811080932617,207.54661560058597,0.6281545162200928,0.5753412246704102,0.8191226124763489,11.153897285461426,10.185994148254396,12.28516674041748,0.3115831613540649,0.2722595036029815,0.908355951309204,11.630871772766112,0.0,0.1825949251651764,13.49960708618164,6.99769926071167,37.0,25.0,30.0,0.0,
2025-12-30,10:08:20.538000,FinePointe Series WBP [SN 10499C]  Site 3 Bias Flow is out of range.,,,,,,,,,,,,,,,,,,,,,,,,,
2025-12-30,10:08:22.538000,2d,Toxicity,Original,,131.5115203857422,2.139965534210205,281.9354553222656,0.4730081856250763,0.5202276706695557,0.7110154628753662,11.153897285461426,13.973487854003906,13.711416244506836,0.2498719990253448,0.2156710177659988,1.0793688297271729,11.484207153320312,0.0,0.1482294499874115,16.82697296142578,6.743512630462647,37.0,25.0,30.0,0.0,
2025-12-30,10:08:22.538000,FinePointe Series WBP [SN 139781]  Site 4 Bias Flow is out of range.,,,,,,,,,,,,,,,,,,,,,,,,,
2025-12-30,10:08:24.538000,2d,Toxicity,Original,,151.57305908203125,2.047255516052246,305.75543212890625,0.5315862894058228,0.5344493389129639,0.7085435390472412,11.153897285461426,13.866318702697754,14.267029762268066,0.2132355868816375,0.1987083107233047,1.168346285820007,9.62025260925293,0.0,0.1330500990152359,14.117231369018556,7.616588592529297,37.0,25.0,30.0,20.0,
2025-12-30,10:08:26.538000,2d,Toxicity,Original,,128.6165313720703,2.4083547592163086,300.2810363769531,0.4658085107803345,0.540859580039978,0.8335832357406616,11.153897285461426,13.65339469909668,13.2698974609375,0.2675328850746155,0.2190495133399963,0.9249522089958192,8.343379020690918,0.0,0.1465646028518676,11.953107833862305,4.785704135894775,37.0,25.0,30.0,0.0,
2025-12-30,10:08:28.538000,2d,Toxicity,Original,,157.05926513671875,2.176502227783203,341.66754150390625,0.5344669222831726,0.5093289017677307,0.7265055179595947,11.153897285461426,14.488920211791992,15.935796737670898,0.2076505422592163,0.1805992424488067,1.2658472061157229,9.931886672973633,0.0,0.1250568628311157,13.992354393005373,7.245326519012451,37.0,25.0,30.0,20.0,
2025-12-30,10:08:30.538000,2d,Toxicity,Original,,109.4695281982422,2.3440752029418945,254.2049560546875,0.5051664113998413,0.612536609172821,0.6970646381378174,11.153897285461426,12.250487327575684,11.952953338623049,0.2762846946716308,0.276721179485321,0.8185375332832336,9.07089900970459,0.0,0.178053393959999,10.208860397338867,5.804834842681885,37.0,25.0,30.0,0.0,
2025-12-30,10:08:32.538000,2d,Toxicity,Original,,135.44155883789062,2.695701360702514,358.19879150390625,0.4609609842300415,0.5231381058692932,0.6421567797660828,11.153897285461426,14.9313325881958,12.955564498901367,0.275739848613739,0.2019301503896713,1.052648663520813,9.10027027130127,0.0,0.1383692622184753,13.961148262023926,7.417201042175293,37.0,25.0,30.0,0.0,
2025-12-30,10:08:32.538000,FinePointe Series WBP [SN 139781]  Site 4 Bias Flow is out of range.,,,,,,,,,,,,,,,,,,,,,,,,,
2025-12-30,10:08:34.538000,2d,Toxicity,Original,,302.239501953125,0.9435141682624816,264.931640625,0.5428304076194763,0.546149730682373,0.742583692073822,11.153897285461426,13.194097518920898,12.62314510345459,0.1153471171855926,0.0914925709366798,0.9622344374656676,5.106276988983154,0.0,0.0604315549135208,12.898448944091797,9.360754013061523,37.0,25.0,30.0,50.0,
2025-12-30,10:08:36.538000,2d,Toxicity,Original,,147.13623046875,2.4788496494293213,355.2555236816406,0.5818819403648376,0.6233920454978943,0.6208601593971252,11.153897285461426,15.055808067321776,13.8716402053833,0.2340801358222961,0.19412462413311,1.1932733058929443,9.167196273803713,0.0,0.1230031251907348,12.166744232177734,9.414203643798828,37.0,25.0,30.0,57.14285659790039,
2025-12-30,10:08:38.538000,2d,Toxicity,Original,,187.8283233642578,2.0660955905914307,310.0255126953125,0.4651345610618591,0.6485856771469116,0.5383257865905762,11.153897285461426,15.44163703918457,11.598475456237791,0.2243058383464813,0.1737874150276184,0.9645116925239564,9.687549591064451,2.1955714225769043,0.1076223850250244,15.042733192443848,9.87421417236328,37.0,25.0,30.0,0.0,
2025-12-30,10:08:40.538000,2d,Toxicity,Original,,187.3873748779297,1.7659661769866943,279.6585693359375,0.6326225996017456,0.593541145324707,0.770832896232605,11.153897285461426,13.135229110717772,14.053442001342772,0.2105985283851623,0.1862819492816925,1.0210572481155396,6.983706951141357,0.0,0.1188472807407379,10.622721672058104,9.107356071472168,37.0,25.0,30.0,71.42857360839844,
2025-12-30,10:08:42.538000,2d,Toxicity,Original,,102.36759185791016,2.322539567947388,237.47998046875,0.5266886353492737,0.5503228902816772,0.8018314838409424,11.153897285461426,10.741483688354492,12.528488159179688,0.3237267136573791,0.2626760900020599,0.8930130004882812,10.397695541381836,0.0,0.1769227981567382,13.657626152038574,5.2500529289245605,37.0,25.0,30.0,0.0,
2025-12-30,10:08:42.538000,FinePointe Series WBP [SN 10499C]  Site 3 Bias Flow is out of range.,,,,,,,,,,,,,,,,,,,,,,,,,
2025-12-30,10:08:42.538000,FinePointe Series WBP [SN 139781]  Site 4 Bias Flow is out of range.,,,,,,,,,,,,,,,,,,,,,,,,,
2025-12-30,10:08:44.538000,2d,Toxicity,Original,,135.68853759765625,2.104481935501098,285.6219787597656,0.6940730214118958,0.5684372782707214,0.7247949242591858,11.153897285461426,11.91647243499756,15.002656936645508,0.2659763395786285,0.1867851316928863,1.2969622611999512,9.267745018005373,0.0,0.1240976899862289,15.390470504760742,8.122613906860352,37.0,25.0,30.0,0.0,
2025-12-30,10:08:46.538000,2d,Toxicity,Original,,130.7522430419922,2.38440489768982,312.2797241210937,0.557188093662262,0.5807443857192993,0.6582059264183044,11.153897285461426,15.546223640441896,15.539498329162598,0.2321783602237701,0.2270787358283996,1.2549617290496826,10.107108116149902,0.0,0.1489666551351547,12.886528968811035,8.488781929016113,37.0,25.0,30.0,25.0,
2025-12-30,10:08:48.538000,2d,Toxicity,Original,,210.08804321289065,2.068753242492676,299.0577697753906,0.6325227618217468,0.7369958758354187,0.5189303159713745,11.153897285461426,14.501474380493164,13.091955184936523,0.2108236402273178,0.1868627965450287,1.1098490953445437,9.235660552978516,0.0,0.1101333796977996,14.553765296936035,11.263948440551758,37.0,25.0,30.0,25.0,
2025-12-30,10:08:50.538000,2d,Toxicity,Original,,155.5164031982422,2.2126271724700928,329.1195678710937,0.4533455669879913,0.5199544429779053,0.8025867938995361,11.153897285461426,14.945979118347168,13.670350074768066,0.216605395078659,0.1906511783599853,1.0938876867294312,9.420228958129885,0.0,0.129664808511734,14.040933609008787,6.187046051025391,37.0,25.0,30.0,28.571428298950195,
2025-12-30,10:08:52.538000,2d,Toxicity,Original,,143.45822143554688,1.9701752662658687,262.0536804199219,0.5982425808906555,0.5708673596382141,0.7590487003326416,11.153897285461426,12.039347648620604,12.95516300201416,0.2435584962368011,0.232945054769516,0.9994638562202454,8.917220115661621,0.0,0.154471069574356,13.403642654418944,6.581800937652588,37.0,25.0,30.0,25.0,
2025-12-30,10:08:52.538000,FinePointe Series WBP [SN 10499C]  Site 3 Bias Flow is out of range.,,,,,,,,,,,,,,,,,,,,,,,,,
2025-12-30,10:08:52.538000,FinePointe Series WBP [SN 139781]  Site 4 Bias Flow is out of range.,,,,,,,,,,,,,,,,,,,,,,,,,
2025-12-30,10:08:54.538000,2d,Toxicity,Original,,103.04915618896484,2.2106175422668457,227.6720123291016,0.5837317109107971,0.5773257613182068,0.7535738945007324,11.153897285461426,10.744948387145996,12.213483810424805,0.3108855187892914,0.2717755138874054,0.9177891612052916,10.78148078918457,0.0,0.1808678358793258,14.553024291992188,7.142790794372559,37.0,25.0,30.0,0.0,
2025-12-30,10:08:56.538000,2d,Toxicity,Original,,106.2391128540039,2.486757278442383,264.584716796875,0.4756019115447998,0.4892618954181671,0.8409901261329651,11.153897285461426,13.177359580993652,14.39206886291504,0.3119199872016907,0.2534652352333069,1.0562381744384766,9.60991668701172,0.0,0.1770961135625839,14.797657012939451,5.4957380294799805,37.0,25.0,30.0,0.0,
2025-12-30,10:08:58.538000,2d,Toxicity,Original,,145.14993286132812,2.2108848094940186,316.6487731933594,0.2837312221527099,0.3772007524967193,0.8330292105674744,11.153897285461426,19.146778106689453,14.760332107543944,0.1907084882259369,0.2358801066875457,1.068379521369934,11.984237670898438,0.0,0.1810688972473144,23.13549423217773,3.92244291305542,37.0,25.0,30.0,50.0,
2025-12-30,10:09:00.538000,2d,Toxicity,Original,,103.0818099975586,2.5530831813812256,262.9010925292969,0.4679144024848938,0.549368679523468,0.7594847083091736,11.153897285461426,13.116400718688965,13.348419189453123,0.3480942249298095,0.2362985163927078,0.959337830543518,11.776130676269531,0.0,0.1691115349531173,17.77357292175293,7.961250305175781,37.0,25.0,30.0,0.0,
2025-12-30,10:09:02.538000,2d,Toxicity,Original,,102.2701187133789,2.3205654621124268,237.4375915527344,0.6381632089614868,0.5550364255905151,0.6717038750648499,11.153897285461426,11.753702163696287,14.91762638092041,0.3542137742042541,0.2403369098901748,1.2602193355560305,14.055098533630373,0.0,0.1633643954992294,21.54313087463379,7.311106204986572,37.0,25.0,30.0,0.0,
2025-12-30,10:09:02.538000,FinePointe Series WBP [SN 10499C]  Site 3 Bias Flow is out of range.,,,,,,,,,,,,,,,,,,,,,,,,,
2025-12-30,10:09:04.538000,2d,Toxicity,Original,,100.75665283203124,2.2678866386413574,228.1925201416016,0.6186417937278748,0.594142496585846,0.6887855529785156,11.153897285461426,10.707477569580078,12.450014114379885,0.3347464203834533,0.2625142335891723,0.9414912462234496,11.492128372192385,0.0,0.1737774163484573,15.940921783447266,8.008186340332031,37.0,25.0,30.0,0.0,
2025-12-30,10:09:04.538000,FinePointe Series WBP [SN 139781]  Site 4 Bias Flow is out of range.,,,,,,,,,,,,,,,,,,,,,,,,,
2025-12-30,10:09:06.538000,2d,Toxicity,Original,,104.1856460571289,2.261561870574951,238.06253051757807,0.6388469338417053,0.542079746723175,0.7817783951759338,11.153897285461426,10.45192813873291,13.5158109664917,0.3314937353134155,0.2457819730043411,1.141683578491211,44.28710174560547,0.0,0.1663049757480621,19.780296325683597,4.148903846740723,37.0,25.0,30.0,0.0,
2025-12-30,10:09:08.538000,2d,Toxicity,Original,,98.58646392822266,2.3469607830047607,231.2795867919922,0.4685079455375671,0.4710902869701385,0.8296834826469421,11.153897285461426,12.166991233825684,15.239140510559082,0.3616054058074951,0.2481807470321655,0.8463008403778076,71.96571350097656,0.0,0.1772119700908661,11.44198989868164,1.9312610626220703,37.0,25.0,30.0,0.0,
2025-12-30,10:09:10.538000,2d,Toxicity,Original,,97.70498657226562,2.539007663726806,248.20245361328125,0.5333244800567627,0.5261326432228088,0.6545740962028503,11.153897285461426,12.754608154296877,14.34589672088623,0.3436487913131714,0.2748767137527466,1.0521296262741089,11.885539054870604,0.0,0.1863207519054412,21.54399299621582,6.371109962463379,37.0,25.0,30.0,0.0,
2025-12-30,10:09:12.538000,2d,Toxicity,Original,,109.01336669921876,2.411942720413208,263.11187744140625,0.6125829815864563,0.5154581069946289,0.7426143884658813,11.153897285461426,10.477136611938477,15.11524772644043,0.3235592544078827,0.2279956638813018,1.2200535535812378,10.517754554748535,0.0,0.1566086709499359,10.689867973327637,2.466154098510742,37.0,25.0,30.0,0.0,
2025-12-30,10:09:12.538000,FinePointe Series WBP [SN 139781]  Site 4 Bias Flow is out of range.,,,,,,,,,,,,,,,,,,,,,,,,,
2025-12-30,10:09:14.538000,2d,Toxicity,Original,,102.9804229736328,2.4757442474365234,255.44610595703125,0.6571860909461975,0.5349305272102356,0.6736212372779846,11.153897285461426,11.964682579040527,16.42372703552246,0.3401466608047485,0.2445817291736602,1.2908467054367063,27.265241622924805,0.0,0.1676033735275268,21.9569091796875,8.163993835449219,37.0,25.0,30.0,0.0,
2025-12-30,10:09:16.538000,2d,Toxicity,Original,,106.81331634521484,2.2200701236724854,237.13302612304688,0.526875376701355,0.506166934967041,0.7786413431167603,11.153897285461426,11.76625919342041,12.39188003540039,0.3202815055847168,0.2414462119340896,0.8655561804771423,15.730450630187988,0.0,0.1680963039398193,9.95038604736328,7.195568084716797,37.0,25.0,30.0,66.66666412353516,
2025-12-30,10:09:18.538000,2d,Toxicity,Original,,106.49956512451172,2.894583225250244,309.22467041015625,0.7327515482902527,0.5975379347801208,0.6353839635848999,11.153897285461426,14.45177173614502,18.07393264770508,0.3274589776992798,0.2381114810705185,1.3858768939971924,19.041748046875,0.0,0.1584538221359253,15.303491592407228,6.856040954589844,37.0,25.0,30.0,0.0,
2025-12-30,10:09:20.538000,2d,Toxicity,Original,,201.8453369140625,1.3641271591186523,249.96087646484372,0.3514176607131958,0.4598284363746643,0.879269003868103,11.153897285461426,17.270477294921875,14.01625633239746,0.1653617173433303,0.2115189433097839,0.9854828119277954,46.870567321777344,0.0,0.1497586518526077,22.324119567871094,6.627208709716797,37.0,25.0,30.0,66.66666412353516,
2025-12-30,10:09:22.538000,2d,Toxicity,Original,,108.78441619873048,2.6322388648986816,287.12451171875,0.5680645704269409,0.5682042241096497,0.7147399187088013,11.153897285461426,13.608156204223633,14.730850219726562,0.3107236325740814,0.2422397285699844,1.1763874292373655,10.476863861083984,0.0,0.1625698804855346,12.525675773620604,6.358569622039795,37.0,25.0,30.0,25.0,
2025-12-30,10:09:22.538000,FinePointe Series WBP [SN 139781]  Site 4 Bias Flow is out of range.,,,,,,,,,,,,,,,,,,,,,,,,,
2025-12-30,10:09:24.538000,2d,Toxicity,Original,,80.31426239013672,2.68435001373291,215.5915985107422,0.350198745727539,0.3723181188106537,0.9280321002006532,11.153897285461426,12.531438827514648,15.265707015991213,0.3268212080001831,0.4202440977096557,0.8689789772033691,8.952412605285645,0.0,0.312148779630661,5.759707927703857,,37.0,25.0,30.0,0.0,
2025-12-30,10:09:24.538000,FinePointe Series WBP [SN 10499C]  Site 3 Bias Flow is out of range.,,,,,,,,,,,,,,,,,,,,,,,,,
2025-12-30,10:09:26.538000,2d,Toxicity,Original,,171.59939575195312,1.9662210941314695,330.30670166015625,0.3090400099754333,0.5587551593780518,0.5453004837036133,11.153897285461426,18.104251861572266,10.689056396484377,0.1621140539646148,0.1982339471578598,0.6529335379600525,6.492495536804199,0.0,0.1316752731800079,8.14708423614502,7.050268173217773,37.0,25.0,30.0,77.77777862548828,
2025-12-30,10:09:28.538000,2d,Toxicity,Original,,128.2700958251953,2.1721067428588867,264.8477478027344,0.4792648255825043,0.6459599137306213,0.6418358087539673,11.153897285461426,14.623558044433594,10.364747047424316,0.222560778260231,0.2688188850879669,0.7644788026809692,7.652294158935547,0.0,0.1669487655162811,6.576238632202148,8.6597318649292,37.0,25.0,30.0,0.0,
2025-12-30,10:09:30.538000,2d,Toxicity,Original,,106.67131042480467,2.616636276245117,278.6132507324219,0.3554441332817077,0.5084982514381409,0.7795671820640564,11.153897285461426,13.661394119262695,10.062337875366213,0.2882371544837951,0.2749788165092468,0.6700788736343384,10.049724578857422,0.0,0.1884195357561111,11.193138122558594,6.480423927307129,37.0,25.0,30.0,0.0,
2025-12-30,10:09:32.538000,2d,Toxicity,Original,,108.65281677246094,2.0723025798797607,225.1573181152344,0.6811016798019409,0.612230658531189,0.7222959995269775,11.153897285461426,11.473833084106444,13.51356029510498,0.2774071991443634,0.2748504281044006,1.054870843887329,10.027152061462402,0.0,0.1773072034120559,12.446249008178713,7.580177307128906,37.0,25.0,30.0,0.0,
2025-12-30,10:09:32.538000,FinePointe Series WBP [SN 139781]  Site 4 Bias Flow is out of range.,,,,,,,,,,,,,,,,,,,,,,,,,
2025-12-30,10:09:32.538000,FinePointe Series WBP [SN 10499C]  Site 3 Bias Flow is out of range.,,,,,,,,,,,,,,,,,,,,,,,,,
2025-12-30,10:09:34.538000,2d,Toxicity,Original,,156.67601013183594,2.103402137756348,319.5572509765625,0.4847931563854217,0.5048021078109741,0.8300859928131104,11.153897285461426,14.09495735168457,14.709988594055176,0.2070991098880767,0.1836360841989517,1.1174919605255127,7.079074859619141,0.0,0.1250801682472229,11.913897514343262,5.1726813316345215,37.0,25.0,30.0,20.0,
2025-12-30,10:09:36.538000,2d,Toxicity,Original,,152.34982299804688,2.118197202682495,300.0361022949219,0.7880780100822449,0.8261086344718933,0.434252917766571,11.153897285461426,14.713281631469728,12.083374977111816,0.2285545319318771,0.2146236598491668,0.8339778780937195,5.99089241027832,0.0,0.1171443909406662,6.960530757904053,9.53120231628418,37.0,25.0,30.0,40.0,
2025-12-30,10:09:38.538000,2d,Toxicity,Original,,86.53804016113281,2.837296962738037,245.51239013671875,0.7608776092529297,0.7408134937286377,0.4304036498069763,11.153897285461426,11.03860569000244,10.594550132751465,0.3772590160369873,0.3160958886146545,0.7963055968284607,10.00253677368164,0.0,0.1914744824171066,10.442752838134766,7.331806182861328,37.0,25.0,30.0,0.0,
2025-12-30,10:09:40.538000,2d,Toxicity,Original,,91.06373596191406,2.5889370441436768,236.1200256347656,0.8339673280715942,0.7252134084701538,0.439796894788742,11.153897285461426,10.281195640563965,11.821456909179688,0.3567138612270355,0.3031462132930755,0.9394859075546264,8.089266777038574,0.0,0.1833843141794204,12.431987762451172,6.767127513885498,37.0,25.0,30.0,0.0,
2025-12-30,10:09:42.538000,2d,Toxicity,Original,,91.1753921508789,2.5941452980041504,236.27880859375,0.9071346521377563,0.692327618598938,0.4316110610961914,11.153897285461426,10.544573783874512,13.202409744262695,0.3506784439086914,0.307571679353714,0.8829641342163086,7.524355888366699,0.0,0.1882730424404144,7.043856143951416,5.2264814376831055,37.0,25.0,30.0,0.0,
2025-12-30,10:09:42.538000,FinePointe Series WBP [SN 139781]  Site 4 Bias Flow is out of range.,,,,,,,,,,,,,,,,,,,,,,,,,
2025-12-30,10:09:42.538000,FinePointe Series WBP [SN 10499C]  Site 3 Bias Flow is out of range.,,,,,,,,,,,,,,,,,,,,,,,,,
2025-12-30,10:09:44.538000,2d,Toxicity,Original,,81.55792236328125,2.895605564117432,237.4189300537109,0.6237434148788452,0.7339606285095215,0.4914110898971557,11.153897285461426,12.28115463256836,11.709675788879396,0.3694382607936859,0.3681297600269317,0.9886670112609864,8.924620628356934,0.0,0.2230419367551803,13.23769474029541,5.980547904968262,37.0,25.0,30.0,0.0,
2025-12-30,10:09:46.538000,2d,Toxicity,Original,,88.42677307128906,3.043988943099976,269.4999084472656,0.6980969309806824,0.7212241291999817,0.6265778541564941,11.153897285461426,13.280601501464844,13.191861152648926,0.3609868586063385,0.3180606365203857,1.1054617166519165,12.9236421585083,0.0,0.1938286870718002,16.66974639892578,6.943528652191162,37.0,25.0,30.0,0.0,
2025-12-30,10:09:48.538000,2d,Toxicity,Original,,83.75502014160156,3.0762388706207275,257.8848571777344,0.8693875074386597,0.8447939157485962,0.4365624487400055,11.153897285461426,11.6229248046875,12.284164428710938,0.3856259286403656,0.3339726328849792,1.0447251796722412,8.227688789367676,0.0,0.1883417218923568,9.112435340881348,8.43309211730957,37.0,25.0,30.0,0.0,
2025-12-30,10:09:50.538000,2d,Toxicity,Original,,86.32345581054688,3.1700496673583984,272.0859375,0.9006335735321045,0.7367628812789917,0.5662065148353577,11.153897285461426,11.60431957244873,14.943413734436035,0.3837388157844543,0.312688797712326,1.2218965291976929,10.355551719665527,0.0,0.1901068985462188,12.188340187072754,8.816509246826172,37.0,25.0,30.0,0.0,
2025-12-30,10:09:52.538000,2d,Toxicity,Original,,91.23988342285156,2.929236888885498,268.13677978515625,0.7382718920707703,0.6562861204147339,0.4657182991504669,11.153897285461426,12.252727508544922,13.635397911071776,0.353730171918869,0.3061605989933014,0.9875897765159608,11.38524055480957,0.0,0.1954658776521682,12.960028648376465,6.386233329772949,37.0,25.0,30.0,0.0,
2025-12-30,10:09:52.538000,FinePointe Series WBP [SN 139781]  Site 4 Bias Flow is out of range.,,,,,,,,,,,,,,,,,,,,,,,,,
2025-12-30,10:09:52.538000,FinePointe Series WBP [SN 10499C]  Site 3 Bias Flow is out of range.,,,,,,,,,,,,,,,,,,,,,,,,,
2025-12-30,10:09:54.538000,2d,Toxicity,Original,,85.73235321044922,3.107069492340088,266.1199951171875,0.6343042254447937,0.679084837436676,0.7051940560340881,11.153897285461426,11.93698787689209,11.483099937438965,0.3657861053943634,0.3349349796772003,0.7955344915390015,10.98255443572998,0.0,0.2073048055171966,9.381537437438965,3.9797229766845694,37.0,25.0,30.0,0.0,
2025-12-30,10:09:56.538000,2d,Toxicity,Original,,173.55870056152344,2.1487534046173096,226.97520446777344,0.8771698474884033,0.760707676410675,0.3734074831008911,11.153897285461426,11.267733573913574,12.348139762878418,0.2832903861999511,0.2393388599157333,0.9157296419143676,7.101273059844971,0.0,0.1381146013736724,13.784085273742676,9.060187339782717,37.0,25.0,30.0,25.0,
2025-12-30,10:09:58.538000,2d,Toxicity,Original,,188.3057861328125,1.964923620223999,367.116943359375,0.388992965221405,0.560724675655365,0.651755690574646,11.153897285461426,16.9492130279541,11.85063934326172,0.1705406904220581,0.1525025367736816,1.031575083732605,9.302989959716797,0.0,0.1010340601205825,15.191092491149902,7.482205390930176,37.0,25.0,30.0,40.0,
2025-12-30,10:10:00.538000,2d,Toxicity,Original,,99.8660659790039,2.349229097366333,235.56581115722656,0.4823520183563232,0.4995240569114685,0.8428952097892761,11.153897285461426,12.212353706359863,13.04084300994873,0.2726117372512817,0.3300831317901611,0.636857271194458,10.51045036315918,0.0,0.2298487424850464,6.515205383300781,3.851282119750977,37.0,25.0,30.0,25.0,
2025-12-30,10:10:02.538000,2d,Toxicity,Original,,134.56687927246094,2.6897943019866943,359.601318359375,0.3728661835193634,0.5331879258155823,0.7904159426689148,11.153897285461426,17.126089096069336,12.557158470153809,0.2343769967555999,0.2146235555410385,0.987810492515564,9.32613468170166,0.0,0.14475779235363,12.938311576843262,6.901727676391602,37.0,25.0,30.0,0.0,
2025-12-30,10:10:02.538000,FinePointe Series WBP [SN 139781]  Site 4 Bias Flow is out of range.,,,,,,,,,,,,,,,,,,,,,,,,,
2025-12-30,10:10:02.538000,FinePointe Series WBP [SN 10499C]  Site 3 Bias Flow is out of range.,,,,,,,,,,,,,,,,,,,,,,,,,
2025-12-30,10:10:04.538000,2d,Toxicity,Original,,114.9984130859375,3.0602269172668457,354.5295715332031,0.4750890433788299,0.6793340444564819,0.4854029715061188,11.153897285461426,17.847576141357422,12.727235794067385,0.2566813826560974,0.2848603129386902,0.8246660232543945,9.271516799926758,0.0,0.1725693643093109,9.729360580444336,7.168854713439941,37.0,25.0,30.0,50.0,
2025-12-30,10:10:06.538000,2d,Toxicity,Original,,100.02659606933594,3.0005574226379395,298.59698486328125,0.4192852973937988,0.5885651111602783,0.8313953280448914,11.153897285461426,13.52995491027832,10.49975299835205,0.3261317014694214,0.2773512303829193,0.6907597184181213,9.99265480041504,0.0,0.1806276440620422,10.614931106567385,4.67746114730835,37.0,25.0,30.0,0.0,
2025-12-30,10:10:08.538000,2d,Toxicity,Original,,188.2740478515625,2.034432411193848,376.2174682617188,0.437667578458786,0.5644892454147339,0.7006025314331055,11.153897285461426,15.274298667907717,11.85818099975586,0.1765962094068527,0.1471512913703918,1.0213463306427002,6.372573852539063,0.0,0.0965433865785598,12.702418327331545,7.685579776763916,37.0,25.0,30.0,0.0,
2025-12-30,10:10:10.538000,2d,Toxicity,Original,,128.74801635742188,2.3081459999084477,296.59881591796875,0.541286826133728,0.5597209930419922,0.6174151301383972,11.153897285461426,13.09945297241211,14.980633735656738,0.2390002012252807,0.2276112139225006,1.0817949771881104,9.108160018920898,0.0,0.1510689407587051,11.831077575683594,7.648946285247803,37.0,25.0,30.0,50.0,
2025-12-30,10:10:12.538000,2d,Toxicity,Original,,102.82254028320312,2.7461440563201904,278.2787475585937,0.485710859298706,0.7799005508422852,0.6699351668357849,11.153897285461426,13.802762031555176,9.28372859954834,0.2904431819915771,0.298200786113739,0.6655450463294983,8.49093246459961,0.0,0.1740688383579254,8.455049514770508,8.446440696716309,37.0,25.0,30.0,33.33333206176758,
2025-12-30,10:10:14.538000,2d,Toxicity,Original,,99.45057678222656,3.0110971927642822,298.49322509765625,0.7117670774459839,0.7716304063796997,0.5008481740951538,11.153897285461426,13.66113567352295,13.143051147460938,0.3220558166503906,0.2929096817970276,0.8694455623626709,8.698995590209961,0.0,0.1694858968257904,8.909991264343262,5.916635990142822,37.0,25.0,30.0,0.0,
2025-12-30,10:10:14.538000,FinePointe Series WBP [SN 139781]  Site 4 Bias Flow is out of range.,,,,,,,,,,,,,,,,,,,,,,,,,
2025-12-30,10:10:14.538000,FinePointe Series WBP [SN 10499C]  Site 3 Bias Flow is out of range.,,,,,,,,,,,,,,,,,,,,,,,,,
2025-12-30,10:10:16.538000,2d,Toxicity,Original,,97.06879425048828,2.757766008377075,267.6933288574219,0.756212055683136,0.7210228443145752,0.4135482907295227,11.153897285461426,13.312752723693848,13.593819618225098,0.3378493189811706,0.2811487019062042,0.9339861273765564,9.187630653381348,0.0,0.1716664433479309,12.601332664489746,11.988539695739746,37.0,25.0,30.0,0.0,
2025-12-30,10:10:18.538000,2d,Toxicity,Original,,99.32266235351562,2.402462244033813,238.9730529785156,0.6919189691543579,0.6770827174186707,0.4979042708873749,11.153897285461426,13.020652770996094,12.862831115722656,0.3216978907585144,0.2834622859954834,1.081335425376892,9.764671325683594,0.0,0.1760098487138748,15.85307788848877,7.301919937133789,37.0,25.0,30.0,0.0,
2025-12-30,10:10:20.538000,2d,Toxicity,Original,,96.3477020263672,2.7912793159484863,268.9646301269531,0.6733048558235168,0.6920387744903564,0.4613224864006042,11.153897285461426,13.454715728759766,13.620203018188477,0.3241334855556488,0.3007619976997375,0.99639493227005,10.838043212890623,0.0,0.1849434673786163,11.453620910644531,6.9921488761901855,37.0,25.0,30.0,0.0,
2025-12-30,10:10:22.538000,2d,Toxicity,Original,,100.80426788330078,2.95935320854187,298.1559753417969,0.5214809775352478,0.6106520295143127,0.7374820113182068,11.153897285461426,13.596868515014648,13.253132820129396,0.3191040456295013,0.2780736684799194,1.0633823871612549,12.202388763427734,0.0,0.1791395097970962,13.843856811523438,7.60302734375,37.0,25.0,30.0,0.0,
2025-12-30,10:10:22.538000,FinePointe Series WBP [SN 139781]  Site 4 Bias Flow is out of range.,,,,,,,,,,,,,,,,,,,,,,,,,
2025-12-30,10:10:24.538000,2d,Toxicity,Original,,96.8997802734375,2.833909511566162,274.7025756835937,0.6022491455078125,0.6013413071632385,0.7018391489982605,11.153897285461426,12.388516426086426,13.436344146728516,0.3434929549694061,0.2759068310260772,0.9416704773902892,13.80315113067627,0.0,0.181368350982666,14.48439121246338,5.022822380065918,37.0,25.0,30.0,0.0,
2025-12-30,10:10:24.538000,FinePointe Series WBP [SN 10499C]  Site 3 Bias Flow is out of range.,,,,,,,,,,,,,,,,,,,,,,,,,
2025-12-30,10:10:26.538000,2d,Toxicity,Original,,96.13444519042967,2.6218507289886475,251.08038330078125,0.5889622569084167,0.5982014536857605,0.6616883277893066,11.153897285461426,13.64504051208496,13.640661239624023,0.3377140164375305,0.289199948310852,1.1393883228302002,12.465770721435549,0.0,0.1929281800985336,18.694936752319336,6.338551998138428,37.0,25.0,30.0,0.0,
2025-12-30,10:10:28.538000,2d,Toxicity,Original,,155.31442260742188,2.1924214363098145,297.4598388671875,0.4268851578235626,0.5328603386878967,0.7904624342918396,11.153897285461426,16.15477180480957,14.457143783569336,0.227819949388504,0.2341158241033554,1.1471214294433594,9.993864059448242,0.0,0.156233012676239,13.768271446228027,7.780996799468994,37.0,25.0,30.0,40.0,
2025-12-30,10:10:30.538000,2d,Toxicity,Original,,142.2880859375,1.7608035802841189,246.0078125,0.5660205483436584,0.5057373046875,0.8386164307594299,11.153897285461426,12.565862655639648,16.052776336669922,0.2217351198196411,0.218969851732254,1.3333876132965088,12.2263822555542,0.0,0.1499614417552948,19.111560821533203,6.198248863220215,37.0,25.0,30.0,25.0,
2025-12-30,10:10:32.538000,2d,Toxicity,Original,,109.47289276123048,2.535407543182373,277.6112365722656,0.4163594841957092,0.63669353723526,0.8523116111755371,11.153897285461426,14.770532608032228,11.348581314086914,0.2730614244937897,0.2779273092746734,0.8253617286682129,12.504538536071776,11.12335968017578,0.1773199886083603,13.526741981506348,8.875322341918945,37.0,25.0,30.0,0.0,
2025-12-30,10:10:32.538000,FinePointe Series WBP [SN 139781]  Site 4 Bias Flow is out of range.,,,,,,,,,,,,,,,,,,,,,,,,,
2025-12-30,10:10:32.538000,FinePointe Series WBP [SN 10499C]  Site 3 Bias Flow is out of range.,,,,,,,,,,,,,,,,,,,,,,,,,
2025-12-30,10:10:34.538000,2d,Toxicity,Original,,135.56138610839844,2.510312557220459,344.5269775390625,0.4645071625709533,0.5670813918113708,0.7747637629508972,11.153897285461426,16.822307586669922,13.657391548156738,0.2205220758914947,0.2293227165937423,1.1150833368301392,9.75664520263672,0.0,0.1505728513002395,12.197250366210938,7.665554046630859,37.0,25.0,30.0,0.0,
2025-12-30,10:10:36.538000,2d,Toxicity,Original,,165.33265686035156,2.3399953842163086,362.4873962402344,0.548344612121582,0.549498975276947,0.8024181127548218,11.153897285461426,15.488077163696287,15.841327667236328,0.2050406634807586,0.17672660946846,1.2420263290405271,7.786708831787109,0.0,0.1169037744402885,11.034645080566406,6.302976608276367,37.0,25.0,30.0,33.33333206176758,
2025-12-30,10:10:38.538000,2d,Toxicity,Original,,99.50782775878906,2.5746960639953613,256.1994323730469,0.4758224189281463,0.6085959076881409,0.6822043061256409,11.153897285461426,12.569644927978516,10.60154914855957,0.3134605586528778,0.2896636128425598,0.7910345196723938,11.095785140991213,0.0,0.1875429153442382,12.71190071105957,7.01325273513794,37.0,25.0,30.0,40.0,
2025-12-30,10:10:40.538000,2d,Toxicity,Original,,117.67156219482422,2.866457223892212,339.0672912597656,0.4029933214187622,0.4974696934223175,0.7891058325767517,11.153897285461426,13.999266624450684,12.555726051330566,0.2947079241275787,0.2251808196306228,0.8444667458534241,11.121530532836914,0.0,0.15745410323143,14.344488143920898,5.345619201660156,37.0,25.0,30.0,0.0,
2025-12-30,10:10:42.538000,2d,Toxicity,Original,,99.86062622070312,2.484877109527588,248.14138793945312,0.3303632140159607,0.7909101247787476,0.7097311615943909,11.153897285461426,16.2358341217041,6.132627487182617,0.2260476350784301,0.3747898042201996,0.3945288062095642,7.849881172180176,0.0,0.2129444032907486,0.6478239893913269,13.223562240600586,37.0,25.0,30.0,50.0,
2025-12-30,10:10:42.538000,FinePointe Series WBP [SN 139781]  Site 4 Bias Flow is out of range.,,,,,,,,,,,,,,,,,,,,,,,,,
2025-12-30,10:10:42.538000,FinePointe Series WBP [SN 10499C]  Site 3 Bias Flow is out of range.,,,,,,,,,,,,,,,,,,,,,,,,,
2025-12-30,10:10:44.538000,2d,Toxicity,Original,,100.38897705078124,2.7355294227600098,274.05194091796875,0.4199923872947693,0.5941864252090454,0.776371419429779,11.153897285461426,13.340269088745115,9.628070831298828,0.2838513851165771,0.3146235346794128,0.5650598406791687,7.785798072814941,0.0,0.2040363997220993,5.940612316131592,6.258119583129883,37.0,25.0,30.0,20.0,
2025-12-30,10:10:46.538000,2d,Toxicity,Original,,105.40072631835938,2.1554605960845947,227.29049682617188,0.5749724507331848,0.6308994889259338,0.8462910056114197,11.153897285461426,10.814939498901367,10.978731155395508,0.2817595899105072,0.287517786026001,0.7846943736076355,8.197690963745117,0.0,0.1826934814453125,11.654105186462402,5.5740275382995605,37.0,25.0,30.0,0.0,
2025-12-30,10:10:48.538000,2d,Toxicity,Original,,150.52200317382812,2.2715272903442383,343.6038513183594,0.4905824959278106,0.5547739267349243,0.6743331551551819,11.153897285461426,15.477276802062988,13.415067672729492,0.2107699811458587,0.1932243257761001,1.0184565782546997,8.394024848937988,0.0,0.1284148693084716,10.73648166656494,6.533969402313232,37.0,25.0,30.0,33.33333206176758,
2025-12-30,10:10:50.538000,2d,Toxicity,Original,,177.64613342285156,1.661172866821289,281.6094055175781,0.2924472391605377,0.528499960899353,0.8119369149208069,11.153897285461426,16.140117645263672,9.228607177734377,0.1456840932369232,0.210055872797966,0.7176595330238342,6.652131080627441,0.0,0.1409074068069458,9.00960636138916,4.86243200302124,37.0,25.0,30.0,40.0,
2025-12-30,10:10:52.538000,2d,Toxicity,Original,,162.00616455078125,2.1571030616760254,351.5992736816406,0.3158560395240783,0.5146171450614929,0.7794081568717957,11.153897285461426,17.0180606842041,11.075654983520508,0.1843478381633758,0.1866778135299682,0.8661414980888367,8.305601119995117,0.0,0.126978799700737,12.090068817138672,7.152620315551758,37.0,25.0,30.0,33.33333206176758,
2025-12-30,10:10:52.538000,FinePointe Series WBP [SN 139781]  Site 4 Bias Flow is out of range.,,,,,,,,,,,,,,,,,,,,,,,,,
2025-12-30,10:10:52.538000,FinePointe Series WBP [SN 10499C]  Site 3 Bias Flow is out of range.,,,,,,,,,,,,,,,,,,,,,,,,,
2025-12-30,10:10:54.538000,2d,Toxicity,Original,,140.90040588378906,2.61461877822876,368.4008483886719,0.41701740026474,0.4693304300308227,0.8736639618873596,11.153897285461426,18.345033645629883,17.71685791015625,0.2014901489019394,0.2243425548076629,1.3136533498764038,11.044991493225098,0.0,0.157073974609375,13.73866844177246,5.231442451477051,37.0,25.0,30.0,0.0,
2025-12-30,10:10:56.538000,2d,Toxicity,Original,,103.62580108642578,3.0298376083374023,313.3149108886719,0.4456298649311065,0.68277508020401,0.4876967668533325,11.153897285461426,14.348164558410645,9.03264045715332,0.3085912466049194,0.2720701694488525,0.7177541851997375,8.681680679321289,0.0,0.1689316928386688,8.916963577270508,7.029532432556152,37.0,25.0,30.0,50.0,
2025-12-30,10:10:58.538000,2d,Toxicity,Original,,104.2077865600586,2.3222498893737797,241.54937744140625,0.6169476509094238,0.5456687808036804,0.768839955329895,11.153897285461426,11.91748332977295,13.920841217041016,0.2850326597690582,0.2918249070644378,0.9285094141960144,9.351318359375,0.0,0.1950488090515136,7.886636734008789,4.542311668395996,37.0,25.0,30.0,0.0,
2025-12-30,10:11:00.538000,2d,Toxicity,Original,,107.8534698486328,2.3335981369018555,252.1341857910156,0.5902714729309082,0.6146472096443176,0.4874249100685119,11.153897285461426,12.713590621948242,12.622358322143556,0.2767536640167236,0.2805359065532684,0.8733052015304565,12.278246879577637,0.0,0.1805590987205505,11.140822410583496,6.005018711090088,37.0,25.0,30.0,0.0,
2025-12-30,10:11:02.538000,2d,Toxicity,Original,,106.24740600585938,2.704450845718384,286.5995483398437,0.4727932214736938,0.6164824962615967,0.6056116223335266,11.153897285461426,14.813016891479492,11.94559097290039,0.2848240733146667,0.2807352542877197,0.8689426779747009,12.62768840789795,0.0,0.1808430254459381,12.683229446411133,7.330650329589844,37.0,25.0,30.0,0.0,
2025-12-30,10:11:02.538000,FinePointe Series WBP [SN 139781]  Site 4 Bias Flow is out of range.,,,,,,,,,,,,,,,,,,,,,,,,,
2025-12-30,10:11:02.538000,FinePointe Series WBP [SN 10499C]  Site 3 Bias Flow is out of range.,,,,,,,,,,,,,,,,,,,,,,,,,
2025-12-30,10:11:04.538000,2d,Toxicity,Original,,104.86026763916016,2.5651943683624268,269.0977783203125,0.6563307642936707,0.638192892074585,0.488185852766037,11.153897285461426,12.323928833007812,12.430925369262695,0.2915834784507751,0.2806130349636078,1.0045698881149292,12.43384838104248,0.0,0.1776458024978637,11.468667030334473,6.323720455169678,37.0,25.0,30.0,0.0,
2025-12-30,10:11:06.538000,2d,Toxicity,Original,,108.21461486816406,2.574700832366944,279.03912353515625,0.498060941696167,0.6159361600875854,0.6822324991226196,11.153897285461426,13.725095748901367,12.211809158325195,0.2921185493469238,0.2638755142688751,0.9162680506706238,10.01896858215332,0.0,0.1700727641582489,12.538570404052734,5.132743835449219,37.0,25.0,30.0,0.0,
2025-12-30,10:11:08.538000,2d,Toxicity,Original,,106.27188110351562,2.611922264099121,276.8971862792969,0.5692137479782104,0.6055644750595093,0.7042651176452637,11.153897285461426,13.165294647216797,13.788454055786133,0.292336642742157,0.274090826511383,1.0483098030090332,10.220440864562988,0.0,0.1772224456071853,12.38656997680664,6.711113929748535,37.0,25.0,30.0,0.0,
2025-12-30,10:11:10.538000,2d,Toxicity,Original,,104.86263275146484,2.5960190296173096,271.7812805175781,0.6180905699729919,0.6713605523109436,0.5361753702163696,11.153897285461426,13.276469230651855,12.581212997436523,0.2933194041252136,0.280032604932785,0.9034571647644044,9.749780654907228,0.0,0.1751479208469391,11.105829238891602,8.02995777130127,37.0,25.0,30.0,0.0,
2025-12-30,10:11:12.538000,2d,Toxicity,Original,,111.9452667236328,2.5223546028137207,282.37225341796875,0.5831440687179565,0.6187392473220825,0.5751370191574097,11.153897285461426,13.64714813232422,12.924117088317873,0.2858283519744873,0.250227689743042,1.067193627357483,11.213295936584473,0.0,0.1620386838912964,12.917121887207031,8.630592346191406,37.0,25.0,30.0,0.0,
2025-12-30,10:11:14.538000,2d,Toxicity,Original,,101.6727294921875,2.44264554977417,248.3548583984375,0.5496364235877991,0.5541350841522217,0.5541086196899414,11.153897285461426,13.452237129211426,14.120546340942385,0.2941746711730957,0.2966425120830536,1.1573418378829956,11.61635398864746,0.0,0.2053304314613342,18.034574508666992,5.780308723449707,37.0,25.0,30.0,0.0,
2025-12-30,10:11:14.538000,FinePointe Series WBP [SN 139781]  Site 4 Bias Flow is out of range.,,,,,,,,,,,,,,,,,,,,,,,,,
2025-12-30,10:11:14.538000,FinePointe Series WBP [SN 10499C]  Site 3 Bias Flow is out of range.,,,,,,,,,,,,,,,,,,,,,,,,,
2025-12-30,10:11:16.538000,2d,Toxicity,Original,,110.00389862060548,2.6761670112609863,294.1990661621094,0.5790638327598572,0.6457333564758301,0.6334707736968994,11.153897285461426,13.975744247436523,12.736166000366213,0.2905234098434448,0.2560626864433288,1.0981526374816897,11.59339714050293,0.0,0.162248283624649,14.732986450195312,8.052928924560547,37.0,25.0,30.0,0.0,
2025-12-30,10:11:18.538000,2d,Toxicity,Original,,110.51881408691406,2.602535963058472,287.56787109375,0.53714519739151,0.5723272562026978,0.7913460731506348,11.153897285461426,13.843944549560549,13.76938247680664,0.2839301824569702,0.2593141496181488,0.9723976850509644,7.901620864868164,0.0,0.1702776104211807,10.712242126464844,5.236211776733398,37.0,25.0,30.0,0.0,
2025-12-30,10:11:20.538000,2d,Toxicity,Original,,115.91156005859376,2.2727298736572266,263.3246765136719,0.7210612893104553,0.669491708278656,0.6833170056343079,11.153897285461426,12.23702907562256,14.13637638092041,0.2721717357635498,0.2461522370576858,0.983009159564972,8.918841361999512,0.0,0.1546333134174347,10.072256088256836,6.241274356842041,37.0,25.0,30.0,0.0,
2025-12-30,10:11:22.538000,2d,Toxicity,Original,,157.2144775390625,1.796429991722107,282.4248046875,0.5431187748908997,0.4645971059799194,0.836569607257843,11.153897285461426,11.867050170898438,15.149757385253906,0.2477641850709915,0.133880078792572,1.1827375888824463,8.81928825378418,0.0,0.0956043377518653,13.781872749328612,4.164856433868408,37.0,25.0,30.0,80.0,
2025-12-30,10:11:22.538000,FinePointe Series WBP [SN 139781]  Site 4 Bias Flow is out of range.,,,,,,,,,,,,,,,,,,,,,,,,,
2025-12-30,10:11:24.538000,2d,Toxicity,Original,,89.76849365234375,2.626208543777466,237.0297698974609,0.4387410879135132,0.6361203193664551,0.8437426686286926,11.153897285461426,12.892851829528809,9.902883529663086,0.3085391223430633,0.3624874651432037,0.6223765015602112,8.936542510986328,0.0,0.2285035997629165,6.733333587646484,4.987831592559815,37.0,25.0,30.0,40.0,
2025-12-30,10:11:24.538000,FinePointe Series WBP [SN 10499C]  Site 3 Bias Flow is out of range.,,,,,,,,,,,,,,,,,,,,,,,,,
2025-12-30,10:11:26.538000,2d,Toxicity,Original,,101.6644515991211,2.899720907211304,294.6372985839844,0.3635340631008148,0.5416479706764221,0.8593434691429138,11.153897285461426,14.255852699279783,10.573083877563477,0.3030279278755188,0.2874213755130768,0.7239935398101807,12.040782928466797,0.0,0.1940727233886718,12.1990966796875,5.432430744171143,37.0,25.0,30.0,0.0,
2025-12-30,10:11:28.538000,2d,Toxicity,Original,,104.67982482910156,2.2775323390960693,237.89334106445312,0.5299827456474304,0.5341899991035461,0.8529597520828247,11.153897285461426,11.528376579284668,12.769158363342283,0.2929918467998504,0.2816331684589386,0.7226735949516296,9.911333084106444,0.0,0.1903561800718307,11.435471534729004,4.103084087371826,37.0,25.0,30.0,0.0,
2025-12-30,10:11:30.538000,2d,Toxicity,Original,,133.16220092773438,2.511042833328247,334.7261962890625,0.4047032594680786,0.5118111968040466,0.7381534576416016,11.153897285461426,15.11600112915039,13.12270736694336,0.2383563220500946,0.2122690081596374,1.000544786453247,10.29802131652832,0.0,0.1465237140655517,16.209442138671875,6.708475589752197,37.0,25.0,30.0,0.0,
2025-12-30,10:11:32.538000,2d,Toxicity,Original,,133.7741241455078,2.5835607051849365,346.64166259765625,0.2656682729721069,0.3884000778198242,0.790801465511322,11.153897285461426,18.62112236022949,14.521748542785645,0.1962947249412536,0.2582378089427948,1.0142557621002195,8.870360374450684,0.0,0.1910960227251052,13.852018356323242,3.791759490966797,37.0,25.0,30.0,50.0,
2025-12-30,10:11:32.538000,FinePointe Series WBP [SN 139781]  Site 4 Bias Flow is out of range.,,,,,,,,,,,,,,,,,,,,,,,,,
2025-12-30,10:11:32.538000,FinePointe Series WBP [SN 10499C]  Site 3 Bias Flow is out of range.,,,,,,,,,,,,,,,,,,,,,,,,,
2025-12-30,10:11:36.538000,2d,Toxicity,Original,,98.53228759765624,2.867233991622925,281.9326171875,0.4509012103080749,0.5909163355827332,0.8024454712867737,11.153897285461426,12.92945671081543,10.67121410369873,0.304389476776123,0.3049564361572265,0.6520684957504272,8.541990280151367,0.0,0.1992729753255844,8.215709686279297,5.649298667907715,37.0,25.0,30.0,42.85714340209961,
2025-12-30,10:11:38.538000,2d,Toxicity,Original,,98.05183410644533,2.0891144275665283,204.6586761474609,0.5462740659713745,0.5696583986282349,0.8410941958427429,11.153897285461426,10.437691688537598,11.54831600189209,0.2818603515625,0.3305109441280365,0.6896752119064331,9.06740951538086,0.0,0.2180177718400955,8.61860179901123,3.4999709129333496,37.0,25.0,30.0,0.0,
2025-12-30,10:11:40.538000,2d,Toxicity,Original,,116.6124038696289,2.362634420394897,277.73651123046875,0.5215024948120117,0.578983724117279,0.7285654544830322,11.153897285461426,13.557218551635742,12.66626262664795,0.2589322924613952,0.2619666755199432,0.9445170164108276,9.441622734069824,0.0,0.1728198230266571,11.691171646118164,6.569794654846191,37.0,25.0,30.0,0.0,
2025-12-30,10:11:42.538000,2d,Toxicity,Original,,128.09832763671875,2.552331686019897,324.4527587890625,0.4797880351543426,0.5949162244796753,0.7815319299697876,11.153897285461426,17.92513084411621,13.786675453186035,0.2176016867160797,0.2527306079864502,1.0663886070251465,8.545899391174316,0.0,0.1632154732942581,8.754439353942871,6.669256687164307,37.0,25.0,30.0,0.0,
2025-12-30,10:11:42.538000,FinePointe Series WBP [SN 139781]  Site 4 Bias Flow is out of range.,,,,,,,,,,,,,,,,,,,,,,,,,
2025-12-30,10:11:42.538000,FinePointe Series WBP [SN 10499C]  Site 3 Bias Flow is out of range.,,,,,,,,,,,,,,,,,,,,,,,,,
2025-12-30,10:11:44.538000,2d,Toxicity,Original,,111.93993377685548,2.7802700996398926,293.5857238769531,0.3976068198680877,0.6352287530899048,0.6952615976333618,11.153897285461426,15.311637878417969,11.099933624267578,0.2599059641361236,0.2931633591651916,0.5833389759063721,11.189269065856934,0.0,0.1852754801511764,9.07967758178711,8.376163482666016,37.0,25.0,30.0,40.0,
2025-12-30,10:11:46.538000,2d,Toxicity,Original,,104.0995635986328,2.8766233921051025,298.61968994140625,0.633918046951294,0.7279090285301208,0.4067124426364898,11.153897285461426,14.000925064086914,11.20164394378662,0.3041814267635345,0.272463321685791,0.7728521227836609,8.195571899414062,0.0,0.1631786227226257,7.2684736251831055,7.160060882568359,37.0,25.0,30.0,0.0,
2025-12-30,10:11:48.538000,2d,Toxicity,Original,,96.9317398071289,2.213747501373291,213.72946166992188,0.6085017919540405,0.5167807936668396,0.7457581162452698,11.153897285461426,11.44615650177002,13.929450988769531,0.3018997609615326,0.3207981884479522,1.0432058572769165,8.918283462524414,0.0,0.2193998098373413,5.311367034912109,3.906415939331055,37.0,25.0,30.0,0.0,
2025-12-30,10:11:50.538000,2d,Toxicity,Original,,102.7361068725586,2.2818098068237305,234.278564453125,0.7417234778404236,0.697960376739502,0.5715288519859314,11.153897285461426,11.558594703674316,11.794668197631836,0.2915434837341308,0.2927871942520141,0.8929402828216553,9.09052848815918,0.0,0.1780421137809753,8.499124526977539,9.360106468200684,37.0,25.0,30.0,0.0,
2025-12-30,10:11:52.538000,2d,Toxicity,Original,,111.40743255615234,2.753802537918091,306.5999450683594,0.5094463229179382,0.5852496027946472,0.8592970967292786,11.153897285461426,14.905117988586426,12.73211669921875,0.2789607942104339,0.2597354650497436,0.8380180597305298,9.64817237854004,0.0,0.1692626625299453,11.16353702545166,6.369846820831299,37.0,25.0,30.0,0.0,
2025-12-30,10:11:52.538000,FinePointe Series WBP [SN 139781]  Site 4 Bias Flow is out of range.,,,,,,,,,,,,,,,,,,,,,,,,,
2025-12-30,10:11:52.538000,FinePointe Series WBP [SN 10499C]  Site 3 Bias Flow is out of range.,,,,,,,,,,,,,,,,,,,,,,,,,
2025-12-30,10:11:54.538000,2d,Toxicity,Original,,104.26815032958984,2.511214256286621,261.7857666015625,0.530412495136261,0.5763913989067078,0.7313916683197021,11.153897285461426,11.67172145843506,11.786781311035156,0.2993125319480896,0.2768143117427826,0.9181806445121764,9.244840621948242,0.0,0.1827986240386963,9.56043815612793,4.100365161895752,37.0,25.0,30.0,0.0,
2025-12-30,10:11:56.538000,2d,Toxicity,Original,,103.95249938964844,2.129359722137451,214.3031311035156,0.4293124675750732,0.581730842590332,0.8717150092124939,11.153897285461426,13.25759220123291,9.992721557617188,0.2542895078659057,0.3613890409469604,0.5414316654205322,9.146791458129885,0.0,0.2316580265760421,6.280271530151367,2.230885505676269,37.0,25.0,30.0,50.0,
2025-12-30,10:11:58.538000,2d,Toxicity,Original,,84.4597396850586,2.6190619468688965,221.4951171875,0.492142379283905,0.6089035868644714,0.4162479639053345,11.153897285461426,12.995549201965332,9.86234188079834,0.3403172194957733,0.3722698390483856,0.6078469157218933,9.355997085571287,0.0,0.2411829084157943,7.581939220428467,4.459197998046875,37.0,25.0,30.0,0.0,
2025-12-30,10:12:00.538000,2d,Toxicity,Original,,193.36175537109372,2.0193278789520264,298.1203918457031,0.4373566508293152,0.6482721567153931,0.6492046117782593,11.153897285461426,15.44509983062744,10.65233325958252,0.189349815249443,0.1969136744737625,0.7859290838241577,7.930559158325195,0.0,0.1240356639027595,12.089529991149902,6.058581829071045,37.0,25.0,30.0,0.0,
2025-12-30,10:12:02.538000,2d,Toxicity,Original,,99.29925537109376,2.886786460876465,286.5325012207031,0.5469711422920227,0.6433205604553223,0.8127483129501343,11.153897285461426,14.442672729492188,11.413825988769531,0.3148724138736725,0.2916179895401001,0.7921909093856812,7.950479984283447,0.0,0.1823513805866241,8.808920860290527,5.343732833862305,37.0,25.0,30.0,50.0,
2025-12-30,10:12:02.538000,FinePointe Series WBP [SN 139781]  Site 4 Bias Flow is out of range.,,,,,,,,,,,,,,,,,,,,,,,,,
2025-12-30,10:12:02.538000,FinePointe Series WBP [SN 10499C]  Site 3 Bias Flow is out of range.,,,,,,,,,,,,,,,,,,,,,,,,,
2025-12-30,10:12:04.538000,2d,Toxicity,Original,,106.19329833984376,2.59731388092041,275.7109680175781,0.6063680648803711,0.6514248847961426,0.6808573603630066,11.153897285461426,12.38375186920166,12.042635917663574,0.2911841571331024,0.2743730545043945,0.7620207071304321,7.551248550415039,0.0,0.1713611036539077,7.639936923980713,4.27662467956543,37.0,25.0,30.0,0.0,
2025-12-30,10:12:06.538000,2d,Toxicity,Original,,104.2608413696289,2.6022040843963623,271.200927734375,0.4792138338088989,0.6143693327903748,0.7978379130363464,11.153897285461426,13.656734466552734,11.392807006835938,0.2783158123493194,0.2982454001903534,0.8796648383140564,10.868556022644045,0.0,0.1918497681617736,11.462678909301758,7.435499668121338,37.0,25.0,30.0,0.0,
2025-12-30,10:12:08.538000,2d,Toxicity,Original,,108.55824279785156,2.3412015438079834,253.54769897460935,0.5268899202346802,0.5706281661987305,0.578757643699646,11.153897285461426,13.979395866394045,13.11053466796875,0.2670247554779053,0.2877315580844879,0.8854571580886841,14.707687377929688,0.0,0.1934533268213272,12.433475494384766,7.854745864868164,37.0,25.0,30.0,0.0,
2025-12-30,10:12:10.538000,2d,Toxicity,Original,,107.002685546875,2.5540497303009038,272.6888427734375,0.399343192577362,0.5265998840332031,0.8229575157165527,11.153897285461426,13.494897842407228,11.685810089111328,0.279593825340271,0.2818740606307983,0.7339068055152893,9.427297592163086,0.0,0.1906834244728088,10.255450248718262,3.873933076858521,37.0,25.0,30.0,0.0,
2025-12-30,10:12:12.538000,2d,Toxicity,Original,,105.99215698242188,2.520741701126098,267.7250671386719,0.4784095287322998,0.5766000151634216,0.8268186450004578,11.153897285461426,13.296944618225098,12.373717308044434,0.2913984656333923,0.2759297788143158,0.8769345879554749,12.406076431274414,0.0,0.1849831491708755,12.712113380432127,6.590953826904297,37.0,25.0,30.0,0.0,
2025-12-30,10:12:14.538000,2d,Toxicity,Original,,103.49681091308594,2.8294389247894287,292.5635986328125,0.4859842360019684,0.5483794212341309,0.787428617477417,11.153897285461426,14.592872619628906,13.561371803283691,0.3010266423225403,0.2792609930038452,1.0106920003890991,12.713519096374512,0.0,0.1875954419374466,12.99979019165039,5.056121349334717,37.0,25.0,30.0,0.0,
2025-12-30,10:12:14.538000,FinePointe Series WBP [SN 139781]  Site 4 Bias Flow is out of range.,,,,,,,,,,,,,,,,,,,,,,,,,
2025-12-30,10:12:14.538000,FinePointe Series WBP [SN 10499C]  Site 3 Bias Flow is out of range.,,,,,,,,,,,,,,,,,,,,,,,,,
2025-12-30,10:12:16.538000,2d,Toxicity,Original,,108.22125244140624,2.511066436767578,271.4522399902344,0.6443444490432739,0.6486340761184692,0.6435068249702454,11.153897285461426,12.37839126586914,12.788862228393556,0.293418675661087,0.2618199288845062,1.093461990356445,12.297348976135254,0.0,0.1661453992128372,12.874174118041992,7.847035884857178,37.0,25.0,30.0,0.0,
2025-12-30,10:12:18.538000,2d,Toxicity,Original,,110.68083190917967,2.4944071769714355,275.9567565917969,0.5623066425323486,0.6543893814086914,0.638972818851471,11.153897285461426,13.746538162231444,11.987475395202637,0.2800874710083008,0.2621932625770569,0.9783860445022584,9.61639404296875,0.0,0.1644591391086578,13.205304145812988,7.419736385345459,37.0,25.0,30.0,0.0,
2025-12-30,10:12:20.538000,2d,Toxicity,Original,,142.37216186523438,1.995977759361267,245.5728454589844,0.4912514984607696,0.5555785298347473,0.7496053576469421,11.153897285461426,11.78111743927002,12.66242790222168,0.2280994057655334,0.2395442128181457,0.8841429352760315,8.280169486999512,0.0,0.1578599214553833,10.657525062561035,5.845737457275391,37.0,25.0,30.0,25.0,
2025-12-30,10:12:22.538000,2d,Toxicity,Original,,90.84351348876952,2.2590014934539795,205.50778198242188,0.5364547371864319,0.5892611742019653,0.8781238198280334,11.153897285461426,11.73207950592041,11.34246826171875,0.2985098659992218,0.3631722927093506,0.6777182221412659,10.818154335021973,0.0,0.2373426556587219,7.885760307312012,3.3529484272003174,37.0,25.0,30.0,0.0,
2025-12-30,10:12:24.538000,2d,Toxicity,Original,,117.97291564941406,2.6026151180267334,304.189208984375,0.3796166181564331,0.576636016368866,0.7359123826026917,11.153897285461426,15.264504432678224,9.815438270568848,0.2660997211933136,0.2553965747356415,0.6577942967414856,9.98890495300293,0.0,0.1674665212631225,10.286284446716309,6.889133930206299,37.0,25.0,30.0,0.0,
2025-12-30,10:12:24.538000,FinePointe Series WBP [SN 139781]  Site 4 Bias Flow is out of range.,,,,,,,,,,,,,,,,,,,,,,,,,
2025-12-30,10:12:24.538000,FinePointe Series WBP [SN 10499C]  Site 3 Bias Flow is out of range.,,,,,,,,,,,,,,,,,,,,,,,,,
2025-12-30,10:12:26.538000,2d,Toxicity,Original,,184.5625,1.7736713886260986,327.3532409667969,0.3195668458938598,0.5248931646347046,0.906640887260437,11.153897285461426,18.688129425048828,13.08152198791504,0.1353818327188491,0.1897112876176834,0.935448944568634,8.618887901306152,0.0,0.1272780001163482,13.09192180633545,7.266258239746094,37.0,25.0,30.0,75.0,
2025-12-30,10:12:28.538000,2d,Toxicity,Original,,90.30305480957033,1.8856093883514404,170.27627563476562,0.930448830127716,1.0033540725708008,0.8677379488945007,11.153897285461426,14.01333713531494,9.79833698272705,0.2495575696229934,0.4148717820644378,0.5283505916595459,8.250370979309082,0.0,0.2135342061519622,1.4600005149841309,9.324498176574709,37.0,25.0,30.0,75.0,
2025-12-30,10:12:30.538000,2d,Toxicity,Original,,92.11583709716795,3.054757595062256,283.6332092285156,0.3793309926986694,0.6519119143486023,0.5829780101776123,11.153897285461426,16.23733901977539,8.47396183013916,0.2865503132343292,0.3666071891784668,0.4373292624950409,8.811256408691406,0.0,0.2280435860157013,4.63700008392334,5.679355144500732,37.0,25.0,30.0,40.0,
2025-12-30,10:12:32.538000,2d,Toxicity,Original,,117.86062622070312,1.9741193056106567,233.45509338378903,0.5401151776313782,0.5843678712844849,0.7106130123138428,11.153897285461426,12.676663398742676,12.525876998901367,0.2475905120372772,0.2825029790401459,0.8254423141479492,8.522724151611328,0.0,0.1857966631650924,9.622933387756348,5.234099388122559,37.0,25.0,30.0,0.0,
2025-12-30,10:12:32.538000,FinePointe Series WBP [SN 139781]  Site 4 Bias Flow is out of range.,,,,,,,,,,,,,,,,,,,,,,,,,
2025-12-30,10:12:34.538000,2d,Toxicity,Original,,139.955810546875,1.4968382120132446,209.4912109375,0.6354372501373291,0.5905362367630005,0.7807702422142029,11.153897285461426,9.528000831604004,10.697556495666504,0.2135345935821533,0.2151721268892288,0.6364607214927673,6.42780876159668,0.0,0.1388972401618957,7.703730583190918,7.128645420074463,37.0,25.0,30.0,66.66666412353516,
2025-12-30,10:12:34.538000,FinePointe Series WBP [SN 10499C]  Site 3 Bias Flow is out of range.,,,,,,,,,,,,,,,,,,,,,,,,,
2025-12-30,10:12:36.538000,2d,Toxicity,Original,,138.80508422851562,1.8566588163375852,257.71368408203125,0.4577079713344574,0.9423955082893372,0.9574575424194336,11.153897285461426,15.91059112548828,7.491116523742676,0.1815969496965408,0.2506638467311859,0.4210399091243744,8.184117317199707,0.0,0.1320041120052337,8.711113929748535,12.154810905456545,37.0,25.0,30.0,85.71428680419922,
2025-12-30,10:12:38.538000,2d,Toxicity,Original,,231.7770233154297,1.2904984951019287,309.9848327636719,0.2980402708053589,0.5196976661682129,0.8000504970550537,11.153897285461426,18.178194046020508,11.18876838684082,0.106533758342266,0.1807844638824463,0.6683897972106934,5.045505523681641,0.0,0.1247843503952026,8.296651840209961,10.341404914855955,37.0,25.0,30.0,81.81818389892578,
2025-12-30,10:12:40.538000,2d,Toxicity,Original,,291.39117431640625,0.765882134437561,223.1712951660156,0.8229477405548096,0.5510842204093933,0.5444954037666321,11.153897285461426,10.256067276000977,15.585797309875488,0.10673438757658,0.0991743877530098,1.396215796470642,7.910464286804199,0.0,0.0658375993371009,19.10611724853516,9.265847206115724,37.0,25.0,30.0,80.0,
2025-12-30,10:12:40.538000,FinePointe Series WBP [SN 10499C]  Site 4 Bias Flow is out of range.,,,,,,,,,,,,,,,,,,,,,,,,,
2025-12-30,10:12:40.538000,FinePointe Series WBP [SN 139781]  Site 4 Bias Flow is out of range.,,,,,,,,,,,,,,,,,,,,,,,,,
2025-12-30,10:12:44.538000,2d,Toxicity,Original,,95.7509536743164,2.290253162384033,217.49664306640625,0.4256358742713928,0.7880297899246216,0.7134019136428833,11.153897285461426,14.306109428405762,8.452140808105469,0.2442213892936706,0.3831882774829864,0.5960965156555176,6.6804962158203125,0.0,0.2208835780620575,4.682021617889404,6.842080593109131,37.0,25.0,30.0,72.7272720336914,
2025-12-30,10:12:44.538000,FinePointe Series WBP [SN 10499C]  Site 3 Bias Flow is out of range.,,,,,,,,,,,,,,,,,,,,,,,,,
2025-12-30,10:12:46.538000,2d,Toxicity,Original,,96.0797348022461,2.54068922996521,243.17678833007807,0.4667019546031952,0.6356396079063416,0.8594481348991394,11.153897285461426,12.528221130371094,9.801597595214844,0.2684520483016968,0.3573907017707824,0.4852979183197021,6.232469081878662,0.0,0.2226609289646148,2.287489891052246,3.566469430923462,37.0,25.0,30.0,0.0,
2025-12-30,10:12:48.538000,2d,Toxicity,Original,,93.7232437133789,2.2960474491119385,216.04470825195312,0.5021532773971558,0.642829418182373,0.7975717186927795,11.153897285461426,13.001694679260254,10.173361778259276,0.270161509513855,0.3820641338825226,0.7050660848617554,8.362175941467285,0.0,0.2436161339282989,9.390851974487305,9.640375137329102,37.0,25.0,30.0,0.0,
2025-12-30,10:12:50.538000,2d,Toxicity,Original,,128.93389892578125,2.4580135345458984,316.9982604980469,0.4830450713634491,0.7115442156791687,0.6781178712844849,11.153897285461426,15.388781547546388,9.94770622253418,0.2381111681461334,0.2343158423900604,0.7752813696861267,6.498108386993408,0.0,0.1418627500534057,10.491311073303224,7.979277610778809,37.0,25.0,30.0,50.0,
2025-12-30,10:12:50.538000,FinePointe Series WBP [SN 10499C]  Site 4 Bias Flow is out of range.,,,,,,,,,,,,,,,,,,,,,,,,,
2025-12-30,10:12:52.538000,2d,Toxicity,Original,,105.4104995727539,1.935270428657532,203.81109619140625,0.4483776986598968,0.5893976092338562,0.5413913726806641,11.153897285461426,12.769023895263672,10.587589263916016,0.2588975429534912,0.310339868068695,0.5746850967407227,8.472005844116211,0.0,0.201412558555603,5.833916664123535,7.985672950744629,37.0,25.0,30.0,33.33333206176758,
2025-12-30,10:12:52.538000,FinePointe Series WBP [SN 139781]  Site 4 Bias Flow is out of range.,,,,,,,,,,,,,,,,,,,,,,,,,
2025-12-30,10:12:52.538000,FinePointe Series WBP [SN 10499C]  Site 3 Bias Flow is out of range.,,,,,,,,,,,,,,,,,,,,,,,,,
2025-12-30,10:12:54.538000,2d,Toxicity,Original,,99.91863250732422,2.8039162158966064,280.2479553222656,0.4102015495300293,0.5346145629882812,0.721077024936676,11.153897285461426,12.891411781311035,10.677705764770508,0.3021751940250397,0.2986171841621399,0.558331310749054,10.60977554321289,0.0,0.2007275819778442,6.948110580444336,3.856222152709961,37.0,25.0,30.0,0.0,
2025-12-30,10:12:56.538000,2d,Toxicity,Original,,107.1021728515625,2.209680557250977,235.41629028320312,0.5112603902816772,0.5696342587471008,0.8073263168334961,11.153897285461426,11.936952590942385,11.183610916137695,0.2709979712963104,0.2912634015083313,0.6833949089050293,8.283703804016113,0.0,0.1911121308803558,8.608823776245117,5.368247985839844,37.0,25.0,30.0,0.0,
2025-12-30,10:12:58.538000,2d,Toxicity,Original,,98.05693817138672,2.1230969429016118,208.04147338867188,1.2057716846466064,1.0039045810699463,0.2424742728471756,11.153897285461426,12.124698638916016,12.465669631958008,0.281687319278717,0.3351796865463257,0.7377246618270874,6.797535419464111,0.0,0.1713622510433197,5.433659553527832,16.834335327148438,37.0,25.0,30.0,25.0,
2025-12-30,10:13:00.538000,2d,Toxicity,Original,,102.37702178955078,2.205453395843506,224.14593505859372,0.3565894961357116,0.4990311563014984,0.8598304390907288,11.153897285461426,14.69132137298584,11.683098793029783,0.2790253460407257,0.3166688978672027,0.5957283973693848,12.031221389770508,6.839502334594727,0.2162395417690277,13.497872352600098,1.899566888809204,37.0,25.0,30.0,0.0,
2025-12-30,10:13:02.538000,2d,Toxicity,Original,,249.0744171142578,1.6080524921417236,365.2116088867188,0.4368165731430053,0.5934092998504639,0.7056033611297607,11.153897285461426,16.06082534790039,11.30567741394043,0.150086373090744,0.1163451895117759,0.9165416955947876,5.656950950622559,0.0,0.07566549628973,11.569787979125977,7.346074104309082,37.0,25.0,30.0,71.42857360839844,
2025-12-30,10:13:02.538000,FinePointe Series WBP [SN 139781]  Site 4 Bias Flow is out of range.,,,,,,,,,,,,,,,,,,,,,,,,,
2025-12-30,10:13:02.538000,FinePointe Series WBP [SN 10499C]  Site 3 Bias Flow is out of range.,,,,,,,,,,,,,,,,,,,,,,,,,
2025-12-30,10:13:04.538000,2d,Toxicity,Original,,153.314453125,1.7113310098648071,239.6978454589844,0.5164042711257935,0.6073195934295654,0.8070374727249146,11.153897285461426,15.6925687789917,14.424430847167969,0.1700925230979919,0.2617954611778259,0.8735237121582031,8.875839233398438,0.0,0.1621665507555008,10.928356170654297,9.223067283630373,37.0,25.0,30.0,60.0,
2025-12-30,10:13:06.538000,2d,Toxicity,Original,,104.14939880371094,2.323426485061645,242.62374877929688,0.319903016090393,0.5531721115112305,0.9229386448860168,11.153897285461426,15.559977531433104,9.334410667419434,0.2246885150671005,0.3613823652267456,0.5474993586540222,7.673396110534668,0.0,0.235157236456871,1.5183005332946775,7.089114665985107,37.0,25.0,30.0,33.33333206176758,
2025-12-30,10:13:08.538000,2d,Toxicity,Original,,112.42274475097656,2.562896251678467,290.4114074707031,0.4494438171386719,0.6216792464256287,0.8237712979316711,11.153897285461426,13.9429292678833,10.3074312210083,0.2627581059932709,0.2957956492900848,0.6859036087989807,7.197534561157227,0.0,0.1848085075616836,6.866576194763184,5.947768211364746,37.0,25.0,30.0,0.0,
2025-12-30,10:13:10.538000,2d,Toxicity,Original,,148.55172729492188,1.8363902568817136,272.7989501953125,0.4421344697475433,0.5297279953956604,0.7896298170089722,11.153897285461426,16.513614654541016,15.021211624145508,0.1582149714231491,0.2456847429275512,1.0389630794525146,6.866164684295654,0.0,0.1634758114814758,8.531192779541016,7.053596496582031,37.0,25.0,30.0,0.0,
2025-12-30,10:13:12.538000,2d,Toxicity,Original,,88.58175659179688,2.303990602493286,203.9505157470703,0.4361001551151275,0.65056973695755,0.6926263570785522,11.153897285461426,11.893203735351562,7.801144599914551,0.3077591955661773,0.3700851500034332,0.4731471836566925,7.517738342285156,0.0,0.2300538867712021,6.841116905212402,7.754715442657471,37.0,25.0,30.0,40.0,
2025-12-30,10:13:14.538000,2d,Toxicity,Original,,123.7905731201172,2.248590469360352,275.06591796875,0.3864206373691559,0.4963485300540924,0.816972017288208,11.153897285461426,14.80511474609375,11.940414428710938,0.2329439967870712,0.2694776058197021,0.7285025715827942,8.328470230102539,0.0,0.1840593367815017,8.832533836364746,5.474092483520508,37.0,25.0,30.0,20.0,
2025-12-30,10:13:14.538000,FinePointe Series WBP [SN 139781]  Site 4 Bias Flow is out of range.,,,,,,,,,,,,,,,,,,,,,,,,,
2025-12-30,10:13:14.538000,FinePointe Series WBP [SN 10499C]  Site 3 Bias Flow is out of range.,,,,,,,,,,,,,,,,,,,,,,,,,
2025-12-30,10:13:16.538000,2d,Toxicity,Original,,117.48989868164062,2.2151966094970703,246.50762939453125,0.3725247979164123,0.5856946706771851,0.899250328540802,11.153897285461426,15.020102500915527,9.87796115875244,0.2107196748256683,0.3282537758350372,0.675123929977417,6.7760114669799805,0.0,0.2106766402721405,5.854162216186523,4.040269374847412,37.0,25.0,30.0,25.0,
2025-12-30,10:13:18.538000,2d,Toxicity,Original,,120.15452575683594,2.485416412353516,299.259765625,0.3297136425971985,0.4884302318096161,0.8612931370735168,11.153897285461426,15.345052719116213,11.874917030334473,0.2295782566070556,0.2725704908370971,0.7307068109512329,7.656086444854736,0.0,0.1891364604234695,7.322073936462402,4.957058906555176,37.0,25.0,30.0,0.0,
2025-12-30,10:13:20.538000,2d,Toxicity,Original,,122.35344696044922,2.308759927749634,282.3969116210937,0.5003891587257385,0.6483615636825562,0.7061493992805481,11.153897285461426,15.237726211547852,11.403432846069336,0.222567543387413,0.2684894502162933,0.783190131187439,7.03232479095459,0.0,0.1689413636922836,5.55339241027832,5.098217010498047,37.0,25.0,30.0,0.0,
2025-12-30,10:13:22.538000,2d,Toxicity,Original,,283.9721069335937,0.9555120468139648,258.6155700683594,0.2906466722488403,0.4418070018291473,0.7867276668548584,11.153897285461426,16.249420166015625,10.41607666015625,0.092215359210968,0.1330077350139618,0.6804258823394775,8.320019721984863,0.0,0.0984249413013458,16.607074737548828,10.88477611541748,37.0,25.0,30.0,57.14285659790039,
2025-12-30,10:13:24.538000,2d,Toxicity,Original,,158.660400390625,1.5082799196243286,242.28073120117188,0.5682357549667358,0.5864561200141907,0.7216970324516296,11.153897285461426,13.23487663269043,12.82688331604004,0.1633277833461761,0.2213579565286636,0.8329179883003235,8.385457038879395,0.0,0.1430207043886184,11.084842681884766,7.27647066116333,37.0,25.0,30.0,33.33333206176758,
2025-12-30,10:13:24.538000,FinePointe Series WBP [SN 139781]  Site 4 Bias Flow is out of range.,,,,,,,,,,,,,,,,,,,,,,,,,
2025-12-30,10:13:24.538000,FinePointe Series WBP [SN 10499C]  Site 3 Bias Flow is out of range.,,,,,,,,,,,,,,,,,,,,,,,,,
2025-12-30,10:13:26.538000,2d,Toxicity,Original,,152.44696044921875,2.0552005767822266,293.1952514648437,0.4319718480110168,0.4974440336227417,0.7589885592460632,11.153897285461426,15.45842170715332,13.642245292663574,0.2036638259887695,0.2182264626026153,0.99360853433609,8.08827018737793,0.0,0.1506718099117279,11.16464138031006,5.50580358505249,37.0,25.0,30.0,0.0,
2025-12-30,10:13:28.538000,2d,Toxicity,Original,,99.55740356445312,2.270272016525269,214.44387817382807,0.5779367089271545,0.91680908203125,0.5019984841346741,11.153897285461426,15.669304847717283,10.497108459472656,0.2264083623886108,0.3977802395820617,0.4370612502098083,7.795441627502441,0.0,0.2126289755105972,2.051438808441162,8.913437843322754,37.0,25.0,30.0,0.0,
2025-12-30,10:13:30.538000,2d,Toxicity,Original,,99.84003448486328,2.7028493881225586,265.7875061035156,0.3968425691127777,0.5922713875770569,0.8159452676773071,11.153897285461426,13.142444610595703,8.179895401000977,0.2860285937786102,0.3279464840888977,0.4622584283351898,6.866603851318359,0.0,0.2119145989418029,5.702770709991455,4.053346633911133,37.0,25.0,30.0,25.0,
2025-12-30,10:13:32.538000,2d,Toxicity,Original,,175.88632202148438,1.5338895320892334,270.8994445800781,0.5219237208366394,0.5279379487037659,0.6979045867919922,11.153897285461426,14.67624282836914,14.707109451293944,0.1540073752403259,0.1893141418695449,1.180276870727539,7.0403008460998535,0.0,0.1274705380201339,11.365949630737305,6.394899845123291,37.0,25.0,30.0,66.66666412353516,
2025-12-30,10:13:32.538000,FinePointe Series WBP [SN 139781]  Site 4 Bias Flow is out of range.,,,,,,,,,,,,,,,,,,,,,,,,,
2025-12-30,10:13:34.538000,2d,Toxicity,Original,,102.07501220703124,2.3352863788604736,238.02120971679688,0.4899784326553345,0.6701619625091553,0.5338754057884216,11.153897285461426,11.839290618896484,7.76121711730957,0.2752554416656494,0.3129984736442566,0.4663832187652588,6.349328994750977,0.0,0.1919894814491272,3.7979440689086914,6.4499688148498535,37.0,25.0,30.0,33.33333206176758,
2025-12-30,10:13:34.538000,FinePointe Series WBP [SN 10499C]  Site 3 Bias Flow is out of range.,,,,,,,,,,,,,,,,,,,,,,,,,
2025-12-30,10:13:36.538000,2d,Toxicity,Original,,120.70437622070312,2.3001108169555664,274.8847045898437,0.4001207649707794,0.5515024065971375,0.6501282453536987,11.153897285461426,13.447257995605469,10.694002151489258,0.2583179473876953,0.2507267892360687,0.7426571846008301,9.69715976715088,0.0,0.1657210737466812,12.989290237426758,6.959539890289307,37.0,25.0,30.0,20.0,
2025-12-30,10:13:38.538000,2d,Toxicity,Original,,131.43325805664062,2.3547096252441406,312.53472900390625,0.3369230329990387,0.6036997437477112,0.9082738161087036,11.153897285461426,17.62776756286621,11.214651107788086,0.1890937089920044,0.2678579986095428,0.6110557317733765,7.844191074371338,0.0,0.1698827594518661,5.820699691772461,2.7424144744873047,37.0,25.0,30.0,33.33333206176758,
2025-12-30,10:13:40.538000,2d,Toxicity,Original,,334.4451599121094,0.9287791848182678,310.6257019042969,0.6790795922279358,0.6853013038635254,0.5456206202507019,11.153897285461426,15.230976104736328,14.959339141845703,0.0914283990859985,0.0879732146859169,1.3331117630004885,5.510378360748291,0.0,0.0532028228044509,15.903040885925291,14.77188777923584,37.0,25.0,30.0,75.0,
2025-12-30,10:13:42.538000,2d,Toxicity,Original,,159.25967407226562,1.9531681537628172,301.53277587890625,0.2904191017150879,0.4918602705001831,0.884204626083374,11.153897285461426,17.751605987548828,10.75645351409912,0.1689212173223495,0.2526720762252807,0.6772547960281372,6.37767219543457,0.0,0.1806713193655014,9.134056091308594,7.316607475280762,37.0,25.0,30.0,62.5,
2025-12-30,10:13:42.538000,FinePointe Series WBP [SN 139781]  Site 4 Bias Flow is out of range.,,,,,,,,,,,,,,,,,,,,,,,,,
2025-12-30,10:13:44.538000,2d,Toxicity,Original,,111.06095123291016,2.974301338195801,331.5471496582031,0.3254148960113525,0.5474446415901184,0.4946688115596771,11.153897285461426,18.64679718017578,11.824662208557127,0.227396011352539,0.313856303691864,0.5959508419036865,8.095525741577148,0.0,0.2086820602416992,3.9088525772094727,4.02382755279541,37.0,25.0,30.0,50.0,
2025-12-30,10:13:44.538000,FinePointe Series WBP [SN 10499C]  Site 3 Bias Flow is out of range.,,,,,,,,,,,,,,,,,,,,,,,,,
2025-12-30,10:13:46.538000,2d,Toxicity,Original,,72.91478729248047,2.035727500915528,148.43463134765625,0.8734992742538452,1.1164401769638062,0.9469104409217834,11.153897285461426,13.419690132141112,7.980842590332031,0.2737240195274353,0.5491544008255005,0.3415948450565338,6.091013908386231,0.0,0.264679491519928,,12.760497093200684,37.0,25.0,30.0,66.66666412353516,
2025-12-30,10:13:48.538000,2d,Toxicity,Original,,99.24549102783205,2.6201913356781006,258.6057434082031,0.4465507268905639,0.6767979860305786,0.3955098092556,11.153897285461426,13.32144546508789,8.0246000289917,0.2828160226345062,0.333722859621048,0.4521375894546509,6.724411487579346,0.0,0.2018897235393524,6.460371494293213,5.092878341674805,37.0,25.0,30.0,25.0,
2025-12-30,10:13:50.538000,2d,Toxicity,Original,,103.6372299194336,2.4340991973876958,251.57254028320312,0.4286816120147705,0.5926650762557983,0.7490788102149963,11.153897285461426,16.376955032348633,11.549187660217283,0.2378831207752227,0.3454499244689941,0.6734400391578674,9.946338653564451,0.0,0.2222550809383392,8.841192245483398,9.674909591674805,37.0,25.0,30.0,33.33333206176758,
2025-12-30,10:13:52.538000,2d,Toxicity,Original,,106.67588806152344,2.4279890060424805,258.5875549316406,0.5704200863838196,0.732649028301239,0.5651260018348694,11.153897285461426,15.038796424865724,10.992101669311523,0.2636545300483703,0.3005149662494659,0.736542820930481,8.314231872558594,0.0,0.1799625754356384,7.757909774780273,9.867748260498049,37.0,25.0,30.0,0.0,
2025-12-30,10:13:52.538000,FinePointe Series WBP [SN 139781]  Site 4 Bias Flow is out of range.,,,,,,,,,,,,,,,,,,,,,,,,,
2025-12-30,10:13:52.538000,FinePointe Series WBP [SN 10499C]  Site 3 Bias Flow is out of range.,,,,,,,,,,,,,,,,,,,,,,,,,
2025-12-30,10:13:54.538000,2d,Toxicity,Original,,95.3542022705078,2.538013696670532,241.8638610839844,0.5040185451507568,0.6461707353591919,0.6091657876968384,11.153897285461426,12.567245483398438,9.984612464904783,0.2933388650417328,0.3366131484508514,0.7088236212730408,8.643731117248535,0.0,0.2118452787399292,6.881311893463135,7.891528606414795,37.0,25.0,30.0,0.0,
2025-12-30,10:13:56.538000,2d,Toxicity,Original,,105.79515838623048,2.353679656982422,248.67404174804688,0.4668430387973785,0.6504543423652649,0.8216667771339417,11.153897285461426,14.84861660003662,11.19434928894043,0.2619527280330658,0.3063639104366302,0.8110039830207825,10.212656021118164,0.0,0.1916505545377731,11.780685424804688,8.136981964111328,37.0,25.0,30.0,0.0,
2025-12-30,10:13:58.538000,2d,Toxicity,Original,,91.05101013183594,2.573314428329468,234.2638092041016,0.4505617320537567,0.5940223932266235,0.7137420177459717,11.153897285461426,12.717782974243164,10.282442092895508,0.3087708055973053,0.3508345484733581,0.7046696543693542,10.203914642333984,0.0,0.2264987826347351,9.925188064575195,8.902270317077637,37.0,25.0,30.0,0.0,
2025-12-30,10:14:00.538000,2d,Toxicity,Original,,105.09904479980467,2.561018943786621,269.447021484375,0.5219922065734863,0.6665234565734863,0.6065696477890015,11.153897285461426,12.854337692260742,10.931062698364258,0.2943404912948608,0.2777289748191833,0.8049963712692261,10.247690200805664,0.0,0.174114316701889,10.712974548339844,9.494623184204102,37.0,25.0,30.0,33.33333206176758,
2025-12-30,10:14:02.538000,2d,Toxicity,Original,,101.21711730957033,2.291933298110962,231.76287841796875,0.4893749356269836,0.4910852015018463,0.7513314485549927,11.153897285461426,11.655621528625488,12.368508338928224,0.2910162508487701,0.3045111000537872,0.8811805248260498,9.997822761535645,0.0,0.2114730328321457,10.078531265258787,4.023500442504883,37.0,25.0,30.0,0.0,
2025-12-30,10:14:02.538000,FinePointe Series WBP [SN 139781]  Site 4 Bias Flow is out of range.,,,,,,,,,,,,,,,,,,,,,,,,,
2025-12-30,10:14:02.538000,FinePointe Series WBP [SN 10499C]  Site 3 Bias Flow is out of range.,,,,,,,,,,,,,,,,,,,,,,,,,
2025-12-30,10:14:04.538000,2d,Toxicity,Original,,105.7318878173828,2.7226033210754395,290.8578491210937,0.5292553305625916,0.6760215759277344,0.3943312466144562,11.153897285461426,16.845108032226562,10.769206047058104,0.2489376962184906,0.3249427080154419,0.7782778739929199,7.442222595214844,0.0,0.1972166299819946,3.213071823120117,9.6674165725708,37.0,25.0,30.0,50.0,
2025-12-30,10:14:06.538000,2d,Toxicity,Original,,177.62664794921875,2.0542829036712646,364.8953857421875,0.257428914308548,0.4003653824329376,0.8637809753417969,11.153897285461426,19.65481758117676,13.152817726135254,0.1710782200098037,0.1667089164257049,0.7514640092849731,12.335268020629885,0.0,0.1230883672833442,14.326530456542969,3.124743700027466,37.0,25.0,30.0,83.33333587646484,
2025-12-30,10:14:08.538000,2d,Toxicity,Original,,42.676212310791016,4.894989013671875,208.8995819091797,4.554222106933594,3.436901092529297,0.0619666166603565,11.153897285461426,22.24110221862793,18.05685234069824,0.4699476063251495,0.9359878301620485,0.5429954528808594,6.120246410369873,0.0,0.2149708271026611,1.350726842880249,71.26891326904297,37.0,25.0,30.0,50.0,
2025-12-30,10:14:10.538000,2d,Toxicity,Original,,95.25707244873048,2.672292947769165,253.57505798339844,0.2886104583740234,0.502159059047699,0.7832632064819336,11.153897285461426,13.997248649597168,8.140544891357422,0.2641791701316833,0.366450160741806,0.4703126847743988,9.396991729736328,0.0,0.2488479167222976,5.891335964202881,3.321788787841797,37.0,25.0,30.0,57.14285659790039,
2025-12-30,10:14:12.538000,2d,Toxicity,Original,,269.6925354003906,1.0621265172958374,278.86590576171875,0.399861991405487,0.6177978515625,0.6699627041816711,11.153897285461426,16.00163459777832,10.482906341552734,0.0987970009446144,0.1288008391857147,0.741754412651062,5.279589653015137,0.0,0.0827972143888473,11.396169662475586,9.127345085144045,37.0,25.0,30.0,66.66666412353516,
2025-12-30,10:14:12.538000,FinePointe Series WBP [SN 139781]  Site 4 Bias Flow is out of range.,,,,,,,,,,,,,,,,,,,,,,,,,
2025-12-30,10:14:12.538000,FinePointe Series WBP [SN 10499C]  Site 3 Bias Flow is out of range.,,,,,,,,,,,,,,,,,,,,,,,,,
2025-12-30,10:14:14.538000,2d,Toxicity,Original,,138.36245727539062,1.9775536060333248,274.1983337402344,0.3547952771186828,0.5779107213020325,0.5619787573814392,11.153897285461426,15.084228515625,10.248394012451172,0.1852645277976989,0.2537382543087005,0.5609909296035767,6.100015163421631,0.0,0.168435201048851,4.563144207000732,4.034818172454834,37.0,25.0,30.0,50.0,
2025-12-30,10:14:16.538000,2d,Toxicity,Original,,94.16974639892578,2.395049571990967,221.42819213867188,0.4206992387771606,0.7282576560974121,0.918267786502838,11.153897285461426,14.496739387512209,9.4036283493042,0.2386238276958465,0.4102936387062073,0.4487216174602508,6.88599157333374,0.0,0.2414610534906387,4.766297817230225,3.567420482635498,37.0,25.0,30.0,0.0,
2025-12-30,10:14:18.538000,2d,Toxicity,Original,,87.61073303222656,2.8841452598571777,251.5100555419922,0.3183675706386566,0.6035300493240356,0.8866645693778992,11.153897285461426,13.557743072509766,7.586917877197266,0.2902615964412689,0.3984366655349731,0.315446674823761,7.398072719573975,0.0,0.2537668943405151,3.2116050720214844,1.37083899974823,37.0,25.0,30.0,0.0,
2025-12-30,10:14:20.538000,2d,Toxicity,Original,,159.881591796875,2.225893497467041,341.56280517578125,0.3866871297359466,0.5528537034988403,0.7555779814720154,11.153897285461426,17.593894958496094,12.568429946899414,0.1826622188091278,0.2105192989110946,0.8248065710067749,9.178022384643556,2.521320343017578,0.1395119279623031,10.150065422058104,7.69795560836792,37.0,25.0,30.0,0.0,
2025-12-30,10:14:22.538000,2d,Toxicity,Original,,203.330322265625,1.3469610214233398,268.6153564453125,0.4109612107276916,0.4511691927909851,0.811651349067688,11.153897285461426,13.266806602478027,12.832938194274902,0.1634609848260879,0.1341939866542816,0.8621354699134827,10.718505859375,0.0,0.0951987355947494,18.07598114013672,6.215991020202637,37.0,25.0,30.0,60.0,
2025-12-30,10:14:24.538000,2d,Toxicity,Original,,108.06346130371094,2.221013307571411,231.06056213378903,0.3486013412475586,0.6291530132293701,0.8837749361991882,11.153897285461426,15.398090362548828,10.032530784606934,0.2219211608171463,0.3572195768356323,0.5815349817276001,7.900509834289551,0.0,0.2256016582250595,4.215932369232178,3.715070962905884,37.0,25.0,30.0,40.0,
2025-12-30,10:14:24.538000,FinePointe Series WBP [SN 139781]  Site 4 Bias Flow is out of range.,,,,,,,,,,,,,,,,,,,,,,,,,
2025-12-30,10:14:24.538000,FinePointe Series WBP [SN 10499C]  Site 3 Bias Flow is out of range.,,,,,,,,,,,,,,,,,,,,,,,,,
2025-12-30,10:14:26.538000,2d,Toxicity,Original,,121.28724670410156,2.487435102462769,303.4225158691406,0.2819413542747497,0.4769619703292846,0.8182272911071777,11.153897285461426,17.71010971069336,11.530773162841797,0.2406564950942993,0.2767518758773803,0.7867580652236938,10.211792945861816,0.0,0.1936006247997284,8.302461624145508,5.1970319747924805,37.0,25.0,30.0,33.33333206176758,
2025-12-30,10:14:28.538000,2d,Toxicity,Original,,93.6833267211914,2.30920672416687,215.9476776123047,0.5884225368499756,0.648536741733551,0.6221131682395935,11.153897285461426,10.968883514404297,9.450703620910645,0.2952373623847961,0.3470132946968078,0.6339845061302185,7.6098952293396,0.0,0.2164298444986343,5.018270015716553,5.6385602951049805,37.0,25.0,30.0,40.0,
2025-12-30,10:14:30.538000,2d,Toxicity,Original,,154.6827850341797,1.852209210395813,282.3751525878906,0.4215322434902191,0.5098904371261597,0.8597564697265625,11.153897285461426,14.261069297790527,12.667421340942385,0.2089732587337494,0.2079854011535644,0.6911137700080872,7.406476974487305,0.0,0.1418417543172836,9.70503044128418,5.048115253448486,37.0,25.0,30.0,60.0,
2025-12-30,10:14:32.538000,2d,Toxicity,Original,,201.63397216796875,1.2041287422180176,243.5360412597656,0.3930685520172119,0.4405406415462494,0.8647772073745728,11.153897285461426,14.918428421020508,14.16160011291504,0.1300024092197418,0.1702921390533447,0.725860595703125,6.028432846069336,0.0,0.120766133069992,7.640218734741211,3.471611976623535,37.0,25.0,30.0,33.33333206176758,
2025-12-30,10:14:34.538000,2d,Toxicity,Original,,160.2086639404297,1.7046552896499634,251.94601440429688,0.3851205110549927,0.693566083908081,0.9036473035812378,11.153897285461426,17.956104278564453,9.656394004821776,0.1511078774929046,0.2962916791439056,0.5551801919937134,8.363351821899414,0.0,0.1701367348432541,9.597373962402344,6.152347087860107,37.0,25.0,30.0,50.0,
2025-12-30,10:14:34.538000,FinePointe Series WBP [SN 139781]  Site 4 Bias Flow is out of range.,,,,,,,,,,,,,,,,,,,,,,,,,
2025-12-30,10:14:34.538000,FinePointe Series WBP [SN 10499C]  Site 3 Bias Flow is out of range.,,,,,,,,,,,,,,,,,,,,,,,,,
2025-12-30,10:14:36.538000,2d,Toxicity,Original,,89.94918823242188,2.898810386657715,257.8080749511719,0.3184292912483215,0.5637010931968689,0.9092352390289308,11.153897285461426,13.561027526855469,7.400360107421875,0.2929634153842926,0.3791536092758178,0.4001819491386413,7.300220489501953,0.0,0.2467067539691925,10.83668041229248,5.171438217163086,37.0,25.0,30.0,33.33333206176758,
2025-12-30,10:14:38.538000,2d,Toxicity,Original,,114.35250854492188,2.061519861221313,232.70687866210935,0.5234346985816956,0.5196681618690491,0.8413242101669312,11.153897285461426,11.317697525024414,12.191849708557127,0.2523767352104187,0.2862122058868408,0.7205144762992859,7.361278533935547,0.0,0.1931377351284027,7.29698371887207,3.846597194671631,37.0,25.0,30.0,0.0,
2025-12-30,10:14:40.538000,2d,Toxicity,Original,,125.1389617919922,1.5703541040420532,198.50662231445312,0.4047116935253143,0.645551323890686,0.8399167656898499,11.153897285461426,12.364800453186035,6.71883487701416,0.2065082192420959,0.3130536079406738,0.4344379901885986,6.62445878982544,0.0,0.1907428801059723,7.181414604187012,6.9036149978637695,37.0,25.0,30.0,50.0,
2025-12-30,10:14:42.538000,2d,Toxicity,Original,,111.66116333007812,2.318972110748291,257.4325561523437,0.5050649046897888,0.8756344318389893,0.645596981048584,11.153897285461426,16.2639102935791,9.382316589355469,0.2005418837070465,0.3412885963916778,0.7594928741455078,6.256809234619141,0.0,0.1881167590618133,4.146212577819824,14.357749938964844,37.0,25.0,30.0,50.0,
2025-12-30,10:14:42.538000,FinePointe Series WBP [SN 139781]  Site 4 Bias Flow is out of range.,,,,,,,,,,,,,,,,,,,,,,,,,
2025-12-30,10:14:44.538000,2d,Toxicity,Original,,92.71941375732422,2.3433403968811035,217.25721740722656,0.2926521897315979,0.5303091406822205,0.8626999855041504,11.153897285461426,13.548126220703123,7.719813346862793,0.2721004486083984,0.3815361857414245,0.419935405254364,11.610719680786133,0.0,0.2529735565185547,8.570971488952637,2.2936079502105717,37.0,25.0,30.0,25.0,
2025-12-30,10:14:44.538000,FinePointe Series WBP [SN 10499C]  Site 3 Bias Flow is out of range.,,,,,,,,,,,,,,,,,,,,,,,,,
2025-12-30,10:14:46.538000,2d,Toxicity,Original,,98.04561614990234,2.22814679145813,217.8661346435547,0.4213257431983948,0.5863445997238159,0.8759498000144958,11.153897285461426,11.456307411193848,8.881331443786621,0.2833796739578247,0.3292475044727325,0.5961154699325562,7.157566070556641,0.0,0.2131392806768417,7.119973659515381,5.591782569885254,37.0,25.0,30.0,0.0,
2025-12-30,10:14:48.538000,2d,Toxicity,Original,,118.94430541992188,1.7589192390441897,212.11631774902344,0.5751563310623169,0.5273503065109253,0.6605600714683533,11.153897285461426,10.603996276855469,12.249273300170898,0.2485999912023544,0.2615419328212738,0.8770099878311157,9.803264617919922,0.0,0.1773222088813781,11.892492294311523,7.592698574066162,37.0,25.0,30.0,0.0,
2025-12-30,10:14:50.538000,2d,Toxicity,Original,,175.44876098632812,1.7824591398239136,311.3446655273437,0.3011910915374756,0.4365053176879883,0.8631395101547241,11.153897285461426,18.065902709960938,13.587079048156738,0.1496522128582,0.1932778060436248,0.7809691429138184,9.369242668151855,0.0,0.1371574848890304,10.328536987304688,5.703537464141846,37.0,25.0,30.0,60.0,
2025-12-30,10:14:52.538000,2d,Toxicity,Original,,83.81861114501953,2.211940288543701,185.4017639160156,0.8253948092460632,1.0974262952804563,0.9458131790161132,11.153897285461426,13.601324081420898,8.529203414916992,0.231592059135437,0.484239399433136,0.2738566696643829,4.883909225463867,0.0,0.234464630484581,,1.9689669609069824,37.0,25.0,30.0,50.0,
2025-12-30,10:14:52.538000,FinePointe Series WBP [SN 139781]  Site 4 Bias Flow is out of range.,,,,,,,,,,,,,,,,,,,,,,,,,
2025-12-30,10:14:54.538000,2d,Toxicity,Original,,90.37001037597656,2.6063897609710693,235.2169647216797,0.3424404561519623,0.577370285987854,0.7820896506309509,11.153897285461426,13.24673080444336,7.5517802238464355,0.2814764082431793,0.3827897906303406,0.4324809908866882,7.342851161956787,0.0,0.2495721876621246,4.599435329437256,7.81784725189209,37.0,25.0,30.0,50.0,
2025-12-30,10:14:54.538000,FinePointe Series WBP [SN 10499C]  Site 3 Bias Flow is out of range.,,,,,,,,,,,,,,,,,,,,,,,,,
2025-12-30,10:14:56.538000,2d,Toxicity,Original,,133.70709228515625,2.277054786682129,306.7894287109375,0.4366365671157837,0.5345715880393982,0.8264296650886536,11.153897285461426,14.213194847106934,11.896801948547363,0.2308349013328552,0.2331781089305877,0.7842509746551514,6.881556510925293,0.0,0.1552305966615677,9.07703971862793,5.396526336669922,37.0,25.0,30.0,25.0,
2025-12-30,10:14:58.538000,2d,Toxicity,Original,,189.68051147460935,1.0991536378860474,208.488037109375,0.5381231904029846,0.5982762575149536,0.8729245662689209,11.153897285461426,10.806292533874512,8.73868179321289,0.1673967093229293,0.1489246636629104,0.7522446513175964,4.976138591766357,0.0,0.095114842057228,7.45923376083374,5.378909111022949,37.0,25.0,30.0,80.0,
2025-12-30,10:15:02.538000,2d,Toxicity,Original,,99.6959228515625,2.850602865219116,285.2262878417969,0.3463950753211975,0.522986114025116,0.8477852940559387,11.153897285461426,14.20311164855957,9.37526035308838,0.3130398988723755,0.2894175350666046,0.6361708045005798,14.712915420532228,0.0,0.1980464160442352,12.00033187866211,5.695669174194336,37.0,25.0,30.0,62.5,
2025-12-30,10:15:02.538000,FinePointe Series WBP [SN 139781]  Site 4 Bias Flow is out of range.,,,,,,,,,,,,,,,,,,,,,,,,,
2025-12-30,10:15:02.538000,FinePointe Series WBP [SN 10499C]  Site 3 Bias Flow is out of range.,,,,,,,,,,,,,,,,,,,,,,,,,
2025-12-30,10:15:04.538000,2d,Toxicity,Original,,91.10888671875,2.081237316131592,189.4873962402344,0.7037643790245056,0.6136980056762695,0.6507550477981567,11.153897285461426,9.386636734008787,12.61410427093506,0.3304221630096435,0.3303616642951965,0.8100809454917908,11.30418872833252,0.0,0.2159274816513061,12.484333992004396,4.99201250076294,37.0,25.0,30.0,0.0,
2025-12-30,10:15:06.538000,2d,Toxicity,Original,,95.47840118408205,2.2302000522613525,211.22262573242188,0.4464455544948578,0.4549129605293274,0.7985886335372925,11.153897285461426,11.432025909423828,12.430119514465332,0.3005568087100982,0.3311726450920105,0.7961035966873169,12.268668174743652,0.0,0.2379870116710662,10.949350357055664,9.36372184753418,37.0,25.0,30.0,0.0,
2025-12-30,10:15:08.538000,2d,Toxicity,Original,,111.17913818359376,2.18231201171875,241.98704528808597,0.4184578061103821,0.4815292358398437,0.8311930298805237,11.153897285461426,13.392822265625,12.821788787841797,0.2812297642230987,0.2609272599220276,1.0046718120574951,19.233806610107425,0.0,0.1838647127151489,13.74522590637207,6.960658073425293,37.0,25.0,30.0,0.0,
2025-12-30,10:15:10.538000,2d,Toxicity,Original,,94.32556915283205,2.380361557006836,224.6662750244141,0.444747120141983,0.5247379541397095,0.7492969632148743,11.153897285461426,11.916439056396484,11.237586975097656,0.3113077282905578,0.3266471326351166,0.7220351099967957,20.924053192138672,0.0,0.2215414494276046,11.467153549194336,4.653197288513184,37.0,25.0,30.0,0.0,
2025-12-30,10:15:12.538000,2d,Toxicity,Original,,102.37973022460938,2.3845462799072266,244.41232299804688,0.5133017897605896,0.5122082829475403,0.6809364557266235,11.153897285461426,11.429676055908203,11.947996139526367,0.3101264536380768,0.2781265676021576,0.9536270499229432,18.387664794921875,0.0,0.1933241784572601,14.961891174316406,7.596554756164551,37.0,25.0,30.0,0.0,
2025-12-30,10:15:12.538000,FinePointe Series WBP [SN 139781]  Site 4 Bias Flow is out of range.,,,,,,,,,,,,,,,,,,,,,,,,,
2025-12-30,10:15:12.538000,FinePointe Series WBP [SN 10499C]  Site 3 Bias Flow is out of range.,,,,,,,,,,,,,,,,,,,,,,,,,
2025-12-30,10:15:14.538000,2d,Toxicity,Original,,109.18655395507812,2.3354763984680176,255.26187133789065,0.6472458839416504,0.5448642373085022,0.7138816714286804,11.153897285461426,11.16529941558838,13.335204124450684,0.303246796131134,0.2499921321868896,1.1172029972076416,11.545944213867188,0.0,0.1729632467031479,13.92266082763672,5.13112211227417,37.0,25.0,30.0,0.0,
2025-12-30,10:15:16.538000,2d,Toxicity,Original,,89.50720977783203,1.973189115524292,177.4711456298828,0.4635574519634247,0.6768797636032104,0.6756266355514526,11.153897285461426,13.16156005859375,8.60878849029541,0.2333251535892486,0.4644566178321838,0.4257741272449493,7.476334571838379,0.0,0.2813788652420044,2.6563448905944824,3.297362327575684,37.0,25.0,30.0,25.0,
2025-12-30,10:15:18.538000,2d,Toxicity,Original,,79.38864135742188,2.553036689758301,202.9931640625,0.2375744879245758,0.3661600351333618,0.8393154144287109,11.153897285461426,11.24724006652832,8.968986511230469,0.3132489323616028,0.4442878365516662,0.4444469809532165,8.756296157836914,0.0,0.3322747349739074,5.198975563049316,,37.0,25.0,30.0,0.0,
2025-12-30,10:15:20.538000,2d,Toxicity,Original,,91.93756103515624,2.613039016723633,240.524658203125,0.3285375833511352,0.500940203666687,0.8781760931015015,11.153897285461426,13.632925033569336,9.736103057861328,0.281208336353302,0.3743170499801636,0.5902379751205444,7.973865509033203,0.0,0.2549461126327514,4.32383918762207,2.6813628673553467,37.0,25.0,30.0,0.0,
2025-12-30,10:15:22.538000,2d,Toxicity,Original,,124.84263610839844,1.740288019180298,218.63931274414065,0.3497767448425293,0.4641130566596985,0.9071081280708312,11.153897285461426,14.029109001159668,12.725238800048828,0.1811651587486267,0.3005148470401764,0.6372786164283752,8.814180374145508,0.0,0.2095897942781448,6.634588241577148,2.406982660293579,37.0,25.0,30.0,75.0,
2025-12-30,10:15:24.538000,2d,Toxicity,Original,,104.41641998291016,2.2443089485168457,231.93722534179688,0.6124288439750671,0.9606741666793824,0.7421191930770874,11.153897285461426,15.174971580505373,9.371034622192385,0.2137172818183899,0.3652091324329376,0.4720829129219055,8.20328426361084,22.69722366333008,0.2064049243927002,8.523536682128906,9.872552871704102,37.0,25.0,30.0,0.0,
2025-12-30,10:15:24.538000,FinePointe Series WBP [SN 139781]  Site 4 Bias Flow is out of range.,,,,,,,,,,,,,,,,,,,,,,,,,
2025-12-30,10:15:24.538000,FinePointe Series WBP [SN 10499C]  Site 3 Bias Flow is out of range.,,,,,,,,,,,,,,,,,,,,,,,,,
2025-12-30,10:15:26.538000,2d,Toxicity,Original,,69.84779357910156,2.6892759799957275,187.83999633789065,0.789121150970459,1.468742609024048,0.1256486773490905,11.153897285461426,13.002708435058594,5.72050666809082,0.3019017577171325,0.5571088790893555,0.311494916677475,6.892538070678711,400.1762390136719,0.2286726832389831,,24.03423309326172,37.0,25.0,30.0,66.66666412353516,
2025-12-30,10:15:28.538000,2d,Toxicity,Original,,83.20308685302734,2.7681846618652344,229.7753448486328,0.3344080746173858,0.6276171207427979,0.895741879940033,11.153897285461426,14.755189895629885,6.858393669128418,0.2947259545326233,0.4269140958786011,0.3188588917255401,6.947030067443848,0.0,0.2674798369407654,2.2917630672454834,3.7091948986053462,37.0,25.0,30.0,0.0,
2025-12-30,10:15:30.538000,2d,Toxicity,Original,,94.91287231445312,2.288377046585083,217.20260620117188,0.5430011749267578,0.6680712699890137,0.514573872089386,11.153897285461426,13.306514739990234,9.858656883239746,0.2622522115707397,0.3786756098270416,0.5851098895072937,6.106311798095703,0.0,0.2318400889635086,4.283998489379883,6.06459903717041,37.0,25.0,30.0,0.0,
2025-12-30,10:15:32.538000,2d,Toxicity,Original,,116.37761688232422,2.309114933013916,269.1509094238281,0.3673911690711975,0.4839479327201843,0.9211088418960572,11.153897285461426,15.872386932373049,11.798696517944336,0.2139047086238861,0.3020342588424682,0.4100327491760254,6.522042274475098,0.0,0.2086256146430969,2.4638445377349854,1.0664596557617188,37.0,25.0,30.0,33.33333206176758,
2025-12-30,10:15:34.538000,2d,Toxicity,Original,,161.59127807617188,2.194012403488159,314.7912292480469,0.3096296191215515,0.5306806564331055,0.8658639192581177,11.153897285461426,16.810327529907227,10.26196575164795,0.1874330043792724,0.2127753049135208,0.7288722395896912,6.310779094696045,0.0,0.1404677033424377,9.678258895874023,6.046420097351074,37.0,25.0,30.0,25.0,
2025-12-30,10:15:34.538000,FinePointe Series WBP [SN 139781]  Site 4 Bias Flow is out of range.,,,,,,,,,,,,,,,,,,,,,,,,,
2025-12-30,10:15:34.538000,FinePointe Series WBP [SN 10499C]  Site 3 Bias Flow is out of range.,,,,,,,,,,,,,,,,,,,,,,,,,
2025-12-30,10:15:36.538000,2d,Toxicity,Original,,73.3149185180664,2.270960092544556,166.49525451660156,0.5084442496299744,0.7690115571022034,0.9184610247612,11.153897285461426,12.778508186340332,8.618346214294434,0.2696432769298553,0.5487440228462219,0.3398947417736053,7.778775215148926,0.0,0.3159615099430084,,,37.0,25.0,30.0,50.0,
2025-12-30,10:15:38.538000,2d,Toxicity,Original,,129.48153686523438,2.334059476852417,295.0552062988281,0.4181478917598724,0.8341172337532043,0.6882607936859131,11.153897285461426,16.403900146484375,8.23047161102295,0.2087255120277404,0.2647427022457123,0.584592878818512,6.761078834533691,0.0,0.1494032144546508,7.77971076965332,18.882423400878903,37.0,25.0,30.0,33.33333206176758,
2025-12-30,10:15:40.538000,2d,Toxicity,Original,,160.35653686523438,1.8728798627853396,291.3077087402344,0.3095623850822449,0.4797478914260864,0.7894108295440674,11.153897285461426,17.5216007232666,12.477483749389648,0.1555772721767425,0.2242034375667572,0.9051638841629028,7.007345676422119,0.0,0.1552644371986389,12.85175895690918,7.424742698669434,37.0,25.0,30.0,33.33333206176758,
2025-12-30,10:15:42.538000,2d,Toxicity,Original,,77.14146423339844,2.7379634380340576,210.7893524169922,0.3226523399353027,0.5660504102706909,0.892935574054718,11.153897285461426,13.151986122131348,7.854180812835693,0.2938029766082763,0.4851820170879364,0.2846177518367767,6.5390238761901855,0.0,0.3168163895606994,1.0892999172210691,1.0381782054901123,37.0,25.0,30.0,25.0,
2025-12-30,10:15:44.538000,2d,Toxicity,Original,,74.7022705078125,2.5124707221984863,187.960693359375,0.3947898745536804,0.5491174459457397,0.903314769268036,11.153897285461426,13.19683837890625,8.883718490600586,0.2817650437355041,0.5297619700431824,0.3333338797092438,5.708822250366211,0.0,0.3438691794872284,,,37.0,25.0,30.0,0.0,
2025-12-30,10:15:44.538000,FinePointe Series WBP [SN 139781]  Site 4 Bias Flow is out of range.,,,,,,,,,,,,,,,,,,,,,,,,,
2025-12-30,10:15:44.538000,FinePointe Series WBP [SN 10499C]  Site 3 Bias Flow is out of range.,,,,,,,,,,,,,,,,,,,,,,,,,
2025-12-30,10:15:46.538000,2d,Toxicity,Original,,113.02842712402344,2.223596572875977,247.3233795166016,0.4070679545402527,0.569878101348877,0.7052841186523438,11.153897285461426,13.810483932495115,9.033723831176758,0.233478844165802,0.3267524838447571,0.5564367175102234,6.000648498535156,0.0,0.210041731595993,3.0285959243774414,5.432835578918457,37.0,25.0,30.0,0.0,
2025-12-30,10:15:48.538000,2d,Toxicity,Original,,115.55950927734376,3.6936051845550537,426.8312072753906,0.2957201600074768,0.4570439755916595,0.8291138410568237,11.153897285461426,24.140424728393555,16.280914306640625,0.2273351103067398,0.2918778955936432,1.0735365152359009,8.550106048583984,0.0,0.204229861497879,10.900376319885254,5.266721248626709,37.0,25.0,30.0,0.0,
2025-12-30,10:15:50.538000,2d,Toxicity,Original,,213.1332550048828,1.0638108253479004,160.5191192626953,0.5604016780853271,0.8180488348007202,0.6380114555358887,11.153897285461426,11.50748062133789,7.536794662475586,0.1315366327762603,0.2096608579158783,0.3476735949516296,6.248226642608643,0.0,0.1108684986829757,18.606708526611328,25.86781311035156,37.0,25.0,30.0,66.66666412353516,
2025-12-30,10:15:52.538000,2d,Toxicity,Original,,115.39898681640624,2.1003201007843018,241.0637359619141,0.4620414078235626,0.7320719957351685,0.5657933354377747,11.153897285461426,16.78508949279785,8.858201026916504,0.1904563307762146,0.3319985866546631,0.4877688288688659,8.522525787353516,0.0,0.1960865706205368,4.553465366363525,6.803946971893311,37.0,25.0,30.0,60.0,
2025-12-30,10:15:52.538000,FinePointe Series WBP [SN 139781]  Site 4 Bias Flow is out of range.,,,,,,,,,,,,,,,,,,,,,,,,,
2025-12-30,10:15:52.538000,FinePointe Series WBP [SN 10499C]  Site 3 Bias Flow is out of range.,,,,,,,,,,,,,,,,,,,,,,,,,
2025-12-30,10:15:56.538000,2d,Toxicity,Original,,80.74783325195312,2.654693603515625,215.2555084228516,0.5462887287139893,0.8240590691566467,0.8511688709259033,11.153897285461426,12.947604179382324,7.638566493988037,0.299467921257019,0.4490868151187897,0.3507714569568634,6.419769287109375,0.0,0.251276433467865,5.191699504852295,5.802822113037109,37.0,25.0,30.0,50.0,
2025-12-30,10:15:58.538000,2d,Toxicity,Original,,94.28167724609376,2.441791296005249,230.19537353515625,0.374161809682846,0.5870586037635803,0.8275973796844482,11.153897285461426,12.896519660949709,9.671412467956545,0.288497656583786,0.3505384922027588,0.5915183424949646,7.617591381072998,0.0,0.2251520603895187,7.694680690765381,6.24525785446167,37.0,25.0,30.0,0.0,
2025-12-30,10:16:00.538000,2d,Toxicity,Original,,186.328857421875,1.8125479221343996,317.6636657714844,0.3946726024150848,0.6025322675704956,0.6766079068183899,11.153897285461426,16.222394943237305,10.77559757232666,0.1629900932312011,0.1802586168050766,0.7927085161209106,7.052707195281982,0.0,0.1155137419700622,11.001382827758787,13.542665481567385,37.0,25.0,30.0,33.33333206176758,
2025-12-30,10:16:00.538000,FinePointe Series WBP [SN 139781]  Site 4 Bias Flow is out of range.,,,,,,,,,,,,,,,,,,,,,,,,,
2025-12-30,10:16:04.538000,2d,Toxicity,Original,,111.15756225585938,2.3386125564575195,259.9544982910156,0.1901994347572326,0.5782104134559631,0.9538803696632384,11.153897285461426,20.822837829589844,7.21798849105835,0.1644652187824249,0.3753091096878052,0.1957143396139145,6.671131610870361,0.0,0.2400005757808685,,2.8335723876953125,37.0,25.0,30.0,85.71428680419922,
2025-12-30,10:16:04.538000,FinePointe Series WBP [SN 10499C]  Site 3 Bias Flow is out of range.,,,,,,,,,,,,,,,,,,,,,,,,,
2025-12-30,10:16:06.538000,2d,Toxicity,Original,,133.2000274658203,2.086875915527344,273.06378173828125,0.3456666469573974,0.6517907977104187,0.602588415145874,11.153897285461426,18.664039611816406,9.442782402038574,0.1703056991100311,0.289118230342865,0.571296751499176,6.36513090133667,0.0,0.1834735870361328,4.277235984802246,6.123729228973389,37.0,25.0,30.0,0.0,
2025-12-30,10:16:08.538000,2d,Toxicity,Original,,70.80516052246094,2.112706661224365,149.59054565429688,1.1713355779647827,1.7155152559280396,0.9632515907287598,11.153897285461426,13.734334945678713,6.491398811340332,0.268107920885086,0.5792879462242126,0.2038565427064895,5.504788875579834,0.0,0.2162187993526458,,28.858762741088867,37.0,25.0,30.0,66.66666412353516,
2025-12-30,10:16:10.538000,2d,Toxicity,Original,,78.92378234863281,2.727872848510742,214.6460876464844,0.4550841450691223,0.6789396405220032,0.9024307131767272,11.153897285461426,13.112207412719728,6.796402931213379,0.2951735556125641,0.4679198861122131,0.2788542509078979,5.776930809020996,0.0,0.2830930948257446,,,37.0,25.0,30.0,33.33333206176758,
2025-12-30,10:16:12.538000,2d,Toxicity,Original,,106.90618896484376,2.2468769550323486,235.57290649414065,0.335662841796875,0.5764423608779907,0.9105091094970704,11.153897285461426,13.828378677368164,8.291805267333984,0.2522193789482116,0.3243734240531921,0.48289954662323,6.94327974319458,0.0,0.2074678093194961,5.752051830291748,4.496887683868408,37.0,25.0,30.0,0.0,
2025-12-30,10:16:12.538000,FinePointe Series WBP [SN 139781]  Site 4 Bias Flow is out of range.,,,,,,,,,,,,,,,,,,,,,,,,,
2025-12-30,10:16:12.538000,FinePointe Series WBP [SN 10499C]  Site 3 Bias Flow is out of range.,,,,,,,,,,,,,,,,,,,,,,,,,
2025-12-30,10:16:16.538000,2d,Toxicity,Original,,131.8797607421875,1.9253407716751096,246.2510681152344,0.5843062400817871,0.8946475982666016,0.3338758945465088,11.153897285461426,18.119709014892575,10.20969009399414,0.1750170588493347,0.353380024433136,0.6103313565254211,6.461231708526611,0.0,0.1790789067745208,8.153566360473633,12.899584770202637,37.0,25.0,30.0,70.0,
2025-12-30,10:16:18.538000,2d,Toxicity,Original,,78.87225341796875,2.528716564178467,198.4541931152344,0.1810184866189956,0.3607348799705505,0.8722317218780518,11.153897285461426,13.516748428344728,8.366226196289062,0.2793775796890259,0.4881547689437866,0.3763632774353027,8.040821075439453,0.0,0.3716735243797302,3.0434906482696533,2.1184792518615723,37.0,25.0,30.0,33.33333206176758,
2025-12-30,10:16:20.538000,2d,Toxicity,Original,,91.90078735351562,2.183989286422729,200.43313598632807,0.344109833240509,0.5397520065307617,0.8722786903381348,11.153897285461426,11.64400577545166,8.538738250732422,0.2702368795871734,0.3868997395038605,0.546332061290741,7.579126358032227,0.0,0.2561601102352142,3.82955265045166,3.9455175399780273,37.0,25.0,30.0,0.0,
2025-12-30,10:16:22.538000,2d,Toxicity,Original,,113.8016586303711,2.224876642227173,251.93472290039065,0.4122949540615082,0.6166893839836121,0.6954162120819092,11.153897285461426,17.214031219482422,11.21364402770996,0.1900660246610641,0.3446102440357208,0.6278512477874756,6.254269599914551,0.0,0.2147392332553863,3.7321581840515137,5.010549545288086,37.0,25.0,30.0,0.0,
2025-12-30,10:16:22.538000,FinePointe Series WBP [SN 139781]  Site 4 Bias Flow is out of range.,,,,,,,,,,,,,,,,,,,,,,,,,
2025-12-30,10:16:22.538000,FinePointe Series WBP [SN 10499C]  Site 3 Bias Flow is out of range.,,,,,,,,,,,,,,,,,,,,,,,,,
2025-12-30,10:16:24.538000,2d,Toxicity,Original,,119.38033294677734,2.074079751968384,247.6043243408203,0.2059095352888107,0.5694315433502197,0.9513304829597472,11.153897285461426,16.251850128173828,5.698357582092285,0.1977591216564178,0.3048362135887146,0.1624990552663803,4.935779094696045,0.0,0.1966134756803512,,,37.0,25.0,30.0,66.66666412353516,
2025-12-30,10:16:26.538000,2d,Toxicity,Original,,67.85292053222656,3.117103576660156,211.50457763671875,0.4174260795116424,0.7964512705802917,0.9203014373779296,11.153897285461426,20.295499801635746,9.88261604309082,0.2279588133096695,0.6563066840171814,0.2729972004890442,5.648625373840332,0.0,0.368948370218277,,,37.0,25.0,30.0,50.0,
2025-12-30,10:16:28.538000,2d,Toxicity,Original,,86.45741271972656,2.517541885375977,217.42030334472656,0.4111246168613434,0.5622156858444214,0.6544467806816101,11.153897285461426,11.603959083557127,7.592523097991943,0.303498774766922,0.3921368420124054,0.4451977610588074,7.008854389190674,0.0,0.2616409063339233,2.9898812770843506,4.940788745880127,37.0,25.0,30.0,40.0,
2025-12-30,10:16:30.538000,2d,Toxicity,Original,,114.08143615722656,2.1238667964935303,243.0860595703125,0.4162172973155975,0.4868811964988708,0.8041436672210693,11.153897285461426,11.795968055725098,9.927226066589355,0.2637955546379089,0.2780385017395019,0.5901010036468506,7.007766246795654,0.0,0.1898543983697891,6.568972587585449,4.01066780090332,37.0,25.0,30.0,0.0,
2025-12-30,10:16:34.538000,2d,Toxicity,Original,,78.51786804199219,2.588404893875122,203.65391540527344,0.3806160688400268,0.6988468766212463,0.892784595489502,11.153897285461426,13.729759216308594,6.697231292724609,0.2915778756141662,0.4767704010009765,0.3809625804424286,6.845363140106201,0.0,0.2927920520305633,,9.1625337600708,37.0,25.0,30.0,50.0,
2025-12-30,10:16:34.538000,FinePointe Series WBP [SN 139781]  Site 4 Bias Flow is out of range.,,,,,,,,,,,,,,,,,,,,,,,,,
2025-12-30,10:16:34.538000,FinePointe Series WBP [SN 10499C]  Site 3 Bias Flow is out of range.,,,,,,,,,,,,,,,,,,,,,,,,,
2025-12-30,10:16:36.538000,2d,Toxicity,Original,,87.14154052734375,2.543933391571045,220.43505859375,0.3776938915252685,0.6751081347465515,0.9140685796737672,11.153897285461426,11.906982421875,7.494619369506836,0.2856698930263519,0.4055565893650055,0.4829322397708893,7.207911491394043,0.0,0.246256947517395,3.3361964225769043,6.356917858123779,37.0,25.0,30.0,0.0,
2025-12-30,10:16:38.538000,2d,Toxicity,Original,,135.74876403808594,2.097670555114746,282.1632385253906,0.2735424637794494,0.4769558906555176,0.8662675619125366,11.153897285461426,14.747652053833008,8.4463529586792,0.2090685218572616,0.2405188232660293,0.4091294407844543,6.538969039916992,0.0,0.1659037768840789,4.947202205657959,3.5603716373443604,37.0,25.0,30.0,0.0,
2025-12-30,10:16:40.538000,2d,Toxicity,Original,,156.059814453125,1.803688764572144,280.71649169921875,0.3702398836612701,0.5350475907325745,0.5881369113922119,11.153897285461426,16.653362274169922,10.859845161437988,0.1646877229213714,0.2198701798915863,0.7890191078186035,27.53383445739746,0.0,0.1540759801864624,13.82990264892578,7.701995849609375,37.0,25.0,30.0,75.0,
2025-12-30,10:16:42.538000,2d,Toxicity,Original,,264.872314453125,0.8973861932754517,237.6927490234375,0.4240613281726837,0.5851262807846069,0.5645805597305298,11.153897285461426,13.019523620605469,9.406429290771484,0.109623298048973,0.1169009506702423,0.8384048342704773,5.587772369384766,0.0,0.075039654970169,14.5692138671875,9.525150299072266,37.0,25.0,30.0,50.0,
2025-12-30,10:16:44.538000,2d,Toxicity,Original,,83.46478271484375,2.622528553009033,218.88877868652344,0.1766039580106735,0.330049455165863,0.859021782875061,11.153897285461426,14.739109992980955,8.99792194366455,0.2858153581619262,0.4330507218837738,0.2923887968063354,6.974757194519043,0.0,0.3306440711021423,,,37.0,25.0,30.0,83.33333587646484,
2025-12-30,10:16:44.538000,FinePointe Series WBP [SN 139781]  Site 4 Bias Flow is out of range.,,,,,,,,,,,,,,,,,,,,,,,,,
2025-12-30,10:16:44.538000,FinePointe Series WBP [SN 10499C]  Site 3 Bias Flow is out of range.,,,,,,,,,,,,,,,,,,,,,,,,,
2025-12-30,10:16:46.538000,2d,Toxicity,Original,,115.29932403564452,2.0649960041046143,233.92840576171875,0.337226927280426,0.4704276323318481,0.8913275599479675,11.153897285461426,13.583047866821287,10.745851516723633,0.2224036306142807,0.3123365342617035,0.556625485420227,7.272603034973144,0.0,0.2166445553302765,5.860352039337158,3.708348512649536,37.0,25.0,30.0,0.0,
2025-12-30,10:16:48.538000,2d,Toxicity,Original,,119.32968139648438,2.0118861198425293,237.9642333984375,0.4452690184116363,0.5488049387931824,0.7093851566314697,11.153897285461426,15.42974090576172,11.169514656066896,0.1918437480926513,0.3155619502067566,0.8400110006332397,6.933751583099365,0.0,0.2205370366573333,8.921418190002441,39.05094909667969,37.0,25.0,30.0,33.33333206176758,
2025-12-30,10:16:50.538000,2d,Toxicity,Original,,140.35684204101562,1.72200608253479,241.7847595214844,0.4624381065368652,0.6426355838775635,0.1792699992656707,11.153897285461426,15.391691207885742,9.481697082519531,0.168755292892456,0.2587354779243469,0.4071317315101623,5.187326431274414,0.0,0.1598782539367675,,18.122238159179688,37.0,25.0,30.0,75.0,
2025-12-30,10:16:52.538000,2d,Toxicity,Original,,185.02838134765625,1.0928481817245483,136.13243103027344,0.7745339274406433,1.0994752645492554,0.5186780095100403,11.153897285461426,10.186723709106444,5.99256706237793,0.1421964168548584,0.2672301828861236,0.402603268623352,5.394570350646973,48.43953323364258,0.1285938173532486,9.478194236755373,25.68402862548828,37.0,25.0,30.0,40.0,
2025-12-30,10:16:54.538000,2d,Toxicity,Original,,77.37910461425781,2.519503593444824,193.82882690429688,0.2716102302074432,0.4363267421722412,0.8611810207366943,11.153897285461426,13.065826416015623,6.767880439758301,0.2866219282150268,0.4914750456809997,0.1865817606449127,6.186335563659668,0.0,0.3486978411674499,,2.9212539196014404,37.0,25.0,30.0,33.33333206176758,
2025-12-30,10:16:54.538000,FinePointe Series WBP [SN 139781]  Site 4 Bias Flow is out of range.,,,,,,,,,,,,,,,,,,,,,,,,,
2025-12-30,10:16:54.538000,FinePointe Series WBP [SN 10499C]  Site 3 Bias Flow is out of range.,,,,,,,,,,,,,,,,,,,,,,,,,
2025-12-30,10:16:56.538000,2d,Toxicity,Original,,130.53587341308594,1.9382959604263303,243.09555053710935,0.4806435108184814,0.5711044669151306,0.7414761781692505,11.153897285461426,12.812691688537598,10.381179809570312,0.2318034917116165,0.2913548946380615,0.6055342555046082,6.3577141761779785,0.0,0.190000519156456,4.480372428894043,4.121335029602051,37.0,25.0,30.0,20.0,
2025-12-30,10:16:58.538000,2d,Toxicity,Original,,220.0083923339844,1.0975420475006104,241.89697265625,0.319758653640747,0.5074630975723267,0.8147424459457397,11.153897285461426,13.666894912719728,8.768264770507812,0.1251926720142364,0.1506137251853943,0.6568397283554077,6.102725982666016,0.0,0.1019135862588882,11.63151741027832,7.90568208694458,37.0,25.0,30.0,33.33333206176758,
2025-12-30,10:17:00.538000,2d,Toxicity,Original,,337.0584411621094,0.7266349196434021,244.91842651367188,0.6598297953605652,0.5852088928222656,0.6550801992416382,11.153897285461426,13.638181686401367,15.590880393981934,0.0833657756447792,0.0946449041366577,1.3542388677597046,5.830796718597412,0.0,0.0606579333543777,17.65390968322754,14.271649360656738,37.0,25.0,30.0,83.33333587646484,
2025-12-30,10:17:00.538000,FinePointe Series WBP [SN 139781]  Site 4 Bias Flow is out of range.,,,,,,,,,,,,,,,,,,,,,,,,,
2025-12-30,10:17:04.538000,2d,Toxicity,Original,,81.86820983886719,2.7304983139038086,223.5410003662109,0.3207885324954986,0.5356425642967224,0.8918983340263367,11.153897285461426,12.806330680847168,6.981433391571045,0.3090701103210449,0.4238151311874389,0.3979825377464294,6.489609718322754,0.0,0.2804261147975921,3.1731953620910645,3.998316526412964,37.0,25.0,30.0,91.66666412353516,
2025-12-30,10:17:04.538000,FinePointe Series WBP [SN 10499C]  Site 3 Bias Flow is out of range.,,,,,,,,,,,,,,,,,,,,,,,,,
2025-12-30,10:17:08.538000,2d,Toxicity,Original,,181.85650634765625,1.5205591917037964,272.3412780761719,0.4467798173427582,0.542087197303772,0.730983316898346,11.153897285461426,13.607114791870115,11.572925567626951,0.1596923470497131,0.1773982644081115,0.9348450899124146,6.281204700469971,0.0,0.1178301200270652,11.731821060180664,8.286803245544434,37.0,25.0,30.0,57.14285659790039,
2025-12-30,10:17:10.538000,2d,Toxicity,Original,,76.58647155761719,2.683015823364258,205.70089721679688,0.5318878293037415,0.9350976943969728,0.5153762102127075,11.153897285461426,15.5230073928833,7.333603858947754,0.2703742384910583,0.5130828619003296,0.2838335037231445,8.444026947021484,0.0,0.2724251747131347,2.3517091274261475,11.112306594848633,37.0,25.0,30.0,33.33333206176758,
2025-12-30,10:17:12.538000,2d,Toxicity,Original,,98.5950927734375,2.7106637954711914,267.286865234375,0.2269781231880188,0.4849446713924408,0.8817102909088135,11.153897285461426,14.827058792114258,7.715536117553711,0.2930995225906372,0.3157199621200561,0.3863826692104339,9.708654403686523,0.0,0.2190045118331909,8.669429779052734,2.544394969940185,37.0,25.0,30.0,33.33333206176758,
2025-12-30,10:17:12.538000,FinePointe Series WBP [SN 139781]  Site 4 Bias Flow is out of range.,,,,,,,,,,,,,,,,,,,,,,,,,
2025-12-30,10:17:14.538000,2d,Toxicity,Original,,86.16725158691406,2.47567081451416,211.5600128173828,0.4027305841445923,0.5953013896942139,0.8740510940551758,11.153897285461426,12.269736289978027,9.528221130371094,0.2921262979507446,0.4206800460815429,0.5168083310127258,9.59532356262207,0.0,0.2682462632656097,6.457935810089111,4.310059547424316,37.0,25.0,30.0,0.0,
2025-12-30,10:17:14.538000,FinePointe Series WBP [SN 10499C]  Site 3 Bias Flow is out of range.,,,,,,,,,,,,,,,,,,,,,,,,,
2025-12-30,10:17:16.538000,2d,Toxicity,Original,,91.0855484008789,2.188081741333008,199.2432403564453,0.5904976725578308,0.6362994909286499,0.8068411946296692,11.153897285461426,11.248236656188965,10.906427383422852,0.2687482237815857,0.3912893235683441,0.8499933481216431,6.497687816619873,0.0,0.2461533993482589,4.707608699798584,5.625792503356934,37.0,25.0,30.0,0.0,
2025-12-30,10:17:18.538000,2d,Toxicity,Original,,87.64645385742188,2.4225895404815674,214.1749267578125,0.366385281085968,0.5380604863166809,0.8783940076828003,11.153897285461426,13.175992012023926,9.103589057922363,0.2775428295135498,0.4177616238594055,0.6311872601509094,7.729415416717529,0.0,0.2834750711917877,3.781095504760742,8.183155059814453,37.0,25.0,30.0,0.0,
2025-12-30,10:17:20.538000,2d,Toxicity,Original,,120.5854263305664,2.223255157470703,259.3590393066406,0.3525862991809845,0.4895913600921631,0.6733524799346924,11.153897285461426,15.182991981506348,10.37089729309082,0.2403050512075424,0.2877610921859741,0.5072572231292725,9.016890525817873,0.0,0.1977128982543945,5.423315048217773,5.939932823181152,37.0,25.0,30.0,0.0,
2025-12-30,10:17:22.538000,2d,Toxicity,Original,,283.2490234375,1.210216045379639,336.06524658203125,0.3447110056877136,0.5433046817779541,0.6849389672279358,11.153897285461426,17.154006958007812,10.68989086151123,0.10608671605587,0.1066660806536674,0.852385938167572,7.006485939025879,0.0,0.0706716030836105,17.33839225769043,9.87340259552002,37.0,25.0,30.0,60.0,
2025-12-30,10:17:22.538000,FinePointe Series WBP [SN 139781]  Site 4 Bias Flow is out of range.,,,,,,,,,,,,,,,,,,,,,,,,,
2025-12-30,10:17:22.538000,FinePointe Series WBP [SN 10499C]  Site 3 Bias Flow is out of range.,,,,,,,,,,,,,,,,,,,,,,,,,
2025-12-30,10:17:24.538000,2d,Toxicity,Original,,71.8160171508789,1.911340355873108,137.2648468017578,0.90641987323761,1.3744099140167236,0.9696256518363952,11.153897285461426,15.708661079406738,7.4763503074646,0.2207979708909988,0.6146702170372009,0.206196054816246,6.64923620223999,0.0,0.2625117301940918,,16.979461669921875,37.0,25.0,30.0,75.0,
2025-12-30,10:17:26.538000,2d,Toxicity,Original,,85.01754760742188,2.612034559249878,222.0953063964844,0.2961777448654175,0.4700296521186828,0.9322131872177124,11.153897285461426,13.417936325073242,9.907405853271484,0.2737509906291961,0.4320148825645447,0.4189343452453613,6.710518836975098,0.0,0.2998976707458496,0.9540117383003236,1.0651589632034302,37.0,25.0,30.0,60.0,
2025-12-30,10:17:30.538000,2d,Toxicity,Original,,385.67584228515625,0.6625064611434937,256.4872436523437,0.4427989423274994,0.5820992588996887,0.5782792568206787,11.153897285461426,14.125123977661133,10.98816967010498,0.0769530162215232,0.0811084657907486,0.9502540230751038,5.497282981872559,0.0,0.0519905351102352,18.37641906738281,12.109034538269045,37.0,25.0,30.0,83.33333587646484,
2025-12-30,10:17:32.538000,2d,Toxicity,Original,,127.28614044189452,1.7156238555908203,194.55221557617188,0.2999228835105896,0.5159218907356262,0.9147288799285888,11.153897285461426,14.739025115966797,9.853626251220703,0.1759614050388336,0.3434596359729767,0.3939052820205688,7.865787506103516,0.0,0.2295558154582977,10.664018630981444,2.774376630783081,37.0,25.0,30.0,25.0,
2025-12-30,10:17:34.538000,2d,Toxicity,Original,,82.00902557373047,2.74963927268982,225.30078125,0.22189462184906,0.5153551697731018,0.903178095817566,11.153897285461426,14.144329071044922,6.691802501678467,0.2886937856674194,0.4434657096862793,0.2022997736930847,7.988872528076172,0.0,0.2967633605003357,,0.0912167951464653,37.0,25.0,30.0,33.33333206176758,
2025-12-30,10:17:34.538000,FinePointe Series WBP [SN 139781]  Site 4 Bias Flow is out of range.,,,,,,,,,,,,,,,,,,,,,,,,,
2025-12-30,10:17:34.538000,FinePointe Series WBP [SN 10499C]  Site 3 Bias Flow is out of range.,,,,,,,,,,,,,,,,,,,,,,,,,
2025-12-30,10:17:36.538000,2d,Toxicity,Original,,87.5146255493164,2.2247743606567383,194.19802856445312,0.3596998155117035,0.5256197452545166,0.9220110177993774,11.153897285461426,11.67797565460205,9.264724731445312,0.262436956167221,0.4240922331809997,0.3487176299095154,6.842996597290039,0.0,0.2829401195049286,2.230440378189087,2.428445816040039,37.0,25.0,30.0,0.0,
2025-12-30,10:17:38.538000,2d,Toxicity,Original,,105.6001434326172,1.9665111303329468,206.20069885253903,0.4539054930210113,0.6476824879646301,0.8795226812362671,11.153897285461426,12.28439712524414,8.70264720916748,0.2576192021369934,0.340660810470581,0.5882948040962219,7.280487537384033,0.0,0.2090874910354614,6.061696529388428,5.746684074401856,37.0,25.0,30.0,0.0,
2025-12-30,10:17:40.538000,2d,Toxicity,Original,,374.7372131347656,0.5764237642288208,216.0883331298828,0.479872852563858,0.5641137957572937,0.6741477847099304,11.153897285461426,11.567204475402832,10.188835144042969,0.078972004354,0.0823372453451156,0.8591928482055664,5.273169040679932,0.0,0.0535248517990112,17.60805892944336,11.513882637023926,37.0,25.0,30.0,54.54545593261719,
2025-12-30,10:17:42.538000,2d,Toxicity,Original,,109.013427734375,2.114687919616699,232.7074432373047,0.4010833501815796,0.5935834050178528,0.8423014879226685,11.153897285461426,14.676013946533203,11.516921043395996,0.214673563838005,0.3815679550170898,0.7993173003196716,8.001675605773926,0.0,0.2397042065858841,7.0024285316467285,6.205483436584473,37.0,25.0,30.0,25.0,
2025-12-30,10:17:44.538000,2d,Toxicity,Original,,87.68272399902344,2.7130396366119385,238.09738159179688,0.3285067975521087,0.6471726298332214,0.8971611857414246,11.153897285461426,14.085662841796877,7.069976806640625,0.2686696350574493,0.4175616204738617,0.2802149355411529,6.751309394836426,0.0,0.2593169510364532,,1.4120110273361206,37.0,25.0,30.0,0.0,
2025-12-30,10:17:44.538000,FinePointe Series WBP [SN 139781]  Site 4 Bias Flow is out of range.,,,,,,,,,,,,,,,,,,,,,,,,,
2025-12-30,10:17:44.538000,FinePointe Series WBP [SN 10499C]  Site 3 Bias Flow is out of range.,,,,,,,,,,,,,,,,,,,,,,,,,
2025-12-30,10:17:46.538000,2d,Toxicity,Original,,87.038818359375,2.473060846328736,215.13890075683597,0.33211350440979,0.5421085953712463,0.8775150775909424,11.153897285461426,12.266141891479492,8.735133171081543,0.276677131652832,0.413531631231308,0.4463513493537903,6.595877647399902,0.0,0.2744535207748413,3.011169195175171,2.727480411529541,37.0,25.0,30.0,0.0,
2025-12-30,10:17:48.538000,2d,Toxicity,Original,,210.31874084472656,1.3917911052703855,236.36459350585935,0.4749148190021515,0.7661547660827637,0.546242356300354,11.153897285461426,13.925576210021973,9.918130874633787,0.1479665338993072,0.2112804651260376,0.5260666012763977,5.474827289581299,0.0,0.1318084001541137,6.879704475402832,12.765812873840332,37.0,25.0,30.0,0.0,
2025-12-30,10:17:50.538000,2d,Toxicity,Original,,345.0233154296875,0.7017263174057007,225.17019653320312,0.539397656917572,0.5256286263465881,0.7464786767959595,11.153897285461426,13.30923843383789,13.270659446716309,0.0818536058068275,0.1029897108674049,1.055449604988098,5.876636505126953,0.0,0.0689651668071746,16.418241500854492,10.874673843383787,37.0,25.0,30.0,66.66666412353516,
2025-12-30,10:17:52.538000,2d,Toxicity,Original,,132.93743896484375,1.7151004076004028,228.4774932861328,0.3534980416297912,0.6996105313301086,0.8878174424171448,11.153897285461426,17.426311492919922,10.657878875732422,0.1568809598684311,0.3064446151256561,0.5297925472259521,6.451349258422852,0.0,0.1819800436496734,4.770892143249512,3.8406262397766113,37.0,25.0,30.0,25.0,
2025-12-30,10:17:54.538000,2d,Toxicity,Original,,83.12139892578125,2.507830858230591,208.49835205078125,0.387530505657196,0.7336013317108154,0.8455387353897095,11.153897285461426,13.842289924621582,5.918073654174805,0.2741431295871734,0.4503442347049713,0.2049957811832428,6.476583003997803,0.0,0.2640771269798279,,6.457676410675049,37.0,25.0,30.0,33.33333206176758,
2025-12-30,10:17:54.538000,FinePointe Series WBP [SN 139781]  Site 4 Bias Flow is out of range.,,,,,,,,,,,,,,,,,,,,,,,,,
2025-12-30,10:17:54.538000,FinePointe Series WBP [SN 10499C]  Site 3 Bias Flow is out of range.,,,,,,,,,,,,,,,,,,,,,,,,,
2025-12-30,10:17:56.538000,2d,Toxicity,Original,,93.52491760253906,2.247911214828491,209.51731872558597,0.381250262260437,0.5921295881271362,0.8244914412498474,11.153897285461426,13.16166877746582,8.11240005493164,0.2654196619987488,0.3786673247814178,0.4723231494426727,6.75503396987915,0.0,0.2416320145130157,2.047285795211792,3.8948590755462646,37.0,25.0,30.0,0.0,
2025-12-30,10:17:58.538000,2d,Toxicity,Original,,134.341796875,2.111390829086304,283.6480407714844,0.360966145992279,0.4969668686389923,0.8316863775253296,11.153897285461426,13.682768821716309,10.901829719543455,0.2061467468738556,0.2404752522706985,0.6736981272697449,5.485608577728272,0.0,0.1634200811386108,6.854549407958984,4.392423629760742,37.0,25.0,30.0,0.0,
2025-12-30,10:18:00.538000,2d,Toxicity,Original,,81.31200408935547,2.129521369934082,173.7236328125,0.3847760558128357,0.6003909111022949,0.8486210107803345,11.153897285461426,12.143320083618164,7.621023178100586,0.2792603075504303,0.4599992930889129,0.3539231717586517,7.759604454040527,0.0,0.2976420521736145,,1.9623185396194456,37.0,25.0,30.0,60.0,
2025-12-30,10:18:02.538000,2d,Toxicity,Original,,89.93901062011719,2.405211925506592,216.94102478027344,0.3141818642616272,0.4988986849784851,0.8826726078987122,11.153897285461426,12.160358428955078,8.150354385375977,0.2839645743370056,0.3853816390037536,0.27955162525177,8.27894115447998,0.0,0.2624282836914062,0.8735573887825012,0.5797315239906311,37.0,25.0,30.0,0.0,
2025-12-30,10:18:02.538000,FinePointe Series WBP [SN 139781]  Site 4 Bias Flow is out of range.,,,,,,,,,,,,,,,,,,,,,,,,,
2025-12-30,10:18:04.538000,2d,Toxicity,Original,,74.22785186767578,2.2816596031188965,169.36270141601562,1.151118516921997,2.586486577987671,0.1734695434570312,11.153897285461426,16.391036987304688,5.433152675628662,0.2087929993867874,0.5995289087295532,0.1330003440380096,9.34322452545166,0.0,0.1691504418849945,,30.893762588500977,37.0,25.0,30.0,83.33333587646484,
2025-12-30,10:18:04.538000,FinePointe Series WBP [SN 10499C]  Site 3 Bias Flow is out of range.,,,,,,,,,,,,,,,,,,,,,,,,,
2025-12-30,10:18:06.538000,2d,Toxicity,Original,,73.61196899414062,3.060412168502808,225.282958984375,0.4777311980724334,0.9271840453147888,0.91942036151886,11.153897285461426,17.560222625732422,8.210892677307129,0.2690886557102203,0.5459961891174316,0.4269282221794128,11.144194602966309,0.0,0.288569301366806,,2.4917004108428955,37.0,25.0,30.0,50.0,
2025-12-30,10:18:08.538000,2d,Toxicity,Original,,86.72532653808594,2.533288955688477,220.4266815185547,0.5202120542526245,0.7388768196105957,0.533174991607666,11.153897285461426,12.899956703186035,8.955272674560547,0.2932506501674652,0.4004991948604584,0.5982092022895813,9.263387680053713,0.0,0.2373254299163818,5.795380115509033,7.450202465057373,37.0,25.0,30.0,0.0,
2025-12-30,10:18:10.538000,2d,Toxicity,Original,,117.637451171875,2.0870344638824463,245.6901092529297,0.3822380006313324,0.5085694789886475,0.7644890546798706,11.153897285461426,14.648469924926758,10.44546890258789,0.2141261398792266,0.3065667748451233,0.645336925983429,8.810017585754395,0.0,0.2103084772825241,7.076140880584717,2.952493667602539,37.0,25.0,30.0,20.0,
2025-12-30,10:18:12.538000,2d,Toxicity,Original,,71.0106430053711,2.0560498237609863,146.0014190673828,0.4012310802936554,0.5143653750419617,0.9457743763923644,11.153897285461426,11.351384162902832,7.775045394897461,0.2866710722446441,0.5582727193832397,0.264624148607254,6.215879440307617,0.0,0.3740715384483337,,,37.0,25.0,30.0,50.0,
2025-12-30,10:18:12.538000,FinePointe Series WBP [SN 139781]  Site 4 Bias Flow is out of range.,,,,,,,,,,,,,,,,,,,,,,,,,
2025-12-30,10:18:14.538000,2d,Toxicity,Original,,81.53826904296875,2.4330081939697266,198.4089813232422,0.3426955640316009,0.5413676500320435,0.6065301299095154,11.153897285461426,13.35028076171875,7.534117221832275,0.2733127772808075,0.4627270996570587,0.3529089093208313,6.697357654571533,0.0,0.3063988387584686,,2.364185333251953,37.0,25.0,30.0,0.0,
2025-12-30,10:18:14.538000,FinePointe Series WBP [SN 10499C]  Site 3 Bias Flow is out of range.,,,,,,,,,,,,,,,,,,,,,,,,,
2025-12-30,10:18:16.538000,2d,Toxicity,Original,,77.5000228881836,2.486172676086426,192.5523834228516,0.3419517278671264,0.5479848384857178,0.5158303380012512,11.153897285461426,13.079217910766602,7.669934272766113,0.2860329747200012,0.4882098436355591,0.2661874890327453,7.559825420379639,128.25511169433594,0.3205130696296692,1.7649714946746826,2.617464780807495,37.0,25.0,30.0,0.0,
2025-12-30,10:18:18.538000,2d,Toxicity,Original,,105.12379455566406,2.109700918197632,216.0899810791016,0.3505692481994629,0.5578503012657166,0.9377812147140504,11.153897285461426,13.787999153137209,8.805888175964355,0.2304084002971649,0.359573483467102,0.4275715053081512,6.076196193695068,0.0,0.2337465137243271,2.695939540863037,2.753575086593628,37.0,25.0,30.0,0.0,
2025-12-30,10:18:20.538000,2d,Toxicity,Original,,96.37731170654295,2.0356674194335938,197.13417053222656,0.4952743649482727,0.6515468955039978,0.6225864291191101,11.153897285461426,14.876344680786133,9.334264755249023,0.2108531594276428,0.4407453536987304,0.5286371111869812,5.974244594573975,0.0,0.2703210115432739,4.3232598304748535,7.184226989746094,37.0,25.0,30.0,0.0,
2025-12-30,10:18:22.538000,2d,Toxicity,Original,,76.78660583496094,2.3672335147857666,181.4369201660156,0.4073010683059692,0.6121524572372437,0.9342333674430848,11.153897285461426,12.611342430114746,7.247736930847168,0.2699057161808014,0.511796236038208,0.2926340103149414,5.972070217132568,0.0,0.3221185207366943,,1.893568515777588,37.0,25.0,30.0,0.0,
2025-12-30,10:18:22.538000,FinePointe Series WBP [SN 139781]  Site 4 Bias Flow is out of range.,,,,,,,,,,,,,,,,,,,,,,,,,
2025-12-30,10:18:22.538000,FinePointe Series WBP [SN 10499C]  Site 3 Bias Flow is out of range.,,,,,,,,,,,,,,,,,,,,,,,,,
2025-12-30,10:18:24.538000,2d,Toxicity,Original,,92.8884506225586,2.3505284786224365,218.57395935058597,0.2434465736150741,0.4677489399909973,0.8620641231536865,11.153897285461426,14.01930809020996,7.17555570602417,0.2649250030517578,0.4051709175109863,0.3532481491565704,7.284345626831055,0.0,0.2786749899387359,4.160755157470703,2.427541732788086,37.0,25.0,30.0,0.0,
2025-12-30,10:18:26.538000,2d,Toxicity,Original,,123.27020263671876,1.752445101737976,209.96214294433597,0.4087355136871338,0.5249882936477661,0.7134718894958496,11.153897285461426,15.224620819091797,11.604181289672852,0.1793952286243438,0.3140376210212707,0.528982937335968,7.748884201049805,0.0,0.2090580016374588,2.787125825881958,3.204833745956421,37.0,25.0,30.0,0.0,
2025-12-30,10:18:28.538000,2d,Toxicity,Original,,92.96302032470705,2.069288730621338,188.2701110839844,0.5788538455963135,0.838872492313385,0.4883862435817718,11.153897285461426,17.623262405395508,9.090474128723145,0.1909138262271881,0.5247430205345154,0.5617588758468628,5.115708351135254,0.0,0.2791402339935303,,12.081311225891112,37.0,25.0,30.0,0.0,
2025-12-30,10:18:30.538000,2d,Toxicity,Original,,78.12017822265625,2.5496091842651367,198.3872985839844,0.6237214803695679,0.9747430086135864,0.3609023094177246,11.153897285461426,12.612831115722656,6.699673175811768,0.2956142425537109,0.4848707616329193,0.1948459446430206,6.849307537078857,128.45724487304688,0.2568983435630798,6.244836807250977,6.354290008544922,37.0,25.0,30.0,0.0,
2025-12-30,10:18:32.538000,2d,Toxicity,Original,,119.30287170410156,2.0827431678771973,238.7235107421875,0.3184632658958435,0.4877508878707886,0.9037984013557434,11.153897285461426,18.07354736328125,12.94409465789795,0.174425721168518,0.3548856973648071,0.6209922432899475,7.987380504608154,0.0,0.2385394126176834,8.536922454833984,3.3880484104156494,37.0,25.0,30.0,33.33333206176758,
2025-12-30,10:18:34.538000,2d,Toxicity,Original,,76.62433624267578,2.8329501152038574,217.0729217529297,0.204054370522499,0.419572114944458,0.9379931688308716,11.153897285461426,14.288857460021973,8.661406517028809,0.2755746841430664,0.5074663758277893,0.3864423334598541,6.868716239929199,0.0,0.3623405992984772,,,37.0,25.0,30.0,80.0,
2025-12-30,10:18:34.538000,FinePointe Series WBP [SN 139781]  Site 4 Bias Flow is out of range.,,,,,,,,,,,,,,,,,,,,,,,,,
2025-12-30,10:18:34.538000,FinePointe Series WBP [SN 10499C]  Site 3 Bias Flow is out of range.,,,,,,,,,,,,,,,,,,,,,,,,,
2025-12-30,10:18:36.538000,2d,Toxicity,Original,,74.25529479980469,2.591221809387207,192.40756225585935,0.3130401372909546,0.5024595260620117,0.8869186639785767,11.153897285461426,12.387362480163574,8.04720687866211,0.2871443033218384,0.5208810567855835,0.2933724522590637,6.2796807289123535,0.0,0.351359486579895,,,37.0,25.0,30.0,0.0,
2025-12-30,10:18:38.538000,2d,Toxicity,Original,,78.79777526855469,2.39798641204834,188.80686950683597,0.4162715673446655,0.5253877639770508,0.8983482718467712,11.153897285461426,11.671786308288574,9.126058578491213,0.2917947769165039,0.4707592725753784,0.4444299340248108,6.948184967041016,0.0,0.315652996301651,1.696197509765625,2.9784035682678223,37.0,25.0,30.0,0.0,
2025-12-30,10:18:40.538000,2d,Toxicity,Original,,95.92730712890624,2.0327582359313965,195.3324432373047,0.6539288759231567,0.7506169676780701,0.9270728826522828,11.153897285461426,12.217698097229004,9.359169006347656,0.2504922151565552,0.3756282925605774,0.7007734775543213,7.824172019958496,0.0,0.2179039567708969,9.129424095153809,6.441198348999023,37.0,25.0,30.0,33.33333206176758,
2025-12-30,10:18:42.538000,2d,Toxicity,Original,,71.76799774169922,2.3373405933380127,167.71710205078125,0.468439519405365,0.7442654967308044,0.5767467617988586,11.153897285461426,14.43656063079834,7.975698471069336,0.2644175887107849,0.574341893196106,0.4020015895366668,7.617875576019287,0.0,0.3346143066883087,,7.183325290679932,37.0,25.0,30.0,0.0,
2025-12-30,10:18:44.538000,2d,Toxicity,Original,,74.35983276367188,2.4590444564819336,182.68215942382807,0.3052313923835754,0.6164206266403198,0.768822431564331,11.153897285461426,12.170232772827148,6.052592754364014,0.2913748621940613,0.5167887210845947,0.3779330253601074,7.216418266296387,0.0,0.323906660079956,3.5533664226531982,5.939600944519043,37.0,25.0,30.0,0.0,
2025-12-30,10:18:44.538000,FinePointe Series WBP [SN 139781]  Site 4 Bias Flow is out of range.,,,,,,,,,,,,,,,,,,,,,,,,,
2025-12-30,10:18:44.538000,FinePointe Series WBP [SN 10499C]  Site 3 Bias Flow is out of range.,,,,,,,,,,,,,,,,,,,,,,,,,
2025-12-30,10:18:46.538000,2d,Toxicity,Original,,95.98217010498048,2.3042421340942383,220.83030700683597,0.3408918976783752,0.5303672552108765,0.8665273189544678,11.153897285461426,13.767967224121094,8.751404762268066,0.2634458839893341,0.3754815757274627,0.6056258082389832,7.929018974304199,0.0,0.2481157481670379,8.281198501586914,5.7936625480651855,37.0,25.0,30.0,0.0,
2025-12-30,10:18:48.538000,2d,Toxicity,Original,,96.88054656982422,2.5451931953430176,253.58255004882807,0.4606943428516388,0.7768458127975464,0.9023283123970032,11.153897285461426,18.37459945678711,9.89254379272461,0.214571326971054,0.4114138484001159,0.6316609382629395,38.08420181274414,2.299124956130981,0.2425193339586258,23.81490707397461,8.437841415405273,37.0,25.0,30.0,0.0,
2025-12-30,10:18:50.538000,2d,Toxicity,Original,,86.10543060302734,2.16504454612732,186.42208862304688,0.2207378447055816,0.6128745675086975,0.951650619506836,11.153897285461426,16.048368453979492,7.7697553634643555,0.2050430178642273,0.4917771220207214,0.3947055041790008,10.472893714904783,0.0,0.3093409240245819,,2.416884660720825,37.0,25.0,30.0,66.66666412353516,
2025-12-30,10:18:52.538000,2d,Toxicity,Original,,88.81378936767578,1.970199465751648,157.99002075195312,0.7909637093544006,1.3249319791793823,0.6146082282066345,11.153897285461426,16.110668182373047,7.36695384979248,0.2040768414735794,0.5771965980529785,0.4056628048419952,6.61192512512207,0.0,0.2530879378318786,5.373534202575684,20.07497215270996,37.0,25.0,30.0,25.0,
2025-12-30,10:18:54.538000,2d,Toxicity,Original,,74.27215576171875,2.5225396156311035,186.7745361328125,0.3291396498680115,0.6027073264122009,0.76129549741745,11.153897285461426,13.03578758239746,6.167947769165039,0.291658490896225,0.5187080502510071,0.3313807845115661,6.720389366149902,0.0,0.3280220627784729,,6.6035332679748535,37.0,25.0,30.0,0.0,
2025-12-30,10:18:54.538000,FinePointe Series WBP [SN 139781]  Site 4 Bias Flow is out of range.,,,,,,,,,,,,,,,,,,,,,,,,,
2025-12-30,10:18:54.538000,FinePointe Series WBP [SN 10499C]  Site 3 Bias Flow is out of range.,,,,,,,,,,,,,,,,,,,,,,,,,
2025-12-30,10:18:56.538000,2d,Toxicity,Original,,108.89472198486328,2.3210577964782715,252.76242065429688,0.427210122346878,0.7496129274368286,0.5098705291748047,11.153897285461426,16.550247192382812,10.366909980773926,0.2173954546451568,0.3335965275764465,0.6852273344993591,9.10741901397705,67.03153991699219,0.208595260977745,12.135129928588867,3.9543027877807617,37.0,25.0,30.0,0.0,
2025-12-30,10:18:58.538000,2d,Toxicity,Original,,100.537109375,1.8217090368270876,183.1493682861328,0.1634351462125778,0.2966821789741516,0.9412859678268432,11.153897285461426,16.10124397277832,10.589638710021973,0.1697192192077636,0.4270753264427185,0.2064079642295837,11.629488945007324,0.0,0.3334850966930389,,,37.0,25.0,30.0,66.66666412353516,
2025-12-30,10:19:00.538000,2d,Toxicity,Original,,61.89167404174805,2.5944111347198486,160.5954132080078,0.6821058988571167,1.1722018718719482,0.4981195032596588,11.153897285461426,13.648656845092772,5.878014087677002,0.2972036004066467,0.6723376512527466,0.3171572387218475,5.020227432250977,164.3090362548828,0.332447737455368,,32.36880111694336,37.0,25.0,30.0,60.0,
2025-12-30,10:19:02.538000,2d,Toxicity,Original,,84.06831359863281,2.0223889350891118,167.63720703125,0.3526268899440765,0.6711054444313049,0.8251107931137085,11.153897285461426,12.360934257507324,6.946866035461426,0.2836812138557434,0.4374223351478576,0.3830630183219909,9.082796096801758,0.0,0.2654447555541992,3.997434616088867,9.374551773071287,37.0,25.0,30.0,0.0,
2025-12-30,10:19:04.538000,2d,Toxicity,Original,,103.3375244140625,2.554433584213257,262.2668151855469,0.3574590981006622,0.5684854984283447,0.9001160860061646,11.153897285461426,14.29722499847412,8.315326690673828,0.25819131731987,0.350601464509964,0.5102040767669678,6.218841552734375,0.0,0.2252335995435714,4.297079563140869,3.0470995903015137,37.0,25.0,30.0,0.0,
2025-12-30,10:19:04.538000,FinePointe Series WBP [SN 139781]  Site 4 Bias Flow is out of range.,,,,,,,,,,,,,,,,,,,,,,,,,
2025-12-30,10:19:04.538000,FinePointe Series WBP [SN 10499C]  Site 3 Bias Flow is out of range.,,,,,,,,,,,,,,,,,,,,,,,,,
2025-12-30,10:19:06.538000,2d,Toxicity,Original,,94.37738037109376,1.3251550197601318,125.06465911865234,1.5317062139511108,1.231696367263794,0.1311779469251632,11.153897285461426,9.54195785522461,9.476774215698242,0.2240910083055496,0.411654531955719,0.3200839459896087,4.303775310516357,0.0,0.1869964599609375,,30.886608123779297,37.0,25.0,30.0,66.66666412353516,
2025-12-30,10:19:08.538000,2d,Toxicity,Original,,106.7197723388672,2.0455973148345947,218.30567932128903,0.6278172135353088,1.0693598985671997,0.3080298900604248,11.153897285461426,13.678513526916504,7.234644412994385,0.1986189782619476,0.3636010885238647,0.6273632645606995,5.563934803009033,0.0,0.1778872162103653,,3.588060140609741,37.0,25.0,30.0,83.33333587646484,
2025-12-30,10:19:10.538000,2d,Toxicity,Original,,96.67044067382812,2.2828211784362797,221.97232055664065,0.4386553168296814,0.6534091234207153,0.6200299263000488,11.153897285461426,17.718868255615234,11.33942413330078,0.1929899156093597,0.4341593980789184,0.622441828250885,6.433023452758789,0.0,0.2704614996910095,6.788801193237305,10.67378044128418,37.0,25.0,30.0,33.33333206176758,
2025-12-30,10:19:12.538000,2d,Toxicity,Original,,70.74032592773438,2.361854553222656,169.24578857421875,0.8943443894386292,1.2704174518585205,0.5297004580497742,11.153897285461426,14.716327667236328,8.949345588684082,0.2599271535873413,0.6092594861984253,0.2070322036743164,6.207825660705566,0.0,0.2701503038406372,,9.59255027770996,37.0,25.0,30.0,0.0,
2025-12-30,10:19:12.538000,FinePointe Series WBP [SN 139781]  Site 4 Bias Flow is out of range.,,,,,,,,,,,,,,,,,,,,,,,,,
2025-12-30,10:19:14.538000,2d,Toxicity,Original,,80.29206085205078,2.5309855937957764,200.94419860839844,0.4153216779232025,0.6832740902900696,0.6019524335861206,11.153897285461426,12.598974227905272,7.363300323486328,0.2867929935455322,0.4790958762168884,0.2941300868988037,6.757840156555176,0.0,0.2900342941284179,3.3089921474456787,16.599777221679688,37.0,25.0,30.0,25.0,
2025-12-30,10:19:14.538000,FinePointe Series WBP [SN 10499C]  Site 3 Bias Flow is out of range.,,,,,,,,,,,,,,,,,,,,,,,,,
2025-12-30,10:19:16.538000,2d,Toxicity,Original,,386.7154846191406,0.6921634078025818,267.6703186035156,0.8189915418624878,0.6605483293533325,0.5828467011451721,11.153897285461426,12.688591003417969,16.144773483276367,0.0865241363644599,0.0686286836862564,1.3966279029846191,6.813367366790772,0.0,0.0424057617783546,21.18735694885254,11.265633583068848,37.0,25.0,30.0,66.66666412353516,
2025-12-30,10:19:18.538000,2d,Toxicity,Original,,348.6515808105469,0.8555887937545776,299.405029296875,0.5035907626152039,0.6333134174346924,0.5772678852081299,11.153897285461426,15.626384735107422,12.608880996704102,0.0866256356239318,0.0870811119675636,1.1166906356811523,5.939390182495117,0.0,0.0546208508312702,17.536954879760742,11.444256782531738,37.0,25.0,30.0,57.14285659790039,
2025-12-30,10:19:20.538000,2d,Toxicity,Original,,63.19340515136719,2.019010066986084,127.5881118774414,1.3046940565109253,2.2951014041900635,0.4297057390213012,11.153897285461426,16.232616424560547,5.297947406768799,0.2001161575317382,0.7493500113487244,0.47211554646492,5.548309326171875,0.0,0.2298455089330673,1.1008124351501465,57.002079010009766,37.0,25.0,30.0,85.71428680419922,
2025-12-30,10:19:20.538000,FinePointe Series WBP [SN 139781]  Site 4 Bias Flow is out of range.,,,,,,,,,,,,,,,,,,,,,,,,,
2025-12-30,10:19:24.538000,2d,Toxicity,Original,,64.02055358886719,2.563270568847656,164.1020050048828,0.2475661933422088,0.4128239154815674,0.8851515650749207,11.153897285461426,13.903095245361328,7.1685099601745605,0.2774249613285064,0.6597740054130554,0.2165511399507522,4.897497653961182,0.0,0.4704874157905578,,,37.0,25.0,30.0,75.0,
2025-12-30,10:19:24.538000,FinePointe Series WBP [SN 10499C]  Site 3 Bias Flow is out of range.,,,,,,,,,,,,,,,,,,,,,,,,,
2025-12-30,10:19:24.538000,Record signals and tables.,,,,,,,,,,,,,,,,,,,,,,,,,
2025-12-30,10:19:24.538000,Experiment Complete.,,,,,,,,,,,,,,,,,,,,,,,,,
